AS_REGION_ID,PNODE_ID,DESCRIPTION,COMMENTS,EFF_START_DT_GMT,EFF_END_DT_GMT,EFF_START_DT,EFF_END_DT
AS_NP26,0096WD_7_N001,AS_NP26,,2025-05-13T07:00:00-00:00,2031-01-01T07:59:59-00:00,2025-05-13T00:00:00,2030-12-31T23:59:59
AS_NP26,0096WD_7_N002,AS_NP26,,2015-01-15T08:00:00-00:00,2031-01-01T07:59:59-00:00,2015-01-15T00:00:00,2030-12-31T23:59:59
AS_NP26,1501WDC2_7_ND001,AS_NP26,,2020-01-17T08:00:00-00:00,2031-01-01T07:59:59-00:00,2020-01-17T00:00:00,2030-12-31T23:59:59
AS_NP26,2C559EQ2_7_N001,AS_NP26,,2014-08-28T07:00:00-00:00,2031-01-01T07:59:59-00:00,2014-08-28T00:00:00,2030-12-31T23:59:59
AS_NP26,2C559_1_B1,AS_NP26,,2017-08-17T07:00:00-00:00,2031-01-01T07:59:59-00:00,2017-08-17T00:00:00,2030-12-31T23:59:59
AS_NP26,2C577C1_7_N001,AS_NP26,,2014-11-13T08:00:00-00:00,2031-01-01T07:59:59-00:00,2014-11-13T00:00:00,2030-12-31T23:59:59
AS_NP26,3EMIDIO_6_N001,AS_NP26,,2009-03-31T07:00:00-00:00,2031-01-01T07:59:59-00:00,2009-03-31T00:00:00,2030-12-31T23:59:59
AS_NP26,3EMIDIO_6_N002,AS_NP26,,2009-03-31T07:00:00-00:00,2031-01-01T07:59:59-00:00,2009-03-31T00:00:00,2030-12-31T23:59:59
AS_NP26,3EMIDIO_6_N003,AS_NP26,,2009-03-31T07:00:00-00:00,2031-01-01T07:59:59-00:00,2009-03-31T00:00:00,2030-12-31T23:59:59
AS_NP26,4C687C2_7_N001,AS_NP26,,2014-08-28T07:00:00-00:00,2031-01-01T07:59:59-00:00,2014-08-28T00:00:00,2030-12-31T23:59:59
AS_NP26,4C687_1_B1,AS_NP26,,2017-08-17T07:00:00-00:00,2031-01-01T07:59:59-00:00,2017-08-17T00:00:00,2030-12-31T23:59:59
AS_NP26,4C744C12_7_N001,AS_NP26,,2015-01-15T08:00:00-00:00,2031-01-01T07:59:59-00:00,2015-01-15T00:00:00,2030-12-31T23:59:59
AS_NP26,4C744C12_7_N002,AS_NP26,,2015-01-15T08:00:00-00:00,2031-01-01T07:59:59-00:00,2015-01-15T00:00:00,2030-12-31T23:59:59
AS_NP26,4C744C22_7_N001,AS_NP26,,2015-01-15T08:00:00-00:00,2031-01-01T07:59:59-00:00,2015-01-15T00:00:00,2030-12-31T23:59:59
AS_NP26,4C744C32_7_N001,AS_NP26,,2015-01-15T08:00:00-00:00,2031-01-01T07:59:59-00:00,2015-01-15T00:00:00,2030-12-31T23:59:59
AS_NP26,4C744C32_7_N002,AS_NP26,,2015-01-15T08:00:00-00:00,2031-01-01T07:59:59-00:00,2015-01-15T00:00:00,2030-12-31T23:59:59
AS_NP26,4C744C42_7_N001,AS_NP26,,2017-08-17T07:00:00-00:00,2031-01-01T07:59:59-00:00,2017-08-17T00:00:00,2030-12-31T23:59:59
AS_NP26,A100US_1_B1,AS_NP26,,2013-02-28T08:00:00-00:00,2031-01-01T07:59:59-00:00,2013-02-28T00:00:00,2030-12-31T23:59:59
AS_NP26,ADCC_2_N001,AS_NP26,,2009-03-31T07:00:00-00:00,2031-01-01T07:59:59-00:00,2009-03-31T00:00:00,2030-12-31T23:59:59
AS_NP26,ADERAG1_7_N001,AS_NP26,,2015-10-22T07:00:00-00:00,2031-01-01T07:59:59-00:00,2015-10-22T00:00:00,2030-12-31T23:59:59
AS_NP26,ADRATAP_1_B1,AS_NP26,,2017-08-17T07:00:00-00:00,2031-01-01T07:59:59-00:00,2017-08-17T00:00:00,2030-12-31T23:59:59
AS_NP26,AEC300_1_N001,AS_NP26,,2009-03-31T07:00:00-00:00,2031-01-01T07:59:59-00:00,2009-03-31T00:00:00,2030-12-31T23:59:59
AS_NP26,AERA12_7_N001,AS_NP26,,2016-02-11T08:00:00-00:00,2031-01-01T07:59:59-00:00,2016-02-11T00:00:00,2030-12-31T23:59:59
AS_NP26,AERAVIC2_1_N003,AS_NP26,,2020-01-17T08:00:00-00:00,2031-01-01T07:59:59-00:00,2020-01-17T00:00:00,2030-12-31T23:59:59
AS_NP26,AGNEW_1_N003,AS_NP26,,2009-03-31T07:00:00-00:00,2031-01-01T07:59:59-00:00,2009-03-31T00:00:00,2030-12-31T23:59:59
AS_NP26,AGNEW_6_N001,AS_NP26,,2017-02-16T08:00:00-00:00,2031-01-01T07:59:59-00:00,2017-02-16T00:00:00,2030-12-31T23:59:59
AS_NP26,AGNEW_6_N002,AS_NP26,,2017-02-16T08:00:00-00:00,2031-01-01T07:59:59-00:00,2017-02-16T00:00:00,2030-12-31T23:59:59
AS_NP26,AGRCJCT_6_B1,AS_NP26,,2017-08-17T07:00:00-00:00,2031-01-01T07:59:59-00:00,2017-08-17T00:00:00,2030-12-31T23:59:59
AS_NP26,AGRICO_6_PL3N5-APND,AS_NP26,,2009-03-31T07:00:00-00:00,2031-01-01T07:59:59-00:00,2009-03-31T00:00:00,2030-12-31T23:59:59
AS_NP26,AGRICO_7_B1,AS_NP26,,2023-05-05T07:00:00-00:00,2031-01-01T07:59:59-00:00,2023-05-05T00:00:00,2030-12-31T23:59:59
AS_NP26,AGRICO_7_B3,AS_NP26,,2023-05-05T07:00:00-00:00,2031-01-01T07:59:59-00:00,2023-05-05T00:00:00,2030-12-31T23:59:59
AS_NP26,AGRICO_7_B4,AS_NP26,,2023-05-05T07:00:00-00:00,2031-01-01T07:59:59-00:00,2023-05-05T00:00:00,2030-12-31T23:59:59
AS_NP26,AGRICO_7_NBT1,AS_NP26,,2022-07-28T07:00:00-00:00,2031-01-01T07:59:59-00:00,2022-07-28T00:00:00,2030-12-31T23:59:59
AS_NP26,AGRICO_7_UNIT-APND,AS_NP26,,2009-03-31T07:00:00-00:00,2031-01-01T07:59:59-00:00,2009-03-31T00:00:00,2030-12-31T23:59:59
AS_NP26,AIRPROD_1_N001,AS_NP26,,2009-03-31T07:00:00-00:00,2031-01-01T07:59:59-00:00,2009-03-31T00:00:00,2030-12-31T23:59:59
AS_NP26,AIRWAYS_1_N001,AS_NP26,,2009-09-10T07:00:00-00:00,2031-01-01T07:59:59-00:00,2009-09-10T00:00:00,2030-12-31T23:59:59
AS_NP26,AIRWAYS_1_N004,AS_NP26,,2009-09-10T07:00:00-00:00,2031-01-01T07:59:59-00:00,2009-09-10T00:00:00,2030-12-31T23:59:59
AS_NP26,AKINGS02_7_N001,AS_NP26,,2025-05-13T07:00:00-00:00,2031-01-01T07:59:59-00:00,2025-05-13T00:00:00,2030-12-31T23:59:59
AS_NP26,ALHAMBRA_1_N001,AS_NP26,,2009-03-31T07:00:00-00:00,2031-01-01T07:59:59-00:00,2009-03-31T00:00:00,2030-12-31T23:59:59
AS_NP26,ALHAMBRA_1_N002,AS_NP26,,2009-03-31T07:00:00-00:00,2031-01-01T07:59:59-00:00,2009-03-31T00:00:00,2030-12-31T23:59:59
AS_NP26,ALLEGHNY_6_N001,AS_NP26,,2009-03-31T07:00:00-00:00,2031-01-01T07:59:59-00:00,2009-03-31T00:00:00,2030-12-31T23:59:59
AS_NP26,ALLEGHNY_6_N002,AS_NP26,,2025-05-13T07:00:00-00:00,2031-01-01T07:59:59-00:00,2025-05-13T00:00:00,2030-12-31T23:59:59
AS_NP26,ALMADEN_6_N001,AS_NP26,,2009-06-25T07:00:00-00:00,2031-01-01T07:59:59-00:00,2009-06-25T00:00:00,2030-12-31T23:59:59
AS_NP26,ALMADEN_6_N009,AS_NP26,,2009-06-25T07:00:00-00:00,2031-01-01T07:59:59-00:00,2009-06-25T00:00:00,2030-12-31T23:59:59
AS_NP26,ALMDACT1_7_B1,AS_NP26,,2025-05-13T07:00:00-00:00,2031-01-01T07:59:59-00:00,2025-05-13T00:00:00,2030-12-31T23:59:59
AS_NP26,ALMDACT2_7_B1,AS_NP26,,2025-05-13T07:00:00-00:00,2031-01-01T07:59:59-00:00,2025-05-13T00:00:00,2030-12-31T23:59:59
AS_NP26,ALPAUGH_1_N004,AS_NP26,,2015-04-23T07:00:00-00:00,2031-01-01T07:59:59-00:00,2015-04-23T00:00:00,2030-12-31T23:59:59
AS_NP26,ALPAUGH_7_N001,AS_NP26,,2025-05-13T07:00:00-00:00,2031-01-01T07:59:59-00:00,2025-05-13T00:00:00,2030-12-31T23:59:59
AS_NP26,ALPAUGH_7_N002,AS_NP26,,2023-08-31T07:00:00-00:00,2031-01-01T07:59:59-00:00,2023-08-31T00:00:00,2030-12-31T23:59:59
AS_NP26,ALTO_6_N001,AS_NP26,,2014-11-13T08:00:00-00:00,2031-01-01T07:59:59-00:00,2014-11-13T00:00:00,2030-12-31T23:59:59
AS_NP26,ALTO_6_N101,AS_NP26,,2009-03-31T07:00:00-00:00,2031-01-01T07:59:59-00:00,2009-03-31T00:00:00,2030-12-31T23:59:59
AS_NP26,AMERIGAS_1_GN001,AS_NP26,,2009-12-17T08:00:00-00:00,2031-01-01T07:59:59-00:00,2009-12-17T00:00:00,2030-12-31T23:59:59
AS_NP26,AMERIGAS_1_N001,AS_NP26,,2009-03-31T07:00:00-00:00,2031-01-01T07:59:59-00:00,2009-03-31T00:00:00,2030-12-31T23:59:59
AS_NP26,AMESBS_1_N004,AS_NP26,,2009-03-31T07:00:00-00:00,2031-01-01T07:59:59-00:00,2009-03-31T00:00:00,2030-12-31T23:59:59
AS_NP26,AMESBS_1_N101,AS_NP26,,2009-03-31T07:00:00-00:00,2031-01-01T07:59:59-00:00,2009-03-31T00:00:00,2030-12-31T23:59:59
AS_NP26,AMESDST_1_N001,AS_NP26,,2009-03-31T07:00:00-00:00,2031-01-01T07:59:59-00:00,2009-03-31T00:00:00,2030-12-31T23:59:59
AS_NP26,AMFORST_6_N001,AS_NP26,,2009-03-31T07:00:00-00:00,2031-01-01T07:59:59-00:00,2009-03-31T00:00:00,2030-12-31T23:59:59
AS_NP26,ANDERSON_6_N001,AS_NP26,,2009-03-31T07:00:00-00:00,2031-01-01T07:59:59-00:00,2009-03-31T00:00:00,2030-12-31T23:59:59
AS_NP26,ANGELA_7_N001,AS_NP26,,2025-06-12T07:00:00-00:00,2031-01-01T07:59:59-00:00,2025-06-12T00:00:00,2030-12-31T23:59:59
AS_NP26,ANGELA_7_N002,AS_NP26,,2025-06-12T07:00:00-00:00,2031-01-01T07:59:59-00:00,2025-06-12T00:00:00,2030-12-31T23:59:59
AS_NP26,ANGIOLA_6_N001,AS_NP26,,2009-03-31T07:00:00-00:00,2031-01-01T07:59:59-00:00,2009-03-31T00:00:00,2030-12-31T23:59:59
AS_NP26,ANITA_6_N001,AS_NP26,,2009-03-31T07:00:00-00:00,2031-01-01T07:59:59-00:00,2009-03-31T00:00:00,2030-12-31T23:59:59
AS_NP26,ANITA_6_N006,AS_NP26,,2014-02-13T08:00:00-00:00,2031-01-01T07:59:59-00:00,2014-02-13T00:00:00,2030-12-31T23:59:59
AS_NP26,ANNAPOLS_6_N001,AS_NP26,,2009-03-31T07:00:00-00:00,2031-01-01T07:59:59-00:00,2009-03-31T00:00:00,2030-12-31T23:59:59
AS_NP26,ANTELOPE_6_N001,AS_NP26,,2009-03-31T07:00:00-00:00,2031-01-01T07:59:59-00:00,2009-03-31T00:00:00,2030-12-31T23:59:59
AS_NP26,ANTLER_6_N001,AS_NP26,,2009-03-31T07:00:00-00:00,2031-01-01T07:59:59-00:00,2009-03-31T00:00:00,2030-12-31T23:59:59
AS_NP26,APLHILGN_7_N002,AS_NP26,,2025-05-13T07:00:00-00:00,2031-01-01T07:59:59-00:00,2025-05-13T00:00:00,2030-12-31T23:59:59
AS_NP26,APPLEHL_1_N001,AS_NP26,,2009-03-31T07:00:00-00:00,2031-01-01T07:59:59-00:00,2009-03-31T00:00:00,2030-12-31T23:59:59
AS_NP26,APPLEHL_1_N002,AS_NP26,,2019-09-19T07:00:00-00:00,2031-01-01T07:59:59-00:00,2019-09-19T00:00:00,2030-12-31T23:59:59
AS_NP26,APPLEHL_1_N004,AS_NP26,,2009-03-31T07:00:00-00:00,2031-01-01T07:59:59-00:00,2009-03-31T00:00:00,2030-12-31T23:59:59
AS_NP26,APPMAT_1_N001,AS_NP26,,2009-03-31T07:00:00-00:00,2031-01-01T07:59:59-00:00,2009-03-31T00:00:00,2030-12-31T23:59:59
AS_NP26,APPMAT_1_N010,AS_NP26,,2009-03-31T07:00:00-00:00,2031-01-01T07:59:59-00:00,2009-03-31T00:00:00,2030-12-31T23:59:59
AS_NP26,APTORVC_6_N002,AS_NP26,,2009-03-31T07:00:00-00:00,2031-01-01T07:59:59-00:00,2009-03-31T00:00:00,2030-12-31T23:59:59
AS_NP26,AQUAWS_2_AQWSR1-APND,AS_NP26,,2022-01-14T08:00:00-00:00,2031-01-01T07:59:59-00:00,2022-01-14T00:00:00,2030-12-31T23:59:59
AS_NP26,AQUAWS_7_CN1,AS_NP26,,2022-01-14T08:00:00-00:00,2031-01-01T07:59:59-00:00,2022-01-14T00:00:00,2030-12-31T23:59:59
AS_NP26,AQUAWS_7_N002,AS_NP26,,2022-01-14T08:00:00-00:00,2031-01-01T07:59:59-00:00,2022-01-14T00:00:00,2030-12-31T23:59:59
AS_NP26,ARAMIS_7_N001,AS_NP26,,2025-08-13T07:00:00-00:00,2031-01-01T07:59:59-00:00,2025-08-13T00:00:00,2030-12-31T23:59:59
AS_NP26,ARAMIS_7_N002,AS_NP26,,2025-08-13T07:00:00-00:00,2031-01-01T07:59:59-00:00,2025-08-13T00:00:00,2030-12-31T23:59:59
AS_NP26,ARAMIS_7_N003,AS_NP26,,2025-08-13T07:00:00-00:00,2031-01-01T07:59:59-00:00,2025-08-13T00:00:00,2030-12-31T23:59:59
AS_NP26,ARAMIS_7_N004,AS_NP26,,2025-08-13T07:00:00-00:00,2031-01-01T07:59:59-00:00,2025-08-13T00:00:00,2030-12-31T23:59:59
AS_NP26,ARBUCKLE_6_LN001,AS_NP26,,2009-09-10T07:00:00-00:00,2031-01-01T07:59:59-00:00,2009-09-10T00:00:00,2030-12-31T23:59:59
AS_NP26,ARBUCKLE_6_N001,AS_NP26,,2009-03-31T07:00:00-00:00,2031-01-01T07:59:59-00:00,2009-03-31T00:00:00,2030-12-31T23:59:59
AS_NP26,ARBURUA_6_N001,AS_NP26,,2009-03-31T07:00:00-00:00,2031-01-01T07:59:59-00:00,2009-03-31T00:00:00,2030-12-31T23:59:59
AS_NP26,ARCATA_6_LN001,AS_NP26,,2010-11-01T07:00:00-00:00,2031-01-01T07:59:59-00:00,2010-11-01T00:00:00,2030-12-31T23:59:59
AS_NP26,ARCATA_6_N001,AS_NP26,,2024-08-28T07:00:00-00:00,2031-01-01T07:59:59-00:00,2024-08-28T00:00:00,2030-12-31T23:59:59
AS_NP26,ARCATA_7_N001,AS_NP26,,2025-05-13T07:00:00-00:00,2031-01-01T07:59:59-00:00,2025-05-13T00:00:00,2030-12-31T23:59:59
AS_NP26,ARCATA_7_N003,AS_NP26,,2025-05-13T07:00:00-00:00,2031-01-01T07:59:59-00:00,2025-05-13T00:00:00,2030-12-31T23:59:59
AS_NP26,ARMSTRNG_6_N001,AS_NP26,,2009-03-31T07:00:00-00:00,2031-01-01T07:59:59-00:00,2009-03-31T00:00:00,2030-12-31T23:59:59
AS_NP26,ARVINED_1_N001,AS_NP26,,2009-03-31T07:00:00-00:00,2031-01-01T07:59:59-00:00,2009-03-31T00:00:00,2030-12-31T23:59:59
AS_NP26,ARVIN_6_N001,AS_NP26,,2009-03-31T07:00:00-00:00,2031-01-01T07:59:59-00:00,2009-03-31T00:00:00,2030-12-31T23:59:59
AS_NP26,ASHLAN_2_N001,AS_NP26,,2021-09-25T07:00:00-00:00,2031-01-01T07:59:59-00:00,2021-09-25T00:00:00,2030-12-31T23:59:59
AS_NP26,ASHLAN_2_N007,AS_NP26,,2021-09-25T07:00:00-00:00,2031-01-01T07:59:59-00:00,2021-09-25T00:00:00,2030-12-31T23:59:59
AS_NP26,ASHLAN_2_N008,AS_NP26,,2009-03-31T07:00:00-00:00,2031-01-01T07:59:59-00:00,2009-03-31T00:00:00,2030-12-31T23:59:59
AS_NP26,ATASCDRO_6_N001,AS_NP26,,2009-03-31T07:00:00-00:00,2031-01-01T07:59:59-00:00,2009-03-31T00:00:00,2030-12-31T23:59:59
AS_NP26,ATWATER_1_B2,AS_NP26,,2009-09-10T07:00:00-00:00,2031-01-01T07:59:59-00:00,2009-09-10T00:00:00,2030-12-31T23:59:59
AS_NP26,ATWATER_1_N001,AS_NP26,,2009-09-10T07:00:00-00:00,2031-01-01T07:59:59-00:00,2009-09-10T00:00:00,2030-12-31T23:59:59
AS_NP26,ATWELL_1_N001,AS_NP26,,2025-05-13T07:00:00-00:00,2031-01-01T07:59:59-00:00,2025-05-13T00:00:00,2030-12-31T23:59:59
AS_NP26,AUBERRY_6_N001,AS_NP26,,2009-03-31T07:00:00-00:00,2031-01-01T07:59:59-00:00,2009-03-31T00:00:00,2030-12-31T23:59:59
AS_NP26,AUBERRY_6_N003,AS_NP26,,2009-03-31T07:00:00-00:00,2031-01-01T07:59:59-00:00,2009-03-31T00:00:00,2030-12-31T23:59:59
AS_NP26,AUBURN_6_N001,AS_NP26,,2009-03-31T07:00:00-00:00,2031-01-01T07:59:59-00:00,2009-03-31T00:00:00,2030-12-31T23:59:59
AS_NP26,AVENAL_6_GN001,AS_NP26,,2025-05-13T07:00:00-00:00,2031-01-01T07:59:59-00:00,2025-05-13T00:00:00,2030-12-31T23:59:59
AS_NP26,AVENAL_6_GN002,AS_NP26,,2025-05-13T07:00:00-00:00,2031-01-01T07:59:59-00:00,2025-05-13T00:00:00,2030-12-31T23:59:59
AS_NP26,AVENAL_6_GN003,AS_NP26,,2025-05-13T07:00:00-00:00,2031-01-01T07:59:59-00:00,2025-05-13T00:00:00,2030-12-31T23:59:59
AS_NP26,AVENA_1_N001,AS_NP26,,2009-03-31T07:00:00-00:00,2031-01-01T07:59:59-00:00,2009-03-31T00:00:00,2030-12-31T23:59:59
AS_NP26,AVENGEN_7_B1,AS_NP26,,2016-05-19T07:00:00-00:00,2031-01-01T07:59:59-00:00,2016-05-19T00:00:00,2030-12-31T23:59:59
AS_NP26,AVENGEN_7_N001,AS_NP26,,2025-05-13T07:00:00-00:00,2031-01-01T07:59:59-00:00,2025-05-13T00:00:00,2030-12-31T23:59:59
AS_NP26,AVENGEN_7_N002,AS_NP26,,2025-05-13T07:00:00-00:00,2031-01-01T07:59:59-00:00,2025-05-13T00:00:00,2030-12-31T23:59:59
AS_NP26,AZALEA_7_N001,AS_NP26,,2026-01-09T08:00:00-00:00,2031-01-01T07:59:59-00:00,2026-01-09T00:00:00,2030-12-31T23:59:59
AS_NP26,AZALEA_7_N002,AS_NP26,,2026-01-09T08:00:00-00:00,2031-01-01T07:59:59-00:00,2026-01-09T00:00:00,2030-12-31T23:59:59
AS_NP26,BADGERCK_7_N001,AS_NP26,,2010-11-01T07:00:00-00:00,2031-01-01T07:59:59-00:00,2010-11-01T00:00:00,2030-12-31T23:59:59
AS_NP26,BAFCOG12_7_B1,AS_NP26,,2025-08-13T07:00:00-00:00,2031-01-01T07:59:59-00:00,2025-08-13T00:00:00,2030-12-31T23:59:59
AS_NP26,BAFOOD1_6_N001,AS_NP26,,2009-03-31T07:00:00-00:00,2031-01-01T07:59:59-00:00,2009-03-31T00:00:00,2030-12-31T23:59:59
AS_NP26,BAHIA_2_N001,AS_NP26,,2009-03-31T07:00:00-00:00,2031-01-01T07:59:59-00:00,2009-03-31T00:00:00,2030-12-31T23:59:59
AS_NP26,BAHIA_2_N011,AS_NP26,,2009-03-31T07:00:00-00:00,2031-01-01T07:59:59-00:00,2009-03-31T00:00:00,2030-12-31T23:59:59
AS_NP26,BAILYJ1_1_N010,AS_NP26,,2014-11-13T08:00:00-00:00,2031-01-01T07:59:59-00:00,2014-11-13T00:00:00,2030-12-31T23:59:59
AS_NP26,BAILYJ1_1_N011,AS_NP26,,2014-11-13T08:00:00-00:00,2031-01-01T07:59:59-00:00,2014-11-13T00:00:00,2030-12-31T23:59:59
AS_NP26,BAIR_1_LN001,AS_NP26,,2010-11-01T07:00:00-00:00,2031-01-01T07:59:59-00:00,2010-11-01T00:00:00,2030-12-31T23:59:59
AS_NP26,BAIR_1_N001,AS_NP26,,2009-03-31T07:00:00-00:00,2031-01-01T07:59:59-00:00,2009-03-31T00:00:00,2030-12-31T23:59:59
AS_NP26,BALCH1_7_B2,AS_NP26,,2009-03-31T07:00:00-00:00,2031-01-01T07:59:59-00:00,2009-03-31T00:00:00,2030-12-31T23:59:59
AS_NP26,BALCH1_7_N001,AS_NP26,,2010-02-24T08:00:00-00:00,2031-01-01T07:59:59-00:00,2010-02-24T00:00:00,2030-12-31T23:59:59
AS_NP26,BALCH3TP_2_B1,AS_NP26,,2017-08-17T07:00:00-00:00,2031-01-01T07:59:59-00:00,2017-08-17T00:00:00,2030-12-31T23:59:59
AS_NP26,BALFOUR_6_N001,AS_NP26,,2009-03-31T07:00:00-00:00,2031-01-01T07:59:59-00:00,2009-03-31T00:00:00,2030-12-31T23:59:59
AS_NP26,BANGOR_6_N001,AS_NP26,,2009-03-31T07:00:00-00:00,2031-01-01T07:59:59-00:00,2009-03-31T00:00:00,2030-12-31T23:59:59
AS_NP26,BANGOR_6_N004,AS_NP26,,2012-06-14T07:00:00-00:00,2031-01-01T07:59:59-00:00,2012-06-14T00:00:00,2030-12-31T23:59:59
AS_NP26,BANTA_6_N001,AS_NP26,,2009-03-31T07:00:00-00:00,2031-01-01T07:59:59-00:00,2009-03-31T00:00:00,2030-12-31T23:59:59
AS_NP26,BARRY_6_N001,AS_NP26,,2009-03-31T07:00:00-00:00,2031-01-01T07:59:59-00:00,2009-03-31T00:00:00,2030-12-31T23:59:59
AS_NP26,BARTLP_1_N003,AS_NP26,,2017-02-16T08:00:00-00:00,2031-01-01T07:59:59-00:00,2017-02-16T00:00:00,2030-12-31T23:59:59
AS_NP26,BARTON_1_N001,AS_NP26,,2009-03-31T07:00:00-00:00,2031-01-01T07:59:59-00:00,2009-03-31T00:00:00,2030-12-31T23:59:59
AS_NP26,BARTON_1_N007,AS_NP26,,2009-03-31T07:00:00-00:00,2031-01-01T07:59:59-00:00,2009-03-31T00:00:00,2030-12-31T23:59:59
AS_NP26,BARTON_1_N008,AS_NP26,,2009-03-31T07:00:00-00:00,2031-01-01T07:59:59-00:00,2009-03-31T00:00:00,2030-12-31T23:59:59
AS_NP26,BASALT_6_N002,AS_NP26,,2009-03-31T07:00:00-00:00,2031-01-01T07:59:59-00:00,2009-03-31T00:00:00,2030-12-31T23:59:59
AS_NP26,BASALT_6_N101,AS_NP26,,2009-03-31T07:00:00-00:00,2031-01-01T07:59:59-00:00,2009-03-31T00:00:00,2030-12-31T23:59:59
AS_NP26,BATAVIA_6_N001,AS_NP26,,2009-03-31T07:00:00-00:00,2031-01-01T07:59:59-00:00,2009-03-31T00:00:00,2030-12-31T23:59:59
AS_NP26,BAYMDWS_1_N001,AS_NP26,,2009-03-31T07:00:00-00:00,2031-01-01T07:59:59-00:00,2009-03-31T00:00:00,2030-12-31T23:59:59
AS_NP26,BAYMDWS_1_N004,AS_NP26,,2009-03-31T07:00:00-00:00,2031-01-01T07:59:59-00:00,2009-03-31T00:00:00,2030-12-31T23:59:59
AS_NP26,BAYMDWS_1_N008,AS_NP26,,2009-03-31T07:00:00-00:00,2031-01-01T07:59:59-00:00,2009-03-31T00:00:00,2030-12-31T23:59:59
AS_NP26,BAYMDWS_1_N012,AS_NP26,,2009-03-31T07:00:00-00:00,2031-01-01T07:59:59-00:00,2009-03-31T00:00:00,2030-12-31T23:59:59
AS_NP26,BAYSHOR1_1_N001,AS_NP26,,2009-03-31T07:00:00-00:00,2031-01-01T07:59:59-00:00,2009-03-31T00:00:00,2030-12-31T23:59:59
AS_NP26,BAYSHOR2_1_N001,AS_NP26,,2009-03-31T07:00:00-00:00,2031-01-01T07:59:59-00:00,2009-03-31T00:00:00,2030-12-31T23:59:59
AS_NP26,BAYWOOD_6_N001,AS_NP26,,2009-03-31T07:00:00-00:00,2031-01-01T07:59:59-00:00,2009-03-31T00:00:00,2030-12-31T23:59:59
AS_NP26,BCHIPMIL_6_N001,AS_NP26,,2009-03-31T07:00:00-00:00,2031-01-01T07:59:59-00:00,2009-03-31T00:00:00,2030-12-31T23:59:59
AS_NP26,BCKSCRK_2_B1,AS_NP26,,2017-08-17T07:00:00-00:00,2031-01-01T07:59:59-00:00,2017-08-17T00:00:00,2030-12-31T23:59:59
AS_NP26,BCKSCRK_2_N004,AS_NP26,,2025-05-13T07:00:00-00:00,2031-01-01T07:59:59-00:00,2025-05-13T00:00:00,2030-12-31T23:59:59
AS_NP26,BCKSCRK_7_B2,AS_NP26,,2023-05-05T07:00:00-00:00,2031-01-01T07:59:59-00:00,2023-05-05T00:00:00,2030-12-31T23:59:59
AS_NP26,BCKSCRK_7_B3,AS_NP26,,2023-05-05T07:00:00-00:00,2031-01-01T07:59:59-00:00,2023-05-05T00:00:00,2030-12-31T23:59:59
AS_NP26,BCKSCRK_7_N001,AS_NP26,,2009-03-31T07:00:00-00:00,2031-01-01T07:59:59-00:00,2009-03-31T00:00:00,2030-12-31T23:59:59
AS_NP26,BCKSCRK_7_N002,AS_NP26,,2025-05-13T07:00:00-00:00,2031-01-01T07:59:59-00:00,2025-05-13T00:00:00,2030-12-31T23:59:59
AS_NP26,BDGRHLL_6_N001,AS_NP26,,2009-03-31T07:00:00-00:00,2031-01-01T07:59:59-00:00,2009-03-31T00:00:00,2030-12-31T23:59:59
AS_NP26,BDGRHLL_6_N004,AS_NP26,,2009-03-31T07:00:00-00:00,2031-01-01T07:59:59-00:00,2009-03-31T00:00:00,2030-12-31T23:59:59
AS_NP26,BEALE1_6_N001,AS_NP26,,2009-03-31T07:00:00-00:00,2031-01-01T07:59:59-00:00,2009-03-31T00:00:00,2030-12-31T23:59:59
AS_NP26,BEALE2_6_N001,AS_NP26,,2009-03-31T07:00:00-00:00,2031-01-01T07:59:59-00:00,2009-03-31T00:00:00,2030-12-31T23:59:59
AS_NP26,BEARCRK_6_N001,AS_NP26,,2009-03-31T07:00:00-00:00,2031-01-01T07:59:59-00:00,2009-03-31T00:00:00,2030-12-31T23:59:59
AS_NP26,BEARCRK_6_N010,AS_NP26,,2023-05-05T07:00:00-00:00,2031-01-01T07:59:59-00:00,2023-05-05T00:00:00,2030-12-31T23:59:59
AS_NP26,BEARDSLY_7_B1,AS_NP26,,2025-05-13T07:00:00-00:00,2031-01-01T07:59:59-00:00,2025-05-13T00:00:00,2030-12-31T23:59:59
AS_NP26,BEARTAP_1_N001,AS_NP26,,2009-03-31T07:00:00-00:00,2031-01-01T07:59:59-00:00,2009-03-31T00:00:00,2030-12-31T23:59:59
AS_NP26,BELDEN_7_B1,AS_NP26,,2025-05-13T07:00:00-00:00,2031-01-01T07:59:59-00:00,2025-05-13T00:00:00,2030-12-31T23:59:59
AS_NP26,BELLOTA_2_B1,AS_NP26,,2017-08-17T07:00:00-00:00,2031-01-01T07:59:59-00:00,2017-08-17T00:00:00,2030-12-31T23:59:59
AS_NP26,BELLPGE_1_N001,AS_NP26,,2009-03-31T07:00:00-00:00,2031-01-01T07:59:59-00:00,2009-03-31T00:00:00,2030-12-31T23:59:59
AS_NP26,BELLPGE_1_N005,AS_NP26,,2009-03-31T07:00:00-00:00,2031-01-01T07:59:59-00:00,2009-03-31T00:00:00,2030-12-31T23:59:59
AS_NP26,BELLVUE_1_N001,AS_NP26,,2009-03-31T07:00:00-00:00,2031-01-01T07:59:59-00:00,2009-03-31T00:00:00,2030-12-31T23:59:59
AS_NP26,BELLVUE_1_N003,AS_NP26,,2009-03-31T07:00:00-00:00,2031-01-01T07:59:59-00:00,2009-03-31T00:00:00,2030-12-31T23:59:59
AS_NP26,BELLVUE_1_N005,AS_NP26,,2009-03-31T07:00:00-00:00,2031-01-01T07:59:59-00:00,2009-03-31T00:00:00,2030-12-31T23:59:59
AS_NP26,BELMONT_1_N001,AS_NP26,,2009-03-31T07:00:00-00:00,2031-01-01T07:59:59-00:00,2009-03-31T00:00:00,2030-12-31T23:59:59
AS_NP26,BELMONT_1_N006,AS_NP26,,2009-03-31T07:00:00-00:00,2031-01-01T07:59:59-00:00,2009-03-31T00:00:00,2030-12-31T23:59:59
AS_NP26,BELMONT_1_N008,AS_NP26,,2009-03-31T07:00:00-00:00,2031-01-01T07:59:59-00:00,2009-03-31T00:00:00,2030-12-31T23:59:59
AS_NP26,BELRIDGE_1_N001,AS_NP26,,2014-08-28T07:00:00-00:00,2031-01-01T07:59:59-00:00,2014-08-28T00:00:00,2030-12-31T23:59:59
AS_NP26,BELRIDGE_1_N002,AS_NP26,,2023-07-27T07:00:00-00:00,2031-01-01T07:59:59-00:00,2023-07-27T00:00:00,2030-12-31T23:59:59
AS_NP26,BERCYN_7_N001,AS_NP26,,2025-05-13T07:00:00-00:00,2031-01-01T07:59:59-00:00,2025-05-13T00:00:00,2030-12-31T23:59:59
AS_NP26,BERESFRD_6_N001,AS_NP26,,2009-03-31T07:00:00-00:00,2031-01-01T07:59:59-00:00,2009-03-31T00:00:00,2030-12-31T23:59:59
AS_NP26,BERESFRD_6_N002,AS_NP26,,2009-03-31T07:00:00-00:00,2031-01-01T07:59:59-00:00,2009-03-31T00:00:00,2030-12-31T23:59:59
AS_NP26,BERVLLY_6_N001,AS_NP26,,2009-03-31T07:00:00-00:00,2031-01-01T07:59:59-00:00,2009-03-31T00:00:00,2030-12-31T23:59:59
AS_NP26,BESS_G1_7_N002,AS_NP26,,2025-05-13T07:00:00-00:00,2031-01-01T07:59:59-00:00,2025-05-13T00:00:00,2030-12-31T23:59:59
AS_NP26,BIGBAR_6_N001,AS_NP26,,2009-03-31T07:00:00-00:00,2031-01-01T07:59:59-00:00,2009-03-31T00:00:00,2030-12-31T23:59:59
AS_NP26,BIGBASN_6_N001,AS_NP26,,2009-03-31T07:00:00-00:00,2031-01-01T07:59:59-00:00,2009-03-31T00:00:00,2030-12-31T23:59:59
AS_NP26,BIGGS_6_N001,AS_NP26,,2009-03-31T07:00:00-00:00,2031-01-01T07:59:59-00:00,2009-03-31T00:00:00,2030-12-31T23:59:59
AS_NP26,BIGLAGN_6_N001,AS_NP26,,2009-03-31T07:00:00-00:00,2031-01-01T07:59:59-00:00,2009-03-31T00:00:00,2030-12-31T23:59:59
AS_NP26,BIGMDWS_6_N001,AS_NP26,,2009-03-31T07:00:00-00:00,2031-01-01T07:59:59-00:00,2009-03-31T00:00:00,2030-12-31T23:59:59
AS_NP26,BIGRIVR_6_N001,AS_NP26,,2009-03-31T07:00:00-00:00,2031-01-01T07:59:59-00:00,2009-03-31T00:00:00,2030-12-31T23:59:59
AS_NP26,BIOLA_6_N001,AS_NP26,,2009-03-31T07:00:00-00:00,2031-01-01T07:59:59-00:00,2009-03-31T00:00:00,2030-12-31T23:59:59
AS_NP26,BIOMSJCT_6_B1,AS_NP26,,2017-08-17T07:00:00-00:00,2031-01-01T07:59:59-00:00,2017-08-17T00:00:00,2030-12-31T23:59:59
AS_NP26,BIOMSJCT_6_GN001,AS_NP26,,2025-05-13T07:00:00-00:00,2031-01-01T07:59:59-00:00,2025-05-13T00:00:00,2030-12-31T23:59:59
AS_NP26,BIXLER_6_N001,AS_NP26,,2009-03-31T07:00:00-00:00,2031-01-01T07:59:59-00:00,2009-03-31T00:00:00,2030-12-31T23:59:59
AS_NP26,BKR111_7_N002,AS_NP26,,2025-05-13T07:00:00-00:00,2031-01-01T07:59:59-00:00,2025-05-13T00:00:00,2030-12-31T23:59:59
AS_NP26,BKR111_7_N003,AS_NP26,,2015-01-15T08:00:00-00:00,2031-01-01T07:59:59-00:00,2015-01-15T00:00:00,2030-12-31T23:59:59
AS_NP26,BKRSFLD_2_N001,AS_NP26,,2009-03-31T07:00:00-00:00,2031-01-01T07:59:59-00:00,2009-03-31T00:00:00,2030-12-31T23:59:59
AS_NP26,BKRSFLD_2_N101,AS_NP26,,2009-03-31T07:00:00-00:00,2031-01-01T07:59:59-00:00,2009-03-31T00:00:00,2030-12-31T23:59:59
AS_NP26,BLACKWLL_7_N002,AS_NP26,,2025-05-13T07:00:00-00:00,2031-01-01T07:59:59-00:00,2025-05-13T00:00:00,2030-12-31T23:59:59
AS_NP26,BLACKWLL_7_N003,AS_NP26,,2015-01-15T08:00:00-00:00,2031-01-01T07:59:59-00:00,2015-01-15T00:00:00,2030-12-31T23:59:59
AS_NP26,BLACKWLL_7_N004,AS_NP26,,2025-05-13T07:00:00-00:00,2031-01-01T07:59:59-00:00,2025-05-13T00:00:00,2030-12-31T23:59:59
AS_NP26,BLCH38750_7_B1,AS_NP26,,2009-03-31T07:00:00-00:00,2031-01-01T07:59:59-00:00,2009-03-31T00:00:00,2030-12-31T23:59:59
AS_NP26,BLCH38751_7_B1,AS_NP26,,2009-03-31T07:00:00-00:00,2031-01-01T07:59:59-00:00,2009-03-31T00:00:00,2030-12-31T23:59:59
AS_NP26,BLCKBUTT_7_B1,AS_NP26,,2025-05-13T07:00:00-00:00,2031-01-01T07:59:59-00:00,2025-05-13T00:00:00,2030-12-31T23:59:59
AS_NP26,BLKDIA_7_N001,AS_NP26,,2025-05-13T07:00:00-00:00,2031-01-01T07:59:59-00:00,2025-05-13T00:00:00,2030-12-31T23:59:59
AS_NP26,BLKDMDBT_7_N002,AS_NP26,,2016-08-18T07:00:00-00:00,2031-01-01T07:59:59-00:00,2016-08-18T00:00:00,2030-12-31T23:59:59
AS_NP26,BLKDMDBT_7_N004,AS_NP26,,2025-05-13T07:00:00-00:00,2031-01-01T07:59:59-00:00,2025-05-13T00:00:00,2030-12-31T23:59:59
AS_NP26,BLLEHVN_6_N001,AS_NP26,,2009-03-31T07:00:00-00:00,2031-01-01T07:59:59-00:00,2009-03-31T00:00:00,2030-12-31T23:59:59
AS_NP26,BLLEHVN_6_N002,AS_NP26,,2009-03-31T07:00:00-00:00,2031-01-01T07:59:59-00:00,2009-03-31T00:00:00,2030-12-31T23:59:59
AS_NP26,BLLEHVN_6_N004,AS_NP26,,2009-03-31T07:00:00-00:00,2031-01-01T07:59:59-00:00,2009-03-31T00:00:00,2030-12-31T23:59:59
AS_NP26,BLLEHVN_6_N006,AS_NP26,,2009-03-31T07:00:00-00:00,2031-01-01T07:59:59-00:00,2009-03-31T00:00:00,2030-12-31T23:59:59
AS_NP26,BLLEHVN_6_N007,AS_NP26,,2009-03-31T07:00:00-00:00,2031-01-01T07:59:59-00:00,2009-03-31T00:00:00,2030-12-31T23:59:59
AS_NP26,BLLEHVN_6_N009,AS_NP26,,2009-03-31T07:00:00-00:00,2031-01-01T07:59:59-00:00,2009-03-31T00:00:00,2030-12-31T23:59:59
AS_NP26,BLUELAKE_7_GN001,AS_NP26,,2023-05-05T07:00:00-00:00,2031-01-01T07:59:59-00:00,2023-05-05T00:00:00,2030-12-31T23:59:59
AS_NP26,BLUELKE_6_N001,AS_NP26,,2009-03-31T07:00:00-00:00,2031-01-01T07:59:59-00:00,2009-03-31T00:00:00,2030-12-31T23:59:59
AS_NP26,BLUELKE_6_N010,AS_NP26,,2018-08-23T07:00:00-00:00,2031-01-01T07:59:59-00:00,2018-08-23T00:00:00,2030-12-31T23:59:59
AS_NP26,BLUSTNPP_6_N003,AS_NP26,,2009-03-31T07:00:00-00:00,2031-01-01T07:59:59-00:00,2009-03-31T00:00:00,2030-12-31T23:59:59
AS_NP26,BNAVSTA_6_N001,AS_NP26,,2009-03-31T07:00:00-00:00,2031-01-01T07:59:59-00:00,2009-03-31T00:00:00,2030-12-31T23:59:59
AS_NP26,BNAVSTA_6_N002,AS_NP26,,2009-03-31T07:00:00-00:00,2031-01-01T07:59:59-00:00,2009-03-31T00:00:00,2030-12-31T23:59:59
AS_NP26,BNTACRB_6_N001,AS_NP26,,2009-03-31T07:00:00-00:00,2031-01-01T07:59:59-00:00,2009-03-31T00:00:00,2030-12-31T23:59:59
AS_NP26,BOGARD_6_N001,AS_NP26,,2009-03-31T07:00:00-00:00,2031-01-01T07:59:59-00:00,2009-03-31T00:00:00,2030-12-31T23:59:59
AS_NP26,BOGUE_1_N001,AS_NP26,,2009-03-31T07:00:00-00:00,2031-01-01T07:59:59-00:00,2009-03-31T00:00:00,2030-12-31T23:59:59
AS_NP26,BOGUE_1_N015,AS_NP26,,2009-06-25T07:00:00-00:00,2031-01-01T07:59:59-00:00,2009-06-25T00:00:00,2030-12-31T23:59:59
AS_NP26,BOGUE_1_N201,AS_NP26,,2009-03-31T07:00:00-00:00,2031-01-01T07:59:59-00:00,2009-03-31T00:00:00,2030-12-31T23:59:59
AS_NP26,BOLINAS_6_N001,AS_NP26,,2009-03-31T07:00:00-00:00,2031-01-01T07:59:59-00:00,2009-03-31T00:00:00,2030-12-31T23:59:59
AS_NP26,BOLLMAN_1_N003,AS_NP26,,2009-03-31T07:00:00-00:00,2031-01-01T07:59:59-00:00,2009-03-31T00:00:00,2030-12-31T23:59:59
AS_NP26,BOLTHSE_1_N009,AS_NP26,,2009-03-31T07:00:00-00:00,2031-01-01T07:59:59-00:00,2009-03-31T00:00:00,2030-12-31T23:59:59
AS_NP26,BONITA_6_N001,AS_NP26,,2009-03-31T07:00:00-00:00,2031-01-01T07:59:59-00:00,2009-03-31T00:00:00,2030-12-31T23:59:59
AS_NP26,BONNIEN_7_N001,AS_NP26,,2009-03-31T07:00:00-00:00,2031-01-01T07:59:59-00:00,2009-03-31T00:00:00,2030-12-31T23:59:59
AS_NP26,BONNIEN_7_N002,AS_NP26,,2025-05-13T07:00:00-00:00,2031-01-01T07:59:59-00:00,2025-05-13T00:00:00,2030-12-31T23:59:59
AS_NP26,BORDEN_2_N007,AS_NP26,,2010-04-22T07:00:00-00:00,2031-01-01T07:59:59-00:00,2010-04-22T00:00:00,2030-12-31T23:59:59
AS_NP26,BORDEN_2_N008,AS_NP26,,2009-03-31T07:00:00-00:00,2031-01-01T07:59:59-00:00,2009-03-31T00:00:00,2030-12-31T23:59:59
AS_NP26,BORONDA_6_N001,AS_NP26,,2009-03-31T07:00:00-00:00,2031-01-01T07:59:59-00:00,2009-03-31T00:00:00,2030-12-31T23:59:59
AS_NP26,BOSWELL_6_N001,AS_NP26,,2009-03-31T07:00:00-00:00,2031-01-01T07:59:59-00:00,2009-03-31T00:00:00,2030-12-31T23:59:59
AS_NP26,BOTTLERK_7_N001,AS_NP26,,2023-05-05T07:00:00-00:00,2031-01-01T07:59:59-00:00,2023-05-05T00:00:00,2030-12-31T23:59:59
AS_NP26,BOWERSJ_6_N001,AS_NP26,,2024-08-28T07:00:00-00:00,2031-01-01T07:59:59-00:00,2024-08-28T00:00:00,2030-12-31T23:59:59
AS_NP26,BOWERSJ_6_N002,AS_NP26,,2024-08-28T07:00:00-00:00,2031-01-01T07:59:59-00:00,2024-08-28T00:00:00,2030-12-31T23:59:59
AS_NP26,BOWLES_6_N001,AS_NP26,,2009-03-31T07:00:00-00:00,2031-01-01T07:59:59-00:00,2009-03-31T00:00:00,2030-12-31T23:59:59
AS_NP26,BOWMAN_7_N002,AS_NP26,,2025-05-13T07:00:00-00:00,2031-01-01T07:59:59-00:00,2025-05-13T00:00:00,2030-12-31T23:59:59
AS_NP26,BOWMNTAP_6_B1,AS_NP26,,2017-08-17T07:00:00-00:00,2031-01-01T07:59:59-00:00,2017-08-17T00:00:00,2030-12-31T23:59:59
AS_NP26,BP21Z_6_N001,AS_NP26,,2016-05-19T07:00:00-00:00,2031-01-01T07:59:59-00:00,2016-05-19T00:00:00,2030-12-31T23:59:59
AS_NP26,BPFFD_1_N001,AS_NP26,,2016-05-19T07:00:00-00:00,2031-01-01T07:59:59-00:00,2016-05-19T00:00:00,2030-12-31T23:59:59
AS_NP26,BRDGVLLE_6_B1,AS_NP26,,2017-08-17T07:00:00-00:00,2031-01-01T07:59:59-00:00,2017-08-17T00:00:00,2030-12-31T23:59:59
AS_NP26,BRDGVLT_7_N001,AS_NP26,,2009-03-31T07:00:00-00:00,2031-01-01T07:59:59-00:00,2009-03-31T00:00:00,2030-12-31T23:59:59
AS_NP26,BRDGVLT_7_N002,AS_NP26,,2009-03-31T07:00:00-00:00,2031-01-01T07:59:59-00:00,2009-03-31T00:00:00,2030-12-31T23:59:59
AS_NP26,BRDGVLT_7_N003,AS_NP26,,2012-10-11T07:00:00-00:00,2031-01-01T07:59:59-00:00,2012-10-11T00:00:00,2030-12-31T23:59:59
AS_NP26,BRENTWOD_2_N001,AS_NP26,,2009-03-31T07:00:00-00:00,2031-01-01T07:59:59-00:00,2009-03-31T00:00:00,2030-12-31T23:59:59
AS_NP26,BRENTWOD_2_N006,AS_NP26,,2009-03-31T07:00:00-00:00,2031-01-01T07:59:59-00:00,2009-03-31T00:00:00,2030-12-31T23:59:59
AS_NP26,BRENTWOD_2_N011,AS_NP26,,2023-07-27T07:00:00-00:00,2031-01-01T07:59:59-00:00,2023-07-27T00:00:00,2030-12-31T23:59:59
AS_NP26,BRIGTANO_6_N001,AS_NP26,,2009-03-31T07:00:00-00:00,2031-01-01T07:59:59-00:00,2009-03-31T00:00:00,2030-12-31T23:59:59
AS_NP26,BRIONES_6_N001,AS_NP26,,2009-03-31T07:00:00-00:00,2031-01-01T07:59:59-00:00,2009-03-31T00:00:00,2030-12-31T23:59:59
AS_NP26,BRITTN_1_N001,AS_NP26,,2009-03-31T07:00:00-00:00,2031-01-01T07:59:59-00:00,2009-03-31T00:00:00,2030-12-31T23:59:59
AS_NP26,BRITTN_1_N005,AS_NP26,,2009-03-31T07:00:00-00:00,2031-01-01T07:59:59-00:00,2009-03-31T00:00:00,2030-12-31T23:59:59
AS_NP26,BRITTN_1_N006,AS_NP26,,2009-03-31T07:00:00-00:00,2031-01-01T07:59:59-00:00,2009-03-31T00:00:00,2030-12-31T23:59:59
AS_NP26,BRKRSLG_1_N005,AS_NP26,,2009-03-31T07:00:00-00:00,2031-01-01T07:59:59-00:00,2009-03-31T00:00:00,2030-12-31T23:59:59
AS_NP26,BRNYFRST_7_B1,AS_NP26,,2025-05-13T07:00:00-00:00,2031-01-01T07:59:59-00:00,2025-05-13T00:00:00,2030-12-31T23:59:59
AS_NP26,BRODIE_2_WIND-APND,AS_NP26,,2012-03-29T07:00:00-00:00,2031-01-01T07:59:59-00:00,2012-03-29T00:00:00,2030-12-31T23:59:59
AS_NP26,BROKAW_6_N001,AS_NP26,,2017-02-16T08:00:00-00:00,2031-01-01T07:59:59-00:00,2017-02-16T00:00:00,2030-12-31T23:59:59
AS_NP26,BROKAW_6_N002,AS_NP26,,2017-02-16T08:00:00-00:00,2031-01-01T07:59:59-00:00,2017-02-16T00:00:00,2030-12-31T23:59:59
AS_NP26,BRRNDAA_6_N001,AS_NP26,,2020-10-26T07:00:00-00:00,2031-01-01T07:59:59-00:00,2020-10-26T00:00:00,2030-12-31T23:59:59
AS_NP26,BRRNDAC_6_N001,AS_NP26,,2009-03-31T07:00:00-00:00,2031-01-01T07:59:59-00:00,2009-03-31T00:00:00,2030-12-31T23:59:59
AS_NP26,BRUNSWCK_1_N003,AS_NP26,,2009-03-31T07:00:00-00:00,2031-01-01T07:59:59-00:00,2009-03-31T00:00:00,2030-12-31T23:59:59
AS_NP26,BRUNSWCK_1_N008,AS_NP26,,2009-03-31T07:00:00-00:00,2031-01-01T07:59:59-00:00,2009-03-31T00:00:00,2030-12-31T23:59:59
AS_NP26,BRUNSWCK_1_N101,AS_NP26,,2009-03-31T07:00:00-00:00,2031-01-01T07:59:59-00:00,2009-03-31T00:00:00,2030-12-31T23:59:59
AS_NP26,BRWNSVY_6_N001,AS_NP26,,2009-03-31T07:00:00-00:00,2031-01-01T07:59:59-00:00,2009-03-31T00:00:00,2030-12-31T23:59:59
AS_NP26,BRYPTLM_6_N001,AS_NP26,,2009-03-31T07:00:00-00:00,2031-01-01T07:59:59-00:00,2009-03-31T00:00:00,2030-12-31T23:59:59
AS_NP26,BSCLPLD_6_N001,AS_NP26,,2009-03-31T07:00:00-00:00,2031-01-01T07:59:59-00:00,2009-03-31T00:00:00,2030-12-31T23:59:59
AS_NP26,BUCKCK_7_PL1X2-APND,AS_NP26,,2009-03-31T07:00:00-00:00,2031-01-01T07:59:59-00:00,2009-03-31T00:00:00,2030-12-31T23:59:59
AS_NP26,BUELLTON_1_N001,AS_NP26,,2009-03-31T07:00:00-00:00,2031-01-01T07:59:59-00:00,2009-03-31T00:00:00,2030-12-31T23:59:59
AS_NP26,BUELLTON_1_N003,AS_NP26,,2009-03-31T07:00:00-00:00,2031-01-01T07:59:59-00:00,2009-03-31T00:00:00,2030-12-31T23:59:59
AS_NP26,BUENAVS1_7_B1,AS_NP26,,2009-03-31T07:00:00-00:00,2031-01-01T07:59:59-00:00,2009-03-31T00:00:00,2030-12-31T23:59:59
AS_NP26,BUENAVS1_7_B3,AS_NP26,,2009-03-31T07:00:00-00:00,2031-01-01T07:59:59-00:00,2009-03-31T00:00:00,2030-12-31T23:59:59
AS_NP26,BUENAVS1_7_B4,AS_NP26,,2009-03-31T07:00:00-00:00,2031-01-01T07:59:59-00:00,2009-03-31T00:00:00,2030-12-31T23:59:59
AS_NP26,BUENAVS1_7_B5,AS_NP26,,2009-03-31T07:00:00-00:00,2031-01-01T07:59:59-00:00,2009-03-31T00:00:00,2030-12-31T23:59:59
AS_NP26,BUENAVS1_7_B6,AS_NP26,,2009-03-31T07:00:00-00:00,2031-01-01T07:59:59-00:00,2009-03-31T00:00:00,2030-12-31T23:59:59
AS_NP26,BUENAVS1_7_B7,AS_NP26,,2009-03-31T07:00:00-00:00,2031-01-01T07:59:59-00:00,2009-03-31T00:00:00,2030-12-31T23:59:59
AS_NP26,BUENAVS2_7_B1,AS_NP26,,2009-03-31T07:00:00-00:00,2031-01-01T07:59:59-00:00,2009-03-31T00:00:00,2030-12-31T23:59:59
AS_NP26,BUENAVS2_7_B3,AS_NP26,,2009-03-31T07:00:00-00:00,2031-01-01T07:59:59-00:00,2009-03-31T00:00:00,2030-12-31T23:59:59
AS_NP26,BUENAVS2_7_B4,AS_NP26,,2009-03-31T07:00:00-00:00,2031-01-01T07:59:59-00:00,2009-03-31T00:00:00,2030-12-31T23:59:59
AS_NP26,BUENAVS2_7_B5,AS_NP26,,2009-03-31T07:00:00-00:00,2031-01-01T07:59:59-00:00,2009-03-31T00:00:00,2030-12-31T23:59:59
AS_NP26,BUENAVT_2_N006,AS_NP26,,2009-03-31T07:00:00-00:00,2031-01-01T07:59:59-00:00,2009-03-31T00:00:00,2030-12-31T23:59:59
AS_NP26,BULLARD_1_N001,AS_NP26,,2009-03-31T07:00:00-00:00,2031-01-01T07:59:59-00:00,2009-03-31T00:00:00,2030-12-31T23:59:59
AS_NP26,BULLARD_1_N004,AS_NP26,,2009-03-31T07:00:00-00:00,2031-01-01T07:59:59-00:00,2009-03-31T00:00:00,2030-12-31T23:59:59
AS_NP26,BULLARD_1_N005,AS_NP26,,2009-03-31T07:00:00-00:00,2031-01-01T07:59:59-00:00,2009-03-31T00:00:00,2030-12-31T23:59:59
AS_NP26,BULLARD_1_N006,AS_NP26,,2009-03-31T07:00:00-00:00,2031-01-01T07:59:59-00:00,2009-03-31T00:00:00,2030-12-31T23:59:59
AS_NP26,BULLARD_1_N009,AS_NP26,,2017-08-17T07:00:00-00:00,2031-01-01T07:59:59-00:00,2017-08-17T00:00:00,2030-12-31T23:59:59
AS_NP26,BURLNGME_1_N001,AS_NP26,,2009-03-31T07:00:00-00:00,2031-01-01T07:59:59-00:00,2009-03-31T00:00:00,2030-12-31T23:59:59
AS_NP26,BURNEY_6_N002,AS_NP26,,2009-03-31T07:00:00-00:00,2031-01-01T07:59:59-00:00,2009-03-31T00:00:00,2030-12-31T23:59:59
AS_NP26,BURNEY_7_N001,AS_NP26,,2025-05-13T07:00:00-00:00,2031-01-01T07:59:59-00:00,2025-05-13T00:00:00,2030-12-31T23:59:59
AS_NP26,BURNEY_7_N002,AS_NP26,,2024-05-15T07:00:00-00:00,2031-01-01T07:59:59-00:00,2024-05-15T00:00:00,2030-12-31T23:59:59
AS_NP26,BURNSJ1_6_N003,AS_NP26,,2011-10-14T07:00:00-00:00,2031-01-01T07:59:59-00:00,2011-10-14T00:00:00,2030-12-31T23:59:59
AS_NP26,BUTTE_1_N010,AS_NP26,,2009-03-31T07:00:00-00:00,2031-01-01T07:59:59-00:00,2009-03-31T00:00:00,2030-12-31T23:59:59
AS_NP26,BUTTE_1_N101,AS_NP26,,2009-03-31T07:00:00-00:00,2031-01-01T07:59:59-00:00,2009-03-31T00:00:00,2030-12-31T23:59:59
AS_NP26,BUTTVLLY_7_B1,AS_NP26,,2009-03-31T07:00:00-00:00,2031-01-01T07:59:59-00:00,2009-03-31T00:00:00,2030-12-31T23:59:59
AS_NP26,C877P1C2_7_N001,AS_NP26,,2018-05-24T07:00:00-00:00,2031-01-01T07:59:59-00:00,2018-05-24T00:00:00,2030-12-31T23:59:59
AS_NP26,C877P2C2_7_N001,AS_NP26,,2016-05-19T07:00:00-00:00,2031-01-01T07:59:59-00:00,2016-05-19T00:00:00,2030-12-31T23:59:59
AS_NP26,C877P2C2_7_ND002,AS_NP26,,2025-05-13T07:00:00-00:00,2031-01-01T07:59:59-00:00,2025-05-13T00:00:00,2030-12-31T23:59:59
AS_NP26,CABALLO3_7_N001,AS_NP26,,2025-05-13T07:00:00-00:00,2031-01-01T07:59:59-00:00,2025-05-13T00:00:00,2030-12-31T23:59:59
AS_NP26,CABALLO3_7_N002,AS_NP26,,2025-05-13T07:00:00-00:00,2031-01-01T07:59:59-00:00,2025-05-13T00:00:00,2030-12-31T23:59:59
AS_NP26,CABRILLO_1_N001,AS_NP26,,2009-03-31T07:00:00-00:00,2031-01-01T07:59:59-00:00,2009-03-31T00:00:00,2030-12-31T23:59:59
AS_NP26,CADET_6_N001,AS_NP26,,2009-03-31T07:00:00-00:00,2031-01-01T07:59:59-00:00,2009-03-31T00:00:00,2030-12-31T23:59:59
AS_NP26,CADET_6_N002,AS_NP26,,2025-05-13T07:00:00-00:00,2031-01-01T07:59:59-00:00,2025-05-13T00:00:00,2030-12-31T23:59:59
AS_NP26,CAFLTSSS_2_B1,AS_NP26,,2017-08-17T07:00:00-00:00,2031-01-01T07:59:59-00:00,2017-08-17T00:00:00,2030-12-31T23:59:59
AS_NP26,CALAVE_1_N001,AS_NP26,,2009-03-31T07:00:00-00:00,2031-01-01T07:59:59-00:00,2009-03-31T00:00:00,2030-12-31T23:59:59
AS_NP26,CALAVE_1_N002,AS_NP26,,2009-03-31T07:00:00-00:00,2031-01-01T07:59:59-00:00,2009-03-31T00:00:00,2030-12-31T23:59:59
AS_NP26,CALAVE_1_N004,AS_NP26,,2009-03-31T07:00:00-00:00,2031-01-01T07:59:59-00:00,2009-03-31T00:00:00,2030-12-31T23:59:59
AS_NP26,CALCEDA_6_N001,AS_NP26,,2009-03-31T07:00:00-00:00,2031-01-01T07:59:59-00:00,2009-03-31T00:00:00,2030-12-31T23:59:59
AS_NP26,CALCMNT_6_N001,AS_NP26,,2009-03-31T07:00:00-00:00,2031-01-01T07:59:59-00:00,2009-03-31T00:00:00,2030-12-31T23:59:59
AS_NP26,CALEVRAS_1_N001,AS_NP26,,2021-10-06T07:00:00-00:00,2031-01-01T07:59:59-00:00,2021-10-06T00:00:00,2030-12-31T23:59:59
AS_NP26,CALFLAX_6_N001,AS_NP26,,2024-05-15T07:00:00-00:00,2031-01-01T07:59:59-00:00,2024-05-15T00:00:00,2030-12-31T23:59:59
AS_NP26,CALFLAX_6_N024,AS_NP26,,2024-03-20T07:00:00-00:00,2031-01-01T07:59:59-00:00,2024-03-20T00:00:00,2030-12-31T23:59:59
AS_NP26,CALISTGA_6_N001,AS_NP26,,2009-03-31T07:00:00-00:00,2031-01-01T07:59:59-00:00,2009-03-31T00:00:00,2030-12-31T23:59:59
AS_NP26,CALISTGA_6_N004,AS_NP26,,2014-04-17T07:00:00-00:00,2031-01-01T07:59:59-00:00,2014-04-17T00:00:00,2030-12-31T23:59:59
AS_NP26,CALLENDR_1_N001,AS_NP26,,2014-11-13T08:00:00-00:00,2031-01-01T07:59:59-00:00,2014-11-13T00:00:00,2030-12-31T23:59:59
AS_NP26,CALMAT60_6_N001,AS_NP26,,2009-03-31T07:00:00-00:00,2031-01-01T07:59:59-00:00,2009-03-31T00:00:00,2030-12-31T23:59:59
AS_NP26,CALPELLA_1_N001,AS_NP26,,2025-08-13T07:00:00-00:00,2031-01-01T07:59:59-00:00,2025-08-13T00:00:00,2030-12-31T23:59:59
AS_NP26,CALPELLA_7_NBT1,AS_NP26,,2025-08-13T07:00:00-00:00,2031-01-01T07:59:59-00:00,2025-08-13T00:00:00,2030-12-31T23:59:59
AS_NP26,CALPELLA_7_NSR1,AS_NP26,,2025-08-13T07:00:00-00:00,2031-01-01T07:59:59-00:00,2025-08-13T00:00:00,2030-12-31T23:59:59
AS_NP26,CALTRSF_1_N001,AS_NP26,,2019-02-21T08:00:00-00:00,2031-01-01T07:59:59-00:00,2019-02-21T00:00:00,2030-12-31T23:59:59
AS_NP26,CALTRSF_1_N002,AS_NP26,,2019-02-21T08:00:00-00:00,2031-01-01T07:59:59-00:00,2019-02-21T00:00:00,2030-12-31T23:59:59
AS_NP26,CALTRSJ_1_N001,AS_NP26,,2019-02-21T08:00:00-00:00,2031-01-01T07:59:59-00:00,2019-02-21T00:00:00,2030-12-31T23:59:59
AS_NP26,CALTRSJ_1_N002,AS_NP26,,2019-02-21T08:00:00-00:00,2031-01-01T07:59:59-00:00,2019-02-21T00:00:00,2030-12-31T23:59:59
AS_NP26,CALVO_6_N001,AS_NP26,,2009-03-31T07:00:00-00:00,2031-01-01T07:59:59-00:00,2009-03-31T00:00:00,2030-12-31T23:59:59
AS_NP26,CAMANCHE_7_N001,AS_NP26,,2023-05-05T07:00:00-00:00,2031-01-01T07:59:59-00:00,2023-05-05T00:00:00,2030-12-31T23:59:59
AS_NP26,CAMANCHE_7_N002,AS_NP26,,2023-05-05T07:00:00-00:00,2031-01-01T07:59:59-00:00,2023-05-05T00:00:00,2030-12-31T23:59:59
AS_NP26,CAMANCHE_7_N003,AS_NP26,,2023-05-05T07:00:00-00:00,2031-01-01T07:59:59-00:00,2023-05-05T00:00:00,2030-12-31T23:59:59
AS_NP26,CAMANCPP_2_N001,AS_NP26,,2009-03-31T07:00:00-00:00,2031-01-01T07:59:59-00:00,2009-03-31T00:00:00,2030-12-31T23:59:59
AS_NP26,CAMCHE_1_PL1X3-APND,AS_NP26,,2009-03-31T07:00:00-00:00,2031-01-01T07:59:59-00:00,2009-03-31T00:00:00,2030-12-31T23:59:59
AS_NP26,CAMDEN_6_N001,AS_NP26,,2009-06-25T07:00:00-00:00,2031-01-01T07:59:59-00:00,2009-06-25T00:00:00,2030-12-31T23:59:59
AS_NP26,CAMDEN_6_N002,AS_NP26,,2009-06-25T07:00:00-00:00,2031-01-01T07:59:59-00:00,2009-06-25T00:00:00,2030-12-31T23:59:59
AS_NP26,CAMDEN_6_N011,AS_NP26,,2025-05-13T07:00:00-00:00,2031-01-01T07:59:59-00:00,2025-05-13T00:00:00,2030-12-31T23:59:59
AS_NP26,CAMPHORA_6_N001,AS_NP26,,2009-03-31T07:00:00-00:00,2031-01-01T07:59:59-00:00,2009-03-31T00:00:00,2030-12-31T23:59:59
AS_NP26,CAMPHORA_6_N003,AS_NP26,,2009-03-31T07:00:00-00:00,2031-01-01T07:59:59-00:00,2009-03-31T00:00:00,2030-12-31T23:59:59
AS_NP26,CAMPUS_1_LN001,AS_NP26,,2009-09-10T07:00:00-00:00,2031-01-01T07:59:59-00:00,2009-09-10T00:00:00,2030-12-31T23:59:59
AS_NP26,CAMPUS_1_N003,AS_NP26,,2009-09-10T07:00:00-00:00,2031-01-01T07:59:59-00:00,2009-09-10T00:00:00,2030-12-31T23:59:59
AS_NP26,CANAL_6_N001,AS_NP26,,2025-08-13T07:00:00-00:00,2031-01-01T07:59:59-00:00,2025-08-13T00:00:00,2030-12-31T23:59:59
AS_NP26,CANAL_6_N006,AS_NP26,,2009-03-31T07:00:00-00:00,2031-01-01T07:59:59-00:00,2009-03-31T00:00:00,2030-12-31T23:59:59
AS_NP26,CANAL_7_N001,AS_NP26,,2026-01-09T08:00:00-00:00,2031-01-01T07:59:59-00:00,2026-01-09T00:00:00,2030-12-31T23:59:59
AS_NP26,CANANDGA_6_N001,AS_NP26,,2009-03-31T07:00:00-00:00,2031-01-01T07:59:59-00:00,2009-03-31T00:00:00,2030-12-31T23:59:59
AS_NP26,CANTGEN_7_N001,AS_NP26,,2019-02-21T08:00:00-00:00,2031-01-01T07:59:59-00:00,2019-02-21T00:00:00,2030-12-31T23:59:59
AS_NP26,CANTGEN_7_N002,AS_NP26,,2025-05-13T07:00:00-00:00,2031-01-01T07:59:59-00:00,2025-05-13T00:00:00,2030-12-31T23:59:59
AS_NP26,CAPAY_6_N001,AS_NP26,,2024-08-28T07:00:00-00:00,2031-01-01T07:59:59-00:00,2024-08-28T00:00:00,2030-12-31T23:59:59
AS_NP26,CAPEHORN_6_N001,AS_NP26,,2009-03-31T07:00:00-00:00,2031-01-01T07:59:59-00:00,2009-03-31T00:00:00,2030-12-31T23:59:59
AS_NP26,CARABOU_7_B1,AS_NP26,,2023-05-05T07:00:00-00:00,2031-01-01T07:59:59-00:00,2023-05-05T00:00:00,2030-12-31T23:59:59
AS_NP26,CARABOU_7_B12,AS_NP26,,2025-05-13T07:00:00-00:00,2031-01-01T07:59:59-00:00,2025-05-13T00:00:00,2030-12-31T23:59:59
AS_NP26,CARABOU_7_B3,AS_NP26,,2023-05-05T07:00:00-00:00,2031-01-01T07:59:59-00:00,2023-05-05T00:00:00,2030-12-31T23:59:59
AS_NP26,CARBERRY_2_B1,AS_NP26,,2010-07-01T07:00:00-00:00,2031-01-01T07:59:59-00:00,2010-07-01T00:00:00,2030-12-31T23:59:59
AS_NP26,CARBONA_6_N003,AS_NP26,,2009-03-31T07:00:00-00:00,2031-01-01T07:59:59-00:00,2009-03-31T00:00:00,2030-12-31T23:59:59
AS_NP26,CARBONA_6_N101,AS_NP26,,2009-03-31T07:00:00-00:00,2031-01-01T07:59:59-00:00,2009-03-31T00:00:00,2030-12-31T23:59:59
AS_NP26,CARBOU_7_PL2X3-APND,AS_NP26,,2009-03-31T07:00:00-00:00,2031-01-01T07:59:59-00:00,2009-03-31T00:00:00,2030-12-31T23:59:59
AS_NP26,CARBOU_7_PL4X5-APND,AS_NP26,,2009-03-31T07:00:00-00:00,2031-01-01T07:59:59-00:00,2009-03-31T00:00:00,2030-12-31T23:59:59
AS_NP26,CARGILL_6_N001,AS_NP26,,2009-03-31T07:00:00-00:00,2031-01-01T07:59:59-00:00,2009-03-31T00:00:00,2030-12-31T23:59:59
AS_NP26,CARIBOU_1_B1,AS_NP26,,2017-08-17T07:00:00-00:00,2031-01-01T07:59:59-00:00,2017-08-17T00:00:00,2030-12-31T23:59:59
AS_NP26,CARIBOU_2_B1,AS_NP26,,2017-08-17T07:00:00-00:00,2031-01-01T07:59:59-00:00,2017-08-17T00:00:00,2030-12-31T23:59:59
AS_NP26,CARLOTTA_6_N001,AS_NP26,,2009-03-31T07:00:00-00:00,2031-01-01T07:59:59-00:00,2009-03-31T00:00:00,2030-12-31T23:59:59
AS_NP26,CARLOTTA_6_N003,AS_NP26,,2009-03-31T07:00:00-00:00,2031-01-01T07:59:59-00:00,2009-03-31T00:00:00,2030-12-31T23:59:59
AS_NP26,CARNATIO_6_N001,AS_NP26,,2009-03-31T07:00:00-00:00,2031-01-01T07:59:59-00:00,2009-03-31T00:00:00,2030-12-31T23:59:59
AS_NP26,CARNERAS_6_N001,AS_NP26,,2009-03-31T07:00:00-00:00,2031-01-01T07:59:59-00:00,2009-03-31T00:00:00,2030-12-31T23:59:59
AS_NP26,CAROLNDS_6_N001,AS_NP26,,2009-03-31T07:00:00-00:00,2031-01-01T07:59:59-00:00,2009-03-31T00:00:00,2030-12-31T23:59:59
AS_NP26,CAROLNDS_6_N002,AS_NP26,,2009-03-31T07:00:00-00:00,2031-01-01T07:59:59-00:00,2009-03-31T00:00:00,2030-12-31T23:59:59
AS_NP26,CARQUINZ_1_N001,AS_NP26,,2009-03-31T07:00:00-00:00,2031-01-01T07:59:59-00:00,2009-03-31T00:00:00,2030-12-31T23:59:59
AS_NP26,CARQUINZ_1_N002,AS_NP26,,2009-03-31T07:00:00-00:00,2031-01-01T07:59:59-00:00,2009-03-31T00:00:00,2030-12-31T23:59:59
AS_NP26,CARRIZO_1_N001,AS_NP26,,2009-03-31T07:00:00-00:00,2031-01-01T07:59:59-00:00,2009-03-31T00:00:00,2030-12-31T23:59:59
AS_NP26,CARTWRT_1_N001,AS_NP26,,2009-03-31T07:00:00-00:00,2031-01-01T07:59:59-00:00,2009-03-31T00:00:00,2030-12-31T23:59:59
AS_NP26,CARTWRT_1_N010,AS_NP26,,2009-03-31T07:00:00-00:00,2031-01-01T07:59:59-00:00,2009-03-31T00:00:00,2030-12-31T23:59:59
AS_NP26,CARUTHRS_6_LN001,AS_NP26,,2010-11-01T07:00:00-00:00,2031-01-01T07:59:59-00:00,2010-11-01T00:00:00,2030-12-31T23:59:59
AS_NP26,CARUTHRS_6_N001,AS_NP26,,2010-11-01T07:00:00-00:00,2031-01-01T07:59:59-00:00,2010-11-01T00:00:00,2030-12-31T23:59:59
AS_NP26,CASCES_7_N008,AS_NP26,,2025-05-13T07:00:00-00:00,2031-01-01T07:59:59-00:00,2025-05-13T00:00:00,2030-12-31T23:59:59
AS_NP26,CASCES_7_N009,AS_NP26,,2025-05-13T07:00:00-00:00,2031-01-01T07:59:59-00:00,2025-05-13T00:00:00,2030-12-31T23:59:59
AS_NP26,CASSIDY_6_N004,AS_NP26,,2011-03-31T07:00:00-00:00,2031-01-01T07:59:59-00:00,2011-03-31T00:00:00,2030-12-31T23:59:59
AS_NP26,CASTAC_6_N001,AS_NP26,,2009-03-31T07:00:00-00:00,2031-01-01T07:59:59-00:00,2009-03-31T00:00:00,2030-12-31T23:59:59
AS_NP26,CASTROVL_2_N001,AS_NP26,,2009-03-31T07:00:00-00:00,2031-01-01T07:59:59-00:00,2009-03-31T00:00:00,2030-12-31T23:59:59
AS_NP26,CASTROVL_2_N003,AS_NP26,,2009-03-31T07:00:00-00:00,2031-01-01T07:59:59-00:00,2009-03-31T00:00:00,2030-12-31T23:59:59
AS_NP26,CASTROVL_2_N006,AS_NP26,,2009-03-31T07:00:00-00:00,2031-01-01T07:59:59-00:00,2009-03-31T00:00:00,2030-12-31T23:59:59
AS_NP26,CATALYST_7_N001,AS_NP26,,2009-03-31T07:00:00-00:00,2031-01-01T07:59:59-00:00,2009-03-31T00:00:00,2030-12-31T23:59:59
AS_NP26,CATALYST_7_N002,AS_NP26,,2009-03-31T07:00:00-00:00,2031-01-01T07:59:59-00:00,2009-03-31T00:00:00,2030-12-31T23:59:59
AS_NP26,CATLETT_6_N001,AS_NP26,,2017-02-16T08:00:00-00:00,2031-01-01T07:59:59-00:00,2017-02-16T00:00:00,2030-12-31T23:59:59
AS_NP26,CATLETT_6_N005,AS_NP26,,2015-10-22T07:00:00-00:00,2031-01-01T07:59:59-00:00,2015-10-22T00:00:00,2030-12-31T23:59:59
AS_NP26,CAVLSRGN_7_B1,AS_NP26,,2025-05-13T07:00:00-00:00,2031-01-01T07:59:59-00:00,2025-05-13T00:00:00,2030-12-31T23:59:59
AS_NP26,CAWELOB_6_N001,AS_NP26,,2009-03-31T07:00:00-00:00,2031-01-01T07:59:59-00:00,2009-03-31T00:00:00,2030-12-31T23:59:59
AS_NP26,CAWELOC_1_N001,AS_NP26,,2009-03-31T07:00:00-00:00,2031-01-01T07:59:59-00:00,2009-03-31T00:00:00,2030-12-31T23:59:59
AS_NP26,CAYETANO_2_N001,AS_NP26,,2012-10-11T07:00:00-00:00,2031-01-01T07:59:59-00:00,2012-10-11T00:00:00,2030-12-31T23:59:59
AS_NP26,CAYETNO_2_N002,AS_NP26,,2025-05-13T07:00:00-00:00,2031-01-01T07:59:59-00:00,2025-05-13T00:00:00,2030-12-31T23:59:59
AS_NP26,CAYETNO_2_N003,AS_NP26,,2017-08-17T07:00:00-00:00,2031-01-01T07:59:59-00:00,2017-08-17T00:00:00,2030-12-31T23:59:59
AS_NP26,CAYUCOS_6_N001,AS_NP26,,2009-03-31T07:00:00-00:00,2031-01-01T07:59:59-00:00,2009-03-31T00:00:00,2030-12-31T23:59:59
AS_NP26,CAYUCOS_6_N006,AS_NP26,,2009-03-31T07:00:00-00:00,2031-01-01T07:59:59-00:00,2009-03-31T00:00:00,2030-12-31T23:59:59
AS_NP26,CCJCT1_1_B1,AS_NP26,,2017-08-17T07:00:00-00:00,2031-01-01T07:59:59-00:00,2017-08-17T00:00:00,2030-12-31T23:59:59
AS_NP26,CCOSTA_2_B1,AS_NP26,,2017-08-17T07:00:00-00:00,2031-01-01T07:59:59-00:00,2017-08-17T00:00:00,2030-12-31T23:59:59
AS_NP26,CCOSTA_2_N001,AS_NP26,,2009-03-31T07:00:00-00:00,2031-01-01T07:59:59-00:00,2009-03-31T00:00:00,2030-12-31T23:59:59
AS_NP26,CCSUB_1_N001,AS_NP26,,2014-02-13T08:00:00-00:00,2031-01-01T07:59:59-00:00,2014-02-13T00:00:00,2030-12-31T23:59:59
AS_NP26,CCSUB_2_N001,AS_NP26,,2012-10-11T07:00:00-00:00,2031-01-01T07:59:59-00:00,2012-10-11T00:00:00,2030-12-31T23:59:59
AS_NP26,CCSUB_2_N010,AS_NP26,,2012-10-11T07:00:00-00:00,2031-01-01T07:59:59-00:00,2012-10-11T00:00:00,2030-12-31T23:59:59
AS_NP26,CCSUB_2_N025,AS_NP26,,2012-10-11T07:00:00-00:00,2031-01-01T07:59:59-00:00,2012-10-11T00:00:00,2030-12-31T23:59:59
AS_NP26,CCSUB_6_N024,AS_NP26,,2025-05-13T07:00:00-00:00,2031-01-01T07:59:59-00:00,2025-05-13T00:00:00,2030-12-31T23:59:59
AS_NP26,CDWR07_2_GEN-APND,AS_NP26,,2009-03-31T07:00:00-00:00,2031-01-01T07:59:59-00:00,2009-03-31T00:00:00,2030-12-31T23:59:59
AS_NP26,CEDRCRK_6_N001,AS_NP26,,2025-05-13T07:00:00-00:00,2031-01-01T07:59:59-00:00,2025-05-13T00:00:00,2030-12-31T23:59:59
AS_NP26,CEDRCRK_6_N101,AS_NP26,,2009-03-31T07:00:00-00:00,2031-01-01T07:59:59-00:00,2009-03-31T00:00:00,2030-12-31T23:59:59
AS_NP26,CELERON_6_N001,AS_NP26,,2009-03-31T07:00:00-00:00,2031-01-01T07:59:59-00:00,2009-03-31T00:00:00,2030-12-31T23:59:59
AS_NP26,CELERON_6_N002,AS_NP26,,2009-03-31T07:00:00-00:00,2031-01-01T07:59:59-00:00,2009-03-31T00:00:00,2030-12-31T23:59:59
AS_NP26,CENT403_7_N006,AS_NP26,,2025-05-13T07:00:00-00:00,2031-01-01T07:59:59-00:00,2025-05-13T00:00:00,2030-12-31T23:59:59
AS_NP26,CENTRAL_6_N001,AS_NP26,,2017-02-16T08:00:00-00:00,2031-01-01T07:59:59-00:00,2017-02-16T00:00:00,2030-12-31T23:59:59
AS_NP26,CENTRAL_6_N002,AS_NP26,,2017-02-16T08:00:00-00:00,2031-01-01T07:59:59-00:00,2017-02-16T00:00:00,2030-12-31T23:59:59
AS_NP26,CERTTEED_1_N001,AS_NP26,,2009-03-31T07:00:00-00:00,2031-01-01T07:59:59-00:00,2009-03-31T00:00:00,2030-12-31T23:59:59
AS_NP26,CERTTEED_1_N002,AS_NP26,,2009-03-31T07:00:00-00:00,2031-01-01T07:59:59-00:00,2009-03-31T00:00:00,2030-12-31T23:59:59
AS_NP26,CH.STN._7_N001,AS_NP26,,2025-05-13T07:00:00-00:00,2031-01-01T07:59:59-00:00,2025-05-13T00:00:00,2030-12-31T23:59:59
AS_NP26,CHALAN_7_N001,AS_NP26,,2024-01-24T08:00:00-00:00,2031-01-01T07:59:59-00:00,2024-01-24T00:00:00,2030-12-31T23:59:59
AS_NP26,CHALAN_7_N002,AS_NP26,,2024-01-24T08:00:00-00:00,2031-01-01T07:59:59-00:00,2024-01-24T00:00:00,2030-12-31T23:59:59
AS_NP26,CHALKCLF_7_N001,AS_NP26,,2010-08-26T07:00:00-00:00,2031-01-01T07:59:59-00:00,2010-08-26T00:00:00,2030-12-31T23:59:59
AS_NP26,CHALLNGE_6_N001,AS_NP26,,2009-03-31T07:00:00-00:00,2031-01-01T07:59:59-00:00,2009-03-31T00:00:00,2030-12-31T23:59:59
AS_NP26,CHANNEL_6_N001,AS_NP26,,2009-03-31T07:00:00-00:00,2031-01-01T07:59:59-00:00,2009-03-31T00:00:00,2030-12-31T23:59:59
AS_NP26,CHARCA_12_ND002,AS_NP26,,2025-05-13T07:00:00-00:00,2031-01-01T07:59:59-00:00,2025-05-13T00:00:00,2030-12-31T23:59:59
AS_NP26,CHARKA_1_LN001,AS_NP26,,2009-09-10T07:00:00-00:00,2031-01-01T07:59:59-00:00,2009-09-10T00:00:00,2030-12-31T23:59:59
AS_NP26,CHARKA_1_N001,AS_NP26,,2009-03-31T07:00:00-00:00,2031-01-01T07:59:59-00:00,2009-03-31T00:00:00,2030-12-31T23:59:59
AS_NP26,CHCF_1_N002,AS_NP26,,2025-10-15T07:00:00-00:00,2031-01-01T07:59:59-00:00,2025-10-15T00:00:00,2030-12-31T23:59:59
AS_NP26,CHCGOPK_1_B1,AS_NP26,,2017-08-17T07:00:00-00:00,2031-01-01T07:59:59-00:00,2017-08-17T00:00:00,2030-12-31T23:59:59
AS_NP26,CHEROKEE_6_N001,AS_NP26,,2009-03-31T07:00:00-00:00,2031-01-01T07:59:59-00:00,2009-03-31T00:00:00,2030-12-31T23:59:59
AS_NP26,CHERRY_2_N001,AS_NP26,,2025-08-13T07:00:00-00:00,2031-01-01T07:59:59-00:00,2025-08-13T00:00:00,2030-12-31T23:59:59
AS_NP26,CHESTER_6_N001,AS_NP26,,2009-03-31T07:00:00-00:00,2031-01-01T07:59:59-00:00,2009-03-31T00:00:00,2030-12-31T23:59:59
AS_NP26,CHESTN_2_CHWBX2-APND,AS_NP26,,2023-06-15T07:00:00-00:00,2031-01-01T07:59:59-00:00,2023-06-15T00:00:00,2030-12-31T23:59:59
AS_NP26,CHESTN_2_CHWSX2-APND,AS_NP26,,2023-06-15T07:00:00-00:00,2031-01-01T07:59:59-00:00,2023-06-15T00:00:00,2030-12-31T23:59:59
AS_NP26,CHESTN_7_NBT1,AS_NP26,,2024-08-08T07:00:00-00:00,2031-01-01T07:59:59-00:00,2024-08-08T00:00:00,2030-12-31T23:59:59
AS_NP26,CHESTN_7_NBT2,AS_NP26,,2024-08-08T07:00:00-00:00,2031-01-01T07:59:59-00:00,2024-08-08T00:00:00,2030-12-31T23:59:59
AS_NP26,CHESTN_7_NSR1,AS_NP26,,2024-08-08T07:00:00-00:00,2031-01-01T07:59:59-00:00,2024-08-08T00:00:00,2030-12-31T23:59:59
AS_NP26,CHESTN_7_NSR2,AS_NP26,,2024-08-08T07:00:00-00:00,2031-01-01T07:59:59-00:00,2024-08-08T00:00:00,2030-12-31T23:59:59
AS_NP26,CHEVGEN1_7_B1,AS_NP26,,2009-03-31T07:00:00-00:00,2031-01-01T07:59:59-00:00,2009-03-31T00:00:00,2030-12-31T23:59:59
AS_NP26,CHEVGEN2_7_B1,AS_NP26,,2009-03-31T07:00:00-00:00,2031-01-01T07:59:59-00:00,2009-03-31T00:00:00,2030-12-31T23:59:59
AS_NP26,CHEVLHLS_6_N001,AS_NP26,,2009-03-31T07:00:00-00:00,2031-01-01T07:59:59-00:00,2009-03-31T00:00:00,2030-12-31T23:59:59
AS_NP26,CHEVPIPE_6_N001,AS_NP26,,2009-03-31T07:00:00-00:00,2031-01-01T07:59:59-00:00,2009-03-31T00:00:00,2030-12-31T23:59:59
AS_NP26,CHEVPLIN_6_N001,AS_NP26,,2009-03-31T07:00:00-00:00,2031-01-01T07:59:59-00:00,2009-03-31T00:00:00,2030-12-31T23:59:59
AS_NP26,CHICOA_6_N001,AS_NP26,,2009-03-31T07:00:00-00:00,2031-01-01T07:59:59-00:00,2009-03-31T00:00:00,2030-12-31T23:59:59
AS_NP26,CHICOA_6_N010,AS_NP26,,2009-03-31T07:00:00-00:00,2031-01-01T07:59:59-00:00,2009-03-31T00:00:00,2030-12-31T23:59:59
AS_NP26,CHICOB_1_N001,AS_NP26,,2009-03-31T07:00:00-00:00,2031-01-01T07:59:59-00:00,2009-03-31T00:00:00,2030-12-31T23:59:59
AS_NP26,CHICOB_1_N002,AS_NP26,,2009-03-31T07:00:00-00:00,2031-01-01T07:59:59-00:00,2009-03-31T00:00:00,2030-12-31T23:59:59
AS_NP26,CHIPARK_7_B1,AS_NP26,,2009-03-31T07:00:00-00:00,2031-01-01T07:59:59-00:00,2009-03-31T00:00:00,2030-12-31T23:59:59
AS_NP26,CHLDHOSP_1_N001,AS_NP26,,2009-03-31T07:00:00-00:00,2031-01-01T07:59:59-00:00,2009-03-31T00:00:00,2030-12-31T23:59:59
AS_NP26,CHOLAME_6_N001,AS_NP26,,2009-03-31T07:00:00-00:00,2031-01-01T07:59:59-00:00,2009-03-31T00:00:00,2030-12-31T23:59:59
AS_NP26,CHOLAME_6_N002,AS_NP26,,2009-03-31T07:00:00-00:00,2031-01-01T07:59:59-00:00,2009-03-31T00:00:00,2030-12-31T23:59:59
AS_NP26,CHOWCOGN_7_N001,AS_NP26,,2009-03-31T07:00:00-00:00,2031-01-01T07:59:59-00:00,2009-03-31T00:00:00,2030-12-31T23:59:59
AS_NP26,CHRISTIE_6_B1,AS_NP26,,2017-08-17T07:00:00-00:00,2031-01-01T07:59:59-00:00,2017-08-17T00:00:00,2030-12-31T23:59:59
AS_NP26,CHSTN_1_N001,AS_NP26,,2021-07-21T07:00:00-00:00,2031-01-01T07:59:59-00:00,2021-07-21T00:00:00,2030-12-31T23:59:59
AS_NP26,CHSTN_7_B1,AS_NP26,,2025-06-12T07:00:00-00:00,2031-01-01T07:59:59-00:00,2025-06-12T00:00:00,2030-12-31T23:59:59
AS_NP26,CHWCGN_1_B1,AS_NP26,,2017-08-17T07:00:00-00:00,2031-01-01T07:59:59-00:00,2017-08-17T00:00:00,2030-12-31T23:59:59
AS_NP26,CHWCHLA2_7_N001,AS_NP26,,2009-03-31T07:00:00-00:00,2031-01-01T07:59:59-00:00,2009-03-31T00:00:00,2030-12-31T23:59:59
AS_NP26,CHWCHLLA_1_N001,AS_NP26,,2009-03-31T07:00:00-00:00,2031-01-01T07:59:59-00:00,2009-03-31T00:00:00,2030-12-31T23:59:59
AS_NP26,CHWCHLLA_1_N002,AS_NP26,,2024-01-24T08:00:00-00:00,2031-01-01T07:59:59-00:00,2024-01-24T00:00:00,2030-12-31T23:59:59
AS_NP26,CHWCHL_7_N001,AS_NP26,,2025-05-13T07:00:00-00:00,2031-01-01T07:59:59-00:00,2025-05-13T00:00:00,2030-12-31T23:59:59
AS_NP26,CHWCHL_7_N002,AS_NP26,,2025-05-13T07:00:00-00:00,2031-01-01T07:59:59-00:00,2025-05-13T00:00:00,2030-12-31T23:59:59
AS_NP26,CISCOTAP_6_N001,AS_NP26,,2009-03-31T07:00:00-00:00,2031-01-01T07:59:59-00:00,2009-03-31T00:00:00,2030-12-31T23:59:59
AS_NP26,CITYUKH_1_B1,AS_NP26,,2009-03-31T07:00:00-00:00,2031-01-01T07:59:59-00:00,2009-03-31T00:00:00,2030-12-31T23:59:59
AS_NP26,CITYUKH_1_N001,AS_NP26,,2025-05-13T07:00:00-00:00,2031-01-01T07:59:59-00:00,2025-05-13T00:00:00,2030-12-31T23:59:59
AS_NP26,CLAMMNA_1_N001,AS_NP26,,2009-03-31T07:00:00-00:00,2031-01-01T07:59:59-00:00,2009-03-31T00:00:00,2030-12-31T23:59:59
AS_NP26,CLARKRD_7_N001,AS_NP26,,2009-03-31T07:00:00-00:00,2031-01-01T07:59:59-00:00,2009-03-31T00:00:00,2030-12-31T23:59:59
AS_NP26,CLARKRD_7_N002,AS_NP26,,2009-03-31T07:00:00-00:00,2031-01-01T07:59:59-00:00,2009-03-31T00:00:00,2030-12-31T23:59:59
AS_NP26,CLARKRD_7_N003,AS_NP26,,2009-03-31T07:00:00-00:00,2031-01-01T07:59:59-00:00,2009-03-31T00:00:00,2030-12-31T23:59:59
AS_NP26,CLARMNT_1_N001,AS_NP26,,2025-08-13T07:00:00-00:00,2031-01-01T07:59:59-00:00,2025-08-13T00:00:00,2030-12-31T23:59:59
AS_NP26,CLARMNT_1_N028,AS_NP26,,2025-05-13T07:00:00-00:00,2031-01-01T07:59:59-00:00,2025-05-13T00:00:00,2030-12-31T23:59:59
AS_NP26,CLAYTN_1_N001,AS_NP26,,2009-03-31T07:00:00-00:00,2031-01-01T07:59:59-00:00,2009-03-31T00:00:00,2030-12-31T23:59:59
AS_NP26,CLAYTN_1_N004,AS_NP26,,2009-03-31T07:00:00-00:00,2031-01-01T07:59:59-00:00,2009-03-31T00:00:00,2030-12-31T23:59:59
AS_NP26,CLAYTN_1_N029,AS_NP26,,2009-03-31T07:00:00-00:00,2031-01-01T07:59:59-00:00,2009-03-31T00:00:00,2030-12-31T23:59:59
AS_NP26,CLAYTN_1_N030,AS_NP26,,2009-03-31T07:00:00-00:00,2031-01-01T07:59:59-00:00,2009-03-31T00:00:00,2030-12-31T23:59:59
AS_NP26,CLAY_6_N001,AS_NP26,,2009-03-31T07:00:00-00:00,2031-01-01T07:59:59-00:00,2009-03-31T00:00:00,2030-12-31T23:59:59
AS_NP26,CLAY_6_N005,AS_NP26,,2014-02-13T08:00:00-00:00,2031-01-01T07:59:59-00:00,2014-02-13T00:00:00,2030-12-31T23:59:59
AS_NP26,CLERLKE_6_N001,AS_NP26,,2009-03-31T07:00:00-00:00,2031-01-01T07:59:59-00:00,2009-03-31T00:00:00,2030-12-31T23:59:59
AS_NP26,CLERLKE_6_N012,AS_NP26,,2009-03-31T07:00:00-00:00,2031-01-01T07:59:59-00:00,2009-03-31T00:00:00,2030-12-31T23:59:59
AS_NP26,CLLCTR2A_7_N001,AS_NP26,,2015-10-22T07:00:00-00:00,2031-01-01T07:59:59-00:00,2015-10-22T00:00:00,2030-12-31T23:59:59
AS_NP26,CLLCTR2B_7_N001,AS_NP26,,2015-10-22T07:00:00-00:00,2031-01-01T07:59:59-00:00,2015-10-22T00:00:00,2030-12-31T23:59:59
AS_NP26,CLMBAHL_6_N001,AS_NP26,,2009-03-31T07:00:00-00:00,2031-01-01T07:59:59-00:00,2009-03-31T00:00:00,2030-12-31T23:59:59
AS_NP26,CLMBAST_1_LN001,AS_NP26,,2010-11-01T07:00:00-00:00,2031-01-01T07:59:59-00:00,2010-11-01T00:00:00,2030-12-31T23:59:59
AS_NP26,CLOVER_6_N001,AS_NP26,,2025-05-13T07:00:00-00:00,2031-01-01T07:59:59-00:00,2025-05-13T00:00:00,2030-12-31T23:59:59
AS_NP26,CLOVIS_1_N001,AS_NP26,,2009-03-31T07:00:00-00:00,2031-01-01T07:59:59-00:00,2009-03-31T00:00:00,2030-12-31T23:59:59
AS_NP26,CLOVIS_1_N004,AS_NP26,,2009-03-31T07:00:00-00:00,2031-01-01T07:59:59-00:00,2009-03-31T00:00:00,2030-12-31T23:59:59
AS_NP26,CLOVIS_1_N101,AS_NP26,,2009-03-31T07:00:00-00:00,2031-01-01T07:59:59-00:00,2009-03-31T00:00:00,2030-12-31T23:59:59
AS_NP26,CLOVRDLE_1_N001,AS_NP26,,2014-04-17T07:00:00-00:00,2031-01-01T07:59:59-00:00,2014-04-17T00:00:00,2030-12-31T23:59:59
AS_NP26,CLOVRDLE_7_N001,AS_NP26,,2025-05-13T07:00:00-00:00,2031-01-01T07:59:59-00:00,2025-05-13T00:00:00,2030-12-31T23:59:59
AS_NP26,CLRKSVLE_1_N001,AS_NP26,,2009-03-31T07:00:00-00:00,2031-01-01T07:59:59-00:00,2009-03-31T00:00:00,2030-12-31T23:59:59
AS_NP26,CLRKSVLE_1_N003,AS_NP26,,2009-03-31T07:00:00-00:00,2031-01-01T07:59:59-00:00,2009-03-31T00:00:00,2030-12-31T23:59:59
AS_NP26,CLRKSVLE_1_N004,AS_NP26,,2009-03-31T07:00:00-00:00,2031-01-01T07:59:59-00:00,2009-03-31T00:00:00,2030-12-31T23:59:59
AS_NP26,CLSAJCT_6_N001,AS_NP26,,2009-03-31T07:00:00-00:00,2031-01-01T07:59:59-00:00,2009-03-31T00:00:00,2030-12-31T23:59:59
AS_NP26,CLWTER_2_N003,AS_NP26,,2023-03-15T07:00:00-00:00,2031-01-01T07:59:59-00:00,2023-03-15T00:00:00,2030-12-31T23:59:59
AS_NP26,CMPEVRS_1_N001,AS_NP26,,2009-03-31T07:00:00-00:00,2031-01-01T07:59:59-00:00,2009-03-31T00:00:00,2030-12-31T23:59:59
AS_NP26,CMPEVRS_1_N002,AS_NP26,,2009-03-31T07:00:00-00:00,2031-01-01T07:59:59-00:00,2009-03-31T00:00:00,2030-12-31T23:59:59
AS_NP26,CMPFARW_7_B1,AS_NP26,,2025-08-13T07:00:00-00:00,2031-01-01T07:59:59-00:00,2025-08-13T00:00:00,2030-12-31T23:59:59
AS_NP26,CNTRVL12_7_N001,AS_NP26,,2009-03-31T07:00:00-00:00,2031-01-01T07:59:59-00:00,2009-03-31T00:00:00,2030-12-31T23:59:59
AS_NP26,CNTRVL12_7_N002,AS_NP26,,2023-05-05T07:00:00-00:00,2031-01-01T07:59:59-00:00,2023-05-05T00:00:00,2030-12-31T23:59:59
AS_NP26,CNTRYCB_6_N001,AS_NP26,,2009-03-31T07:00:00-00:00,2031-01-01T07:59:59-00:00,2009-03-31T00:00:00,2030-12-31T23:59:59
AS_NP26,CNTRYCB_6_N002,AS_NP26,,2009-03-31T07:00:00-00:00,2031-01-01T07:59:59-00:00,2009-03-31T00:00:00,2030-12-31T23:59:59
AS_NP26,CNTRYCB_6_N004,AS_NP26,,2009-03-31T07:00:00-00:00,2031-01-01T07:59:59-00:00,2009-03-31T00:00:00,2030-12-31T23:59:59
AS_NP26,CNTRYCB_6_N006,AS_NP26,,2009-03-31T07:00:00-00:00,2031-01-01T07:59:59-00:00,2009-03-31T00:00:00,2030-12-31T23:59:59
AS_NP26,COBURN_2_B1,AS_NP26,,2017-08-17T07:00:00-00:00,2031-01-01T07:59:59-00:00,2017-08-17T00:00:00,2030-12-31T23:59:59
AS_NP26,COGNTNL_7_B1,AS_NP26,,2025-05-13T07:00:00-00:00,2031-01-01T07:59:59-00:00,2025-05-13T00:00:00,2030-12-31T23:59:59
AS_NP26,COLEMAN_6_B1,AS_NP26,,2017-08-17T07:00:00-00:00,2031-01-01T07:59:59-00:00,2017-08-17T00:00:00,2030-12-31T23:59:59
AS_NP26,COLEMAN_7_B1,AS_NP26,,2023-05-05T07:00:00-00:00,2031-01-01T07:59:59-00:00,2023-05-05T00:00:00,2030-12-31T23:59:59
AS_NP26,COLGATE1_7_B1,AS_NP26,,2009-03-31T07:00:00-00:00,2031-01-01T07:59:59-00:00,2009-03-31T00:00:00,2030-12-31T23:59:59
AS_NP26,COLGATE2_7_B1,AS_NP26,,2009-03-31T07:00:00-00:00,2031-01-01T07:59:59-00:00,2009-03-31T00:00:00,2030-12-31T23:59:59
AS_NP26,COLGATE_2_B1,AS_NP26,,2017-08-17T07:00:00-00:00,2031-01-01T07:59:59-00:00,2017-08-17T00:00:00,2030-12-31T23:59:59
AS_NP26,COLHAT_6_N001,AS_NP26,,2009-03-31T07:00:00-00:00,2031-01-01T07:59:59-00:00,2009-03-31T00:00:00,2030-12-31T23:59:59
AS_NP26,COLLINS_7_N001,AS_NP26,,2009-03-31T07:00:00-00:00,2031-01-01T07:59:59-00:00,2009-03-31T00:00:00,2030-12-31T23:59:59
AS_NP26,COLLINS_7_N002,AS_NP26,,2025-05-13T07:00:00-00:00,2031-01-01T07:59:59-00:00,2025-05-13T00:00:00,2030-12-31T23:59:59
AS_NP26,COLLRVL1_7_B1,AS_NP26,,2009-03-31T07:00:00-00:00,2031-01-01T07:59:59-00:00,2009-03-31T00:00:00,2030-12-31T23:59:59
AS_NP26,COLLRVL2_7_B1,AS_NP26,,2009-03-31T07:00:00-00:00,2031-01-01T07:59:59-00:00,2009-03-31T00:00:00,2030-12-31T23:59:59
AS_NP26,COLNGA1_6_N001,AS_NP26,,2009-03-31T07:00:00-00:00,2031-01-01T07:59:59-00:00,2009-03-31T00:00:00,2030-12-31T23:59:59
AS_NP26,COLNGA1_6_N002,AS_NP26,,2009-03-31T07:00:00-00:00,2031-01-01T07:59:59-00:00,2009-03-31T00:00:00,2030-12-31T23:59:59
AS_NP26,COLNGA1_6_N006,AS_NP26,,2011-08-12T07:00:00-00:00,2031-01-01T07:59:59-00:00,2011-08-12T00:00:00,2030-12-31T23:59:59
AS_NP26,COLNGA2_6_N001,AS_NP26,,2024-01-24T08:00:00-00:00,2031-01-01T07:59:59-00:00,2024-01-24T00:00:00,2030-12-31T23:59:59
AS_NP26,COLONY_6_N001,AS_NP26,,2009-03-31T07:00:00-00:00,2031-01-01T07:59:59-00:00,2009-03-31T00:00:00,2030-12-31T23:59:59
AS_NP26,COLUMBUS_1_N001,AS_NP26,,2023-03-15T07:00:00-00:00,2031-01-01T07:59:59-00:00,2023-03-15T00:00:00,2030-12-31T23:59:59
AS_NP26,COLUMBUS_1_N003,AS_NP26,,2009-03-31T07:00:00-00:00,2031-01-01T07:59:59-00:00,2009-03-31T00:00:00,2030-12-31T23:59:59
AS_NP26,COLUMBUS_1_N005,AS_NP26,,2009-03-31T07:00:00-00:00,2031-01-01T07:59:59-00:00,2009-03-31T00:00:00,2030-12-31T23:59:59
AS_NP26,COLUSAG1_2_LN001,AS_NP26,,2010-04-22T07:00:00-00:00,2031-01-01T07:59:59-00:00,2010-04-22T00:00:00,2030-12-31T23:59:59
AS_NP26,COLUSAG2_2_LN001,AS_NP26,,2010-04-22T07:00:00-00:00,2031-01-01T07:59:59-00:00,2010-04-22T00:00:00,2030-12-31T23:59:59
AS_NP26,COLUSA_2_PL1X3-APND,AS_NP26,,2010-08-18T07:00:00-00:00,2031-01-01T07:59:59-00:00,2010-08-18T00:00:00,2030-12-31T23:59:59
AS_NP26,COLUSA_6_N001,AS_NP26,,2024-07-10T07:00:00-00:00,2031-01-01T07:59:59-00:00,2024-07-10T00:00:00,2030-12-31T23:59:59
AS_NP26,COLUSA_6_N004,AS_NP26,,2024-07-10T07:00:00-00:00,2031-01-01T07:59:59-00:00,2024-07-10T00:00:00,2030-12-31T23:59:59
AS_NP26,COLUSCT1_7_GN001,AS_NP26,,2010-04-22T07:00:00-00:00,2031-01-01T07:59:59-00:00,2010-04-22T00:00:00,2030-12-31T23:59:59
AS_NP26,COLUSCT2_7_GN001,AS_NP26,,2010-04-22T07:00:00-00:00,2031-01-01T07:59:59-00:00,2010-04-22T00:00:00,2030-12-31T23:59:59
AS_NP26,COLUSST_7_GN001,AS_NP26,,2010-04-22T07:00:00-00:00,2031-01-01T07:59:59-00:00,2010-04-22T00:00:00,2030-12-31T23:59:59
AS_NP26,COLVIL_7_PL1X2-APND,AS_NP26,,2009-03-31T07:00:00-00:00,2031-01-01T07:59:59-00:00,2009-03-31T00:00:00,2030-12-31T23:59:59
AS_NP26,CON25_1_N001,AS_NP26,,2009-03-31T07:00:00-00:00,2031-01-01T07:59:59-00:00,2009-03-31T00:00:00,2030-12-31T23:59:59
AS_NP26,CON25_1_N002,AS_NP26,,2009-03-31T07:00:00-00:00,2031-01-01T07:59:59-00:00,2009-03-31T00:00:00,2030-12-31T23:59:59
AS_NP26,CONTADNA_1_N001,AS_NP26,,2009-03-31T07:00:00-00:00,2031-01-01T07:59:59-00:00,2009-03-31T00:00:00,2030-12-31T23:59:59
AS_NP26,COPPRMNE_6_N001,AS_NP26,,2013-11-21T08:00:00-00:00,2031-01-01T07:59:59-00:00,2013-11-21T00:00:00,2030-12-31T23:59:59
AS_NP26,COPUS_6_LN001,AS_NP26,,2009-09-10T07:00:00-00:00,2031-01-01T07:59:59-00:00,2009-09-10T00:00:00,2030-12-31T23:59:59
AS_NP26,COPUS_6_N001,AS_NP26,,2009-03-31T07:00:00-00:00,2031-01-01T07:59:59-00:00,2009-03-31T00:00:00,2030-12-31T23:59:59
AS_NP26,CORCCITY_7_N002,AS_NP26,,2025-05-13T07:00:00-00:00,2031-01-01T07:59:59-00:00,2025-05-13T00:00:00,2030-12-31T23:59:59
AS_NP26,CORCORAN_1_N001,AS_NP26,,2014-08-28T07:00:00-00:00,2031-01-01T07:59:59-00:00,2014-08-28T00:00:00,2030-12-31T23:59:59
AS_NP26,CORCORAN_1_N005,AS_NP26,,2014-11-13T08:00:00-00:00,2031-01-01T07:59:59-00:00,2014-11-13T00:00:00,2030-12-31T23:59:59
AS_NP26,CORCORAN_7_N001,AS_NP26,,2025-05-13T07:00:00-00:00,2031-01-01T07:59:59-00:00,2025-05-13T00:00:00,2030-12-31T23:59:59
AS_NP26,CORCRAN2_7_N001,AS_NP26,,2015-01-15T08:00:00-00:00,2031-01-01T07:59:59-00:00,2015-01-15T00:00:00,2030-12-31T23:59:59
AS_NP26,CORDELIA_1_N186,AS_NP26,,2016-11-17T08:00:00-00:00,2031-01-01T07:59:59-00:00,2016-11-17T00:00:00,2030-12-31T23:59:59
AS_NP26,CORDELIA_6_N001,AS_NP26,,2009-03-31T07:00:00-00:00,2031-01-01T07:59:59-00:00,2009-03-31T00:00:00,2030-12-31T23:59:59
AS_NP26,CORDPMP_6_N003,AS_NP26,,2009-03-31T07:00:00-00:00,2031-01-01T07:59:59-00:00,2009-03-31T00:00:00,2030-12-31T23:59:59
AS_NP26,CORNING_6_N004,AS_NP26,,2009-03-31T07:00:00-00:00,2031-01-01T07:59:59-00:00,2009-03-31T00:00:00,2030-12-31T23:59:59
AS_NP26,CORNING_6_N006,AS_NP26,,2009-03-31T07:00:00-00:00,2031-01-01T07:59:59-00:00,2009-03-31T00:00:00,2030-12-31T23:59:59
AS_NP26,CORONA_1_N001,AS_NP26,,2009-03-31T07:00:00-00:00,2031-01-01T07:59:59-00:00,2009-03-31T00:00:00,2030-12-31T23:59:59
AS_NP26,CORRAL1_6_N002,AS_NP26,,2025-05-13T07:00:00-00:00,2031-01-01T07:59:59-00:00,2025-05-13T00:00:00,2030-12-31T23:59:59
AS_NP26,CORRAL_6_N001,AS_NP26,,2009-03-31T07:00:00-00:00,2031-01-01T07:59:59-00:00,2009-03-31T00:00:00,2030-12-31T23:59:59
AS_NP26,CORRAL_6_N003,AS_NP26,,2012-10-11T07:00:00-00:00,2031-01-01T07:59:59-00:00,2012-10-11T00:00:00,2030-12-31T23:59:59
AS_NP26,CORSGOLD_1_N001,AS_NP26,,2009-03-31T07:00:00-00:00,2031-01-01T07:59:59-00:00,2009-03-31T00:00:00,2030-12-31T23:59:59
AS_NP26,CORSGOLD_1_N003,AS_NP26,,2009-03-31T07:00:00-00:00,2031-01-01T07:59:59-00:00,2009-03-31T00:00:00,2030-12-31T23:59:59
AS_NP26,CORTINA_1_N106,AS_NP26,,2009-03-31T07:00:00-00:00,2031-01-01T07:59:59-00:00,2009-03-31T00:00:00,2030-12-31T23:59:59
AS_NP26,COTATI_6_B1,AS_NP26,,2017-08-17T07:00:00-00:00,2031-01-01T07:59:59-00:00,2017-08-17T00:00:00,2030-12-31T23:59:59
AS_NP26,COTATI_6_N101,AS_NP26,,2009-03-31T07:00:00-00:00,2031-01-01T07:59:59-00:00,2009-03-31T00:00:00,2030-12-31T23:59:59
AS_NP26,COTATI_6_N102,AS_NP26,,2009-03-31T07:00:00-00:00,2031-01-01T07:59:59-00:00,2009-03-31T00:00:00,2030-12-31T23:59:59
AS_NP26,COTTLEA_2_N001,AS_NP26,,2009-03-31T07:00:00-00:00,2031-01-01T07:59:59-00:00,2009-03-31T00:00:00,2030-12-31T23:59:59
AS_NP26,COTTLEA_2_N016,AS_NP26,,2017-11-16T08:00:00-00:00,2031-01-01T07:59:59-00:00,2017-11-16T00:00:00,2030-12-31T23:59:59
AS_NP26,COTTLE_7_N001,AS_NP26,,2009-03-31T07:00:00-00:00,2031-01-01T07:59:59-00:00,2009-03-31T00:00:00,2030-12-31T23:59:59
AS_NP26,COTTLE_7_N002,AS_NP26,,2025-05-13T07:00:00-00:00,2031-01-01T07:59:59-00:00,2025-05-13T00:00:00,2030-12-31T23:59:59
AS_NP26,COTWDPGE_1_N001,AS_NP26,,2009-03-31T07:00:00-00:00,2031-01-01T07:59:59-00:00,2009-03-31T00:00:00,2030-12-31T23:59:59
AS_NP26,COTWDPGE_1_N024,AS_NP26,,2025-05-13T07:00:00-00:00,2031-01-01T07:59:59-00:00,2025-05-13T00:00:00,2030-12-31T23:59:59
AS_NP26,COTWDPGE_1_N030,AS_NP26,,2011-12-21T08:00:00-00:00,2031-01-01T07:59:59-00:00,2011-12-21T00:00:00,2030-12-31T23:59:59
AS_NP26,COVELO6_6_N001,AS_NP26,,2009-03-31T07:00:00-00:00,2031-01-01T07:59:59-00:00,2009-03-31T00:00:00,2030-12-31T23:59:59
AS_NP26,COVERD_7_B1,AS_NP26,,2025-05-13T07:00:00-00:00,2031-01-01T07:59:59-00:00,2025-05-13T00:00:00,2030-12-31T23:59:59
AS_NP26,COVERD_7_N002,AS_NP26,,2016-11-17T08:00:00-00:00,2031-01-01T07:59:59-00:00,2016-11-17T00:00:00,2030-12-31T23:59:59
AS_NP26,COVERD_7_N004,AS_NP26,,2025-05-13T07:00:00-00:00,2031-01-01T07:59:59-00:00,2025-05-13T00:00:00,2030-12-31T23:59:59
AS_NP26,COVERD_7_N005,AS_NP26,,2016-11-17T08:00:00-00:00,2031-01-01T07:59:59-00:00,2016-11-17T00:00:00,2030-12-31T23:59:59
AS_NP26,COWCREEK_6_N001,AS_NP26,,2025-05-13T07:00:00-00:00,2031-01-01T07:59:59-00:00,2025-05-13T00:00:00,2030-12-31T23:59:59
AS_NP26,CPCSTCN_7_B1,AS_NP26,,2009-03-31T07:00:00-00:00,2031-01-01T07:59:59-00:00,2009-03-31T00:00:00,2030-12-31T23:59:59
AS_NP26,CPLECEF_1_B1,AS_NP26,,2017-08-17T07:00:00-00:00,2031-01-01T07:59:59-00:00,2017-08-17T00:00:00,2030-12-31T23:59:59
AS_NP26,CPLECEF_1_N001,AS_NP26,,2016-05-19T07:00:00-00:00,2031-01-01T07:59:59-00:00,2016-05-19T00:00:00,2030-12-31T23:59:59
AS_NP26,CPLECEF_1_N005,AS_NP26,,2016-05-19T07:00:00-00:00,2031-01-01T07:59:59-00:00,2016-05-19T00:00:00,2030-12-31T23:59:59
AS_NP26,CPMTAP_1_B1,AS_NP26,,2017-02-16T08:00:00-00:00,2031-01-01T07:59:59-00:00,2017-02-16T00:00:00,2030-12-31T23:59:59
AS_NP26,CRANEVLY_6_N001,AS_NP26,,2009-03-31T07:00:00-00:00,2031-01-01T07:59:59-00:00,2009-03-31T00:00:00,2030-12-31T23:59:59
AS_NP26,CRANEVLY_6_N002,AS_NP26,,2023-05-05T07:00:00-00:00,2031-01-01T07:59:59-00:00,2023-05-05T00:00:00,2030-12-31T23:59:59
AS_NP26,CRANEVLY_6_N003,AS_NP26,,2025-05-13T07:00:00-00:00,2031-01-01T07:59:59-00:00,2025-05-13T00:00:00,2030-12-31T23:59:59
AS_NP26,CRBU38812_7_B1,AS_NP26,,2009-03-31T07:00:00-00:00,2031-01-01T07:59:59-00:00,2009-03-31T00:00:00,2030-12-31T23:59:59
AS_NP26,CRBU38812_7_B3,AS_NP26,,2009-03-31T07:00:00-00:00,2031-01-01T07:59:59-00:00,2009-03-31T00:00:00,2030-12-31T23:59:59
AS_NP26,CRCANAL_6_N001,AS_NP26,,2009-03-31T07:00:00-00:00,2031-01-01T07:59:59-00:00,2009-03-31T00:00:00,2030-12-31T23:59:59
AS_NP26,CRCKTCOG_7_N001,AS_NP26,,2009-11-03T08:00:00-00:00,2031-01-01T07:59:59-00:00,2009-11-03T00:00:00,2030-12-31T23:59:59
AS_NP26,CREEDGT1_7_GN001,AS_NP26,,2009-06-25T07:00:00-00:00,2031-01-01T07:59:59-00:00,2009-06-25T00:00:00,2030-12-31T23:59:59
AS_NP26,CRESSEY_1_N001,AS_NP26,,2009-03-31T07:00:00-00:00,2031-01-01T07:59:59-00:00,2009-03-31T00:00:00,2030-12-31T23:59:59
AS_NP26,CRESSEY_1_N003,AS_NP26,,2025-05-13T07:00:00-00:00,2031-01-01T07:59:59-00:00,2025-05-13T00:00:00,2030-12-31T23:59:59
AS_NP26,CRESTA_2_B1,AS_NP26,,2017-08-17T07:00:00-00:00,2031-01-01T07:59:59-00:00,2017-08-17T00:00:00,2030-12-31T23:59:59
AS_NP26,CRESTA_7_B1,AS_NP26,,2023-05-05T07:00:00-00:00,2031-01-01T07:59:59-00:00,2023-05-05T00:00:00,2030-12-31T23:59:59
AS_NP26,CRESTA_7_B3,AS_NP26,,2023-05-05T07:00:00-00:00,2031-01-01T07:59:59-00:00,2023-05-05T00:00:00,2030-12-31T23:59:59
AS_NP26,CRESTA_7_PL1X2-APND,AS_NP26,,2009-03-31T07:00:00-00:00,2031-01-01T07:59:59-00:00,2009-03-31T00:00:00,2030-12-31T23:59:59
AS_NP26,CROCKTAP_2_B1,AS_NP26,,2017-08-17T07:00:00-00:00,2031-01-01T07:59:59-00:00,2017-08-17T00:00:00,2030-12-31T23:59:59
AS_NP26,CRUSHER_6_N001,AS_NP26,,2009-03-31T07:00:00-00:00,2031-01-01T07:59:59-00:00,2009-03-31T00:00:00,2030-12-31T23:59:59
AS_NP26,CRWCRKGN_7_N001,AS_NP26,,2025-05-13T07:00:00-00:00,2031-01-01T07:59:59-00:00,2025-05-13T00:00:00,2030-12-31T23:59:59
AS_NP26,CRWSLDG_6_N001,AS_NP26,,2009-03-31T07:00:00-00:00,2031-01-01T07:59:59-00:00,2009-03-31T00:00:00,2030-12-31T23:59:59
AS_NP26,CRYSTLSG_6_N001,AS_NP26,,2009-03-31T07:00:00-00:00,2031-01-01T07:59:59-00:00,2009-03-31T00:00:00,2030-12-31T23:59:59
AS_NP26,CSCCCA_7_N001,AS_NP26,,2009-03-31T07:00:00-00:00,2031-01-01T07:59:59-00:00,2009-03-31T00:00:00,2030-12-31T23:59:59
AS_NP26,CSCCOG_6_N001,AS_NP26,,2023-05-05T07:00:00-00:00,2031-01-01T07:59:59-00:00,2023-05-05T00:00:00,2030-12-31T23:59:59
AS_NP26,CSCGNRA1_7_N101,AS_NP26,,2025-05-13T07:00:00-00:00,2031-01-01T07:59:59-00:00,2025-05-13T00:00:00,2030-12-31T23:59:59
AS_NP26,CSCGNRA2_7_N101,AS_NP26,,2025-05-13T07:00:00-00:00,2031-01-01T07:59:59-00:00,2025-05-13T00:00:00,2030-12-31T23:59:59
AS_NP26,CSTRVLLE_1_N001,AS_NP26,,2009-03-31T07:00:00-00:00,2031-01-01T07:59:59-00:00,2009-03-31T00:00:00,2030-12-31T23:59:59
AS_NP26,CSTRVLLE_1_N003,AS_NP26,,2025-05-13T07:00:00-00:00,2031-01-01T07:59:59-00:00,2025-05-13T00:00:00,2030-12-31T23:59:59
AS_NP26,CSTRVLLE_1_N004,AS_NP26,,2025-05-13T07:00:00-00:00,2031-01-01T07:59:59-00:00,2025-05-13T00:00:00,2030-12-31T23:59:59
AS_NP26,CSTRVLLE_1_N005,AS_NP26,,2013-11-21T08:00:00-00:00,2031-01-01T07:59:59-00:00,2013-11-21T00:00:00,2030-12-31T23:59:59
AS_NP26,CURTIS1_7_N001,AS_NP26,,2009-03-31T07:00:00-00:00,2031-01-01T07:59:59-00:00,2009-03-31T00:00:00,2030-12-31T23:59:59
AS_NP26,CURTISS_1_N010,AS_NP26,,2009-03-31T07:00:00-00:00,2031-01-01T07:59:59-00:00,2009-03-31T00:00:00,2030-12-31T23:59:59
AS_NP26,CURTISS_1_N101,AS_NP26,,2009-03-31T07:00:00-00:00,2031-01-01T07:59:59-00:00,2009-03-31T00:00:00,2030-12-31T23:59:59
AS_NP26,CURTISS_1_N102,AS_NP26,,2025-05-13T07:00:00-00:00,2031-01-01T07:59:59-00:00,2025-05-13T00:00:00,2030-12-31T23:59:59
AS_NP26,CURTISS_1_N103,AS_NP26,,2025-05-13T07:00:00-00:00,2031-01-01T07:59:59-00:00,2025-05-13T00:00:00,2030-12-31T23:59:59
AS_NP26,CUYAMAGN_7_N001,AS_NP26,,2019-09-19T07:00:00-00:00,2031-01-01T07:59:59-00:00,2019-09-19T00:00:00,2030-12-31T23:59:59
AS_NP26,CUYAMAGN_7_NSB1,AS_NP26,,2025-05-13T07:00:00-00:00,2031-01-01T07:59:59-00:00,2025-05-13T00:00:00,2030-12-31T23:59:59
AS_NP26,CUYAMA_6_N003,AS_NP26,,2009-03-31T07:00:00-00:00,2031-01-01T07:59:59-00:00,2009-03-31T00:00:00,2030-12-31T23:59:59
AS_NP26,CUYAMA_6_N004,AS_NP26,,2009-03-31T07:00:00-00:00,2031-01-01T07:59:59-00:00,2009-03-31T00:00:00,2030-12-31T23:59:59
AS_NP26,CYMRIC_1_N001,AS_NP26,,2009-03-31T07:00:00-00:00,2031-01-01T07:59:59-00:00,2009-03-31T00:00:00,2030-12-31T23:59:59
AS_NP26,CYMRIC_1_N004,AS_NP26,,2025-05-13T07:00:00-00:00,2031-01-01T07:59:59-00:00,2025-05-13T00:00:00,2030-12-31T23:59:59
AS_NP26,DAIRYLND_1_N001,AS_NP26,,2014-08-28T07:00:00-00:00,2031-01-01T07:59:59-00:00,2014-08-28T00:00:00,2030-12-31T23:59:59
AS_NP26,DAIRYLND_1_N011,AS_NP26,,2017-02-16T08:00:00-00:00,2031-01-01T07:59:59-00:00,2017-02-16T00:00:00,2030-12-31T23:59:59
AS_NP26,DAIRYLND_1_N013,AS_NP26,,2025-05-13T07:00:00-00:00,2031-01-01T07:59:59-00:00,2025-05-13T00:00:00,2030-12-31T23:59:59
AS_NP26,DALYCTY_1_N001,AS_NP26,,2012-10-11T07:00:00-00:00,2031-01-01T07:59:59-00:00,2012-10-11T00:00:00,2030-12-31T23:59:59
AS_NP26,DALYCTY_1_N005,AS_NP26,,2012-10-11T07:00:00-00:00,2031-01-01T07:59:59-00:00,2012-10-11T00:00:00,2030-12-31T23:59:59
AS_NP26,DANA_6_N001,AS_NP26,,2009-03-31T07:00:00-00:00,2031-01-01T07:59:59-00:00,2009-03-31T00:00:00,2030-12-31T23:59:59
AS_NP26,DANISHCM_1_N001,AS_NP26,,2009-03-31T07:00:00-00:00,2031-01-01T07:59:59-00:00,2009-03-31T00:00:00,2030-12-31T23:59:59
AS_NP26,DARYLDGN_7_N002,AS_NP26,,2025-05-13T07:00:00-00:00,2031-01-01T07:59:59-00:00,2025-05-13T00:00:00,2030-12-31T23:59:59
AS_NP26,DARYLDGN_7_N003,AS_NP26,,2025-05-13T07:00:00-00:00,2031-01-01T07:59:59-00:00,2025-05-13T00:00:00,2030-12-31T23:59:59
AS_NP26,DAVIS_1_N001,AS_NP26,,2009-03-31T07:00:00-00:00,2031-01-01T07:59:59-00:00,2009-03-31T00:00:00,2030-12-31T23:59:59
AS_NP26,DAVIS_1_N007,AS_NP26,,2009-03-31T07:00:00-00:00,2031-01-01T07:59:59-00:00,2009-03-31T00:00:00,2030-12-31T23:59:59
AS_NP26,DAVIS_1_N012,AS_NP26,,2009-03-31T07:00:00-00:00,2031-01-01T07:59:59-00:00,2009-03-31T00:00:00,2030-12-31T23:59:59
AS_NP26,DAVIS_1_N018,AS_NP26,,2025-05-13T07:00:00-00:00,2031-01-01T07:59:59-00:00,2025-05-13T00:00:00,2030-12-31T23:59:59
AS_NP26,DAVIS_1_N029,AS_NP26,,2025-05-13T07:00:00-00:00,2031-01-01T07:59:59-00:00,2025-05-13T00:00:00,2030-12-31T23:59:59
AS_NP26,DAVIS_1_N030,AS_NP26,,2025-05-13T07:00:00-00:00,2031-01-01T07:59:59-00:00,2025-05-13T00:00:00,2030-12-31T23:59:59
AS_NP26,DCJ_6_N001,AS_NP26,,2017-02-16T08:00:00-00:00,2031-01-01T07:59:59-00:00,2017-02-16T00:00:00,2030-12-31T23:59:59
AS_NP26,DCJ_6_N002,AS_NP26,,2017-02-16T08:00:00-00:00,2031-01-01T07:59:59-00:00,2017-02-16T00:00:00,2030-12-31T23:59:59
AS_NP26,DCJ_6_N003,AS_NP26,,2017-02-16T08:00:00-00:00,2031-01-01T07:59:59-00:00,2017-02-16T00:00:00,2030-12-31T23:59:59
AS_NP26,DEADWOOD_1_N001,AS_NP26,,2023-05-05T07:00:00-00:00,2031-01-01T07:59:59-00:00,2023-05-05T00:00:00,2030-12-31T23:59:59
AS_NP26,DECCTG1_7_B1,AS_NP26,,2009-03-31T07:00:00-00:00,2031-01-01T07:59:59-00:00,2009-03-31T00:00:00,2030-12-31T23:59:59
AS_NP26,DECCTG2_7_B1,AS_NP26,,2009-03-31T07:00:00-00:00,2031-01-01T07:59:59-00:00,2009-03-31T00:00:00,2030-12-31T23:59:59
AS_NP26,DECCTG3_7_B1,AS_NP26,,2009-03-31T07:00:00-00:00,2031-01-01T07:59:59-00:00,2009-03-31T00:00:00,2030-12-31T23:59:59
AS_NP26,DECPTSG_2_N001,AS_NP26,,2009-03-31T07:00:00-00:00,2031-01-01T07:59:59-00:00,2009-03-31T00:00:00,2030-12-31T23:59:59
AS_NP26,DECPTSG_2_N018,AS_NP26,,2009-03-31T07:00:00-00:00,2031-01-01T07:59:59-00:00,2009-03-31T00:00:00,2030-12-31T23:59:59
AS_NP26,DECSTG1_7_B1,AS_NP26,,2009-03-31T07:00:00-00:00,2031-01-01T07:59:59-00:00,2009-03-31T00:00:00,2030-12-31T23:59:59
AS_NP26,DEEPWATR_1_N101,AS_NP26,,2009-03-31T07:00:00-00:00,2031-01-01T07:59:59-00:00,2009-03-31T00:00:00,2030-12-31T23:59:59
AS_NP26,DEEPWATR_1_N104,AS_NP26,,2009-03-31T07:00:00-00:00,2031-01-01T07:59:59-00:00,2009-03-31T00:00:00,2030-12-31T23:59:59
AS_NP26,DEERCRK_7_B1,AS_NP26,,2023-05-05T07:00:00-00:00,2031-01-01T07:59:59-00:00,2023-05-05T00:00:00,2030-12-31T23:59:59
AS_NP26,DELEVAN_2_B1,AS_NP26,,2010-08-18T07:00:00-00:00,2031-01-01T07:59:59-00:00,2010-08-18T00:00:00,2030-12-31T23:59:59
AS_NP26,DELEVAN_2_LN001,AS_NP26,,2010-04-22T07:00:00-00:00,2031-01-01T07:59:59-00:00,2010-04-22T00:00:00,2030-12-31T23:59:59
AS_NP26,DELEVAN_2_LN002,AS_NP26,,2010-04-22T07:00:00-00:00,2031-01-01T07:59:59-00:00,2010-04-22T00:00:00,2030-12-31T23:59:59
AS_NP26,DELMAR_6_N001A,AS_NP26,,2009-03-31T07:00:00-00:00,2031-01-01T07:59:59-00:00,2009-03-31T00:00:00,2030-12-31T23:59:59
AS_NP26,DELMAR_6_N005,AS_NP26,,2009-03-31T07:00:00-00:00,2031-01-01T07:59:59-00:00,2009-03-31T00:00:00,2030-12-31T23:59:59
AS_NP26,DELMAR_6_N008,AS_NP26,,2009-06-25T07:00:00-00:00,2031-01-01T07:59:59-00:00,2009-06-25T00:00:00,2030-12-31T23:59:59
AS_NP26,DELMNTE_1_N010,AS_NP26,,2009-03-31T07:00:00-00:00,2031-01-01T07:59:59-00:00,2009-03-31T00:00:00,2030-12-31T23:59:59
AS_NP26,DELMNTE_1_N201,AS_NP26,,2009-03-31T07:00:00-00:00,2031-01-01T07:59:59-00:00,2009-03-31T00:00:00,2030-12-31T23:59:59
AS_NP26,DELTAA_7_B1,AS_NP26,,2009-03-31T07:00:00-00:00,2031-01-01T07:59:59-00:00,2009-03-31T00:00:00,2030-12-31T23:59:59
AS_NP26,DELTAA_7_B3,AS_NP26,,2009-03-31T07:00:00-00:00,2031-01-01T07:59:59-00:00,2009-03-31T00:00:00,2030-12-31T23:59:59
AS_NP26,DELTAA_7_B4,AS_NP26,,2009-03-31T07:00:00-00:00,2031-01-01T07:59:59-00:00,2009-03-31T00:00:00,2030-12-31T23:59:59
AS_NP26,DELTAB_7_B1,AS_NP26,,2009-03-31T07:00:00-00:00,2031-01-01T07:59:59-00:00,2009-03-31T00:00:00,2030-12-31T23:59:59
AS_NP26,DELTAB_7_B3,AS_NP26,,2009-03-31T07:00:00-00:00,2031-01-01T07:59:59-00:00,2009-03-31T00:00:00,2030-12-31T23:59:59
AS_NP26,DELTAC_7_B1,AS_NP26,,2009-03-31T07:00:00-00:00,2031-01-01T07:59:59-00:00,2009-03-31T00:00:00,2030-12-31T23:59:59
AS_NP26,DELTAC_7_B3,AS_NP26,,2009-03-31T07:00:00-00:00,2031-01-01T07:59:59-00:00,2009-03-31T00:00:00,2030-12-31T23:59:59
AS_NP26,DELTAD_7_B1,AS_NP26,,2009-03-31T07:00:00-00:00,2031-01-01T07:59:59-00:00,2009-03-31T00:00:00,2030-12-31T23:59:59
AS_NP26,DELTAD_7_B3,AS_NP26,,2009-03-31T07:00:00-00:00,2031-01-01T07:59:59-00:00,2009-03-31T00:00:00,2030-12-31T23:59:59
AS_NP26,DELTAE_7_B1,AS_NP26,,2009-03-31T07:00:00-00:00,2031-01-01T07:59:59-00:00,2009-03-31T00:00:00,2030-12-31T23:59:59
AS_NP26,DELTAE_7_B3,AS_NP26,,2009-03-31T07:00:00-00:00,2031-01-01T07:59:59-00:00,2009-03-31T00:00:00,2030-12-31T23:59:59
AS_NP26,DELTAPMP_2_N008,AS_NP26,,2025-05-13T07:00:00-00:00,2031-01-01T07:59:59-00:00,2025-05-13T00:00:00,2030-12-31T23:59:59
AS_NP26,DELTA_2_PL1X4-APND,AS_NP26,,2009-03-31T07:00:00-00:00,2031-01-01T07:59:59-00:00,2009-03-31T00:00:00,2030-12-31T23:59:59
AS_NP26,DERRICK_6_N002,AS_NP26,,2025-05-13T07:00:00-00:00,2031-01-01T07:59:59-00:00,2025-05-13T00:00:00,2030-12-31T23:59:59
AS_NP26,DERRICK_6_N003,AS_NP26,,2025-05-13T07:00:00-00:00,2031-01-01T07:59:59-00:00,2025-05-13T00:00:00,2030-12-31T23:59:59
AS_NP26,DESABLA_6_B1,AS_NP26,,2017-08-17T07:00:00-00:00,2031-01-01T07:59:59-00:00,2017-08-17T00:00:00,2030-12-31T23:59:59
AS_NP26,DESABLA_7_B1,AS_NP26,,2009-03-31T07:00:00-00:00,2031-01-01T07:59:59-00:00,2009-03-31T00:00:00,2030-12-31T23:59:59
AS_NP26,DESCHTP1_6_B1,AS_NP26,,2017-08-17T07:00:00-00:00,2031-01-01T07:59:59-00:00,2017-08-17T00:00:00,2030-12-31T23:59:59
AS_NP26,DESCHUTS_6_N001,AS_NP26,,2009-03-31T07:00:00-00:00,2031-01-01T07:59:59-00:00,2009-03-31T00:00:00,2030-12-31T23:59:59
AS_NP26,DESCHUTS_6_N015,AS_NP26,,2013-02-28T08:00:00-00:00,2031-01-01T07:59:59-00:00,2013-02-28T00:00:00,2030-12-31T23:59:59
AS_NP26,DEVLDNPP_6_N003,AS_NP26,,2009-03-31T07:00:00-00:00,2031-01-01T07:59:59-00:00,2009-03-31T00:00:00,2030-12-31T23:59:59
AS_NP26,DEVLSDN_6_N001,AS_NP26,,2009-03-31T07:00:00-00:00,2031-01-01T07:59:59-00:00,2009-03-31T00:00:00,2030-12-31T23:59:59
AS_NP26,DEXZEL_1_N001,AS_NP26,,2025-05-13T07:00:00-00:00,2031-01-01T07:59:59-00:00,2025-05-13T00:00:00,2030-12-31T23:59:59
AS_NP26,DFS_1_N001,AS_NP26,,2009-03-31T07:00:00-00:00,2031-01-01T07:59:59-00:00,2009-03-31T00:00:00,2030-12-31T23:59:59
AS_NP26,DGLSCTY_6_N001,AS_NP26,,2009-03-31T07:00:00-00:00,2031-01-01T07:59:59-00:00,2009-03-31T00:00:00,2030-12-31T23:59:59
AS_NP26,DGPAN1_7_B1,AS_NP26,,2025-10-15T07:00:00-00:00,2031-01-01T07:59:59-00:00,2025-10-15T00:00:00,2030-12-31T23:59:59
AS_NP26,DGPAN1_7_CN1,AS_NP26,,2025-10-15T07:00:00-00:00,2031-01-01T07:59:59-00:00,2025-10-15T00:00:00,2030-12-31T23:59:59
AS_NP26,DGVADIX_7_B1,AS_NP26,,2009-03-31T07:00:00-00:00,2031-01-01T07:59:59-00:00,2009-03-31T00:00:00,2030-12-31T23:59:59
AS_NP26,DIABLO1_7_B1,AS_NP26,,2009-03-31T07:00:00-00:00,2031-01-01T07:59:59-00:00,2009-03-31T00:00:00,2030-12-31T23:59:59
AS_NP26,DIABLO1_7_LN001,AS_NP26,,2009-09-10T07:00:00-00:00,2031-01-01T07:59:59-00:00,2009-09-10T00:00:00,2030-12-31T23:59:59
AS_NP26,DIABLO1_7_N001,AS_NP26,,2009-03-31T07:00:00-00:00,2031-01-01T07:59:59-00:00,2009-03-31T00:00:00,2030-12-31T23:59:59
AS_NP26,DIABLO2_7_B1,AS_NP26,,2009-03-31T07:00:00-00:00,2031-01-01T07:59:59-00:00,2009-03-31T00:00:00,2030-12-31T23:59:59
AS_NP26,DIABLO2_7_LN001,AS_NP26,,2009-09-10T07:00:00-00:00,2031-01-01T07:59:59-00:00,2009-09-10T00:00:00,2030-12-31T23:59:59
AS_NP26,DIABLO2_7_N001,AS_NP26,,2009-03-31T07:00:00-00:00,2031-01-01T07:59:59-00:00,2009-03-31T00:00:00,2030-12-31T23:59:59
AS_NP26,DIABLOCN_2_N001,AS_NP26,,2009-03-31T07:00:00-00:00,2031-01-01T07:59:59-00:00,2009-03-31T00:00:00,2030-12-31T23:59:59
AS_NP26,DIABLO_5_B1,AS_NP26,,2017-08-17T07:00:00-00:00,2031-01-01T07:59:59-00:00,2017-08-17T00:00:00,2030-12-31T23:59:59
AS_NP26,DINUBAE_7_B2,AS_NP26,,2009-03-31T07:00:00-00:00,2031-01-01T07:59:59-00:00,2009-03-31T00:00:00,2030-12-31T23:59:59
AS_NP26,DINUBAE_7_N001,AS_NP26,,2009-03-31T07:00:00-00:00,2031-01-01T07:59:59-00:00,2009-03-31T00:00:00,2030-12-31T23:59:59
AS_NP26,DINUBA_6_N001,AS_NP26,,2011-03-30T07:00:00-00:00,2031-01-01T07:59:59-00:00,2011-03-30T00:00:00,2030-12-31T23:59:59
AS_NP26,DINUBA_6_N005,AS_NP26,,2025-04-16T07:00:00-00:00,2031-01-01T07:59:59-00:00,2025-04-16T00:00:00,2030-12-31T23:59:59
AS_NP26,DIRYVLLE_6_N001,AS_NP26,,2009-03-31T07:00:00-00:00,2031-01-01T07:59:59-00:00,2009-03-31T00:00:00,2030-12-31T23:59:59
AS_NP26,DISCOVRY_7_N001,AS_NP26,,2009-03-31T07:00:00-00:00,2031-01-01T07:59:59-00:00,2009-03-31T00:00:00,2030-12-31T23:59:59
AS_NP26,DISCOVRY_7_N002,AS_NP26,,2009-03-31T07:00:00-00:00,2031-01-01T07:59:59-00:00,2009-03-31T00:00:00,2030-12-31T23:59:59
AS_NP26,DIST1500_6_N101,AS_NP26,,2009-03-31T07:00:00-00:00,2031-01-01T07:59:59-00:00,2009-03-31T00:00:00,2030-12-31T23:59:59
AS_NP26,DIST2047_6_N201,AS_NP26,,2009-03-31T07:00:00-00:00,2031-01-01T07:59:59-00:00,2009-03-31T00:00:00,2030-12-31T23:59:59
AS_NP26,DIST2047_6_N204,AS_NP26,,2009-03-31T07:00:00-00:00,2031-01-01T07:59:59-00:00,2009-03-31T00:00:00,2030-12-31T23:59:59
AS_NP26,DIVIDE_6_N011,AS_NP26,,2021-08-25T07:00:00-00:00,2031-01-01T07:59:59-00:00,2021-08-25T00:00:00,2030-12-31T23:59:59
AS_NP26,DIVVIDE_1_N021,AS_NP26,,2015-04-23T07:00:00-00:00,2031-01-01T07:59:59-00:00,2015-04-23T00:00:00,2030-12-31T23:59:59
AS_NP26,DIXON-J1_6_N101,AS_NP26,,2018-08-23T07:00:00-00:00,2031-01-01T07:59:59-00:00,2018-08-23T00:00:00,2030-12-31T23:59:59
AS_NP26,DIXONLD_1_N001,AS_NP26,,2009-03-31T07:00:00-00:00,2031-01-01T07:59:59-00:00,2009-03-31T00:00:00,2030-12-31T23:59:59
AS_NP26,DIXONLD_1_N002,AS_NP26,,2009-03-31T07:00:00-00:00,2031-01-01T07:59:59-00:00,2009-03-31T00:00:00,2030-12-31T23:59:59
AS_NP26,DIXONLD_1_N008,AS_NP26,,2015-07-23T07:00:00-00:00,2031-01-01T07:59:59-00:00,2015-07-23T00:00:00,2030-12-31T23:59:59
AS_NP26,DIXON_6_B1,AS_NP26,,2009-03-31T07:00:00-00:00,2031-01-01T07:59:59-00:00,2009-03-31T00:00:00,2030-12-31T23:59:59
AS_NP26,DIXON_6_N002,AS_NP26,,2009-03-31T07:00:00-00:00,2031-01-01T07:59:59-00:00,2009-03-31T00:00:00,2030-12-31T23:59:59
AS_NP26,DLYCTYP_1_N001,AS_NP26,,2016-11-17T08:00:00-00:00,2031-01-01T07:59:59-00:00,2016-11-17T00:00:00,2030-12-31T23:59:59
AS_NP26,DMNDSPR_1_N001,AS_NP26,,2009-03-31T07:00:00-00:00,2031-01-01T07:59:59-00:00,2009-03-31T00:00:00,2030-12-31T23:59:59
AS_NP26,DMNDSPR_1_N003,AS_NP26,,2009-03-31T07:00:00-00:00,2031-01-01T07:59:59-00:00,2009-03-31T00:00:00,2030-12-31T23:59:59
AS_NP26,DNUBAJCT_6_B1,AS_NP26,,2017-08-17T07:00:00-00:00,2031-01-01T07:59:59-00:00,2017-08-17T00:00:00,2030-12-31T23:59:59
AS_NP26,DOBBINS_6_N001,AS_NP26,,2009-03-31T07:00:00-00:00,2031-01-01T07:59:59-00:00,2009-03-31T00:00:00,2030-12-31T23:59:59
AS_NP26,DOLANRD_1_N001,AS_NP26,,2009-03-31T07:00:00-00:00,2031-01-01T07:59:59-00:00,2009-03-31T00:00:00,2030-12-31T23:59:59
AS_NP26,DOLANRD_1_ND006,AS_NP26,,2023-11-15T08:00:00-00:00,2031-01-01T07:59:59-00:00,2023-11-15T00:00:00,2030-12-31T23:59:59
AS_NP26,DOMTAR_1_N001,AS_NP26,,2009-03-31T07:00:00-00:00,2031-01-01T07:59:59-00:00,2009-03-31T00:00:00,2030-12-31T23:59:59
AS_NP26,DONNELLS_7_B1,AS_NP26,,2025-05-13T07:00:00-00:00,2031-01-01T07:59:59-00:00,2025-05-13T00:00:00,2030-12-31T23:59:59
AS_NP26,DOSAMG1_7_B1,AS_NP26,,2009-03-31T07:00:00-00:00,2031-01-01T07:59:59-00:00,2009-03-31T00:00:00,2030-12-31T23:59:59
AS_NP26,DOSAMG1_7_B3,AS_NP26,,2009-03-31T07:00:00-00:00,2031-01-01T07:59:59-00:00,2009-03-31T00:00:00,2030-12-31T23:59:59
AS_NP26,DOSAMG1_7_B4,AS_NP26,,2009-03-31T07:00:00-00:00,2031-01-01T07:59:59-00:00,2009-03-31T00:00:00,2030-12-31T23:59:59
AS_NP26,DOSAMG2_7_B1,AS_NP26,,2009-03-31T07:00:00-00:00,2031-01-01T07:59:59-00:00,2009-03-31T00:00:00,2030-12-31T23:59:59
AS_NP26,DOSAMG2_7_B3,AS_NP26,,2009-03-31T07:00:00-00:00,2031-01-01T07:59:59-00:00,2009-03-31T00:00:00,2030-12-31T23:59:59
AS_NP26,DOSAMG2_7_B4,AS_NP26,,2009-03-31T07:00:00-00:00,2031-01-01T07:59:59-00:00,2009-03-31T00:00:00,2030-12-31T23:59:59
AS_NP26,DOSPALS_6_N001,AS_NP26,,2024-07-10T07:00:00-00:00,2031-01-01T07:59:59-00:00,2024-07-10T00:00:00,2030-12-31T23:59:59
AS_NP26,DOSPALS_7_N002,AS_NP26,,2025-05-13T07:00:00-00:00,2031-01-01T07:59:59-00:00,2025-05-13T00:00:00,2030-12-31T23:59:59
AS_NP26,DOSPAL_7_N003,AS_NP26,,2025-06-12T07:00:00-00:00,2031-01-01T07:59:59-00:00,2025-06-12T00:00:00,2030-12-31T23:59:59
AS_NP26,DOUBLEC_1_B1,AS_NP26,,2017-08-17T07:00:00-00:00,2031-01-01T07:59:59-00:00,2017-08-17T00:00:00,2030-12-31T23:59:59
AS_NP26,DOUBLEC_7_B1,AS_NP26,,2009-03-31T07:00:00-00:00,2031-01-01T07:59:59-00:00,2009-03-31T00:00:00,2030-12-31T23:59:59
AS_NP26,DRUM38780_7_B1,AS_NP26,,2023-05-05T07:00:00-00:00,2031-01-01T07:59:59-00:00,2023-05-05T00:00:00,2030-12-31T23:59:59
AS_NP26,DRUM38780_7_B3,AS_NP26,,2023-05-05T07:00:00-00:00,2031-01-01T07:59:59-00:00,2023-05-05T00:00:00,2030-12-31T23:59:59
AS_NP26,DRUM38780_7_B4,AS_NP26,,2023-05-05T07:00:00-00:00,2031-01-01T07:59:59-00:00,2023-05-05T00:00:00,2030-12-31T23:59:59
AS_NP26,DRUM38780_7_B7,AS_NP26,,2023-05-05T07:00:00-00:00,2031-01-01T07:59:59-00:00,2023-05-05T00:00:00,2030-12-31T23:59:59
AS_NP26,DRUM5_7_B1,AS_NP26,,2009-03-31T07:00:00-00:00,2031-01-01T07:59:59-00:00,2009-03-31T00:00:00,2030-12-31T23:59:59
AS_NP26,DRUM_1_B1,AS_NP26,,2017-08-17T07:00:00-00:00,2031-01-01T07:59:59-00:00,2017-08-17T00:00:00,2030-12-31T23:59:59
AS_NP26,DRUM_6_B1,AS_NP26,,2017-08-17T07:00:00-00:00,2031-01-01T07:59:59-00:00,2017-08-17T00:00:00,2030-12-31T23:59:59
AS_NP26,DRUM_7_PL1X2-APND,AS_NP26,,2009-03-31T07:00:00-00:00,2031-01-01T07:59:59-00:00,2009-03-31T00:00:00,2030-12-31T23:59:59
AS_NP26,DRUM_7_PL3X4-APND,AS_NP26,,2009-03-31T07:00:00-00:00,2031-01-01T07:59:59-00:00,2009-03-31T00:00:00,2030-12-31T23:59:59
AS_NP26,DSAMIGO_2_N011,AS_NP26,,2025-05-13T07:00:00-00:00,2031-01-01T07:59:59-00:00,2025-05-13T00:00:00,2030-12-31T23:59:59
AS_NP26,DTCHFL1_1_B1,AS_NP26,,2017-08-17T07:00:00-00:00,2031-01-01T07:59:59-00:00,2017-08-17T00:00:00,2030-12-31T23:59:59
AS_NP26,DTCHFL2_1_B1,AS_NP26,,2017-08-17T07:00:00-00:00,2031-01-01T07:59:59-00:00,2017-08-17T00:00:00,2030-12-31T23:59:59
AS_NP26,DTCHFLT1_7_B1,AS_NP26,,2009-03-31T07:00:00-00:00,2031-01-01T07:59:59-00:00,2009-03-31T00:00:00,2030-12-31T23:59:59
AS_NP26,DTCHFLT2_7_B1,AS_NP26,,2009-03-31T07:00:00-00:00,2031-01-01T07:59:59-00:00,2009-03-31T00:00:00,2030-12-31T23:59:59
AS_NP26,DUANECT1_7_N001,AS_NP26,,2009-03-31T07:00:00-00:00,2031-01-01T07:59:59-00:00,2009-03-31T00:00:00,2030-12-31T23:59:59
AS_NP26,DUANECT1_7_N002,AS_NP26,,2023-05-05T07:00:00-00:00,2031-01-01T07:59:59-00:00,2023-05-05T00:00:00,2030-12-31T23:59:59
AS_NP26,DUANECT2_7_N001,AS_NP26,,2009-03-31T07:00:00-00:00,2031-01-01T07:59:59-00:00,2009-03-31T00:00:00,2030-12-31T23:59:59
AS_NP26,DUANECT2_7_N002,AS_NP26,,2023-05-05T07:00:00-00:00,2031-01-01T07:59:59-00:00,2023-05-05T00:00:00,2030-12-31T23:59:59
AS_NP26,DUANEST3_7_N001,AS_NP26,,2009-03-31T07:00:00-00:00,2031-01-01T07:59:59-00:00,2009-03-31T00:00:00,2030-12-31T23:59:59
AS_NP26,DUANEST3_7_N002,AS_NP26,,2023-05-05T07:00:00-00:00,2031-01-01T07:59:59-00:00,2023-05-05T00:00:00,2030-12-31T23:59:59
AS_NP26,DUANE_1_PL1X3-APND,AS_NP26,,2009-03-31T07:00:00-00:00,2031-01-01T07:59:59-00:00,2009-03-31T00:00:00,2030-12-31T23:59:59
AS_NP26,DUKMOSS1_7_B1,AS_NP26,,2009-03-31T07:00:00-00:00,2031-01-01T07:59:59-00:00,2009-03-31T00:00:00,2030-12-31T23:59:59
AS_NP26,DUKMOSS1_7_N001,AS_NP26,,2009-03-31T07:00:00-00:00,2031-01-01T07:59:59-00:00,2009-03-31T00:00:00,2030-12-31T23:59:59
AS_NP26,DUKMOSS2_7_B1,AS_NP26,,2009-03-31T07:00:00-00:00,2031-01-01T07:59:59-00:00,2009-03-31T00:00:00,2030-12-31T23:59:59
AS_NP26,DUKMOSS2_7_N001,AS_NP26,,2009-03-31T07:00:00-00:00,2031-01-01T07:59:59-00:00,2009-03-31T00:00:00,2030-12-31T23:59:59
AS_NP26,DUKMOSS3_7_B2,AS_NP26,,2009-03-31T07:00:00-00:00,2031-01-01T07:59:59-00:00,2009-03-31T00:00:00,2030-12-31T23:59:59
AS_NP26,DUKMOSS3_7_N001,AS_NP26,,2009-03-31T07:00:00-00:00,2031-01-01T07:59:59-00:00,2009-03-31T00:00:00,2030-12-31T23:59:59
AS_NP26,DUKMOSS3_7_N002,AS_NP26,,2009-03-31T07:00:00-00:00,2031-01-01T07:59:59-00:00,2009-03-31T00:00:00,2030-12-31T23:59:59
AS_NP26,DUKMOSS4_7_B1,AS_NP26,,2009-03-31T07:00:00-00:00,2031-01-01T07:59:59-00:00,2009-03-31T00:00:00,2030-12-31T23:59:59
AS_NP26,DUKMOSS4_7_N001,AS_NP26,,2009-03-31T07:00:00-00:00,2031-01-01T07:59:59-00:00,2009-03-31T00:00:00,2030-12-31T23:59:59
AS_NP26,DUKMOSS5_7_B1,AS_NP26,,2009-03-31T07:00:00-00:00,2031-01-01T07:59:59-00:00,2009-03-31T00:00:00,2030-12-31T23:59:59
AS_NP26,DUKMOSS5_7_N001,AS_NP26,,2009-03-31T07:00:00-00:00,2031-01-01T07:59:59-00:00,2009-03-31T00:00:00,2030-12-31T23:59:59
AS_NP26,DUKMOSS6_7_B2,AS_NP26,,2009-03-31T07:00:00-00:00,2031-01-01T07:59:59-00:00,2009-03-31T00:00:00,2030-12-31T23:59:59
AS_NP26,DUKMOSS6_7_N001,AS_NP26,,2009-03-31T07:00:00-00:00,2031-01-01T07:59:59-00:00,2009-03-31T00:00:00,2030-12-31T23:59:59
AS_NP26,DUKMOSS6_7_N002,AS_NP26,,2009-03-31T07:00:00-00:00,2031-01-01T07:59:59-00:00,2009-03-31T00:00:00,2030-12-31T23:59:59
AS_NP26,DUMBARTN_1_N001,AS_NP26,,2009-03-31T07:00:00-00:00,2031-01-01T07:59:59-00:00,2009-03-31T00:00:00,2030-12-31T23:59:59
AS_NP26,DUMBARTN_1_N003,AS_NP26,,2009-03-31T07:00:00-00:00,2031-01-01T07:59:59-00:00,2009-03-31T00:00:00,2030-12-31T23:59:59
AS_NP26,DUMBARTN_1_N011,AS_NP26,,2009-03-31T07:00:00-00:00,2031-01-01T07:59:59-00:00,2009-03-31T00:00:00,2030-12-31T23:59:59
AS_NP26,DUNBAR_6_N001,AS_NP26,,2009-03-31T07:00:00-00:00,2031-01-01T07:59:59-00:00,2009-03-31T00:00:00,2030-12-31T23:59:59
AS_NP26,DUNBAR_6_N002,AS_NP26,,2009-03-31T07:00:00-00:00,2031-01-01T07:59:59-00:00,2009-03-31T00:00:00,2030-12-31T23:59:59
AS_NP26,DUNLAP_6_N001,AS_NP26,,2009-03-31T07:00:00-00:00,2031-01-01T07:59:59-00:00,2009-03-31T00:00:00,2030-12-31T23:59:59
AS_NP26,DUNNIGAN_6_N001,AS_NP26,,2009-03-31T07:00:00-00:00,2031-01-01T07:59:59-00:00,2009-03-31T00:00:00,2030-12-31T23:59:59
AS_NP26,DUPONT_6_N001,AS_NP26,,2009-03-31T07:00:00-00:00,2031-01-01T07:59:59-00:00,2009-03-31T00:00:00,2030-12-31T23:59:59
AS_NP26,DYERSM3_7_N001,AS_NP26,,2025-05-13T07:00:00-00:00,2031-01-01T07:59:59-00:00,2025-05-13T00:00:00,2030-12-31T23:59:59
AS_NP26,EANDB_1_N001,AS_NP26,,2016-05-19T07:00:00-00:00,2031-01-01T07:59:59-00:00,2016-05-19T00:00:00,2030-12-31T23:59:59
AS_NP26,EBMUDGRY_1_N001,AS_NP26,,2009-03-31T07:00:00-00:00,2031-01-01T07:59:59-00:00,2009-03-31T00:00:00,2030-12-31T23:59:59
AS_NP26,EDENVALE_1_N001,AS_NP26,,2009-03-31T07:00:00-00:00,2031-01-01T07:59:59-00:00,2009-03-31T00:00:00,2030-12-31T23:59:59
AS_NP26,EDENVALE_1_N004,AS_NP26,,2009-03-31T07:00:00-00:00,2031-01-01T07:59:59-00:00,2009-03-31T00:00:00,2030-12-31T23:59:59
AS_NP26,EDENVALE_1_N006,AS_NP26,,2009-03-31T07:00:00-00:00,2031-01-01T07:59:59-00:00,2009-03-31T00:00:00,2030-12-31T23:59:59
AS_NP26,EDENVALE_1_N008,AS_NP26,,2009-03-31T07:00:00-00:00,2031-01-01T07:59:59-00:00,2009-03-31T00:00:00,2030-12-31T23:59:59
AS_NP26,EDES_1_N001,AS_NP26,,2009-03-31T07:00:00-00:00,2031-01-01T07:59:59-00:00,2009-03-31T00:00:00,2030-12-31T23:59:59
AS_NP26,EDES_1_N003,AS_NP26,,2025-10-15T07:00:00-00:00,2031-01-01T07:59:59-00:00,2025-10-15T00:00:00,2030-12-31T23:59:59
AS_NP26,EDES_7_N002,AS_NP26,,2025-10-15T07:00:00-00:00,2031-01-01T07:59:59-00:00,2025-10-15T00:00:00,2030-12-31T23:59:59
AS_NP26,EDUBLIN_6_N001,AS_NP26,,2009-03-31T07:00:00-00:00,2031-01-01T07:59:59-00:00,2009-03-31T00:00:00,2030-12-31T23:59:59
AS_NP26,EDUBLIN_6_N101,AS_NP26,,2009-03-31T07:00:00-00:00,2031-01-01T07:59:59-00:00,2009-03-31T00:00:00,2030-12-31T23:59:59
AS_NP26,EELRIVR_6_N001,AS_NP26,,2017-11-16T08:00:00-00:00,2031-01-01T07:59:59-00:00,2017-11-16T00:00:00,2030-12-31T23:59:59
AS_NP26,EELRIVR_6_N005,AS_NP26,,2015-10-22T07:00:00-00:00,2031-01-01T07:59:59-00:00,2015-10-22T00:00:00,2030-12-31T23:59:59
AS_NP26,EGLERCK_1_B1,AS_NP26,,2017-08-17T07:00:00-00:00,2031-01-01T07:59:59-00:00,2017-08-17T00:00:00,2030-12-31T23:59:59
AS_NP26,EIGHTMI_2_N017,AS_NP26,,2009-03-31T07:00:00-00:00,2031-01-01T07:59:59-00:00,2009-03-31T00:00:00,2030-12-31T23:59:59
AS_NP26,EIGHTMI_2_N020,AS_NP26,,2009-06-25T07:00:00-00:00,2031-01-01T07:59:59-00:00,2009-06-25T00:00:00,2030-12-31T23:59:59
AS_NP26,EISEN_6_N001,AS_NP26,,2009-03-31T07:00:00-00:00,2031-01-01T07:59:59-00:00,2009-03-31T00:00:00,2030-12-31T23:59:59
AS_NP26,ELCAPTN_1_N001,AS_NP26,,2013-07-18T07:00:00-00:00,2031-01-01T07:59:59-00:00,2013-07-18T00:00:00,2030-12-31T23:59:59
AS_NP26,ELCAPTN_1_N004,AS_NP26,,2013-07-18T07:00:00-00:00,2031-01-01T07:59:59-00:00,2013-07-18T00:00:00,2030-12-31T23:59:59
AS_NP26,ELCAPTN_1_N005,AS_NP26,,2013-07-18T07:00:00-00:00,2031-01-01T07:59:59-00:00,2013-07-18T00:00:00,2030-12-31T23:59:59
AS_NP26,ELCAPTN_1_N008,AS_NP26,,2011-08-12T07:00:00-00:00,2031-01-01T07:59:59-00:00,2011-08-12T00:00:00,2030-12-31T23:59:59
AS_NP26,ELCAPTN_7_N004,AS_NP26,,2025-05-13T07:00:00-00:00,2031-01-01T07:59:59-00:00,2025-05-13T00:00:00,2030-12-31T23:59:59
AS_NP26,ELCRRTO_1_N001,AS_NP26,,2009-03-31T07:00:00-00:00,2031-01-01T07:59:59-00:00,2009-03-31T00:00:00,2030-12-31T23:59:59
AS_NP26,ELCRRTO_1_N023,AS_NP26,,2023-11-15T08:00:00-00:00,2031-01-01T07:59:59-00:00,2023-11-15T00:00:00,2030-12-31T23:59:59
AS_NP26,ELCRTLD1_1_N001,AS_NP26,,2009-03-31T07:00:00-00:00,2031-01-01T07:59:59-00:00,2009-03-31T00:00:00,2030-12-31T23:59:59
AS_NP26,ELCRTLD2_1_N001,AS_NP26,,2009-03-31T07:00:00-00:00,2031-01-01T07:59:59-00:00,2009-03-31T00:00:00,2030-12-31T23:59:59
AS_NP26,ELCRTLD4_1_N001,AS_NP26,,2009-03-31T07:00:00-00:00,2031-01-01T07:59:59-00:00,2009-03-31T00:00:00,2030-12-31T23:59:59
AS_NP26,ELDORU1_7_B2,AS_NP26,,2025-05-13T07:00:00-00:00,2031-01-01T07:59:59-00:00,2025-05-13T00:00:00,2030-12-31T23:59:59
AS_NP26,ELDORU1_7_N001,AS_NP26,,2009-03-31T07:00:00-00:00,2031-01-01T07:59:59-00:00,2009-03-31T00:00:00,2030-12-31T23:59:59
AS_NP26,ELDORU2_7_B2,AS_NP26,,2025-05-13T07:00:00-00:00,2031-01-01T07:59:59-00:00,2025-05-13T00:00:00,2030-12-31T23:59:59
AS_NP26,ELDORU2_7_N001,AS_NP26,,2009-03-31T07:00:00-00:00,2031-01-01T07:59:59-00:00,2009-03-31T00:00:00,2030-12-31T23:59:59
AS_NP26,ELECTRAJ_6_N009,AS_NP26,,2009-03-31T07:00:00-00:00,2031-01-01T07:59:59-00:00,2009-03-31T00:00:00,2030-12-31T23:59:59
AS_NP26,ELECTRA_2_B1,AS_NP26,,2017-08-17T07:00:00-00:00,2031-01-01T07:59:59-00:00,2017-08-17T00:00:00,2030-12-31T23:59:59
AS_NP26,ELECTRA_7_B1,AS_NP26,,2023-05-05T07:00:00-00:00,2031-01-01T07:59:59-00:00,2023-05-05T00:00:00,2030-12-31T23:59:59
AS_NP26,ELECTRA_7_B3,AS_NP26,,2023-05-05T07:00:00-00:00,2031-01-01T07:59:59-00:00,2023-05-05T00:00:00,2030-12-31T23:59:59
AS_NP26,ELECTRA_7_B4,AS_NP26,,2023-05-05T07:00:00-00:00,2031-01-01T07:59:59-00:00,2023-05-05T00:00:00,2030-12-31T23:59:59
AS_NP26,ELECTR_7_PL1X3-APND,AS_NP26,,2009-03-31T07:00:00-00:00,2031-01-01T07:59:59-00:00,2009-03-31T00:00:00,2030-12-31T23:59:59
AS_NP26,ELGNJCT_6_B1,AS_NP26,,2017-08-17T07:00:00-00:00,2031-01-01T07:59:59-00:00,2017-08-17T00:00:00,2030-12-31T23:59:59
AS_NP26,ELKCREEK_6_N001,AS_NP26,,2009-03-31T07:00:00-00:00,2031-01-01T07:59:59-00:00,2009-03-31T00:00:00,2030-12-31T23:59:59
AS_NP26,ELKCREEK_6_N003,AS_NP26,,2009-03-31T07:00:00-00:00,2031-01-01T07:59:59-00:00,2009-03-31T00:00:00,2030-12-31T23:59:59
AS_NP26,ELKCRKJT_6_B1,AS_NP26,,2017-08-17T07:00:00-00:00,2031-01-01T07:59:59-00:00,2017-08-17T00:00:00,2030-12-31T23:59:59
AS_NP26,ELKHIL1G_7_B2,AS_NP26,,2009-03-31T07:00:00-00:00,2031-01-01T07:59:59-00:00,2009-03-31T00:00:00,2030-12-31T23:59:59
AS_NP26,ELKHIL1G_7_N001,AS_NP26,,2009-03-31T07:00:00-00:00,2031-01-01T07:59:59-00:00,2009-03-31T00:00:00,2030-12-31T23:59:59
AS_NP26,ELKHIL2G_7_B2,AS_NP26,,2009-03-31T07:00:00-00:00,2031-01-01T07:59:59-00:00,2009-03-31T00:00:00,2030-12-31T23:59:59
AS_NP26,ELKHIL2G_7_N001,AS_NP26,,2009-03-31T07:00:00-00:00,2031-01-01T07:59:59-00:00,2009-03-31T00:00:00,2030-12-31T23:59:59
AS_NP26,ELKHIL3G_7_B1,AS_NP26,,2009-03-31T07:00:00-00:00,2031-01-01T07:59:59-00:00,2009-03-31T00:00:00,2030-12-31T23:59:59
AS_NP26,ELKHILLS_7_N001,AS_NP26,,2025-05-13T07:00:00-00:00,2031-01-01T07:59:59-00:00,2025-05-13T00:00:00,2030-12-31T23:59:59
AS_NP26,ELKHILLS_7_N002,AS_NP26,,2015-04-23T07:00:00-00:00,2031-01-01T07:59:59-00:00,2015-04-23T00:00:00,2030-12-31T23:59:59
AS_NP26,ELKHILLS_7_N003,AS_NP26,,2025-05-13T07:00:00-00:00,2031-01-01T07:59:59-00:00,2025-05-13T00:00:00,2030-12-31T23:59:59
AS_NP26,ELKHIL_2_PL1X3-APND,AS_NP26,,2009-03-31T07:00:00-00:00,2031-01-01T07:59:59-00:00,2009-03-31T00:00:00,2030-12-31T23:59:59
AS_NP26,ELKHRN_1_EESX3-APND,AS_NP26,,2021-06-17T07:00:00-00:00,2031-01-01T07:59:59-00:00,2021-06-17T00:00:00,2030-12-31T23:59:59
AS_NP26,ELKHRN_7_N001,AS_NP26,,2021-04-28T07:00:00-00:00,2031-01-01T07:59:59-00:00,2021-04-28T00:00:00,2030-12-31T23:59:59
AS_NP26,ELKHRN_7_N002,AS_NP26,,2020-12-09T08:00:00-00:00,2031-01-01T07:59:59-00:00,2020-12-09T00:00:00,2030-12-31T23:59:59
AS_NP26,ELKHRN_7_N003,AS_NP26,,2020-12-09T08:00:00-00:00,2031-01-01T07:59:59-00:00,2020-12-09T00:00:00,2030-12-31T23:59:59
AS_NP26,ELK_6_N001,AS_NP26,,2009-03-31T07:00:00-00:00,2031-01-01T07:59:59-00:00,2009-03-31T00:00:00,2030-12-31T23:59:59
AS_NP26,ELLSGTY_1_N001,AS_NP26,,2009-03-31T07:00:00-00:00,2031-01-01T07:59:59-00:00,2009-03-31T00:00:00,2030-12-31T23:59:59
AS_NP26,ELNIDBIO_6_N001,AS_NP26,,2009-03-31T07:00:00-00:00,2031-01-01T07:59:59-00:00,2009-03-31T00:00:00,2030-12-31T23:59:59
AS_NP26,ELNIDO_1_N004,AS_NP26,,2009-03-31T07:00:00-00:00,2031-01-01T07:59:59-00:00,2009-03-31T00:00:00,2030-12-31T23:59:59
AS_NP26,ELNIDO_7_N001,AS_NP26,,2024-05-15T07:00:00-00:00,2031-01-01T07:59:59-00:00,2024-05-15T00:00:00,2030-12-31T23:59:59
AS_NP26,ELNIDO_7_N002,AS_NP26,,2025-05-13T07:00:00-00:00,2031-01-01T07:59:59-00:00,2025-05-13T00:00:00,2030-12-31T23:59:59
AS_NP26,ELPATIO_1_N001,AS_NP26,,2009-03-31T07:00:00-00:00,2031-01-01T07:59:59-00:00,2009-03-31T00:00:00,2030-12-31T23:59:59
AS_NP26,ELPATIO_1_N006,AS_NP26,,2009-03-31T07:00:00-00:00,2031-01-01T07:59:59-00:00,2009-03-31T00:00:00,2030-12-31T23:59:59
AS_NP26,ELPATIO_1_N015,AS_NP26,,2009-03-31T07:00:00-00:00,2031-01-01T07:59:59-00:00,2009-03-31T00:00:00,2030-12-31T23:59:59
AS_NP26,ELPATIO_1_N029,AS_NP26,,2014-02-13T08:00:00-00:00,2031-01-01T07:59:59-00:00,2014-02-13T00:00:00,2030-12-31T23:59:59
AS_NP26,ELPECO_6_N004,AS_NP26,,2009-03-31T07:00:00-00:00,2031-01-01T07:59:59-00:00,2009-03-31T00:00:00,2030-12-31T23:59:59
AS_NP26,ELPECO_6_N005,AS_NP26,,2009-03-31T07:00:00-00:00,2031-01-01T07:59:59-00:00,2009-03-31T00:00:00,2030-12-31T23:59:59
AS_NP26,EMBRCDR_2_N001,AS_NP26,,2009-03-31T07:00:00-00:00,2031-01-01T07:59:59-00:00,2009-03-31T00:00:00,2030-12-31T23:59:59
AS_NP26,EMBRCDR_2_N008,AS_NP26,,2009-03-31T07:00:00-00:00,2031-01-01T07:59:59-00:00,2009-03-31T00:00:00,2030-12-31T23:59:59
AS_NP26,EMBRCDR_2_N101,AS_NP26,,2009-03-31T07:00:00-00:00,2031-01-01T07:59:59-00:00,2009-03-31T00:00:00,2030-12-31T23:59:59
AS_NP26,EMBRCDR_2_N104,AS_NP26,,2009-03-31T07:00:00-00:00,2031-01-01T07:59:59-00:00,2009-03-31T00:00:00,2030-12-31T23:59:59
AS_NP26,EMRLDLE_6_N001,AS_NP26,,2009-03-31T07:00:00-00:00,2031-01-01T07:59:59-00:00,2009-03-31T00:00:00,2030-12-31T23:59:59
AS_NP26,EMRYSVE_1_N001,AS_NP26,,2009-03-31T07:00:00-00:00,2031-01-01T07:59:59-00:00,2009-03-31T00:00:00,2030-12-31T23:59:59
AS_NP26,EMRYSVE_1_N003,AS_NP26,,2009-03-31T07:00:00-00:00,2031-01-01T07:59:59-00:00,2009-03-31T00:00:00,2030-12-31T23:59:59
AS_NP26,ENCINAL_6_N001,AS_NP26,,2009-03-31T07:00:00-00:00,2031-01-01T07:59:59-00:00,2009-03-31T00:00:00,2030-12-31T23:59:59
AS_NP26,ENICOLS_1_N023,AS_NP26,,2015-01-15T08:00:00-00:00,2031-01-01T07:59:59-00:00,2015-01-15T00:00:00,2030-12-31T23:59:59
AS_NP26,ERTA_6_N001,AS_NP26,,2009-03-31T07:00:00-00:00,2031-01-01T07:59:59-00:00,2009-03-31T00:00:00,2030-12-31T23:59:59
AS_NP26,ESHORE_2_B1,AS_NP26,,2017-08-17T07:00:00-00:00,2031-01-01T07:59:59-00:00,2017-08-17T00:00:00,2030-12-31T23:59:59
AS_NP26,ESQUON_6_N001,AS_NP26,,2009-03-31T07:00:00-00:00,2031-01-01T07:59:59-00:00,2009-03-31T00:00:00,2030-12-31T23:59:59
AS_NP26,ESTCKTN_6_N002,AS_NP26,,2009-03-31T07:00:00-00:00,2031-01-01T07:59:59-00:00,2009-03-31T00:00:00,2030-12-31T23:59:59
AS_NP26,ESTCKTN_6_N101,AS_NP26,,2010-08-26T07:00:00-00:00,2031-01-01T07:59:59-00:00,2010-08-26T00:00:00,2030-12-31T23:59:59
AS_NP26,ESTGRND_1_LN001,AS_NP26,,2022-09-01T07:00:00-00:00,2031-01-01T07:59:59-00:00,2022-09-01T00:00:00,2030-12-31T23:59:59
AS_NP26,ESTGRND_1_N001,AS_NP26,,2022-09-01T07:00:00-00:00,2031-01-01T07:59:59-00:00,2022-09-01T00:00:00,2030-12-31T23:59:59
AS_NP26,ESTGRND_1_N005,AS_NP26,,2022-09-01T07:00:00-00:00,2031-01-01T07:59:59-00:00,2022-09-01T00:00:00,2030-12-31T23:59:59
AS_NP26,ESTGRND_1_N009,AS_NP26,,2022-09-01T07:00:00-00:00,2031-01-01T07:59:59-00:00,2022-09-01T00:00:00,2030-12-31T23:59:59
AS_NP26,ESTPRTL_1_N001,AS_NP26,,2009-03-31T07:00:00-00:00,2031-01-01T07:59:59-00:00,2009-03-31T00:00:00,2030-12-31T23:59:59
AS_NP26,ESTQNCY_6_B1,AS_NP26,,2017-08-17T07:00:00-00:00,2031-01-01T07:59:59-00:00,2017-08-17T00:00:00,2030-12-31T23:59:59
AS_NP26,ESTQNCY_6_N001,AS_NP26,,2009-03-31T07:00:00-00:00,2031-01-01T07:59:59-00:00,2009-03-31T00:00:00,2030-12-31T23:59:59
AS_NP26,EUREKAA_6_N001,AS_NP26,,2009-03-31T07:00:00-00:00,2031-01-01T07:59:59-00:00,2009-03-31T00:00:00,2030-12-31T23:59:59
AS_NP26,EUREKA_6_N001,AS_NP26,,2016-08-18T07:00:00-00:00,2031-01-01T07:59:59-00:00,2016-08-18T00:00:00,2030-12-31T23:59:59
AS_NP26,EVRGREEN_1_N001,AS_NP26,,2009-03-31T07:00:00-00:00,2031-01-01T07:59:59-00:00,2009-03-31T00:00:00,2030-12-31T23:59:59
AS_NP26,EVRGREEN_1_N019,AS_NP26,,2009-03-31T07:00:00-00:00,2031-01-01T07:59:59-00:00,2009-03-31T00:00:00,2030-12-31T23:59:59
AS_NP26,EXCHQRTP_7_B1,AS_NP26,,2017-08-17T07:00:00-00:00,2031-01-01T07:59:59-00:00,2017-08-17T00:00:00,2030-12-31T23:59:59
AS_NP26,EXCHQUER_7_B1,AS_NP26,,2009-03-31T07:00:00-00:00,2031-01-01T07:59:59-00:00,2009-03-31T00:00:00,2030-12-31T23:59:59
AS_NP26,EXXONBH_7_B2,AS_NP26,,2010-02-24T08:00:00-00:00,2031-01-01T07:59:59-00:00,2010-02-24T00:00:00,2030-12-31T23:59:59
AS_NP26,EXXONBH_7_N001,AS_NP26,,2009-03-31T07:00:00-00:00,2031-01-01T07:59:59-00:00,2009-03-31T00:00:00,2030-12-31T23:59:59
AS_NP26,EXXONBH_7_N005,AS_NP26,,2025-05-13T07:00:00-00:00,2031-01-01T07:59:59-00:00,2025-05-13T00:00:00,2030-12-31T23:59:59
AS_NP26,FAIRHAVN_6_N001,AS_NP26,,2023-11-15T08:00:00-00:00,2031-01-01T07:59:59-00:00,2023-11-15T00:00:00,2030-12-31T23:59:59
AS_NP26,FAIRVIEW_6_N001,AS_NP26,,2017-02-16T08:00:00-00:00,2031-01-01T07:59:59-00:00,2017-02-16T00:00:00,2030-12-31T23:59:59
AS_NP26,FAIRVIEW_6_N002,AS_NP26,,2017-02-16T08:00:00-00:00,2031-01-01T07:59:59-00:00,2017-02-16T00:00:00,2030-12-31T23:59:59
AS_NP26,FAIRVIEW_7_N005,AS_NP26,,2023-07-27T07:00:00-00:00,2031-01-01T07:59:59-00:00,2023-07-27T00:00:00,2030-12-31T23:59:59
AS_NP26,FAIRWAY_1_N001,AS_NP26,,2009-03-31T07:00:00-00:00,2031-01-01T07:59:59-00:00,2009-03-31T00:00:00,2030-12-31T23:59:59
AS_NP26,FAIRWAY_1_N002,AS_NP26,,2009-03-31T07:00:00-00:00,2031-01-01T07:59:59-00:00,2009-03-31T00:00:00,2030-12-31T23:59:59
AS_NP26,FAMOSO_1_N001,AS_NP26,,2009-03-31T07:00:00-00:00,2031-01-01T07:59:59-00:00,2009-03-31T00:00:00,2030-12-31T23:59:59
AS_NP26,FAMOSO_6_N008,AS_NP26,,2009-03-31T07:00:00-00:00,2031-01-01T07:59:59-00:00,2009-03-31T00:00:00,2030-12-31T23:59:59
AS_NP26,FAYETTE_1_B1,AS_NP26,,2009-03-31T07:00:00-00:00,2031-01-01T07:59:59-00:00,2009-03-31T00:00:00,2030-12-31T23:59:59
AS_NP26,FBERBORD_1_N001,AS_NP26,,2025-05-13T07:00:00-00:00,2031-01-01T07:59:59-00:00,2025-05-13T00:00:00,2030-12-31T23:59:59
AS_NP26,FELLOWSG_7_N001,AS_NP26,,2009-03-31T07:00:00-00:00,2031-01-01T07:59:59-00:00,2009-03-31T00:00:00,2030-12-31T23:59:59
AS_NP26,FELLOWSG_7_N002,AS_NP26,,2025-05-13T07:00:00-00:00,2031-01-01T07:59:59-00:00,2025-05-13T00:00:00,2030-12-31T23:59:59
AS_NP26,FIFTHS_7_N002,AS_NP26,,2025-05-13T07:00:00-00:00,2031-01-01T07:59:59-00:00,2025-05-13T00:00:00,2030-12-31T23:59:59
AS_NP26,FIFTHS_7_N003,AS_NP26,,2025-05-13T07:00:00-00:00,2031-01-01T07:59:59-00:00,2025-05-13T00:00:00,2030-12-31T23:59:59
AS_NP26,FIGARDN_2_LN001,AS_NP26,,2011-03-30T07:00:00-00:00,2031-01-01T07:59:59-00:00,2011-03-30T00:00:00,2030-12-31T23:59:59
AS_NP26,FIGARDN_2_N001,AS_NP26,,2009-03-31T07:00:00-00:00,2031-01-01T07:59:59-00:00,2009-03-31T00:00:00,2030-12-31T23:59:59
AS_NP26,FIGARDN_2_N101,AS_NP26,,2009-03-31T07:00:00-00:00,2031-01-01T07:59:59-00:00,2009-03-31T00:00:00,2030-12-31T23:59:59
AS_NP26,FIREBAGH_6_N001,AS_NP26,,2009-03-31T07:00:00-00:00,2031-01-01T07:59:59-00:00,2009-03-31T00:00:00,2030-12-31T23:59:59
AS_NP26,FLINT_1_N001,AS_NP26,,2009-03-31T07:00:00-00:00,2031-01-01T07:59:59-00:00,2009-03-31T00:00:00,2030-12-31T23:59:59
AS_NP26,FLOWD3-6_7_N100,AS_NP26,,2025-05-13T07:00:00-00:00,2031-01-01T07:59:59-00:00,2025-05-13T00:00:00,2030-12-31T23:59:59
AS_NP26,FLOWD3-6_7_N101,AS_NP26,,2009-03-31T07:00:00-00:00,2031-01-01T07:59:59-00:00,2009-03-31T00:00:00,2030-12-31T23:59:59
AS_NP26,FLOWND1_1_N01,AS_NP26,,2009-03-31T07:00:00-00:00,2031-01-01T07:59:59-00:00,2009-03-31T00:00:00,2030-12-31T23:59:59
AS_NP26,FMC_1_N001,AS_NP26,,2022-09-01T07:00:00-00:00,2031-01-01T07:59:59-00:00,2022-09-01T00:00:00,2030-12-31T23:59:59
AS_NP26,FMC_1_N003,AS_NP26,,2022-09-01T07:00:00-00:00,2031-01-01T07:59:59-00:00,2022-09-01T00:00:00,2030-12-31T23:59:59
AS_NP26,FNTRG1_7_N001,AS_NP26,,2015-10-22T07:00:00-00:00,2031-01-01T07:59:59-00:00,2015-10-22T00:00:00,2030-12-31T23:59:59
AS_NP26,FOOTHILL_1_N001,AS_NP26,,2009-03-31T07:00:00-00:00,2031-01-01T07:59:59-00:00,2009-03-31T00:00:00,2030-12-31T23:59:59
AS_NP26,FORBSTWN_7_B1,AS_NP26,,2025-05-13T07:00:00-00:00,2031-01-01T07:59:59-00:00,2025-05-13T00:00:00,2030-12-31T23:59:59
AS_NP26,FORKBUTT_7_B1,AS_NP26,,2025-05-13T07:00:00-00:00,2031-01-01T07:59:59-00:00,2025-05-13T00:00:00,2030-12-31T23:59:59
AS_NP26,FORSTHL_6_N001,AS_NP26,,2009-03-31T07:00:00-00:00,2031-01-01T07:59:59-00:00,2009-03-31T00:00:00,2030-12-31T23:59:59
AS_NP26,FORTORD_6_N001,AS_NP26,,2009-03-31T07:00:00-00:00,2031-01-01T07:59:59-00:00,2009-03-31T00:00:00,2030-12-31T23:59:59
AS_NP26,FORTORD_6_N025,AS_NP26,,2011-12-21T08:00:00-00:00,2031-01-01T07:59:59-00:00,2011-12-21T00:00:00,2030-12-31T23:59:59
AS_NP26,FORTRSS_6_N001,AS_NP26,,2009-03-31T07:00:00-00:00,2031-01-01T07:59:59-00:00,2009-03-31T00:00:00,2030-12-31T23:59:59
AS_NP26,FOSTERW_7_N001,AS_NP26,,2009-03-31T07:00:00-00:00,2031-01-01T07:59:59-00:00,2009-03-31T00:00:00,2030-12-31T23:59:59
AS_NP26,FOSTERW_7_N004,AS_NP26,,2025-05-13T07:00:00-00:00,2031-01-01T07:59:59-00:00,2025-05-13T00:00:00,2030-12-31T23:59:59
AS_NP26,FRANKLIN_6_N003,AS_NP26,,2009-03-31T07:00:00-00:00,2031-01-01T07:59:59-00:00,2009-03-31T00:00:00,2030-12-31T23:59:59
AS_NP26,FRANKLIN_6_N004,AS_NP26,,2009-03-31T07:00:00-00:00,2031-01-01T07:59:59-00:00,2009-03-31T00:00:00,2030-12-31T23:59:59
AS_NP26,FRBSTNTP_1_B1,AS_NP26,,2017-08-17T07:00:00-00:00,2031-01-01T07:59:59-00:00,2017-08-17T00:00:00,2030-12-31T23:59:59
AS_NP26,FRDCIR_6_N005,AS_NP26,,2024-03-20T07:00:00-00:00,2031-01-01T07:59:59-00:00,2024-03-20T00:00:00,2030-12-31T23:59:59
AS_NP26,FRDCIR_6_N007,AS_NP26,,2024-03-20T07:00:00-00:00,2031-01-01T07:59:59-00:00,2024-03-20T00:00:00,2030-12-31T23:59:59
AS_NP26,FREC_7_B1,AS_NP26,,2025-05-13T07:00:00-00:00,2031-01-01T07:59:59-00:00,2025-05-13T00:00:00,2030-12-31T23:59:59
AS_NP26,FREMNT_1_N001,AS_NP26,,2009-03-31T07:00:00-00:00,2031-01-01T07:59:59-00:00,2009-03-31T00:00:00,2030-12-31T23:59:59
AS_NP26,FREMNT_1_N007,AS_NP26,,2009-03-31T07:00:00-00:00,2031-01-01T07:59:59-00:00,2009-03-31T00:00:00,2030-12-31T23:59:59
AS_NP26,FREMNT_1_N013,AS_NP26,,2009-03-31T07:00:00-00:00,2031-01-01T07:59:59-00:00,2009-03-31T00:00:00,2030-12-31T23:59:59
AS_NP26,FRESNOWW_6_N001,AS_NP26,,2009-03-31T07:00:00-00:00,2031-01-01T07:59:59-00:00,2009-03-31T00:00:00,2030-12-31T23:59:59
AS_NP26,FRIANTDM_7_B1,AS_NP26,,2025-05-13T07:00:00-00:00,2031-01-01T07:59:59-00:00,2025-05-13T00:00:00,2030-12-31T23:59:59
AS_NP26,FRITOLAY_7_N001,AS_NP26,,2009-03-31T07:00:00-00:00,2031-01-01T07:59:59-00:00,2009-03-31T00:00:00,2030-12-31T23:59:59
AS_NP26,FRITOLAY_7_N002,AS_NP26,,2023-05-05T07:00:00-00:00,2031-01-01T07:59:59-00:00,2023-05-05T00:00:00,2030-12-31T23:59:59
AS_NP26,FRNCHCP_6_LN001,AS_NP26,,2010-08-26T07:00:00-00:00,2031-01-01T07:59:59-00:00,2010-08-26T00:00:00,2030-12-31T23:59:59
AS_NP26,FRNCHCP_6_N001,AS_NP26,,2010-08-26T07:00:00-00:00,2031-01-01T07:59:59-00:00,2010-08-26T00:00:00,2030-12-31T23:59:59
AS_NP26,FRNCHGLH_6_N001,AS_NP26,,2009-03-31T07:00:00-00:00,2031-01-01T07:59:59-00:00,2009-03-31T00:00:00,2030-12-31T23:59:59
AS_NP26,FRNCHMD_7_B1,AS_NP26,,2009-03-31T07:00:00-00:00,2031-01-01T07:59:59-00:00,2009-03-31T00:00:00,2030-12-31T23:59:59
AS_NP26,FRNCHMS_6_B1,AS_NP26,,2017-08-17T07:00:00-00:00,2031-01-01T07:59:59-00:00,2017-08-17T00:00:00,2030-12-31T23:59:59
AS_NP26,FRNCHMS_6_N005,AS_NP26,,2025-05-13T07:00:00-00:00,2031-01-01T07:59:59-00:00,2025-05-13T00:00:00,2030-12-31T23:59:59
AS_NP26,FROGTOWN_7_N001,AS_NP26,,2009-03-31T07:00:00-00:00,2031-01-01T07:59:59-00:00,2009-03-31T00:00:00,2030-12-31T23:59:59
AS_NP26,FROGTOWN_7_N004,AS_NP26,,2025-05-13T07:00:00-00:00,2031-01-01T07:59:59-00:00,2025-05-13T00:00:00,2030-12-31T23:59:59
AS_NP26,FROGTOWN_7_N005,AS_NP26,,2025-05-13T07:00:00-00:00,2031-01-01T07:59:59-00:00,2025-05-13T00:00:00,2030-12-31T23:59:59
AS_NP26,FRSHXPRS_6_B1,AS_NP26,,2009-03-31T07:00:00-00:00,2031-01-01T07:59:59-00:00,2009-03-31T00:00:00,2030-12-31T23:59:59
AS_NP26,FRSTGLEN_1_N001,AS_NP26,,2009-03-31T07:00:00-00:00,2031-01-01T07:59:59-00:00,2009-03-31T00:00:00,2030-12-31T23:59:59
AS_NP26,FRTSWRD_6_GN001,AS_NP26,,2025-05-13T07:00:00-00:00,2031-01-01T07:59:59-00:00,2025-05-13T00:00:00,2030-12-31T23:59:59
AS_NP26,FRTSWRD_6_N001,AS_NP26,,2009-03-31T07:00:00-00:00,2031-01-01T07:59:59-00:00,2009-03-31T00:00:00,2030-12-31T23:59:59
AS_NP26,FRTSWRD_6_N004,AS_NP26,,2025-05-13T07:00:00-00:00,2031-01-01T07:59:59-00:00,2025-05-13T00:00:00,2030-12-31T23:59:59
AS_NP26,FRUITLND_6_N001,AS_NP26,,2009-03-31T07:00:00-00:00,2031-01-01T07:59:59-00:00,2009-03-31T00:00:00,2030-12-31T23:59:59
AS_NP26,FRUITVLE_6_N001,AS_NP26,,2009-03-31T07:00:00-00:00,2031-01-01T07:59:59-00:00,2009-03-31T00:00:00,2030-12-31T23:59:59
AS_NP26,FRUITVLE_6_N101,AS_NP26,,2009-03-31T07:00:00-00:00,2031-01-01T07:59:59-00:00,2009-03-31T00:00:00,2030-12-31T23:59:59
AS_NP26,FRWTG1_7_N001,AS_NP26,,2025-05-13T07:00:00-00:00,2031-01-01T07:59:59-00:00,2025-05-13T00:00:00,2030-12-31T23:59:59
AS_NP26,FTBRGD1_7_N003,AS_NP26,,2013-07-18T07:00:00-00:00,2031-01-01T07:59:59-00:00,2013-07-18T00:00:00,2030-12-31T23:59:59
AS_NP26,FTBRGD2_7_N003,AS_NP26,,2013-07-18T07:00:00-00:00,2031-01-01T07:59:59-00:00,2013-07-18T00:00:00,2030-12-31T23:59:59
AS_NP26,FTCHMTN_6_N001,AS_NP26,,2009-03-31T07:00:00-00:00,2031-01-01T07:59:59-00:00,2009-03-31T00:00:00,2030-12-31T23:59:59
AS_NP26,FTCHMTN_6_N003,AS_NP26,,2009-03-31T07:00:00-00:00,2031-01-01T07:59:59-00:00,2009-03-31T00:00:00,2030-12-31T23:59:59
AS_NP26,FULTON_1_N020,AS_NP26,,2025-05-13T07:00:00-00:00,2031-01-01T07:59:59-00:00,2025-05-13T00:00:00,2030-12-31T23:59:59
AS_NP26,FULTON_2_B1,AS_NP26,,2017-08-17T07:00:00-00:00,2031-01-01T07:59:59-00:00,2017-08-17T00:00:00,2030-12-31T23:59:59
AS_NP26,FULTON_2_N010,AS_NP26,,2009-03-31T07:00:00-00:00,2031-01-01T07:59:59-00:00,2009-03-31T00:00:00,2030-12-31T23:59:59
AS_NP26,FULTON_2_N049,AS_NP26,,2009-03-31T07:00:00-00:00,2031-01-01T07:59:59-00:00,2009-03-31T00:00:00,2030-12-31T23:59:59
AS_NP26,GABILAN_6_N001,AS_NP26,,2009-03-31T07:00:00-00:00,2031-01-01T07:59:59-00:00,2009-03-31T00:00:00,2030-12-31T23:59:59
AS_NP26,GALLO_1_N009,AS_NP26,,2015-04-23T07:00:00-00:00,2031-01-01T07:59:59-00:00,2015-04-23T00:00:00,2030-12-31T23:59:59
AS_NP26,GANSNER_6_N101,AS_NP26,,2009-03-31T07:00:00-00:00,2031-01-01T07:59:59-00:00,2009-03-31T00:00:00,2030-12-31T23:59:59
AS_NP26,GANSOGN_7_N001,AS_NP26,,2025-05-13T07:00:00-00:00,2031-01-01T07:59:59-00:00,2025-05-13T00:00:00,2030-12-31T23:59:59
AS_NP26,GANSO_1_N001,AS_NP26,,2017-11-16T08:00:00-00:00,2031-01-01T07:59:59-00:00,2017-11-16T00:00:00,2030-12-31T23:59:59
AS_NP26,GARCIA_6_N001,AS_NP26,,2009-03-31T07:00:00-00:00,2031-01-01T07:59:59-00:00,2009-03-31T00:00:00,2030-12-31T23:59:59
AS_NP26,GARDNER_6_N001,AS_NP26,,2009-03-31T07:00:00-00:00,2031-01-01T07:59:59-00:00,2009-03-31T00:00:00,2030-12-31T23:59:59
AS_NP26,GAREY_1_N002,AS_NP26,,2009-03-31T07:00:00-00:00,2031-01-01T07:59:59-00:00,2009-03-31T00:00:00,2030-12-31T23:59:59
AS_NP26,GATESBK4_7_N001,AS_NP26,,2013-05-09T07:00:00-00:00,2031-01-01T07:59:59-00:00,2013-05-09T00:00:00,2030-12-31T23:59:59
AS_NP26,GATESBK4_7_N002,AS_NP26,,2025-05-13T07:00:00-00:00,2031-01-01T07:59:59-00:00,2025-05-13T00:00:00,2030-12-31T23:59:59
AS_NP26,GATESBK4_7_N003,AS_NP26,,2025-05-13T07:00:00-00:00,2031-01-01T07:59:59-00:00,2025-05-13T00:00:00,2030-12-31T23:59:59
AS_NP26,GATESBK4_7_N005,AS_NP26,,2014-08-28T07:00:00-00:00,2031-01-01T07:59:59-00:00,2014-08-28T00:00:00,2030-12-31T23:59:59
AS_NP26,GATEWAY1_7_N001,AS_NP26,,2010-08-26T07:00:00-00:00,2031-01-01T07:59:59-00:00,2010-08-26T00:00:00,2030-12-31T23:59:59
AS_NP26,GATEWAY2_7_N001,AS_NP26,,2010-08-26T07:00:00-00:00,2031-01-01T07:59:59-00:00,2010-08-26T00:00:00,2030-12-31T23:59:59
AS_NP26,GATEWAY2_7_N002,AS_NP26,,2009-03-31T07:00:00-00:00,2031-01-01T07:59:59-00:00,2009-03-31T00:00:00,2030-12-31T23:59:59
AS_NP26,GATEWAY3_7_N001,AS_NP26,,2010-08-26T07:00:00-00:00,2031-01-01T07:59:59-00:00,2010-08-26T00:00:00,2030-12-31T23:59:59
AS_NP26,GATEWAY3_7_N002,AS_NP26,,2009-03-31T07:00:00-00:00,2031-01-01T07:59:59-00:00,2009-03-31T00:00:00,2030-12-31T23:59:59
AS_NP26,GATWAY_2_PL1X3-APND,AS_NP26,,2009-03-31T07:00:00-00:00,2031-01-01T07:59:59-00:00,2009-03-31T00:00:00,2030-12-31T23:59:59
AS_NP26,GEN_BUS_7_N003,AS_NP26,,2025-05-13T07:00:00-00:00,2031-01-01T07:59:59-00:00,2025-05-13T00:00:00,2030-12-31T23:59:59
AS_NP26,GEOENGY_7_B3,AS_NP26,,2009-03-31T07:00:00-00:00,2031-01-01T07:59:59-00:00,2009-03-31T00:00:00,2030-12-31T23:59:59
AS_NP26,GERBER_6_N101,AS_NP26,,2009-03-31T07:00:00-00:00,2031-01-01T07:59:59-00:00,2009-03-31T00:00:00,2030-12-31T23:59:59
AS_NP26,GEYERS56_1_B1,AS_NP26,,2017-08-17T07:00:00-00:00,2031-01-01T07:59:59-00:00,2017-08-17T00:00:00,2030-12-31T23:59:59
AS_NP26,GEYSER11_7_B1,AS_NP26,,2009-03-31T07:00:00-00:00,2031-01-01T07:59:59-00:00,2009-03-31T00:00:00,2030-12-31T23:59:59
AS_NP26,GEYSER12_7_B1,AS_NP26,,2009-03-31T07:00:00-00:00,2031-01-01T07:59:59-00:00,2009-03-31T00:00:00,2030-12-31T23:59:59
AS_NP26,GEYSER13_7_N001,AS_NP26,,2010-02-24T08:00:00-00:00,2031-01-01T07:59:59-00:00,2010-02-24T00:00:00,2030-12-31T23:59:59
AS_NP26,GEYSER14_7_N001,AS_NP26,,2010-02-24T08:00:00-00:00,2031-01-01T07:59:59-00:00,2010-02-24T00:00:00,2030-12-31T23:59:59
AS_NP26,GEYSER16_7_B1,AS_NP26,,2009-03-31T07:00:00-00:00,2031-01-01T07:59:59-00:00,2009-03-31T00:00:00,2030-12-31T23:59:59
AS_NP26,GEYSER17_7_B1,AS_NP26,,2009-03-31T07:00:00-00:00,2031-01-01T07:59:59-00:00,2009-03-31T00:00:00,2030-12-31T23:59:59
AS_NP26,GEYSER18_7_B1,AS_NP26,,2009-03-31T07:00:00-00:00,2031-01-01T07:59:59-00:00,2009-03-31T00:00:00,2030-12-31T23:59:59
AS_NP26,GEYSER20_7_B1,AS_NP26,,2009-03-31T07:00:00-00:00,2031-01-01T07:59:59-00:00,2009-03-31T00:00:00,2030-12-31T23:59:59
AS_NP26,GEYSER78_7_B1,AS_NP26,,2009-03-31T07:00:00-00:00,2031-01-01T07:59:59-00:00,2009-03-31T00:00:00,2030-12-31T23:59:59
AS_NP26,GEYSER78_7_B3,AS_NP26,,2009-03-31T07:00:00-00:00,2031-01-01T07:59:59-00:00,2009-03-31T00:00:00,2030-12-31T23:59:59
AS_NP26,GEYSR16_2_N006,AS_NP26,,2009-06-25T07:00:00-00:00,2031-01-01T07:59:59-00:00,2009-06-25T00:00:00,2030-12-31T23:59:59
AS_NP26,GEYSR17_2_N005,AS_NP26,,2009-06-25T07:00:00-00:00,2031-01-01T07:59:59-00:00,2009-06-25T00:00:00,2030-12-31T23:59:59
AS_NP26,GEYSR18_2_N002,AS_NP26,,2009-06-25T07:00:00-00:00,2031-01-01T07:59:59-00:00,2009-06-25T00:00:00,2030-12-31T23:59:59
AS_NP26,GEYSR20_2_N002,AS_NP26,,2009-06-25T07:00:00-00:00,2031-01-01T07:59:59-00:00,2009-06-25T00:00:00,2030-12-31T23:59:59
AS_NP26,GEYSR5-6_7_B2,AS_NP26,,2009-03-31T07:00:00-00:00,2031-01-01T07:59:59-00:00,2009-03-31T00:00:00,2030-12-31T23:59:59
AS_NP26,GEYSR5-6_7_B3,AS_NP26,,2009-03-31T07:00:00-00:00,2031-01-01T07:59:59-00:00,2009-03-31T00:00:00,2030-12-31T23:59:59
AS_NP26,GEYSR5-6_7_N001,AS_NP26,,2009-03-31T07:00:00-00:00,2031-01-01T07:59:59-00:00,2009-03-31T00:00:00,2030-12-31T23:59:59
AS_NP26,GIFFEN_6_B1,AS_NP26,,2017-08-17T07:00:00-00:00,2031-01-01T07:59:59-00:00,2017-08-17T00:00:00,2030-12-31T23:59:59
AS_NP26,GIFFEN_6_N001,AS_NP26,,2016-05-19T07:00:00-00:00,2031-01-01T07:59:59-00:00,2016-05-19T00:00:00,2030-12-31T23:59:59
AS_NP26,GIFFGEN_7_N001,AS_NP26,,2025-05-13T07:00:00-00:00,2031-01-01T07:59:59-00:00,2025-05-13T00:00:00,2030-12-31T23:59:59
AS_NP26,GIFFGEN_7_N002,AS_NP26,,2025-05-13T07:00:00-00:00,2031-01-01T07:59:59-00:00,2025-05-13T00:00:00,2030-12-31T23:59:59
AS_NP26,GILLRAN_1_LN001,AS_NP26,,2010-08-26T07:00:00-00:00,2031-01-01T07:59:59-00:00,2010-08-26T00:00:00,2030-12-31T23:59:59
AS_NP26,GILROYF_1_B1,AS_NP26,,2017-08-17T07:00:00-00:00,2031-01-01T07:59:59-00:00,2017-08-17T00:00:00,2030-12-31T23:59:59
AS_NP26,GILROYF_1_N001,AS_NP26,,2009-03-31T07:00:00-00:00,2031-01-01T07:59:59-00:00,2009-03-31T00:00:00,2030-12-31T23:59:59
AS_NP26,GILROY_1_UNIT-APND,AS_NP26,,2009-03-31T07:00:00-00:00,2031-01-01T07:59:59-00:00,2009-03-31T00:00:00,2030-12-31T23:59:59
AS_NP26,GILRPP_1_PL1X2-APND,AS_NP26,,2009-03-31T07:00:00-00:00,2031-01-01T07:59:59-00:00,2009-03-31T00:00:00,2030-12-31T23:59:59
AS_NP26,GIRVAN_6_N001,AS_NP26,,2009-03-31T07:00:00-00:00,2031-01-01T07:59:59-00:00,2009-03-31T00:00:00,2030-12-31T23:59:59
AS_NP26,GLASS_6_N001,AS_NP26,,2009-03-31T07:00:00-00:00,2031-01-01T07:59:59-00:00,2009-03-31T00:00:00,2030-12-31T23:59:59
AS_NP26,GLASS_6_N008,AS_NP26,,2024-03-20T07:00:00-00:00,2031-01-01T07:59:59-00:00,2024-03-20T00:00:00,2030-12-31T23:59:59
AS_NP26,GLDHLGNC_7_N001,AS_NP26,,2017-08-17T07:00:00-00:00,2031-01-01T07:59:59-00:00,2017-08-17T00:00:00,2030-12-31T23:59:59
AS_NP26,GLEAFTP_1_B1,AS_NP26,,2017-08-17T07:00:00-00:00,2031-01-01T07:59:59-00:00,2017-08-17T00:00:00,2030-12-31T23:59:59
AS_NP26,GLENN_6_N024,AS_NP26,,2011-08-12T07:00:00-00:00,2031-01-01T07:59:59-00:00,2011-08-12T00:00:00,2030-12-31T23:59:59
AS_NP26,GLENWOOD_6_N001,AS_NP26,,2009-03-31T07:00:00-00:00,2031-01-01T07:59:59-00:00,2009-03-31T00:00:00,2030-12-31T23:59:59
AS_NP26,GLENWOOD_6_N004,AS_NP26,,2009-03-31T07:00:00-00:00,2031-01-01T07:59:59-00:00,2009-03-31T00:00:00,2030-12-31T23:59:59
AS_NP26,GLENWOOD_6_N005,AS_NP26,,2009-03-31T07:00:00-00:00,2031-01-01T07:59:59-00:00,2009-03-31T00:00:00,2030-12-31T23:59:59
AS_NP26,GLRYCGG1_7_B2,AS_NP26,,2009-03-31T07:00:00-00:00,2031-01-01T07:59:59-00:00,2009-03-31T00:00:00,2030-12-31T23:59:59
AS_NP26,GLRYCGG1_7_N001,AS_NP26,,2009-03-31T07:00:00-00:00,2031-01-01T07:59:59-00:00,2009-03-31T00:00:00,2030-12-31T23:59:59
AS_NP26,GLRYCGS2_7_B1,AS_NP26,,2023-05-05T07:00:00-00:00,2031-01-01T07:59:59-00:00,2023-05-05T00:00:00,2030-12-31T23:59:59
AS_NP26,GNSOLAR_7_N002,AS_NP26,,2017-05-18T07:00:00-00:00,2031-01-01T07:59:59-00:00,2017-05-18T00:00:00,2030-12-31T23:59:59
AS_NP26,GOLDHILL_1_N033,AS_NP26,,2009-03-31T07:00:00-00:00,2031-01-01T07:59:59-00:00,2009-03-31T00:00:00,2030-12-31T23:59:59
AS_NP26,GOLDTREE_1_N001,AS_NP26,,2009-03-31T07:00:00-00:00,2031-01-01T07:59:59-00:00,2009-03-31T00:00:00,2030-12-31T23:59:59
AS_NP26,GOLDTREE_1_N002,AS_NP26,,2009-03-31T07:00:00-00:00,2031-01-01T07:59:59-00:00,2009-03-31T00:00:00,2030-12-31T23:59:59
AS_NP26,GONZAGA_7_CN1,AS_NP26,,2025-12-17T08:00:00-00:00,2031-01-01T07:59:59-00:00,2025-12-17T00:00:00,2030-12-31T23:59:59
AS_NP26,GONZAGA_7_N13,AS_NP26,,2025-10-15T07:00:00-00:00,2031-01-01T07:59:59-00:00,2025-10-15T00:00:00,2030-12-31T23:59:59
AS_NP26,GONZAGA_7_NWD1,AS_NP26,,2025-08-13T07:00:00-00:00,2031-01-01T07:59:59-00:00,2025-08-13T00:00:00,2030-12-31T23:59:59
AS_NP26,GONZAGA_7_NWD2,AS_NP26,,2025-08-13T07:00:00-00:00,2031-01-01T07:59:59-00:00,2025-08-13T00:00:00,2030-12-31T23:59:59
AS_NP26,GONZALES_6_N001,AS_NP26,,2009-03-31T07:00:00-00:00,2031-01-01T07:59:59-00:00,2009-03-31T00:00:00,2030-12-31T23:59:59
AS_NP26,GONZALES_6_N003,AS_NP26,,2009-03-31T07:00:00-00:00,2031-01-01T07:59:59-00:00,2009-03-31T00:00:00,2030-12-31T23:59:59
AS_NP26,GONZALES_6_N004,AS_NP26,,2025-05-13T07:00:00-00:00,2031-01-01T07:59:59-00:00,2025-05-13T00:00:00,2030-12-31T23:59:59
AS_NP26,GOOSEHGT_7_GN001,AS_NP26,,2009-06-25T07:00:00-00:00,2031-01-01T07:59:59-00:00,2009-06-25T00:00:00,2030-12-31T23:59:59
AS_NP26,GOSELKE_1_N001,AS_NP26,,2009-03-31T07:00:00-00:00,2031-01-01T07:59:59-00:00,2009-03-31T00:00:00,2030-12-31T23:59:59
AS_NP26,GOSLKPV_7_N001,AS_NP26,,2025-05-13T07:00:00-00:00,2031-01-01T07:59:59-00:00,2025-05-13T00:00:00,2030-12-31T23:59:59
AS_NP26,GOSLKPV_7_N002,AS_NP26,,2014-11-13T08:00:00-00:00,2031-01-01T07:59:59-00:00,2014-11-13T00:00:00,2030-12-31T23:59:59
AS_NP26,GOSLKPV_7_N003,AS_NP26,,2025-10-15T07:00:00-00:00,2031-01-01T07:59:59-00:00,2025-10-15T00:00:00,2030-12-31T23:59:59
AS_NP26,GRANDIS_1_N004,AS_NP26,,2009-03-31T07:00:00-00:00,2031-01-01T07:59:59-00:00,2009-03-31T00:00:00,2030-12-31T23:59:59
AS_NP26,GRANDIS_1_N009,AS_NP26,,2009-03-31T07:00:00-00:00,2031-01-01T07:59:59-00:00,2009-03-31T00:00:00,2030-12-31T23:59:59
AS_NP26,GRANDIS_7_N001,AS_NP26,,2025-05-13T07:00:00-00:00,2031-01-01T07:59:59-00:00,2025-05-13T00:00:00,2030-12-31T23:59:59
AS_NP26,GRANITE_6_N001A,AS_NP26,,2009-03-31T07:00:00-00:00,2031-01-01T07:59:59-00:00,2009-03-31T00:00:00,2030-12-31T23:59:59
AS_NP26,GRANTRK_6_N001,AS_NP26,,2009-03-31T07:00:00-00:00,2031-01-01T07:59:59-00:00,2009-03-31T00:00:00,2030-12-31T23:59:59
AS_NP26,GRANT_1_N001,AS_NP26,,2009-03-31T07:00:00-00:00,2031-01-01T07:59:59-00:00,2009-03-31T00:00:00,2030-12-31T23:59:59
AS_NP26,GRANT_1_N005,AS_NP26,,2025-10-15T07:00:00-00:00,2031-01-01T07:59:59-00:00,2025-10-15T00:00:00,2030-12-31T23:59:59
AS_NP26,GRANT_7_N002,AS_NP26,,2025-10-15T07:00:00-00:00,2031-01-01T07:59:59-00:00,2025-10-15T00:00:00,2030-12-31T23:59:59
AS_NP26,GRAPEVNE_6_GN001,AS_NP26,,2009-12-17T08:00:00-00:00,2031-01-01T07:59:59-00:00,2009-12-17T00:00:00,2030-12-31T23:59:59
AS_NP26,GRAPEVNE_6_N001,AS_NP26,,2009-03-31T07:00:00-00:00,2031-01-01T07:59:59-00:00,2009-03-31T00:00:00,2030-12-31T23:59:59
AS_NP26,GRBRVLLE_6_N001,AS_NP26,,2009-03-31T07:00:00-00:00,2031-01-01T07:59:59-00:00,2009-03-31T00:00:00,2030-12-31T23:59:59
AS_NP26,GRDNEAST_1_N101,AS_NP26,,2009-03-31T07:00:00-00:00,2031-01-01T07:59:59-00:00,2009-03-31T00:00:00,2030-12-31T23:59:59
AS_NP26,GRDNEAST_1_N102,AS_NP26,,2009-03-31T07:00:00-00:00,2031-01-01T07:59:59-00:00,2009-03-31T00:00:00,2030-12-31T23:59:59
AS_NP26,GRDNWEST_1_N001,AS_NP26,,2009-03-31T07:00:00-00:00,2031-01-01T07:59:59-00:00,2009-03-31T00:00:00,2030-12-31T23:59:59
AS_NP26,GREENBRE_6_N001,AS_NP26,,2009-03-31T07:00:00-00:00,2031-01-01T07:59:59-00:00,2009-03-31T00:00:00,2030-12-31T23:59:59
AS_NP26,GREENBRE_6_N003,AS_NP26,,2009-03-31T07:00:00-00:00,2031-01-01T07:59:59-00:00,2009-03-31T00:00:00,2030-12-31T23:59:59
AS_NP26,GREGG_2_B1,AS_NP26,,2017-08-17T07:00:00-00:00,2031-01-01T07:59:59-00:00,2017-08-17T00:00:00,2030-12-31T23:59:59
AS_NP26,GRIDLEY_6_N001,AS_NP26,,2009-03-31T07:00:00-00:00,2031-01-01T07:59:59-00:00,2009-03-31T00:00:00,2030-12-31T23:59:59
AS_NP26,GRIDLEY_6_N004,AS_NP26,,2025-05-13T07:00:00-00:00,2031-01-01T07:59:59-00:00,2025-05-13T00:00:00,2030-12-31T23:59:59
AS_NP26,GRIMWAY_1_N001,AS_NP26,,2016-05-19T07:00:00-00:00,2031-01-01T07:59:59-00:00,2016-05-19T00:00:00,2030-12-31T23:59:59
AS_NP26,GRIMWAY_1_N005,AS_NP26,,2016-05-19T07:00:00-00:00,2031-01-01T07:59:59-00:00,2016-05-19T00:00:00,2030-12-31T23:59:59
AS_NP26,GRIZZLY1_1_B1,AS_NP26,,2017-08-17T07:00:00-00:00,2031-01-01T07:59:59-00:00,2017-08-17T00:00:00,2030-12-31T23:59:59
AS_NP26,GRIZZLYG_7_B1,AS_NP26,,2009-03-31T07:00:00-00:00,2031-01-01T07:59:59-00:00,2009-03-31T00:00:00,2030-12-31T23:59:59
AS_NP26,GRIZZLY_7_N001,AS_NP26,,2009-03-31T07:00:00-00:00,2031-01-01T07:59:59-00:00,2009-03-31T00:00:00,2030-12-31T23:59:59
AS_NP26,GRIZZLY_7_N101,AS_NP26,,2025-05-13T07:00:00-00:00,2031-01-01T07:59:59-00:00,2025-05-13T00:00:00,2030-12-31T23:59:59
AS_NP26,GRMWYSM_6_N001,AS_NP26,,2014-06-19T07:00:00-00:00,2031-01-01T07:59:59-00:00,2014-06-19T00:00:00,2030-12-31T23:59:59
AS_NP26,GRNLEAF1_1_N001,AS_NP26,,2021-08-25T07:00:00-00:00,2031-01-01T07:59:59-00:00,2021-08-25T00:00:00,2030-12-31T23:59:59
AS_NP26,GRNLEAF1_1_N002,AS_NP26,,2021-08-25T07:00:00-00:00,2031-01-01T07:59:59-00:00,2021-08-25T00:00:00,2030-12-31T23:59:59
AS_NP26,GRNLEAF2_7_N001,AS_NP26,,2010-02-24T08:00:00-00:00,2031-01-01T07:59:59-00:00,2010-02-24T00:00:00,2030-12-31T23:59:59
AS_NP26,GRNTVRNL_1_LN001,AS_NP26,,2010-06-17T07:00:00-00:00,2031-01-01T07:59:59-00:00,2010-06-17T00:00:00,2030-12-31T23:59:59
AS_NP26,GRNVALY_1_N001,AS_NP26,,2021-02-04T08:00:00-00:00,2031-01-01T07:59:59-00:00,2021-02-04T00:00:00,2030-12-31T23:59:59
AS_NP26,GRNVALY_1_N011,AS_NP26,,2021-02-04T08:00:00-00:00,2031-01-01T07:59:59-00:00,2021-02-04T00:00:00,2030-12-31T23:59:59
AS_NP26,GRNVALY_1_N025,AS_NP26,,2025-05-13T07:00:00-00:00,2031-01-01T07:59:59-00:00,2025-05-13T00:00:00,2030-12-31T23:59:59
AS_NP26,GRNVALY_1_N035,AS_NP26,,2017-08-17T07:00:00-00:00,2031-01-01T07:59:59-00:00,2017-08-17T00:00:00,2030-12-31T23:59:59
AS_NP26,GRONMYER_6_N001,AS_NP26,,2009-03-31T07:00:00-00:00,2031-01-01T07:59:59-00:00,2009-03-31T00:00:00,2030-12-31T23:59:59
AS_NP26,GROUSCRK_6_N001,AS_NP26,,2009-03-31T07:00:00-00:00,2031-01-01T07:59:59-00:00,2009-03-31T00:00:00,2030-12-31T23:59:59
AS_NP26,GROUSCRK_6_N002,AS_NP26,,2025-05-13T07:00:00-00:00,2031-01-01T07:59:59-00:00,2025-05-13T00:00:00,2030-12-31T23:59:59
AS_NP26,GROYPKR1_7_B1,AS_NP26,,2023-05-05T07:00:00-00:00,2031-01-01T07:59:59-00:00,2023-05-05T00:00:00,2030-12-31T23:59:59
AS_NP26,GROYPKR2_7_B1,AS_NP26,,2023-05-05T07:00:00-00:00,2031-01-01T07:59:59-00:00,2023-05-05T00:00:00,2030-12-31T23:59:59
AS_NP26,GROYPKR3_7_B1,AS_NP26,,2009-03-31T07:00:00-00:00,2031-01-01T07:59:59-00:00,2009-03-31T00:00:00,2030-12-31T23:59:59
AS_NP26,GROYPKR_1_N005,AS_NP26,,2009-06-25T07:00:00-00:00,2031-01-01T07:59:59-00:00,2009-06-25T00:00:00,2030-12-31T23:59:59
AS_NP26,GRSSVLY_6_N101,AS_NP26,,2009-03-31T07:00:00-00:00,2031-01-01T07:59:59-00:00,2009-03-31T00:00:00,2030-12-31T23:59:59
AS_NP26,GRYSFLT_6_N001,AS_NP26,,2009-03-31T07:00:00-00:00,2031-01-01T07:59:59-00:00,2009-03-31T00:00:00,2030-12-31T23:59:59
AS_NP26,GUALALA_6_N001,AS_NP26,,2025-08-13T07:00:00-00:00,2031-01-01T07:59:59-00:00,2025-08-13T00:00:00,2030-12-31T23:59:59
AS_NP26,GUALALA_6_N003,AS_NP26,,2009-03-31T07:00:00-00:00,2031-01-01T07:59:59-00:00,2009-03-31T00:00:00,2030-12-31T23:59:59
AS_NP26,GUERNSEY_6_N007,AS_NP26,,2025-05-13T07:00:00-00:00,2031-01-01T07:59:59-00:00,2025-05-13T00:00:00,2030-12-31T23:59:59
AS_NP26,GUERSEY_7_B1,AS_NP26,,2015-10-22T07:00:00-00:00,2031-01-01T07:59:59-00:00,2015-10-22T00:00:00,2030-12-31T23:59:59
AS_NP26,GUERSEY_7_N001,AS_NP26,,2025-05-13T07:00:00-00:00,2031-01-01T07:59:59-00:00,2025-05-13T00:00:00,2030-12-31T23:59:59
AS_NP26,GUERSEY_7_N003,AS_NP26,,2025-05-13T07:00:00-00:00,2031-01-01T07:59:59-00:00,2025-05-13T00:00:00,2030-12-31T23:59:59
AS_NP26,GUSTINE_6_N001,AS_NP26,,2009-03-31T07:00:00-00:00,2031-01-01T07:59:59-00:00,2009-03-31T00:00:00,2030-12-31T23:59:59
AS_NP26,GUSTINE_6_N002,AS_NP26,,2009-03-31T07:00:00-00:00,2031-01-01T07:59:59-00:00,2009-03-31T00:00:00,2030-12-31T23:59:59
AS_NP26,GWFCT1_7_B1,AS_NP26,,2023-05-05T07:00:00-00:00,2031-01-01T07:59:59-00:00,2023-05-05T00:00:00,2030-12-31T23:59:59
AS_NP26,GWFCT2_7_B1,AS_NP26,,2023-05-05T07:00:00-00:00,2031-01-01T07:59:59-00:00,2023-05-05T00:00:00,2030-12-31T23:59:59
AS_NP26,GWFGT1_7_B1,AS_NP26,,2023-05-05T07:00:00-00:00,2031-01-01T07:59:59-00:00,2023-05-05T00:00:00,2030-12-31T23:59:59
AS_NP26,GWFGT1_7_N003,AS_NP26,,2025-05-13T07:00:00-00:00,2031-01-01T07:59:59-00:00,2025-05-13T00:00:00,2030-12-31T23:59:59
AS_NP26,GWFGT2_7_B1,AS_NP26,,2009-03-31T07:00:00-00:00,2031-01-01T07:59:59-00:00,2009-03-31T00:00:00,2030-12-31T23:59:59
AS_NP26,GWFTRCY1_7_B1,AS_NP26,,2009-03-31T07:00:00-00:00,2031-01-01T07:59:59-00:00,2009-03-31T00:00:00,2030-12-31T23:59:59
AS_NP26,GWFTRCY2_7_B1,AS_NP26,,2009-03-31T07:00:00-00:00,2031-01-01T07:59:59-00:00,2009-03-31T00:00:00,2030-12-31T23:59:59
AS_NP26,GWFTRCY3_7_B1,AS_NP26,,2011-12-21T08:00:00-00:00,2031-01-01T07:59:59-00:00,2011-12-21T00:00:00,2030-12-31T23:59:59
AS_NP26,GWF_CT2_7_N002,AS_NP26,,2025-05-13T07:00:00-00:00,2031-01-01T07:59:59-00:00,2025-05-13T00:00:00,2030-12-31T23:59:59
AS_NP26,GWF_CT2_7_N003,AS_NP26,,2025-05-13T07:00:00-00:00,2031-01-01T07:59:59-00:00,2025-05-13T00:00:00,2030-12-31T23:59:59
AS_NP26,GWF_CT2_7_N004,AS_NP26,,2025-05-13T07:00:00-00:00,2031-01-01T07:59:59-00:00,2025-05-13T00:00:00,2030-12-31T23:59:59
AS_NP26,GWF_GT1_7_N004,AS_NP26,,2025-05-13T07:00:00-00:00,2031-01-01T07:59:59-00:00,2025-05-13T00:00:00,2030-12-31T23:59:59
AS_NP26,GWF_GT1_7_N005,AS_NP26,,2024-03-20T07:00:00-00:00,2031-01-01T07:59:59-00:00,2024-03-20T00:00:00,2030-12-31T23:59:59
AS_NP26,GWF_GT2_7_N002,AS_NP26,,2025-05-13T07:00:00-00:00,2031-01-01T07:59:59-00:00,2025-05-13T00:00:00,2030-12-31T23:59:59
AS_NP26,GWF_GT2_7_N003,AS_NP26,,2024-03-20T07:00:00-00:00,2031-01-01T07:59:59-00:00,2024-03-20T00:00:00,2030-12-31T23:59:59
AS_NP26,GYS5X6_7_UNITS-APND,AS_NP26,,2009-03-31T07:00:00-00:00,2031-01-01T07:59:59-00:00,2009-03-31T00:00:00,2030-12-31T23:59:59
AS_NP26,GYS7X8_7_UNITS-APND,AS_NP26,,2009-03-31T07:00:00-00:00,2031-01-01T07:59:59-00:00,2009-03-31T00:00:00,2030-12-31T23:59:59
AS_NP26,GYSR78TP_1_N005,AS_NP26,,2009-06-25T07:00:00-00:00,2031-01-01T07:59:59-00:00,2009-06-25T00:00:00,2030-12-31T23:59:59
AS_NP26,GYSRVLLE_6_N001,AS_NP26,,2009-03-31T07:00:00-00:00,2031-01-01T07:59:59-00:00,2009-03-31T00:00:00,2030-12-31T23:59:59
AS_NP26,GYSRVLLE_6_N003,AS_NP26,,2009-03-31T07:00:00-00:00,2031-01-01T07:59:59-00:00,2009-03-31T00:00:00,2030-12-31T23:59:59
AS_NP26,GYSRVLLE_6_N005,AS_NP26,,2009-03-31T07:00:00-00:00,2031-01-01T07:59:59-00:00,2009-03-31T00:00:00,2030-12-31T23:59:59
AS_NP26,HAASPH_7_PL1X2-APND,AS_NP26,,2009-03-31T07:00:00-00:00,2031-01-01T07:59:59-00:00,2009-03-31T00:00:00,2030-12-31T23:59:59
AS_NP26,HAAS_2_B1,AS_NP26,,2017-08-17T07:00:00-00:00,2031-01-01T07:59:59-00:00,2017-08-17T00:00:00,2030-12-31T23:59:59
AS_NP26,HAAS_7_B1,AS_NP26,,2009-03-31T07:00:00-00:00,2031-01-01T07:59:59-00:00,2009-03-31T00:00:00,2030-12-31T23:59:59
AS_NP26,HAAS_7_B11,AS_NP26,,2009-03-31T07:00:00-00:00,2031-01-01T07:59:59-00:00,2009-03-31T00:00:00,2030-12-31T23:59:59
AS_NP26,HAAS_7_N002,AS_NP26,,2009-09-10T07:00:00-00:00,2031-01-01T07:59:59-00:00,2009-09-10T00:00:00,2030-12-31T23:59:59
AS_NP26,HALEJ1_1_LN001,AS_NP26,,2009-12-17T08:00:00-00:00,2031-01-01T07:59:59-00:00,2009-12-17T00:00:00,2030-12-31T23:59:59
AS_NP26,HALEJ2_1_LN001,AS_NP26,,2009-12-17T08:00:00-00:00,2031-01-01T07:59:59-00:00,2009-12-17T00:00:00,2030-12-31T23:59:59
AS_NP26,HALLSFLT_6_N001,AS_NP26,,2009-03-31T07:00:00-00:00,2031-01-01T07:59:59-00:00,2009-03-31T00:00:00,2030-12-31T23:59:59
AS_NP26,HALSEYF_7_B1,AS_NP26,,2025-05-13T07:00:00-00:00,2031-01-01T07:59:59-00:00,2025-05-13T00:00:00,2030-12-31T23:59:59
AS_NP26,HALSEYF_7_N001,AS_NP26,,2009-03-31T07:00:00-00:00,2031-01-01T07:59:59-00:00,2009-03-31T00:00:00,2030-12-31T23:59:59
AS_NP26,HAMILBR_7_N001,AS_NP26,,2009-03-31T07:00:00-00:00,2031-01-01T07:59:59-00:00,2009-03-31T00:00:00,2030-12-31T23:59:59
AS_NP26,HAMILBR_7_N002,AS_NP26,,2023-05-05T07:00:00-00:00,2031-01-01T07:59:59-00:00,2023-05-05T00:00:00,2030-12-31T23:59:59
AS_NP26,HAMILTON_6_N001,AS_NP26,,2009-03-31T07:00:00-00:00,2031-01-01T07:59:59-00:00,2009-03-31T00:00:00,2030-12-31T23:59:59
AS_NP26,HAMMER_6_N001,AS_NP26,,2009-03-31T07:00:00-00:00,2031-01-01T07:59:59-00:00,2009-03-31T00:00:00,2030-12-31T23:59:59
AS_NP26,HAMMER_6_N003,AS_NP26,,2009-03-31T07:00:00-00:00,2031-01-01T07:59:59-00:00,2009-03-31T00:00:00,2030-12-31T23:59:59
AS_NP26,HAMMER_6_N004,AS_NP26,,2009-03-31T07:00:00-00:00,2031-01-01T07:59:59-00:00,2009-03-31T00:00:00,2030-12-31T23:59:59
AS_NP26,HAMMONDS_1_N001,AS_NP26,,2009-03-31T07:00:00-00:00,2031-01-01T07:59:59-00:00,2009-03-31T00:00:00,2030-12-31T23:59:59
AS_NP26,HARDING_6_N001,AS_NP26,,2026-02-11T08:00:00-00:00,2031-01-01T07:59:59-00:00,2026-02-11T00:00:00,2030-12-31T23:59:59
AS_NP26,HARDING_6_N004,AS_NP26,,2026-02-11T08:00:00-00:00,2031-01-01T07:59:59-00:00,2026-02-11T00:00:00,2030-12-31T23:59:59
AS_NP26,HARDWICK_6_N001,AS_NP26,,2020-04-22T07:00:00-00:00,2031-01-01T07:59:59-00:00,2020-04-22T00:00:00,2030-12-31T23:59:59
AS_NP26,HARDWK12_7_N002,AS_NP26,,2025-05-13T07:00:00-00:00,2031-01-01T07:59:59-00:00,2025-05-13T00:00:00,2030-12-31T23:59:59
AS_NP26,HARRIS_6_N001,AS_NP26,,2009-03-31T07:00:00-00:00,2031-01-01T07:59:59-00:00,2009-03-31T00:00:00,2030-12-31T23:59:59
AS_NP26,HARRIS_6_N003,AS_NP26,,2009-03-31T07:00:00-00:00,2031-01-01T07:59:59-00:00,2009-03-31T00:00:00,2030-12-31T23:59:59
AS_NP26,HARTERTP_6_B1,AS_NP26,,2017-08-17T07:00:00-00:00,2031-01-01T07:59:59-00:00,2017-08-17T00:00:00,2030-12-31T23:59:59
AS_NP26,HARTER_6_N001,AS_NP26,,2009-03-31T07:00:00-00:00,2031-01-01T07:59:59-00:00,2009-03-31T00:00:00,2030-12-31T23:59:59
AS_NP26,HARTER_6_N003,AS_NP26,,2009-03-31T07:00:00-00:00,2031-01-01T07:59:59-00:00,2009-03-31T00:00:00,2030-12-31T23:59:59
AS_NP26,HARTLEY_6_N001,AS_NP26,,2009-03-31T07:00:00-00:00,2031-01-01T07:59:59-00:00,2009-03-31T00:00:00,2030-12-31T23:59:59
AS_NP26,HARTLEY_6_N004,AS_NP26,,2009-03-31T07:00:00-00:00,2031-01-01T07:59:59-00:00,2009-03-31T00:00:00,2030-12-31T23:59:59
AS_NP26,HATCRK1_6_B1,AS_NP26,,2017-08-17T07:00:00-00:00,2031-01-01T07:59:59-00:00,2017-08-17T00:00:00,2030-12-31T23:59:59
AS_NP26,HATCRK1_6_N001,AS_NP26,,2009-03-31T07:00:00-00:00,2031-01-01T07:59:59-00:00,2009-03-31T00:00:00,2030-12-31T23:59:59
AS_NP26,HATCRK1_7_B1,AS_NP26,,2023-05-05T07:00:00-00:00,2031-01-01T07:59:59-00:00,2023-05-05T00:00:00,2030-12-31T23:59:59
AS_NP26,HATCRK2_6_B1,AS_NP26,,2017-08-17T07:00:00-00:00,2031-01-01T07:59:59-00:00,2017-08-17T00:00:00,2030-12-31T23:59:59
AS_NP26,HATCRK2_7_B1,AS_NP26,,2023-05-05T07:00:00-00:00,2031-01-01T07:59:59-00:00,2023-05-05T00:00:00,2030-12-31T23:59:59
AS_NP26,HATLOSCK_6_GN001,AS_NP26,,2025-05-13T07:00:00-00:00,2031-01-01T07:59:59-00:00,2025-05-13T00:00:00,2030-12-31T23:59:59
AS_NP26,HATLOSCK_6_N001,AS_NP26,,2009-03-31T07:00:00-00:00,2031-01-01T07:59:59-00:00,2009-03-31T00:00:00,2030-12-31T23:59:59
AS_NP26,HATLOSCK_6_N011,AS_NP26,,2025-05-13T07:00:00-00:00,2031-01-01T07:59:59-00:00,2025-05-13T00:00:00,2030-12-31T23:59:59
AS_NP26,HATTON_6_N001,AS_NP26,,2009-03-31T07:00:00-00:00,2031-01-01T07:59:59-00:00,2009-03-31T00:00:00,2030-12-31T23:59:59
AS_NP26,HAYFORK_6_N001,AS_NP26,,2009-03-31T07:00:00-00:00,2031-01-01T07:59:59-00:00,2009-03-31T00:00:00,2030-12-31T23:59:59
AS_NP26,HAYPRESS_6_N002,AS_NP26,,2025-05-13T07:00:00-00:00,2031-01-01T07:59:59-00:00,2025-05-13T00:00:00,2030-12-31T23:59:59
AS_NP26,HAYPRESS_6_N003,AS_NP26,,2025-05-13T07:00:00-00:00,2031-01-01T07:59:59-00:00,2025-05-13T00:00:00,2030-12-31T23:59:59
AS_NP26,HAYPRES_7_B1,AS_NP26,,2009-03-31T07:00:00-00:00,2031-01-01T07:59:59-00:00,2009-03-31T00:00:00,2030-12-31T23:59:59
AS_NP26,HEADGATE_6_N001,AS_NP26,,2009-03-31T07:00:00-00:00,2031-01-01T07:59:59-00:00,2009-03-31T00:00:00,2030-12-31T23:59:59
AS_NP26,HELDSBRG_6_N001,AS_NP26,,2020-06-04T07:00:00-00:00,2031-01-01T07:59:59-00:00,2020-06-04T00:00:00,2030-12-31T23:59:59
AS_NP26,HELDSBRG_6_N009,AS_NP26,,2020-06-04T07:00:00-00:00,2031-01-01T07:59:59-00:00,2020-06-04T00:00:00,2030-12-31T23:59:59
AS_NP26,HELMS1_7_B1,AS_NP26,,2009-03-31T07:00:00-00:00,2031-01-01T07:59:59-00:00,2009-03-31T00:00:00,2030-12-31T23:59:59
AS_NP26,HELMS2_7_B1,AS_NP26,,2009-03-31T07:00:00-00:00,2031-01-01T07:59:59-00:00,2009-03-31T00:00:00,2030-12-31T23:59:59
AS_NP26,HELMS3_7_B1,AS_NP26,,2009-03-31T07:00:00-00:00,2031-01-01T07:59:59-00:00,2009-03-31T00:00:00,2030-12-31T23:59:59
AS_NP26,HENRITTA_6_LN001,AS_NP26,,2015-10-22T07:00:00-00:00,2031-01-01T07:59:59-00:00,2015-10-22T00:00:00,2030-12-31T23:59:59
AS_NP26,HENRITTA_6_N101,AS_NP26,,2025-04-16T07:00:00-00:00,2031-01-01T07:59:59-00:00,2025-04-16T00:00:00,2030-12-31T23:59:59
AS_NP26,HENRTA_6_ELCBX2-APND,AS_NP26,,2024-10-01T07:00:00-00:00,2031-01-01T07:59:59-00:00,2024-10-01T00:00:00,2030-12-31T23:59:59
AS_NP26,HENRTGEN_7_N001,AS_NP26,,2016-02-11T08:00:00-00:00,2031-01-01T07:59:59-00:00,2016-02-11T00:00:00,2030-12-31T23:59:59
AS_NP26,HERDLYN_6_N001,AS_NP26,,2026-02-11T08:00:00-00:00,2031-01-01T07:59:59-00:00,2026-02-11T00:00:00,2030-12-31T23:59:59
AS_NP26,HERDLYN_6_N007,AS_NP26,,2009-03-31T07:00:00-00:00,2031-01-01T07:59:59-00:00,2009-03-31T00:00:00,2030-12-31T23:59:59
AS_NP26,HERDLYN_7_N001,AS_NP26,,2025-05-13T07:00:00-00:00,2031-01-01T07:59:59-00:00,2025-05-13T00:00:00,2030-12-31T23:59:59
AS_NP26,HICKS_2_N001,AS_NP26,,2017-05-18T07:00:00-00:00,2031-01-01T07:59:59-00:00,2017-05-18T00:00:00,2030-12-31T23:59:59
AS_NP26,HICKS_2_N002,AS_NP26,,2017-05-18T07:00:00-00:00,2031-01-01T07:59:59-00:00,2017-05-18T00:00:00,2030-12-31T23:59:59
AS_NP26,HICKS_2_N007,AS_NP26,,2017-05-18T07:00:00-00:00,2031-01-01T07:59:59-00:00,2017-05-18T00:00:00,2030-12-31T23:59:59
AS_NP26,HICKS_2_N012,AS_NP26,,2009-03-31T07:00:00-00:00,2031-01-01T07:59:59-00:00,2009-03-31T00:00:00,2030-12-31T23:59:59
AS_NP26,HICKS_2_N013,AS_NP26,,2017-05-18T07:00:00-00:00,2031-01-01T07:59:59-00:00,2017-05-18T00:00:00,2030-12-31T23:59:59
AS_NP26,HIGGINS_1_GN001,AS_NP26,,2025-05-13T07:00:00-00:00,2031-01-01T07:59:59-00:00,2025-05-13T00:00:00,2030-12-31T23:59:59
AS_NP26,HIGGINS_1_N001,AS_NP26,,2009-03-31T07:00:00-00:00,2031-01-01T07:59:59-00:00,2009-03-31T00:00:00,2030-12-31T23:59:59
AS_NP26,HIGGINS_1_N002,AS_NP26,,2009-03-31T07:00:00-00:00,2031-01-01T07:59:59-00:00,2009-03-31T00:00:00,2030-12-31T23:59:59
AS_NP26,HIGGINS_1_N004,AS_NP26,,2009-03-31T07:00:00-00:00,2031-01-01T07:59:59-00:00,2009-03-31T00:00:00,2030-12-31T23:59:59
AS_NP26,HIGGINS_1_N007,AS_NP26,,2009-03-31T07:00:00-00:00,2031-01-01T07:59:59-00:00,2009-03-31T00:00:00,2030-12-31T23:59:59
AS_NP26,HIGHLD_1_N001,AS_NP26,,2009-03-31T07:00:00-00:00,2031-01-01T07:59:59-00:00,2009-03-31T00:00:00,2030-12-31T23:59:59
AS_NP26,HIGHLD_1_N004,AS_NP26,,2025-05-13T07:00:00-00:00,2031-01-01T07:59:59-00:00,2025-05-13T00:00:00,2030-12-31T23:59:59
AS_NP26,HIGHLD_1_N005,AS_NP26,,2009-03-31T07:00:00-00:00,2031-01-01T07:59:59-00:00,2009-03-31T00:00:00,2030-12-31T23:59:59
AS_NP26,HIGHWAY_1_N001,AS_NP26,,2009-03-31T07:00:00-00:00,2031-01-01T07:59:59-00:00,2009-03-31T00:00:00,2030-12-31T23:59:59
AS_NP26,HIGHWAY_1_N002,AS_NP26,,2009-03-31T07:00:00-00:00,2031-01-01T07:59:59-00:00,2009-03-31T00:00:00,2030-12-31T23:59:59
AS_NP26,HIGHWAY_1_N003,AS_NP26,,2009-03-31T07:00:00-00:00,2031-01-01T07:59:59-00:00,2009-03-31T00:00:00,2030-12-31T23:59:59
AS_NP26,HIGHWND3_7_GN001,AS_NP26,,2025-05-13T07:00:00-00:00,2031-01-01T07:59:59-00:00,2025-05-13T00:00:00,2030-12-31T23:59:59
AS_NP26,HIGHWNDS_7_B1,AS_NP26,,2025-05-13T07:00:00-00:00,2031-01-01T07:59:59-00:00,2025-05-13T00:00:00,2030-12-31T23:59:59
AS_NP26,HILLSDLE_6_N001,AS_NP26,,2009-03-31T07:00:00-00:00,2031-01-01T07:59:59-00:00,2009-03-31T00:00:00,2030-12-31T23:59:59
AS_NP26,HILLSIDE_1_N001,AS_NP26,,2009-03-31T07:00:00-00:00,2031-01-01T07:59:59-00:00,2009-03-31T00:00:00,2030-12-31T23:59:59
AS_NP26,HILLSIDE_1_N004,AS_NP26,,2009-03-31T07:00:00-00:00,2031-01-01T07:59:59-00:00,2009-03-31T00:00:00,2030-12-31T23:59:59
AS_NP26,HISIERRA_7_B1,AS_NP26,,2009-03-31T07:00:00-00:00,2031-01-01T07:59:59-00:00,2009-03-31T00:00:00,2030-12-31T23:59:59
AS_NP26,HLFMNBY_6_N002,AS_NP26,,2009-03-31T07:00:00-00:00,2031-01-01T07:59:59-00:00,2009-03-31T00:00:00,2030-12-31T23:59:59
AS_NP26,HLFMNBY_6_N004,AS_NP26,,2009-03-31T07:00:00-00:00,2031-01-01T07:59:59-00:00,2009-03-31T00:00:00,2030-12-31T23:59:59
AS_NP26,HLFMNBY_6_N101,AS_NP26,,2009-03-31T07:00:00-00:00,2031-01-01T07:59:59-00:00,2009-03-31T00:00:00,2030-12-31T23:59:59
AS_NP26,HMBBT1_7_N001,AS_NP26,,2025-05-13T07:00:00-00:00,2031-01-01T07:59:59-00:00,2025-05-13T00:00:00,2030-12-31T23:59:59
AS_NP26,HMBLDTB_1_N08,AS_NP26,,2009-03-31T07:00:00-00:00,2031-01-01T07:59:59-00:00,2009-03-31T00:00:00,2030-12-31T23:59:59
AS_NP26,HMBLTBY_6_N003,AS_NP26,,2014-02-13T08:00:00-00:00,2031-01-01T07:59:59-00:00,2014-02-13T00:00:00,2030-12-31T23:59:59
AS_NP26,HMBUNIT1_7_GN010,AS_NP26,,2022-04-27T07:00:00-00:00,2031-01-01T07:59:59-00:00,2022-04-27T00:00:00,2030-12-31T23:59:59
AS_NP26,HMBUNIT2_7_GN010,AS_NP26,,2022-04-27T07:00:00-00:00,2031-01-01T07:59:59-00:00,2022-04-27T00:00:00,2030-12-31T23:59:59
AS_NP26,HMBUNIT3_7_GN010,AS_NP26,,2023-05-05T07:00:00-00:00,2031-01-01T07:59:59-00:00,2023-05-05T00:00:00,2030-12-31T23:59:59
AS_NP26,HNTRSPT_1_LN001,AS_NP26,,2009-09-10T07:00:00-00:00,2031-01-01T07:59:59-00:00,2009-09-10T00:00:00,2030-12-31T23:59:59
AS_NP26,HNTRSPT_1_LN002,AS_NP26,,2009-09-10T07:00:00-00:00,2031-01-01T07:59:59-00:00,2009-09-10T00:00:00,2030-12-31T23:59:59
AS_NP26,HOLLISTR_1_N001,AS_NP26,,2013-11-21T08:00:00-00:00,2031-01-01T07:59:59-00:00,2013-11-21T00:00:00,2030-12-31T23:59:59
AS_NP26,HOLLISTR_1_N004,AS_NP26,,2009-03-31T07:00:00-00:00,2031-01-01T07:59:59-00:00,2009-03-31T00:00:00,2030-12-31T23:59:59
AS_NP26,HOLLISTR_1_N101,AS_NP26,,2013-11-21T08:00:00-00:00,2031-01-01T07:59:59-00:00,2013-11-21T00:00:00,2030-12-31T23:59:59
AS_NP26,HOLLISTR_7_N001,AS_NP26,,2025-05-13T07:00:00-00:00,2031-01-01T07:59:59-00:00,2025-05-13T00:00:00,2030-12-31T23:59:59
AS_NP26,HOLLISTR_7_N004,AS_NP26,,2025-05-13T07:00:00-00:00,2031-01-01T07:59:59-00:00,2025-05-13T00:00:00,2030-12-31T23:59:59
AS_NP26,HOLM1_7_B1,AS_NP26,,2019-05-23T07:00:00-00:00,2031-01-01T07:59:59-00:00,2019-05-23T00:00:00,2030-12-31T23:59:59
AS_NP26,HOLM2_7_B1,AS_NP26,,2019-05-23T07:00:00-00:00,2031-01-01T07:59:59-00:00,2019-05-23T00:00:00,2030-12-31T23:59:59
AS_NP26,HOMEGRND_1_N001,AS_NP26,,2009-03-31T07:00:00-00:00,2031-01-01T07:59:59-00:00,2009-03-31T00:00:00,2030-12-31T23:59:59
AS_NP26,HOMEPROC_1_N001,AS_NP26,,2009-03-31T07:00:00-00:00,2031-01-01T07:59:59-00:00,2009-03-31T00:00:00,2030-12-31T23:59:59
AS_NP26,HOMESTEA_6_N001,AS_NP26,,2017-02-16T08:00:00-00:00,2031-01-01T07:59:59-00:00,2017-02-16T00:00:00,2030-12-31T23:59:59
AS_NP26,HOMESTEA_6_N002,AS_NP26,,2017-02-16T08:00:00-00:00,2031-01-01T07:59:59-00:00,2017-02-16T00:00:00,2030-12-31T23:59:59
AS_NP26,HONCUT_1_N001,AS_NP26,,2009-03-31T07:00:00-00:00,2031-01-01T07:59:59-00:00,2009-03-31T00:00:00,2030-12-31T23:59:59
AS_NP26,HOOPA_6_N001,AS_NP26,,2009-03-31T07:00:00-00:00,2031-01-01T07:59:59-00:00,2009-03-31T00:00:00,2030-12-31T23:59:59
AS_NP26,HORSESHE_1_N001,AS_NP26,,2009-03-31T07:00:00-00:00,2031-01-01T07:59:59-00:00,2009-03-31T00:00:00,2030-12-31T23:59:59
AS_NP26,HORSESHE_1_N002,AS_NP26,,2009-03-31T07:00:00-00:00,2031-01-01T07:59:59-00:00,2009-03-31T00:00:00,2030-12-31T23:59:59
AS_NP26,HPLNDJT_6_N001,AS_NP26,,2009-03-31T07:00:00-00:00,2031-01-01T07:59:59-00:00,2009-03-31T00:00:00,2030-12-31T23:59:59
AS_NP26,HRIDGEGT_6_GN001,AS_NP26,,2010-04-22T07:00:00-00:00,2031-01-01T07:59:59-00:00,2010-04-22T00:00:00,2030-12-31T23:59:59
AS_NP26,HUMBOLDT_1_B1,AS_NP26,,2017-08-17T07:00:00-00:00,2031-01-01T07:59:59-00:00,2017-08-17T00:00:00,2030-12-31T23:59:59
AS_NP26,HUMBOLDT_6_B1,AS_NP26,,2015-04-23T07:00:00-00:00,2031-01-01T07:59:59-00:00,2015-04-23T00:00:00,2030-12-31T23:59:59
AS_NP26,HUMBPP_6_UNITS-APND,AS_NP26,,2015-03-28T07:00:00-00:00,2031-01-01T07:59:59-00:00,2015-03-28T00:00:00,2030-12-31T23:59:59
AS_NP26,HURONGEN_7_ND002,AS_NP26,,2025-05-13T07:00:00-00:00,2031-01-01T07:59:59-00:00,2025-05-13T00:00:00,2030-12-31T23:59:59
AS_NP26,HURON_6_N001,AS_NP26,,2012-06-14T07:00:00-00:00,2031-01-01T07:59:59-00:00,2012-06-14T00:00:00,2030-12-31T23:59:59
AS_NP26,HYATT1_7_B1,AS_NP26,,2009-03-31T07:00:00-00:00,2031-01-01T07:59:59-00:00,2009-03-31T00:00:00,2030-12-31T23:59:59
AS_NP26,HYATT2_7_B1,AS_NP26,,2009-03-31T07:00:00-00:00,2031-01-01T07:59:59-00:00,2009-03-31T00:00:00,2030-12-31T23:59:59
AS_NP26,HYATT3_7_B1,AS_NP26,,2009-03-31T07:00:00-00:00,2031-01-01T07:59:59-00:00,2009-03-31T00:00:00,2030-12-31T23:59:59
AS_NP26,HYATT4_7_B1,AS_NP26,,2009-03-31T07:00:00-00:00,2031-01-01T07:59:59-00:00,2009-03-31T00:00:00,2030-12-31T23:59:59
AS_NP26,HYATT5_7_B1,AS_NP26,,2009-03-31T07:00:00-00:00,2031-01-01T07:59:59-00:00,2009-03-31T00:00:00,2030-12-31T23:59:59
AS_NP26,HYATT6_7_B1,AS_NP26,,2009-03-31T07:00:00-00:00,2031-01-01T07:59:59-00:00,2009-03-31T00:00:00,2030-12-31T23:59:59
AS_NP26,HYATT_2_N212,AS_NP26,,2009-03-31T07:00:00-00:00,2031-01-01T07:59:59-00:00,2009-03-31T00:00:00,2030-12-31T23:59:59
AS_NP26,HYMPOMJT_6_N005,AS_NP26,,2009-03-31T07:00:00-00:00,2031-01-01T07:59:59-00:00,2009-03-31T00:00:00,2030-12-31T23:59:59
AS_NP26,HYTTHM_2_UNITS-APND,AS_NP26,,2009-03-31T07:00:00-00:00,2031-01-01T07:59:59-00:00,2009-03-31T00:00:00,2030-12-31T23:59:59
AS_NP26,IBM-CTLE_1_N001,AS_NP26,,2009-03-31T07:00:00-00:00,2031-01-01T07:59:59-00:00,2009-03-31T00:00:00,2030-12-31T23:59:59
AS_NP26,IBM-HRRS_1_N001,AS_NP26,,2009-03-31T07:00:00-00:00,2031-01-01T07:59:59-00:00,2009-03-31T00:00:00,2030-12-31T23:59:59
AS_NP26,IBM-HRRS_1_N101,AS_NP26,,2009-03-31T07:00:00-00:00,2031-01-01T07:59:59-00:00,2009-03-31T00:00:00,2030-12-31T23:59:59
AS_NP26,IBMCTLE_1_GN001,AS_NP26,,2009-12-17T08:00:00-00:00,2031-01-01T07:59:59-00:00,2009-12-17T00:00:00,2030-12-31T23:59:59
AS_NP26,IENERGY_7_B1,AS_NP26,,2011-10-13T07:00:00-00:00,2031-01-01T07:59:59-00:00,2011-10-13T00:00:00,2030-12-31T23:59:59
AS_NP26,IGNACIO_1_N028,AS_NP26,,2025-05-13T07:00:00-00:00,2031-01-01T07:59:59-00:00,2025-05-13T00:00:00,2030-12-31T23:59:59
AS_NP26,IGNACIO_1_N102,AS_NP26,,2009-03-31T07:00:00-00:00,2031-01-01T07:59:59-00:00,2009-03-31T00:00:00,2030-12-31T23:59:59
AS_NP26,IMHOFF_1_N001,AS_NP26,,2009-03-31T07:00:00-00:00,2031-01-01T07:59:59-00:00,2009-03-31T00:00:00,2030-12-31T23:59:59
AS_NP26,INDACRE_6_N001,AS_NP26,,2009-03-31T07:00:00-00:00,2031-01-01T07:59:59-00:00,2009-03-31T00:00:00,2030-12-31T23:59:59
AS_NP26,INDIANV_7_B1,AS_NP26,,2025-05-13T07:00:00-00:00,2031-01-01T07:59:59-00:00,2025-05-13T00:00:00,2030-12-31T23:59:59
AS_NP26,INDNFLT_6_N001,AS_NP26,,2009-03-31T07:00:00-00:00,2031-01-01T07:59:59-00:00,2009-03-31T00:00:00,2030-12-31T23:59:59
AS_NP26,INEPRSN_6_N001,AS_NP26,,2009-03-31T07:00:00-00:00,2031-01-01T07:59:59-00:00,2009-03-31T00:00:00,2030-12-31T23:59:59
AS_NP26,INERGY_1_N004,AS_NP26,,2012-03-22T07:00:00-00:00,2031-01-01T07:59:59-00:00,2012-03-22T00:00:00,2030-12-31T23:59:59
AS_NP26,INGRMC_1_N001,AS_NP26,,2009-03-31T07:00:00-00:00,2031-01-01T07:59:59-00:00,2009-03-31T00:00:00,2030-12-31T23:59:59
AS_NP26,INSKIP_6_B1,AS_NP26,,2017-08-17T07:00:00-00:00,2031-01-01T07:59:59-00:00,2017-08-17T00:00:00,2030-12-31T23:59:59
AS_NP26,INSKIP_7_B1,AS_NP26,,2023-05-05T07:00:00-00:00,2031-01-01T07:59:59-00:00,2023-05-05T00:00:00,2030-12-31T23:59:59
AS_NP26,INTAKE_2_N029,AS_NP26,,2009-03-31T07:00:00-00:00,2031-01-01T07:59:59-00:00,2009-03-31T00:00:00,2030-12-31T23:59:59
AS_NP26,INTKEP_2_UNITS-APND,AS_NP26,,2009-03-31T07:00:00-00:00,2031-01-01T07:59:59-00:00,2009-03-31T00:00:00,2030-12-31T23:59:59
AS_NP26,INTLTUR_6_B1,AS_NP26,,2026-02-11T08:00:00-00:00,2031-01-01T07:59:59-00:00,2026-02-11T00:00:00,2030-12-31T23:59:59
AS_NP26,INTLTUR_6_N003,AS_NP26,,2026-02-11T08:00:00-00:00,2031-01-01T07:59:59-00:00,2026-02-11T00:00:00,2030-12-31T23:59:59
AS_NP26,ISIS_7_N001,AS_NP26,,2015-01-15T08:00:00-00:00,2031-01-01T07:59:59-00:00,2015-01-15T00:00:00,2030-12-31T23:59:59
AS_NP26,ISIS_7_N002,AS_NP26,,2025-05-13T07:00:00-00:00,2031-01-01T07:59:59-00:00,2025-05-13T00:00:00,2030-12-31T23:59:59
AS_NP26,ISIS_7_N003,AS_NP26,,2025-05-13T07:00:00-00:00,2031-01-01T07:59:59-00:00,2025-05-13T00:00:00,2030-12-31T23:59:59
AS_NP26,IUKA_6_N001,AS_NP26,,2009-03-31T07:00:00-00:00,2031-01-01T07:59:59-00:00,2009-03-31T00:00:00,2030-12-31T23:59:59
AS_NP26,JACALITO_6_N001,AS_NP26,,2009-03-31T07:00:00-00:00,2031-01-01T07:59:59-00:00,2009-03-31T00:00:00,2030-12-31T23:59:59
AS_NP26,JACINTO_6_N001,AS_NP26,,2009-03-31T07:00:00-00:00,2031-01-01T07:59:59-00:00,2009-03-31T00:00:00,2030-12-31T23:59:59
AS_NP26,JAMESON_1_N001,AS_NP26,,2009-03-31T07:00:00-00:00,2031-01-01T07:59:59-00:00,2009-03-31T00:00:00,2030-12-31T23:59:59
AS_NP26,JAMESON_1_N009,AS_NP26,,2011-12-21T08:00:00-00:00,2031-01-01T07:59:59-00:00,2011-12-21T00:00:00,2030-12-31T23:59:59
AS_NP26,JANSCRK_6_N001,AS_NP26,,2021-10-06T07:00:00-00:00,2031-01-01T07:59:59-00:00,2021-10-06T00:00:00,2030-12-31T23:59:59
AS_NP26,JANSCRK_6_N003,AS_NP26,,2009-03-31T07:00:00-00:00,2031-01-01T07:59:59-00:00,2009-03-31T00:00:00,2030-12-31T23:59:59
AS_NP26,JARVIS_1_GN001,AS_NP26,,2009-12-17T08:00:00-00:00,2031-01-01T07:59:59-00:00,2009-12-17T00:00:00,2030-12-31T23:59:59
AS_NP26,JARVIS_1_N014,AS_NP26,,2009-03-31T07:00:00-00:00,2031-01-01T07:59:59-00:00,2009-03-31T00:00:00,2030-12-31T23:59:59
AS_NP26,JARVIS_1_N016,AS_NP26,,2009-03-31T07:00:00-00:00,2031-01-01T07:59:59-00:00,2009-03-31T00:00:00,2030-12-31T23:59:59
AS_NP26,JARVIS_1_N017,AS_NP26,,2009-03-31T07:00:00-00:00,2031-01-01T07:59:59-00:00,2009-03-31T00:00:00,2030-12-31T23:59:59
AS_NP26,JARVIS_1_N101,AS_NP26,,2009-03-31T07:00:00-00:00,2031-01-01T07:59:59-00:00,2009-03-31T00:00:00,2030-12-31T23:59:59
AS_NP26,JBBLACK1_7_B1,AS_NP26,,2009-03-31T07:00:00-00:00,2031-01-01T07:59:59-00:00,2009-03-31T00:00:00,2030-12-31T23:59:59
AS_NP26,JBBLACK2_7_B1,AS_NP26,,2009-03-31T07:00:00-00:00,2031-01-01T07:59:59-00:00,2009-03-31T00:00:00,2030-12-31T23:59:59
AS_NP26,JCBSCRNR_6_N001,AS_NP26,,2009-03-31T07:00:00-00:00,2031-01-01T07:59:59-00:00,2009-03-31T00:00:00,2030-12-31T23:59:59
AS_NP26,JCBSCRNR_6_N003,AS_NP26,,2009-03-31T07:00:00-00:00,2031-01-01T07:59:59-00:00,2009-03-31T00:00:00,2030-12-31T23:59:59
AS_NP26,JENNINGS_6_N001,AS_NP26,,2009-03-31T07:00:00-00:00,2031-01-01T07:59:59-00:00,2009-03-31T00:00:00,2030-12-31T23:59:59
AS_NP26,JENNY_1_N001,AS_NP26,,2009-03-31T07:00:00-00:00,2031-01-01T07:59:59-00:00,2009-03-31T00:00:00,2030-12-31T23:59:59
AS_NP26,JENNY_1_N008,AS_NP26,,2009-03-31T07:00:00-00:00,2031-01-01T07:59:59-00:00,2009-03-31T00:00:00,2030-12-31T23:59:59
AS_NP26,JESSUP_1_GN001,AS_NP26,,2011-03-31T07:00:00-00:00,2031-01-01T07:59:59-00:00,2011-03-31T00:00:00,2030-12-31T23:59:59
AS_NP26,JESSUP_1_N001,AS_NP26,,2009-03-31T07:00:00-00:00,2031-01-01T07:59:59-00:00,2009-03-31T00:00:00,2030-12-31T23:59:59
AS_NP26,JMEAGLE_6_N002,AS_NP26,,2024-12-18T08:00:00-00:00,2031-01-01T07:59:59-00:00,2024-12-18T00:00:00,2030-12-31T23:59:59
AS_NP26,JMSCNPMP_1_N001,AS_NP26,,2009-03-31T07:00:00-00:00,2031-01-01T07:59:59-00:00,2009-03-31T00:00:00,2030-12-31T23:59:59
AS_NP26,JM_6_GN001,AS_NP26,,2009-12-17T08:00:00-00:00,2031-01-01T07:59:59-00:00,2009-12-17T00:00:00,2030-12-31T23:59:59
AS_NP26,JM_6_N001,AS_NP26,,2009-03-31T07:00:00-00:00,2031-01-01T07:59:59-00:00,2009-03-31T00:00:00,2030-12-31T23:59:59
AS_NP26,JOLON_6_N001,AS_NP26,,2009-03-31T07:00:00-00:00,2031-01-01T07:59:59-00:00,2009-03-31T00:00:00,2030-12-31T23:59:59
AS_NP26,JOLON_6_N002,AS_NP26,,2015-10-22T07:00:00-00:00,2031-01-01T07:59:59-00:00,2015-10-22T00:00:00,2030-12-31T23:59:59
AS_NP26,JULIETTE_6_N001,AS_NP26,,2017-02-16T08:00:00-00:00,2031-01-01T07:59:59-00:00,2017-02-16T00:00:00,2030-12-31T23:59:59
AS_NP26,JULIETTE_6_N002,AS_NP26,,2017-02-16T08:00:00-00:00,2031-01-01T07:59:59-00:00,2017-02-16T00:00:00,2030-12-31T23:59:59
AS_NP26,JVENTER_2_N001,AS_NP26,,2009-03-31T07:00:00-00:00,2031-01-01T07:59:59-00:00,2009-03-31T00:00:00,2030-12-31T23:59:59
AS_NP26,KAMM_1_N001,AS_NP26,,2009-03-31T07:00:00-00:00,2031-01-01T07:59:59-00:00,2009-03-31T00:00:00,2030-12-31T23:59:59
AS_NP26,KANAKAJT_1_B1,AS_NP26,,2017-08-17T07:00:00-00:00,2031-01-01T07:59:59-00:00,2017-08-17T00:00:00,2030-12-31T23:59:59
AS_NP26,KANAKA_1_N001,AS_NP26,,2009-03-31T07:00:00-00:00,2031-01-01T07:59:59-00:00,2009-03-31T00:00:00,2030-12-31T23:59:59
AS_NP26,KANAKA_1_N003,AS_NP26,,2009-03-31T07:00:00-00:00,2031-01-01T07:59:59-00:00,2009-03-31T00:00:00,2030-12-31T23:59:59
AS_NP26,KANSASGN_7_N001,AS_NP26,,2013-01-03T08:00:00-00:00,2031-01-01T07:59:59-00:00,2013-01-03T00:00:00,2030-12-31T23:59:59
AS_NP26,KANSASGN_7_N002,AS_NP26,,2025-05-13T07:00:00-00:00,2031-01-01T07:59:59-00:00,2025-05-13T00:00:00,2030-12-31T23:59:59
AS_NP26,KCRDCT1_7_NG1,AS_NP26,,2025-05-13T07:00:00-00:00,2031-01-01T07:59:59-00:00,2025-05-13T00:00:00,2030-12-31T23:59:59
AS_NP26,KCRDCT2_7_NG2,AS_NP26,,2025-05-13T07:00:00-00:00,2031-01-01T07:59:59-00:00,2025-05-13T00:00:00,2030-12-31T23:59:59
AS_NP26,KCRDCT3_7_NBT1,AS_NP26,,2024-03-20T07:00:00-00:00,2031-01-01T07:59:59-00:00,2024-03-20T00:00:00,2030-12-31T23:59:59
AS_NP26,KCRDCT4_7_NBT2,AS_NP26,,2024-03-20T07:00:00-00:00,2031-01-01T07:59:59-00:00,2024-03-20T00:00:00,2030-12-31T23:59:59
AS_NP26,KCTYPKER_7_B1,AS_NP26,,2025-05-13T07:00:00-00:00,2031-01-01T07:59:59-00:00,2025-05-13T00:00:00,2030-12-31T23:59:59
AS_NP26,KCTYTAP_6_N005,AS_NP26,,2009-06-25T07:00:00-00:00,2031-01-01T07:59:59-00:00,2009-06-25T00:00:00,2030-12-31T23:59:59
AS_NP26,KEARNEY_6_N001,AS_NP26,,2023-03-15T07:00:00-00:00,2031-01-01T07:59:59-00:00,2023-03-15T00:00:00,2030-12-31T23:59:59
AS_NP26,KEARNEY_6_N099,AS_NP26,,2009-03-31T07:00:00-00:00,2031-01-01T07:59:59-00:00,2009-03-31T00:00:00,2030-12-31T23:59:59
AS_NP26,KEARNEY_7_N002,AS_NP26,,2025-05-13T07:00:00-00:00,2031-01-01T07:59:59-00:00,2025-05-13T00:00:00,2030-12-31T23:59:59
AS_NP26,KEKAWAKA_6_N001,AS_NP26,,2025-05-13T07:00:00-00:00,2031-01-01T07:59:59-00:00,2025-05-13T00:00:00,2030-12-31T23:59:59
AS_NP26,KELLEY_6_N001,AS_NP26,,2009-03-31T07:00:00-00:00,2031-01-01T07:59:59-00:00,2009-03-31T00:00:00,2030-12-31T23:59:59
AS_NP26,KELLYRDG_7_B1,AS_NP26,,2023-05-05T07:00:00-00:00,2031-01-01T07:59:59-00:00,2023-05-05T00:00:00,2030-12-31T23:59:59
AS_NP26,KELSO1_7_N001,AS_NP26,,2012-03-22T07:00:00-00:00,2031-01-01T07:59:59-00:00,2012-03-22T00:00:00,2030-12-31T23:59:59
AS_NP26,KELSO2_7_N001,AS_NP26,,2012-03-22T07:00:00-00:00,2031-01-01T07:59:59-00:00,2012-03-22T00:00:00,2030-12-31T23:59:59
AS_NP26,KELSO2_7_N002,AS_NP26,,2012-03-22T07:00:00-00:00,2031-01-01T07:59:59-00:00,2012-03-22T00:00:00,2030-12-31T23:59:59
AS_NP26,KELSO3_7_N001,AS_NP26,,2012-03-22T07:00:00-00:00,2031-01-01T07:59:59-00:00,2012-03-22T00:00:00,2030-12-31T23:59:59
AS_NP26,KELSO3_7_N002,AS_NP26,,2012-03-22T07:00:00-00:00,2031-01-01T07:59:59-00:00,2012-03-22T00:00:00,2030-12-31T23:59:59
AS_NP26,KELSO4_7_N001,AS_NP26,,2012-03-22T07:00:00-00:00,2031-01-01T07:59:59-00:00,2012-03-22T00:00:00,2030-12-31T23:59:59
AS_NP26,KELSO_2_N001,AS_NP26,,2009-12-17T08:00:00-00:00,2031-01-01T07:59:59-00:00,2009-12-17T00:00:00,2030-12-31T23:59:59
AS_NP26,KELSO_2_UNITS-APND,AS_NP26,,2012-05-22T07:00:00-00:00,2031-01-01T07:59:59-00:00,2012-05-22T00:00:00,2030-12-31T23:59:59
AS_NP26,KENNETH_6_N001,AS_NP26,,2017-02-16T08:00:00-00:00,2031-01-01T07:59:59-00:00,2017-02-16T00:00:00,2030-12-31T23:59:59
AS_NP26,KENNETH_6_N002,AS_NP26,,2017-02-16T08:00:00-00:00,2031-01-01T07:59:59-00:00,2017-02-16T00:00:00,2030-12-31T23:59:59
AS_NP26,KERCK1G1_7_B2,AS_NP26,,2009-03-31T07:00:00-00:00,2031-01-01T07:59:59-00:00,2009-03-31T00:00:00,2030-12-31T23:59:59
AS_NP26,KERCK1G1_7_N001,AS_NP26,,2009-03-31T07:00:00-00:00,2031-01-01T07:59:59-00:00,2009-03-31T00:00:00,2030-12-31T23:59:59
AS_NP26,KERCK1G2_7_B1,AS_NP26,,2009-03-31T07:00:00-00:00,2031-01-01T07:59:59-00:00,2009-03-31T00:00:00,2030-12-31T23:59:59
AS_NP26,KERCK1G3_7_B1,AS_NP26,,2009-03-31T07:00:00-00:00,2031-01-01T07:59:59-00:00,2009-03-31T00:00:00,2030-12-31T23:59:59
AS_NP26,KERCKHOF_7_B1,AS_NP26,,2025-05-13T07:00:00-00:00,2031-01-01T07:59:59-00:00,2025-05-13T00:00:00,2030-12-31T23:59:59
AS_NP26,KERMAN_6_N001,AS_NP26,,2016-11-17T08:00:00-00:00,2031-01-01T07:59:59-00:00,2016-11-17T00:00:00,2030-12-31T23:59:59
AS_NP26,KERMAN_6_N002,AS_NP26,,2015-07-23T07:00:00-00:00,2031-01-01T07:59:59-00:00,2015-07-23T00:00:00,2030-12-31T23:59:59
AS_NP26,KERNFRNT_1_B1,AS_NP26,,2017-08-17T07:00:00-00:00,2031-01-01T07:59:59-00:00,2017-08-17T00:00:00,2030-12-31T23:59:59
AS_NP26,KERNFRNT_7_B1,AS_NP26,,2009-03-31T07:00:00-00:00,2031-01-01T07:59:59-00:00,2009-03-31T00:00:00,2030-12-31T23:59:59
AS_NP26,KERNFRT_1_N001,AS_NP26,,2011-12-21T08:00:00-00:00,2031-01-01T07:59:59-00:00,2011-12-21T00:00:00,2030-12-31T23:59:59
AS_NP26,KERNOIL_1_B1,AS_NP26,,2017-08-17T07:00:00-00:00,2031-01-01T07:59:59-00:00,2017-08-17T00:00:00,2030-12-31T23:59:59
AS_NP26,KERNOIL_1_N001,AS_NP26,,2009-03-31T07:00:00-00:00,2031-01-01T07:59:59-00:00,2009-03-31T00:00:00,2030-12-31T23:59:59
AS_NP26,KERNOIL_1_N012,AS_NP26,,2009-03-31T07:00:00-00:00,2031-01-01T07:59:59-00:00,2009-03-31T00:00:00,2030-12-31T23:59:59
AS_NP26,KERNOIL_1_N031,AS_NP26,,2011-12-21T08:00:00-00:00,2031-01-01T07:59:59-00:00,2011-12-21T00:00:00,2030-12-31T23:59:59
AS_NP26,KERNPWR_1_B1,AS_NP26,,2017-08-17T07:00:00-00:00,2031-01-01T07:59:59-00:00,2017-08-17T00:00:00,2030-12-31T23:59:59
AS_NP26,KERNPWR_1_N002,AS_NP26,,2020-04-22T07:00:00-00:00,2031-01-01T07:59:59-00:00,2020-04-22T00:00:00,2030-12-31T23:59:59
AS_NP26,KERNPWR_1_N201,AS_NP26,,2020-04-22T07:00:00-00:00,2031-01-01T07:59:59-00:00,2020-04-22T00:00:00,2030-12-31T23:59:59
AS_NP26,KERNRDGE_1_N001,AS_NP26,,2009-03-31T07:00:00-00:00,2031-01-01T07:59:59-00:00,2009-03-31T00:00:00,2030-12-31T23:59:59
AS_NP26,KERNRDGE_1_N003,AS_NP26,,2025-05-13T07:00:00-00:00,2031-01-01T07:59:59-00:00,2025-05-13T00:00:00,2030-12-31T23:59:59
AS_NP26,KERNRV_1_N001,AS_NP26,,2009-03-31T07:00:00-00:00,2031-01-01T07:59:59-00:00,2009-03-31T00:00:00,2030-12-31T23:59:59
AS_NP26,KERNWATR_1_N001,AS_NP26,,2009-03-31T07:00:00-00:00,2031-01-01T07:59:59-00:00,2009-03-31T00:00:00,2030-12-31T23:59:59
AS_NP26,KERNWTP1_1_B1,AS_NP26,,2017-08-17T07:00:00-00:00,2031-01-01T07:59:59-00:00,2017-08-17T00:00:00,2030-12-31T23:59:59
AS_NP26,KESWICK_6_N001,AS_NP26,,2009-03-31T07:00:00-00:00,2031-01-01T07:59:59-00:00,2009-03-31T00:00:00,2030-12-31T23:59:59
AS_NP26,KETTLEMN_6_N001,AS_NP26,,2009-03-31T07:00:00-00:00,2031-01-01T07:59:59-00:00,2009-03-31T00:00:00,2030-12-31T23:59:59
AS_NP26,KIFER_1_B1,AS_NP26,,2017-08-17T07:00:00-00:00,2031-01-01T07:59:59-00:00,2017-08-17T00:00:00,2030-12-31T23:59:59
AS_NP26,KIFER_1_N022,AS_NP26,,2018-08-23T07:00:00-00:00,2031-01-01T07:59:59-00:00,2018-08-23T00:00:00,2030-12-31T23:59:59
AS_NP26,KIFER_6_N001,AS_NP26,,2018-08-23T07:00:00-00:00,2031-01-01T07:59:59-00:00,2018-08-23T00:00:00,2030-12-31T23:59:59
AS_NP26,KIFER_6_N020,AS_NP26,,2018-08-23T07:00:00-00:00,2031-01-01T07:59:59-00:00,2018-08-23T00:00:00,2030-12-31T23:59:59
AS_NP26,KILRC1-2_7_B1,AS_NP26,,2023-05-05T07:00:00-00:00,2031-01-01T07:59:59-00:00,2023-05-05T00:00:00,2030-12-31T23:59:59
AS_NP26,KINGCTY_6_N001,AS_NP26,,2009-03-31T07:00:00-00:00,2031-01-01T07:59:59-00:00,2009-03-31T00:00:00,2030-12-31T23:59:59
AS_NP26,KINGCTY_6_N002,AS_NP26,,2009-03-31T07:00:00-00:00,2031-01-01T07:59:59-00:00,2009-03-31T00:00:00,2030-12-31T23:59:59
AS_NP26,KINGCTY_6_N005,AS_NP26,,2014-11-13T08:00:00-00:00,2031-01-01T07:59:59-00:00,2014-11-13T00:00:00,2030-12-31T23:59:59
AS_NP26,KINGSBRG_1_N001,AS_NP26,,2013-11-21T08:00:00-00:00,2031-01-01T07:59:59-00:00,2013-11-21T00:00:00,2030-12-31T23:59:59
AS_NP26,KINGSBRG_1_N008,AS_NP26,,2013-11-21T08:00:00-00:00,2031-01-01T07:59:59-00:00,2013-11-21T00:00:00,2030-12-31T23:59:59
AS_NP26,KINGSBRG_7_N002,AS_NP26,,2025-05-13T07:00:00-00:00,2031-01-01T07:59:59-00:00,2025-05-13T00:00:00,2030-12-31T23:59:59
AS_NP26,KINGSBRG_7_N003,AS_NP26,,2025-05-13T07:00:00-00:00,2031-01-01T07:59:59-00:00,2025-05-13T00:00:00,2030-12-31T23:59:59
AS_NP26,KINGSBUR_7_B1,AS_NP26,,2025-05-13T07:00:00-00:00,2031-01-01T07:59:59-00:00,2025-05-13T00:00:00,2030-12-31T23:59:59
AS_NP26,KINGSRIV_7_B1,AS_NP26,,2025-05-13T07:00:00-00:00,2031-01-01T07:59:59-00:00,2025-05-13T00:00:00,2030-12-31T23:59:59
AS_NP26,KIRKER_1_N001,AS_NP26,,2024-12-18T08:00:00-00:00,2031-01-01T07:59:59-00:00,2024-12-18T00:00:00,2030-12-31T23:59:59
AS_NP26,KIRKER_1_N005,AS_NP26,,2009-03-31T07:00:00-00:00,2031-01-01T07:59:59-00:00,2009-03-31T00:00:00,2030-12-31T23:59:59
AS_NP26,KIRKER_1_N006,AS_NP26,,2016-08-18T07:00:00-00:00,2031-01-01T07:59:59-00:00,2016-08-18T00:00:00,2030-12-31T23:59:59
AS_NP26,KIRKWD1_7_B1,AS_NP26,,2023-05-05T07:00:00-00:00,2031-01-01T07:59:59-00:00,2023-05-05T00:00:00,2030-12-31T23:59:59
AS_NP26,KIRKWD2_7_B1,AS_NP26,,2023-05-05T07:00:00-00:00,2031-01-01T07:59:59-00:00,2023-05-05T00:00:00,2030-12-31T23:59:59
AS_NP26,KIRKWD3_7_B1,AS_NP26,,2023-05-05T07:00:00-00:00,2031-01-01T07:59:59-00:00,2023-05-05T00:00:00,2030-12-31T23:59:59
AS_NP26,KMPUD_7_N001,AS_NP26,,2014-11-13T08:00:00-00:00,2031-01-01T07:59:59-00:00,2014-11-13T00:00:00,2030-12-31T23:59:59
AS_NP26,KNGHTSLD_1_N001,AS_NP26,,2009-03-31T07:00:00-00:00,2031-01-01T07:59:59-00:00,2009-03-31T00:00:00,2030-12-31T23:59:59
AS_NP26,KNGSRVR_1_B1,AS_NP26,,2017-08-17T07:00:00-00:00,2031-01-01T07:59:59-00:00,2017-08-17T00:00:00,2030-12-31T23:59:59
AS_NP26,KOLA_2_KLBBT1-APND,AS_NP26,,2025-11-15T08:00:00-00:00,2031-01-01T07:59:59-00:00,2025-11-15T00:00:00,2030-12-31T23:59:59
AS_NP26,KOLA_7_B1N004,AS_NP26,,2024-12-18T08:00:00-00:00,2031-01-01T07:59:59-00:00,2024-12-18T00:00:00,2030-12-31T23:59:59
AS_NP26,KOLA_7_B2N001,AS_NP26,,2025-05-13T07:00:00-00:00,2031-01-01T07:59:59-00:00,2025-05-13T00:00:00,2030-12-31T23:59:59
AS_NP26,KOLA_7_B3N001,AS_NP26,,2024-12-18T08:00:00-00:00,2031-01-01T07:59:59-00:00,2024-12-18T00:00:00,2030-12-31T23:59:59
AS_NP26,KONOCTI6_6_N001,AS_NP26,,2021-08-25T07:00:00-00:00,2031-01-01T07:59:59-00:00,2021-08-25T00:00:00,2030-12-31T23:59:59
AS_NP26,KONOCTI6_6_N0027,AS_NP26,,2021-08-25T07:00:00-00:00,2031-01-01T07:59:59-00:00,2021-08-25T00:00:00,2030-12-31T23:59:59
AS_NP26,KRMNFCP_7_N002,AS_NP26,,2025-05-13T07:00:00-00:00,2031-01-01T07:59:59-00:00,2025-05-13T00:00:00,2030-12-31T23:59:59
AS_NP26,KRMNFCP_7_N003,AS_NP26,,2025-05-13T07:00:00-00:00,2031-01-01T07:59:59-00:00,2025-05-13T00:00:00,2030-12-31T23:59:59
AS_NP26,KRNCNYN_6_N001,AS_NP26,,2025-05-13T07:00:00-00:00,2031-01-01T07:59:59-00:00,2025-05-13T00:00:00,2030-12-31T23:59:59
AS_NP26,KRNSNST_7_N001,AS_NP26,,2025-05-13T07:00:00-00:00,2031-01-01T07:59:59-00:00,2025-05-13T00:00:00,2030-12-31T23:59:59
AS_NP26,KYOHO_1_LN001,AS_NP26,,2009-11-03T08:00:00-00:00,2031-01-01T07:59:59-00:00,2009-11-03T00:00:00,2030-12-31T23:59:59
AS_NP26,LAGUNATP_6_N001,AS_NP26,,2009-03-31T07:00:00-00:00,2031-01-01T07:59:59-00:00,2009-03-31T00:00:00,2030-12-31T23:59:59
AS_NP26,LAGUNITS_6_N001,AS_NP26,,2009-03-31T07:00:00-00:00,2031-01-01T07:59:59-00:00,2009-03-31T00:00:00,2030-12-31T23:59:59
AS_NP26,LAKEVIEW_6_N101,AS_NP26,,2009-03-31T07:00:00-00:00,2031-01-01T07:59:59-00:00,2009-03-31T00:00:00,2030-12-31T23:59:59
AS_NP26,LAKEVIEW_7_N001,AS_NP26,,2025-05-16T07:00:00-00:00,2031-01-01T07:59:59-00:00,2025-05-16T00:00:00,2030-12-31T23:59:59
AS_NP26,LAKEVIEW_7_N002,AS_NP26,,2024-01-24T08:00:00-00:00,2031-01-01T07:59:59-00:00,2024-01-24T00:00:00,2030-12-31T23:59:59
AS_NP26,LAKEVILE_2_B1,AS_NP26,,2017-08-17T07:00:00-00:00,2031-01-01T07:59:59-00:00,2017-08-17T00:00:00,2030-12-31T23:59:59
AS_NP26,LAKEVLLE_1_N001,AS_NP26,,2014-02-13T08:00:00-00:00,2031-01-01T07:59:59-00:00,2014-02-13T00:00:00,2030-12-31T23:59:59
AS_NP26,LAKEVLLE_1_N028,AS_NP26,,2012-10-11T07:00:00-00:00,2031-01-01T07:59:59-00:00,2012-10-11T00:00:00,2030-12-31T23:59:59
AS_NP26,LAKEWOOD_1_N001,AS_NP26,,2009-03-31T07:00:00-00:00,2031-01-01T07:59:59-00:00,2009-03-31T00:00:00,2030-12-31T23:59:59
AS_NP26,LAKEWOOD_1_N003,AS_NP26,,2009-03-31T07:00:00-00:00,2031-01-01T07:59:59-00:00,2009-03-31T00:00:00,2030-12-31T23:59:59
AS_NP26,LAKEWOOD_1_N004,AS_NP26,,2009-03-31T07:00:00-00:00,2031-01-01T07:59:59-00:00,2009-03-31T00:00:00,2030-12-31T23:59:59
AS_NP26,LAKEWOOD_1_N006,AS_NP26,,2009-03-31T07:00:00-00:00,2031-01-01T07:59:59-00:00,2009-03-31T00:00:00,2030-12-31T23:59:59
AS_NP26,LAKEWOOD_1_N007,AS_NP26,,2009-03-31T07:00:00-00:00,2031-01-01T07:59:59-00:00,2009-03-31T00:00:00,2030-12-31T23:59:59
AS_NP26,LAKEWOOD_1_N009,AS_NP26,,2009-03-31T07:00:00-00:00,2031-01-01T07:59:59-00:00,2009-03-31T00:00:00,2030-12-31T23:59:59
AS_NP26,LALPAG_7_N002,AS_NP26,,2025-06-12T07:00:00-00:00,2031-01-01T07:59:59-00:00,2025-06-12T00:00:00,2030-12-31T23:59:59
AS_NP26,LAMBGT1_7_B1,AS_NP26,,2009-03-31T07:00:00-00:00,2031-01-01T07:59:59-00:00,2009-03-31T00:00:00,2030-12-31T23:59:59
AS_NP26,LAMBIE_2_B1,AS_NP26,,2017-08-17T07:00:00-00:00,2031-01-01T07:59:59-00:00,2017-08-17T00:00:00,2030-12-31T23:59:59
AS_NP26,LAMBIE_2_N010,AS_NP26,,2009-06-25T07:00:00-00:00,2031-01-01T07:59:59-00:00,2009-06-25T00:00:00,2030-12-31T23:59:59
AS_NP26,LAMMERS_1_N001,AS_NP26,,2009-03-31T07:00:00-00:00,2031-01-01T07:59:59-00:00,2009-03-31T00:00:00,2030-12-31T23:59:59
AS_NP26,LAMMERS_1_N004,AS_NP26,,2009-03-31T07:00:00-00:00,2031-01-01T07:59:59-00:00,2009-03-31T00:00:00,2030-12-31T23:59:59
AS_NP26,LAMONT_1_B4,AS_NP26,,2017-08-17T07:00:00-00:00,2031-01-01T07:59:59-00:00,2017-08-17T00:00:00,2030-12-31T23:59:59
AS_NP26,LAMONT_1_N001,AS_NP26,,2009-03-31T07:00:00-00:00,2031-01-01T07:59:59-00:00,2009-03-31T00:00:00,2030-12-31T23:59:59
AS_NP26,LAMONT_1_N002,AS_NP26,,2015-01-15T08:00:00-00:00,2031-01-01T07:59:59-00:00,2015-01-15T00:00:00,2030-12-31T23:59:59
AS_NP26,LAPLMG1_7_B2,AS_NP26,,2009-03-31T07:00:00-00:00,2031-01-01T07:59:59-00:00,2009-03-31T00:00:00,2030-12-31T23:59:59
AS_NP26,LAPLMG1_7_N001,AS_NP26,,2009-03-31T07:00:00-00:00,2031-01-01T07:59:59-00:00,2009-03-31T00:00:00,2030-12-31T23:59:59
AS_NP26,LAPLMG2_7_B2,AS_NP26,,2009-03-31T07:00:00-00:00,2031-01-01T07:59:59-00:00,2009-03-31T00:00:00,2030-12-31T23:59:59
AS_NP26,LAPLMG2_7_N001,AS_NP26,,2009-03-31T07:00:00-00:00,2031-01-01T07:59:59-00:00,2009-03-31T00:00:00,2030-12-31T23:59:59
AS_NP26,LAPLMG3_7_B2,AS_NP26,,2009-03-31T07:00:00-00:00,2031-01-01T07:59:59-00:00,2009-03-31T00:00:00,2030-12-31T23:59:59
AS_NP26,LAPLMG3_7_N001,AS_NP26,,2009-03-31T07:00:00-00:00,2031-01-01T07:59:59-00:00,2009-03-31T00:00:00,2030-12-31T23:59:59
AS_NP26,LAPLMG4_7_B2,AS_NP26,,2009-03-31T07:00:00-00:00,2031-01-01T07:59:59-00:00,2009-03-31T00:00:00,2030-12-31T23:59:59
AS_NP26,LAPLMG4_7_N001,AS_NP26,,2009-03-31T07:00:00-00:00,2031-01-01T07:59:59-00:00,2009-03-31T00:00:00,2030-12-31T23:59:59
AS_NP26,LARKIN12_7_LN001,AS_NP26,,2010-04-22T07:00:00-00:00,2031-01-01T07:59:59-00:00,2010-04-22T00:00:00,2030-12-31T23:59:59
AS_NP26,LARKIN12_7_LN002,AS_NP26,,2010-04-22T07:00:00-00:00,2031-01-01T07:59:59-00:00,2010-04-22T00:00:00,2030-12-31T23:59:59
AS_NP26,LARKIN12_7_LN003,AS_NP26,,2010-04-22T07:00:00-00:00,2031-01-01T07:59:59-00:00,2010-04-22T00:00:00,2030-12-31T23:59:59
AS_NP26,LASAGUIL_2_B1,AS_NP26,,2017-10-09T07:00:00-00:00,2031-01-01T07:59:59-00:00,2017-10-09T00:00:00,2030-12-31T23:59:59
AS_NP26,LASPALMS_1_N001,AS_NP26,,2009-03-31T07:00:00-00:00,2031-01-01T07:59:59-00:00,2009-03-31T00:00:00,2030-12-31T23:59:59
AS_NP26,LASPLGS_6_N001,AS_NP26,,2009-03-31T07:00:00-00:00,2031-01-01T07:59:59-00:00,2009-03-31T00:00:00,2030-12-31T23:59:59
AS_NP26,LASPLGS_6_N004,AS_NP26,,2009-03-31T07:00:00-00:00,2031-01-01T07:59:59-00:00,2009-03-31T00:00:00,2030-12-31T23:59:59
AS_NP26,LASSEN_6_N001,AS_NP26,,2009-03-31T07:00:00-00:00,2031-01-01T07:59:59-00:00,2009-03-31T00:00:00,2030-12-31T23:59:59
AS_NP26,LASSEN_6_N003,AS_NP26,,2009-03-31T07:00:00-00:00,2031-01-01T07:59:59-00:00,2009-03-31T00:00:00,2030-12-31T23:59:59
AS_NP26,LASSEN_6_N004,AS_NP26,,2023-05-05T07:00:00-00:00,2031-01-01T07:59:59-00:00,2023-05-05T00:00:00,2030-12-31T23:59:59
AS_NP26,LAURELES_6_N001,AS_NP26,,2009-03-31T07:00:00-00:00,2031-01-01T07:59:59-00:00,2009-03-31T00:00:00,2030-12-31T23:59:59
AS_NP26,LAWRENCE_1_N001,AS_NP26,,2009-03-31T07:00:00-00:00,2031-01-01T07:59:59-00:00,2009-03-31T00:00:00,2030-12-31T23:59:59
AS_NP26,LAWRENCE_1_N003,AS_NP26,,2009-03-31T07:00:00-00:00,2031-01-01T07:59:59-00:00,2009-03-31T00:00:00,2030-12-31T23:59:59
AS_NP26,LAWRENCE_1_N004,AS_NP26,,2009-03-31T07:00:00-00:00,2031-01-01T07:59:59-00:00,2009-03-31T00:00:00,2030-12-31T23:59:59
AS_NP26,LAWRENCE_1_N006,AS_NP26,,2025-05-13T07:00:00-00:00,2031-01-01T07:59:59-00:00,2025-05-13T00:00:00,2030-12-31T23:59:59
AS_NP26,LEBEC_6_N001,AS_NP26,,2009-03-31T07:00:00-00:00,2031-01-01T07:59:59-00:00,2009-03-31T00:00:00,2030-12-31T23:59:59
AS_NP26,LECEFBGN_7_N003,AS_NP26,,2016-05-19T07:00:00-00:00,2031-01-01T07:59:59-00:00,2016-05-19T00:00:00,2030-12-31T23:59:59
AS_NP26,LECEFGT1_7_B1,AS_NP26,,2009-03-31T07:00:00-00:00,2031-01-01T07:59:59-00:00,2009-03-31T00:00:00,2030-12-31T23:59:59
AS_NP26,LECEFGT2_7_B1,AS_NP26,,2023-05-05T07:00:00-00:00,2031-01-01T07:59:59-00:00,2023-05-05T00:00:00,2030-12-31T23:59:59
AS_NP26,LECEFGT3_7_B1,AS_NP26,,2023-05-05T07:00:00-00:00,2031-01-01T07:59:59-00:00,2023-05-05T00:00:00,2030-12-31T23:59:59
AS_NP26,LECEFGT4_7_B1,AS_NP26,,2023-05-05T07:00:00-00:00,2031-01-01T07:59:59-00:00,2023-05-05T00:00:00,2030-12-31T23:59:59
AS_NP26,LECEFST1_7_B1,AS_NP26,,2013-02-28T08:00:00-00:00,2031-01-01T07:59:59-00:00,2013-02-28T00:00:00,2030-12-31T23:59:59
AS_NP26,LECEF_1_UNITS-APND,AS_NP26,,2009-03-31T07:00:00-00:00,2031-01-01T07:59:59-00:00,2009-03-31T00:00:00,2030-12-31T23:59:59
AS_NP26,LEGRAND_1_N001,AS_NP26,,2017-08-17T07:00:00-00:00,2031-01-01T07:59:59-00:00,2017-08-17T00:00:00,2030-12-31T23:59:59
AS_NP26,LEGRAND_1_N018,AS_NP26,,2011-08-12T07:00:00-00:00,2031-01-01T07:59:59-00:00,2011-08-12T00:00:00,2030-12-31T23:59:59
AS_NP26,LEMOORE_6_N002,AS_NP26,,2009-03-31T07:00:00-00:00,2031-01-01T07:59:59-00:00,2009-03-31T00:00:00,2030-12-31T23:59:59
AS_NP26,LEMOORE_6_N101,AS_NP26,,2009-03-31T07:00:00-00:00,2031-01-01T07:59:59-00:00,2009-03-31T00:00:00,2030-12-31T23:59:59
AS_NP26,LEMORSLR_7_N001,AS_NP26,,2025-05-13T07:00:00-00:00,2031-01-01T07:59:59-00:00,2025-05-13T00:00:00,2030-12-31T23:59:59
AS_NP26,LEMORSLR_7_N003,AS_NP26,,2025-05-13T07:00:00-00:00,2031-01-01T07:59:59-00:00,2025-05-13T00:00:00,2030-12-31T23:59:59
AS_NP26,LEMORSLR_7_N004,AS_NP26,,2025-05-13T07:00:00-00:00,2031-01-01T07:59:59-00:00,2025-05-13T00:00:00,2030-12-31T23:59:59
AS_NP26,LEPRINO_1_N001,AS_NP26,,2009-03-31T07:00:00-00:00,2031-01-01T07:59:59-00:00,2009-03-31T00:00:00,2030-12-31T23:59:59
AS_NP26,LEPRINO_6_N001,AS_NP26,,2009-03-31T07:00:00-00:00,2031-01-01T07:59:59-00:00,2009-03-31T00:00:00,2030-12-31T23:59:59
AS_NP26,LEPRNOFD_1_N001,AS_NP26,,2014-08-28T07:00:00-00:00,2031-01-01T07:59:59-00:00,2014-08-28T00:00:00,2030-12-31T23:59:59
AS_NP26,LERDO_1_N001,AS_NP26,,2018-08-23T07:00:00-00:00,2031-01-01T07:59:59-00:00,2018-08-23T00:00:00,2030-12-31T23:59:59
AS_NP26,LERDO_1_N004,AS_NP26,,2018-08-23T07:00:00-00:00,2031-01-01T07:59:59-00:00,2018-08-23T00:00:00,2030-12-31T23:59:59
AS_NP26,LEWISTON_7_N001,AS_NP26,,2009-03-31T07:00:00-00:00,2031-01-01T07:59:59-00:00,2009-03-31T00:00:00,2030-12-31T23:59:59
AS_NP26,LEWISTON_7_N003,AS_NP26,,2009-03-31T07:00:00-00:00,2031-01-01T07:59:59-00:00,2009-03-31T00:00:00,2030-12-31T23:59:59
AS_NP26,LIDSUB_6_N002,AS_NP26,,2016-11-17T08:00:00-00:00,2031-01-01T07:59:59-00:00,2016-11-17T00:00:00,2030-12-31T23:59:59
AS_NP26,LIDTAP_1_N001,AS_NP26,,2019-02-21T08:00:00-00:00,2031-01-01T07:59:59-00:00,2019-02-21T00:00:00,2030-12-31T23:59:59
AS_NP26,LIMESTNE_6_N001,AS_NP26,,2009-03-31T07:00:00-00:00,2031-01-01T07:59:59-00:00,2009-03-31T00:00:00,2030-12-31T23:59:59
AS_NP26,LINCLN_1_N001,AS_NP26,,2011-03-31T07:00:00-00:00,2031-01-01T07:59:59-00:00,2011-03-31T00:00:00,2030-12-31T23:59:59
AS_NP26,LINCLN_1_N002,AS_NP26,,2011-03-31T07:00:00-00:00,2031-01-01T07:59:59-00:00,2011-03-31T00:00:00,2030-12-31T23:59:59
AS_NP26,LINCLN_1_N003,AS_NP26,,2011-03-31T07:00:00-00:00,2031-01-01T07:59:59-00:00,2011-03-31T00:00:00,2030-12-31T23:59:59
AS_NP26,LINDEN_6_N101,AS_NP26,,2009-03-31T07:00:00-00:00,2031-01-01T07:59:59-00:00,2009-03-31T00:00:00,2030-12-31T23:59:59
AS_NP26,LIPTON_6_N001,AS_NP26,,2009-03-31T07:00:00-00:00,2031-01-01T07:59:59-00:00,2009-03-31T00:00:00,2030-12-31T23:59:59
AS_NP26,LIVEOAK_7_N003,AS_NP26,,2025-05-13T07:00:00-00:00,2031-01-01T07:59:59-00:00,2025-05-13T00:00:00,2030-12-31T23:59:59
AS_NP26,LIVEOAK_7_N004,AS_NP26,,2013-05-09T07:00:00-00:00,2031-01-01T07:59:59-00:00,2013-05-09T00:00:00,2030-12-31T23:59:59
AS_NP26,LIVEOAK_7_N005,AS_NP26,,2013-05-09T07:00:00-00:00,2031-01-01T07:59:59-00:00,2013-05-09T00:00:00,2030-12-31T23:59:59
AS_NP26,LIVERMRE_6_N001,AS_NP26,,2024-03-20T07:00:00-00:00,2031-01-01T07:59:59-00:00,2024-03-20T00:00:00,2030-12-31T23:59:59
AS_NP26,LIVERMRE_6_N003,AS_NP26,,2009-03-31T07:00:00-00:00,2031-01-01T07:59:59-00:00,2009-03-31T00:00:00,2030-12-31T23:59:59
AS_NP26,LIVNGSTN_6_N001,AS_NP26,,2009-03-31T07:00:00-00:00,2031-01-01T07:59:59-00:00,2009-03-31T00:00:00,2030-12-31T23:59:59
AS_NP26,LLAGAS_1_N001,AS_NP26,,2009-03-31T07:00:00-00:00,2031-01-01T07:59:59-00:00,2009-03-31T00:00:00,2030-12-31T23:59:59
AS_NP26,LLAGAS_1_N003,AS_NP26,,2009-03-31T07:00:00-00:00,2031-01-01T07:59:59-00:00,2009-03-31T00:00:00,2030-12-31T23:59:59
AS_NP26,LLAGAS_1_N005,AS_NP26,,2009-03-31T07:00:00-00:00,2031-01-01T07:59:59-00:00,2009-03-31T00:00:00,2030-12-31T23:59:59
AS_NP26,LMBIGENT_2_N003,AS_NP26,,2009-06-25T07:00:00-00:00,2031-01-01T07:59:59-00:00,2009-06-25T00:00:00,2030-12-31T23:59:59
AS_NP26,LMBIGENT_2_N004,AS_NP26,,2009-06-25T07:00:00-00:00,2031-01-01T07:59:59-00:00,2009-06-25T00:00:00,2030-12-31T23:59:59
AS_NP26,LMEC1_1_LN001,AS_NP26,,2010-04-22T07:00:00-00:00,2031-01-01T07:59:59-00:00,2010-04-22T00:00:00,2030-12-31T23:59:59
AS_NP26,LMEC1_1_LN002,AS_NP26,,2010-04-22T07:00:00-00:00,2031-01-01T07:59:59-00:00,2010-04-22T00:00:00,2030-12-31T23:59:59
AS_NP26,LMEC1_1_N001,AS_NP26,,2009-03-31T07:00:00-00:00,2031-01-01T07:59:59-00:00,2009-03-31T00:00:00,2030-12-31T23:59:59
AS_NP26,LMEC1_1_N101,AS_NP26,,2009-03-31T07:00:00-00:00,2031-01-01T07:59:59-00:00,2009-03-31T00:00:00,2030-12-31T23:59:59
AS_NP26,LMEC1_1_N601,AS_NP26,,2009-03-31T07:00:00-00:00,2031-01-01T07:59:59-00:00,2009-03-31T00:00:00,2030-12-31T23:59:59
AS_NP26,LMEC1_1_N801,AS_NP26,,2009-03-31T07:00:00-00:00,2031-01-01T07:59:59-00:00,2009-03-31T00:00:00,2030-12-31T23:59:59
AS_NP26,LMECCT1_7_B1,AS_NP26,,2009-03-31T07:00:00-00:00,2031-01-01T07:59:59-00:00,2009-03-31T00:00:00,2030-12-31T23:59:59
AS_NP26,LMECCT1_7_N001,AS_NP26,,2009-03-31T07:00:00-00:00,2031-01-01T07:59:59-00:00,2009-03-31T00:00:00,2030-12-31T23:59:59
AS_NP26,LMECCT2_7_B1,AS_NP26,,2009-03-31T07:00:00-00:00,2031-01-01T07:59:59-00:00,2009-03-31T00:00:00,2030-12-31T23:59:59
AS_NP26,LMECCT2_7_N001,AS_NP26,,2009-03-31T07:00:00-00:00,2031-01-01T07:59:59-00:00,2009-03-31T00:00:00,2030-12-31T23:59:59
AS_NP26,LMECST1_7_B1,AS_NP26,,2009-03-31T07:00:00-00:00,2031-01-01T07:59:59-00:00,2009-03-31T00:00:00,2030-12-31T23:59:59
AS_NP26,LMECST1_7_N001,AS_NP26,,2009-03-31T07:00:00-00:00,2031-01-01T07:59:59-00:00,2009-03-31T00:00:00,2030-12-31T23:59:59
AS_NP26,LMEC_1_PL1X3-APND,AS_NP26,,2009-03-31T07:00:00-00:00,2031-01-01T07:59:59-00:00,2009-03-31T00:00:00,2030-12-31T23:59:59
AS_NP26,LMPC-CTY_1_N001,AS_NP26,,2009-03-31T07:00:00-00:00,2031-01-01T07:59:59-00:00,2009-03-31T00:00:00,2030-12-31T23:59:59
AS_NP26,LOCKFORD_7_N001,AS_NP26,,2013-07-18T07:00:00-00:00,2031-01-01T07:59:59-00:00,2013-07-18T00:00:00,2030-12-31T23:59:59
AS_NP26,LOCKFORD_7_N002,AS_NP26,,2013-07-18T07:00:00-00:00,2031-01-01T07:59:59-00:00,2013-07-18T00:00:00,2030-12-31T23:59:59
AS_NP26,LOCKFORD_7_N003,AS_NP26,,2025-05-13T07:00:00-00:00,2031-01-01T07:59:59-00:00,2025-05-13T00:00:00,2030-12-31T23:59:59
AS_NP26,LOCKFORD_7_N004,AS_NP26,,2025-05-13T07:00:00-00:00,2031-01-01T07:59:59-00:00,2025-05-13T00:00:00,2030-12-31T23:59:59
AS_NP26,LOCKHD1_1_N001,AS_NP26,,2016-08-18T07:00:00-00:00,2031-01-01T07:59:59-00:00,2016-08-18T00:00:00,2030-12-31T23:59:59
AS_NP26,LOCKHD1_1_N025,AS_NP26,,2016-08-18T07:00:00-00:00,2031-01-01T07:59:59-00:00,2016-08-18T00:00:00,2030-12-31T23:59:59
AS_NP26,LOCKHD1_1_N026,AS_NP26,,2016-08-18T07:00:00-00:00,2031-01-01T07:59:59-00:00,2016-08-18T00:00:00,2030-12-31T23:59:59
AS_NP26,LOCKHD2_1_N001,AS_NP26,,2009-03-31T07:00:00-00:00,2031-01-01T07:59:59-00:00,2009-03-31T00:00:00,2030-12-31T23:59:59
AS_NP26,LOCKHD2_1_N004,AS_NP26,,2009-03-31T07:00:00-00:00,2031-01-01T07:59:59-00:00,2009-03-31T00:00:00,2030-12-31T23:59:59
AS_NP26,LOCKHD2_1_N005,AS_NP26,,2009-03-31T07:00:00-00:00,2031-01-01T07:59:59-00:00,2009-03-31T00:00:00,2030-12-31T23:59:59
AS_NP26,LODI25CT_7_B1,AS_NP26,,2025-05-13T07:00:00-00:00,2031-01-01T07:59:59-00:00,2025-05-13T00:00:00,2030-12-31T23:59:59
AS_NP26,LODICITY_6_N001,AS_NP26,,2009-03-31T07:00:00-00:00,2031-01-01T07:59:59-00:00,2009-03-31T00:00:00,2030-12-31T23:59:59
AS_NP26,LODICITY_6_NNG1,AS_NP26,,2025-05-13T07:00:00-00:00,2031-01-01T07:59:59-00:00,2025-05-13T00:00:00,2030-12-31T23:59:59
AS_NP26,LODICTG_7_B1,AS_NP26,,2023-05-05T07:00:00-00:00,2031-01-01T07:59:59-00:00,2023-05-05T00:00:00,2030-12-31T23:59:59
AS_NP26,LODICTG_7_N001,AS_NP26,,2011-12-21T08:00:00-00:00,2031-01-01T07:59:59-00:00,2011-12-21T00:00:00,2030-12-31T23:59:59
AS_NP26,LODIEC_2_PL1X2-APND,AS_NP26,,2012-06-25T07:00:00-00:00,2031-01-01T07:59:59-00:00,2012-06-25T00:00:00,2030-12-31T23:59:59
AS_NP26,LODISTG_7_B1,AS_NP26,,2023-05-05T07:00:00-00:00,2031-01-01T07:59:59-00:00,2023-05-05T00:00:00,2030-12-31T23:59:59
AS_NP26,LODISTG_7_N001,AS_NP26,,2011-12-21T08:00:00-00:00,2031-01-01T07:59:59-00:00,2011-12-21T00:00:00,2030-12-31T23:59:59
AS_NP26,LODI_6_N001,AS_NP26,,2023-11-15T08:00:00-00:00,2031-01-01T07:59:59-00:00,2023-11-15T00:00:00,2030-12-31T23:59:59
AS_NP26,LOGANCR_2_N001,AS_NP26,,2009-03-31T07:00:00-00:00,2031-01-01T07:59:59-00:00,2009-03-31T00:00:00,2030-12-31T23:59:59
AS_NP26,LOGANCR_2_N010,AS_NP26,,2009-03-31T07:00:00-00:00,2031-01-01T07:59:59-00:00,2009-03-31T00:00:00,2030-12-31T23:59:59
AS_NP26,LONESTAR_1_N001,AS_NP26,,2009-03-31T07:00:00-00:00,2031-01-01T07:59:59-00:00,2009-03-31T00:00:00,2030-12-31T23:59:59
AS_NP26,LONESTR_6_N001,AS_NP26,,2009-03-31T07:00:00-00:00,2031-01-01T07:59:59-00:00,2009-03-31T00:00:00,2030-12-31T23:59:59
AS_NP26,LONETREE_2_N001,AS_NP26,,2009-03-31T07:00:00-00:00,2031-01-01T07:59:59-00:00,2009-03-31T00:00:00,2030-12-31T23:59:59
AS_NP26,LONETREE_2_N014,AS_NP26,,2009-06-25T07:00:00-00:00,2031-01-01T07:59:59-00:00,2009-06-25T00:00:00,2030-12-31T23:59:59
AS_NP26,LOSALTS_6_N004,AS_NP26,,2009-06-25T07:00:00-00:00,2031-01-01T07:59:59-00:00,2009-06-25T00:00:00,2030-12-31T23:59:59
AS_NP26,LOSALTS_6_N005,AS_NP26,,2009-03-31T07:00:00-00:00,2031-01-01T07:59:59-00:00,2009-03-31T00:00:00,2030-12-31T23:59:59
AS_NP26,LOSALTS_6_N101,AS_NP26,,2009-06-25T07:00:00-00:00,2031-01-01T07:59:59-00:00,2009-06-25T00:00:00,2030-12-31T23:59:59
AS_NP26,LOSCCHS_6_N001,AS_NP26,,2009-03-31T07:00:00-00:00,2031-01-01T07:59:59-00:00,2009-03-31T00:00:00,2030-12-31T23:59:59
AS_NP26,LOSGATS_6_N002,AS_NP26,,2009-03-31T07:00:00-00:00,2031-01-01T07:59:59-00:00,2009-03-31T00:00:00,2030-12-31T23:59:59
AS_NP26,LOSGATS_6_N201,AS_NP26,,2009-03-31T07:00:00-00:00,2031-01-01T07:59:59-00:00,2009-03-31T00:00:00,2030-12-31T23:59:59
AS_NP26,LOSOSTS_6_N001,AS_NP26,,2009-03-31T07:00:00-00:00,2031-01-01T07:59:59-00:00,2009-03-31T00:00:00,2030-12-31T23:59:59
AS_NP26,LOSOSTS_6_N005,AS_NP26,,2009-03-31T07:00:00-00:00,2031-01-01T07:59:59-00:00,2009-03-31T00:00:00,2030-12-31T23:59:59
AS_NP26,LOUISE_6_N001,AS_NP26,,2009-03-31T07:00:00-00:00,2031-01-01T07:59:59-00:00,2009-03-31T00:00:00,2030-12-31T23:59:59
AS_NP26,LOUISE_6_N002,AS_NP26,,2009-03-31T07:00:00-00:00,2031-01-01T07:59:59-00:00,2009-03-31T00:00:00,2030-12-31T23:59:59
AS_NP26,LOWGAP1_1_N004,AS_NP26,,2025-05-13T07:00:00-00:00,2031-01-01T07:59:59-00:00,2025-05-13T00:00:00,2030-12-31T23:59:59
AS_NP26,LOWGAP_7_N001,AS_NP26,,2009-03-31T07:00:00-00:00,2031-01-01T07:59:59-00:00,2009-03-31T00:00:00,2030-12-31T23:59:59
AS_NP26,LOWGAP_7_N002,AS_NP26,,2025-05-13T07:00:00-00:00,2031-01-01T07:59:59-00:00,2025-05-13T00:00:00,2030-12-31T23:59:59
AS_NP26,LOYOLA_6_N001,AS_NP26,,2009-03-31T07:00:00-00:00,2031-01-01T07:59:59-00:00,2009-03-31T00:00:00,2030-12-31T23:59:59
AS_NP26,LOYOLA_6_N004,AS_NP26,,2009-03-31T07:00:00-00:00,2031-01-01T07:59:59-00:00,2009-03-31T00:00:00,2030-12-31T23:59:59
AS_NP26,LPFBSP_6_N001,AS_NP26,,2009-03-31T07:00:00-00:00,2031-01-01T07:59:59-00:00,2009-03-31T00:00:00,2030-12-31T23:59:59
AS_NP26,LPFBSP_6_N003,AS_NP26,,2009-03-31T07:00:00-00:00,2031-01-01T07:59:59-00:00,2009-03-31T00:00:00,2030-12-31T23:59:59
AS_NP26,LPFLKBD_6_N001,AS_NP26,,2009-03-31T07:00:00-00:00,2031-01-01T07:59:59-00:00,2009-03-31T00:00:00,2030-12-31T23:59:59
AS_NP26,LPNJCTSS_1_B1,AS_NP26,,2017-08-17T07:00:00-00:00,2031-01-01T07:59:59-00:00,2017-08-17T00:00:00,2030-12-31T23:59:59
AS_NP26,LPSAMOA_7_N001,AS_NP26,,2009-03-31T07:00:00-00:00,2031-01-01T07:59:59-00:00,2009-03-31T00:00:00,2030-12-31T23:59:59
AS_NP26,LPSAMOA_7_N002,AS_NP26,,2009-03-31T07:00:00-00:00,2031-01-01T07:59:59-00:00,2009-03-31T00:00:00,2030-12-31T23:59:59
AS_NP26,LSGLLNS_1_N001,AS_NP26,,2009-03-31T07:00:00-00:00,2031-01-01T07:59:59-00:00,2009-03-31T00:00:00,2030-12-31T23:59:59
AS_NP26,LSGLLNS_1_N002,AS_NP26,,2009-03-31T07:00:00-00:00,2031-01-01T07:59:59-00:00,2009-03-31T00:00:00,2030-12-31T23:59:59
AS_NP26,LSGLLNS_1_N003,AS_NP26,,2009-03-31T07:00:00-00:00,2031-01-01T07:59:59-00:00,2009-03-31T00:00:00,2030-12-31T23:59:59
AS_NP26,LSMOLNO_6_N001,AS_NP26,,2009-03-31T07:00:00-00:00,2031-01-01T07:59:59-00:00,2009-03-31T00:00:00,2030-12-31T23:59:59
AS_NP26,LSNAPCC_6_N001,AS_NP26,,2009-03-31T07:00:00-00:00,2031-01-01T07:59:59-00:00,2009-03-31T00:00:00,2030-12-31T23:59:59
AS_NP26,LSPSTAS_2_N001,AS_NP26,,2025-04-16T07:00:00-00:00,2031-01-01T07:59:59-00:00,2025-04-16T00:00:00,2030-12-31T23:59:59
AS_NP26,LSPSTAS_2_N002,AS_NP26,,2025-04-16T07:00:00-00:00,2031-01-01T07:59:59-00:00,2025-04-16T00:00:00,2030-12-31T23:59:59
AS_NP26,LSPSTAS_2_N010,AS_NP26,,2025-04-16T07:00:00-00:00,2031-01-01T07:59:59-00:00,2025-04-16T00:00:00,2030-12-31T23:59:59
AS_NP26,LSPSTAS_2_N011,AS_NP26,,2009-03-31T07:00:00-00:00,2031-01-01T07:59:59-00:00,2009-03-31T00:00:00,2030-12-31T23:59:59
AS_NP26,LSTHLLS_6_N001,AS_NP26,,2009-03-31T07:00:00-00:00,2031-01-01T07:59:59-00:00,2009-03-31T00:00:00,2030-12-31T23:59:59
AS_NP26,LTBERA03_7_N001,AS_NP26,,2025-05-13T07:00:00-00:00,2031-01-01T07:59:59-00:00,2025-05-13T00:00:00,2030-12-31T23:59:59
AS_NP26,LTBERA04_7_N001,AS_NP26,,2025-05-13T07:00:00-00:00,2031-01-01T07:59:59-00:00,2025-05-13T00:00:00,2030-12-31T23:59:59
AS_NP26,LTBERA05_7_N002,AS_NP26,,2025-05-13T07:00:00-00:00,2031-01-01T07:59:59-00:00,2025-05-13T00:00:00,2030-12-31T23:59:59
AS_NP26,LTBERA06_7_N003,AS_NP26,,2025-05-13T07:00:00-00:00,2031-01-01T07:59:59-00:00,2025-05-13T00:00:00,2030-12-31T23:59:59
AS_NP26,LUCERNE_1_N001,AS_NP26,,2009-03-31T07:00:00-00:00,2031-01-01T07:59:59-00:00,2009-03-31T00:00:00,2030-12-31T23:59:59
AS_NP26,LUCERNE_1_N004,AS_NP26,,2009-03-31T07:00:00-00:00,2031-01-01T07:59:59-00:00,2009-03-31T00:00:00,2030-12-31T23:59:59
AS_NP26,LUIS#3_1_N001,AS_NP26,,2009-03-31T07:00:00-00:00,2031-01-01T07:59:59-00:00,2009-03-31T00:00:00,2030-12-31T23:59:59
AS_NP26,LUIS#5_1_N001,AS_NP26,,2009-03-31T07:00:00-00:00,2031-01-01T07:59:59-00:00,2009-03-31T00:00:00,2030-12-31T23:59:59
AS_NP26,LUNAVL_7_ND001,AS_NP26,,2025-05-13T07:00:00-00:00,2031-01-01T07:59:59-00:00,2025-05-13T00:00:00,2030-12-31T23:59:59
AS_NP26,LUNAVL_7_ND002,AS_NP26,,2025-10-15T07:00:00-00:00,2031-01-01T07:59:59-00:00,2025-10-15T00:00:00,2030-12-31T23:59:59
AS_NP26,LUNAVL_7_ND003,AS_NP26,,2025-10-15T07:00:00-00:00,2031-01-01T07:59:59-00:00,2025-10-15T00:00:00,2030-12-31T23:59:59
AS_NP26,LVNGSTN_7_N001,AS_NP26,,2025-05-13T07:00:00-00:00,2031-01-01T07:59:59-00:00,2025-05-13T00:00:00,2030-12-31T23:59:59
AS_NP26,LVNGSTN_7_N002,AS_NP26,,2023-08-31T07:00:00-00:00,2031-01-01T07:59:59-00:00,2023-08-31T00:00:00,2030-12-31T23:59:59
AS_NP26,LWDJCT_6_N003,AS_NP26,,2025-06-12T07:00:00-00:00,2031-01-01T07:59:59-00:00,2025-06-12T00:00:00,2030-12-31T23:59:59
AS_NP26,LWDJCT_6_N004,AS_NP26,,2025-06-12T07:00:00-00:00,2031-01-01T07:59:59-00:00,2025-06-12T00:00:00,2030-12-31T23:59:59
AS_NP26,LWDJCT_6_N006,AS_NP26,,2025-06-12T07:00:00-00:00,2031-01-01T07:59:59-00:00,2025-06-12T00:00:00,2030-12-31T23:59:59
AS_NP26,LYOTH-SP_6_N001,AS_NP26,,2009-03-31T07:00:00-00:00,2031-01-01T07:59:59-00:00,2009-03-31T00:00:00,2030-12-31T23:59:59
AS_NP26,LYTNVLLE_6_N001,AS_NP26,,2009-03-31T07:00:00-00:00,2031-01-01T07:59:59-00:00,2009-03-31T00:00:00,2030-12-31T23:59:59
AS_NP26,MABURY_1_N001,AS_NP26,,2009-03-31T07:00:00-00:00,2031-01-01T07:59:59-00:00,2009-03-31T00:00:00,2030-12-31T23:59:59
AS_NP26,MABURY_6_N001,AS_NP26,,2009-03-31T07:00:00-00:00,2031-01-01T07:59:59-00:00,2009-03-31T00:00:00,2030-12-31T23:59:59
AS_NP26,MADERA_6_N001,AS_NP26,,2009-03-31T07:00:00-00:00,2031-01-01T07:59:59-00:00,2009-03-31T00:00:00,2030-12-31T23:59:59
AS_NP26,MADERA_6_N004,AS_NP26,,2009-03-31T07:00:00-00:00,2031-01-01T07:59:59-00:00,2009-03-31T00:00:00,2030-12-31T23:59:59
AS_NP26,MADERA_6_N014,AS_NP26,,2011-03-31T07:00:00-00:00,2031-01-01T07:59:59-00:00,2011-03-31T00:00:00,2030-12-31T23:59:59
AS_NP26,MADISON_1_N001,AS_NP26,,2009-03-31T07:00:00-00:00,2031-01-01T07:59:59-00:00,2009-03-31T00:00:00,2030-12-31T23:59:59
AS_NP26,MADISON_1_N002,AS_NP26,,2009-03-31T07:00:00-00:00,2031-01-01T07:59:59-00:00,2009-03-31T00:00:00,2030-12-31T23:59:59
AS_NP26,MADISON_1_N201,AS_NP26,,2009-03-31T07:00:00-00:00,2031-01-01T07:59:59-00:00,2009-03-31T00:00:00,2030-12-31T23:59:59
AS_NP26,MAGUNDEN_1_N002,AS_NP26,,2009-03-31T07:00:00-00:00,2031-01-01T07:59:59-00:00,2009-03-31T00:00:00,2030-12-31T23:59:59
AS_NP26,MAGUNDEN_1_N005,AS_NP26,,2025-05-13T07:00:00-00:00,2031-01-01T07:59:59-00:00,2025-05-13T00:00:00,2030-12-31T23:59:59
AS_NP26,MAGUNDEN_1_N006,AS_NP26,,2025-05-13T07:00:00-00:00,2031-01-01T07:59:59-00:00,2025-05-13T00:00:00,2030-12-31T23:59:59
AS_NP26,MAGUNDN_7_N003,AS_NP26,,2018-02-22T08:00:00-00:00,2031-01-01T07:59:59-00:00,2018-02-22T00:00:00,2030-12-31T23:59:59
AS_NP26,MAINE-PR_6_N001,AS_NP26,,2009-03-31T07:00:00-00:00,2031-01-01T07:59:59-00:00,2009-03-31T00:00:00,2030-12-31T23:59:59
AS_NP26,MALAGA_1_ACDBX2-APND,AS_NP26,,2024-10-01T07:00:00-00:00,2031-01-01T07:59:59-00:00,2024-10-01T00:00:00,2030-12-31T23:59:59
AS_NP26,MALAGA_1_N001,AS_NP26,,2009-03-31T07:00:00-00:00,2031-01-01T07:59:59-00:00,2009-03-31T00:00:00,2030-12-31T23:59:59
AS_NP26,MALAGA_1_N004,AS_NP26,,2009-03-31T07:00:00-00:00,2031-01-01T07:59:59-00:00,2009-03-31T00:00:00,2030-12-31T23:59:59
AS_NP26,MALAGA_1_N005,AS_NP26,,2009-03-31T07:00:00-00:00,2031-01-01T07:59:59-00:00,2009-03-31T00:00:00,2030-12-31T23:59:59
AS_NP26,MALAGA_1_N206,AS_NP26,,2009-03-31T07:00:00-00:00,2031-01-01T07:59:59-00:00,2009-03-31T00:00:00,2030-12-31T23:59:59
AS_NP26,MALCHA_7_B1,AS_NP26,,2009-03-31T07:00:00-00:00,2031-01-01T07:59:59-00:00,2009-03-31T00:00:00,2030-12-31T23:59:59
AS_NP26,MANCHSTR_1_N001,AS_NP26,,2014-02-13T08:00:00-00:00,2031-01-01T07:59:59-00:00,2014-02-13T00:00:00,2030-12-31T23:59:59
AS_NP26,MANCHSTR_1_N002,AS_NP26,,2014-02-13T08:00:00-00:00,2031-01-01T07:59:59-00:00,2014-02-13T00:00:00,2030-12-31T23:59:59
AS_NP26,MANCHSTR_1_N005,AS_NP26,,2014-02-13T08:00:00-00:00,2031-01-01T07:59:59-00:00,2014-02-13T00:00:00,2030-12-31T23:59:59
AS_NP26,MANTECA_1_N001,AS_NP26,,2009-03-31T07:00:00-00:00,2031-01-01T07:59:59-00:00,2009-03-31T00:00:00,2030-12-31T23:59:59
AS_NP26,MANTECA_1_N002,AS_NP26,,2009-03-31T07:00:00-00:00,2031-01-01T07:59:59-00:00,2009-03-31T00:00:00,2030-12-31T23:59:59
AS_NP26,MANTECA_1_N012,AS_NP26,,2009-03-31T07:00:00-00:00,2031-01-01T07:59:59-00:00,2009-03-31T00:00:00,2030-12-31T23:59:59
AS_NP26,MANTECA_1_N013,AS_NP26,,2009-03-31T07:00:00-00:00,2031-01-01T07:59:59-00:00,2009-03-31T00:00:00,2030-12-31T23:59:59
AS_NP26,MANTECA_1_N033,AS_NP26,,2025-05-13T07:00:00-00:00,2031-01-01T07:59:59-00:00,2025-05-13T00:00:00,2030-12-31T23:59:59
AS_NP26,MANVILLE_1_N001,AS_NP26,,2009-03-31T07:00:00-00:00,2031-01-01T07:59:59-00:00,2009-03-31T00:00:00,2030-12-31T23:59:59
AS_NP26,MARBLE_6_N001,AS_NP26,,2009-03-31T07:00:00-00:00,2031-01-01T07:59:59-00:00,2009-03-31T00:00:00,2030-12-31T23:59:59
AS_NP26,MARICOPA_6_N001,AS_NP26,,2009-03-31T07:00:00-00:00,2031-01-01T07:59:59-00:00,2009-03-31T00:00:00,2030-12-31T23:59:59
AS_NP26,MARIPOS2_6_N001,AS_NP26,,2009-03-31T07:00:00-00:00,2031-01-01T07:59:59-00:00,2009-03-31T00:00:00,2030-12-31T23:59:59
AS_NP26,MARIPOS2_6_N003,AS_NP26,,2009-03-31T07:00:00-00:00,2031-01-01T07:59:59-00:00,2009-03-31T00:00:00,2030-12-31T23:59:59
AS_NP26,MARTELL_6_N001,AS_NP26,,2009-03-31T07:00:00-00:00,2031-01-01T07:59:59-00:00,2009-03-31T00:00:00,2030-12-31T23:59:59
AS_NP26,MARTINC_1_GN001,AS_NP26,,2025-05-13T07:00:00-00:00,2031-01-01T07:59:59-00:00,2025-05-13T00:00:00,2030-12-31T23:59:59
AS_NP26,MARTINC_1_LN001,AS_NP26,,2009-11-03T08:00:00-00:00,2031-01-01T07:59:59-00:00,2009-11-03T00:00:00,2030-12-31T23:59:59
AS_NP26,MARTINC_1_N715,AS_NP26,,2014-04-17T07:00:00-00:00,2031-01-01T07:59:59-00:00,2014-04-17T00:00:00,2030-12-31T23:59:59
AS_NP26,MARTINEZ_1_N001,AS_NP26,,2009-03-31T07:00:00-00:00,2031-01-01T07:59:59-00:00,2009-03-31T00:00:00,2030-12-31T23:59:59
AS_NP26,MATHEW_6_N001,AS_NP26,,2017-02-16T08:00:00-00:00,2031-01-01T07:59:59-00:00,2017-02-16T00:00:00,2030-12-31T23:59:59
AS_NP26,MATHEW_6_N002,AS_NP26,,2017-02-16T08:00:00-00:00,2031-01-01T07:59:59-00:00,2017-02-16T00:00:00,2030-12-31T23:59:59
AS_NP26,MAXWELL_6_N001,AS_NP26,,2009-03-31T07:00:00-00:00,2031-01-01T07:59:59-00:00,2009-03-31T00:00:00,2030-12-31T23:59:59
AS_NP26,MAXWELL_6_N002,AS_NP26,,2009-03-31T07:00:00-00:00,2031-01-01T07:59:59-00:00,2009-03-31T00:00:00,2030-12-31T23:59:59
AS_NP26,MCARTHR_6_N001,AS_NP26,,2009-03-31T07:00:00-00:00,2031-01-01T07:59:59-00:00,2009-03-31T00:00:00,2030-12-31T23:59:59
AS_NP26,MCARTHR_6_N002,AS_NP26,,2009-03-31T07:00:00-00:00,2031-01-01T07:59:59-00:00,2009-03-31T00:00:00,2030-12-31T23:59:59
AS_NP26,MCARTHR_6_N003,AS_NP26,,2025-05-13T07:00:00-00:00,2031-01-01T07:59:59-00:00,2025-05-13T00:00:00,2030-12-31T23:59:59
AS_NP26,MCCALL_1_N026,AS_NP26,,2009-03-31T07:00:00-00:00,2031-01-01T07:59:59-00:00,2009-03-31T00:00:00,2030-12-31T23:59:59
AS_NP26,MCCALL_1_N030,AS_NP26,,2009-03-31T07:00:00-00:00,2031-01-01T07:59:59-00:00,2009-03-31T00:00:00,2030-12-31T23:59:59
AS_NP26,MCCALL_1_N093,AS_NP26,,2025-05-13T07:00:00-00:00,2031-01-01T07:59:59-00:00,2025-05-13T00:00:00,2030-12-31T23:59:59
AS_NP26,MCDISLE_6_N001,AS_NP26,,2009-03-31T07:00:00-00:00,2031-01-01T07:59:59-00:00,2009-03-31T00:00:00,2030-12-31T23:59:59
AS_NP26,MCFRLND_6_N001,AS_NP26,,2014-02-13T08:00:00-00:00,2031-01-01T07:59:59-00:00,2014-02-13T00:00:00,2030-12-31T23:59:59
AS_NP26,MCFRLND_6_N005,AS_NP26,,2012-10-11T07:00:00-00:00,2031-01-01T07:59:59-00:00,2012-10-11T00:00:00,2030-12-31T23:59:59
AS_NP26,MCKEE_1_N001,AS_NP26,,2009-03-31T07:00:00-00:00,2031-01-01T07:59:59-00:00,2009-03-31T00:00:00,2030-12-31T23:59:59
AS_NP26,MCKEE_1_N005,AS_NP26,,2009-03-31T07:00:00-00:00,2031-01-01T07:59:59-00:00,2009-03-31T00:00:00,2030-12-31T23:59:59
AS_NP26,MCKEE_1_N101,AS_NP26,,2009-03-31T07:00:00-00:00,2031-01-01T07:59:59-00:00,2009-03-31T00:00:00,2030-12-31T23:59:59
AS_NP26,MCKTTRCK_6_N002,AS_NP26,,2011-03-31T07:00:00-00:00,2031-01-01T07:59:59-00:00,2011-03-31T00:00:00,2030-12-31T23:59:59
AS_NP26,MCMULLN1_2_N001,AS_NP26,,2017-11-16T08:00:00-00:00,2031-01-01T07:59:59-00:00,2017-11-16T00:00:00,2030-12-31T23:59:59
AS_NP26,MCMULLN2_7_N002,AS_NP26,,2017-11-16T08:00:00-00:00,2031-01-01T07:59:59-00:00,2017-11-16T00:00:00,2030-12-31T23:59:59
AS_NP26,MCSNCK1_7_B1,AS_NP26,,2009-03-31T07:00:00-00:00,2031-01-01T07:59:59-00:00,2009-03-31T00:00:00,2030-12-31T23:59:59
AS_NP26,MCSNCK2_7_B1,AS_NP26,,2009-03-31T07:00:00-00:00,2031-01-01T07:59:59-00:00,2009-03-31T00:00:00,2030-12-31T23:59:59
AS_NP26,MCSP_6_B1,AS_NP26,,2015-10-22T07:00:00-00:00,2031-01-01T07:59:59-00:00,2015-10-22T00:00:00,2030-12-31T23:59:59
AS_NP26,MCSWAIN_6_N001,AS_NP26,,2025-05-13T07:00:00-00:00,2031-01-01T07:59:59-00:00,2025-05-13T00:00:00,2030-12-31T23:59:59
AS_NP26,MDFKRL_2_PROJCT-APND,AS_NP26,,2009-03-31T07:00:00-00:00,2031-01-01T07:59:59-00:00,2009-03-31T00:00:00,2030-12-31T23:59:59
AS_NP26,MDLRIVR_6_N001,AS_NP26,,2009-03-31T07:00:00-00:00,2031-01-01T07:59:59-00:00,2009-03-31T00:00:00,2030-12-31T23:59:59
AS_NP26,MDWYPS_6_N001,AS_NP26,,2009-03-31T07:00:00-00:00,2031-01-01T07:59:59-00:00,2009-03-31T00:00:00,2030-12-31T23:59:59
AS_NP26,MECCTG1_7_B1,AS_NP26,,2009-03-31T07:00:00-00:00,2031-01-01T07:59:59-00:00,2009-03-31T00:00:00,2030-12-31T23:59:59
AS_NP26,MECCTG1_7_N100,AS_NP26,,2009-03-31T07:00:00-00:00,2031-01-01T07:59:59-00:00,2009-03-31T00:00:00,2030-12-31T23:59:59
AS_NP26,MECCTG2_7_B2,AS_NP26,,2009-03-31T07:00:00-00:00,2031-01-01T07:59:59-00:00,2009-03-31T00:00:00,2030-12-31T23:59:59
AS_NP26,MECCTG2_7_N100,AS_NP26,,2009-03-31T07:00:00-00:00,2031-01-01T07:59:59-00:00,2009-03-31T00:00:00,2030-12-31T23:59:59
AS_NP26,MECSTG3_7_B1,AS_NP26,,2009-03-31T07:00:00-00:00,2031-01-01T07:59:59-00:00,2009-03-31T00:00:00,2030-12-31T23:59:59
AS_NP26,MEDWLNE_1_N001,AS_NP26,,2009-03-31T07:00:00-00:00,2031-01-01T07:59:59-00:00,2009-03-31T00:00:00,2030-12-31T23:59:59
AS_NP26,MEDWLNE_1_N002,AS_NP26,,2009-03-31T07:00:00-00:00,2031-01-01T07:59:59-00:00,2009-03-31T00:00:00,2030-12-31T23:59:59
AS_NP26,MEDWLNE_1_N006,AS_NP26,,2009-03-31T07:00:00-00:00,2031-01-01T07:59:59-00:00,2009-03-31T00:00:00,2030-12-31T23:59:59
AS_NP26,MEMOREX_6_N001,AS_NP26,,2024-08-28T07:00:00-00:00,2031-01-01T07:59:59-00:00,2024-08-28T00:00:00,2030-12-31T23:59:59
AS_NP26,MEMOREX_6_N002,AS_NP26,,2024-08-28T07:00:00-00:00,2031-01-01T07:59:59-00:00,2024-08-28T00:00:00,2030-12-31T23:59:59
AS_NP26,MEMOREX_6_N003,AS_NP26,,2024-08-28T07:00:00-00:00,2031-01-01T07:59:59-00:00,2024-08-28T00:00:00,2030-12-31T23:59:59
AS_NP26,MENDOTA_1_B1,AS_NP26,,2017-08-17T07:00:00-00:00,2031-01-01T07:59:59-00:00,2017-08-17T00:00:00,2030-12-31T23:59:59
AS_NP26,MENLO_6_N001,AS_NP26,,2009-03-31T07:00:00-00:00,2031-01-01T07:59:59-00:00,2009-03-31T00:00:00,2030-12-31T23:59:59
AS_NP26,MENLO_6_N002,AS_NP26,,2009-03-31T07:00:00-00:00,2031-01-01T07:59:59-00:00,2009-03-31T00:00:00,2030-12-31T23:59:59
AS_NP26,MENLO_6_N003,AS_NP26,,2009-03-31T07:00:00-00:00,2031-01-01T07:59:59-00:00,2009-03-31T00:00:00,2030-12-31T23:59:59
AS_NP26,MENLO_6_N004,AS_NP26,,2009-03-31T07:00:00-00:00,2031-01-01T07:59:59-00:00,2009-03-31T00:00:00,2030-12-31T23:59:59
AS_NP26,MERCEDFL_7_N001,AS_NP26,,2009-03-31T07:00:00-00:00,2031-01-01T07:59:59-00:00,2009-03-31T00:00:00,2030-12-31T23:59:59
AS_NP26,MERCEDFL_7_N002,AS_NP26,,2025-05-13T07:00:00-00:00,2031-01-01T07:59:59-00:00,2025-05-13T00:00:00,2030-12-31T23:59:59
AS_NP26,MERCED_1_N001,AS_NP26,,2009-03-31T07:00:00-00:00,2031-01-01T07:59:59-00:00,2009-03-31T00:00:00,2030-12-31T23:59:59
AS_NP26,MERCED_1_N002,AS_NP26,,2014-08-28T07:00:00-00:00,2031-01-01T07:59:59-00:00,2014-08-28T00:00:00,2030-12-31T23:59:59
AS_NP26,MERCED_7_N002,AS_NP26,,2025-05-13T07:00:00-00:00,2031-01-01T07:59:59-00:00,2025-05-13T00:00:00,2030-12-31T23:59:59
AS_NP26,MERCED_7_N003,AS_NP26,,2025-05-13T07:00:00-00:00,2031-01-01T07:59:59-00:00,2025-05-13T00:00:00,2030-12-31T23:59:59
AS_NP26,MERIDIAN_6_N101,AS_NP26,,2013-05-09T07:00:00-00:00,2031-01-01T07:59:59-00:00,2013-05-09T00:00:00,2030-12-31T23:59:59
AS_NP26,MESA-PGE_1_N036,AS_NP26,,2025-05-13T07:00:00-00:00,2031-01-01T07:59:59-00:00,2025-05-13T00:00:00,2030-12-31T23:59:59
AS_NP26,MESAPGE_2_LN001,AS_NP26,,2011-01-21T08:00:00-00:00,2031-01-01T07:59:59-00:00,2011-01-21T00:00:00,2030-12-31T23:59:59
AS_NP26,METCALF_1_N018,AS_NP26,,2009-03-31T07:00:00-00:00,2031-01-01T07:59:59-00:00,2009-03-31T00:00:00,2030-12-31T23:59:59
AS_NP26,METCALF_1_N044,AS_NP26,,2009-03-31T07:00:00-00:00,2031-01-01T07:59:59-00:00,2009-03-31T00:00:00,2030-12-31T23:59:59
AS_NP26,METEC_2_PL1X3-APND,AS_NP26,,2009-03-31T07:00:00-00:00,2031-01-01T07:59:59-00:00,2009-03-31T00:00:00,2030-12-31T23:59:59
AS_NP26,METTLER_6_N001,AS_NP26,,2009-03-31T07:00:00-00:00,2031-01-01T07:59:59-00:00,2009-03-31T00:00:00,2030-12-31T23:59:59
AS_NP26,MI-WUK_1_N001,AS_NP26,,2020-03-18T07:00:00-00:00,2031-01-01T07:59:59-00:00,2020-03-18T00:00:00,2030-12-31T23:59:59
AS_NP26,MIDDLTWN_6_N002,AS_NP26,,2009-03-31T07:00:00-00:00,2031-01-01T07:59:59-00:00,2009-03-31T00:00:00,2030-12-31T23:59:59
AS_NP26,MIDDLTWN_6_N101,AS_NP26,,2009-03-31T07:00:00-00:00,2031-01-01T07:59:59-00:00,2009-03-31T00:00:00,2030-12-31T23:59:59
AS_NP26,MIDLFORK_2_B1,AS_NP26,,2017-08-17T07:00:00-00:00,2031-01-01T07:59:59-00:00,2017-08-17T00:00:00,2030-12-31T23:59:59
AS_NP26,MIDLFORK_7_B1,AS_NP26,,2009-03-31T07:00:00-00:00,2031-01-01T07:59:59-00:00,2009-03-31T00:00:00,2030-12-31T23:59:59
AS_NP26,MIDLFORK_7_B3,AS_NP26,,2009-03-31T07:00:00-00:00,2031-01-01T07:59:59-00:00,2009-03-31T00:00:00,2030-12-31T23:59:59
AS_NP26,MIDWAY_1_N047,AS_NP26,,2009-03-31T07:00:00-00:00,2031-01-01T07:59:59-00:00,2009-03-31T00:00:00,2030-12-31T23:59:59
AS_NP26,MIDWAY_1_N084,AS_NP26,,2025-06-12T07:00:00-00:00,2031-01-01T07:59:59-00:00,2025-06-12T00:00:00,2030-12-31T23:59:59
AS_NP26,MIDWAY_1_N085,AS_NP26,,2025-06-12T07:00:00-00:00,2031-01-01T07:59:59-00:00,2025-06-12T00:00:00,2030-12-31T23:59:59
AS_NP26,MIDWAY_2_B1,AS_NP26,,2017-08-17T07:00:00-00:00,2031-01-01T07:59:59-00:00,2017-08-17T00:00:00,2030-12-31T23:59:59
AS_NP26,MILLBRAE_1_N001,AS_NP26,,2009-03-31T07:00:00-00:00,2031-01-01T07:59:59-00:00,2009-03-31T00:00:00,2030-12-31T23:59:59
AS_NP26,MILLBRAE_1_N004,AS_NP26,,2009-03-31T07:00:00-00:00,2031-01-01T07:59:59-00:00,2009-03-31T00:00:00,2030-12-31T23:59:59
AS_NP26,MILLBRAE_1_N007,AS_NP26,,2009-03-31T07:00:00-00:00,2031-01-01T07:59:59-00:00,2009-03-31T00:00:00,2030-12-31T23:59:59
AS_NP26,MILLBRAE_1_N201,AS_NP26,,2009-03-31T07:00:00-00:00,2031-01-01T07:59:59-00:00,2009-03-31T00:00:00,2030-12-31T23:59:59
AS_NP26,MILLBRAE_6_N001,AS_NP26,,2009-03-31T07:00:00-00:00,2031-01-01T07:59:59-00:00,2009-03-31T00:00:00,2030-12-31T23:59:59
AS_NP26,MILLER_1_N001,AS_NP26,,2009-03-31T07:00:00-00:00,2031-01-01T07:59:59-00:00,2009-03-31T00:00:00,2030-12-31T23:59:59
AS_NP26,MILPITAS_1_N001,AS_NP26,,2009-03-31T07:00:00-00:00,2031-01-01T07:59:59-00:00,2009-03-31T00:00:00,2030-12-31T23:59:59
AS_NP26,MILPITAS_1_N003,AS_NP26,,2009-03-31T07:00:00-00:00,2031-01-01T07:59:59-00:00,2009-03-31T00:00:00,2030-12-31T23:59:59
AS_NP26,MILPITAS_1_N005,AS_NP26,,2009-03-31T07:00:00-00:00,2031-01-01T07:59:59-00:00,2009-03-31T00:00:00,2030-12-31T23:59:59
AS_NP26,MILPITAS_1_N006,AS_NP26,,2009-03-31T07:00:00-00:00,2031-01-01T07:59:59-00:00,2009-03-31T00:00:00,2030-12-31T23:59:59
AS_NP26,MILPITAS_1_N008,AS_NP26,,2025-05-13T07:00:00-00:00,2031-01-01T07:59:59-00:00,2025-05-13T00:00:00,2030-12-31T23:59:59
AS_NP26,MIRABEL_6_N001,AS_NP26,,2009-03-31T07:00:00-00:00,2031-01-01T07:59:59-00:00,2009-03-31T00:00:00,2030-12-31T23:59:59
AS_NP26,MISSION_6_N002,AS_NP26,,2017-02-16T08:00:00-00:00,2031-01-01T07:59:59-00:00,2017-02-16T00:00:00,2030-12-31T23:59:59
AS_NP26,MISSION_6_N003,AS_NP26,,2017-02-16T08:00:00-00:00,2031-01-01T07:59:59-00:00,2017-02-16T00:00:00,2030-12-31T23:59:59
AS_NP26,MISSION_6_N004,AS_NP26,,2017-02-16T08:00:00-00:00,2031-01-01T07:59:59-00:00,2017-02-16T00:00:00,2030-12-31T23:59:59
AS_NP26,MISSIX_7_N006,AS_NP26,,2013-02-28T08:00:00-00:00,2031-01-01T07:59:59-00:00,2013-02-28T00:00:00,2030-12-31T23:59:59
AS_NP26,MISSIX_7_N007,AS_NP26,,2013-02-28T08:00:00-00:00,2031-01-01T07:59:59-00:00,2013-02-28T00:00:00,2030-12-31T23:59:59
AS_NP26,MISSIX_7_N008,AS_NP26,,2013-02-28T08:00:00-00:00,2031-01-01T07:59:59-00:00,2013-02-28T00:00:00,2030-12-31T23:59:59
AS_NP26,MISSON_1_N015,AS_NP26,,2025-05-13T07:00:00-00:00,2031-01-01T07:59:59-00:00,2025-05-13T00:00:00,2030-12-31T23:59:59
AS_NP26,MNDCTP_6_N001,AS_NP26,,2012-06-14T07:00:00-00:00,2031-01-01T07:59:59-00:00,2012-06-14T00:00:00,2030-12-31T23:59:59
AS_NP26,MOCCASIN_1_N009,AS_NP26,,2009-03-31T07:00:00-00:00,2031-01-01T07:59:59-00:00,2009-03-31T00:00:00,2030-12-31T23:59:59
AS_NP26,MOCO_6_N001,AS_NP26,,2009-03-31T07:00:00-00:00,2031-01-01T07:59:59-00:00,2009-03-31T00:00:00,2030-12-31T23:59:59
AS_NP26,MOFTFLD_1_N002,AS_NP26,,2009-03-31T07:00:00-00:00,2031-01-01T07:59:59-00:00,2009-03-31T00:00:00,2030-12-31T23:59:59
AS_NP26,MOLINO_6_N002,AS_NP26,,2009-03-31T07:00:00-00:00,2031-01-01T07:59:59-00:00,2009-03-31T00:00:00,2030-12-31T23:59:59
AS_NP26,MOLINO_6_N101,AS_NP26,,2009-03-31T07:00:00-00:00,2031-01-01T07:59:59-00:00,2009-03-31T00:00:00,2030-12-31T23:59:59
AS_NP26,MONARCH_6_N001,AS_NP26,,2009-03-31T07:00:00-00:00,2031-01-01T07:59:59-00:00,2009-03-31T00:00:00,2030-12-31T23:59:59
AS_NP26,MONDAVI_6_N001,AS_NP26,,2009-03-31T07:00:00-00:00,2031-01-01T07:59:59-00:00,2009-03-31T00:00:00,2030-12-31T23:59:59
AS_NP26,MONROE_1_N001,AS_NP26,,2009-03-31T07:00:00-00:00,2031-01-01T07:59:59-00:00,2009-03-31T00:00:00,2030-12-31T23:59:59
AS_NP26,MONROE_1_N002,AS_NP26,,2009-03-31T07:00:00-00:00,2031-01-01T07:59:59-00:00,2009-03-31T00:00:00,2030-12-31T23:59:59
AS_NP26,MONROE_1_N101,AS_NP26,,2009-03-31T07:00:00-00:00,2031-01-01T07:59:59-00:00,2009-03-31T00:00:00,2030-12-31T23:59:59
AS_NP26,MONTAGUE_1_N001,AS_NP26,,2009-03-31T07:00:00-00:00,2031-01-01T07:59:59-00:00,2009-03-31T00:00:00,2030-12-31T23:59:59
AS_NP26,MONTAGUE_1_N006,AS_NP26,,2009-03-31T07:00:00-00:00,2031-01-01T07:59:59-00:00,2009-03-31T00:00:00,2030-12-31T23:59:59
AS_NP26,MONTAGUE_1_N007,AS_NP26,,2009-03-31T07:00:00-00:00,2031-01-01T07:59:59-00:00,2009-03-31T00:00:00,2030-12-31T23:59:59
AS_NP26,MONTAGUE_1_N011,AS_NP26,,2023-05-05T07:00:00-00:00,2031-01-01T07:59:59-00:00,2023-05-05T00:00:00,2030-12-31T23:59:59
AS_NP26,MONTCLLO_1_N008,AS_NP26,,2009-03-31T07:00:00-00:00,2031-01-01T07:59:59-00:00,2009-03-31T00:00:00,2030-12-31T23:59:59
AS_NP26,MONTEREY_6_N001,AS_NP26,,2009-03-31T07:00:00-00:00,2031-01-01T07:59:59-00:00,2009-03-31T00:00:00,2030-12-31T23:59:59
AS_NP26,MONTEREY_6_N004,AS_NP26,,2025-08-13T07:00:00-00:00,2031-01-01T07:59:59-00:00,2025-08-13T00:00:00,2030-12-31T23:59:59
AS_NP26,MONTEREY_6_NLD2,AS_NP26,,2025-08-13T07:00:00-00:00,2031-01-01T07:59:59-00:00,2025-08-13T00:00:00,2030-12-31T23:59:59
AS_NP26,MONTERO_6_N001,AS_NP26,,2009-03-31T07:00:00-00:00,2031-01-01T07:59:59-00:00,2009-03-31T00:00:00,2030-12-31T23:59:59
AS_NP26,MONTERO_6_N004,AS_NP26,,2009-03-31T07:00:00-00:00,2031-01-01T07:59:59-00:00,2009-03-31T00:00:00,2030-12-31T23:59:59
AS_NP26,MONTICLO_7_N001,AS_NP26,,2023-05-05T07:00:00-00:00,2031-01-01T07:59:59-00:00,2023-05-05T00:00:00,2030-12-31T23:59:59
AS_NP26,MONTICLO_7_N002,AS_NP26,,2023-05-05T07:00:00-00:00,2031-01-01T07:59:59-00:00,2023-05-05T00:00:00,2030-12-31T23:59:59
AS_NP26,MONTICLO_7_N003,AS_NP26,,2023-05-05T07:00:00-00:00,2031-01-01T07:59:59-00:00,2023-05-05T00:00:00,2030-12-31T23:59:59
AS_NP26,MONTPH_7_UNITS-APND,AS_NP26,,2009-03-31T07:00:00-00:00,2031-01-01T07:59:59-00:00,2009-03-31T00:00:00,2030-12-31T23:59:59
AS_NP26,MORAGA_1_N001,AS_NP26,,2009-03-31T07:00:00-00:00,2031-01-01T07:59:59-00:00,2009-03-31T00:00:00,2030-12-31T23:59:59
AS_NP26,MORGAN_1_N001,AS_NP26,,2009-03-31T07:00:00-00:00,2031-01-01T07:59:59-00:00,2009-03-31T00:00:00,2030-12-31T23:59:59
AS_NP26,MORMON_6_N001,AS_NP26,,2009-03-31T07:00:00-00:00,2031-01-01T07:59:59-00:00,2009-03-31T00:00:00,2030-12-31T23:59:59
AS_NP26,MORROBY_1_N001,AS_NP26,,2009-03-31T07:00:00-00:00,2031-01-01T07:59:59-00:00,2009-03-31T00:00:00,2030-12-31T23:59:59
AS_NP26,MOSSLDB_2_B1,AS_NP26,,2017-08-17T07:00:00-00:00,2031-01-01T07:59:59-00:00,2017-08-17T00:00:00,2030-12-31T23:59:59
AS_NP26,MOSSLD_1_N001,AS_NP26,,2020-07-09T07:00:00-00:00,2031-01-01T07:59:59-00:00,2020-07-09T00:00:00,2030-12-31T23:59:59
AS_NP26,MOSSLD_1_N055,AS_NP26,,2009-03-31T07:00:00-00:00,2031-01-01T07:59:59-00:00,2009-03-31T00:00:00,2030-12-31T23:59:59
AS_NP26,MOSSLD_2_PSP1-APND,AS_NP26,,2009-03-31T07:00:00-00:00,2031-01-01T07:59:59-00:00,2009-03-31T00:00:00,2030-12-31T23:59:59
AS_NP26,MOSSLD_2_PSP2-APND,AS_NP26,,2009-03-31T07:00:00-00:00,2031-01-01T07:59:59-00:00,2009-03-31T00:00:00,2030-12-31T23:59:59
AS_NP26,MOSSLND6_7_B2,AS_NP26,,2014-04-17T07:00:00-00:00,2031-01-01T07:59:59-00:00,2014-04-17T00:00:00,2030-12-31T23:59:59
AS_NP26,MOSSLND6_7_ND001,AS_NP26,,2009-03-31T07:00:00-00:00,2031-01-01T07:59:59-00:00,2009-03-31T00:00:00,2030-12-31T23:59:59
AS_NP26,MOSSLND7_7_B2,AS_NP26,,2014-04-17T07:00:00-00:00,2031-01-01T07:59:59-00:00,2014-04-17T00:00:00,2030-12-31T23:59:59
AS_NP26,MOSSLND7_7_ND001,AS_NP26,,2009-03-31T07:00:00-00:00,2031-01-01T07:59:59-00:00,2009-03-31T00:00:00,2030-12-31T23:59:59
AS_NP26,MPETAP_1_B1,AS_NP26,,2017-08-17T07:00:00-00:00,2031-01-01T07:59:59-00:00,2017-08-17T00:00:00,2030-12-31T23:59:59
AS_NP26,MPLECRK_6_N001,AS_NP26,,2009-03-31T07:00:00-00:00,2031-01-01T07:59:59-00:00,2009-03-31T00:00:00,2030-12-31T23:59:59
AS_NP26,MREIS-Q_1_N001,AS_NP26,,2014-04-17T07:00:00-00:00,2031-01-01T07:59:59-00:00,2014-04-17T00:00:00,2030-12-31T23:59:59
AS_NP26,MREISQ_1_N007,AS_NP26,,2014-04-17T07:00:00-00:00,2031-01-01T07:59:59-00:00,2014-04-17T00:00:00,2030-12-31T23:59:59
AS_NP26,MRGNHIL_1_N001,AS_NP26,,2009-03-31T07:00:00-00:00,2031-01-01T07:59:59-00:00,2009-03-31T00:00:00,2030-12-31T23:59:59
AS_NP26,MRGNHIL_1_N004,AS_NP26,,2009-03-31T07:00:00-00:00,2031-01-01T07:59:59-00:00,2009-03-31T00:00:00,2030-12-31T23:59:59
AS_NP26,MRGNHIL_1_N007,AS_NP26,,2009-03-31T07:00:00-00:00,2031-01-01T07:59:59-00:00,2009-03-31T00:00:00,2030-12-31T23:59:59
AS_NP26,MRYSVLLE_6_N001,AS_NP26,,2019-05-23T07:00:00-00:00,2031-01-01T07:59:59-00:00,2019-05-23T00:00:00,2030-12-31T23:59:59
AS_NP26,MRYSVLLE_6_N003,AS_NP26,,2019-05-23T07:00:00-00:00,2031-01-01T07:59:59-00:00,2019-05-23T00:00:00,2030-12-31T23:59:59
AS_NP26,MSHR60V_6_N001,AS_NP26,,2014-11-13T08:00:00-00:00,2031-01-01T07:59:59-00:00,2014-11-13T00:00:00,2030-12-31T23:59:59
AS_NP26,MSHR60V_6_N006,AS_NP26,,2014-11-13T08:00:00-00:00,2031-01-01T07:59:59-00:00,2014-11-13T00:00:00,2030-12-31T23:59:59
AS_NP26,MSHR60V_6_N014,AS_NP26,,2013-11-21T08:00:00-00:00,2031-01-01T07:59:59-00:00,2013-11-21T00:00:00,2030-12-31T23:59:59
AS_NP26,MTEDEN_1_N001,AS_NP26,,2009-03-31T07:00:00-00:00,2031-01-01T07:59:59-00:00,2009-03-31T00:00:00,2030-12-31T23:59:59
AS_NP26,MTEDEN_1_N005,AS_NP26,,2009-03-31T07:00:00-00:00,2031-01-01T07:59:59-00:00,2009-03-31T00:00:00,2030-12-31T23:59:59
AS_NP26,MTEDEN_1_N009,AS_NP26,,2009-03-31T07:00:00-00:00,2031-01-01T07:59:59-00:00,2009-03-31T00:00:00,2030-12-31T23:59:59
AS_NP26,MTNGATE_6_N001,AS_NP26,,2009-03-31T07:00:00-00:00,2031-01-01T07:59:59-00:00,2009-03-31T00:00:00,2030-12-31T23:59:59
AS_NP26,MTNQUAR_6_N001,AS_NP26,,2009-03-31T07:00:00-00:00,2031-01-01T07:59:59-00:00,2009-03-31T00:00:00,2030-12-31T23:59:59
AS_NP26,MTPOSO_7_N001,AS_NP26,,2009-06-25T07:00:00-00:00,2031-01-01T07:59:59-00:00,2009-06-25T00:00:00,2030-12-31T23:59:59
AS_NP26,MTVIEW_1_GN001,AS_NP26,,2009-12-17T08:00:00-00:00,2031-01-01T07:59:59-00:00,2009-12-17T00:00:00,2030-12-31T23:59:59
AS_NP26,MTVIEW_1_N001,AS_NP26,,2009-03-31T07:00:00-00:00,2031-01-01T07:59:59-00:00,2009-03-31T00:00:00,2030-12-31T23:59:59
AS_NP26,MTVIEW_1_N004,AS_NP26,,2009-03-31T07:00:00-00:00,2031-01-01T07:59:59-00:00,2009-03-31T00:00:00,2030-12-31T23:59:59
AS_NP26,MTVIEW_1_N005,AS_NP26,,2009-03-31T07:00:00-00:00,2031-01-01T07:59:59-00:00,2009-03-31T00:00:00,2030-12-31T23:59:59
AS_NP26,MTZUMA2_7_B1,AS_NP26,,2025-05-13T07:00:00-00:00,2031-01-01T07:59:59-00:00,2025-05-13T00:00:00,2030-12-31T23:59:59
AS_NP26,MUSLSLGH_6_N001,AS_NP26,,2009-03-31T07:00:00-00:00,2031-01-01T07:59:59-00:00,2009-03-31T00:00:00,2030-12-31T23:59:59
AS_NP26,MUSTANGS_2_B1,AS_NP26,,2017-08-17T07:00:00-00:00,2031-01-01T07:59:59-00:00,2017-08-17T00:00:00,2030-12-31T23:59:59
AS_NP26,MUSTANG_6_N001,AS_NP26,,2009-03-31T07:00:00-00:00,2031-01-01T07:59:59-00:00,2009-03-31T00:00:00,2030-12-31T23:59:59
AS_NP26,NAJ_6_N003,AS_NP26,,2017-02-16T08:00:00-00:00,2031-01-01T07:59:59-00:00,2017-02-16T00:00:00,2030-12-31T23:59:59
AS_NP26,NAPA_6_N002,AS_NP26,,2017-02-16T08:00:00-00:00,2031-01-01T07:59:59-00:00,2017-02-16T00:00:00,2030-12-31T23:59:59
AS_NP26,NAPA_6_N003,AS_NP26,,2009-03-31T07:00:00-00:00,2031-01-01T07:59:59-00:00,2009-03-31T00:00:00,2030-12-31T23:59:59
AS_NP26,NAPA_6_N004,AS_NP26,,2009-03-31T07:00:00-00:00,2031-01-01T07:59:59-00:00,2009-03-31T00:00:00,2030-12-31T23:59:59
AS_NP26,NAPA_6_N005,AS_NP26,,2009-03-31T07:00:00-00:00,2031-01-01T07:59:59-00:00,2009-03-31T00:00:00,2030-12-31T23:59:59
AS_NP26,NARROWS1_7_B1,AS_NP26,,2009-03-31T07:00:00-00:00,2031-01-01T07:59:59-00:00,2009-03-31T00:00:00,2030-12-31T23:59:59
AS_NP26,NARROWS1_7_N001,AS_NP26,,2009-03-31T07:00:00-00:00,2031-01-01T07:59:59-00:00,2009-03-31T00:00:00,2030-12-31T23:59:59
AS_NP26,NARROWS2_7_B1,AS_NP26,,2009-03-31T07:00:00-00:00,2031-01-01T07:59:59-00:00,2009-03-31T00:00:00,2030-12-31T23:59:59
AS_NP26,NAVY35R_1_N001,AS_NP26,,2009-03-31T07:00:00-00:00,2031-01-01T07:59:59-00:00,2009-03-31T00:00:00,2030-12-31T23:59:59
AS_NP26,NAVY35R_7_B1,AS_NP26,,2009-03-31T07:00:00-00:00,2031-01-01T07:59:59-00:00,2009-03-31T00:00:00,2030-12-31T23:59:59
AS_NP26,NAVYLAB_6_N101,AS_NP26,,2009-03-31T07:00:00-00:00,2031-01-01T07:59:59-00:00,2009-03-31T00:00:00,2030-12-31T23:59:59
AS_NP26,NBRANCH_6_N001,AS_NP26,,2021-11-17T08:00:00-00:00,2031-01-01T07:59:59-00:00,2021-11-17T00:00:00,2030-12-31T23:59:59
AS_NP26,NCPA1GY1_7_B2,AS_NP26,,2009-03-31T07:00:00-00:00,2031-01-01T07:59:59-00:00,2009-03-31T00:00:00,2030-12-31T23:59:59
AS_NP26,NCPA1GY1_7_N001,AS_NP26,,2009-03-31T07:00:00-00:00,2031-01-01T07:59:59-00:00,2009-03-31T00:00:00,2030-12-31T23:59:59
AS_NP26,NCPA1GY2_7_B2,AS_NP26,,2009-03-31T07:00:00-00:00,2031-01-01T07:59:59-00:00,2009-03-31T00:00:00,2030-12-31T23:59:59
AS_NP26,NCPA1GY2_7_N001,AS_NP26,,2009-03-31T07:00:00-00:00,2031-01-01T07:59:59-00:00,2009-03-31T00:00:00,2030-12-31T23:59:59
AS_NP26,NCPA2GY1_7_B2,AS_NP26,,2009-03-31T07:00:00-00:00,2031-01-01T07:59:59-00:00,2009-03-31T00:00:00,2030-12-31T23:59:59
AS_NP26,NCPA2GY1_7_N001,AS_NP26,,2009-03-31T07:00:00-00:00,2031-01-01T07:59:59-00:00,2009-03-31T00:00:00,2030-12-31T23:59:59
AS_NP26,NCPA2GY2_7_B2,AS_NP26,,2009-03-31T07:00:00-00:00,2031-01-01T07:59:59-00:00,2009-03-31T00:00:00,2030-12-31T23:59:59
AS_NP26,NCPA2GY2_7_N001,AS_NP26,,2009-03-31T07:00:00-00:00,2031-01-01T07:59:59-00:00,2009-03-31T00:00:00,2030-12-31T23:59:59
AS_NP26,NDUBLIN_2_N002,AS_NP26,,2009-03-31T07:00:00-00:00,2031-01-01T07:59:59-00:00,2009-03-31T00:00:00,2030-12-31T23:59:59
AS_NP26,NEORBLF_7_B1,AS_NP26,,2025-05-13T07:00:00-00:00,2031-01-01T07:59:59-00:00,2025-05-13T00:00:00,2030-12-31T23:59:59
AS_NP26,NEWARKD_1_N001,AS_NP26,,2009-03-31T07:00:00-00:00,2031-01-01T07:59:59-00:00,2009-03-31T00:00:00,2030-12-31T23:59:59
AS_NP26,NEWARKD_1_N012,AS_NP26,,2009-03-31T07:00:00-00:00,2031-01-01T07:59:59-00:00,2009-03-31T00:00:00,2030-12-31T23:59:59
AS_NP26,NEWARKD_1_N126,AS_NP26,,2025-05-13T07:00:00-00:00,2031-01-01T07:59:59-00:00,2025-05-13T00:00:00,2030-12-31T23:59:59
AS_NP26,NEWBURG_6_N001,AS_NP26,,2009-03-31T07:00:00-00:00,2031-01-01T07:59:59-00:00,2009-03-31T00:00:00,2030-12-31T23:59:59
AS_NP26,NEWBURG_6_N003,AS_NP26,,2009-03-31T07:00:00-00:00,2031-01-01T07:59:59-00:00,2009-03-31T00:00:00,2030-12-31T23:59:59
AS_NP26,NEWCJ1_1_B1,AS_NP26,,2017-08-17T07:00:00-00:00,2031-01-01T07:59:59-00:00,2017-08-17T00:00:00,2030-12-31T23:59:59
AS_NP26,NEWCSTLE_7_B1,AS_NP26,,2023-05-05T07:00:00-00:00,2031-01-01T07:59:59-00:00,2023-05-05T00:00:00,2030-12-31T23:59:59
AS_NP26,NEWHALL_1_N001,AS_NP26,,2009-03-31T07:00:00-00:00,2031-01-01T07:59:59-00:00,2009-03-31T00:00:00,2030-12-31T23:59:59
AS_NP26,NEWHALL_1_N002,AS_NP26,,2009-03-31T07:00:00-00:00,2031-01-01T07:59:59-00:00,2009-03-31T00:00:00,2030-12-31T23:59:59
AS_NP26,NEWHOPE_6_N001,AS_NP26,,2009-03-31T07:00:00-00:00,2031-01-01T07:59:59-00:00,2009-03-31T00:00:00,2030-12-31T23:59:59
AS_NP26,NEWMAN_6_B2,AS_NP26,,2012-03-22T07:00:00-00:00,2031-01-01T07:59:59-00:00,2012-03-22T00:00:00,2030-12-31T23:59:59
AS_NP26,NEWMAN_6_N001,AS_NP26,,2009-03-31T07:00:00-00:00,2031-01-01T07:59:59-00:00,2009-03-31T00:00:00,2030-12-31T23:59:59
AS_NP26,NEWSPICE_7_B1,AS_NP26,,2023-05-05T07:00:00-00:00,2031-01-01T07:59:59-00:00,2023-05-05T00:00:00,2030-12-31T23:59:59
AS_NP26,NEWSPICE_7_B3,AS_NP26,,2023-05-05T07:00:00-00:00,2031-01-01T07:59:59-00:00,2023-05-05T00:00:00,2030-12-31T23:59:59
AS_NP26,NEWSPICE_7_B4,AS_NP26,,2023-05-05T07:00:00-00:00,2031-01-01T07:59:59-00:00,2023-05-05T00:00:00,2030-12-31T23:59:59
AS_NP26,NHGNDM_7_N001,AS_NP26,,2023-05-05T07:00:00-00:00,2031-01-01T07:59:59-00:00,2023-05-05T00:00:00,2030-12-31T23:59:59
AS_NP26,NHGNDM_7_N002,AS_NP26,,2023-05-05T07:00:00-00:00,2031-01-01T07:59:59-00:00,2023-05-05T00:00:00,2030-12-31T23:59:59
AS_NP26,NHOGAN_6_UNITS-APND,AS_NP26,,2009-03-31T07:00:00-00:00,2031-01-01T07:59:59-00:00,2009-03-31T00:00:00,2030-12-31T23:59:59
AS_NP26,NOOSA_7_N001,AS_NP26,,2024-12-18T08:00:00-00:00,2031-01-01T07:59:59-00:00,2024-12-18T00:00:00,2030-12-31T23:59:59
AS_NP26,NORCNV_7_ND002,AS_NP26,,2025-05-13T07:00:00-00:00,2031-01-01T07:59:59-00:00,2025-05-13T00:00:00,2030-12-31T23:59:59
AS_NP26,NORCO_1_N001,AS_NP26,,2009-03-31T07:00:00-00:00,2031-01-01T07:59:59-00:00,2009-03-31T00:00:00,2030-12-31T23:59:59
AS_NP26,NORD1_1_N001,AS_NP26,,2009-03-31T07:00:00-00:00,2031-01-01T07:59:59-00:00,2009-03-31T00:00:00,2030-12-31T23:59:59
AS_NP26,NORD1_1_N003,AS_NP26,,2009-03-31T07:00:00-00:00,2031-01-01T07:59:59-00:00,2009-03-31T00:00:00,2030-12-31T23:59:59
AS_NP26,NORORC_2_NOSBX2-APND,AS_NP26,,2024-02-19T08:00:00-00:00,2031-01-01T07:59:59-00:00,2024-02-19T00:00:00,2030-12-31T23:59:59
AS_NP26,NORTECH_1_N001,AS_NP26,,2009-03-31T07:00:00-00:00,2031-01-01T07:59:59-00:00,2009-03-31T00:00:00,2030-12-31T23:59:59
AS_NP26,NORTECH_1_N008,AS_NP26,,2015-04-23T07:00:00-00:00,2031-01-01T07:59:59-00:00,2015-04-23T00:00:00,2030-12-31T23:59:59
AS_NP26,NORTHWES_6_N001,AS_NP26,,2017-02-16T08:00:00-00:00,2031-01-01T07:59:59-00:00,2017-02-16T00:00:00,2030-12-31T23:59:59
AS_NP26,NORTHWES_6_N002,AS_NP26,,2017-02-16T08:00:00-00:00,2031-01-01T07:59:59-00:00,2017-02-16T00:00:00,2030-12-31T23:59:59
AS_NP26,NORTHWES_7_N005,AS_NP26,,2023-07-27T07:00:00-00:00,2031-01-01T07:59:59-00:00,2023-07-27T00:00:00,2030-12-31T23:59:59
AS_NP26,NOTRDAME_1_N001,AS_NP26,,2009-03-31T07:00:00-00:00,2031-01-01T07:59:59-00:00,2009-03-31T00:00:00,2030-12-31T23:59:59
AS_NP26,NOVATO_6_N001,AS_NP26,,2009-03-31T07:00:00-00:00,2031-01-01T07:59:59-00:00,2009-03-31T00:00:00,2030-12-31T23:59:59
AS_NP26,NOVATO_6_N002,AS_NP26,,2016-08-18T07:00:00-00:00,2031-01-01T07:59:59-00:00,2016-08-18T00:00:00,2030-12-31T23:59:59
AS_NP26,NRRW2TP1_6_N002,AS_NP26,,2009-03-31T07:00:00-00:00,2031-01-01T07:59:59-00:00,2009-03-31T00:00:00,2030-12-31T23:59:59
AS_NP26,NRRWS1TP_6_B1,AS_NP26,,2017-08-17T07:00:00-00:00,2031-01-01T07:59:59-00:00,2017-08-17T00:00:00,2030-12-31T23:59:59
AS_NP26,NRRWS2TP_6_B1,AS_NP26,,2017-08-17T07:00:00-00:00,2031-01-01T07:59:59-00:00,2017-08-17T00:00:00,2030-12-31T23:59:59
AS_NP26,NRTHGRUM_6_N001,AS_NP26,,2009-03-31T07:00:00-00:00,2031-01-01T07:59:59-00:00,2009-03-31T00:00:00,2030-12-31T23:59:59
AS_NP26,NRTHTWR_1_N001,AS_NP26,,2009-03-31T07:00:00-00:00,2031-01-01T07:59:59-00:00,2009-03-31T00:00:00,2030-12-31T23:59:59
AS_NP26,NRTHTWR_1_N002,AS_NP26,,2009-03-31T07:00:00-00:00,2031-01-01T07:59:59-00:00,2009-03-31T00:00:00,2030-12-31T23:59:59
AS_NP26,NRTHTWR_1_N004,AS_NP26,,2009-03-31T07:00:00-00:00,2031-01-01T07:59:59-00:00,2009-03-31T00:00:00,2030-12-31T23:59:59
AS_NP26,NRTHTWR_1_N010,AS_NP26,,2013-09-19T07:00:00-00:00,2031-01-01T07:59:59-00:00,2013-09-19T00:00:00,2030-12-31T23:59:59
AS_NP26,NTPTRL_6_N001,AS_NP26,,2009-03-31T07:00:00-00:00,2031-01-01T07:59:59-00:00,2009-03-31T00:00:00,2030-12-31T23:59:59
AS_NP26,NUMITAP_1_N003,AS_NP26,,2009-03-31T07:00:00-00:00,2031-01-01T07:59:59-00:00,2009-03-31T00:00:00,2030-12-31T23:59:59
AS_NP26,NVYSCHL_6_N001,AS_NP26,,2009-03-31T07:00:00-00:00,2031-01-01T07:59:59-00:00,2009-03-31T00:00:00,2030-12-31T23:59:59
AS_NP26,NWKDIST_2_N001,AS_NP26,,2009-03-31T07:00:00-00:00,2031-01-01T07:59:59-00:00,2009-03-31T00:00:00,2030-12-31T23:59:59
AS_NP26,NWKDIST_2_N004,AS_NP26,,2009-03-31T07:00:00-00:00,2031-01-01T07:59:59-00:00,2009-03-31T00:00:00,2030-12-31T23:59:59
AS_NP26,NWKDIST_2_N017,AS_NP26,,2026-02-11T08:00:00-00:00,2031-01-01T07:59:59-00:00,2026-02-11T00:00:00,2030-12-31T23:59:59
AS_NP26,OAKC12_7_N002,AS_NP26,,2009-03-31T07:00:00-00:00,2031-01-01T07:59:59-00:00,2009-03-31T00:00:00,2030-12-31T23:59:59
AS_NP26,OAKC12_7_N008,AS_NP26,,2011-12-21T08:00:00-00:00,2031-01-01T07:59:59-00:00,2011-12-21T00:00:00,2030-12-31T23:59:59
AS_NP26,OAKC12_7_N009,AS_NP26,,2011-12-21T08:00:00-00:00,2031-01-01T07:59:59-00:00,2011-12-21T00:00:00,2030-12-31T23:59:59
AS_NP26,OAKC12_7_N010,AS_NP26,,2011-12-21T08:00:00-00:00,2031-01-01T07:59:59-00:00,2011-12-21T00:00:00,2030-12-31T23:59:59
AS_NP26,OAKC12_7_N012,AS_NP26,,2025-05-13T07:00:00-00:00,2031-01-01T07:59:59-00:00,2025-05-13T00:00:00,2030-12-31T23:59:59
AS_NP26,OAKHURST_1_N001,AS_NP26,,2009-03-31T07:00:00-00:00,2031-01-01T07:59:59-00:00,2009-03-31T00:00:00,2030-12-31T23:59:59
AS_NP26,OAKHURST_1_N002,AS_NP26,,2012-06-14T07:00:00-00:00,2031-01-01T07:59:59-00:00,2012-06-14T00:00:00,2030-12-31T23:59:59
AS_NP26,OAKLAND_1_N001,AS_NP26,,2019-05-23T07:00:00-00:00,2031-01-01T07:59:59-00:00,2019-05-23T00:00:00,2030-12-31T23:59:59
AS_NP26,OAKLAND_1_N006,AS_NP26,,2009-03-31T07:00:00-00:00,2031-01-01T07:59:59-00:00,2009-03-31T00:00:00,2030-12-31T23:59:59
AS_NP26,OAKLAND_1_N033,AS_NP26,,2009-03-31T07:00:00-00:00,2031-01-01T07:59:59-00:00,2009-03-31T00:00:00,2030-12-31T23:59:59
AS_NP26,OAKLND12_7_N001,AS_NP26,,2025-10-15T07:00:00-00:00,2031-01-01T07:59:59-00:00,2025-10-15T00:00:00,2030-12-31T23:59:59
AS_NP26,OAKLND3_7_N001,AS_NP26,,2025-10-15T07:00:00-00:00,2031-01-01T07:59:59-00:00,2025-10-15T00:00:00,2030-12-31T23:59:59
AS_NP26,OAKLND3_7_N002,AS_NP26,,2022-07-28T07:00:00-00:00,2031-01-01T07:59:59-00:00,2022-07-28T00:00:00,2030-12-31T23:59:59
AS_NP26,OAKPARK_6_N001,AS_NP26,,2009-03-31T07:00:00-00:00,2031-01-01T07:59:59-00:00,2009-03-31T00:00:00,2030-12-31T23:59:59
AS_NP26,OAKSJCT_7_N001,AS_NP26,,2023-07-27T07:00:00-00:00,2031-01-01T07:59:59-00:00,2023-07-27T00:00:00,2030-12-31T23:59:59
AS_NP26,OAKSJCT_7_N002,AS_NP26,,2023-07-27T07:00:00-00:00,2031-01-01T07:59:59-00:00,2023-07-27T00:00:00,2030-12-31T23:59:59
AS_NP26,OCEANO_1_N001,AS_NP26,,2009-03-31T07:00:00-00:00,2031-01-01T07:59:59-00:00,2009-03-31T00:00:00,2030-12-31T23:59:59
AS_NP26,OCEANO_1_N004,AS_NP26,,2009-03-31T07:00:00-00:00,2031-01-01T07:59:59-00:00,2009-03-31T00:00:00,2030-12-31T23:59:59
AS_NP26,OIGLASS_1_N001,AS_NP26,,2009-03-31T07:00:00-00:00,2031-01-01T07:59:59-00:00,2009-03-31T00:00:00,2030-12-31T23:59:59
AS_NP26,OILDALE_1_N001,AS_NP26,,2009-03-31T07:00:00-00:00,2031-01-01T07:59:59-00:00,2009-03-31T00:00:00,2030-12-31T23:59:59
AS_NP26,OILDALE_1_N101,AS_NP26,,2009-03-31T07:00:00-00:00,2031-01-01T07:59:59-00:00,2009-03-31T00:00:00,2030-12-31T23:59:59
AS_NP26,OILFLDS_6_N001,AS_NP26,,2009-03-31T07:00:00-00:00,2031-01-01T07:59:59-00:00,2009-03-31T00:00:00,2030-12-31T23:59:59
AS_NP26,OILFLDS_6_N007,AS_NP26,,2009-03-31T07:00:00-00:00,2031-01-01T07:59:59-00:00,2009-03-31T00:00:00,2030-12-31T23:59:59
AS_NP26,OILFLDS_6_N009,AS_NP26,,2025-05-13T07:00:00-00:00,2031-01-01T07:59:59-00:00,2025-05-13T00:00:00,2030-12-31T23:59:59
AS_NP26,OLDRIVR_6_N001,AS_NP26,,2013-09-19T07:00:00-00:00,2031-01-01T07:59:59-00:00,2013-09-19T00:00:00,2030-12-31T23:59:59
AS_NP26,OLDRIVR_6_N007,AS_NP26,,2025-05-13T07:00:00-00:00,2031-01-01T07:59:59-00:00,2025-05-13T00:00:00,2030-12-31T23:59:59
AS_NP26,OLDRIVR_7_N014,AS_NP26,,2023-11-15T08:00:00-00:00,2031-01-01T07:59:59-00:00,2023-11-15T00:00:00,2030-12-31T23:59:59
AS_NP26,OLDRIVR_7_N033,AS_NP26,,2025-05-13T07:00:00-00:00,2031-01-01T07:59:59-00:00,2025-05-13T00:00:00,2030-12-31T23:59:59
AS_NP26,OLDRIVR_7_N044,AS_NP26,,2025-05-13T07:00:00-00:00,2031-01-01T07:59:59-00:00,2025-05-13T00:00:00,2030-12-31T23:59:59
AS_NP26,OLEMA_6_N001,AS_NP26,,2009-03-31T07:00:00-00:00,2031-01-01T07:59:59-00:00,2009-03-31T00:00:00,2030-12-31T23:59:59
AS_NP26,OLETA_6_N001,AS_NP26,,2009-03-31T07:00:00-00:00,2031-01-01T07:59:59-00:00,2009-03-31T00:00:00,2030-12-31T23:59:59
AS_NP26,OLETA_6_N003,AS_NP26,,2009-03-31T07:00:00-00:00,2031-01-01T07:59:59-00:00,2009-03-31T00:00:00,2030-12-31T23:59:59
AS_NP26,OLEUM_1_B1,AS_NP26,,2017-08-17T07:00:00-00:00,2031-01-01T07:59:59-00:00,2017-08-17T00:00:00,2030-12-31T23:59:59
AS_NP26,OLIVHRST_1_N001,AS_NP26,,2009-03-31T07:00:00-00:00,2031-01-01T07:59:59-00:00,2009-03-31T00:00:00,2030-12-31T23:59:59
AS_NP26,OLIVHRST_1_N002,AS_NP26,,2009-03-31T07:00:00-00:00,2031-01-01T07:59:59-00:00,2009-03-31T00:00:00,2030-12-31T23:59:59
AS_NP26,OLS-AGNE_7_N001,AS_NP26,,2025-05-13T07:00:00-00:00,2031-01-01T07:59:59-00:00,2025-05-13T00:00:00,2030-12-31T23:59:59
AS_NP26,OLSEN_6_N001,AS_NP26,,2025-05-13T07:00:00-00:00,2031-01-01T07:59:59-00:00,2025-05-13T00:00:00,2030-12-31T23:59:59
AS_NP26,ONEILPMP_7_LN001,AS_NP26,,2009-09-10T07:00:00-00:00,2031-01-01T07:59:59-00:00,2009-09-10T00:00:00,2030-12-31T23:59:59
AS_NP26,ONEILPMP_7_N001,AS_NP26,,2023-05-05T07:00:00-00:00,2031-01-01T07:59:59-00:00,2023-05-05T00:00:00,2030-12-31T23:59:59
AS_NP26,ONEILPMP_7_N002,AS_NP26,,2023-05-05T07:00:00-00:00,2031-01-01T07:59:59-00:00,2023-05-05T00:00:00,2030-12-31T23:59:59
AS_NP26,ONEILPMP_7_N003,AS_NP26,,2023-05-05T07:00:00-00:00,2031-01-01T07:59:59-00:00,2023-05-05T00:00:00,2030-12-31T23:59:59
AS_NP26,ONEILPMP_7_N004,AS_NP26,,2023-05-05T07:00:00-00:00,2031-01-01T07:59:59-00:00,2023-05-05T00:00:00,2030-12-31T23:59:59
AS_NP26,ONEILPMP_7_N005,AS_NP26,,2023-05-05T07:00:00-00:00,2031-01-01T07:59:59-00:00,2023-05-05T00:00:00,2030-12-31T23:59:59
AS_NP26,ONEILPMP_7_N006,AS_NP26,,2023-05-05T07:00:00-00:00,2031-01-01T07:59:59-00:00,2023-05-05T00:00:00,2030-12-31T23:59:59
AS_NP26,ONLLPP_6_UNITS-APND,AS_NP26,,2009-03-31T07:00:00-00:00,2031-01-01T07:59:59-00:00,2009-03-31T00:00:00,2030-12-31T23:59:59
AS_NP26,ORACLE60_6_N001,AS_NP26,,2009-03-31T07:00:00-00:00,2031-01-01T07:59:59-00:00,2009-03-31T00:00:00,2030-12-31T23:59:59
AS_NP26,OREGNTRL_1_N001,AS_NP26,,2009-03-31T07:00:00-00:00,2031-01-01T07:59:59-00:00,2009-03-31T00:00:00,2030-12-31T23:59:59
AS_NP26,OREGNTRL_6_N001,AS_NP26,,2009-03-31T07:00:00-00:00,2031-01-01T07:59:59-00:00,2009-03-31T00:00:00,2030-12-31T23:59:59
AS_NP26,ORICK_6_N001,AS_NP26,,2009-03-31T07:00:00-00:00,2031-01-01T07:59:59-00:00,2009-03-31T00:00:00,2030-12-31T23:59:59
AS_NP26,ORLANDB_6_N001,AS_NP26,,2009-03-31T07:00:00-00:00,2031-01-01T07:59:59-00:00,2009-03-31T00:00:00,2030-12-31T23:59:59
AS_NP26,ORLANDB_6_N004,AS_NP26,,2013-11-21T08:00:00-00:00,2031-01-01T07:59:59-00:00,2013-11-21T00:00:00,2030-12-31T23:59:59
AS_NP26,ORLNDB_7_N001,AS_NP26,,2025-05-13T07:00:00-00:00,2031-01-01T07:59:59-00:00,2025-05-13T00:00:00,2030-12-31T23:59:59
AS_NP26,ORLNDB_7_N002,AS_NP26,,2015-04-23T07:00:00-00:00,2031-01-01T07:59:59-00:00,2015-04-23T00:00:00,2030-12-31T23:59:59
AS_NP26,OROENGY_7_B1,AS_NP26,,2025-05-13T07:00:00-00:00,2031-01-01T07:59:59-00:00,2025-05-13T00:00:00,2030-12-31T23:59:59
AS_NP26,OROLMGN_7_N004,AS_NP26,,2025-05-13T07:00:00-00:00,2031-01-01T07:59:59-00:00,2025-05-13T00:00:00,2030-12-31T23:59:59
AS_NP26,OROLMGN_7_N005,AS_NP26,,2025-05-13T07:00:00-00:00,2031-01-01T07:59:59-00:00,2025-05-13T00:00:00,2030-12-31T23:59:59
AS_NP26,OROLOMA_1_N005,AS_NP26,,2016-08-18T07:00:00-00:00,2031-01-01T07:59:59-00:00,2016-08-18T00:00:00,2030-12-31T23:59:59
AS_NP26,OROLOMA_6_N001,AS_NP26,,2025-10-15T07:00:00-00:00,2031-01-01T07:59:59-00:00,2025-10-15T00:00:00,2030-12-31T23:59:59
AS_NP26,OROLOM_7_N001,AS_NP26,,2025-10-15T07:00:00-00:00,2031-01-01T07:59:59-00:00,2025-10-15T00:00:00,2030-12-31T23:59:59
AS_NP26,OROLOM_7_N002,AS_NP26,,2025-10-15T07:00:00-00:00,2031-01-01T07:59:59-00:00,2025-10-15T00:00:00,2030-12-31T23:59:59
AS_NP26,OROSI_6_N006,AS_NP26,,2013-07-18T07:00:00-00:00,2031-01-01T07:59:59-00:00,2013-07-18T00:00:00,2030-12-31T23:59:59
AS_NP26,OROSI_7_N002,AS_NP26,,2015-04-23T07:00:00-00:00,2031-01-01T07:59:59-00:00,2015-04-23T00:00:00,2030-12-31T23:59:59
AS_NP26,OROVILLE_6_N001,AS_NP26,,2009-03-31T07:00:00-00:00,2031-01-01T07:59:59-00:00,2009-03-31T00:00:00,2030-12-31T23:59:59
AS_NP26,OROVILLE_6_N005,AS_NP26,,2009-03-31T07:00:00-00:00,2031-01-01T07:59:59-00:00,2009-03-31T00:00:00,2030-12-31T23:59:59
AS_NP26,OROVILLE_6_N102,AS_NP26,,2009-03-31T07:00:00-00:00,2031-01-01T07:59:59-00:00,2009-03-31T00:00:00,2030-12-31T23:59:59
AS_NP26,ORTIGAGN_7_N001,AS_NP26,,2025-05-13T07:00:00-00:00,2031-01-01T07:59:59-00:00,2025-05-13T00:00:00,2030-12-31T23:59:59
AS_NP26,ORTIGAGN_7_N002,AS_NP26,,2017-02-16T08:00:00-00:00,2031-01-01T07:59:59-00:00,2017-02-16T00:00:00,2030-12-31T23:59:59
AS_NP26,ORTIGAGN_7_N003,AS_NP26,,2025-05-13T07:00:00-00:00,2031-01-01T07:59:59-00:00,2025-05-13T00:00:00,2030-12-31T23:59:59
AS_NP26,ORTIGAGN_7_N004,AS_NP26,,2025-05-13T07:00:00-00:00,2031-01-01T07:59:59-00:00,2025-05-13T00:00:00,2030-12-31T23:59:59
AS_NP26,OTTER_6_N001,AS_NP26,,2009-03-31T07:00:00-00:00,2031-01-01T07:59:59-00:00,2009-03-31T00:00:00,2030-12-31T23:59:59
AS_NP26,OXBOWF_7_B1,AS_NP26,,2025-05-13T07:00:00-00:00,2031-01-01T07:59:59-00:00,2025-05-13T00:00:00,2030-12-31T23:59:59
AS_NP26,OXFORD_1_N001,AS_NP26,,2009-03-31T07:00:00-00:00,2031-01-01T07:59:59-00:00,2009-03-31T00:00:00,2030-12-31T23:59:59
AS_NP26,OXMOUNTN_6_N001,AS_NP26,,2025-05-13T07:00:00-00:00,2031-01-01T07:59:59-00:00,2025-05-13T00:00:00,2030-12-31T23:59:59
AS_NP26,P0504GT1_7_B1,AS_NP26,,2026-02-11T08:00:00-00:00,2031-01-01T07:59:59-00:00,2026-02-11T00:00:00,2030-12-31T23:59:59
AS_NP26,P0504GT1_7_CN1,AS_NP26,,2026-02-11T08:00:00-00:00,2031-01-01T07:59:59-00:00,2026-02-11T00:00:00,2030-12-31T23:59:59
AS_NP26,P0504GT1_7_N001,AS_NP26,,2009-03-31T07:00:00-00:00,2031-01-01T07:59:59-00:00,2009-03-31T00:00:00,2030-12-31T23:59:59
AS_NP26,P0504GT1_7_NBT1,AS_NP26,,2026-02-11T08:00:00-00:00,2031-01-01T07:59:59-00:00,2026-02-11T00:00:00,2030-12-31T23:59:59
AS_NP26,P0504GT1_7_NBT2,AS_NP26,,2026-02-11T08:00:00-00:00,2031-01-01T07:59:59-00:00,2026-02-11T00:00:00,2030-12-31T23:59:59
AS_NP26,P0504GT2_7_B1,AS_NP26,,2026-02-11T08:00:00-00:00,2031-01-01T07:59:59-00:00,2026-02-11T00:00:00,2030-12-31T23:59:59
AS_NP26,P0504GT2_7_N001,AS_NP26,,2009-03-31T07:00:00-00:00,2031-01-01T07:59:59-00:00,2009-03-31T00:00:00,2030-12-31T23:59:59
AS_NP26,PACIFICA_6_N001,AS_NP26,,2009-03-31T07:00:00-00:00,2031-01-01T07:59:59-00:00,2009-03-31T00:00:00,2030-12-31T23:59:59
AS_NP26,PACIFICA_6_N003,AS_NP26,,2009-03-31T07:00:00-00:00,2031-01-01T07:59:59-00:00,2009-03-31T00:00:00,2030-12-31T23:59:59
AS_NP26,PACIPIP_6_N001,AS_NP26,,2009-03-31T07:00:00-00:00,2031-01-01T07:59:59-00:00,2009-03-31T00:00:00,2030-12-31T23:59:59
AS_NP26,PACLUMB_7_N001,AS_NP26,,2009-03-31T07:00:00-00:00,2031-01-01T07:59:59-00:00,2009-03-31T00:00:00,2030-12-31T23:59:59
AS_NP26,PACLUMB_7_N002,AS_NP26,,2009-03-31T07:00:00-00:00,2031-01-01T07:59:59-00:00,2009-03-31T00:00:00,2030-12-31T23:59:59
AS_NP26,PALMR_1_N001,AS_NP26,,2009-03-31T07:00:00-00:00,2031-01-01T07:59:59-00:00,2009-03-31T00:00:00,2030-12-31T23:59:59
AS_NP26,PALM_6_N001,AS_NP26,,2017-02-16T08:00:00-00:00,2031-01-01T07:59:59-00:00,2017-02-16T00:00:00,2030-12-31T23:59:59
AS_NP26,PALM_6_N002,AS_NP26,,2017-02-16T08:00:00-00:00,2031-01-01T07:59:59-00:00,2017-02-16T00:00:00,2030-12-31T23:59:59
AS_NP26,PALSEL_7_N005,AS_NP26,,2025-05-13T07:00:00-00:00,2031-01-01T07:59:59-00:00,2025-05-13T00:00:00,2030-12-31T23:59:59
AS_NP26,PALSEL_7_N006,AS_NP26,,2025-05-13T07:00:00-00:00,2031-01-01T07:59:59-00:00,2025-05-13T00:00:00,2030-12-31T23:59:59
AS_NP26,PAN2TAP_1_B1,AS_NP26,,2017-08-17T07:00:00-00:00,2031-01-01T07:59:59-00:00,2017-08-17T00:00:00,2030-12-31T23:59:59
AS_NP26,PANAMA_6_N001,AS_NP26,,2009-03-31T07:00:00-00:00,2031-01-01T07:59:59-00:00,2009-03-31T00:00:00,2030-12-31T23:59:59
AS_NP26,PANOBS1_7_B1,AS_NP26,,2009-03-31T07:00:00-00:00,2031-01-01T07:59:59-00:00,2009-03-31T00:00:00,2030-12-31T23:59:59
AS_NP26,PANOBS2_7_B1,AS_NP26,,2009-03-31T07:00:00-00:00,2031-01-01T07:59:59-00:00,2009-03-31T00:00:00,2030-12-31T23:59:59
AS_NP26,PANOBS2_7_N002,AS_NP26,,2009-03-31T07:00:00-00:00,2031-01-01T07:59:59-00:00,2009-03-31T00:00:00,2030-12-31T23:59:59
AS_NP26,PANOBS3_7_B1,AS_NP26,,2009-03-31T07:00:00-00:00,2031-01-01T07:59:59-00:00,2009-03-31T00:00:00,2030-12-31T23:59:59
AS_NP26,PANOBS3_7_N002,AS_NP26,,2009-03-31T07:00:00-00:00,2031-01-01T07:59:59-00:00,2009-03-31T00:00:00,2030-12-31T23:59:59
AS_NP26,PANOBS4_7_B1,AS_NP26,,2009-03-31T07:00:00-00:00,2031-01-01T07:59:59-00:00,2009-03-31T00:00:00,2030-12-31T23:59:59
AS_NP26,PANOCHE_1_B1,AS_NP26,,2017-08-17T07:00:00-00:00,2031-01-01T07:59:59-00:00,2017-08-17T00:00:00,2030-12-31T23:59:59
AS_NP26,PANOCHE_1_N001,AS_NP26,,2021-08-25T07:00:00-00:00,2031-01-01T07:59:59-00:00,2021-08-25T00:00:00,2030-12-31T23:59:59
AS_NP26,PANOCHE_1_N024,AS_NP26,,2009-06-25T07:00:00-00:00,2031-01-01T07:59:59-00:00,2009-06-25T00:00:00,2030-12-31T23:59:59
AS_NP26,PANOCHE_2_N055,AS_NP26,,2024-01-24T08:00:00-00:00,2031-01-01T07:59:59-00:00,2024-01-24T00:00:00,2030-12-31T23:59:59
AS_NP26,PANOCHE_7_N001,AS_NP26,,2025-12-17T08:00:00-00:00,2031-01-01T07:59:59-00:00,2025-12-17T00:00:00,2030-12-31T23:59:59
AS_NP26,PANOCHE_7_N002,AS_NP26,,2026-01-02T08:00:00-00:00,2031-01-01T07:59:59-00:00,2026-01-02T00:00:00,2030-12-31T23:59:59
AS_NP26,PANRAMA_1_N001,AS_NP26,,2009-03-31T07:00:00-00:00,2031-01-01T07:59:59-00:00,2009-03-31T00:00:00,2030-12-31T23:59:59
AS_NP26,PARADISE_1_N001,AS_NP26,,2009-03-31T07:00:00-00:00,2031-01-01T07:59:59-00:00,2009-03-31T00:00:00,2030-12-31T23:59:59
AS_NP26,PARADISE_1_N004,AS_NP26,,2009-03-31T07:00:00-00:00,2031-01-01T07:59:59-00:00,2009-03-31T00:00:00,2030-12-31T23:59:59
AS_NP26,PARDEB_6_UNITS-APND,AS_NP26,,2009-03-31T07:00:00-00:00,2031-01-01T07:59:59-00:00,2009-03-31T00:00:00,2030-12-31T23:59:59
AS_NP26,PARDEE1_7_B1,AS_NP26,,2023-05-05T07:00:00-00:00,2031-01-01T07:59:59-00:00,2023-05-05T00:00:00,2030-12-31T23:59:59
AS_NP26,PARDEE2_7_B1,AS_NP26,,2023-05-05T07:00:00-00:00,2031-01-01T07:59:59-00:00,2023-05-05T00:00:00,2030-12-31T23:59:59
AS_NP26,PARDEE3_7_B1,AS_NP26,,2023-05-05T07:00:00-00:00,2031-01-01T07:59:59-00:00,2023-05-05T00:00:00,2030-12-31T23:59:59
AS_NP26,PARKR_6_N009,AS_NP26,,2022-07-28T07:00:00-00:00,2031-01-01T07:59:59-00:00,2022-07-28T00:00:00,2030-12-31T23:59:59
AS_NP26,PARKR_6_N010,AS_NP26,,2022-07-28T07:00:00-00:00,2031-01-01T07:59:59-00:00,2022-07-28T00:00:00,2030-12-31T23:59:59
AS_NP26,PARKR_6_N011,AS_NP26,,2022-07-28T07:00:00-00:00,2031-01-01T07:59:59-00:00,2022-07-28T00:00:00,2030-12-31T23:59:59
AS_NP26,PARKWAY_2_N001,AS_NP26,,2009-03-31T07:00:00-00:00,2031-01-01T07:59:59-00:00,2009-03-31T00:00:00,2030-12-31T23:59:59
AS_NP26,PARLIER1_1_N001,AS_NP26,,2012-03-22T07:00:00-00:00,2031-01-01T07:59:59-00:00,2012-03-22T00:00:00,2030-12-31T23:59:59
AS_NP26,PAULSWT_1_GN002,AS_NP26,,2025-05-13T07:00:00-00:00,2031-01-01T07:59:59-00:00,2025-05-13T00:00:00,2030-12-31T23:59:59
AS_NP26,PAULSWT_1_N001,AS_NP26,,2009-03-31T07:00:00-00:00,2031-01-01T07:59:59-00:00,2009-03-31T00:00:00,2030-12-31T23:59:59
AS_NP26,PAULSWT_1_N004,AS_NP26,,2009-03-31T07:00:00-00:00,2031-01-01T07:59:59-00:00,2009-03-31T00:00:00,2030-12-31T23:59:59
AS_NP26,PAULSWT_1_N013,AS_NP26,,2009-03-31T07:00:00-00:00,2031-01-01T07:59:59-00:00,2009-03-31T00:00:00,2030-12-31T23:59:59
AS_NP26,PAULSWT_1_N101,AS_NP26,,2009-03-31T07:00:00-00:00,2031-01-01T07:59:59-00:00,2009-03-31T00:00:00,2030-12-31T23:59:59
AS_NP26,PCBRICK_6_B1,AS_NP26,,2017-08-17T07:00:00-00:00,2031-01-01T07:59:59-00:00,2017-08-17T00:00:00,2030-12-31T23:59:59
AS_NP26,PCHCOPP_6_B1,AS_NP26,,2017-08-17T07:00:00-00:00,2031-01-01T07:59:59-00:00,2017-08-17T00:00:00,2030-12-31T23:59:59
AS_NP26,PCHCOPP_6_N001,AS_NP26,,2009-03-31T07:00:00-00:00,2031-01-01T07:59:59-00:00,2009-03-31T00:00:00,2030-12-31T23:59:59
AS_NP26,PEABODY_2_N002,AS_NP26,,2009-03-31T07:00:00-00:00,2031-01-01T07:59:59-00:00,2009-03-31T00:00:00,2030-12-31T23:59:59
AS_NP26,PEABODY_2_N006,AS_NP26,,2009-03-31T07:00:00-00:00,2031-01-01T07:59:59-00:00,2009-03-31T00:00:00,2030-12-31T23:59:59
AS_NP26,PEABODY_2_N024,AS_NP26,,2025-05-13T07:00:00-00:00,2031-01-01T07:59:59-00:00,2025-05-13T00:00:00,2030-12-31T23:59:59
AS_NP26,PEACHTON_6_N001,AS_NP26,,2009-03-31T07:00:00-00:00,2031-01-01T07:59:59-00:00,2009-03-31T00:00:00,2030-12-31T23:59:59
AS_NP26,PEACHTON_6_N004,AS_NP26,,2009-03-31T07:00:00-00:00,2031-01-01T07:59:59-00:00,2009-03-31T00:00:00,2030-12-31T23:59:59
AS_NP26,PEASE_1_N001,AS_NP26,,2022-06-15T07:00:00-00:00,2031-01-01T07:59:59-00:00,2022-06-15T00:00:00,2030-12-31T23:59:59
AS_NP26,PEASE_1_N009,AS_NP26,,2022-06-15T07:00:00-00:00,2031-01-01T07:59:59-00:00,2022-06-15T00:00:00,2030-12-31T23:59:59
AS_NP26,PEASE_7_N001,AS_NP26,,2025-05-13T07:00:00-00:00,2031-01-01T07:59:59-00:00,2025-05-13T00:00:00,2030-12-31T23:59:59
AS_NP26,PEASE_7_N002,AS_NP26,,2021-08-25T07:00:00-00:00,2031-01-01T07:59:59-00:00,2021-08-25T00:00:00,2030-12-31T23:59:59
AS_NP26,PELJAW_7_N004,AS_NP26,,2025-12-17T08:00:00-00:00,2031-01-01T07:59:59-00:00,2025-12-17T00:00:00,2030-12-31T23:59:59
AS_NP26,PELJAW_7_N005,AS_NP26,,2025-12-17T08:00:00-00:00,2031-01-01T07:59:59-00:00,2025-12-17T00:00:00,2030-12-31T23:59:59
AS_NP26,PENNGRVE_1_N001,AS_NP26,,2009-03-31T07:00:00-00:00,2031-01-01T07:59:59-00:00,2009-03-31T00:00:00,2030-12-31T23:59:59
AS_NP26,PENRYN_6_N001,AS_NP26,,2009-03-31T07:00:00-00:00,2031-01-01T07:59:59-00:00,2009-03-31T00:00:00,2030-12-31T23:59:59
AS_NP26,PENRYN_6_N004,AS_NP26,,2009-03-31T07:00:00-00:00,2031-01-01T07:59:59-00:00,2009-03-31T00:00:00,2030-12-31T23:59:59
AS_NP26,PEORIA_7_N001,AS_NP26,,2013-07-18T07:00:00-00:00,2031-01-01T07:59:59-00:00,2013-07-18T00:00:00,2030-12-31T23:59:59
AS_NP26,PEORIA_7_N002,AS_NP26,,2013-07-18T07:00:00-00:00,2031-01-01T07:59:59-00:00,2013-07-18T00:00:00,2030-12-31T23:59:59
AS_NP26,PEORIA_7_N003,AS_NP26,,2025-05-13T07:00:00-00:00,2031-01-01T07:59:59-00:00,2025-05-13T00:00:00,2030-12-31T23:59:59
AS_NP26,PERMNNTE_6_GN001,AS_NP26,,2009-12-17T08:00:00-00:00,2031-01-01T07:59:59-00:00,2009-12-17T00:00:00,2030-12-31T23:59:59
AS_NP26,PERMNNTE_6_N002,AS_NP26,,2009-03-31T07:00:00-00:00,2031-01-01T07:59:59-00:00,2009-03-31T00:00:00,2030-12-31T23:59:59
AS_NP26,PERRY_6_N001,AS_NP26,,2023-01-12T08:00:00-00:00,2031-01-01T07:59:59-00:00,2023-01-12T00:00:00,2030-12-31T23:59:59
AS_NP26,PERRY_6_N008,AS_NP26,,2023-01-12T08:00:00-00:00,2031-01-01T07:59:59-00:00,2023-01-12T00:00:00,2030-12-31T23:59:59
AS_NP26,PETLMAA_6_N001,AS_NP26,,2009-03-31T07:00:00-00:00,2031-01-01T07:59:59-00:00,2009-03-31T00:00:00,2030-12-31T23:59:59
AS_NP26,PETLMAC_6_N002,AS_NP26,,2009-03-31T07:00:00-00:00,2031-01-01T07:59:59-00:00,2009-03-31T00:00:00,2030-12-31T23:59:59
AS_NP26,PETLMAC_6_N003,AS_NP26,,2009-03-31T07:00:00-00:00,2031-01-01T07:59:59-00:00,2009-03-31T00:00:00,2030-12-31T23:59:59
AS_NP26,PETLMAC_6_N004,AS_NP26,,2009-03-31T07:00:00-00:00,2031-01-01T07:59:59-00:00,2009-03-31T00:00:00,2030-12-31T23:59:59
AS_NP26,PEWWOOD_7_B1,AS_NP26,,2023-05-05T07:00:00-00:00,2031-01-01T07:59:59-00:00,2023-05-05T00:00:00,2030-12-31T23:59:59
AS_NP26,PFARMS_6_LN001,AS_NP26,,2009-09-10T07:00:00-00:00,2031-01-01T07:59:59-00:00,2009-09-10T00:00:00,2030-12-31T23:59:59
AS_NP26,PGCC_1_PDRP02-APND,AS_NP26,,2016-05-09T07:00:00-00:00,2031-01-01T07:59:59-00:00,2016-05-09T00:00:00,2030-12-31T23:59:59
AS_NP26,PGCC_1_PDRP04-APND,AS_NP26,,2017-01-04T08:00:00-00:00,2031-01-01T07:59:59-00:00,2017-01-04T00:00:00,2030-12-31T23:59:59
AS_NP26,PGCC_1_PDRP08-APND,AS_NP26,,2018-04-23T07:00:00-00:00,2031-01-01T07:59:59-00:00,2018-04-23T00:00:00,2030-12-31T23:59:59
AS_NP26,PGCC_1_PDRP100-APND,AS_NP26,,2024-07-12T07:00:00-00:00,2031-01-01T07:59:59-00:00,2024-07-12T00:00:00,2030-12-31T23:59:59
AS_NP26,PGCC_1_PDRP12-APND,AS_NP26,,2018-05-25T07:00:00-00:00,2031-01-01T07:59:59-00:00,2018-05-25T00:00:00,2030-12-31T23:59:59
AS_NP26,PGCC_1_PDRP13-APND,AS_NP26,,2018-05-25T07:00:00-00:00,2031-01-01T07:59:59-00:00,2018-05-25T00:00:00,2030-12-31T23:59:59
AS_NP26,PGCC_1_PDRP16-APND,AS_NP26,,2020-03-10T07:00:00-00:00,2031-01-01T07:59:59-00:00,2020-03-10T00:00:00,2030-12-31T23:59:59
AS_NP26,PGCC_1_PDRP17-APND,AS_NP26,,2020-03-10T07:00:00-00:00,2031-01-01T07:59:59-00:00,2020-03-10T00:00:00,2030-12-31T23:59:59
AS_NP26,PGCC_1_PDRP18-APND,AS_NP26,,2019-05-30T07:00:00-00:00,2031-01-01T07:59:59-00:00,2019-05-30T00:00:00,2030-12-31T23:59:59
AS_NP26,PGCC_1_PDRP19-APND,AS_NP26,,2022-06-27T07:00:00-00:00,2031-01-01T07:59:59-00:00,2022-06-27T00:00:00,2030-12-31T23:59:59
AS_NP26,PGCC_1_PDRP20-APND,AS_NP26,,2020-03-10T07:00:00-00:00,2031-01-01T07:59:59-00:00,2020-03-10T00:00:00,2030-12-31T23:59:59
AS_NP26,PGCC_1_PDRP21-APND,AS_NP26,,2019-09-24T07:00:00-00:00,2031-01-01T07:59:59-00:00,2019-09-24T00:00:00,2030-12-31T23:59:59
AS_NP26,PGCC_1_PDRP22-APND,AS_NP26,,2019-06-10T07:00:00-00:00,2031-01-01T07:59:59-00:00,2019-06-10T00:00:00,2030-12-31T23:59:59
AS_NP26,PGCC_1_PDRP24-APND,AS_NP26,,2020-06-01T07:00:00-00:00,2031-01-01T07:59:59-00:00,2020-06-01T00:00:00,2030-12-31T23:59:59
AS_NP26,PGCC_1_PDRP25-APND,AS_NP26,,2020-04-24T07:00:00-00:00,2031-01-01T07:59:59-00:00,2020-04-24T00:00:00,2030-12-31T23:59:59
AS_NP26,PGCC_1_PDRP26-APND,AS_NP26,,2020-11-23T08:00:00-00:00,2031-01-01T07:59:59-00:00,2020-11-23T00:00:00,2030-12-31T23:59:59
AS_NP26,PGCC_1_PDRP27-APND,AS_NP26,,2020-11-23T08:00:00-00:00,2031-01-01T07:59:59-00:00,2020-11-23T00:00:00,2030-12-31T23:59:59
AS_NP26,PGCC_1_PDRP28-APND,AS_NP26,,2020-11-23T08:00:00-00:00,2031-01-01T07:59:59-00:00,2020-11-23T00:00:00,2030-12-31T23:59:59
AS_NP26,PGCC_1_PDRP29-APND,AS_NP26,,2020-11-23T08:00:00-00:00,2031-01-01T07:59:59-00:00,2020-11-23T00:00:00,2030-12-31T23:59:59
AS_NP26,PGCC_1_PDRP31-APND,AS_NP26,,2020-09-28T07:00:00-00:00,2031-01-01T07:59:59-00:00,2020-09-28T00:00:00,2030-12-31T23:59:59
AS_NP26,PGCC_1_PDRP32-APND,AS_NP26,,2020-09-28T07:00:00-00:00,2031-01-01T07:59:59-00:00,2020-09-28T00:00:00,2030-12-31T23:59:59
AS_NP26,PGCC_1_PDRP33-APND,AS_NP26,,2020-09-28T07:00:00-00:00,2031-01-01T07:59:59-00:00,2020-09-28T00:00:00,2030-12-31T23:59:59
AS_NP26,PGCC_1_PDRP34-APND,AS_NP26,,2020-09-28T07:00:00-00:00,2031-01-01T07:59:59-00:00,2020-09-28T00:00:00,2030-12-31T23:59:59
AS_NP26,PGCC_1_PDRP35-APND,AS_NP26,,2020-09-28T07:00:00-00:00,2031-01-01T07:59:59-00:00,2020-09-28T00:00:00,2030-12-31T23:59:59
AS_NP26,PGCC_1_PDRP36-APND,AS_NP26,,2020-11-23T08:00:00-00:00,2031-01-01T07:59:59-00:00,2020-11-23T00:00:00,2030-12-31T23:59:59
AS_NP26,PGCC_1_PDRP38-APND,AS_NP26,,2025-12-23T08:00:00-00:00,2031-01-01T07:59:59-00:00,2025-12-23T00:00:00,2030-12-31T23:59:59
AS_NP26,PGCC_1_PDRP41-APND,AS_NP26,,2023-02-06T08:00:00-00:00,2031-01-01T07:59:59-00:00,2023-02-06T00:00:00,2030-12-31T23:59:59
AS_NP26,PGCC_1_PDRP45-APND,AS_NP26,,2020-04-24T07:00:00-00:00,2031-01-01T07:59:59-00:00,2020-04-24T00:00:00,2030-12-31T23:59:59
AS_NP26,PGCC_1_PDRP60-APND,AS_NP26,,2024-05-01T07:00:00-00:00,2031-01-01T07:59:59-00:00,2024-05-01T00:00:00,2030-12-31T23:59:59
AS_NP26,PGCC_1_PDRP98-APND,AS_NP26,,2024-07-12T07:00:00-00:00,2031-01-01T07:59:59-00:00,2024-07-12T00:00:00,2030-12-31T23:59:59
AS_NP26,PGCC_1_PDRP99-APND,AS_NP26,,2024-07-12T07:00:00-00:00,2031-01-01T07:59:59-00:00,2024-07-12T00:00:00,2030-12-31T23:59:59
AS_NP26,PGCC_1_RDRR01-APND,AS_NP26,,2025-02-03T08:00:00-00:00,2031-01-01T07:59:59-00:00,2025-02-03T00:00:00,2030-12-31T23:59:59
AS_NP26,PGEB_2_PDRP04-APND,AS_NP26,,2016-05-09T07:00:00-00:00,2031-01-01T07:59:59-00:00,2016-05-09T00:00:00,2030-12-31T23:59:59
AS_NP26,PGEB_2_PDRP05-APND,AS_NP26,,2016-09-27T07:00:00-00:00,2031-01-01T07:59:59-00:00,2016-09-27T00:00:00,2030-12-31T23:59:59
AS_NP26,PGEB_2_PDRP08-APND,AS_NP26,,2017-07-26T07:00:00-00:00,2031-01-01T07:59:59-00:00,2017-07-26T00:00:00,2030-12-31T23:59:59
AS_NP26,PGEB_2_PDRP09-APND,AS_NP26,,2017-01-04T08:00:00-00:00,2031-01-01T07:59:59-00:00,2017-01-04T00:00:00,2030-12-31T23:59:59
AS_NP26,PGEB_2_PDRP10-APND,AS_NP26,,2017-01-04T08:00:00-00:00,2031-01-01T07:59:59-00:00,2017-01-04T00:00:00,2030-12-31T23:59:59
AS_NP26,PGEB_2_PDRP100-APND,AS_NP26,,2019-06-10T07:00:00-00:00,2031-01-01T07:59:59-00:00,2019-06-10T00:00:00,2030-12-31T23:59:59
AS_NP26,PGEB_2_PDRP101-APND,AS_NP26,,2022-04-21T07:00:00-00:00,2031-01-01T07:59:59-00:00,2022-04-21T00:00:00,2030-12-31T23:59:59
AS_NP26,PGEB_2_PDRP102-APND,AS_NP26,,2020-03-10T07:00:00-00:00,2031-01-01T07:59:59-00:00,2020-03-10T00:00:00,2030-12-31T23:59:59
AS_NP26,PGEB_2_PDRP103-APND,AS_NP26,,2020-03-10T07:00:00-00:00,2031-01-01T07:59:59-00:00,2020-03-10T00:00:00,2030-12-31T23:59:59
AS_NP26,PGEB_2_PDRP104-APND,AS_NP26,,2020-03-10T07:00:00-00:00,2031-01-01T07:59:59-00:00,2020-03-10T00:00:00,2030-12-31T23:59:59
AS_NP26,PGEB_2_PDRP105-APND,AS_NP26,,2020-03-10T07:00:00-00:00,2031-01-01T07:59:59-00:00,2020-03-10T00:00:00,2030-12-31T23:59:59
AS_NP26,PGEB_2_PDRP107-APND,AS_NP26,,2021-06-01T07:00:00-00:00,2031-01-01T07:59:59-00:00,2021-06-01T00:00:00,2030-12-31T23:59:59
AS_NP26,PGEB_2_PDRP108-APND,AS_NP26,,2025-12-23T08:00:00-00:00,2031-01-01T07:59:59-00:00,2025-12-23T00:00:00,2030-12-31T23:59:59
AS_NP26,PGEB_2_PDRP111-APND,AS_NP26,,2022-11-19T08:00:00-00:00,2031-01-01T07:59:59-00:00,2022-11-19T00:00:00,2030-12-31T23:59:59
AS_NP26,PGEB_2_PDRP112-APND,AS_NP26,,2022-03-30T07:00:00-00:00,2031-01-01T07:59:59-00:00,2022-03-30T00:00:00,2030-12-31T23:59:59
AS_NP26,PGEB_2_PDRP113-APND,AS_NP26,,2022-03-30T07:00:00-00:00,2031-01-01T07:59:59-00:00,2022-03-30T00:00:00,2030-12-31T23:59:59
AS_NP26,PGEB_2_PDRP21-APND,AS_NP26,,2018-03-26T07:00:00-00:00,2031-01-01T07:59:59-00:00,2018-03-26T00:00:00,2030-12-31T23:59:59
AS_NP26,PGEB_2_PDRP22-APND,AS_NP26,,2018-03-26T07:00:00-00:00,2031-01-01T07:59:59-00:00,2018-03-26T00:00:00,2030-12-31T23:59:59
AS_NP26,PGEB_2_PDRP23-APND,AS_NP26,,2018-03-26T07:00:00-00:00,2031-01-01T07:59:59-00:00,2018-03-26T00:00:00,2030-12-31T23:59:59
AS_NP26,PGEB_2_PDRP24-APND,AS_NP26,,2018-03-26T07:00:00-00:00,2031-01-01T07:59:59-00:00,2018-03-26T00:00:00,2030-12-31T23:59:59
AS_NP26,PGEB_2_PDRP25-APND,AS_NP26,,2018-03-26T07:00:00-00:00,2031-01-01T07:59:59-00:00,2018-03-26T00:00:00,2030-12-31T23:59:59
AS_NP26,PGEB_2_PDRP26-APND,AS_NP26,,2018-03-26T07:00:00-00:00,2031-01-01T07:59:59-00:00,2018-03-26T00:00:00,2030-12-31T23:59:59
AS_NP26,PGEB_2_PDRP27-APND,AS_NP26,,2018-04-23T07:00:00-00:00,2031-01-01T07:59:59-00:00,2018-04-23T00:00:00,2030-12-31T23:59:59
AS_NP26,PGEB_2_PDRP28-APND,AS_NP26,,2018-04-23T07:00:00-00:00,2031-01-01T07:59:59-00:00,2018-04-23T00:00:00,2030-12-31T23:59:59
AS_NP26,PGEB_2_PDRP29-APND,AS_NP26,,2018-04-23T07:00:00-00:00,2031-01-01T07:59:59-00:00,2018-04-23T00:00:00,2030-12-31T23:59:59
AS_NP26,PGEB_2_PDRP30-APND,AS_NP26,,2018-04-23T07:00:00-00:00,2031-01-01T07:59:59-00:00,2018-04-23T00:00:00,2030-12-31T23:59:59
AS_NP26,PGEB_2_PDRP31-APND,AS_NP26,,2018-04-23T07:00:00-00:00,2031-01-01T07:59:59-00:00,2018-04-23T00:00:00,2030-12-31T23:59:59
AS_NP26,PGEB_2_PDRP34-APND,AS_NP26,,2018-05-25T07:00:00-00:00,2031-01-01T07:59:59-00:00,2018-05-25T00:00:00,2030-12-31T23:59:59
AS_NP26,PGEB_2_PDRP35-APND,AS_NP26,,2018-05-25T07:00:00-00:00,2031-01-01T07:59:59-00:00,2018-05-25T00:00:00,2030-12-31T23:59:59
AS_NP26,PGEB_2_PDRP36-APND,AS_NP26,,2018-05-25T07:00:00-00:00,2031-01-01T07:59:59-00:00,2018-05-25T00:00:00,2030-12-31T23:59:59
AS_NP26,PGEB_2_PDRP37-APND,AS_NP26,,2018-05-25T07:00:00-00:00,2031-01-01T07:59:59-00:00,2018-05-25T00:00:00,2030-12-31T23:59:59
AS_NP26,PGEB_2_PDRP40-APND,AS_NP26,,2018-10-19T07:00:00-00:00,2031-01-01T07:59:59-00:00,2018-10-19T00:00:00,2030-12-31T23:59:59
AS_NP26,PGEB_2_PDRP41-APND,AS_NP26,,2018-10-19T07:00:00-00:00,2031-01-01T07:59:59-00:00,2018-10-19T00:00:00,2030-12-31T23:59:59
AS_NP26,PGEB_2_PDRP42-APND,AS_NP26,,2018-10-19T07:00:00-00:00,2031-01-01T07:59:59-00:00,2018-10-19T00:00:00,2030-12-31T23:59:59
AS_NP26,PGEB_2_PDRP43-APND,AS_NP26,,2018-10-19T07:00:00-00:00,2031-01-01T07:59:59-00:00,2018-10-19T00:00:00,2030-12-31T23:59:59
AS_NP26,PGEB_2_PDRP44-APND,AS_NP26,,2018-10-19T07:00:00-00:00,2031-01-01T07:59:59-00:00,2018-10-19T00:00:00,2030-12-31T23:59:59
AS_NP26,PGEB_2_PDRP45-APND,AS_NP26,,2018-10-19T07:00:00-00:00,2031-01-01T07:59:59-00:00,2018-10-19T00:00:00,2030-12-31T23:59:59
AS_NP26,PGEB_2_PDRP46-APND,AS_NP26,,2018-10-19T07:00:00-00:00,2031-01-01T07:59:59-00:00,2018-10-19T00:00:00,2030-12-31T23:59:59
AS_NP26,PGEB_2_PDRP47-APND,AS_NP26,,2018-10-19T07:00:00-00:00,2031-01-01T07:59:59-00:00,2018-10-19T00:00:00,2030-12-31T23:59:59
AS_NP26,PGEB_2_PDRP48-APND,AS_NP26,,2018-10-19T07:00:00-00:00,2031-01-01T07:59:59-00:00,2018-10-19T00:00:00,2030-12-31T23:59:59
AS_NP26,PGEB_2_PDRP49-APND,AS_NP26,,2018-10-19T07:00:00-00:00,2031-01-01T07:59:59-00:00,2018-10-19T00:00:00,2030-12-31T23:59:59
AS_NP26,PGEB_2_PDRP50-APND,AS_NP26,,2018-10-19T07:00:00-00:00,2031-01-01T07:59:59-00:00,2018-10-19T00:00:00,2030-12-31T23:59:59
AS_NP26,PGEB_2_PDRP51-APND,AS_NP26,,2018-10-19T07:00:00-00:00,2031-01-01T07:59:59-00:00,2018-10-19T00:00:00,2030-12-31T23:59:59
AS_NP26,PGEB_2_PDRP52-APND,AS_NP26,,2018-10-19T07:00:00-00:00,2031-01-01T07:59:59-00:00,2018-10-19T00:00:00,2030-12-31T23:59:59
AS_NP26,PGEB_2_PDRP53-APND,AS_NP26,,2018-10-19T07:00:00-00:00,2031-01-01T07:59:59-00:00,2018-10-19T00:00:00,2030-12-31T23:59:59
AS_NP26,PGEB_2_PDRP54-APND,AS_NP26,,2018-10-19T07:00:00-00:00,2031-01-01T07:59:59-00:00,2018-10-19T00:00:00,2030-12-31T23:59:59
AS_NP26,PGEB_2_PDRP55-APND,AS_NP26,,2018-10-19T07:00:00-00:00,2031-01-01T07:59:59-00:00,2018-10-19T00:00:00,2030-12-31T23:59:59
AS_NP26,PGEB_2_PDRP56-APND,AS_NP26,,2018-10-19T07:00:00-00:00,2031-01-01T07:59:59-00:00,2018-10-19T00:00:00,2030-12-31T23:59:59
AS_NP26,PGEB_2_PDRP57-APND,AS_NP26,,2018-10-19T07:00:00-00:00,2031-01-01T07:59:59-00:00,2018-10-19T00:00:00,2030-12-31T23:59:59
AS_NP26,PGEB_2_PDRP58-APND,AS_NP26,,2023-02-24T08:00:00-00:00,2031-01-01T07:59:59-00:00,2023-02-24T00:00:00,2030-12-31T23:59:59
AS_NP26,PGEB_2_PDRP60-APND,AS_NP26,,2019-01-22T08:00:00-00:00,2031-01-01T07:59:59-00:00,2019-01-22T00:00:00,2030-12-31T23:59:59
AS_NP26,PGEB_2_PDRP61-APND,AS_NP26,,2020-09-28T07:00:00-00:00,2031-01-01T07:59:59-00:00,2020-09-28T00:00:00,2030-12-31T23:59:59
AS_NP26,PGEB_2_PDRP62-APND,AS_NP26,,2018-11-13T08:00:00-00:00,2031-01-01T07:59:59-00:00,2018-11-13T00:00:00,2030-12-31T23:59:59
AS_NP26,PGEB_2_PDRP63-APND,AS_NP26,,2020-04-17T07:00:00-00:00,2031-01-01T07:59:59-00:00,2020-04-17T00:00:00,2030-12-31T23:59:59
AS_NP26,PGEB_2_PDRP64-APND,AS_NP26,,2020-09-28T07:00:00-00:00,2031-01-01T07:59:59-00:00,2020-09-28T00:00:00,2030-12-31T23:59:59
AS_NP26,PGEB_2_PDRP65-APND,AS_NP26,,2020-04-17T07:00:00-00:00,2031-01-01T07:59:59-00:00,2020-04-17T00:00:00,2030-12-31T23:59:59
AS_NP26,PGEB_2_PDRP66-APND,AS_NP26,,2020-04-17T07:00:00-00:00,2031-01-01T07:59:59-00:00,2020-04-17T00:00:00,2030-12-31T23:59:59
AS_NP26,PGEB_2_PDRP67-APND,AS_NP26,,2020-09-28T07:00:00-00:00,2031-01-01T07:59:59-00:00,2020-09-28T00:00:00,2030-12-31T23:59:59
AS_NP26,PGEB_2_PDRP68-APND,AS_NP26,,2020-09-28T07:00:00-00:00,2031-01-01T07:59:59-00:00,2020-09-28T00:00:00,2030-12-31T23:59:59
AS_NP26,PGEB_2_PDRP69-APND,AS_NP26,,2020-09-28T07:00:00-00:00,2031-01-01T07:59:59-00:00,2020-09-28T00:00:00,2030-12-31T23:59:59
AS_NP26,PGEB_2_PDRP70-APND,AS_NP26,,2022-11-01T07:00:00-00:00,2031-01-01T07:59:59-00:00,2022-11-01T00:00:00,2030-12-31T23:59:59
AS_NP26,PGEB_2_PDRP71-APND,AS_NP26,,2022-11-01T07:00:00-00:00,2031-01-01T07:59:59-00:00,2022-11-01T00:00:00,2030-12-31T23:59:59
AS_NP26,PGEB_2_PDRP73-APND,AS_NP26,,2022-11-01T07:00:00-00:00,2031-01-01T07:59:59-00:00,2022-11-01T00:00:00,2030-12-31T23:59:59
AS_NP26,PGEB_2_PDRP74-APND,AS_NP26,,2023-08-22T07:00:00-00:00,2031-01-01T07:59:59-00:00,2023-08-22T00:00:00,2030-12-31T23:59:59
AS_NP26,PGEB_2_PDRP76-APND,AS_NP26,,2025-03-01T08:00:00-00:00,2031-01-01T07:59:59-00:00,2025-03-01T00:00:00,2030-12-31T23:59:59
AS_NP26,PGEB_2_PDRP77-APND,AS_NP26,,2022-12-22T08:00:00-00:00,2031-01-01T07:59:59-00:00,2022-12-22T00:00:00,2030-12-31T23:59:59
AS_NP26,PGEB_2_PDRP78-APND,AS_NP26,,2019-05-30T07:00:00-00:00,2031-01-01T07:59:59-00:00,2019-05-30T00:00:00,2030-12-31T23:59:59
AS_NP26,PGEB_2_PDRP79-APND,AS_NP26,,2019-09-24T07:00:00-00:00,2031-01-01T07:59:59-00:00,2019-09-24T00:00:00,2030-12-31T23:59:59
AS_NP26,PGEB_2_PDRP80-APND,AS_NP26,,2019-05-30T07:00:00-00:00,2031-01-01T07:59:59-00:00,2019-05-30T00:00:00,2030-12-31T23:59:59
AS_NP26,PGEB_2_PDRP81-APND,AS_NP26,,2019-05-30T07:00:00-00:00,2031-01-01T07:59:59-00:00,2019-05-30T00:00:00,2030-12-31T23:59:59
AS_NP26,PGEB_2_PDRP82-APND,AS_NP26,,2019-05-30T07:00:00-00:00,2031-01-01T07:59:59-00:00,2019-05-30T00:00:00,2030-12-31T23:59:59
AS_NP26,PGEB_2_PDRP83-APND,AS_NP26,,2022-12-22T08:00:00-00:00,2031-01-01T07:59:59-00:00,2022-12-22T00:00:00,2030-12-31T23:59:59
AS_NP26,PGEB_2_PDRP84-APND,AS_NP26,,2022-12-22T08:00:00-00:00,2031-01-01T07:59:59-00:00,2022-12-22T00:00:00,2030-12-31T23:59:59
AS_NP26,PGEB_2_PDRP85-APND,AS_NP26,,2026-02-01T08:00:00-00:00,2031-01-01T07:59:59-00:00,2026-02-01T00:00:00,2030-12-31T23:59:59
AS_NP26,PGEB_2_PDRP93-APND,AS_NP26,,2020-06-01T07:00:00-00:00,2031-01-01T07:59:59-00:00,2020-06-01T00:00:00,2030-12-31T23:59:59
AS_NP26,PGEB_2_PDRP95-APND,AS_NP26,,2020-04-24T07:00:00-00:00,2031-01-01T07:59:59-00:00,2020-04-24T00:00:00,2030-12-31T23:59:59
AS_NP26,PGEB_2_PDRP96-APND,AS_NP26,,2020-04-24T07:00:00-00:00,2031-01-01T07:59:59-00:00,2020-04-24T00:00:00,2030-12-31T23:59:59
AS_NP26,PGEB_2_PDRP97-APND,AS_NP26,,2020-04-17T07:00:00-00:00,2031-01-01T07:59:59-00:00,2020-04-17T00:00:00,2030-12-31T23:59:59
AS_NP26,PGEB_2_PDRP98-APND,AS_NP26,,2020-04-24T07:00:00-00:00,2031-01-01T07:59:59-00:00,2020-04-24T00:00:00,2030-12-31T23:59:59
AS_NP26,PGEB_2_RDRR01-APND,AS_NP26,,2023-01-06T08:00:00-00:00,2031-01-01T07:59:59-00:00,2023-01-06T00:00:00,2030-12-31T23:59:59
AS_NP26,PGEB_2_RDRR02-APND,AS_NP26,,2024-06-05T07:00:00-00:00,2031-01-01T07:59:59-00:00,2024-06-05T00:00:00,2030-12-31T23:59:59
AS_NP26,PGF1_2_PDRP03-APND,AS_NP26,,2016-05-06T07:00:00-00:00,2031-01-01T07:59:59-00:00,2016-05-06T00:00:00,2030-12-31T23:59:59
AS_NP26,PGF1_2_PDRP04-APND,AS_NP26,,2016-09-27T07:00:00-00:00,2031-01-01T07:59:59-00:00,2016-09-27T00:00:00,2030-12-31T23:59:59
AS_NP26,PGF1_2_PDRP103-APND,AS_NP26,,2025-12-23T08:00:00-00:00,2031-01-01T07:59:59-00:00,2025-12-23T00:00:00,2030-12-31T23:59:59
AS_NP26,PGF1_2_PDRP104-APND,AS_NP26,,2022-03-30T07:00:00-00:00,2031-01-01T07:59:59-00:00,2022-03-30T00:00:00,2030-12-31T23:59:59
AS_NP26,PGF1_2_PDRP105-APND,AS_NP26,,2022-03-30T07:00:00-00:00,2031-01-01T07:59:59-00:00,2022-03-30T00:00:00,2030-12-31T23:59:59
AS_NP26,PGF1_2_PDRP106-APND,AS_NP26,,2022-03-30T07:00:00-00:00,2031-01-01T07:59:59-00:00,2022-03-30T00:00:00,2030-12-31T23:59:59
AS_NP26,PGF1_2_PDRP107-APND,AS_NP26,,2022-03-30T07:00:00-00:00,2031-01-01T07:59:59-00:00,2022-03-30T00:00:00,2030-12-31T23:59:59
AS_NP26,PGF1_2_PDRP108-APND,AS_NP26,,2022-11-19T08:00:00-00:00,2031-01-01T07:59:59-00:00,2022-11-19T00:00:00,2030-12-31T23:59:59
AS_NP26,PGF1_2_PDRP109-APND,AS_NP26,,2022-11-01T07:00:00-00:00,2031-01-01T07:59:59-00:00,2022-11-01T00:00:00,2030-12-31T23:59:59
AS_NP26,PGF1_2_PDRP11-APND,AS_NP26,,2017-01-04T08:00:00-00:00,2031-01-01T07:59:59-00:00,2017-01-04T00:00:00,2030-12-31T23:59:59
AS_NP26,PGF1_2_PDRP110-APND,AS_NP26,,2022-12-22T08:00:00-00:00,2031-01-01T07:59:59-00:00,2022-12-22T00:00:00,2030-12-31T23:59:59
AS_NP26,PGF1_2_PDRP111-APND,AS_NP26,,2023-03-01T08:00:00-00:00,2031-01-01T07:59:59-00:00,2023-03-01T00:00:00,2030-12-31T23:59:59
AS_NP26,PGF1_2_PDRP116-APND,AS_NP26,,2023-06-01T07:00:00-00:00,2031-01-01T07:59:59-00:00,2023-06-01T00:00:00,2030-12-31T23:59:59
AS_NP26,PGF1_2_PDRP120-APND,AS_NP26,,2024-05-01T07:00:00-00:00,2031-01-01T07:59:59-00:00,2024-05-01T00:00:00,2030-12-31T23:59:59
AS_NP26,PGF1_2_PDRP127-APND,AS_NP26,,2025-07-09T07:00:00-00:00,2031-01-01T07:59:59-00:00,2025-07-09T00:00:00,2030-12-31T23:59:59
AS_NP26,PGF1_2_PDRP16-APND,AS_NP26,,2018-03-26T07:00:00-00:00,2031-01-01T07:59:59-00:00,2018-03-26T00:00:00,2030-12-31T23:59:59
AS_NP26,PGF1_2_PDRP17-APND,AS_NP26,,2018-03-26T07:00:00-00:00,2031-01-01T07:59:59-00:00,2018-03-26T00:00:00,2030-12-31T23:59:59
AS_NP26,PGF1_2_PDRP18-APND,AS_NP26,,2018-04-23T07:00:00-00:00,2031-01-01T07:59:59-00:00,2018-04-23T00:00:00,2030-12-31T23:59:59
AS_NP26,PGF1_2_PDRP19-APND,AS_NP26,,2018-04-23T07:00:00-00:00,2031-01-01T07:59:59-00:00,2018-04-23T00:00:00,2030-12-31T23:59:59
AS_NP26,PGF1_2_PDRP20-APND,AS_NP26,,2018-04-23T07:00:00-00:00,2031-01-01T07:59:59-00:00,2018-04-23T00:00:00,2030-12-31T23:59:59
AS_NP26,PGF1_2_PDRP21-APND,AS_NP26,,2018-04-23T07:00:00-00:00,2031-01-01T07:59:59-00:00,2018-04-23T00:00:00,2030-12-31T23:59:59
AS_NP26,PGF1_2_PDRP24-APND,AS_NP26,,2018-05-25T07:00:00-00:00,2031-01-01T07:59:59-00:00,2018-05-25T00:00:00,2030-12-31T23:59:59
AS_NP26,PGF1_2_PDRP25-APND,AS_NP26,,2018-05-25T07:00:00-00:00,2031-01-01T07:59:59-00:00,2018-05-25T00:00:00,2030-12-31T23:59:59
AS_NP26,PGF1_2_PDRP26-APND,AS_NP26,,2018-05-25T07:00:00-00:00,2031-01-01T07:59:59-00:00,2018-05-25T00:00:00,2030-12-31T23:59:59
AS_NP26,PGF1_2_PDRP27-APND,AS_NP26,,2018-05-25T07:00:00-00:00,2031-01-01T07:59:59-00:00,2018-05-25T00:00:00,2030-12-31T23:59:59
AS_NP26,PGF1_2_PDRP28-APND,AS_NP26,,2018-05-25T07:00:00-00:00,2031-01-01T07:59:59-00:00,2018-05-25T00:00:00,2030-12-31T23:59:59
AS_NP26,PGF1_2_PDRP29-APND,AS_NP26,,2018-05-25T07:00:00-00:00,2031-01-01T07:59:59-00:00,2018-05-25T00:00:00,2030-12-31T23:59:59
AS_NP26,PGF1_2_PDRP30-APND,AS_NP26,,2018-05-25T07:00:00-00:00,2031-01-01T07:59:59-00:00,2018-05-25T00:00:00,2030-12-31T23:59:59
AS_NP26,PGF1_2_PDRP36-APND,AS_NP26,,2018-10-19T07:00:00-00:00,2031-01-01T07:59:59-00:00,2018-10-19T00:00:00,2030-12-31T23:59:59
AS_NP26,PGF1_2_PDRP37-APND,AS_NP26,,2018-10-19T07:00:00-00:00,2031-01-01T07:59:59-00:00,2018-10-19T00:00:00,2030-12-31T23:59:59
AS_NP26,PGF1_2_PDRP38-APND,AS_NP26,,2018-10-19T07:00:00-00:00,2031-01-01T07:59:59-00:00,2018-10-19T00:00:00,2030-12-31T23:59:59
AS_NP26,PGF1_2_PDRP39-APND,AS_NP26,,2018-10-19T07:00:00-00:00,2031-01-01T07:59:59-00:00,2018-10-19T00:00:00,2030-12-31T23:59:59
AS_NP26,PGF1_2_PDRP40-APND,AS_NP26,,2018-10-19T07:00:00-00:00,2031-01-01T07:59:59-00:00,2018-10-19T00:00:00,2030-12-31T23:59:59
AS_NP26,PGF1_2_PDRP41-APND,AS_NP26,,2018-10-19T07:00:00-00:00,2031-01-01T07:59:59-00:00,2018-10-19T00:00:00,2030-12-31T23:59:59
AS_NP26,PGF1_2_PDRP42-APND,AS_NP26,,2018-10-19T07:00:00-00:00,2031-01-01T07:59:59-00:00,2018-10-19T00:00:00,2030-12-31T23:59:59
AS_NP26,PGF1_2_PDRP43-APND,AS_NP26,,2018-10-19T07:00:00-00:00,2031-01-01T07:59:59-00:00,2018-10-19T00:00:00,2030-12-31T23:59:59
AS_NP26,PGF1_2_PDRP44-APND,AS_NP26,,2018-10-19T07:00:00-00:00,2031-01-01T07:59:59-00:00,2018-10-19T00:00:00,2030-12-31T23:59:59
AS_NP26,PGF1_2_PDRP45-APND,AS_NP26,,2018-10-19T07:00:00-00:00,2031-01-01T07:59:59-00:00,2018-10-19T00:00:00,2030-12-31T23:59:59
AS_NP26,PGF1_2_PDRP46-APND,AS_NP26,,2018-10-22T07:00:00-00:00,2031-01-01T07:59:59-00:00,2018-10-22T00:00:00,2030-12-31T23:59:59
AS_NP26,PGF1_2_PDRP47-APND,AS_NP26,,2018-10-22T07:00:00-00:00,2031-01-01T07:59:59-00:00,2018-10-22T00:00:00,2030-12-31T23:59:59
AS_NP26,PGF1_2_PDRP48-APND,AS_NP26,,2018-10-22T07:00:00-00:00,2031-01-01T07:59:59-00:00,2018-10-22T00:00:00,2030-12-31T23:59:59
AS_NP26,PGF1_2_PDRP49-APND,AS_NP26,,2018-10-22T07:00:00-00:00,2031-01-01T07:59:59-00:00,2018-10-22T00:00:00,2030-12-31T23:59:59
AS_NP26,PGF1_2_PDRP50-APND,AS_NP26,,2018-10-22T07:00:00-00:00,2031-01-01T07:59:59-00:00,2018-10-22T00:00:00,2030-12-31T23:59:59
AS_NP26,PGF1_2_PDRP51-APND,AS_NP26,,2018-10-22T07:00:00-00:00,2031-01-01T07:59:59-00:00,2018-10-22T00:00:00,2030-12-31T23:59:59
AS_NP26,PGF1_2_PDRP52-APND,AS_NP26,,2018-10-22T07:00:00-00:00,2031-01-01T07:59:59-00:00,2018-10-22T00:00:00,2030-12-31T23:59:59
AS_NP26,PGF1_2_PDRP53-APND,AS_NP26,,2018-10-22T07:00:00-00:00,2031-01-01T07:59:59-00:00,2018-10-22T00:00:00,2030-12-31T23:59:59
AS_NP26,PGF1_2_PDRP54-APND,AS_NP26,,2018-10-22T07:00:00-00:00,2031-01-01T07:59:59-00:00,2018-10-22T00:00:00,2030-12-31T23:59:59
AS_NP26,PGF1_2_PDRP55-APND,AS_NP26,,2018-10-22T07:00:00-00:00,2031-01-01T07:59:59-00:00,2018-10-22T00:00:00,2030-12-31T23:59:59
AS_NP26,PGF1_2_PDRP56-APND,AS_NP26,,2018-10-22T07:00:00-00:00,2031-01-01T07:59:59-00:00,2018-10-22T00:00:00,2030-12-31T23:59:59
AS_NP26,PGF1_2_PDRP57-APND,AS_NP26,,2018-10-22T07:00:00-00:00,2031-01-01T07:59:59-00:00,2018-10-22T00:00:00,2030-12-31T23:59:59
AS_NP26,PGF1_2_PDRP58-APND,AS_NP26,,2018-10-22T07:00:00-00:00,2031-01-01T07:59:59-00:00,2018-10-22T00:00:00,2030-12-31T23:59:59
AS_NP26,PGF1_2_PDRP59-APND,AS_NP26,,2018-10-22T07:00:00-00:00,2031-01-01T07:59:59-00:00,2018-10-22T00:00:00,2030-12-31T23:59:59
AS_NP26,PGF1_2_PDRP60-APND,AS_NP26,,2018-12-06T08:00:00-00:00,2031-01-01T07:59:59-00:00,2018-12-06T00:00:00,2030-12-31T23:59:59
AS_NP26,PGF1_2_PDRP61-APND,AS_NP26,,2018-12-06T08:00:00-00:00,2031-01-01T07:59:59-00:00,2018-12-06T00:00:00,2030-12-31T23:59:59
AS_NP26,PGF1_2_PDRP62-APND,AS_NP26,,2019-03-18T07:00:00-00:00,2031-01-01T07:59:59-00:00,2019-03-18T00:00:00,2030-12-31T23:59:59
AS_NP26,PGF1_2_PDRP63-APND,AS_NP26,,2019-03-18T07:00:00-00:00,2031-01-01T07:59:59-00:00,2019-03-18T00:00:00,2030-12-31T23:59:59
AS_NP26,PGF1_2_PDRP64-APND,AS_NP26,,2019-03-18T07:00:00-00:00,2031-01-01T07:59:59-00:00,2019-03-18T00:00:00,2030-12-31T23:59:59
AS_NP26,PGF1_2_PDRP65-APND,AS_NP26,,2023-02-24T08:00:00-00:00,2031-01-01T07:59:59-00:00,2023-02-24T00:00:00,2030-12-31T23:59:59
AS_NP26,PGF1_2_PDRP66-APND,AS_NP26,,2023-02-24T08:00:00-00:00,2031-01-01T07:59:59-00:00,2023-02-24T00:00:00,2030-12-31T23:59:59
AS_NP26,PGF1_2_PDRP68-APND,AS_NP26,,2020-04-17T07:00:00-00:00,2031-01-01T07:59:59-00:00,2020-04-17T00:00:00,2030-12-31T23:59:59
AS_NP26,PGF1_2_PDRP69-APND,AS_NP26,,2022-12-22T08:00:00-00:00,2031-01-01T07:59:59-00:00,2022-12-22T00:00:00,2030-12-31T23:59:59
AS_NP26,PGF1_2_PDRP70-APND,AS_NP26,,2020-04-17T07:00:00-00:00,2031-01-01T07:59:59-00:00,2020-04-17T00:00:00,2030-12-31T23:59:59
AS_NP26,PGF1_2_PDRP71-APND,AS_NP26,,2020-04-17T07:00:00-00:00,2031-01-01T07:59:59-00:00,2020-04-17T00:00:00,2030-12-31T23:59:59
AS_NP26,PGF1_2_PDRP72-APND,AS_NP26,,2020-04-17T07:00:00-00:00,2031-01-01T07:59:59-00:00,2020-04-17T00:00:00,2030-12-31T23:59:59
AS_NP26,PGF1_2_PDRP73-APND,AS_NP26,,2020-04-17T07:00:00-00:00,2031-01-01T07:59:59-00:00,2020-04-17T00:00:00,2030-12-31T23:59:59
AS_NP26,PGF1_2_PDRP74-APND,AS_NP26,,2020-09-28T07:00:00-00:00,2031-01-01T07:59:59-00:00,2020-09-28T00:00:00,2030-12-31T23:59:59
AS_NP26,PGF1_2_PDRP75-APND,AS_NP26,,2020-09-28T07:00:00-00:00,2031-01-01T07:59:59-00:00,2020-09-28T00:00:00,2030-12-31T23:59:59
AS_NP26,PGF1_2_PDRP76-APND,AS_NP26,,2020-09-28T07:00:00-00:00,2031-01-01T07:59:59-00:00,2020-09-28T00:00:00,2030-12-31T23:59:59
AS_NP26,PGF1_2_PDRP77-APND,AS_NP26,,2019-05-30T07:00:00-00:00,2031-01-01T07:59:59-00:00,2019-05-30T00:00:00,2030-12-31T23:59:59
AS_NP26,PGF1_2_PDRP78-APND,AS_NP26,,2019-05-30T07:00:00-00:00,2031-01-01T07:59:59-00:00,2019-05-30T00:00:00,2030-12-31T23:59:59
AS_NP26,PGF1_2_PDRP79-APND,AS_NP26,,2019-05-30T07:00:00-00:00,2031-01-01T07:59:59-00:00,2019-05-30T00:00:00,2030-12-31T23:59:59
AS_NP26,PGF1_2_PDRP80-APND,AS_NP26,,2020-03-10T07:00:00-00:00,2031-01-01T07:59:59-00:00,2020-03-10T00:00:00,2030-12-31T23:59:59
AS_NP26,PGF1_2_PDRP81-APND,AS_NP26,,2020-03-10T07:00:00-00:00,2031-01-01T07:59:59-00:00,2020-03-10T00:00:00,2030-12-31T23:59:59
AS_NP26,PGF1_2_PDRP82-APND,AS_NP26,,2020-03-10T07:00:00-00:00,2031-01-01T07:59:59-00:00,2020-03-10T00:00:00,2030-12-31T23:59:59
AS_NP26,PGF1_2_PDRP83-APND,AS_NP26,,2022-11-14T08:00:00-00:00,2031-01-01T07:59:59-00:00,2022-11-14T00:00:00,2030-12-31T23:59:59
AS_NP26,PGF1_2_PDRP84-APND,AS_NP26,,2020-03-10T07:00:00-00:00,2031-01-01T07:59:59-00:00,2020-03-10T00:00:00,2030-12-31T23:59:59
AS_NP26,PGF1_2_PDRP85-APND,AS_NP26,,2020-03-10T07:00:00-00:00,2031-01-01T07:59:59-00:00,2020-03-10T00:00:00,2030-12-31T23:59:59
AS_NP26,PGF1_2_PDRP86-APND,AS_NP26,,2020-03-10T07:00:00-00:00,2031-01-01T07:59:59-00:00,2020-03-10T00:00:00,2030-12-31T23:59:59
AS_NP26,PGF1_2_PDRP87-APND,AS_NP26,,2020-03-10T07:00:00-00:00,2031-01-01T07:59:59-00:00,2020-03-10T00:00:00,2030-12-31T23:59:59
AS_NP26,PGF1_2_PDRP88-APND,AS_NP26,,2019-09-24T07:00:00-00:00,2031-01-01T07:59:59-00:00,2019-09-24T00:00:00,2030-12-31T23:59:59
AS_NP26,PGF1_2_PDRP89-APND,AS_NP26,,2020-03-10T07:00:00-00:00,2031-01-01T07:59:59-00:00,2020-03-10T00:00:00,2030-12-31T23:59:59
AS_NP26,PGF1_2_PDRP91-APND,AS_NP26,,2022-11-01T07:00:00-00:00,2031-01-01T07:59:59-00:00,2022-11-01T00:00:00,2030-12-31T23:59:59
AS_NP26,PGF1_2_PDRP93-APND,AS_NP26,,2020-04-17T07:00:00-00:00,2031-01-01T07:59:59-00:00,2020-04-17T00:00:00,2030-12-31T23:59:59
AS_NP26,PGF1_2_PDRP94-APND,AS_NP26,,2020-04-24T07:00:00-00:00,2031-01-01T07:59:59-00:00,2020-04-24T00:00:00,2030-12-31T23:59:59
AS_NP26,PGF1_2_PDRP95-APND,AS_NP26,,2020-04-24T07:00:00-00:00,2031-01-01T07:59:59-00:00,2020-04-24T00:00:00,2030-12-31T23:59:59
AS_NP26,PGF1_2_PDRP96-APND,AS_NP26,,2020-04-24T07:00:00-00:00,2031-01-01T07:59:59-00:00,2020-04-24T00:00:00,2030-12-31T23:59:59
AS_NP26,PGF1_2_PDRP97-APND,AS_NP26,,2020-04-24T07:00:00-00:00,2031-01-01T07:59:59-00:00,2020-04-24T00:00:00,2030-12-31T23:59:59
AS_NP26,PGF1_2_PDRP98-APND,AS_NP26,,2020-04-24T07:00:00-00:00,2031-01-01T07:59:59-00:00,2020-04-24T00:00:00,2030-12-31T23:59:59
AS_NP26,PGF1_2_RDRR01-APND,AS_NP26,,2023-01-06T08:00:00-00:00,2031-01-01T07:59:59-00:00,2023-01-06T00:00:00,2030-12-31T23:59:59
AS_NP26,PGF1_2_RDRR02-APND,AS_NP26,,2025-07-02T07:00:00-00:00,2031-01-01T07:59:59-00:00,2025-07-02T00:00:00,2030-12-31T23:59:59
AS_NP26,PGFG_1_PDRP05-APND,AS_NP26,,2017-07-26T07:00:00-00:00,2031-01-01T07:59:59-00:00,2017-07-26T00:00:00,2030-12-31T23:59:59
AS_NP26,PGFG_1_PDRP13-APND,AS_NP26,,2018-04-23T07:00:00-00:00,2031-01-01T07:59:59-00:00,2018-04-23T00:00:00,2030-12-31T23:59:59
AS_NP26,PGFG_1_PDRP14-APND,AS_NP26,,2018-05-25T07:00:00-00:00,2031-01-01T07:59:59-00:00,2018-05-25T00:00:00,2030-12-31T23:59:59
AS_NP26,PGFG_1_PDRP15-APND,AS_NP26,,2018-05-25T07:00:00-00:00,2031-01-01T07:59:59-00:00,2018-05-25T00:00:00,2030-12-31T23:59:59
AS_NP26,PGFG_1_PDRP17-APND,AS_NP26,,2018-10-19T07:00:00-00:00,2031-01-01T07:59:59-00:00,2018-10-19T00:00:00,2030-12-31T23:59:59
AS_NP26,PGFG_1_PDRP19-APND,AS_NP26,,2019-03-18T07:00:00-00:00,2031-01-01T07:59:59-00:00,2019-03-18T00:00:00,2030-12-31T23:59:59
AS_NP26,PGFG_1_PDRP20-APND,AS_NP26,,2019-06-10T07:00:00-00:00,2031-01-01T07:59:59-00:00,2019-06-10T00:00:00,2030-12-31T23:59:59
AS_NP26,PGFG_1_PDRP21-APND,AS_NP26,,2020-04-24T07:00:00-00:00,2031-01-01T07:59:59-00:00,2020-04-24T00:00:00,2030-12-31T23:59:59
AS_NP26,PGFG_1_PDRP22-APND,AS_NP26,,2020-09-28T07:00:00-00:00,2031-01-01T07:59:59-00:00,2020-09-28T00:00:00,2030-12-31T23:59:59
AS_NP26,PGFG_1_PDRP23-APND,AS_NP26,,2020-09-28T07:00:00-00:00,2031-01-01T07:59:59-00:00,2020-09-28T00:00:00,2030-12-31T23:59:59
AS_NP26,PGFG_1_PDRP24-APND,AS_NP26,,2020-09-28T07:00:00-00:00,2031-01-01T07:59:59-00:00,2020-09-28T00:00:00,2030-12-31T23:59:59
AS_NP26,PGFG_1_PDRP25-APND,AS_NP26,,2019-06-10T07:00:00-00:00,2031-01-01T07:59:59-00:00,2019-06-10T00:00:00,2030-12-31T23:59:59
AS_NP26,PGFG_1_PDRP27-APND,AS_NP26,,2020-11-23T08:00:00-00:00,2031-01-01T07:59:59-00:00,2020-11-23T00:00:00,2030-12-31T23:59:59
AS_NP26,PGFG_1_PDRP28-APND,AS_NP26,,2020-11-23T08:00:00-00:00,2031-01-01T07:59:59-00:00,2020-11-23T00:00:00,2030-12-31T23:59:59
AS_NP26,PGFG_1_PDRP29-APND,AS_NP26,,2020-11-23T08:00:00-00:00,2031-01-01T07:59:59-00:00,2020-11-23T00:00:00,2030-12-31T23:59:59
AS_NP26,PGFG_1_PDRP32-APND,AS_NP26,,2020-03-10T07:00:00-00:00,2031-01-01T07:59:59-00:00,2020-03-10T00:00:00,2030-12-31T23:59:59
AS_NP26,PGFG_1_PDRP33-APND,AS_NP26,,2020-03-10T07:00:00-00:00,2031-01-01T07:59:59-00:00,2020-03-10T00:00:00,2030-12-31T23:59:59
AS_NP26,PGFG_1_PDRP35-APND,AS_NP26,,2020-11-23T08:00:00-00:00,2031-01-01T07:59:59-00:00,2020-11-23T00:00:00,2030-12-31T23:59:59
AS_NP26,PGFG_1_PDRP36-APND,AS_NP26,,2020-11-23T08:00:00-00:00,2031-01-01T07:59:59-00:00,2020-11-23T00:00:00,2030-12-31T23:59:59
AS_NP26,PGFG_1_PDRP38-APND,AS_NP26,,2022-05-24T07:00:00-00:00,2031-01-01T07:59:59-00:00,2022-05-24T00:00:00,2030-12-31T23:59:59
AS_NP26,PGFG_1_PDRP40-APND,AS_NP26,,2025-12-23T08:00:00-00:00,2031-01-01T07:59:59-00:00,2025-12-23T00:00:00,2030-12-31T23:59:59
AS_NP26,PGFG_1_PDRP41-APND,AS_NP26,,2025-02-03T08:00:00-00:00,2031-01-01T07:59:59-00:00,2025-02-03T00:00:00,2030-12-31T23:59:59
AS_NP26,PGFG_1_PDRP77-APND,AS_NP26,,2025-05-01T07:00:00-00:00,2031-01-01T07:59:59-00:00,2025-05-01T00:00:00,2030-12-31T23:59:59
AS_NP26,PGFG_1_RDRR01-APND,AS_NP26,,2026-02-01T08:00:00-00:00,2031-01-01T07:59:59-00:00,2026-02-01T00:00:00,2030-12-31T23:59:59
AS_NP26,PGHB_6_PDRP02-APND,AS_NP26,,2017-01-04T08:00:00-00:00,2031-01-01T07:59:59-00:00,2017-01-04T00:00:00,2030-12-31T23:59:59
AS_NP26,PGHB_6_PDRP04-APND,AS_NP26,,2018-01-03T08:00:00-00:00,2031-01-01T07:59:59-00:00,2018-01-03T00:00:00,2030-12-31T23:59:59
AS_NP26,PGHB_6_PDRP05-APND,AS_NP26,,2018-04-23T07:00:00-00:00,2031-01-01T07:59:59-00:00,2018-04-23T00:00:00,2030-12-31T23:59:59
AS_NP26,PGHB_6_PDRP06-APND,AS_NP26,,2018-05-25T07:00:00-00:00,2031-01-01T07:59:59-00:00,2018-05-25T00:00:00,2030-12-31T23:59:59
AS_NP26,PGHB_6_PDRP07-APND,AS_NP26,,2018-10-19T07:00:00-00:00,2031-01-01T07:59:59-00:00,2018-10-19T00:00:00,2030-12-31T23:59:59
AS_NP26,PGHB_6_PDRP08-APND,AS_NP26,,2020-11-23T08:00:00-00:00,2031-01-01T07:59:59-00:00,2020-11-23T00:00:00,2030-12-31T23:59:59
AS_NP26,PGHB_6_PDRP09-APND,AS_NP26,,2020-11-23T08:00:00-00:00,2031-01-01T07:59:59-00:00,2020-11-23T00:00:00,2030-12-31T23:59:59
AS_NP26,PGHB_6_PDRP10-APND,AS_NP26,,2022-11-01T07:00:00-00:00,2031-01-01T07:59:59-00:00,2022-11-01T00:00:00,2030-12-31T23:59:59
AS_NP26,PGHB_6_PDRP11-APND,AS_NP26,,2020-03-10T07:00:00-00:00,2031-01-01T07:59:59-00:00,2020-03-10T00:00:00,2030-12-31T23:59:59
AS_NP26,PGHB_6_PDRP12-APND,AS_NP26,,2022-11-01T07:00:00-00:00,2031-01-01T07:59:59-00:00,2022-11-01T00:00:00,2030-12-31T23:59:59
AS_NP26,PGHB_6_PDRP14-APND,AS_NP26,,2020-11-23T08:00:00-00:00,2031-01-01T07:59:59-00:00,2020-11-23T00:00:00,2030-12-31T23:59:59
AS_NP26,PGHB_6_PDRP15-APND,AS_NP26,,2020-11-23T08:00:00-00:00,2031-01-01T07:59:59-00:00,2020-11-23T00:00:00,2030-12-31T23:59:59
AS_NP26,PGHB_6_PDRP16-APND,AS_NP26,,2020-11-23T08:00:00-00:00,2031-01-01T07:59:59-00:00,2020-11-23T00:00:00,2030-12-31T23:59:59
AS_NP26,PGHB_6_PDRP19-APND,AS_NP26,,2025-12-23T08:00:00-00:00,2031-01-01T07:59:59-00:00,2025-12-23T00:00:00,2030-12-31T23:59:59
AS_NP26,PGKN_2_PDRP02-APND,AS_NP26,,2017-01-01T08:00:00-00:00,2031-01-01T07:59:59-00:00,2017-01-01T00:00:00,2030-12-31T23:59:59
AS_NP26,PGKN_2_PDRP06-APND,AS_NP26,,2018-03-26T07:00:00-00:00,2031-01-01T07:59:59-00:00,2018-03-26T00:00:00,2030-12-31T23:59:59
AS_NP26,PGKN_2_PDRP07-APND,AS_NP26,,2018-03-26T07:00:00-00:00,2031-01-01T07:59:59-00:00,2018-03-26T00:00:00,2030-12-31T23:59:59
AS_NP26,PGKN_2_PDRP08-APND,AS_NP26,,2018-04-23T07:00:00-00:00,2031-01-01T07:59:59-00:00,2018-04-23T00:00:00,2030-12-31T23:59:59
AS_NP26,PGKN_2_PDRP09-APND,AS_NP26,,2018-05-25T07:00:00-00:00,2031-01-01T07:59:59-00:00,2018-05-25T00:00:00,2030-12-31T23:59:59
AS_NP26,PGKN_2_PDRP12-APND,AS_NP26,,2018-10-19T07:00:00-00:00,2031-01-01T07:59:59-00:00,2018-10-19T00:00:00,2030-12-31T23:59:59
AS_NP26,PGKN_2_PDRP13-APND,AS_NP26,,2018-10-19T07:00:00-00:00,2031-01-01T07:59:59-00:00,2018-10-19T00:00:00,2030-12-31T23:59:59
AS_NP26,PGKN_2_PDRP14-APND,AS_NP26,,2018-10-19T07:00:00-00:00,2031-01-01T07:59:59-00:00,2018-10-19T00:00:00,2030-12-31T23:59:59
AS_NP26,PGKN_2_PDRP15-APND,AS_NP26,,2018-10-22T07:00:00-00:00,2031-01-01T07:59:59-00:00,2018-10-22T00:00:00,2030-12-31T23:59:59
AS_NP26,PGKN_2_PDRP16-APND,AS_NP26,,2018-10-22T07:00:00-00:00,2031-01-01T07:59:59-00:00,2018-10-22T00:00:00,2030-12-31T23:59:59
AS_NP26,PGKN_2_PDRP17-APND,AS_NP26,,2018-10-22T07:00:00-00:00,2031-01-01T07:59:59-00:00,2018-10-22T00:00:00,2030-12-31T23:59:59
AS_NP26,PGKN_2_PDRP18-APND,AS_NP26,,2018-10-22T07:00:00-00:00,2031-01-01T07:59:59-00:00,2018-10-22T00:00:00,2030-12-31T23:59:59
AS_NP26,PGKN_2_PDRP19-APND,AS_NP26,,2018-10-22T07:00:00-00:00,2031-01-01T07:59:59-00:00,2018-10-22T00:00:00,2030-12-31T23:59:59
AS_NP26,PGKN_2_PDRP20-APND,AS_NP26,,2018-10-22T07:00:00-00:00,2031-01-01T07:59:59-00:00,2018-10-22T00:00:00,2030-12-31T23:59:59
AS_NP26,PGKN_2_PDRP21-APND,AS_NP26,,2018-10-22T07:00:00-00:00,2031-01-01T07:59:59-00:00,2018-10-22T00:00:00,2030-12-31T23:59:59
AS_NP26,PGKN_2_PDRP22-APND,AS_NP26,,2018-10-22T07:00:00-00:00,2031-01-01T07:59:59-00:00,2018-10-22T00:00:00,2030-12-31T23:59:59
AS_NP26,PGKN_2_PDRP24-APND,AS_NP26,,2019-03-28T07:00:00-00:00,2031-01-01T07:59:59-00:00,2019-03-28T00:00:00,2030-12-31T23:59:59
AS_NP26,PGKN_2_PDRP25-APND,AS_NP26,,2019-09-24T07:00:00-00:00,2031-01-01T07:59:59-00:00,2019-09-24T00:00:00,2030-12-31T23:59:59
AS_NP26,PGKN_2_PDRP32-APND,AS_NP26,,2020-06-01T07:00:00-00:00,2031-01-01T07:59:59-00:00,2020-06-01T00:00:00,2030-12-31T23:59:59
AS_NP26,PGKN_2_PDRP33-APND,AS_NP26,,2020-09-28T07:00:00-00:00,2031-01-01T07:59:59-00:00,2020-09-28T00:00:00,2030-12-31T23:59:59
AS_NP26,PGKN_2_PDRP34-APND,AS_NP26,,2020-09-28T07:00:00-00:00,2031-01-01T07:59:59-00:00,2020-09-28T00:00:00,2030-12-31T23:59:59
AS_NP26,PGKN_2_PDRP35-APND,AS_NP26,,2020-09-28T07:00:00-00:00,2031-01-01T07:59:59-00:00,2020-09-28T00:00:00,2030-12-31T23:59:59
AS_NP26,PGKN_2_PDRP36-APND,AS_NP26,,2020-09-28T07:00:00-00:00,2031-01-01T07:59:59-00:00,2020-09-28T00:00:00,2030-12-31T23:59:59
AS_NP26,PGKN_2_PDRP37-APND,AS_NP26,,2020-09-28T07:00:00-00:00,2031-01-01T07:59:59-00:00,2020-09-28T00:00:00,2030-12-31T23:59:59
AS_NP26,PGKN_2_PDRP38-APND,AS_NP26,,2020-09-28T07:00:00-00:00,2031-01-01T07:59:59-00:00,2020-09-28T00:00:00,2030-12-31T23:59:59
AS_NP26,PGKN_2_PDRP40-APND,AS_NP26,,2020-03-10T07:00:00-00:00,2031-01-01T07:59:59-00:00,2020-03-10T00:00:00,2030-12-31T23:59:59
AS_NP26,PGKN_2_PDRP41-APND,AS_NP26,,2020-03-10T07:00:00-00:00,2031-01-01T07:59:59-00:00,2020-03-10T00:00:00,2030-12-31T23:59:59
AS_NP26,PGKN_2_PDRP42-APND,AS_NP26,,2020-03-10T07:00:00-00:00,2031-01-01T07:59:59-00:00,2020-03-10T00:00:00,2030-12-31T23:59:59
AS_NP26,PGKN_2_PDRP43-APND,AS_NP26,,2020-03-10T07:00:00-00:00,2031-01-01T07:59:59-00:00,2020-03-10T00:00:00,2030-12-31T23:59:59
AS_NP26,PGKN_2_PDRP44-APND,AS_NP26,,2020-03-10T07:00:00-00:00,2031-01-01T07:59:59-00:00,2020-03-10T00:00:00,2030-12-31T23:59:59
AS_NP26,PGKN_2_PDRP48-APND,AS_NP26,,2022-03-30T07:00:00-00:00,2031-01-01T07:59:59-00:00,2022-03-30T00:00:00,2030-12-31T23:59:59
AS_NP26,PGKN_2_PDRP49-APND,AS_NP26,,2022-03-30T07:00:00-00:00,2031-01-01T07:59:59-00:00,2022-03-30T00:00:00,2030-12-31T23:59:59
AS_NP26,PGKN_2_PDRP50-APND,AS_NP26,,2022-03-30T07:00:00-00:00,2031-01-01T07:59:59-00:00,2022-03-30T00:00:00,2030-12-31T23:59:59
AS_NP26,PGKN_2_PDRP51-APND,AS_NP26,,2022-03-30T07:00:00-00:00,2031-01-01T07:59:59-00:00,2022-03-30T00:00:00,2030-12-31T23:59:59
AS_NP26,PGKN_2_PDRP59-APND,AS_NP26,,2024-05-01T07:00:00-00:00,2031-01-01T07:59:59-00:00,2024-05-01T00:00:00,2030-12-31T23:59:59
AS_NP26,PGKN_2_PDRP65-APND,AS_NP26,,2025-12-23T08:00:00-00:00,2031-01-01T07:59:59-00:00,2025-12-23T00:00:00,2030-12-31T23:59:59
AS_NP26,PGKN_2_RDRR02-APND,AS_NP26,,2023-01-06T08:00:00-00:00,2031-01-01T07:59:59-00:00,2023-01-06T00:00:00,2030-12-31T23:59:59
AS_NP26,PGNB_2_PDRP02-APND,AS_NP26,,2017-07-26T07:00:00-00:00,2031-01-01T07:59:59-00:00,2017-07-26T00:00:00,2030-12-31T23:59:59
AS_NP26,PGNB_2_PDRP03-APND,AS_NP26,,2017-01-04T08:00:00-00:00,2031-01-01T07:59:59-00:00,2017-01-04T00:00:00,2030-12-31T23:59:59
AS_NP26,PGNB_2_PDRP101-APND,AS_NP26,,2024-05-01T07:00:00-00:00,2031-01-01T07:59:59-00:00,2024-05-01T00:00:00,2030-12-31T23:59:59
AS_NP26,PGNB_2_PDRP12-APND,AS_NP26,,2018-04-23T07:00:00-00:00,2031-01-01T07:59:59-00:00,2018-04-23T00:00:00,2030-12-31T23:59:59
AS_NP26,PGNB_2_PDRP15-APND,AS_NP26,,2018-05-25T07:00:00-00:00,2031-01-01T07:59:59-00:00,2018-05-25T00:00:00,2030-12-31T23:59:59
AS_NP26,PGNB_2_PDRP16-APND,AS_NP26,,2018-10-19T07:00:00-00:00,2031-01-01T07:59:59-00:00,2018-10-19T00:00:00,2030-12-31T23:59:59
AS_NP26,PGNB_2_PDRP17-APND,AS_NP26,,2018-10-19T07:00:00-00:00,2031-01-01T07:59:59-00:00,2018-10-19T00:00:00,2030-12-31T23:59:59
AS_NP26,PGNB_2_PDRP19-APND,AS_NP26,,2018-11-13T08:00:00-00:00,2031-01-01T07:59:59-00:00,2018-11-13T00:00:00,2030-12-31T23:59:59
AS_NP26,PGNB_2_PDRP20-APND,AS_NP26,,2019-05-30T07:00:00-00:00,2031-01-01T07:59:59-00:00,2019-05-30T00:00:00,2030-12-31T23:59:59
AS_NP26,PGNB_2_PDRP21-APND,AS_NP26,,2019-09-24T07:00:00-00:00,2031-01-01T07:59:59-00:00,2019-09-24T00:00:00,2030-12-31T23:59:59
AS_NP26,PGNB_2_PDRP22-APND,AS_NP26,,2022-12-30T08:00:00-00:00,2031-01-01T07:59:59-00:00,2022-12-30T00:00:00,2030-12-31T23:59:59
AS_NP26,PGNB_2_PDRP25-APND,AS_NP26,,2019-06-07T07:00:00-00:00,2031-01-01T07:59:59-00:00,2019-06-07T00:00:00,2030-12-31T23:59:59
AS_NP26,PGNB_2_PDRP26-APND,AS_NP26,,2020-11-23T08:00:00-00:00,2031-01-01T07:59:59-00:00,2020-11-23T00:00:00,2030-12-31T23:59:59
AS_NP26,PGNB_2_PDRP27-APND,AS_NP26,,2019-06-10T07:00:00-00:00,2031-01-01T07:59:59-00:00,2019-06-10T00:00:00,2030-12-31T23:59:59
AS_NP26,PGNB_2_PDRP28-APND,AS_NP26,,2020-11-23T08:00:00-00:00,2031-01-01T07:59:59-00:00,2020-11-23T00:00:00,2030-12-31T23:59:59
AS_NP26,PGNB_2_PDRP29-APND,AS_NP26,,2020-11-23T08:00:00-00:00,2031-01-01T07:59:59-00:00,2020-11-23T00:00:00,2030-12-31T23:59:59
AS_NP26,PGNB_2_PDRP30-APND,AS_NP26,,2020-03-10T07:00:00-00:00,2031-01-01T07:59:59-00:00,2020-03-10T00:00:00,2030-12-31T23:59:59
AS_NP26,PGNB_2_PDRP31-APND,AS_NP26,,2020-03-10T07:00:00-00:00,2031-01-01T07:59:59-00:00,2020-03-10T00:00:00,2030-12-31T23:59:59
AS_NP26,PGNB_2_PDRP32-APND,AS_NP26,,2020-03-10T07:00:00-00:00,2031-01-01T07:59:59-00:00,2020-03-10T00:00:00,2030-12-31T23:59:59
AS_NP26,PGNB_2_PDRP33-APND,AS_NP26,,2020-03-10T07:00:00-00:00,2031-01-01T07:59:59-00:00,2020-03-10T00:00:00,2030-12-31T23:59:59
AS_NP26,PGNB_2_PDRP34-APND,AS_NP26,,2022-10-17T07:00:00-00:00,2031-01-01T07:59:59-00:00,2022-10-17T00:00:00,2030-12-31T23:59:59
AS_NP26,PGNB_2_PDRP35-APND,AS_NP26,,2020-09-28T07:00:00-00:00,2031-01-01T07:59:59-00:00,2020-09-28T00:00:00,2030-12-31T23:59:59
AS_NP26,PGNB_2_PDRP36-APND,AS_NP26,,2020-09-28T07:00:00-00:00,2031-01-01T07:59:59-00:00,2020-09-28T00:00:00,2030-12-31T23:59:59
AS_NP26,PGNB_2_PDRP37-APND,AS_NP26,,2020-11-23T08:00:00-00:00,2031-01-01T07:59:59-00:00,2020-11-23T00:00:00,2030-12-31T23:59:59
AS_NP26,PGNB_2_PDRP41-APND,AS_NP26,,2025-12-23T08:00:00-00:00,2031-01-01T07:59:59-00:00,2025-12-23T00:00:00,2030-12-31T23:59:59
AS_NP26,PGNB_2_PDRP42-APND,AS_NP26,,2022-11-01T07:00:00-00:00,2031-01-01T07:59:59-00:00,2022-11-01T00:00:00,2030-12-31T23:59:59
AS_NP26,PGNB_2_PDRP43-APND,AS_NP26,,2025-07-01T07:00:00-00:00,2031-01-01T07:59:59-00:00,2025-07-01T00:00:00,2030-12-31T23:59:59
AS_NP26,PGNC_1_PDRP01-APND,AS_NP26,,2017-01-04T08:00:00-00:00,2031-01-01T07:59:59-00:00,2017-01-04T00:00:00,2030-12-31T23:59:59
AS_NP26,PGNC_1_PDRP04-APND,AS_NP26,,2018-04-23T07:00:00-00:00,2031-01-01T07:59:59-00:00,2018-04-23T00:00:00,2030-12-31T23:59:59
AS_NP26,PGNC_1_PDRP05-APND,AS_NP26,,2018-05-25T07:00:00-00:00,2031-01-01T07:59:59-00:00,2018-05-25T00:00:00,2030-12-31T23:59:59
AS_NP26,PGNC_1_PDRP06-APND,AS_NP26,,2018-10-19T07:00:00-00:00,2031-01-01T07:59:59-00:00,2018-10-19T00:00:00,2030-12-31T23:59:59
AS_NP26,PGNC_1_PDRP07-APND,AS_NP26,,2018-10-19T07:00:00-00:00,2031-01-01T07:59:59-00:00,2018-10-19T00:00:00,2030-12-31T23:59:59
AS_NP26,PGNC_1_PDRP09-APND,AS_NP26,,2019-06-06T07:00:00-00:00,2031-01-01T07:59:59-00:00,2019-06-06T00:00:00,2030-12-31T23:59:59
AS_NP26,PGNC_1_PDRP14-APND,AS_NP26,,2020-09-28T07:00:00-00:00,2031-01-01T07:59:59-00:00,2020-09-28T00:00:00,2030-12-31T23:59:59
AS_NP26,PGNC_1_PDRP15-APND,AS_NP26,,2020-09-28T07:00:00-00:00,2031-01-01T07:59:59-00:00,2020-09-28T00:00:00,2030-12-31T23:59:59
AS_NP26,PGNC_1_PDRP16-APND,AS_NP26,,2020-11-23T08:00:00-00:00,2031-01-01T07:59:59-00:00,2020-11-23T00:00:00,2030-12-31T23:59:59
AS_NP26,PGNC_1_PDRP17-APND,AS_NP26,,2020-03-10T07:00:00-00:00,2031-01-01T07:59:59-00:00,2020-03-10T00:00:00,2030-12-31T23:59:59
AS_NP26,PGNC_1_PDRP18-APND,AS_NP26,,2022-11-01T07:00:00-00:00,2031-01-01T07:59:59-00:00,2022-11-01T00:00:00,2030-12-31T23:59:59
AS_NP26,PGNC_1_PDRP19-APND,AS_NP26,,2020-03-10T07:00:00-00:00,2031-01-01T07:59:59-00:00,2020-03-10T00:00:00,2030-12-31T23:59:59
AS_NP26,PGNC_1_PDRP20-APND,AS_NP26,,2020-03-10T07:00:00-00:00,2031-01-01T07:59:59-00:00,2020-03-10T00:00:00,2030-12-31T23:59:59
AS_NP26,PGNC_1_PDRP21-APND,AS_NP26,,2020-03-10T07:00:00-00:00,2031-01-01T07:59:59-00:00,2020-03-10T00:00:00,2030-12-31T23:59:59
AS_NP26,PGNC_1_PDRP22-APND,AS_NP26,,2020-11-23T08:00:00-00:00,2031-01-01T07:59:59-00:00,2020-11-23T00:00:00,2030-12-31T23:59:59
AS_NP26,PGNC_1_PDRP23-APND,AS_NP26,,2025-12-23T08:00:00-00:00,2031-01-01T07:59:59-00:00,2025-12-23T00:00:00,2030-12-31T23:59:59
AS_NP26,PGNC_1_PDRP26-APND,AS_NP26,,2022-11-01T07:00:00-00:00,2031-01-01T07:59:59-00:00,2022-11-01T00:00:00,2030-12-31T23:59:59
AS_NP26,PGNC_1_RDRR02-APND,AS_NP26,,2023-06-28T07:00:00-00:00,2031-01-01T07:59:59-00:00,2023-06-28T00:00:00,2030-12-31T23:59:59
AS_NP26,PGNC_2_PDRP10-APND,AS_NP26,,2020-11-23T08:00:00-00:00,2031-01-01T07:59:59-00:00,2020-11-23T00:00:00,2030-12-31T23:59:59
AS_NP26,PGNC_2_PDRP11-APND,AS_NP26,,2020-11-23T08:00:00-00:00,2031-01-01T07:59:59-00:00,2020-11-23T00:00:00,2030-12-31T23:59:59
AS_NP26,PGNC_2_PDRP12-APND,AS_NP26,,2020-11-23T08:00:00-00:00,2031-01-01T07:59:59-00:00,2020-11-23T00:00:00,2030-12-31T23:59:59
AS_NP26,PGNP_2_PDRP02-APND,AS_NP26,,2017-01-01T08:00:00-00:00,2031-01-01T07:59:59-00:00,2017-01-01T00:00:00,2030-12-31T23:59:59
AS_NP26,PGNP_2_PDRP08-APND,AS_NP26,,2018-03-26T07:00:00-00:00,2031-01-01T07:59:59-00:00,2018-03-26T00:00:00,2030-12-31T23:59:59
AS_NP26,PGNP_2_PDRP09-APND,AS_NP26,,2018-03-26T07:00:00-00:00,2031-01-01T07:59:59-00:00,2018-03-26T00:00:00,2030-12-31T23:59:59
AS_NP26,PGNP_2_PDRP10-APND,AS_NP26,,2018-03-26T07:00:00-00:00,2031-01-01T07:59:59-00:00,2018-03-26T00:00:00,2030-12-31T23:59:59
AS_NP26,PGNP_2_PDRP11-APND,AS_NP26,,2018-04-23T07:00:00-00:00,2031-01-01T07:59:59-00:00,2018-04-23T00:00:00,2030-12-31T23:59:59
AS_NP26,PGNP_2_PDRP16-APND,AS_NP26,,2018-05-25T07:00:00-00:00,2031-01-01T07:59:59-00:00,2018-05-25T00:00:00,2030-12-31T23:59:59
AS_NP26,PGNP_2_PDRP17-APND,AS_NP26,,2018-05-25T07:00:00-00:00,2031-01-01T07:59:59-00:00,2018-05-25T00:00:00,2030-12-31T23:59:59
AS_NP26,PGNP_2_PDRP18-APND,AS_NP26,,2018-05-25T07:00:00-00:00,2031-01-01T07:59:59-00:00,2018-05-25T00:00:00,2030-12-31T23:59:59
AS_NP26,PGNP_2_PDRP19-APND,AS_NP26,,2018-10-19T07:00:00-00:00,2031-01-01T07:59:59-00:00,2018-10-19T00:00:00,2030-12-31T23:59:59
AS_NP26,PGNP_2_PDRP20-APND,AS_NP26,,2018-10-19T07:00:00-00:00,2031-01-01T07:59:59-00:00,2018-10-19T00:00:00,2030-12-31T23:59:59
AS_NP26,PGNP_2_PDRP21-APND,AS_NP26,,2018-10-22T07:00:00-00:00,2031-01-01T07:59:59-00:00,2018-10-22T00:00:00,2030-12-31T23:59:59
AS_NP26,PGNP_2_PDRP22-APND,AS_NP26,,2018-10-22T07:00:00-00:00,2031-01-01T07:59:59-00:00,2018-10-22T00:00:00,2030-12-31T23:59:59
AS_NP26,PGNP_2_PDRP23-APND,AS_NP26,,2018-10-22T07:00:00-00:00,2031-01-01T07:59:59-00:00,2018-10-22T00:00:00,2030-12-31T23:59:59
AS_NP26,PGNP_2_PDRP24-APND,AS_NP26,,2018-10-22T07:00:00-00:00,2031-01-01T07:59:59-00:00,2018-10-22T00:00:00,2030-12-31T23:59:59
AS_NP26,PGNP_2_PDRP25-APND,AS_NP26,,2018-10-22T07:00:00-00:00,2031-01-01T07:59:59-00:00,2018-10-22T00:00:00,2030-12-31T23:59:59
AS_NP26,PGNP_2_PDRP26-APND,AS_NP26,,2018-10-22T07:00:00-00:00,2031-01-01T07:59:59-00:00,2018-10-22T00:00:00,2030-12-31T23:59:59
AS_NP26,PGNP_2_PDRP27-APND,AS_NP26,,2018-10-22T07:00:00-00:00,2031-01-01T07:59:59-00:00,2018-10-22T00:00:00,2030-12-31T23:59:59
AS_NP26,PGNP_2_PDRP28-APND,AS_NP26,,2018-10-22T07:00:00-00:00,2031-01-01T07:59:59-00:00,2018-10-22T00:00:00,2030-12-31T23:59:59
AS_NP26,PGNP_2_PDRP29-APND,AS_NP26,,2018-10-22T07:00:00-00:00,2031-01-01T07:59:59-00:00,2018-10-22T00:00:00,2030-12-31T23:59:59
AS_NP26,PGNP_2_PDRP30-APND,AS_NP26,,2019-06-10T07:00:00-00:00,2031-01-01T07:59:59-00:00,2019-06-10T00:00:00,2030-12-31T23:59:59
AS_NP26,PGNP_2_PDRP31-APND,AS_NP26,,2019-05-30T07:00:00-00:00,2031-01-01T07:59:59-00:00,2019-05-30T00:00:00,2030-12-31T23:59:59
AS_NP26,PGNP_2_PDRP34-APND,AS_NP26,,2019-06-10T07:00:00-00:00,2031-01-01T07:59:59-00:00,2019-06-10T00:00:00,2030-12-31T23:59:59
AS_NP26,PGNP_2_PDRP39-APND,AS_NP26,,2020-06-01T07:00:00-00:00,2031-01-01T07:59:59-00:00,2020-06-01T00:00:00,2030-12-31T23:59:59
AS_NP26,PGNP_2_PDRP40-APND,AS_NP26,,2020-03-10T07:00:00-00:00,2031-01-01T07:59:59-00:00,2020-03-10T00:00:00,2030-12-31T23:59:59
AS_NP26,PGNP_2_PDRP41-APND,AS_NP26,,2020-03-10T07:00:00-00:00,2031-01-01T07:59:59-00:00,2020-03-10T00:00:00,2030-12-31T23:59:59
AS_NP26,PGNP_2_PDRP42-APND,AS_NP26,,2020-03-10T07:00:00-00:00,2031-01-01T07:59:59-00:00,2020-03-10T00:00:00,2030-12-31T23:59:59
AS_NP26,PGNP_2_PDRP43-APND,AS_NP26,,2020-03-10T07:00:00-00:00,2031-01-01T07:59:59-00:00,2020-03-10T00:00:00,2030-12-31T23:59:59
AS_NP26,PGNP_2_PDRP44-APND,AS_NP26,,2020-04-24T07:00:00-00:00,2031-01-01T07:59:59-00:00,2020-04-24T00:00:00,2030-12-31T23:59:59
AS_NP26,PGNP_2_PDRP45-APND,AS_NP26,,2020-04-24T07:00:00-00:00,2031-01-01T07:59:59-00:00,2020-04-24T00:00:00,2030-12-31T23:59:59
AS_NP26,PGNP_2_PDRP46-APND,AS_NP26,,2020-09-28T07:00:00-00:00,2031-01-01T07:59:59-00:00,2020-09-28T00:00:00,2030-12-31T23:59:59
AS_NP26,PGNP_2_PDRP47-APND,AS_NP26,,2020-09-28T07:00:00-00:00,2031-01-01T07:59:59-00:00,2020-09-28T00:00:00,2030-12-31T23:59:59
AS_NP26,PGNP_2_PDRP48-APND,AS_NP26,,2020-09-28T07:00:00-00:00,2031-01-01T07:59:59-00:00,2020-09-28T00:00:00,2030-12-31T23:59:59
AS_NP26,PGNP_2_PDRP49-APND,AS_NP26,,2020-09-28T07:00:00-00:00,2031-01-01T07:59:59-00:00,2020-09-28T00:00:00,2030-12-31T23:59:59
AS_NP26,PGNP_2_PDRP50-APND,AS_NP26,,2020-04-17T07:00:00-00:00,2031-01-01T07:59:59-00:00,2020-04-17T00:00:00,2030-12-31T23:59:59
AS_NP26,PGNP_2_PDRP53-APND,AS_NP26,,2022-11-19T08:00:00-00:00,2031-01-01T07:59:59-00:00,2022-11-19T00:00:00,2030-12-31T23:59:59
AS_NP26,PGNP_2_PDRP54-APND,AS_NP26,,2025-12-23T08:00:00-00:00,2031-01-01T07:59:59-00:00,2025-12-23T00:00:00,2030-12-31T23:59:59
AS_NP26,PGNP_2_PDRP55-APND,AS_NP26,,2022-03-30T07:00:00-00:00,2031-01-01T07:59:59-00:00,2022-03-30T00:00:00,2030-12-31T23:59:59
AS_NP26,PGNP_2_PDRP56-APND,AS_NP26,,2022-03-30T07:00:00-00:00,2031-01-01T07:59:59-00:00,2022-03-30T00:00:00,2030-12-31T23:59:59
AS_NP26,PGNP_2_PDRP60-APND,AS_NP26,,2024-05-01T07:00:00-00:00,2031-01-01T07:59:59-00:00,2024-05-01T00:00:00,2030-12-31T23:59:59
AS_NP26,PGNP_2_RDRR02-APND,AS_NP26,,2023-01-06T08:00:00-00:00,2031-01-01T07:59:59-00:00,2023-01-06T00:00:00,2030-12-31T23:59:59
AS_NP26,PGNP_2_RDRR03-APND,AS_NP26,,2024-06-05T07:00:00-00:00,2031-01-01T07:59:59-00:00,2024-06-05T00:00:00,2030-12-31T23:59:59
AS_NP26,PGP2_2_PDRP05-APND,AS_NP26,,2016-05-06T07:00:00-00:00,2031-01-01T07:59:59-00:00,2016-05-06T00:00:00,2030-12-31T23:59:59
AS_NP26,PGP2_2_PDRP07-APND,AS_NP26,,2017-07-26T07:00:00-00:00,2031-01-01T07:59:59-00:00,2017-07-26T00:00:00,2030-12-31T23:59:59
AS_NP26,PGP2_2_PDRP08-APND,AS_NP26,,2017-01-04T08:00:00-00:00,2031-01-01T07:59:59-00:00,2017-01-04T00:00:00,2030-12-31T23:59:59
AS_NP26,PGP2_2_PDRP101-APND,AS_NP26,,2025-07-01T07:00:00-00:00,2031-01-01T07:59:59-00:00,2025-07-01T00:00:00,2030-12-31T23:59:59
AS_NP26,PGP2_2_PDRP17-APND,AS_NP26,,2018-01-03T08:00:00-00:00,2031-01-01T07:59:59-00:00,2018-01-03T00:00:00,2030-12-31T23:59:59
AS_NP26,PGP2_2_PDRP22-APND,AS_NP26,,2018-04-23T07:00:00-00:00,2031-01-01T07:59:59-00:00,2018-04-23T00:00:00,2030-12-31T23:59:59
AS_NP26,PGP2_2_PDRP23-APND,AS_NP26,,2018-04-23T07:00:00-00:00,2031-01-01T07:59:59-00:00,2018-04-23T00:00:00,2030-12-31T23:59:59
AS_NP26,PGP2_2_PDRP24-APND,AS_NP26,,2018-04-23T07:00:00-00:00,2031-01-01T07:59:59-00:00,2018-04-23T00:00:00,2030-12-31T23:59:59
AS_NP26,PGP2_2_PDRP25-APND,AS_NP26,,2018-04-23T07:00:00-00:00,2031-01-01T07:59:59-00:00,2018-04-23T00:00:00,2030-12-31T23:59:59
AS_NP26,PGP2_2_PDRP26-APND,AS_NP26,,2018-04-23T07:00:00-00:00,2031-01-01T07:59:59-00:00,2018-04-23T00:00:00,2030-12-31T23:59:59
AS_NP26,PGP2_2_PDRP28-APND,AS_NP26,,2018-05-25T07:00:00-00:00,2031-01-01T07:59:59-00:00,2018-05-25T00:00:00,2030-12-31T23:59:59
AS_NP26,PGP2_2_PDRP29-APND,AS_NP26,,2018-05-25T07:00:00-00:00,2031-01-01T07:59:59-00:00,2018-05-25T00:00:00,2030-12-31T23:59:59
AS_NP26,PGP2_2_PDRP30-APND,AS_NP26,,2018-05-25T07:00:00-00:00,2031-01-01T07:59:59-00:00,2018-05-25T00:00:00,2030-12-31T23:59:59
AS_NP26,PGP2_2_PDRP32-APND,AS_NP26,,2018-10-19T07:00:00-00:00,2031-01-01T07:59:59-00:00,2018-10-19T00:00:00,2030-12-31T23:59:59
AS_NP26,PGP2_2_PDRP33-APND,AS_NP26,,2018-10-19T07:00:00-00:00,2031-01-01T07:59:59-00:00,2018-10-19T00:00:00,2030-12-31T23:59:59
AS_NP26,PGP2_2_PDRP35-APND,AS_NP26,,2019-01-22T08:00:00-00:00,2031-01-01T07:59:59-00:00,2019-01-22T00:00:00,2030-12-31T23:59:59
AS_NP26,PGP2_2_PDRP38-APND,AS_NP26,,2019-03-18T07:00:00-00:00,2031-01-01T07:59:59-00:00,2019-03-18T00:00:00,2030-12-31T23:59:59
AS_NP26,PGP2_2_PDRP42-APND,AS_NP26,,2019-09-24T07:00:00-00:00,2031-01-01T07:59:59-00:00,2019-09-24T00:00:00,2030-12-31T23:59:59
AS_NP26,PGP2_2_PDRP43-APND,AS_NP26,,2019-06-10T07:00:00-00:00,2031-01-01T07:59:59-00:00,2019-06-10T00:00:00,2030-12-31T23:59:59
AS_NP26,PGP2_2_PDRP44-APND,AS_NP26,,2019-06-10T07:00:00-00:00,2031-01-01T07:59:59-00:00,2019-06-10T00:00:00,2030-12-31T23:59:59
AS_NP26,PGP2_2_PDRP47-APND,AS_NP26,,2019-06-10T07:00:00-00:00,2031-01-01T07:59:59-00:00,2019-06-10T00:00:00,2030-12-31T23:59:59
AS_NP26,PGP2_2_PDRP48-APND,AS_NP26,,2019-06-07T07:00:00-00:00,2031-01-01T07:59:59-00:00,2019-06-07T00:00:00,2030-12-31T23:59:59
AS_NP26,PGP2_2_PDRP53-APND,AS_NP26,,2020-04-24T07:00:00-00:00,2031-01-01T07:59:59-00:00,2020-04-24T00:00:00,2030-12-31T23:59:59
AS_NP26,PGP2_2_PDRP54-APND,AS_NP26,,2020-04-24T07:00:00-00:00,2031-01-01T07:59:59-00:00,2020-04-24T00:00:00,2030-12-31T23:59:59
AS_NP26,PGP2_2_PDRP55-APND,AS_NP26,,2020-04-24T07:00:00-00:00,2031-01-01T07:59:59-00:00,2020-04-24T00:00:00,2030-12-31T23:59:59
AS_NP26,PGP2_2_PDRP56-APND,AS_NP26,,2021-06-25T07:00:00-00:00,2031-01-01T07:59:59-00:00,2021-06-25T00:00:00,2030-12-31T23:59:59
AS_NP26,PGP2_2_PDRP58-APND,AS_NP26,,2024-05-01T07:00:00-00:00,2031-01-01T07:59:59-00:00,2024-05-01T00:00:00,2030-12-31T23:59:59
AS_NP26,PGP2_2_PDRP60-APND,AS_NP26,,2020-03-10T07:00:00-00:00,2031-01-01T07:59:59-00:00,2020-03-10T00:00:00,2030-12-31T23:59:59
AS_NP26,PGP2_2_PDRP61-APND,AS_NP26,,2020-03-10T07:00:00-00:00,2031-01-01T07:59:59-00:00,2020-03-10T00:00:00,2030-12-31T23:59:59
AS_NP26,PGP2_2_PDRP62-APND,AS_NP26,,2020-03-10T07:00:00-00:00,2031-01-01T07:59:59-00:00,2020-03-10T00:00:00,2030-12-31T23:59:59
AS_NP26,PGP2_2_PDRP63-APND,AS_NP26,,2022-12-23T08:00:00-00:00,2031-01-01T07:59:59-00:00,2022-12-23T00:00:00,2030-12-31T23:59:59
AS_NP26,PGP2_2_PDRP64-APND,AS_NP26,,2024-07-12T07:00:00-00:00,2031-01-01T07:59:59-00:00,2024-07-12T00:00:00,2030-12-31T23:59:59
AS_NP26,PGP2_2_PDRP65-APND,AS_NP26,,2020-09-28T07:00:00-00:00,2031-01-01T07:59:59-00:00,2020-09-28T00:00:00,2030-12-31T23:59:59
AS_NP26,PGP2_2_PDRP66-APND,AS_NP26,,2025-12-23T08:00:00-00:00,2031-01-01T07:59:59-00:00,2025-12-23T00:00:00,2030-12-31T23:59:59
AS_NP26,PGP2_2_PDRP67-APND,AS_NP26,,2020-09-28T07:00:00-00:00,2031-01-01T07:59:59-00:00,2020-09-28T00:00:00,2030-12-31T23:59:59
AS_NP26,PGP2_2_PDRP68-APND,AS_NP26,,2020-09-28T07:00:00-00:00,2031-01-01T07:59:59-00:00,2020-09-28T00:00:00,2030-12-31T23:59:59
AS_NP26,PGP2_2_PDRP69-APND,AS_NP26,,2020-09-28T07:00:00-00:00,2031-01-01T07:59:59-00:00,2020-09-28T00:00:00,2030-12-31T23:59:59
AS_NP26,PGRVEJ_6_B1,AS_NP26,,2017-08-17T07:00:00-00:00,2031-01-01T07:59:59-00:00,2017-08-17T00:00:00,2030-12-31T23:59:59
AS_NP26,PGSB_1_PDRP04-APND,AS_NP26,,2016-05-06T07:00:00-00:00,2031-01-01T07:59:59-00:00,2016-05-06T00:00:00,2030-12-31T23:59:59
AS_NP26,PGSB_1_PDRP08-APND,AS_NP26,,2016-09-27T07:00:00-00:00,2031-01-01T07:59:59-00:00,2016-09-27T00:00:00,2030-12-31T23:59:59
AS_NP26,PGSB_1_PDRP10-APND,AS_NP26,,2017-01-04T08:00:00-00:00,2031-01-01T07:59:59-00:00,2017-01-04T00:00:00,2030-12-31T23:59:59
AS_NP26,PGSB_1_PDRP101-APND,AS_NP26,,2023-02-06T08:00:00-00:00,2031-01-01T07:59:59-00:00,2023-02-06T00:00:00,2030-12-31T23:59:59
AS_NP26,PGSB_1_PDRP102-APND,AS_NP26,,2022-11-01T07:00:00-00:00,2031-01-01T07:59:59-00:00,2022-11-01T00:00:00,2030-12-31T23:59:59
AS_NP26,PGSB_1_PDRP103-APND,AS_NP26,,2022-11-14T08:00:00-00:00,2031-01-01T07:59:59-00:00,2022-11-14T00:00:00,2030-12-31T23:59:59
AS_NP26,PGSB_1_PDRP104-APND,AS_NP26,,2022-12-22T08:00:00-00:00,2031-01-01T07:59:59-00:00,2022-12-22T00:00:00,2030-12-31T23:59:59
AS_NP26,PGSB_1_PDRP106-APND,AS_NP26,,2026-02-01T08:00:00-00:00,2031-01-01T07:59:59-00:00,2026-02-01T00:00:00,2030-12-31T23:59:59
AS_NP26,PGSB_1_PDRP11-APND,AS_NP26,,2017-01-04T08:00:00-00:00,2031-01-01T07:59:59-00:00,2017-01-04T00:00:00,2030-12-31T23:59:59
AS_NP26,PGSB_1_PDRP111-APND,AS_NP26,,2024-07-01T07:00:00-00:00,2031-01-01T07:59:59-00:00,2024-07-01T00:00:00,2030-12-31T23:59:59
AS_NP26,PGSB_1_PDRP17-APND,AS_NP26,,2017-10-26T07:00:00-00:00,2031-01-01T07:59:59-00:00,2017-10-26T00:00:00,2030-12-31T23:59:59
AS_NP26,PGSB_1_PDRP29-APND,AS_NP26,,2018-03-26T07:00:00-00:00,2031-01-01T07:59:59-00:00,2018-03-26T00:00:00,2030-12-31T23:59:59
AS_NP26,PGSB_1_PDRP30-APND,AS_NP26,,2018-03-26T07:00:00-00:00,2031-01-01T07:59:59-00:00,2018-03-26T00:00:00,2030-12-31T23:59:59
AS_NP26,PGSB_1_PDRP31-APND,AS_NP26,,2018-03-26T07:00:00-00:00,2031-01-01T07:59:59-00:00,2018-03-26T00:00:00,2030-12-31T23:59:59
AS_NP26,PGSB_1_PDRP32-APND,AS_NP26,,2018-04-23T07:00:00-00:00,2031-01-01T07:59:59-00:00,2018-04-23T00:00:00,2030-12-31T23:59:59
AS_NP26,PGSB_1_PDRP33-APND,AS_NP26,,2018-04-23T07:00:00-00:00,2031-01-01T07:59:59-00:00,2018-04-23T00:00:00,2030-12-31T23:59:59
AS_NP26,PGSB_1_PDRP34-APND,AS_NP26,,2018-04-23T07:00:00-00:00,2031-01-01T07:59:59-00:00,2018-04-23T00:00:00,2030-12-31T23:59:59
AS_NP26,PGSB_1_PDRP35-APND,AS_NP26,,2018-04-23T07:00:00-00:00,2031-01-01T07:59:59-00:00,2018-04-23T00:00:00,2030-12-31T23:59:59
AS_NP26,PGSB_1_PDRP36-APND,AS_NP26,,2018-04-23T07:00:00-00:00,2031-01-01T07:59:59-00:00,2018-04-23T00:00:00,2030-12-31T23:59:59
AS_NP26,PGSB_1_PDRP42-APND,AS_NP26,,2018-05-25T07:00:00-00:00,2031-01-01T07:59:59-00:00,2018-05-25T00:00:00,2030-12-31T23:59:59
AS_NP26,PGSB_1_PDRP43-APND,AS_NP26,,2018-05-25T07:00:00-00:00,2031-01-01T07:59:59-00:00,2018-05-25T00:00:00,2030-12-31T23:59:59
AS_NP26,PGSB_1_PDRP44-APND,AS_NP26,,2018-05-25T07:00:00-00:00,2031-01-01T07:59:59-00:00,2018-05-25T00:00:00,2030-12-31T23:59:59
AS_NP26,PGSB_1_PDRP45-APND,AS_NP26,,2018-05-25T07:00:00-00:00,2031-01-01T07:59:59-00:00,2018-05-25T00:00:00,2030-12-31T23:59:59
AS_NP26,PGSB_1_PDRP46-APND,AS_NP26,,2018-10-19T07:00:00-00:00,2031-01-01T07:59:59-00:00,2018-10-19T00:00:00,2030-12-31T23:59:59
AS_NP26,PGSB_1_PDRP47-APND,AS_NP26,,2018-10-19T07:00:00-00:00,2031-01-01T07:59:59-00:00,2018-10-19T00:00:00,2030-12-31T23:59:59
AS_NP26,PGSB_1_PDRP48-APND,AS_NP26,,2018-10-19T07:00:00-00:00,2031-01-01T07:59:59-00:00,2018-10-19T00:00:00,2030-12-31T23:59:59
AS_NP26,PGSB_1_PDRP49-APND,AS_NP26,,2018-10-19T07:00:00-00:00,2031-01-01T07:59:59-00:00,2018-10-19T00:00:00,2030-12-31T23:59:59
AS_NP26,PGSB_1_PDRP50-APND,AS_NP26,,2018-10-19T07:00:00-00:00,2031-01-01T07:59:59-00:00,2018-10-19T00:00:00,2030-12-31T23:59:59
AS_NP26,PGSB_1_PDRP51-APND,AS_NP26,,2018-10-19T07:00:00-00:00,2031-01-01T07:59:59-00:00,2018-10-19T00:00:00,2030-12-31T23:59:59
AS_NP26,PGSB_1_PDRP52-APND,AS_NP26,,2018-10-19T07:00:00-00:00,2031-01-01T07:59:59-00:00,2018-10-19T00:00:00,2030-12-31T23:59:59
AS_NP26,PGSB_1_PDRP53-APND,AS_NP26,,2018-10-19T07:00:00-00:00,2031-01-01T07:59:59-00:00,2018-10-19T00:00:00,2030-12-31T23:59:59
AS_NP26,PGSB_1_PDRP54-APND,AS_NP26,,2018-10-19T07:00:00-00:00,2031-01-01T07:59:59-00:00,2018-10-19T00:00:00,2030-12-31T23:59:59
AS_NP26,PGSB_1_PDRP55-APND,AS_NP26,,2018-10-19T07:00:00-00:00,2031-01-01T07:59:59-00:00,2018-10-19T00:00:00,2030-12-31T23:59:59
AS_NP26,PGSB_1_PDRP56-APND,AS_NP26,,2018-10-19T07:00:00-00:00,2031-01-01T07:59:59-00:00,2018-10-19T00:00:00,2030-12-31T23:59:59
AS_NP26,PGSB_1_PDRP57-APND,AS_NP26,,2018-10-19T07:00:00-00:00,2031-01-01T07:59:59-00:00,2018-10-19T00:00:00,2030-12-31T23:59:59
AS_NP26,PGSB_1_PDRP58-APND,AS_NP26,,2018-10-19T07:00:00-00:00,2031-01-01T07:59:59-00:00,2018-10-19T00:00:00,2030-12-31T23:59:59
AS_NP26,PGSB_1_PDRP60-APND,AS_NP26,,2018-12-27T08:00:00-00:00,2031-01-01T07:59:59-00:00,2018-12-27T00:00:00,2030-12-31T23:59:59
AS_NP26,PGSB_1_PDRP63-APND,AS_NP26,,2020-05-19T07:00:00-00:00,2031-01-01T07:59:59-00:00,2020-05-19T00:00:00,2030-12-31T23:59:59
AS_NP26,PGSB_1_PDRP64-APND,AS_NP26,,2020-04-17T07:00:00-00:00,2031-01-01T07:59:59-00:00,2020-04-17T00:00:00,2030-12-31T23:59:59
AS_NP26,PGSB_1_PDRP66-APND,AS_NP26,,2020-09-28T07:00:00-00:00,2031-01-01T07:59:59-00:00,2020-09-28T00:00:00,2030-12-31T23:59:59
AS_NP26,PGSB_1_PDRP67-APND,AS_NP26,,2020-09-28T07:00:00-00:00,2031-01-01T07:59:59-00:00,2020-09-28T00:00:00,2030-12-31T23:59:59
AS_NP26,PGSB_1_PDRP68-APND,AS_NP26,,2018-11-13T08:00:00-00:00,2031-01-01T07:59:59-00:00,2018-11-13T00:00:00,2030-12-31T23:59:59
AS_NP26,PGSB_1_PDRP69-APND,AS_NP26,,2019-06-10T07:00:00-00:00,2031-01-01T07:59:59-00:00,2019-06-10T00:00:00,2030-12-31T23:59:59
AS_NP26,PGSB_1_PDRP70-APND,AS_NP26,,2019-06-10T07:00:00-00:00,2031-01-01T07:59:59-00:00,2019-06-10T00:00:00,2030-12-31T23:59:59
AS_NP26,PGSB_1_PDRP71-APND,AS_NP26,,2019-09-24T07:00:00-00:00,2031-01-01T07:59:59-00:00,2019-09-24T00:00:00,2030-12-31T23:59:59
AS_NP26,PGSB_1_PDRP72-APND,AS_NP26,,2020-09-28T07:00:00-00:00,2031-01-01T07:59:59-00:00,2020-09-28T00:00:00,2030-12-31T23:59:59
AS_NP26,PGSB_1_PDRP73-APND,AS_NP26,,2019-06-10T07:00:00-00:00,2031-01-01T07:59:59-00:00,2019-06-10T00:00:00,2030-12-31T23:59:59
AS_NP26,PGSB_1_PDRP74-APND,AS_NP26,,2019-05-31T07:00:00-00:00,2031-01-01T07:59:59-00:00,2019-05-31T00:00:00,2030-12-31T23:59:59
AS_NP26,PGSB_1_PDRP76-APND,AS_NP26,,2019-05-30T07:00:00-00:00,2031-01-01T07:59:59-00:00,2019-05-30T00:00:00,2030-12-31T23:59:59
AS_NP26,PGSB_1_PDRP77-APND,AS_NP26,,2019-05-30T07:00:00-00:00,2031-01-01T07:59:59-00:00,2019-05-30T00:00:00,2030-12-31T23:59:59
AS_NP26,PGSB_1_PDRP78-APND,AS_NP26,,2020-04-17T07:00:00-00:00,2031-01-01T07:59:59-00:00,2020-04-17T00:00:00,2030-12-31T23:59:59
AS_NP26,PGSB_1_PDRP83-APND,AS_NP26,,2022-12-22T08:00:00-00:00,2031-01-01T07:59:59-00:00,2022-12-22T00:00:00,2030-12-31T23:59:59
AS_NP26,PGSB_1_PDRP87-APND,AS_NP26,,2020-06-01T07:00:00-00:00,2031-01-01T07:59:59-00:00,2020-06-01T00:00:00,2030-12-31T23:59:59
AS_NP26,PGSB_1_PDRP89-APND,AS_NP26,,2020-04-24T07:00:00-00:00,2031-01-01T07:59:59-00:00,2020-04-24T00:00:00,2030-12-31T23:59:59
AS_NP26,PGSB_1_PDRP90-APND,AS_NP26,,2020-03-10T07:00:00-00:00,2031-01-01T07:59:59-00:00,2020-03-10T00:00:00,2030-12-31T23:59:59
AS_NP26,PGSB_1_PDRP91-APND,AS_NP26,,2020-03-10T07:00:00-00:00,2031-01-01T07:59:59-00:00,2020-03-10T00:00:00,2030-12-31T23:59:59
AS_NP26,PGSB_1_PDRP92-APND,AS_NP26,,2020-03-10T07:00:00-00:00,2031-01-01T07:59:59-00:00,2020-03-10T00:00:00,2030-12-31T23:59:59
AS_NP26,PGSB_1_PDRP93-APND,AS_NP26,,2020-03-10T07:00:00-00:00,2031-01-01T07:59:59-00:00,2020-03-10T00:00:00,2030-12-31T23:59:59
AS_NP26,PGSB_1_PDRP94-APND,AS_NP26,,2020-03-10T07:00:00-00:00,2031-01-01T07:59:59-00:00,2020-03-10T00:00:00,2030-12-31T23:59:59
AS_NP26,PGSB_1_PDRP95-APND,AS_NP26,,2020-04-17T07:00:00-00:00,2031-01-01T07:59:59-00:00,2020-04-17T00:00:00,2030-12-31T23:59:59
AS_NP26,PGSB_1_PDRP96-APND,AS_NP26,,2020-04-17T07:00:00-00:00,2031-01-01T07:59:59-00:00,2020-04-17T00:00:00,2030-12-31T23:59:59
AS_NP26,PGSB_1_PDRP97-APND,AS_NP26,,2022-11-19T08:00:00-00:00,2031-01-01T07:59:59-00:00,2022-11-19T00:00:00,2030-12-31T23:59:59
AS_NP26,PGSB_1_PDRP99-APND,AS_NP26,,2025-12-23T08:00:00-00:00,2031-01-01T07:59:59-00:00,2025-12-23T00:00:00,2030-12-31T23:59:59
AS_NP26,PGSB_1_PDRPCON01-APND,AS_NP26,,2023-05-15T07:00:00-00:00,2031-01-01T07:59:59-00:00,2023-05-15T00:00:00,2030-12-31T23:59:59
AS_NP26,PGSB_1_PDRPCUR01-APND,AS_NP26,,2023-05-15T07:00:00-00:00,2031-01-01T07:59:59-00:00,2023-05-15T00:00:00,2030-12-31T23:59:59
AS_NP26,PGSB_1_RDRR02-APND,AS_NP26,,2023-01-06T08:00:00-00:00,2031-01-01T07:59:59-00:00,2023-01-06T00:00:00,2030-12-31T23:59:59
AS_NP26,PGSF_2_PDRP03-APND,AS_NP26,,2016-05-09T07:00:00-00:00,2031-01-01T07:59:59-00:00,2016-05-09T00:00:00,2030-12-31T23:59:59
AS_NP26,PGSF_2_PDRP04-APND,AS_NP26,,2016-09-27T07:00:00-00:00,2031-01-01T07:59:59-00:00,2016-09-27T00:00:00,2030-12-31T23:59:59
AS_NP26,PGSF_2_PDRP08-APND,AS_NP26,,2017-01-04T08:00:00-00:00,2031-01-01T07:59:59-00:00,2017-01-04T00:00:00,2030-12-31T23:59:59
AS_NP26,PGSF_2_PDRP100-APND,AS_NP26,,2024-05-01T07:00:00-00:00,2031-01-01T07:59:59-00:00,2024-05-01T00:00:00,2030-12-31T23:59:59
AS_NP26,PGSF_2_PDRP12-APND,AS_NP26,,2017-07-26T07:00:00-00:00,2031-01-01T07:59:59-00:00,2017-07-26T00:00:00,2030-12-31T23:59:59
AS_NP26,PGSF_2_PDRP18-APND,AS_NP26,,2018-01-03T08:00:00-00:00,2031-01-01T07:59:59-00:00,2018-01-03T00:00:00,2030-12-31T23:59:59
AS_NP26,PGSF_2_PDRP19-APND,AS_NP26,,2018-03-26T07:00:00-00:00,2031-01-01T07:59:59-00:00,2018-03-26T00:00:00,2030-12-31T23:59:59
AS_NP26,PGSF_2_PDRP20-APND,AS_NP26,,2018-04-23T07:00:00-00:00,2031-01-01T07:59:59-00:00,2018-04-23T00:00:00,2030-12-31T23:59:59
AS_NP26,PGSF_2_PDRP21-APND,AS_NP26,,2018-04-23T07:00:00-00:00,2031-01-01T07:59:59-00:00,2018-04-23T00:00:00,2030-12-31T23:59:59
AS_NP26,PGSF_2_PDRP22-APND,AS_NP26,,2018-04-23T07:00:00-00:00,2031-01-01T07:59:59-00:00,2018-04-23T00:00:00,2030-12-31T23:59:59
AS_NP26,PGSF_2_PDRP23-APND,AS_NP26,,2018-04-23T07:00:00-00:00,2031-01-01T07:59:59-00:00,2018-04-23T00:00:00,2030-12-31T23:59:59
AS_NP26,PGSF_2_PDRP26-APND,AS_NP26,,2018-05-25T07:00:00-00:00,2031-01-01T07:59:59-00:00,2018-05-25T00:00:00,2030-12-31T23:59:59
AS_NP26,PGSF_2_PDRP27-APND,AS_NP26,,2018-05-25T07:00:00-00:00,2031-01-01T07:59:59-00:00,2018-05-25T00:00:00,2030-12-31T23:59:59
AS_NP26,PGSF_2_PDRP28-APND,AS_NP26,,2018-05-25T07:00:00-00:00,2031-01-01T07:59:59-00:00,2018-05-25T00:00:00,2030-12-31T23:59:59
AS_NP26,PGSF_2_PDRP29-APND,AS_NP26,,2018-05-25T07:00:00-00:00,2031-01-01T07:59:59-00:00,2018-05-25T00:00:00,2030-12-31T23:59:59
AS_NP26,PGSF_2_PDRP33-APND,AS_NP26,,2018-12-27T08:00:00-00:00,2031-01-01T07:59:59-00:00,2018-12-27T00:00:00,2030-12-31T23:59:59
AS_NP26,PGSF_2_PDRP34-APND,AS_NP26,,2019-02-28T08:00:00-00:00,2031-01-01T07:59:59-00:00,2019-02-28T00:00:00,2030-12-31T23:59:59
AS_NP26,PGSF_2_PDRP35-APND,AS_NP26,,2019-02-28T08:00:00-00:00,2031-01-01T07:59:59-00:00,2019-02-28T00:00:00,2030-12-31T23:59:59
AS_NP26,PGSF_2_PDRP36-APND,AS_NP26,,2020-09-28T07:00:00-00:00,2031-01-01T07:59:59-00:00,2020-09-28T00:00:00,2030-12-31T23:59:59
AS_NP26,PGSF_2_PDRP37-APND,AS_NP26,,2020-09-28T07:00:00-00:00,2031-01-01T07:59:59-00:00,2020-09-28T00:00:00,2030-12-31T23:59:59
AS_NP26,PGSF_2_PDRP38-APND,AS_NP26,,2020-09-28T07:00:00-00:00,2031-01-01T07:59:59-00:00,2020-09-28T00:00:00,2030-12-31T23:59:59
AS_NP26,PGSF_2_PDRP39-APND,AS_NP26,,2022-12-22T08:00:00-00:00,2031-01-01T07:59:59-00:00,2022-12-22T00:00:00,2030-12-31T23:59:59
AS_NP26,PGSF_2_PDRP46-APND,AS_NP26,,2019-09-24T07:00:00-00:00,2031-01-01T07:59:59-00:00,2019-09-24T00:00:00,2030-12-31T23:59:59
AS_NP26,PGSF_2_PDRP49-APND,AS_NP26,,2020-06-01T07:00:00-00:00,2031-01-01T07:59:59-00:00,2020-06-01T00:00:00,2030-12-31T23:59:59
AS_NP26,PGSF_2_PDRP50-APND,AS_NP26,,2025-03-01T08:00:00-00:00,2031-01-01T07:59:59-00:00,2025-03-01T00:00:00,2030-12-31T23:59:59
AS_NP26,PGSF_2_PDRP51-APND,AS_NP26,,2020-03-10T07:00:00-00:00,2031-01-01T07:59:59-00:00,2020-03-10T00:00:00,2030-12-31T23:59:59
AS_NP26,PGSF_2_PDRP52-APND,AS_NP26,,2020-03-10T07:00:00-00:00,2031-01-01T07:59:59-00:00,2020-03-10T00:00:00,2030-12-31T23:59:59
AS_NP26,PGSF_2_PDRP53-APND,AS_NP26,,2020-03-10T07:00:00-00:00,2031-01-01T07:59:59-00:00,2020-03-10T00:00:00,2030-12-31T23:59:59
AS_NP26,PGSF_2_PDRP54-APND,AS_NP26,,2020-03-10T07:00:00-00:00,2031-01-01T07:59:59-00:00,2020-03-10T00:00:00,2030-12-31T23:59:59
AS_NP26,PGSF_2_PDRP56-APND,AS_NP26,,2022-11-01T07:00:00-00:00,2031-01-01T07:59:59-00:00,2022-11-01T00:00:00,2030-12-31T23:59:59
AS_NP26,PGSF_2_PDRP57-APND,AS_NP26,,2022-11-01T07:00:00-00:00,2031-01-01T07:59:59-00:00,2022-11-01T00:00:00,2030-12-31T23:59:59
AS_NP26,PGSF_2_PDRP58-APND,AS_NP26,,2022-11-19T08:00:00-00:00,2031-01-01T07:59:59-00:00,2022-11-19T00:00:00,2030-12-31T23:59:59
AS_NP26,PGSF_2_RDRR01-APND,AS_NP26,,2025-11-01T07:00:00-00:00,2031-01-01T07:59:59-00:00,2025-11-01T00:00:00,2030-12-31T23:59:59
AS_NP26,PGSI_1_PDRP02-APND,AS_NP26,,2017-01-01T08:00:00-00:00,2031-01-01T07:59:59-00:00,2017-01-01T00:00:00,2030-12-31T23:59:59
AS_NP26,PGSI_1_PDRP09-APND,AS_NP26,,2018-03-26T07:00:00-00:00,2031-01-01T07:59:59-00:00,2018-03-26T00:00:00,2030-12-31T23:59:59
AS_NP26,PGSI_1_PDRP10-APND,AS_NP26,,2018-03-26T07:00:00-00:00,2031-01-01T07:59:59-00:00,2018-03-26T00:00:00,2030-12-31T23:59:59
AS_NP26,PGSI_1_PDRP100-APND,AS_NP26,,2024-05-01T07:00:00-00:00,2031-01-01T07:59:59-00:00,2024-05-01T00:00:00,2030-12-31T23:59:59
AS_NP26,PGSI_1_PDRP101-APND,AS_NP26,,2025-02-03T08:00:00-00:00,2031-01-01T07:59:59-00:00,2025-02-03T00:00:00,2030-12-31T23:59:59
AS_NP26,PGSI_1_PDRP11-APND,AS_NP26,,2018-04-23T07:00:00-00:00,2031-01-01T07:59:59-00:00,2018-04-23T00:00:00,2030-12-31T23:59:59
AS_NP26,PGSI_1_PDRP12-APND,AS_NP26,,2018-04-23T07:00:00-00:00,2031-01-01T07:59:59-00:00,2018-04-23T00:00:00,2030-12-31T23:59:59
AS_NP26,PGSI_1_PDRP15-APND,AS_NP26,,2018-05-25T07:00:00-00:00,2031-01-01T07:59:59-00:00,2018-05-25T00:00:00,2030-12-31T23:59:59
AS_NP26,PGSI_1_PDRP16-APND,AS_NP26,,2018-05-25T07:00:00-00:00,2031-01-01T07:59:59-00:00,2018-05-25T00:00:00,2030-12-31T23:59:59
AS_NP26,PGSI_1_PDRP17-APND,AS_NP26,,2018-05-25T07:00:00-00:00,2031-01-01T07:59:59-00:00,2018-05-25T00:00:00,2030-12-31T23:59:59
AS_NP26,PGSI_1_PDRP20-APND,AS_NP26,,2018-10-19T07:00:00-00:00,2031-01-01T07:59:59-00:00,2018-10-19T00:00:00,2030-12-31T23:59:59
AS_NP26,PGSI_1_PDRP21-APND,AS_NP26,,2018-10-19T07:00:00-00:00,2031-01-01T07:59:59-00:00,2018-10-19T00:00:00,2030-12-31T23:59:59
AS_NP26,PGSI_1_PDRP22-APND,AS_NP26,,2018-10-19T07:00:00-00:00,2031-01-01T07:59:59-00:00,2018-10-19T00:00:00,2030-12-31T23:59:59
AS_NP26,PGSI_1_PDRP23-APND,AS_NP26,,2018-10-19T07:00:00-00:00,2031-01-01T07:59:59-00:00,2018-10-19T00:00:00,2030-12-31T23:59:59
AS_NP26,PGSI_1_PDRP24-APND,AS_NP26,,2018-10-19T07:00:00-00:00,2031-01-01T07:59:59-00:00,2018-10-19T00:00:00,2030-12-31T23:59:59
AS_NP26,PGSI_1_PDRP25-APND,AS_NP26,,2018-10-19T07:00:00-00:00,2031-01-01T07:59:59-00:00,2018-10-19T00:00:00,2030-12-31T23:59:59
AS_NP26,PGSI_1_PDRP26-APND,AS_NP26,,2018-10-19T07:00:00-00:00,2031-01-01T07:59:59-00:00,2018-10-19T00:00:00,2030-12-31T23:59:59
AS_NP26,PGSI_1_PDRP27-APND,AS_NP26,,2018-10-19T07:00:00-00:00,2031-01-01T07:59:59-00:00,2018-10-19T00:00:00,2030-12-31T23:59:59
AS_NP26,PGSI_1_PDRP28-APND,AS_NP26,,2018-10-19T07:00:00-00:00,2031-01-01T07:59:59-00:00,2018-10-19T00:00:00,2030-12-31T23:59:59
AS_NP26,PGSI_1_PDRP29-APND,AS_NP26,,2018-10-19T07:00:00-00:00,2031-01-01T07:59:59-00:00,2018-10-19T00:00:00,2030-12-31T23:59:59
AS_NP26,PGSI_1_PDRP31-APND,AS_NP26,,2018-12-27T08:00:00-00:00,2031-01-01T07:59:59-00:00,2018-12-27T00:00:00,2030-12-31T23:59:59
AS_NP26,PGSI_1_PDRP33-APND,AS_NP26,,2019-06-07T07:00:00-00:00,2031-01-01T07:59:59-00:00,2019-06-07T00:00:00,2030-12-31T23:59:59
AS_NP26,PGSI_1_PDRP35-APND,AS_NP26,,2020-09-28T07:00:00-00:00,2031-01-01T07:59:59-00:00,2020-09-28T00:00:00,2030-12-31T23:59:59
AS_NP26,PGSI_1_PDRP36-APND,AS_NP26,,2020-09-28T07:00:00-00:00,2031-01-01T07:59:59-00:00,2020-09-28T00:00:00,2030-12-31T23:59:59
AS_NP26,PGSI_1_PDRP37-APND,AS_NP26,,2020-09-28T07:00:00-00:00,2031-01-01T07:59:59-00:00,2020-09-28T00:00:00,2030-12-31T23:59:59
AS_NP26,PGSI_1_PDRP40-APND,AS_NP26,,2020-03-10T07:00:00-00:00,2031-01-01T07:59:59-00:00,2020-03-10T00:00:00,2030-12-31T23:59:59
AS_NP26,PGSI_1_PDRP42-APND,AS_NP26,,2020-03-10T07:00:00-00:00,2031-01-01T07:59:59-00:00,2020-03-10T00:00:00,2030-12-31T23:59:59
AS_NP26,PGSI_1_PDRP43-APND,AS_NP26,,2020-03-10T07:00:00-00:00,2031-01-01T07:59:59-00:00,2020-03-10T00:00:00,2030-12-31T23:59:59
AS_NP26,PGSI_1_PDRP44-APND,AS_NP26,,2020-03-10T07:00:00-00:00,2031-01-01T07:59:59-00:00,2020-03-10T00:00:00,2030-12-31T23:59:59
AS_NP26,PGSI_1_PDRP45-APND,AS_NP26,,2020-04-24T07:00:00-00:00,2031-01-01T07:59:59-00:00,2020-04-24T00:00:00,2030-12-31T23:59:59
AS_NP26,PGSI_1_PDRP46-APND,AS_NP26,,2020-05-19T07:00:00-00:00,2031-01-01T07:59:59-00:00,2020-05-19T00:00:00,2030-12-31T23:59:59
AS_NP26,PGSI_1_PDRP48-APND,AS_NP26,,2020-09-28T07:00:00-00:00,2031-01-01T07:59:59-00:00,2020-09-28T00:00:00,2030-12-31T23:59:59
AS_NP26,PGSI_1_PDRP49-APND,AS_NP26,,2020-09-28T07:00:00-00:00,2031-01-01T07:59:59-00:00,2020-09-28T00:00:00,2030-12-31T23:59:59
AS_NP26,PGSI_1_PDRP52-APND,AS_NP26,,2025-12-23T08:00:00-00:00,2031-01-01T07:59:59-00:00,2025-12-23T00:00:00,2030-12-31T23:59:59
AS_NP26,PGSI_1_PDRP59-APND,AS_NP26,,2024-03-01T08:00:00-00:00,2031-01-01T07:59:59-00:00,2024-03-01T00:00:00,2030-12-31T23:59:59
AS_NP26,PGSI_1_RDRR02-APND,AS_NP26,,2023-01-06T08:00:00-00:00,2031-01-01T07:59:59-00:00,2023-01-06T00:00:00,2030-12-31T23:59:59
AS_NP26,PGSI_1_RDRR03-APND,AS_NP26,,2025-09-22T07:00:00-00:00,2031-01-01T07:59:59-00:00,2025-09-22T00:00:00,2030-12-31T23:59:59
AS_NP26,PGST_2_PDRP01-APND,AS_NP26,,2016-05-06T07:00:00-00:00,2031-01-01T07:59:59-00:00,2016-05-06T00:00:00,2030-12-31T23:59:59
AS_NP26,PGST_2_PDRP03-APND,AS_NP26,,2017-01-04T08:00:00-00:00,2031-01-01T07:59:59-00:00,2017-01-04T00:00:00,2030-12-31T23:59:59
AS_NP26,PGST_2_PDRP07-APND,AS_NP26,,2018-04-23T07:00:00-00:00,2031-01-01T07:59:59-00:00,2018-04-23T00:00:00,2030-12-31T23:59:59
AS_NP26,PGST_2_PDRP08-APND,AS_NP26,,2018-04-23T07:00:00-00:00,2031-01-01T07:59:59-00:00,2018-04-23T00:00:00,2030-12-31T23:59:59
AS_NP26,PGST_2_PDRP09-APND,AS_NP26,,2018-05-25T07:00:00-00:00,2031-01-01T07:59:59-00:00,2018-05-25T00:00:00,2030-12-31T23:59:59
AS_NP26,PGST_2_PDRP10-APND,AS_NP26,,2018-05-25T07:00:00-00:00,2031-01-01T07:59:59-00:00,2018-05-25T00:00:00,2030-12-31T23:59:59
AS_NP26,PGST_2_PDRP11-APND,AS_NP26,,2018-05-25T07:00:00-00:00,2031-01-01T07:59:59-00:00,2018-05-25T00:00:00,2030-12-31T23:59:59
AS_NP26,PGST_2_PDRP13-APND,AS_NP26,,2018-10-22T07:00:00-00:00,2031-01-01T07:59:59-00:00,2018-10-22T00:00:00,2030-12-31T23:59:59
AS_NP26,PGST_2_PDRP14-APND,AS_NP26,,2018-10-22T07:00:00-00:00,2031-01-01T07:59:59-00:00,2018-10-22T00:00:00,2030-12-31T23:59:59
AS_NP26,PGST_2_PDRP15-APND,AS_NP26,,2018-10-22T07:00:00-00:00,2031-01-01T07:59:59-00:00,2018-10-22T00:00:00,2030-12-31T23:59:59
AS_NP26,PGST_2_PDRP16-APND,AS_NP26,,2019-03-29T07:00:00-00:00,2031-01-01T07:59:59-00:00,2019-03-29T00:00:00,2030-12-31T23:59:59
AS_NP26,PGST_2_PDRP17-APND,AS_NP26,,2019-05-30T07:00:00-00:00,2031-01-01T07:59:59-00:00,2019-05-30T00:00:00,2030-12-31T23:59:59
AS_NP26,PGST_2_PDRP30-APND,AS_NP26,,2020-03-10T07:00:00-00:00,2031-01-01T07:59:59-00:00,2020-03-10T00:00:00,2030-12-31T23:59:59
AS_NP26,PGST_2_PDRP31-APND,AS_NP26,,2020-03-10T07:00:00-00:00,2031-01-01T07:59:59-00:00,2020-03-10T00:00:00,2030-12-31T23:59:59
AS_NP26,PGST_2_PDRP32-APND,AS_NP26,,2020-03-10T07:00:00-00:00,2031-01-01T07:59:59-00:00,2020-03-10T00:00:00,2030-12-31T23:59:59
AS_NP26,PGST_2_PDRP33-APND,AS_NP26,,2020-03-10T07:00:00-00:00,2031-01-01T07:59:59-00:00,2020-03-10T00:00:00,2030-12-31T23:59:59
AS_NP26,PGST_2_PDRP34-APND,AS_NP26,,2020-03-10T07:00:00-00:00,2031-01-01T07:59:59-00:00,2020-03-10T00:00:00,2030-12-31T23:59:59
AS_NP26,PGST_2_PDRP35-APND,AS_NP26,,2020-09-28T07:00:00-00:00,2031-01-01T07:59:59-00:00,2020-09-28T00:00:00,2030-12-31T23:59:59
AS_NP26,PGST_2_PDRP36-APND,AS_NP26,,2020-09-28T07:00:00-00:00,2031-01-01T07:59:59-00:00,2020-09-28T00:00:00,2030-12-31T23:59:59
AS_NP26,PGST_2_PDRP37-APND,AS_NP26,,2020-09-28T07:00:00-00:00,2031-01-01T07:59:59-00:00,2020-09-28T00:00:00,2030-12-31T23:59:59
AS_NP26,PGST_2_PDRP38-APND,AS_NP26,,2022-05-26T07:00:00-00:00,2031-01-01T07:59:59-00:00,2022-05-26T00:00:00,2030-12-31T23:59:59
AS_NP26,PGST_2_PDRP39-APND,AS_NP26,,2020-09-28T07:00:00-00:00,2031-01-01T07:59:59-00:00,2020-09-28T00:00:00,2030-12-31T23:59:59
AS_NP26,PGST_2_PDRP40-APND,AS_NP26,,2024-06-01T07:00:00-00:00,2031-01-01T07:59:59-00:00,2024-06-01T00:00:00,2030-12-31T23:59:59
AS_NP26,PGST_2_PDRP49-APND,AS_NP26,,2025-12-23T08:00:00-00:00,2031-01-01T07:59:59-00:00,2025-12-23T00:00:00,2030-12-31T23:59:59
AS_NP26,PGST_2_RDRR01-APND,AS_NP26,,2023-01-06T08:00:00-00:00,2031-01-01T07:59:59-00:00,2023-01-06T00:00:00,2030-12-31T23:59:59
AS_NP26,PGZP_2_PDRP02-APND,AS_NP26,,2017-01-01T08:00:00-00:00,2031-01-01T07:59:59-00:00,2017-01-01T00:00:00,2030-12-31T23:59:59
AS_NP26,PGZP_2_PDRP07-APND,AS_NP26,,2018-05-25T07:00:00-00:00,2031-01-01T07:59:59-00:00,2018-05-25T00:00:00,2030-12-31T23:59:59
AS_NP26,PGZP_2_PDRP08-APND,AS_NP26,,2018-05-25T07:00:00-00:00,2031-01-01T07:59:59-00:00,2018-05-25T00:00:00,2030-12-31T23:59:59
AS_NP26,PGZP_2_PDRP09-APND,AS_NP26,,2018-03-26T07:00:00-00:00,2031-01-01T07:59:59-00:00,2018-03-26T00:00:00,2030-12-31T23:59:59
AS_NP26,PGZP_2_PDRP10-APND,AS_NP26,,2018-03-26T07:00:00-00:00,2031-01-01T07:59:59-00:00,2018-03-26T00:00:00,2030-12-31T23:59:59
AS_NP26,PGZP_2_PDRP104-APND,AS_NP26,,2025-09-29T07:00:00-00:00,2031-01-01T07:59:59-00:00,2025-09-29T00:00:00,2030-12-31T23:59:59
AS_NP26,PGZP_2_PDRP11-APND,AS_NP26,,2018-04-23T07:00:00-00:00,2031-01-01T07:59:59-00:00,2018-04-23T00:00:00,2030-12-31T23:59:59
AS_NP26,PGZP_2_PDRP15-APND,AS_NP26,,2018-10-19T07:00:00-00:00,2031-01-01T07:59:59-00:00,2018-10-19T00:00:00,2030-12-31T23:59:59
AS_NP26,PGZP_2_PDRP16-APND,AS_NP26,,2018-10-19T07:00:00-00:00,2031-01-01T07:59:59-00:00,2018-10-19T00:00:00,2030-12-31T23:59:59
AS_NP26,PGZP_2_PDRP17-APND,AS_NP26,,2018-10-19T07:00:00-00:00,2031-01-01T07:59:59-00:00,2018-10-19T00:00:00,2030-12-31T23:59:59
AS_NP26,PGZP_2_PDRP18-APND,AS_NP26,,2018-10-19T07:00:00-00:00,2031-01-01T07:59:59-00:00,2018-10-19T00:00:00,2030-12-31T23:59:59
AS_NP26,PGZP_2_PDRP19-APND,AS_NP26,,2018-10-19T07:00:00-00:00,2031-01-01T07:59:59-00:00,2018-10-19T00:00:00,2030-12-31T23:59:59
AS_NP26,PGZP_2_PDRP20-APND,AS_NP26,,2018-10-19T07:00:00-00:00,2031-01-01T07:59:59-00:00,2018-10-19T00:00:00,2030-12-31T23:59:59
AS_NP26,PGZP_2_PDRP21-APND,AS_NP26,,2018-10-22T07:00:00-00:00,2031-01-01T07:59:59-00:00,2018-10-22T00:00:00,2030-12-31T23:59:59
AS_NP26,PGZP_2_PDRP22-APND,AS_NP26,,2018-10-22T07:00:00-00:00,2031-01-01T07:59:59-00:00,2018-10-22T00:00:00,2030-12-31T23:59:59
AS_NP26,PGZP_2_PDRP24-APND,AS_NP26,,2018-12-06T08:00:00-00:00,2031-01-01T07:59:59-00:00,2018-12-06T00:00:00,2030-12-31T23:59:59
AS_NP26,PGZP_2_PDRP25-APND,AS_NP26,,2019-01-22T08:00:00-00:00,2031-01-01T07:59:59-00:00,2019-01-22T00:00:00,2030-12-31T23:59:59
AS_NP26,PGZP_2_PDRP26-APND,AS_NP26,,2019-02-28T08:00:00-00:00,2031-01-01T07:59:59-00:00,2019-02-28T00:00:00,2030-12-31T23:59:59
AS_NP26,PGZP_2_PDRP27-APND,AS_NP26,,2019-03-18T07:00:00-00:00,2031-01-01T07:59:59-00:00,2019-03-18T00:00:00,2030-12-31T23:59:59
AS_NP26,PGZP_2_PDRP28-APND,AS_NP26,,2020-04-17T07:00:00-00:00,2031-01-01T07:59:59-00:00,2020-04-17T00:00:00,2030-12-31T23:59:59
AS_NP26,PGZP_2_PDRP29-APND,AS_NP26,,2020-04-17T07:00:00-00:00,2031-01-01T07:59:59-00:00,2020-04-17T00:00:00,2030-12-31T23:59:59
AS_NP26,PGZP_2_PDRP30-APND,AS_NP26,,2019-05-30T07:00:00-00:00,2031-01-01T07:59:59-00:00,2019-05-30T00:00:00,2030-12-31T23:59:59
AS_NP26,PGZP_2_PDRP31-APND,AS_NP26,,2020-04-17T07:00:00-00:00,2031-01-01T07:59:59-00:00,2020-04-17T00:00:00,2030-12-31T23:59:59
AS_NP26,PGZP_2_PDRP32-APND,AS_NP26,,2020-04-17T07:00:00-00:00,2031-01-01T07:59:59-00:00,2020-04-17T00:00:00,2030-12-31T23:59:59
AS_NP26,PGZP_2_PDRP33-APND,AS_NP26,,2020-04-17T07:00:00-00:00,2031-01-01T07:59:59-00:00,2020-04-17T00:00:00,2030-12-31T23:59:59
AS_NP26,PGZP_2_PDRP34-APND,AS_NP26,,2020-09-28T07:00:00-00:00,2031-01-01T07:59:59-00:00,2020-09-28T00:00:00,2030-12-31T23:59:59
AS_NP26,PGZP_2_PDRP35-APND,AS_NP26,,2022-04-21T07:00:00-00:00,2031-01-01T07:59:59-00:00,2022-04-21T00:00:00,2030-12-31T23:59:59
AS_NP26,PGZP_2_PDRP36-APND,AS_NP26,,2022-06-27T07:00:00-00:00,2031-01-01T07:59:59-00:00,2022-06-27T00:00:00,2030-12-31T23:59:59
AS_NP26,PGZP_2_PDRP37-APND,AS_NP26,,2019-09-24T07:00:00-00:00,2031-01-01T07:59:59-00:00,2019-09-24T00:00:00,2030-12-31T23:59:59
AS_NP26,PGZP_2_PDRP40-APND,AS_NP26,,2020-03-10T07:00:00-00:00,2031-01-01T07:59:59-00:00,2020-03-10T00:00:00,2030-12-31T23:59:59
AS_NP26,PGZP_2_PDRP41-APND,AS_NP26,,2020-03-10T07:00:00-00:00,2031-01-01T07:59:59-00:00,2020-03-10T00:00:00,2030-12-31T23:59:59
AS_NP26,PGZP_2_PDRP42-APND,AS_NP26,,2020-03-10T07:00:00-00:00,2031-01-01T07:59:59-00:00,2020-03-10T00:00:00,2030-12-31T23:59:59
AS_NP26,PGZP_2_PDRP43-APND,AS_NP26,,2020-03-10T07:00:00-00:00,2031-01-01T07:59:59-00:00,2020-03-10T00:00:00,2030-12-31T23:59:59
AS_NP26,PGZP_2_PDRP44-APND,AS_NP26,,2020-03-10T07:00:00-00:00,2031-01-01T07:59:59-00:00,2020-03-10T00:00:00,2030-12-31T23:59:59
AS_NP26,PGZP_2_PDRP45-APND,AS_NP26,,2020-06-01T07:00:00-00:00,2031-01-01T07:59:59-00:00,2020-06-01T00:00:00,2030-12-31T23:59:59
AS_NP26,PGZP_2_PDRP48-APND,AS_NP26,,2025-12-23T08:00:00-00:00,2031-01-01T07:59:59-00:00,2025-12-23T00:00:00,2030-12-31T23:59:59
AS_NP26,PGZP_2_PDRP49-APND,AS_NP26,,2022-03-30T07:00:00-00:00,2031-01-01T07:59:59-00:00,2022-03-30T00:00:00,2030-12-31T23:59:59
AS_NP26,PGZP_2_PDRP50-APND,AS_NP26,,2024-04-01T07:00:00-00:00,2031-01-01T07:59:59-00:00,2024-04-01T00:00:00,2030-12-31T23:59:59
AS_NP26,PGZP_2_PDRP51-APND,AS_NP26,,2022-03-30T07:00:00-00:00,2031-01-01T07:59:59-00:00,2022-03-30T00:00:00,2030-12-31T23:59:59
AS_NP26,PGZP_2_PDRP61-APND,AS_NP26,,2024-05-01T07:00:00-00:00,2031-01-01T07:59:59-00:00,2024-05-01T00:00:00,2030-12-31T23:59:59
AS_NP26,PGZP_2_RDRR04-APND,AS_NP26,,2023-06-28T07:00:00-00:00,2031-01-01T07:59:59-00:00,2023-06-28T00:00:00,2030-12-31T23:59:59
AS_NP26,PHILLIPS_1_N001,AS_NP26,,2009-03-31T07:00:00-00:00,2031-01-01T07:59:59-00:00,2009-03-31T00:00:00,2030-12-31T23:59:59
AS_NP26,PHILO_6_N001,AS_NP26,,2009-03-31T07:00:00-00:00,2031-01-01T07:59:59-00:00,2009-03-31T00:00:00,2030-12-31T23:59:59
AS_NP26,PHOENIX_7_N001,AS_NP26,,2025-05-13T07:00:00-00:00,2031-01-01T07:59:59-00:00,2025-05-13T00:00:00,2030-12-31T23:59:59
AS_NP26,PIERCY_1_N201,AS_NP26,,2009-03-31T07:00:00-00:00,2031-01-01T07:59:59-00:00,2009-03-31T00:00:00,2030-12-31T23:59:59
AS_NP26,PIKECTY_6_N001,AS_NP26,,2009-03-31T07:00:00-00:00,2031-01-01T07:59:59-00:00,2009-03-31T00:00:00,2030-12-31T23:59:59
AS_NP26,PINEFLT_2_B1,AS_NP26,,2017-08-17T07:00:00-00:00,2031-01-01T07:59:59-00:00,2017-08-17T00:00:00,2030-12-31T23:59:59
AS_NP26,PINEFLT_7_B1,AS_NP26,,2009-03-31T07:00:00-00:00,2031-01-01T07:59:59-00:00,2009-03-31T00:00:00,2030-12-31T23:59:59
AS_NP26,PINEFLT_7_B3,AS_NP26,,2009-03-31T07:00:00-00:00,2031-01-01T07:59:59-00:00,2009-03-31T00:00:00,2030-12-31T23:59:59
AS_NP26,PINEFLT_7_B4,AS_NP26,,2009-03-31T07:00:00-00:00,2031-01-01T07:59:59-00:00,2009-03-31T00:00:00,2030-12-31T23:59:59
AS_NP26,PINFLT_7_UNITS-APND,AS_NP26,,2009-03-31T07:00:00-00:00,2031-01-01T07:59:59-00:00,2009-03-31T00:00:00,2030-12-31T23:59:59
AS_NP26,PIT1U1_7_B1,AS_NP26,,2009-03-31T07:00:00-00:00,2031-01-01T07:59:59-00:00,2009-03-31T00:00:00,2030-12-31T23:59:59
AS_NP26,PIT1U1_7_B2,AS_NP26,,2009-03-31T07:00:00-00:00,2031-01-01T07:59:59-00:00,2009-03-31T00:00:00,2030-12-31T23:59:59
AS_NP26,PIT1_2_B1,AS_NP26,,2017-08-17T07:00:00-00:00,2031-01-01T07:59:59-00:00,2017-08-17T00:00:00,2030-12-31T23:59:59
AS_NP26,PIT1_6_N001,AS_NP26,,2009-03-31T07:00:00-00:00,2031-01-01T07:59:59-00:00,2009-03-31T00:00:00,2030-12-31T23:59:59
AS_NP26,PIT1_6_N012,AS_NP26,,2025-05-13T07:00:00-00:00,2031-01-01T07:59:59-00:00,2025-05-13T00:00:00,2030-12-31T23:59:59
AS_NP26,PIT3_2_B1,AS_NP26,,2017-08-17T07:00:00-00:00,2031-01-01T07:59:59-00:00,2017-08-17T00:00:00,2030-12-31T23:59:59
AS_NP26,PIT3_7_B2,AS_NP26,,2023-05-05T07:00:00-00:00,2031-01-01T07:59:59-00:00,2023-05-05T00:00:00,2030-12-31T23:59:59
AS_NP26,PIT3_7_B3,AS_NP26,,2023-05-05T07:00:00-00:00,2031-01-01T07:59:59-00:00,2023-05-05T00:00:00,2030-12-31T23:59:59
AS_NP26,PIT3_7_B4,AS_NP26,,2023-05-05T07:00:00-00:00,2031-01-01T07:59:59-00:00,2023-05-05T00:00:00,2030-12-31T23:59:59
AS_NP26,PIT3_7_N001,AS_NP26,,2009-03-31T07:00:00-00:00,2031-01-01T07:59:59-00:00,2009-03-31T00:00:00,2030-12-31T23:59:59
AS_NP26,PIT3_7_PL1X3-APND,AS_NP26,,2009-03-31T07:00:00-00:00,2031-01-01T07:59:59-00:00,2009-03-31T00:00:00,2030-12-31T23:59:59
AS_NP26,PIT4_7_B1,AS_NP26,,2023-05-05T07:00:00-00:00,2031-01-01T07:59:59-00:00,2023-05-05T00:00:00,2030-12-31T23:59:59
AS_NP26,PIT4_7_B3,AS_NP26,,2023-05-05T07:00:00-00:00,2031-01-01T07:59:59-00:00,2023-05-05T00:00:00,2030-12-31T23:59:59
AS_NP26,PIT4_7_PL1X2-APND,AS_NP26,,2009-03-31T07:00:00-00:00,2031-01-01T07:59:59-00:00,2009-03-31T00:00:00,2030-12-31T23:59:59
AS_NP26,PIT5JT2_2_B1,AS_NP26,,2024-08-02T07:00:00-00:00,2031-01-01T07:59:59-00:00,2024-08-02T00:00:00,2030-12-31T23:59:59
AS_NP26,PIT5_7_B1,AS_NP26,,2009-11-03T08:00:00-00:00,2031-01-01T07:59:59-00:00,2009-11-03T00:00:00,2030-12-31T23:59:59
AS_NP26,PIT5_7_B11,AS_NP26,,2023-05-05T07:00:00-00:00,2031-01-01T07:59:59-00:00,2023-05-05T00:00:00,2030-12-31T23:59:59
AS_NP26,PIT5_7_B13,AS_NP26,,2023-05-05T07:00:00-00:00,2031-01-01T07:59:59-00:00,2023-05-05T00:00:00,2030-12-31T23:59:59
AS_NP26,PIT5_7_B3,AS_NP26,,2023-05-05T07:00:00-00:00,2031-01-01T07:59:59-00:00,2023-05-05T00:00:00,2030-12-31T23:59:59
AS_NP26,PIT5_7_B4,AS_NP26,,2023-05-05T07:00:00-00:00,2031-01-01T07:59:59-00:00,2023-05-05T00:00:00,2030-12-31T23:59:59
AS_NP26,PIT5_7_N001,AS_NP26,,2025-05-13T07:00:00-00:00,2031-01-01T07:59:59-00:00,2025-05-13T00:00:00,2030-12-31T23:59:59
AS_NP26,PIT5_7_PL1X2-APND,AS_NP26,,2009-03-31T07:00:00-00:00,2031-01-01T07:59:59-00:00,2009-03-31T00:00:00,2030-12-31T23:59:59
AS_NP26,PIT5_7_PL3X4-APND,AS_NP26,,2009-03-31T07:00:00-00:00,2031-01-01T07:59:59-00:00,2009-03-31T00:00:00,2030-12-31T23:59:59
AS_NP26,PIT6U1_7_B1,AS_NP26,,2009-03-31T07:00:00-00:00,2031-01-01T07:59:59-00:00,2009-03-31T00:00:00,2030-12-31T23:59:59
AS_NP26,PIT6U2_7_B1,AS_NP26,,2009-03-31T07:00:00-00:00,2031-01-01T07:59:59-00:00,2009-03-31T00:00:00,2030-12-31T23:59:59
AS_NP26,PIT7U1_7_B1,AS_NP26,,2009-03-31T07:00:00-00:00,2031-01-01T07:59:59-00:00,2009-03-31T00:00:00,2030-12-31T23:59:59
AS_NP26,PIT7U2_7_B1,AS_NP26,,2009-03-31T07:00:00-00:00,2031-01-01T07:59:59-00:00,2009-03-31T00:00:00,2030-12-31T23:59:59
AS_NP26,PITSBRG_2_B1,AS_NP26,,2017-08-17T07:00:00-00:00,2031-01-01T07:59:59-00:00,2017-08-17T00:00:00,2030-12-31T23:59:59
AS_NP26,PITSBRG_2_N058,AS_NP26,,2009-06-25T07:00:00-00:00,2031-01-01T07:59:59-00:00,2009-06-25T00:00:00,2030-12-31T23:59:59
AS_NP26,PITSBURG_1_B1,AS_NP26,,2017-08-17T07:00:00-00:00,2031-01-01T07:59:59-00:00,2017-08-17T00:00:00,2030-12-31T23:59:59
AS_NP26,PITSBURG_1_N001,AS_NP26,,2009-03-31T07:00:00-00:00,2031-01-01T07:59:59-00:00,2009-03-31T00:00:00,2030-12-31T23:59:59
AS_NP26,PITTES1_2_N007,AS_NP26,,2018-08-23T07:00:00-00:00,2031-01-01T07:59:59-00:00,2018-08-23T00:00:00,2030-12-31T23:59:59
AS_NP26,PITTSBRG_6_N101,AS_NP26,,2009-03-31T07:00:00-00:00,2031-01-01T07:59:59-00:00,2009-03-31T00:00:00,2030-12-31T23:59:59
AS_NP26,PLACERVL_1_N001,AS_NP26,,2009-03-31T07:00:00-00:00,2031-01-01T07:59:59-00:00,2009-03-31T00:00:00,2030-12-31T23:59:59
AS_NP26,PLACER_1_N001,AS_NP26,,2009-03-31T07:00:00-00:00,2031-01-01T07:59:59-00:00,2009-03-31T00:00:00,2030-12-31T23:59:59
AS_NP26,PLACER_7_N009,AS_NP26,,2009-03-31T07:00:00-00:00,2031-01-01T07:59:59-00:00,2009-03-31T00:00:00,2030-12-31T23:59:59
AS_NP26,PLAINFLD_6_N001,AS_NP26,,2024-03-20T07:00:00-00:00,2031-01-01T07:59:59-00:00,2024-03-20T00:00:00,2030-12-31T23:59:59
AS_NP26,PLAINFLD_6_N003,AS_NP26,,2024-03-20T07:00:00-00:00,2031-01-01T07:59:59-00:00,2024-03-20T00:00:00,2030-12-31T23:59:59
AS_NP26,PLCRVLB2_7_N001,AS_NP26,,2025-05-13T07:00:00-00:00,2031-01-01T07:59:59-00:00,2025-05-13T00:00:00,2030-12-31T23:59:59
AS_NP26,PLCRVLB2_7_N002,AS_NP26,,2025-05-13T07:00:00-00:00,2031-01-01T07:59:59-00:00,2025-05-13T00:00:00,2030-12-31T23:59:59
AS_NP26,PLOALTO_1_N001,AS_NP26,,2009-03-31T07:00:00-00:00,2031-01-01T07:59:59-00:00,2009-03-31T00:00:00,2030-12-31T23:59:59
AS_NP26,PLOALTO_1_N007,AS_NP26,,2025-12-17T08:00:00-00:00,2031-01-01T07:59:59-00:00,2025-12-17T00:00:00,2030-12-31T23:59:59
AS_NP26,PLOALTO_1_N013,AS_NP26,,2009-03-31T07:00:00-00:00,2031-01-01T07:59:59-00:00,2009-03-31T00:00:00,2030-12-31T23:59:59
AS_NP26,PLOALTO_1_N019,AS_NP26,,2009-03-31T07:00:00-00:00,2031-01-01T07:59:59-00:00,2009-03-31T00:00:00,2030-12-31T23:59:59
AS_NP26,PLSNTGR_1_N001,AS_NP26,,2011-03-31T07:00:00-00:00,2031-01-01T07:59:59-00:00,2011-03-31T00:00:00,2030-12-31T23:59:59
AS_NP26,PLSNTGR_1_N005,AS_NP26,,2011-03-31T07:00:00-00:00,2031-01-01T07:59:59-00:00,2011-03-31T00:00:00,2030-12-31T23:59:59
AS_NP26,PLSNTGR_1_N009,AS_NP26,,2011-03-31T07:00:00-00:00,2031-01-01T07:59:59-00:00,2011-03-31T00:00:00,2030-12-31T23:59:59
AS_NP26,PLSNTGR_6_N013,AS_NP26,,2025-05-13T07:00:00-00:00,2031-01-01T07:59:59-00:00,2025-05-13T00:00:00,2030-12-31T23:59:59
AS_NP26,PLSNTVLY_6_N001,AS_NP26,,2009-03-31T07:00:00-00:00,2031-01-01T07:59:59-00:00,2009-03-31T00:00:00,2030-12-31T23:59:59
AS_NP26,PLUMAS_6_LN001,AS_NP26,,2010-06-17T07:00:00-00:00,2031-01-01T07:59:59-00:00,2010-06-17T00:00:00,2030-12-31T23:59:59
AS_NP26,PLUMAS_6_N001,AS_NP26,,2009-03-31T07:00:00-00:00,2031-01-01T07:59:59-00:00,2009-03-31T00:00:00,2030-12-31T23:59:59
AS_NP26,PMPJKG2_7_N001,AS_NP26,,2025-05-13T07:00:00-00:00,2031-01-01T07:59:59-00:00,2025-05-13T00:00:00,2030-12-31T23:59:59
AS_NP26,PMTFMPP_1_N001,AS_NP26,,2014-11-13T08:00:00-00:00,2031-01-01T07:59:59-00:00,2014-11-13T00:00:00,2030-12-31T23:59:59
AS_NP26,PNCHEG_2_PL1X4-APND,AS_NP26,,2009-03-31T07:00:00-00:00,2031-01-01T07:59:59-00:00,2009-03-31T00:00:00,2030-12-31T23:59:59
AS_NP26,PNCHPP_1_PL1X2-APND,AS_NP26,,2009-03-31T07:00:00-00:00,2031-01-01T07:59:59-00:00,2009-03-31T00:00:00,2030-12-31T23:59:59
AS_NP26,PNCHVS_2_SOLAR-APND,AS_NP26,,2017-10-09T07:00:00-00:00,2031-01-01T07:59:59-00:00,2017-10-09T00:00:00,2030-12-31T23:59:59
AS_NP26,PNEDLE_1_N001,AS_NP26,,2009-03-31T07:00:00-00:00,2031-01-01T07:59:59-00:00,2009-03-31T00:00:00,2030-12-31T23:59:59
AS_NP26,PNEDLE_1_N002,AS_NP26,,2009-03-31T07:00:00-00:00,2031-01-01T07:59:59-00:00,2009-03-31T00:00:00,2030-12-31T23:59:59
AS_NP26,PNEDLE_1_N009,AS_NP26,,2009-03-31T07:00:00-00:00,2031-01-01T07:59:59-00:00,2009-03-31T00:00:00,2030-12-31T23:59:59
AS_NP26,PNEGRVE_6_N001,AS_NP26,,2009-03-31T07:00:00-00:00,2031-01-01T07:59:59-00:00,2009-03-31T00:00:00,2030-12-31T23:59:59
AS_NP26,PNEGRVE_6_N002,AS_NP26,,2009-03-31T07:00:00-00:00,2031-01-01T07:59:59-00:00,2009-03-31T00:00:00,2030-12-31T23:59:59
AS_NP26,PNOCHE_1_PL1X2-APND,AS_NP26,,2009-03-31T07:00:00-00:00,2031-01-01T07:59:59-00:00,2009-03-31T00:00:00,2030-12-31T23:59:59
AS_NP26,PNTARNA_6_N001,AS_NP26,,2009-03-31T07:00:00-00:00,2031-01-01T07:59:59-00:00,2009-03-31T00:00:00,2030-12-31T23:59:59
AS_NP26,POD_ADERA_1_SOLAR1-APND,AS_NP26,,2015-11-10T08:00:00-00:00,2031-01-01T07:59:59-00:00,2015-11-10T00:00:00,2030-12-31T23:59:59
AS_NP26,POD_ADLIN_1_UNITS-APND,AS_NP26,,2009-03-31T07:00:00-00:00,2031-01-01T07:59:59-00:00,2009-03-31T00:00:00,2030-12-31T23:59:59
AS_NP26,POD_ADMEST_6_SOLAR-APND,AS_NP26,,2014-10-27T07:00:00-00:00,2031-01-01T07:59:59-00:00,2014-10-27T00:00:00,2030-12-31T23:59:59
AS_NP26,POD_AGRICO_6_PL3N5-APND,AS_NP26,,2009-03-31T07:00:00-00:00,2031-01-01T07:59:59-00:00,2009-03-31T00:00:00,2030-12-31T23:59:59
AS_NP26,POD_AGRICO_7_UNIT-APND,AS_NP26,,2009-03-31T07:00:00-00:00,2031-01-01T07:59:59-00:00,2009-03-31T00:00:00,2030-12-31T23:59:59
AS_NP26,POD_ARVINN_6_ORION1-APND,AS_NP26,,2014-03-12T07:00:00-00:00,2031-01-01T07:59:59-00:00,2014-03-12T00:00:00,2030-12-31T23:59:59
AS_NP26,POD_ARVINN_6_ORION2-APND,AS_NP26,,2014-04-23T07:00:00-00:00,2031-01-01T07:59:59-00:00,2014-04-23T00:00:00,2030-12-31T23:59:59
AS_NP26,POD_ASTORA_2_SOLAR1-APND,AS_NP26,,2016-06-22T07:00:00-00:00,2031-01-01T07:59:59-00:00,2016-06-22T00:00:00,2030-12-31T23:59:59
AS_NP26,POD_ASTORA_2_SOLAR2-APND,AS_NP26,,2016-06-22T07:00:00-00:00,2031-01-01T07:59:59-00:00,2016-06-22T00:00:00,2030-12-31T23:59:59
AS_NP26,POD_BALCHS_7_UNIT 1-APND,AS_NP26,,2009-03-31T07:00:00-00:00,2031-01-01T07:59:59-00:00,2009-03-31T00:00:00,2030-12-31T23:59:59
AS_NP26,POD_BALCHS_7_UNIT 2-APND,AS_NP26,,2009-03-31T07:00:00-00:00,2031-01-01T07:59:59-00:00,2009-03-31T00:00:00,2030-12-31T23:59:59
AS_NP26,POD_BALCHS_7_UNIT 3-APND,AS_NP26,,2009-03-31T07:00:00-00:00,2031-01-01T07:59:59-00:00,2009-03-31T00:00:00,2030-12-31T23:59:59
AS_NP26,POD_BASICE_2_UNITS-APND,AS_NP26,,2009-03-31T07:00:00-00:00,2031-01-01T07:59:59-00:00,2009-03-31T00:00:00,2030-12-31T23:59:59
AS_NP26,POD_BDGRCK_1_UNITS-APND,AS_NP26,,2009-03-31T07:00:00-00:00,2031-01-01T07:59:59-00:00,2009-03-31T00:00:00,2030-12-31T23:59:59
AS_NP26,POD_BEARMT_1_UNIT-APND,AS_NP26,,2009-03-31T07:00:00-00:00,2031-01-01T07:59:59-00:00,2009-03-31T00:00:00,2030-12-31T23:59:59
AS_NP26,POD_BIOMAS_1_UNIT 1-APND,AS_NP26,,2009-03-31T07:00:00-00:00,2031-01-01T07:59:59-00:00,2009-03-31T00:00:00,2030-12-31T23:59:59
AS_NP26,POD_BLACK_7_UNIT 1-APND,AS_NP26,,2009-03-31T07:00:00-00:00,2031-01-01T07:59:59-00:00,2009-03-31T00:00:00,2030-12-31T23:59:59
AS_NP26,POD_BLACK_7_UNIT 2-APND,AS_NP26,,2009-03-31T07:00:00-00:00,2031-01-01T07:59:59-00:00,2009-03-31T00:00:00,2030-12-31T23:59:59
AS_NP26,POD_BLAST_1_WIND-APND,AS_NP26,,2013-06-01T07:00:00-00:00,2031-01-01T07:59:59-00:00,2013-06-01T00:00:00,2030-12-31T23:59:59
AS_NP26,POD_BRDGVL_7_BAKER-APND,AS_NP26,,2014-10-01T07:00:00-00:00,2031-01-01T07:59:59-00:00,2014-10-01T00:00:00,2030-12-31T23:59:59
AS_NP26,POD_BUCKCK_7_PL1X2-APND,AS_NP26,,2009-03-31T07:00:00-00:00,2031-01-01T07:59:59-00:00,2009-03-31T00:00:00,2030-12-31T23:59:59
AS_NP26,POD_BUTTVL_7_UNIT 1-APND,AS_NP26,,2009-03-31T07:00:00-00:00,2031-01-01T07:59:59-00:00,2009-03-31T00:00:00,2030-12-31T23:59:59
AS_NP26,POD_CALFTN_2_SOLAR-APND,AS_NP26,,2016-11-01T07:00:00-00:00,2031-01-01T07:59:59-00:00,2016-11-01T00:00:00,2030-12-31T23:59:59
AS_NP26,POD_CALFTS_2_CFSSR1-APND,AS_NP26,,2018-09-16T07:00:00-00:00,2031-01-01T07:59:59-00:00,2018-09-16T00:00:00,2030-12-31T23:59:59
AS_NP26,POD_CAMPFW_7_FARWST-APND,AS_NP26,,2009-03-31T07:00:00-00:00,2031-01-01T07:59:59-00:00,2009-03-31T00:00:00,2030-12-31T23:59:59
AS_NP26,POD_CARBOU_7_PL4X5-APND,AS_NP26,,2009-03-31T07:00:00-00:00,2031-01-01T07:59:59-00:00,2009-03-31T00:00:00,2030-12-31T23:59:59
AS_NP26,POD_CHALK_1_UNIT-APND,AS_NP26,,2009-03-31T07:00:00-00:00,2031-01-01T07:59:59-00:00,2009-03-31T00:00:00,2030-12-31T23:59:59
AS_NP26,POD_CHICPK_7_UNIT 1-APND,AS_NP26,,2009-03-31T07:00:00-00:00,2031-01-01T07:59:59-00:00,2009-03-31T00:00:00,2030-12-31T23:59:59
AS_NP26,POD_CHWCHL_1_UNIT-APND,AS_NP26,,2009-03-31T07:00:00-00:00,2031-01-01T07:59:59-00:00,2009-03-31T00:00:00,2030-12-31T23:59:59
AS_NP26,POD_COLEMN_2_UNIT-APND,AS_NP26,,2009-03-31T07:00:00-00:00,2031-01-01T07:59:59-00:00,2009-03-31T00:00:00,2030-12-31T23:59:59
AS_NP26,POD_COLGAT_7_UNIT 1-APND,AS_NP26,,2009-03-31T07:00:00-00:00,2031-01-01T07:59:59-00:00,2009-03-31T00:00:00,2030-12-31T23:59:59
AS_NP26,POD_COLGAT_7_UNIT 2-APND,AS_NP26,,2009-03-31T07:00:00-00:00,2031-01-01T07:59:59-00:00,2009-03-31T00:00:00,2030-12-31T23:59:59
AS_NP26,POD_COLUSA_2_PL1X3-APND,AS_NP26,,2010-08-18T07:00:00-00:00,2031-01-01T07:59:59-00:00,2010-08-18T00:00:00,2030-12-31T23:59:59
AS_NP26,POD_COLVIL_7_PL1X2-APND,AS_NP26,,2009-03-31T07:00:00-00:00,2031-01-01T07:59:59-00:00,2009-03-31T00:00:00,2030-12-31T23:59:59
AS_NP26,POD_COVERD_2_HCKHY1-APND,AS_NP26,,2017-03-08T08:00:00-00:00,2031-01-01T07:59:59-00:00,2017-03-08T00:00:00,2030-12-31T23:59:59
AS_NP26,POD_COVERD_2_MCKHY1-APND,AS_NP26,,2017-07-31T07:00:00-00:00,2031-01-01T07:59:59-00:00,2017-07-31T00:00:00,2030-12-31T23:59:59
AS_NP26,POD_CRESTA_7_PL1X2-APND,AS_NP26,,2009-03-31T07:00:00-00:00,2031-01-01T07:59:59-00:00,2009-03-31T00:00:00,2030-12-31T23:59:59
AS_NP26,POD_CROKET_7_UNIT-APND,AS_NP26,,2009-03-31T07:00:00-00:00,2031-01-01T07:59:59-00:00,2009-03-31T00:00:00,2030-12-31T23:59:59
AS_NP26,POD_CUMBIA_1_SOLAR-APND,AS_NP26,,2015-04-27T07:00:00-00:00,2031-01-01T07:59:59-00:00,2015-04-27T00:00:00,2030-12-31T23:59:59
AS_NP26,POD_CUYAMS_6_CUYSR1-APND,AS_NP26,,2017-10-10T07:00:00-00:00,2031-01-01T07:59:59-00:00,2017-10-10T00:00:00,2030-12-31T23:59:59
AS_NP26,POD_DEADCK_1_UNIT-APND,AS_NP26,,2022-03-08T08:00:00-00:00,2031-01-01T07:59:59-00:00,2022-03-08T00:00:00,2030-12-31T23:59:59
AS_NP26,POD_DEERCR_6_UNIT 1-APND,AS_NP26,,2009-03-31T07:00:00-00:00,2031-01-01T07:59:59-00:00,2009-03-31T00:00:00,2030-12-31T23:59:59
AS_NP26,POD_DELTA_2_PL1X4-APND,AS_NP26,,2009-03-31T07:00:00-00:00,2031-01-01T07:59:59-00:00,2009-03-31T00:00:00,2030-12-31T23:59:59
AS_NP26,POD_DIABLO_7_UNIT 1-APND,AS_NP26,,2009-03-31T07:00:00-00:00,2031-01-01T07:59:59-00:00,2009-03-31T00:00:00,2030-12-31T23:59:59
AS_NP26,POD_DIABLO_7_UNIT 2-APND,AS_NP26,,2009-03-31T07:00:00-00:00,2031-01-01T07:59:59-00:00,2009-03-31T00:00:00,2030-12-31T23:59:59
AS_NP26,POD_DISCOV_1_CHEVRN-APND,AS_NP26,,2009-03-31T07:00:00-00:00,2031-01-01T07:59:59-00:00,2009-03-31T00:00:00,2030-12-31T23:59:59
AS_NP26,POD_DOUBLC_1_UNITS-APND,AS_NP26,,2009-03-31T07:00:00-00:00,2031-01-01T07:59:59-00:00,2009-03-31T00:00:00,2030-12-31T23:59:59
AS_NP26,POD_DRUM_7_PL1X2-APND,AS_NP26,,2009-03-31T07:00:00-00:00,2031-01-01T07:59:59-00:00,2009-03-31T00:00:00,2030-12-31T23:59:59
AS_NP26,POD_DRUM_7_PL3X4-APND,AS_NP26,,2009-03-31T07:00:00-00:00,2031-01-01T07:59:59-00:00,2009-03-31T00:00:00,2030-12-31T23:59:59
AS_NP26,POD_DRUM_7_UNIT 5-APND,AS_NP26,,2009-03-31T07:00:00-00:00,2031-01-01T07:59:59-00:00,2009-03-31T00:00:00,2030-12-31T23:59:59
AS_NP26,POD_DSABLA_7_UNIT-APND,AS_NP26,,2009-03-31T07:00:00-00:00,2031-01-01T07:59:59-00:00,2009-03-31T00:00:00,2030-12-31T23:59:59
AS_NP26,POD_DUANE_1_PL1X3-APND,AS_NP26,,2009-03-31T07:00:00-00:00,2031-01-01T07:59:59-00:00,2009-03-31T00:00:00,2030-12-31T23:59:59
AS_NP26,POD_DUTCH1_7_UNIT 1-APND,AS_NP26,,2009-03-31T07:00:00-00:00,2031-01-01T07:59:59-00:00,2009-03-31T00:00:00,2030-12-31T23:59:59
AS_NP26,POD_DUTCH2_7_UNIT 1-APND,AS_NP26,,2009-03-31T07:00:00-00:00,2031-01-01T07:59:59-00:00,2009-03-31T00:00:00,2030-12-31T23:59:59
AS_NP26,POD_ELECTR_7_PL1X3-APND,AS_NP26,,2009-03-31T07:00:00-00:00,2031-01-01T07:59:59-00:00,2009-03-31T00:00:00,2030-12-31T23:59:59
AS_NP26,POD_ELKCRK_6_STONYG-APND,AS_NP26,,2009-03-31T07:00:00-00:00,2031-01-01T07:59:59-00:00,2009-03-31T00:00:00,2030-12-31T23:59:59
AS_NP26,POD_ELKHIL_2_PL1X3-APND,AS_NP26,,2009-03-31T07:00:00-00:00,2031-01-01T07:59:59-00:00,2009-03-31T00:00:00,2030-12-31T23:59:59
AS_NP26,POD_EXCHEC_7_UNIT 1-APND,AS_NP26,,2009-03-31T07:00:00-00:00,2031-01-01T07:59:59-00:00,2009-03-31T00:00:00,2030-12-31T23:59:59
AS_NP26,POD_EXCLSG_1_SOLAR-APND,AS_NP26,,2016-07-11T07:00:00-00:00,2031-01-01T07:59:59-00:00,2016-07-11T00:00:00,2030-12-31T23:59:59
AS_NP26,POD_FMEADO_7_UNIT-APND,AS_NP26,,2009-03-31T07:00:00-00:00,2031-01-01T07:59:59-00:00,2009-03-31T00:00:00,2030-12-31T23:59:59
AS_NP26,POD_FRNTBW_6_SOLAR1-APND,AS_NP26,,2018-05-25T07:00:00-00:00,2031-01-01T07:59:59-00:00,2018-05-25T00:00:00,2030-12-31T23:59:59
AS_NP26,POD_GATWAY_2_PL1X3-APND,AS_NP26,,2009-03-31T07:00:00-00:00,2031-01-01T07:59:59-00:00,2009-03-31T00:00:00,2030-12-31T23:59:59
AS_NP26,POD_GEYS11_7_UNIT11-APND,AS_NP26,,2009-03-31T07:00:00-00:00,2031-01-01T07:59:59-00:00,2009-03-31T00:00:00,2030-12-31T23:59:59
AS_NP26,POD_GEYS12_7_UNIT12-APND,AS_NP26,,2009-03-31T07:00:00-00:00,2031-01-01T07:59:59-00:00,2009-03-31T00:00:00,2030-12-31T23:59:59
AS_NP26,POD_GEYS13_7_UNIT13-APND,AS_NP26,,2009-03-31T07:00:00-00:00,2031-01-01T07:59:59-00:00,2009-03-31T00:00:00,2030-12-31T23:59:59
AS_NP26,POD_GEYS14_7_UNIT14-APND,AS_NP26,,2009-03-31T07:00:00-00:00,2031-01-01T07:59:59-00:00,2009-03-31T00:00:00,2030-12-31T23:59:59
AS_NP26,POD_GEYS16_7_UNIT16-APND,AS_NP26,,2009-03-31T07:00:00-00:00,2031-01-01T07:59:59-00:00,2009-03-31T00:00:00,2030-12-31T23:59:59
AS_NP26,POD_GEYS17_7_UNIT17-APND,AS_NP26,,2009-03-31T07:00:00-00:00,2031-01-01T07:59:59-00:00,2009-03-31T00:00:00,2030-12-31T23:59:59
AS_NP26,POD_GEYS18_7_UNIT18-APND,AS_NP26,,2009-03-31T07:00:00-00:00,2031-01-01T07:59:59-00:00,2009-03-31T00:00:00,2030-12-31T23:59:59
AS_NP26,POD_GEYS20_7_UNIT20-APND,AS_NP26,,2009-03-31T07:00:00-00:00,2031-01-01T07:59:59-00:00,2009-03-31T00:00:00,2030-12-31T23:59:59
AS_NP26,POD_GIFENS_6_BUGSL1-APND,AS_NP26,,2017-03-10T08:00:00-00:00,2031-01-01T07:59:59-00:00,2017-03-10T00:00:00,2030-12-31T23:59:59
AS_NP26,POD_GILROY_1_UNIT-APND,AS_NP26,,2009-03-31T07:00:00-00:00,2031-01-01T07:59:59-00:00,2009-03-31T00:00:00,2030-12-31T23:59:59
AS_NP26,POD_GILRPP_1_PL1X2-APND,AS_NP26,,2009-03-31T07:00:00-00:00,2031-01-01T07:59:59-00:00,2009-03-31T00:00:00,2030-12-31T23:59:59
AS_NP26,POD_GILRPP_1_PL3X4-APND,AS_NP26,,2009-03-31T07:00:00-00:00,2031-01-01T07:59:59-00:00,2009-03-31T00:00:00,2030-12-31T23:59:59
AS_NP26,POD_GRIZLY_1_UNIT 1-APND,AS_NP26,,2009-03-31T07:00:00-00:00,2031-01-01T07:59:59-00:00,2009-03-31T00:00:00,2030-12-31T23:59:59
AS_NP26,POD_GRNLF2_1_UNIT-APND,AS_NP26,,2021-06-03T07:00:00-00:00,2031-01-01T07:59:59-00:00,2021-06-03T00:00:00,2030-12-31T23:59:59
AS_NP26,POD_GYS5X6_7_UNITS-APND,AS_NP26,,2009-03-31T07:00:00-00:00,2031-01-01T07:59:59-00:00,2009-03-31T00:00:00,2030-12-31T23:59:59
AS_NP26,POD_GYS7X8_7_UNITS-APND,AS_NP26,,2009-03-31T07:00:00-00:00,2031-01-01T07:59:59-00:00,2009-03-31T00:00:00,2030-12-31T23:59:59
AS_NP26,POD_GYSRVL_7_WSPRNG-APND,AS_NP26,,2009-03-31T07:00:00-00:00,2031-01-01T07:59:59-00:00,2009-03-31T00:00:00,2030-12-31T23:59:59
AS_NP26,POD_HAASPH_7_PL1X2-APND,AS_NP26,,2009-03-31T07:00:00-00:00,2031-01-01T07:59:59-00:00,2009-03-31T00:00:00,2030-12-31T23:59:59
AS_NP26,POD_HATCR1_7_UNIT-APND,AS_NP26,,2009-03-31T07:00:00-00:00,2031-01-01T07:59:59-00:00,2009-03-31T00:00:00,2030-12-31T23:59:59
AS_NP26,POD_HATCR2_7_UNIT-APND,AS_NP26,,2009-03-31T07:00:00-00:00,2031-01-01T07:59:59-00:00,2009-03-31T00:00:00,2030-12-31T23:59:59
AS_NP26,POD_HATRDG_2_WIND-APND,AS_NP26,,2010-07-01T07:00:00-00:00,2031-01-01T07:59:59-00:00,2010-07-01T00:00:00,2030-12-31T23:59:59
AS_NP26,POD_HELMPG_7_UNIT 1-APND,AS_NP26,,2009-03-31T07:00:00-00:00,2031-01-01T07:59:59-00:00,2009-03-31T00:00:00,2030-12-31T23:59:59
AS_NP26,POD_HELMPG_7_UNIT 2-APND,AS_NP26,,2009-03-31T07:00:00-00:00,2031-01-01T07:59:59-00:00,2009-03-31T00:00:00,2030-12-31T23:59:59
AS_NP26,POD_HELMPG_7_UNIT 3-APND,AS_NP26,,2009-03-31T07:00:00-00:00,2031-01-01T07:59:59-00:00,2009-03-31T00:00:00,2030-12-31T23:59:59
AS_NP26,POD_HENRTS_1_SOLAR-APND,AS_NP26,,2016-06-08T07:00:00-00:00,2031-01-01T07:59:59-00:00,2016-06-08T00:00:00,2030-12-31T23:59:59
AS_NP26,POD_HUMBPP_1_UNITS3-APND,AS_NP26,,2010-08-19T07:00:00-00:00,2031-01-01T07:59:59-00:00,2010-08-19T00:00:00,2030-12-31T23:59:59
AS_NP26,POD_HYTTHM_2_UNITS-APND,AS_NP26,,2009-03-31T07:00:00-00:00,2031-01-01T07:59:59-00:00,2009-03-31T00:00:00,2030-12-31T23:59:59
AS_NP26,POD_INTKEP_2_UNITS-APND,AS_NP26,,2009-03-31T07:00:00-00:00,2031-01-01T07:59:59-00:00,2009-03-31T00:00:00,2030-12-31T23:59:59
AS_NP26,POD_JAYNE_6_WLSLR-APND,AS_NP26,,2014-01-27T08:00:00-00:00,2031-01-01T07:59:59-00:00,2014-01-27T00:00:00,2030-12-31T23:59:59
AS_NP26,POD_KELYRG_6_UNIT-APND,AS_NP26,,2009-03-31T07:00:00-00:00,2031-01-01T07:59:59-00:00,2009-03-31T00:00:00,2030-12-31T23:59:59
AS_NP26,POD_KERNFT_1_UNITS-APND,AS_NP26,,2009-03-31T07:00:00-00:00,2031-01-01T07:59:59-00:00,2009-03-31T00:00:00,2030-12-31T23:59:59
AS_NP26,POD_LAMONT_1_SOLAR1-APND,AS_NP26,,2014-10-27T07:00:00-00:00,2031-01-01T07:59:59-00:00,2014-10-27T00:00:00,2030-12-31T23:59:59
AS_NP26,POD_LAMONT_1_SOLAR2-APND,AS_NP26,,2017-11-20T08:00:00-00:00,2031-01-01T07:59:59-00:00,2017-11-20T00:00:00,2030-12-31T23:59:59
AS_NP26,POD_LAMONT_1_SOLAR3-APND,AS_NP26,,2015-08-16T07:00:00-00:00,2031-01-01T07:59:59-00:00,2015-08-16T00:00:00,2030-12-31T23:59:59
AS_NP26,POD_LAMONT_1_SOLAR4-APND,AS_NP26,,2015-07-13T07:00:00-00:00,2031-01-01T07:59:59-00:00,2015-07-13T00:00:00,2030-12-31T23:59:59
AS_NP26,POD_LAMONT_1_SOLAR5-APND,AS_NP26,,2015-06-22T07:00:00-00:00,2031-01-01T07:59:59-00:00,2015-06-22T00:00:00,2030-12-31T23:59:59
AS_NP26,POD_LAPLMA_2_UNIT 1-APND,AS_NP26,,2019-06-12T07:00:00-00:00,2031-01-01T07:59:59-00:00,2019-06-12T00:00:00,2030-12-31T23:59:59
AS_NP26,POD_LAPLMA_2_UNIT 2-APND,AS_NP26,,2019-06-12T07:00:00-00:00,2031-01-01T07:59:59-00:00,2019-06-12T00:00:00,2030-12-31T23:59:59
AS_NP26,POD_LAPLMA_2_UNIT 3-APND,AS_NP26,,2019-06-12T07:00:00-00:00,2031-01-01T07:59:59-00:00,2019-06-12T00:00:00,2030-12-31T23:59:59
AS_NP26,POD_LAPLMA_2_UNIT 4-APND,AS_NP26,,2019-06-12T07:00:00-00:00,2031-01-01T07:59:59-00:00,2019-06-12T00:00:00,2030-12-31T23:59:59
AS_NP26,POD_LASSEN_6_UNITS-APND,AS_NP26,,2009-03-31T07:00:00-00:00,2031-01-01T07:59:59-00:00,2009-03-31T00:00:00,2030-12-31T23:59:59
AS_NP26,POD_LECEF_1_UNITS-APND,AS_NP26,,2009-03-31T07:00:00-00:00,2031-01-01T07:59:59-00:00,2009-03-31T00:00:00,2030-12-31T23:59:59
AS_NP26,POD_LMBEPK_2_UNITA1-APND,AS_NP26,,2009-03-31T07:00:00-00:00,2031-01-01T07:59:59-00:00,2009-03-31T00:00:00,2030-12-31T23:59:59
AS_NP26,POD_LMBEPK_2_UNITA2-APND,AS_NP26,,2009-03-31T07:00:00-00:00,2031-01-01T07:59:59-00:00,2009-03-31T00:00:00,2030-12-31T23:59:59
AS_NP26,POD_LMBEPK_2_UNITA3-APND,AS_NP26,,2009-03-31T07:00:00-00:00,2031-01-01T07:59:59-00:00,2009-03-31T00:00:00,2030-12-31T23:59:59
AS_NP26,POD_LMEC_1_PL1X3-APND,AS_NP26,,2009-03-31T07:00:00-00:00,2031-01-01T07:59:59-00:00,2009-03-31T00:00:00,2030-12-31T23:59:59
AS_NP26,POD_MALCHQ_7_UNIT 1-APND,AS_NP26,,2009-03-31T07:00:00-00:00,2031-01-01T07:59:59-00:00,2009-03-31T00:00:00,2030-12-31T23:59:59
AS_NP26,POD_MDFKRL_2_PROJCT-APND,AS_NP26,,2009-03-31T07:00:00-00:00,2031-01-01T07:59:59-00:00,2009-03-31T00:00:00,2030-12-31T23:59:59
AS_NP26,POD_MNDOTA_1_SOLAR1-APND,AS_NP26,,2015-04-24T07:00:00-00:00,2031-01-01T07:59:59-00:00,2015-04-24T00:00:00,2030-12-31T23:59:59
AS_NP26,POD_MOSSLD_2_PSP1-APND,AS_NP26,,2009-03-31T07:00:00-00:00,2031-01-01T07:59:59-00:00,2009-03-31T00:00:00,2030-12-31T23:59:59
AS_NP26,POD_MOSSLD_2_PSP2-APND,AS_NP26,,2009-03-31T07:00:00-00:00,2031-01-01T07:59:59-00:00,2009-03-31T00:00:00,2030-12-31T23:59:59
AS_NP26,POD_MSTANG_2_SOLAR3-APND,AS_NP26,,2016-02-18T08:00:00-00:00,2031-01-01T07:59:59-00:00,2016-02-18T00:00:00,2030-12-31T23:59:59
AS_NP26,POD_MTNPOS_1_UNIT-APND,AS_NP26,,2011-10-19T07:00:00-00:00,2031-01-01T07:59:59-00:00,2011-10-19T00:00:00,2030-12-31T23:59:59
AS_NP26,POD_NAROW1_2_UNIT-APND,AS_NP26,,2009-03-31T07:00:00-00:00,2031-01-01T07:59:59-00:00,2009-03-31T00:00:00,2030-12-31T23:59:59
AS_NP26,POD_NAROW2_2_UNIT-APND,AS_NP26,,2009-03-31T07:00:00-00:00,2031-01-01T07:59:59-00:00,2009-03-31T00:00:00,2030-12-31T23:59:59
AS_NP26,POD_NCPA_7_GP1UN1-APND,AS_NP26,,2009-03-31T07:00:00-00:00,2031-01-01T07:59:59-00:00,2009-03-31T00:00:00,2030-12-31T23:59:59
AS_NP26,POD_NCPA_7_GP1UN2-APND,AS_NP26,,2009-03-31T07:00:00-00:00,2031-01-01T07:59:59-00:00,2009-03-31T00:00:00,2030-12-31T23:59:59
AS_NP26,POD_NCPA_7_GP2UN3-APND,AS_NP26,,2009-03-31T07:00:00-00:00,2031-01-01T07:59:59-00:00,2009-03-31T00:00:00,2030-12-31T23:59:59
AS_NP26,POD_NCPA_7_GP2UN4-APND,AS_NP26,,2009-03-31T07:00:00-00:00,2031-01-01T07:59:59-00:00,2009-03-31T00:00:00,2030-12-31T23:59:59
AS_NP26,POD_NWCSTL_7_UNIT 1-APND,AS_NP26,,2009-03-31T07:00:00-00:00,2031-01-01T07:59:59-00:00,2009-03-31T00:00:00,2030-12-31T23:59:59
AS_NP26,POD_OAK C_7_UNIT 1-APND,AS_NP26,,2025-07-02T07:00:00-00:00,2031-01-01T07:59:59-00:00,2025-07-02T00:00:00,2030-12-31T23:59:59
AS_NP26,POD_OAK C_7_UNIT 3-APND,AS_NP26,,2025-07-02T07:00:00-00:00,2031-01-01T07:59:59-00:00,2025-07-02T00:00:00,2030-12-31T23:59:59
AS_NP26,POD_PACLUM_6_UNIT-APND,AS_NP26,,2009-03-31T07:00:00-00:00,2031-01-01T07:59:59-00:00,2009-03-31T00:00:00,2030-12-31T23:59:59
AS_NP26,POD_PAIGES_6_SOLAR-APND,AS_NP26,,2016-10-31T07:00:00-00:00,2031-01-01T07:59:59-00:00,2016-10-31T00:00:00,2030-12-31T23:59:59
AS_NP26,POD_PARDEB_6_UNITS-APND,AS_NP26,,2009-03-31T07:00:00-00:00,2031-01-01T07:59:59-00:00,2009-03-31T00:00:00,2030-12-31T23:59:59
AS_NP26,POD_PIT1_7_UNIT 1-APND,AS_NP26,,2009-03-31T07:00:00-00:00,2031-01-01T07:59:59-00:00,2009-03-31T00:00:00,2030-12-31T23:59:59
AS_NP26,POD_PIT1_7_UNIT 2-APND,AS_NP26,,2009-03-31T07:00:00-00:00,2031-01-01T07:59:59-00:00,2009-03-31T00:00:00,2030-12-31T23:59:59
AS_NP26,POD_PIT3_7_PL1X3-APND,AS_NP26,,2009-03-31T07:00:00-00:00,2031-01-01T07:59:59-00:00,2009-03-31T00:00:00,2030-12-31T23:59:59
AS_NP26,POD_PIT4_7_PL1X2-APND,AS_NP26,,2009-03-31T07:00:00-00:00,2031-01-01T07:59:59-00:00,2009-03-31T00:00:00,2030-12-31T23:59:59
AS_NP26,POD_PIT5_7_PL1X2-APND,AS_NP26,,2009-03-31T07:00:00-00:00,2031-01-01T07:59:59-00:00,2009-03-31T00:00:00,2030-12-31T23:59:59
AS_NP26,POD_PIT5_7_PL3X4-APND,AS_NP26,,2009-03-31T07:00:00-00:00,2031-01-01T07:59:59-00:00,2009-03-31T00:00:00,2030-12-31T23:59:59
AS_NP26,POD_PIT6_7_UNIT 1-APND,AS_NP26,,2009-03-31T07:00:00-00:00,2031-01-01T07:59:59-00:00,2009-03-31T00:00:00,2030-12-31T23:59:59
AS_NP26,POD_PIT6_7_UNIT 2-APND,AS_NP26,,2009-03-31T07:00:00-00:00,2031-01-01T07:59:59-00:00,2009-03-31T00:00:00,2030-12-31T23:59:59
AS_NP26,POD_PIT7_7_UNIT 1-APND,AS_NP26,,2009-03-31T07:00:00-00:00,2031-01-01T07:59:59-00:00,2009-03-31T00:00:00,2030-12-31T23:59:59
AS_NP26,POD_PIT7_7_UNIT 2-APND,AS_NP26,,2009-03-31T07:00:00-00:00,2031-01-01T07:59:59-00:00,2009-03-31T00:00:00,2030-12-31T23:59:59
AS_NP26,POD_PMPJCK_1_RB2SLR-APND,AS_NP26,,2016-11-01T07:00:00-00:00,2031-01-01T07:59:59-00:00,2016-11-01T00:00:00,2030-12-31T23:59:59
AS_NP26,POD_PMPJCK_1_SOLAR1-APND,AS_NP26,,2014-12-18T08:00:00-00:00,2031-01-01T07:59:59-00:00,2014-12-18T00:00:00,2030-12-31T23:59:59
AS_NP26,POD_PNCHPP_1_PL1X2-APND,AS_NP26,,2009-03-31T07:00:00-00:00,2031-01-01T07:59:59-00:00,2009-03-31T00:00:00,2030-12-31T23:59:59
AS_NP26,POD_PNCHVS_2_SOLAR-APND,AS_NP26,,2017-10-09T07:00:00-00:00,2031-01-01T07:59:59-00:00,2017-10-09T00:00:00,2030-12-31T23:59:59
AS_NP26,POD_PNOCHE_1_PL1X2-APND,AS_NP26,,2009-03-31T07:00:00-00:00,2031-01-01T07:59:59-00:00,2009-03-31T00:00:00,2030-12-31T23:59:59
AS_NP26,POD_PNOCHE_1_UNITA1-APND,AS_NP26,,2009-03-31T07:00:00-00:00,2031-01-01T07:59:59-00:00,2009-03-31T00:00:00,2030-12-31T23:59:59
AS_NP26,POD_POEPH_7_UNIT 1-APND,AS_NP26,,2009-03-31T07:00:00-00:00,2031-01-01T07:59:59-00:00,2009-03-31T00:00:00,2030-12-31T23:59:59
AS_NP26,POD_POEPH_7_UNIT 2-APND,AS_NP26,,2009-03-31T07:00:00-00:00,2031-01-01T07:59:59-00:00,2009-03-31T00:00:00,2030-12-31T23:59:59
AS_NP26,POD_RCKCRK_7_UNIT 1-APND,AS_NP26,,2009-03-31T07:00:00-00:00,2031-01-01T07:59:59-00:00,2009-03-31T00:00:00,2030-12-31T23:59:59
AS_NP26,POD_RCKCRK_7_UNIT 2-APND,AS_NP26,,2009-03-31T07:00:00-00:00,2031-01-01T07:59:59-00:00,2009-03-31T00:00:00,2030-12-31T23:59:59
AS_NP26,POD_RUSCTY_2_UNITS-APND,AS_NP26,,2013-04-01T07:00:00-00:00,2031-01-01T07:59:59-00:00,2013-04-01T00:00:00,2030-12-31T23:59:59
AS_NP26,POD_RVRVEW_1_UNITA1-APND,AS_NP26,,2009-03-31T07:00:00-00:00,2031-01-01T07:59:59-00:00,2009-03-31T00:00:00,2030-12-31T23:59:59
AS_NP26,POD_SALIRV_2_UNIT-APND,AS_NP26,,2017-09-01T07:00:00-00:00,2031-01-01T07:59:59-00:00,2017-09-01T00:00:00,2030-12-31T23:59:59
AS_NP26,POD_SALTSP_7_UNITS-APND,AS_NP26,,2009-03-31T07:00:00-00:00,2031-01-01T07:59:59-00:00,2009-03-31T00:00:00,2030-12-31T23:59:59
AS_NP26,POD_SANTFG_7_UNITS-APND,AS_NP26,,2009-03-31T07:00:00-00:00,2031-01-01T07:59:59-00:00,2009-03-31T00:00:00,2030-12-31T23:59:59
AS_NP26,POD_SGREGY_6_SANGER-APND,AS_NP26,,2009-03-31T07:00:00-00:00,2031-01-01T07:59:59-00:00,2009-03-31T00:00:00,2030-12-31T23:59:59
AS_NP26,POD_SIERRA_1_UNITS-APND,AS_NP26,,2009-03-31T07:00:00-00:00,2031-01-01T07:59:59-00:00,2009-03-31T00:00:00,2030-12-31T23:59:59
AS_NP26,POD_SKERN_6_SOLAR1-APND,AS_NP26,,2015-02-26T08:00:00-00:00,2031-01-01T07:59:59-00:00,2015-02-26T00:00:00,2030-12-31T23:59:59
AS_NP26,POD_SKERN_6_SOLAR2-APND,AS_NP26,,2016-02-15T08:00:00-00:00,2031-01-01T07:59:59-00:00,2016-02-15T00:00:00,2030-12-31T23:59:59
AS_NP26,POD_SLST13_2_SOLAR1-APND,AS_NP26,,2015-06-19T07:00:00-00:00,2031-01-01T07:59:59-00:00,2015-06-19T00:00:00,2030-12-31T23:59:59
AS_NP26,POD_SMPRIP_1_SMPSON-APND,AS_NP26,,2009-03-31T07:00:00-00:00,2031-01-01T07:59:59-00:00,2009-03-31T00:00:00,2030-12-31T23:59:59
AS_NP26,POD_SMUDGO_7_UNIT 1-APND,AS_NP26,,2009-03-31T07:00:00-00:00,2031-01-01T07:59:59-00:00,2009-03-31T00:00:00,2030-12-31T23:59:59
AS_NP26,POD_SNDBAR_7_UNIT 1-APND,AS_NP26,,2017-01-01T08:00:00-00:00,2031-01-01T07:59:59-00:00,2017-01-01T00:00:00,2030-12-31T23:59:59
AS_NP26,POD_SNMALF_6_UNITS-APND,AS_NP26,,2009-03-31T07:00:00-00:00,2031-01-01T07:59:59-00:00,2009-03-31T00:00:00,2030-12-31T23:59:59
AS_NP26,POD_SPI LI_2_UNIT 1-APND,AS_NP26,,2009-03-31T07:00:00-00:00,2031-01-01T07:59:59-00:00,2009-03-31T00:00:00,2030-12-31T23:59:59
AS_NP26,POD_SPICER_1_UNITS-APND,AS_NP26,,2009-03-31T07:00:00-00:00,2031-01-01T07:59:59-00:00,2009-03-31T00:00:00,2030-12-31T23:59:59
AS_NP26,POD_STANIS_7_UNIT 1-APND,AS_NP26,,2009-03-31T07:00:00-00:00,2031-01-01T07:59:59-00:00,2009-03-31T00:00:00,2030-12-31T23:59:59
AS_NP26,POD_SUMWHT_6_SWSSR1-APND,AS_NP26,,2018-05-29T07:00:00-00:00,2031-01-01T07:59:59-00:00,2018-05-29T00:00:00,2030-12-31T23:59:59
AS_NP26,POD_SUNRIS_2_PL1X3-APND,AS_NP26,,2009-03-31T07:00:00-00:00,2031-01-01T07:59:59-00:00,2009-03-31T00:00:00,2030-12-31T23:59:59
AS_NP26,POD_SUNSET_2_UNITS-APND,AS_NP26,,2009-03-31T07:00:00-00:00,2031-01-01T07:59:59-00:00,2009-03-31T00:00:00,2030-12-31T23:59:59
AS_NP26,POD_TANHIL_6_SOLART-APND,AS_NP26,,2009-03-31T07:00:00-00:00,2031-01-01T07:59:59-00:00,2009-03-31T00:00:00,2030-12-31T23:59:59
AS_NP26,POD_TBLMTN_6_QF-APND,AS_NP26,,2009-03-31T07:00:00-00:00,2031-01-01T07:59:59-00:00,2009-03-31T00:00:00,2030-12-31T23:59:59
AS_NP26,POD_TIGRCK_7_UNITS-APND,AS_NP26,,2009-03-31T07:00:00-00:00,2031-01-01T07:59:59-00:00,2009-03-31T00:00:00,2030-12-31T23:59:59
AS_NP26,POD_TKOPWR_6_HYDRO-APND,AS_NP26,,2016-04-01T07:00:00-00:00,2031-01-01T07:59:59-00:00,2016-04-01T00:00:00,2030-12-31T23:59:59
AS_NP26,POD_TRNQL8_2_AMASR1-APND,AS_NP26,,2017-10-08T07:00:00-00:00,2031-01-01T07:59:59-00:00,2017-10-08T00:00:00,2030-12-31T23:59:59
AS_NP26,POD_TRNQL8_2_AZUSR1-APND,AS_NP26,,2017-10-23T07:00:00-00:00,2031-01-01T07:59:59-00:00,2017-10-23T00:00:00,2030-12-31T23:59:59
AS_NP26,POD_TRNQL8_2_ROJSR1-APND,AS_NP26,,2017-10-08T07:00:00-00:00,2031-01-01T07:59:59-00:00,2017-10-08T00:00:00,2030-12-31T23:59:59
AS_NP26,POD_TRNQL8_2_VERSR1-APND,AS_NP26,,2017-10-08T07:00:00-00:00,2031-01-01T07:59:59-00:00,2017-10-08T00:00:00,2030-12-31T23:59:59
AS_NP26,POD_TRNQLT_2_SOLAR-APND,AS_NP26,,2016-02-26T08:00:00-00:00,2031-01-01T07:59:59-00:00,2016-02-26T00:00:00,2030-12-31T23:59:59
AS_NP26,POD_TXMCKT_6_UNIT-APND,AS_NP26,,2012-06-22T07:00:00-00:00,2031-01-01T07:59:59-00:00,2012-06-22T00:00:00,2030-12-31T23:59:59
AS_NP26,POD_ULTPFR_1_UNIT 1-APND,AS_NP26,,2009-03-31T07:00:00-00:00,2031-01-01T07:59:59-00:00,2009-03-31T00:00:00,2030-12-31T23:59:59
AS_NP26,POD_ULTRCK_2_UNIT-APND,AS_NP26,,2009-03-31T07:00:00-00:00,2031-01-01T07:59:59-00:00,2009-03-31T00:00:00,2030-12-31T23:59:59
AS_NP26,POD_UNOCAL_1_UNITS-APND,AS_NP26,,2009-03-31T07:00:00-00:00,2031-01-01T07:59:59-00:00,2009-03-31T00:00:00,2030-12-31T23:59:59
AS_NP26,POD_UNVRSY_1_UNIT 1-APND,AS_NP26,,2009-03-31T07:00:00-00:00,2031-01-01T07:59:59-00:00,2009-03-31T00:00:00,2030-12-31T23:59:59
AS_NP26,POD_USWND2_1_WIND1-APND,AS_NP26,,2015-11-08T08:00:00-00:00,2031-01-01T07:59:59-00:00,2015-11-08T00:00:00,2030-12-31T23:59:59
AS_NP26,POD_USWND2_1_WIND2-APND,AS_NP26,,2015-11-08T08:00:00-00:00,2031-01-01T07:59:59-00:00,2015-11-08T00:00:00,2030-12-31T23:59:59
AS_NP26,POD_USWND2_1_WIND3-APND,AS_NP26,,2017-09-18T07:00:00-00:00,2031-01-01T07:59:59-00:00,2017-09-18T00:00:00,2030-12-31T23:59:59
AS_NP26,POD_VACADX_1_UNITA1-APND,AS_NP26,,2009-03-31T07:00:00-00:00,2031-01-01T07:59:59-00:00,2009-03-31T00:00:00,2030-12-31T23:59:59
AS_NP26,POD_VEDDER_1_SEKERN-APND,AS_NP26,,2009-03-31T07:00:00-00:00,2031-01-01T07:59:59-00:00,2009-03-31T00:00:00,2030-12-31T23:59:59
AS_NP26,POD_WAUKNA_1_SOLAR2-APND,AS_NP26,,2015-04-06T07:00:00-00:00,2031-01-01T07:59:59-00:00,2015-04-06T00:00:00,2030-12-31T23:59:59
AS_NP26,POD_WDLEAF_7_UNIT 1-APND,AS_NP26,,2009-03-31T07:00:00-00:00,2031-01-01T07:59:59-00:00,2009-03-31T00:00:00,2030-12-31T23:59:59
AS_NP26,POD_WESTPT_2_UNIT-APND,AS_NP26,,2009-03-31T07:00:00-00:00,2031-01-01T07:59:59-00:00,2009-03-31T00:00:00,2030-12-31T23:59:59
AS_NP26,POD_WLDWD_1_SOLAR1-APND,AS_NP26,,2015-01-22T08:00:00-00:00,2031-01-01T07:59:59-00:00,2015-01-22T00:00:00,2030-12-31T23:59:59
AS_NP26,POD_YUBACT_1_SUNSWT-APND,AS_NP26,,2009-03-31T07:00:00-00:00,2031-01-01T07:59:59-00:00,2009-03-31T00:00:00,2030-12-31T23:59:59
AS_NP26,POD_YUBACT_6_UNITA1-APND,AS_NP26,,2009-03-31T07:00:00-00:00,2031-01-01T07:59:59-00:00,2009-03-31T00:00:00,2030-12-31T23:59:59
AS_NP26,POD_ZOND_6_UNIT-APND,AS_NP26,,2009-03-31T07:00:00-00:00,2031-01-01T07:59:59-00:00,2009-03-31T00:00:00,2030-12-31T23:59:59
AS_NP26,POE1_7_B1,AS_NP26,,2009-03-31T07:00:00-00:00,2031-01-01T07:59:59-00:00,2009-03-31T00:00:00,2030-12-31T23:59:59
AS_NP26,POE2_7_B1,AS_NP26,,2009-03-31T07:00:00-00:00,2031-01-01T07:59:59-00:00,2009-03-31T00:00:00,2030-12-31T23:59:59
AS_NP26,POE_2_B1,AS_NP26,,2017-08-17T07:00:00-00:00,2031-01-01T07:59:59-00:00,2017-08-17T00:00:00,2030-12-31T23:59:59
AS_NP26,POLPASPP_6_N002,AS_NP26,,2009-03-31T07:00:00-00:00,2031-01-01T07:59:59-00:00,2009-03-31T00:00:00,2030-12-31T23:59:59
AS_NP26,POSOMT_1_N001,AS_NP26,,2009-03-31T07:00:00-00:00,2031-01-01T07:59:59-00:00,2009-03-31T00:00:00,2030-12-31T23:59:59
AS_NP26,POSOMT_1_N005,AS_NP26,,2014-08-28T07:00:00-00:00,2031-01-01T07:59:59-00:00,2014-08-28T00:00:00,2030-12-31T23:59:59
AS_NP26,POST_1_N001,AS_NP26,,2009-03-31T07:00:00-00:00,2031-01-01T07:59:59-00:00,2009-03-31T00:00:00,2030-12-31T23:59:59
AS_NP26,POTRERO_1_N001,AS_NP26,,2009-03-31T07:00:00-00:00,2031-01-01T07:59:59-00:00,2009-03-31T00:00:00,2030-12-31T23:59:59
AS_NP26,POTRERO_1_N013,AS_NP26,,2009-03-31T07:00:00-00:00,2031-01-01T07:59:59-00:00,2009-03-31T00:00:00,2030-12-31T23:59:59
AS_NP26,POTRERO_1_N016,AS_NP26,,2009-03-31T07:00:00-00:00,2031-01-01T07:59:59-00:00,2009-03-31T00:00:00,2030-12-31T23:59:59
AS_NP26,POTRERO_1_N049,AS_NP26,,2009-06-25T07:00:00-00:00,2031-01-01T07:59:59-00:00,2009-06-25T00:00:00,2030-12-31T23:59:59
AS_NP26,POTTRVLY_7_N001,AS_NP26,,2009-03-31T07:00:00-00:00,2031-01-01T07:59:59-00:00,2009-03-31T00:00:00,2030-12-31T23:59:59
AS_NP26,POTTRVLY_7_N002,AS_NP26,,2009-03-31T07:00:00-00:00,2031-01-01T07:59:59-00:00,2009-03-31T00:00:00,2030-12-31T23:59:59
AS_NP26,POTTRVLY_7_N003,AS_NP26,,2009-03-31T07:00:00-00:00,2031-01-01T07:59:59-00:00,2009-03-31T00:00:00,2030-12-31T23:59:59
AS_NP26,PPSTLTAP_1_N001,AS_NP26,,2009-03-31T07:00:00-00:00,2031-01-01T07:59:59-00:00,2009-03-31T00:00:00,2030-12-31T23:59:59
AS_NP26,PPSTLTAP_1_N104,AS_NP26,,2009-03-31T07:00:00-00:00,2031-01-01T07:59:59-00:00,2009-03-31T00:00:00,2030-12-31T23:59:59
AS_NP26,PRAXAIR_1_B1,AS_NP26,,2009-03-31T07:00:00-00:00,2031-01-01T07:59:59-00:00,2009-03-31T00:00:00,2030-12-31T23:59:59
AS_NP26,PRAXAIR_1_GN001,AS_NP26,,2009-12-17T08:00:00-00:00,2031-01-01T07:59:59-00:00,2009-12-17T00:00:00,2030-12-31T23:59:59
AS_NP26,PROXSR_7_N003,AS_NP26,,2025-05-13T07:00:00-00:00,2031-01-01T07:59:59-00:00,2025-05-13T00:00:00,2030-12-31T23:59:59
AS_NP26,PROXSR_7_N004,AS_NP26,,2025-05-13T07:00:00-00:00,2031-01-01T07:59:59-00:00,2025-05-13T00:00:00,2030-12-31T23:59:59
AS_NP26,PROXSR_7_N005,AS_NP26,,2025-05-13T07:00:00-00:00,2031-01-01T07:59:59-00:00,2025-05-13T00:00:00,2030-12-31T23:59:59
AS_NP26,PROXSR_7_N006,AS_NP26,,2025-05-13T07:00:00-00:00,2031-01-01T07:59:59-00:00,2025-05-13T00:00:00,2030-12-31T23:59:59
AS_NP26,PROXSR_7_N007,AS_NP26,,2025-05-13T07:00:00-00:00,2031-01-01T07:59:59-00:00,2025-05-13T00:00:00,2030-12-31T23:59:59
AS_NP26,PRTCSTA_6_N001,AS_NP26,,2009-03-31T07:00:00-00:00,2031-01-01T07:59:59-00:00,2009-03-31T00:00:00,2030-12-31T23:59:59
AS_NP26,PRUNEDLE_1_N001,AS_NP26,,2009-03-31T07:00:00-00:00,2031-01-01T07:59:59-00:00,2009-03-31T00:00:00,2030-12-31T23:59:59
AS_NP26,PRUNEDLE_1_N002,AS_NP26,,2009-03-31T07:00:00-00:00,2031-01-01T07:59:59-00:00,2009-03-31T00:00:00,2030-12-31T23:59:59
AS_NP26,PRUNEDLE_1_N004,AS_NP26,,2009-03-31T07:00:00-00:00,2031-01-01T07:59:59-00:00,2009-03-31T00:00:00,2030-12-31T23:59:59
AS_NP26,PSARBLS_6_N001,AS_NP26,,2009-03-31T07:00:00-00:00,2031-01-01T07:59:59-00:00,2009-03-31T00:00:00,2030-12-31T23:59:59
AS_NP26,PSARBLS_6_N005,AS_NP26,,2009-03-31T07:00:00-00:00,2031-01-01T07:59:59-00:00,2009-03-31T00:00:00,2030-12-31T23:59:59
AS_NP26,PSARBLS_6_N007,AS_NP26,,2009-03-31T07:00:00-00:00,2031-01-01T07:59:59-00:00,2009-03-31T00:00:00,2030-12-31T23:59:59
AS_NP26,PSE-BEAR_7_B1,AS_NP26,,2009-03-31T07:00:00-00:00,2031-01-01T07:59:59-00:00,2009-03-31T00:00:00,2030-12-31T23:59:59
AS_NP26,PSE-LVOK_7_B1,AS_NP26,,2025-05-13T07:00:00-00:00,2031-01-01T07:59:59-00:00,2025-05-13T00:00:00,2030-12-31T23:59:59
AS_NP26,PSEMCKIT_7_B1,AS_NP26,,2025-05-13T07:00:00-00:00,2031-01-01T07:59:59-00:00,2025-05-13T00:00:00,2030-12-31T23:59:59
AS_NP26,PSEUDO1B_1_N002,AS_NP26,,2009-03-31T07:00:00-00:00,2031-01-01T07:59:59-00:00,2009-03-31T00:00:00,2030-12-31T23:59:59
AS_NP26,PSEUDO1_1_N001,AS_NP26,,2009-06-25T07:00:00-00:00,2031-01-01T07:59:59-00:00,2009-06-25T00:00:00,2030-12-31T23:59:59
AS_NP26,PSEUDO4_1_N001,AS_NP26,,2009-03-31T07:00:00-00:00,2031-01-01T07:59:59-00:00,2009-03-31T00:00:00,2030-12-31T23:59:59
AS_NP26,PSQUINCY_6_GN001,AS_NP26,,2025-05-13T07:00:00-00:00,2031-01-01T07:59:59-00:00,2025-05-13T00:00:00,2030-12-31T23:59:59
AS_NP26,PSQUINCY_6_N001,AS_NP26,,2009-03-31T07:00:00-00:00,2031-01-01T07:59:59-00:00,2009-03-31T00:00:00,2030-12-31T23:59:59
AS_NP26,PSQUINCY_6_N005,AS_NP26,,2021-10-06T07:00:00-00:00,2031-01-01T07:59:59-00:00,2021-10-06T00:00:00,2030-12-31T23:59:59
AS_NP26,PSTCKTN_6_LN001,AS_NP26,,2014-04-17T07:00:00-00:00,2031-01-01T07:59:59-00:00,2014-04-17T00:00:00,2030-12-31T23:59:59
AS_NP26,PTHLGEN_7_N001,AS_NP26,,2015-10-22T07:00:00-00:00,2031-01-01T07:59:59-00:00,2015-10-22T00:00:00,2030-12-31T23:59:59
AS_NP26,PTHLGEN_7_N002,AS_NP26,,2025-05-13T07:00:00-00:00,2031-01-01T07:59:59-00:00,2025-05-13T00:00:00,2030-12-31T23:59:59
AS_NP26,PTMRTTI_6_N001,AS_NP26,,2009-03-31T07:00:00-00:00,2031-01-01T07:59:59-00:00,2009-03-31T00:00:00,2030-12-31T23:59:59
AS_NP26,PTRRO230_2_LD1CN,AS_NP26,,2021-03-17T07:00:00-00:00,2031-01-01T07:59:59-00:00,2021-03-17T00:00:00,2030-12-31T23:59:59
AS_NP26,PTS7SWNG_7_B2,AS_NP26,,2009-03-31T07:00:00-00:00,2031-01-01T07:59:59-00:00,2009-03-31T00:00:00,2030-12-31T23:59:59
AS_NP26,PTSB5_7_B2,AS_NP26,,2009-03-31T07:00:00-00:00,2031-01-01T07:59:59-00:00,2009-03-31T00:00:00,2030-12-31T23:59:59
AS_NP26,PTSB6_7_B2,AS_NP26,,2009-03-31T07:00:00-00:00,2031-01-01T07:59:59-00:00,2009-03-31T00:00:00,2030-12-31T23:59:59
AS_NP26,PTTRVLY_6_N001,AS_NP26,,2009-03-31T07:00:00-00:00,2031-01-01T07:59:59-00:00,2009-03-31T00:00:00,2030-12-31T23:59:59
AS_NP26,PUEBLOPG_1_N001,AS_NP26,,2023-11-15T08:00:00-00:00,2031-01-01T07:59:59-00:00,2023-11-15T00:00:00,2030-12-31T23:59:59
AS_NP26,PUEBLOPG_1_N010,AS_NP26,,2023-11-15T08:00:00-00:00,2031-01-01T07:59:59-00:00,2023-11-15T00:00:00,2030-12-31T23:59:59
AS_NP26,PUEBLOPG_1_NLD3,AS_NP26,,2022-06-15T07:00:00-00:00,2031-01-01T07:59:59-00:00,2022-06-15T00:00:00,2030-12-31T23:59:59
AS_NP26,PURISIMA_1_N001,AS_NP26,,2009-03-31T07:00:00-00:00,2031-01-01T07:59:59-00:00,2009-03-31T00:00:00,2030-12-31T23:59:59
AS_NP26,PUTCR_7_N001,AS_NP26,,2014-11-13T08:00:00-00:00,2031-01-01T07:59:59-00:00,2014-11-13T00:00:00,2030-12-31T23:59:59
AS_NP26,PUTCR_7_N002,AS_NP26,,2025-05-13T07:00:00-00:00,2031-01-01T07:59:59-00:00,2025-05-13T00:00:00,2030-12-31T23:59:59
AS_NP26,PUTHCRK_1_N011,AS_NP26,,2021-10-06T07:00:00-00:00,2031-01-01T07:59:59-00:00,2021-10-06T00:00:00,2030-12-31T23:59:59
AS_NP26,PUTHCR_7_N004,AS_NP26,,2025-05-13T07:00:00-00:00,2031-01-01T07:59:59-00:00,2025-05-13T00:00:00,2030-12-31T23:59:59
AS_NP26,Q045CTG1_7_N001,AS_NP26,,2012-12-19T08:00:00-00:00,2031-01-01T07:59:59-00:00,2012-12-19T00:00:00,2030-12-31T23:59:59
AS_NP26,Q045CTG1_7_N002,AS_NP26,,2012-12-19T08:00:00-00:00,2031-01-01T07:59:59-00:00,2012-12-19T00:00:00,2030-12-31T23:59:59
AS_NP26,Q045CTG2_7_N001,AS_NP26,,2012-12-19T08:00:00-00:00,2031-01-01T07:59:59-00:00,2012-12-19T00:00:00,2030-12-31T23:59:59
AS_NP26,Q045CTG2_7_N002,AS_NP26,,2012-12-19T08:00:00-00:00,2031-01-01T07:59:59-00:00,2012-12-19T00:00:00,2030-12-31T23:59:59
AS_NP26,Q0577SS_2_B1,AS_NP26,,2015-06-19T07:00:00-00:00,2031-01-01T07:59:59-00:00,2015-06-19T00:00:00,2030-12-31T23:59:59
AS_NP26,Q067STG1_7_N001,AS_NP26,,2012-12-19T08:00:00-00:00,2031-01-01T07:59:59-00:00,2012-12-19T00:00:00,2030-12-31T23:59:59
AS_NP26,Q067STG1_7_N002,AS_NP26,,2012-12-19T08:00:00-00:00,2031-01-01T07:59:59-00:00,2012-12-19T00:00:00,2030-12-31T23:59:59
AS_NP26,Q1032C2_7_N001,AS_NP26,,2017-08-17T07:00:00-00:00,2031-01-01T07:59:59-00:00,2017-08-17T00:00:00,2030-12-31T23:59:59
AS_NP26,Q1032C2_7_N002,AS_NP26,,2017-08-17T07:00:00-00:00,2031-01-01T07:59:59-00:00,2017-08-17T00:00:00,2030-12-31T23:59:59
AS_NP26,Q1032C2_7_N003,AS_NP26,,2017-08-17T07:00:00-00:00,2031-01-01T07:59:59-00:00,2017-08-17T00:00:00,2030-12-31T23:59:59
AS_NP26,Q1032C2_7_N004,AS_NP26,,2017-08-17T07:00:00-00:00,2031-01-01T07:59:59-00:00,2017-08-17T00:00:00,2030-12-31T23:59:59
AS_NP26,Q1470_7_N001,AS_NP26,,2025-05-13T07:00:00-00:00,2031-01-01T07:59:59-00:00,2025-05-13T00:00:00,2030-12-31T23:59:59
AS_NP26,Q1470_7_N003,AS_NP26,,2025-04-16T07:00:00-00:00,2031-01-01T07:59:59-00:00,2025-04-16T00:00:00,2030-12-31T23:59:59
AS_NP26,Q356TAP_6_B1,AS_NP26,,2019-05-01T07:00:00-00:00,2031-01-01T07:59:59-00:00,2019-05-01T00:00:00,2030-12-31T23:59:59
AS_NP26,Q356_7_N001,AS_NP26,,2017-08-17T07:00:00-00:00,2031-01-01T07:59:59-00:00,2017-08-17T00:00:00,2030-12-31T23:59:59
AS_NP26,Q477_7_B1,AS_NP26,,2025-05-13T07:00:00-00:00,2031-01-01T07:59:59-00:00,2025-05-13T00:00:00,2030-12-31T23:59:59
AS_NP26,Q477_7_ND002,AS_NP26,,2011-10-14T07:00:00-00:00,2031-01-01T07:59:59-00:00,2011-10-14T00:00:00,2030-12-31T23:59:59
AS_NP26,Q481_7_GN001,AS_NP26,,2023-05-05T07:00:00-00:00,2031-01-01T07:59:59-00:00,2023-05-05T00:00:00,2030-12-31T23:59:59
AS_NP26,Q482_7_N001,AS_NP26,,2025-05-13T07:00:00-00:00,2031-01-01T07:59:59-00:00,2025-05-13T00:00:00,2030-12-31T23:59:59
AS_NP26,Q484_7_N001,AS_NP26,,2025-05-13T07:00:00-00:00,2031-01-01T07:59:59-00:00,2025-05-13T00:00:00,2030-12-31T23:59:59
AS_NP26,Q526C2_7_N006,AS_NP26,,2016-08-18T07:00:00-00:00,2031-01-01T07:59:59-00:00,2016-08-18T00:00:00,2030-12-31T23:59:59
AS_NP26,Q526TP_6_B1,AS_NP26,,2017-08-17T07:00:00-00:00,2031-01-01T07:59:59-00:00,2017-08-17T00:00:00,2030-12-31T23:59:59
AS_NP26,Q532C2_7_N001,AS_NP26,,2025-05-13T07:00:00-00:00,2031-01-01T07:59:59-00:00,2025-05-13T00:00:00,2030-12-31T23:59:59
AS_NP26,Q548_7_N001,AS_NP26,,2025-05-13T07:00:00-00:00,2031-01-01T07:59:59-00:00,2025-05-13T00:00:00,2030-12-31T23:59:59
AS_NP26,Q557_7_N001,AS_NP26,,2025-05-13T07:00:00-00:00,2031-01-01T07:59:59-00:00,2025-05-13T00:00:00,2030-12-31T23:59:59
AS_NP26,Q607GEN_7_N002,AS_NP26,,2015-01-15T08:00:00-00:00,2031-01-01T07:59:59-00:00,2015-01-15T00:00:00,2030-12-31T23:59:59
AS_NP26,Q620_7_N001,AS_NP26,,2025-05-13T07:00:00-00:00,2031-01-01T07:59:59-00:00,2025-05-13T00:00:00,2030-12-31T23:59:59
AS_NP26,Q633C1_7_N001,AS_NP26,,2013-11-21T08:00:00-00:00,2031-01-01T07:59:59-00:00,2013-11-21T00:00:00,2030-12-31T23:59:59
AS_NP26,Q633_6_B1,AS_NP26,,2017-08-17T07:00:00-00:00,2031-01-01T07:59:59-00:00,2017-08-17T00:00:00,2030-12-31T23:59:59
AS_NP26,Q643G_6_N002,AS_NP26,,2014-08-28T07:00:00-00:00,2031-01-01T07:59:59-00:00,2014-08-28T00:00:00,2030-12-31T23:59:59
AS_NP26,Q643G_7_N001,AS_NP26,,2025-05-13T07:00:00-00:00,2031-01-01T07:59:59-00:00,2025-05-13T00:00:00,2030-12-31T23:59:59
AS_NP26,Q643WC2_7_N001,AS_NP26,,2025-05-13T07:00:00-00:00,2031-01-01T07:59:59-00:00,2025-05-13T00:00:00,2030-12-31T23:59:59
AS_NP26,Q643WC2_7_N002,AS_NP26,,2016-02-11T08:00:00-00:00,2031-01-01T07:59:59-00:00,2016-02-11T00:00:00,2030-12-31T23:59:59
AS_NP26,Q643WC2_7_N003,AS_NP26,,2025-05-13T07:00:00-00:00,2031-01-01T07:59:59-00:00,2025-05-13T00:00:00,2030-12-31T23:59:59
AS_NP26,Q643W_7_N004,AS_NP26,,2025-05-13T07:00:00-00:00,2031-01-01T07:59:59-00:00,2025-05-13T00:00:00,2030-12-31T23:59:59
AS_NP26,Q643XC2_7_N001,AS_NP26,,2016-02-11T08:00:00-00:00,2031-01-01T07:59:59-00:00,2016-02-11T00:00:00,2030-12-31T23:59:59
AS_NP26,Q643XC2_7_N002,AS_NP26,,2025-05-13T07:00:00-00:00,2031-01-01T07:59:59-00:00,2025-05-13T00:00:00,2030-12-31T23:59:59
AS_NP26,Q643X_2_NM01,AS_NP26,,2021-08-25T07:00:00-00:00,2031-01-01T07:59:59-00:00,2021-08-25T00:00:00,2030-12-31T23:59:59
AS_NP26,Q653BTP_1_B1,AS_NP26,,2025-10-02T07:00:00-00:00,2031-01-01T07:59:59-00:00,2025-10-02T00:00:00,2030-12-31T23:59:59
AS_NP26,Q653B_1_B1,AS_NP26,,2017-08-17T07:00:00-00:00,2031-01-01T07:59:59-00:00,2017-08-17T00:00:00,2030-12-31T23:59:59
AS_NP26,Q653B_7_N001,AS_NP26,,2014-08-28T07:00:00-00:00,2031-01-01T07:59:59-00:00,2014-08-28T00:00:00,2030-12-31T23:59:59
AS_NP26,Q678C2_7_N001,AS_NP26,,2016-05-19T07:00:00-00:00,2031-01-01T07:59:59-00:00,2016-05-19T00:00:00,2030-12-31T23:59:59
AS_NP26,Q678SS_1_B1,AS_NP26,,2017-08-17T07:00:00-00:00,2031-01-01T07:59:59-00:00,2017-08-17T00:00:00,2030-12-31T23:59:59
AS_NP26,Q679C2_7_N001,AS_NP26,,2017-02-16T08:00:00-00:00,2031-01-01T07:59:59-00:00,2017-02-16T00:00:00,2030-12-31T23:59:59
AS_NP26,Q723EQ2_7_N001,AS_NP26,,2025-05-13T07:00:00-00:00,2031-01-01T07:59:59-00:00,2025-05-13T00:00:00,2030-12-31T23:59:59
AS_NP26,Q775EQ1_7_N002,AS_NP26,,2025-05-13T07:00:00-00:00,2031-01-01T07:59:59-00:00,2025-05-13T00:00:00,2030-12-31T23:59:59
AS_NP26,Q829GEN_7_N001,AS_NP26,,2016-02-11T08:00:00-00:00,2031-01-01T07:59:59-00:00,2016-02-11T00:00:00,2030-12-31T23:59:59
AS_NP26,Q829GEN_7_N002,AS_NP26,,2016-02-11T08:00:00-00:00,2031-01-01T07:59:59-00:00,2016-02-11T00:00:00,2030-12-31T23:59:59
AS_NP26,Q885C2_7_N001,AS_NP26,,2015-10-22T07:00:00-00:00,2031-01-01T07:59:59-00:00,2015-10-22T00:00:00,2030-12-31T23:59:59
AS_NP26,Q965C2_7_N001,AS_NP26,,2025-05-13T07:00:00-00:00,2031-01-01T07:59:59-00:00,2025-05-13T00:00:00,2030-12-31T23:59:59
AS_NP26,Q972GEN_7_N001,AS_NP26,,2016-08-18T07:00:00-00:00,2031-01-01T07:59:59-00:00,2016-08-18T00:00:00,2030-12-31T23:59:59
AS_NP26,QUEBEC_1_N001,AS_NP26,,2009-03-31T07:00:00-00:00,2031-01-01T07:59:59-00:00,2009-03-31T00:00:00,2030-12-31T23:59:59
AS_NP26,RADUM_6_N001,AS_NP26,,2009-03-31T07:00:00-00:00,2031-01-01T07:59:59-00:00,2009-03-31T00:00:00,2030-12-31T23:59:59
AS_NP26,RADUM_6_N004,AS_NP26,,2009-03-31T07:00:00-00:00,2031-01-01T07:59:59-00:00,2009-03-31T00:00:00,2030-12-31T23:59:59
AS_NP26,RAILRC_1_B2,AS_NP26,,2022-03-17T07:00:00-00:00,2031-01-01T07:59:59-00:00,2022-03-17T00:00:00,2030-12-31T23:59:59
AS_NP26,RAINBOW_1_N001,AS_NP26,,2009-03-31T07:00:00-00:00,2031-01-01T07:59:59-00:00,2009-03-31T00:00:00,2030-12-31T23:59:59
AS_NP26,RALSTON_2_B1,AS_NP26,,2017-08-17T07:00:00-00:00,2031-01-01T07:59:59-00:00,2017-08-17T00:00:00,2030-12-31T23:59:59
AS_NP26,RALSTON_6_N001,AS_NP26,,2009-03-31T07:00:00-00:00,2031-01-01T07:59:59-00:00,2009-03-31T00:00:00,2030-12-31T23:59:59
AS_NP26,RALSTON_6_N002,AS_NP26,,2009-03-31T07:00:00-00:00,2031-01-01T07:59:59-00:00,2009-03-31T00:00:00,2030-12-31T23:59:59
AS_NP26,RALSTON_7_B1,AS_NP26,,2009-03-31T07:00:00-00:00,2031-01-01T07:59:59-00:00,2009-03-31T00:00:00,2030-12-31T23:59:59
AS_NP26,RALSTTPB_6_N008,AS_NP26,,2011-08-12T07:00:00-00:00,2031-01-01T07:59:59-00:00,2011-08-12T00:00:00,2030-12-31T23:59:59
AS_NP26,RANCHRS_1_N001,AS_NP26,,2009-03-31T07:00:00-00:00,2031-01-01T07:59:59-00:00,2009-03-31T00:00:00,2030-12-31T23:59:59
AS_NP26,RAWSON_6_N001,AS_NP26,,2009-03-31T07:00:00-00:00,2031-01-01T07:59:59-00:00,2009-03-31T00:00:00,2030-12-31T23:59:59
AS_NP26,RAWSON_6_N002,AS_NP26,,2009-03-31T07:00:00-00:00,2031-01-01T07:59:59-00:00,2009-03-31T00:00:00,2030-12-31T23:59:59
AS_NP26,RAYCHEM_6_N001,AS_NP26,,2009-03-31T07:00:00-00:00,2031-01-01T07:59:59-00:00,2009-03-31T00:00:00,2030-12-31T23:59:59
AS_NP26,RDBLFPP_6_N001,AS_NP26,,2012-03-22T07:00:00-00:00,2031-01-01T07:59:59-00:00,2012-03-22T00:00:00,2030-12-31T23:59:59
AS_NP26,RDWDLNDF_7_N001,AS_NP26,,2025-05-13T07:00:00-00:00,2031-01-01T07:59:59-00:00,2025-05-13T00:00:00,2030-12-31T23:59:59
AS_NP26,REDBLFF_6_N001,AS_NP26,,2009-03-31T07:00:00-00:00,2031-01-01T07:59:59-00:00,2009-03-31T00:00:00,2030-12-31T23:59:59
AS_NP26,REDBLFF_6_N004,AS_NP26,,2009-03-31T07:00:00-00:00,2031-01-01T07:59:59-00:00,2009-03-31T00:00:00,2030-12-31T23:59:59
AS_NP26,REDBLFF_6_N005,AS_NP26,,2009-03-31T07:00:00-00:00,2031-01-01T07:59:59-00:00,2009-03-31T00:00:00,2030-12-31T23:59:59
AS_NP26,REDBLFF_6_N008,AS_NP26,,2012-06-14T07:00:00-00:00,2031-01-01T07:59:59-00:00,2012-06-14T00:00:00,2030-12-31T23:59:59
AS_NP26,REDBUD_1_N001,AS_NP26,,2009-03-31T07:00:00-00:00,2031-01-01T07:59:59-00:00,2009-03-31T00:00:00,2030-12-31T23:59:59
AS_NP26,REDBUD_1_N004,AS_NP26,,2009-03-31T07:00:00-00:00,2031-01-01T07:59:59-00:00,2009-03-31T00:00:00,2030-12-31T23:59:59
AS_NP26,REDWOOD_6_N001,AS_NP26,,2009-03-31T07:00:00-00:00,2031-01-01T07:59:59-00:00,2009-03-31T00:00:00,2030-12-31T23:59:59
AS_NP26,REDWOOD_6_N002,AS_NP26,,2009-03-31T07:00:00-00:00,2031-01-01T07:59:59-00:00,2009-03-31T00:00:00,2030-12-31T23:59:59
AS_NP26,REDWOOD_6_N005,AS_NP26,,2009-03-31T07:00:00-00:00,2031-01-01T07:59:59-00:00,2009-03-31T00:00:00,2030-12-31T23:59:59
AS_NP26,REDWOOD_6_N006,AS_NP26,,2009-03-31T07:00:00-00:00,2031-01-01T07:59:59-00:00,2009-03-31T00:00:00,2030-12-31T23:59:59
AS_NP26,REDWOOD_6_N007,AS_NP26,,2009-03-31T07:00:00-00:00,2031-01-01T07:59:59-00:00,2009-03-31T00:00:00,2030-12-31T23:59:59
AS_NP26,REEDLEY_1_N001,AS_NP26,,2012-03-22T07:00:00-00:00,2031-01-01T07:59:59-00:00,2012-03-22T00:00:00,2030-12-31T23:59:59
AS_NP26,REEDLEY_6_N001,AS_NP26,,2013-07-18T07:00:00-00:00,2031-01-01T07:59:59-00:00,2013-07-18T00:00:00,2030-12-31T23:59:59
AS_NP26,REEDLEY_7_N002,AS_NP26,,2025-05-13T07:00:00-00:00,2031-01-01T07:59:59-00:00,2025-05-13T00:00:00,2030-12-31T23:59:59
AS_NP26,RENFRO_1_N001,AS_NP26,,2009-03-31T07:00:00-00:00,2031-01-01T07:59:59-00:00,2009-03-31T00:00:00,2030-12-31T23:59:59
AS_NP26,RENFRO_1_N010,AS_NP26,,2009-03-31T07:00:00-00:00,2031-01-01T07:59:59-00:00,2009-03-31T00:00:00,2030-12-31T23:59:59
AS_NP26,RESERVE_6_N001,AS_NP26,,2009-03-31T07:00:00-00:00,2031-01-01T07:59:59-00:00,2009-03-31T00:00:00,2030-12-31T23:59:59
AS_NP26,REXFRD_2_RSFBX2-APND,AS_NP26,,2024-07-01T07:00:00-00:00,2031-01-01T07:59:59-00:00,2024-07-01T00:00:00,2030-12-31T23:59:59
AS_NP26,REXFRD_2_RSFSX2-APND,AS_NP26,,2024-07-01T07:00:00-00:00,2031-01-01T07:59:59-00:00,2024-07-01T00:00:00,2030-12-31T23:59:59
AS_NP26,RICE_6_N002,AS_NP26,,2009-03-31T07:00:00-00:00,2031-01-01T07:59:59-00:00,2009-03-31T00:00:00,2030-12-31T23:59:59
AS_NP26,RICE_6_N101,AS_NP26,,2009-03-31T07:00:00-00:00,2031-01-01T07:59:59-00:00,2009-03-31T00:00:00,2030-12-31T23:59:59
AS_NP26,RICHGEN_7_N001,AS_NP26,,2016-02-11T08:00:00-00:00,2031-01-01T07:59:59-00:00,2016-02-11T00:00:00,2030-12-31T23:59:59
AS_NP26,RICHGEN_7_N002,AS_NP26,,2025-05-13T07:00:00-00:00,2031-01-01T07:59:59-00:00,2025-05-13T00:00:00,2030-12-31T23:59:59
AS_NP26,RICHGN2_7_N001,AS_NP26,,2025-05-13T07:00:00-00:00,2031-01-01T07:59:59-00:00,2025-05-13T00:00:00,2030-12-31T23:59:59
AS_NP26,RICHMOND_1_B1,AS_NP26,,2013-07-18T07:00:00-00:00,2031-01-01T07:59:59-00:00,2013-07-18T00:00:00,2030-12-31T23:59:59
AS_NP26,RICHMOND_1_GN001,AS_NP26,,2009-12-17T08:00:00-00:00,2031-01-01T07:59:59-00:00,2009-12-17T00:00:00,2030-12-31T23:59:59
AS_NP26,RICHMOND_1_N001,AS_NP26,,2013-09-19T07:00:00-00:00,2031-01-01T07:59:59-00:00,2013-09-19T00:00:00,2030-12-31T23:59:59
AS_NP26,RICHMOND_1_N004,AS_NP26,,2025-05-13T07:00:00-00:00,2031-01-01T07:59:59-00:00,2025-05-13T00:00:00,2030-12-31T23:59:59
AS_NP26,RINCON_1_N001,AS_NP26,,2009-03-31T07:00:00-00:00,2031-01-01T07:59:59-00:00,2009-03-31T00:00:00,2030-12-31T23:59:59
AS_NP26,RINCON_1_N003,AS_NP26,,2009-03-31T07:00:00-00:00,2031-01-01T07:59:59-00:00,2009-03-31T00:00:00,2030-12-31T23:59:59
AS_NP26,RIOBRVO_1_N001,AS_NP26,,2009-03-31T07:00:00-00:00,2031-01-01T07:59:59-00:00,2009-03-31T00:00:00,2030-12-31T23:59:59
AS_NP26,RIOBRVO_1_N006,AS_NP26,,2009-03-31T07:00:00-00:00,2031-01-01T07:59:59-00:00,2009-03-31T00:00:00,2030-12-31T23:59:59
AS_NP26,RIOBRVQF_6_N001,AS_NP26,,2025-05-13T07:00:00-00:00,2031-01-01T07:59:59-00:00,2025-05-13T00:00:00,2030-12-31T23:59:59
AS_NP26,RIOBRVTM_1_B1,AS_NP26,,2017-08-17T07:00:00-00:00,2031-01-01T07:59:59-00:00,2017-08-17T00:00:00,2030-12-31T23:59:59
AS_NP26,RIOBRVTM_1_N001,AS_NP26,,2009-03-31T07:00:00-00:00,2031-01-01T07:59:59-00:00,2009-03-31T00:00:00,2030-12-31T23:59:59
AS_NP26,RIODELL_6_N001,AS_NP26,,2009-03-31T07:00:00-00:00,2031-01-01T07:59:59-00:00,2009-03-31T00:00:00,2030-12-31T23:59:59
AS_NP26,RIODELL_6_N005,AS_NP26,,2024-05-15T07:00:00-00:00,2031-01-01T07:59:59-00:00,2024-05-15T00:00:00,2030-12-31T23:59:59
AS_NP26,RIODELL_6_N009,AS_NP26,,2024-05-15T07:00:00-00:00,2031-01-01T07:59:59-00:00,2024-05-15T00:00:00,2030-12-31T23:59:59
AS_NP26,RIODLLTP_6_B1,AS_NP26,,2017-08-17T07:00:00-00:00,2031-01-01T07:59:59-00:00,2017-08-17T00:00:00,2030-12-31T23:59:59
AS_NP26,RIOOSO_1_N033,AS_NP26,,2025-05-13T07:00:00-00:00,2031-01-01T07:59:59-00:00,2025-05-13T00:00:00,2030-12-31T23:59:59
AS_NP26,RIPONGEN_7_N021,AS_NP26,,2025-12-17T08:00:00-00:00,2031-01-01T07:59:59-00:00,2025-12-17T00:00:00,2030-12-31T23:59:59
AS_NP26,RIPON_1_N001,AS_NP26,,2025-12-17T08:00:00-00:00,2031-01-01T07:59:59-00:00,2025-12-17T00:00:00,2030-12-31T23:59:59
AS_NP26,RIPON_1_N008,AS_NP26,,2016-05-19T07:00:00-00:00,2031-01-01T07:59:59-00:00,2016-05-19T00:00:00,2030-12-31T23:59:59
AS_NP26,RIVERROC_6_N001,AS_NP26,,2009-03-31T07:00:00-00:00,2031-01-01T07:59:59-00:00,2009-03-31T00:00:00,2030-12-31T23:59:59
AS_NP26,RIVERVEW_1_N003,AS_NP26,,2009-06-25T07:00:00-00:00,2031-01-01T07:59:59-00:00,2009-06-25T00:00:00,2030-12-31T23:59:59
AS_NP26,RIVERVG1_7_B1,AS_NP26,,2009-03-31T07:00:00-00:00,2031-01-01T07:59:59-00:00,2009-03-31T00:00:00,2030-12-31T23:59:59
AS_NP26,RIVRBANK_1_N001,AS_NP26,,2009-03-31T07:00:00-00:00,2031-01-01T07:59:59-00:00,2009-03-31T00:00:00,2030-12-31T23:59:59
AS_NP26,ROBROY_1_N001,AS_NP26,,2009-03-31T07:00:00-00:00,2031-01-01T07:59:59-00:00,2009-03-31T00:00:00,2030-12-31T23:59:59
AS_NP26,ROCKCK1_7_B1,AS_NP26,,2022-03-17T07:00:00-00:00,2031-01-01T07:59:59-00:00,2022-03-17T00:00:00,2030-12-31T23:59:59
AS_NP26,ROCKCK2_7_B1,AS_NP26,,2022-03-17T07:00:00-00:00,2031-01-01T07:59:59-00:00,2022-03-17T00:00:00,2030-12-31T23:59:59
AS_NP26,ROCKCRK_2_B1,AS_NP26,,2017-08-17T07:00:00-00:00,2031-01-01T07:59:59-00:00,2017-08-17T00:00:00,2030-12-31T23:59:59
AS_NP26,ROCKCRK_2_B11,AS_NP26,,2017-08-17T07:00:00-00:00,2031-01-01T07:59:59-00:00,2017-08-17T00:00:00,2030-12-31T23:59:59
AS_NP26,ROCKLIN_6_N001,AS_NP26,,2009-03-31T07:00:00-00:00,2031-01-01T07:59:59-00:00,2009-03-31T00:00:00,2030-12-31T23:59:59
AS_NP26,ROCKLIN_6_N003,AS_NP26,,2009-03-31T07:00:00-00:00,2031-01-01T07:59:59-00:00,2009-03-31T00:00:00,2030-12-31T23:59:59
AS_NP26,ROGH-RDY_6_N001,AS_NP26,,2009-03-31T07:00:00-00:00,2031-01-01T07:59:59-00:00,2009-03-31T00:00:00,2030-12-31T23:59:59
AS_NP26,ROLLINSF_7_B1,AS_NP26,,2025-05-13T07:00:00-00:00,2031-01-01T07:59:59-00:00,2025-05-13T00:00:00,2030-12-31T23:59:59
AS_NP26,ROSEDAL_1_N001,AS_NP26,,2009-03-31T07:00:00-00:00,2031-01-01T07:59:59-00:00,2009-03-31T00:00:00,2030-12-31T23:59:59
AS_NP26,ROSE_6_N001,AS_NP26,,2009-03-31T07:00:00-00:00,2031-01-01T07:59:59-00:00,2009-03-31T00:00:00,2030-12-31T23:59:59
AS_NP26,ROSSMOOR_2_N001,AS_NP26,,2009-03-31T07:00:00-00:00,2031-01-01T07:59:59-00:00,2009-03-31T00:00:00,2030-12-31T23:59:59
AS_NP26,ROSSMOOR_2_N101,AS_NP26,,2009-03-31T07:00:00-00:00,2031-01-01T07:59:59-00:00,2009-03-31T00:00:00,2030-12-31T23:59:59
AS_NP26,ROUNDMT_2_B1,AS_NP26,,2017-08-17T07:00:00-00:00,2031-01-01T07:59:59-00:00,2017-08-17T00:00:00,2030-12-31T23:59:59
AS_NP26,ROUNDMT_2_N034,AS_NP26,,2025-05-13T07:00:00-00:00,2031-01-01T07:59:59-00:00,2025-05-13T00:00:00,2030-12-31T23:59:59
AS_NP26,RSVTNRD_6_N001,AS_NP26,,2009-03-31T07:00:00-00:00,2031-01-01T07:59:59-00:00,2009-03-31T00:00:00,2030-12-31T23:59:59
AS_NP26,RTRACK_1_N001,AS_NP26,,2009-03-31T07:00:00-00:00,2031-01-01T07:59:59-00:00,2009-03-31T00:00:00,2030-12-31T23:59:59
AS_NP26,RUSCTY_2_UNITS-APND,AS_NP26,,2013-04-01T07:00:00-00:00,2031-01-01T07:59:59-00:00,2013-04-01T00:00:00,2030-12-31T23:59:59
AS_NP26,RUSSELL_2_SOLANO1-APND,AS_NP26,,2023-10-05T07:00:00-00:00,2031-01-01T07:59:59-00:00,2023-10-05T00:00:00,2030-12-31T23:59:59
AS_NP26,RUSSEL_7_NSMUD,AS_NP26,,2023-10-04T07:00:00-00:00,2031-01-01T07:59:59-00:00,2023-10-04T00:00:00,2030-12-31T23:59:59
AS_NP26,RUSSEL_7_NSMUD2,AS_NP26,,2023-10-04T07:00:00-00:00,2031-01-01T07:59:59-00:00,2023-10-04T00:00:00,2030-12-31T23:59:59
AS_NP26,RUSSRCH_6_N001,AS_NP26,,2009-03-31T07:00:00-00:00,2031-01-01T07:59:59-00:00,2009-03-31T00:00:00,2030-12-31T23:59:59
AS_NP26,RVRBANK_1_N001,AS_NP26,,2009-03-31T07:00:00-00:00,2031-01-01T07:59:59-00:00,2009-03-31T00:00:00,2030-12-31T23:59:59
AS_NP26,RVRBANK_1_N005,AS_NP26,,2009-03-31T07:00:00-00:00,2031-01-01T07:59:59-00:00,2009-03-31T00:00:00,2030-12-31T23:59:59
AS_NP26,RVRBANK_1_N010,AS_NP26,,2023-05-05T07:00:00-00:00,2031-01-01T07:59:59-00:00,2023-05-05T00:00:00,2030-12-31T23:59:59
AS_NP26,S0479_7_N003,AS_NP26,,2025-05-13T07:00:00-00:00,2031-01-01T07:59:59-00:00,2025-05-13T00:00:00,2030-12-31T23:59:59
AS_NP26,S473_7_N005,AS_NP26,,2025-05-13T07:00:00-00:00,2031-01-01T07:59:59-00:00,2025-05-13T00:00:00,2030-12-31T23:59:59
AS_NP26,S517_7_N001,AS_NP26,,2025-05-13T07:00:00-00:00,2031-01-01T07:59:59-00:00,2025-05-13T00:00:00,2030-12-31T23:59:59
AS_NP26,S621AC_7_N001,AS_NP26,,2023-05-05T07:00:00-00:00,2031-01-01T07:59:59-00:00,2023-05-05T00:00:00,2030-12-31T23:59:59
AS_NP26,S621AC_7_N002,AS_NP26,,2023-05-05T07:00:00-00:00,2031-01-01T07:59:59-00:00,2023-05-05T00:00:00,2030-12-31T23:59:59
AS_NP26,S622B_7_N003,AS_NP26,,2025-05-13T07:00:00-00:00,2031-01-01T07:59:59-00:00,2025-05-13T00:00:00,2030-12-31T23:59:59
AS_NP26,S625_7_N001,AS_NP26,,2025-05-13T07:00:00-00:00,2031-01-01T07:59:59-00:00,2025-05-13T00:00:00,2030-12-31T23:59:59
AS_NP26,S632_6_B1,AS_NP26,,2017-08-17T07:00:00-00:00,2031-01-01T07:59:59-00:00,2017-08-17T00:00:00,2030-12-31T23:59:59
AS_NP26,S632_7_N001,AS_NP26,,2014-08-28T07:00:00-00:00,2031-01-01T07:59:59-00:00,2014-08-28T00:00:00,2030-12-31T23:59:59
AS_NP26,S636_7_N001,AS_NP26,,2025-05-13T07:00:00-00:00,2031-01-01T07:59:59-00:00,2025-05-13T00:00:00,2030-12-31T23:59:59
AS_NP26,S650ABS_7_NSR1,AS_NP26,,2025-05-13T07:00:00-00:00,2031-01-01T07:59:59-00:00,2025-05-13T00:00:00,2030-12-31T23:59:59
AS_NP26,S650AB_7_N001,AS_NP26,,2025-05-13T07:00:00-00:00,2031-01-01T07:59:59-00:00,2025-05-13T00:00:00,2030-12-31T23:59:59
AS_NP26,S654SS_1_B1,AS_NP26,,2017-08-17T07:00:00-00:00,2031-01-01T07:59:59-00:00,2017-08-17T00:00:00,2030-12-31T23:59:59
AS_NP26,S654_7_N001,AS_NP26,,2014-08-28T07:00:00-00:00,2031-01-01T07:59:59-00:00,2014-08-28T00:00:00,2030-12-31T23:59:59
AS_NP26,SAFEWAY_1_N001,AS_NP26,,2009-03-31T07:00:00-00:00,2031-01-01T07:59:59-00:00,2009-03-31T00:00:00,2030-12-31T23:59:59
AS_NP26,SALINAS_1_N001,AS_NP26,,2009-03-31T07:00:00-00:00,2031-01-01T07:59:59-00:00,2009-03-31T00:00:00,2030-12-31T23:59:59
AS_NP26,SALINAS_1_N024,AS_NP26,,2009-03-31T07:00:00-00:00,2031-01-01T07:59:59-00:00,2009-03-31T00:00:00,2030-12-31T23:59:59
AS_NP26,SALNRGN_7_B1,AS_NP26,,2009-06-25T07:00:00-00:00,2031-01-01T07:59:59-00:00,2009-06-25T00:00:00,2030-12-31T23:59:59
AS_NP26,SALTSPRG_7_N001,AS_NP26,,2009-03-31T07:00:00-00:00,2031-01-01T07:59:59-00:00,2009-03-31T00:00:00,2030-12-31T23:59:59
AS_NP26,SALTSPS_7_B1,AS_NP26,,2023-05-05T07:00:00-00:00,2031-01-01T07:59:59-00:00,2023-05-05T00:00:00,2030-12-31T23:59:59
AS_NP26,SALTSPS_7_B3,AS_NP26,,2023-05-05T07:00:00-00:00,2031-01-01T07:59:59-00:00,2023-05-05T00:00:00,2030-12-31T23:59:59
AS_NP26,SALTSP_7_UNITS-APND,AS_NP26,,2009-03-31T07:00:00-00:00,2031-01-01T07:59:59-00:00,2009-03-31T00:00:00,2030-12-31T23:59:59
AS_NP26,SANARDO_6_N001,AS_NP26,,2009-03-31T07:00:00-00:00,2031-01-01T07:59:59-00:00,2009-03-31T00:00:00,2030-12-31T23:59:59
AS_NP26,SANBRN_7_ND001,AS_NP26,,2026-02-06T08:00:00-00:00,2031-01-01T07:59:59-00:00,2026-02-06T00:00:00,2030-12-31T23:59:59
AS_NP26,SANBRN_7_ND004,AS_NP26,,2025-05-13T07:00:00-00:00,2031-01-01T07:59:59-00:00,2025-05-13T00:00:00,2030-12-31T23:59:59
AS_NP26,SANBRN_7_NSR1,AS_NP26,,2025-05-13T07:00:00-00:00,2031-01-01T07:59:59-00:00,2025-05-13T00:00:00,2030-12-31T23:59:59
AS_NP26,SANCRLS_6_N001,AS_NP26,,2009-03-31T07:00:00-00:00,2031-01-01T07:59:59-00:00,2009-03-31T00:00:00,2030-12-31T23:59:59
AS_NP26,SANCRLS_6_N002,AS_NP26,,2009-03-31T07:00:00-00:00,2031-01-01T07:59:59-00:00,2009-03-31T00:00:00,2030-12-31T23:59:59
AS_NP26,SANCRLS_6_N004,AS_NP26,,2009-03-31T07:00:00-00:00,2031-01-01T07:59:59-00:00,2009-03-31T00:00:00,2030-12-31T23:59:59
AS_NP26,SANDBAR_7_B1,AS_NP26,,2009-03-31T07:00:00-00:00,2031-01-01T07:59:59-00:00,2009-03-31T00:00:00,2030-12-31T23:59:59
AS_NP26,SANDCRK_6_N001,AS_NP26,,2009-03-31T07:00:00-00:00,2031-01-01T07:59:59-00:00,2009-03-31T00:00:00,2030-12-31T23:59:59
AS_NP26,SANGERCO_7_B1,AS_NP26,,2012-03-22T07:00:00-00:00,2031-01-01T07:59:59-00:00,2012-03-22T00:00:00,2030-12-31T23:59:59
AS_NP26,SANGER_1_N001,AS_NP26,,2022-01-14T08:00:00-00:00,2031-01-01T07:59:59-00:00,2022-01-14T00:00:00,2030-12-31T23:59:59
AS_NP26,SANGER_1_N009,AS_NP26,,2022-01-14T08:00:00-00:00,2031-01-01T07:59:59-00:00,2022-01-14T00:00:00,2030-12-31T23:59:59
AS_NP26,SANJOQN_6_N001,AS_NP26,,2009-03-31T07:00:00-00:00,2031-01-01T07:59:59-00:00,2009-03-31T00:00:00,2030-12-31T23:59:59
AS_NP26,SANJOQN_6_N006,AS_NP26,,2022-06-15T07:00:00-00:00,2031-01-01T07:59:59-00:00,2022-06-15T00:00:00,2030-12-31T23:59:59
AS_NP26,SANJOQN_7_N001,AS_NP26,,2025-05-13T07:00:00-00:00,2031-01-01T07:59:59-00:00,2025-05-13T00:00:00,2030-12-31T23:59:59
AS_NP26,SANLEA_7_N001,AS_NP26,,2025-10-15T07:00:00-00:00,2031-01-01T07:59:59-00:00,2025-10-15T00:00:00,2030-12-31T23:59:59
AS_NP26,SANLUIS2_7_B1,AS_NP26,,2009-03-31T07:00:00-00:00,2031-01-01T07:59:59-00:00,2009-03-31T00:00:00,2030-12-31T23:59:59
AS_NP26,SANLUIS2_7_B3,AS_NP26,,2009-03-31T07:00:00-00:00,2031-01-01T07:59:59-00:00,2009-03-31T00:00:00,2030-12-31T23:59:59
AS_NP26,SANLUIS2_7_N001,AS_NP26,,2011-12-21T08:00:00-00:00,2031-01-01T07:59:59-00:00,2011-12-21T00:00:00,2030-12-31T23:59:59
AS_NP26,SANLUIS2_7_N002,AS_NP26,,2011-12-21T08:00:00-00:00,2031-01-01T07:59:59-00:00,2011-12-21T00:00:00,2030-12-31T23:59:59
AS_NP26,SANLUIS4_7_B1,AS_NP26,,2009-03-31T07:00:00-00:00,2031-01-01T07:59:59-00:00,2009-03-31T00:00:00,2030-12-31T23:59:59
AS_NP26,SANLUIS4_7_B3,AS_NP26,,2009-03-31T07:00:00-00:00,2031-01-01T07:59:59-00:00,2009-03-31T00:00:00,2030-12-31T23:59:59
AS_NP26,SANLUIS4_7_N001,AS_NP26,,2011-12-21T08:00:00-00:00,2031-01-01T07:59:59-00:00,2011-12-21T00:00:00,2030-12-31T23:59:59
AS_NP26,SANLUIS4_7_N002,AS_NP26,,2011-12-21T08:00:00-00:00,2031-01-01T07:59:59-00:00,2011-12-21T00:00:00,2030-12-31T23:59:59
AS_NP26,SANLUIS6_7_B1,AS_NP26,,2009-03-31T07:00:00-00:00,2031-01-01T07:59:59-00:00,2009-03-31T00:00:00,2030-12-31T23:59:59
AS_NP26,SANLUIS6_7_B3,AS_NP26,,2009-03-31T07:00:00-00:00,2031-01-01T07:59:59-00:00,2009-03-31T00:00:00,2030-12-31T23:59:59
AS_NP26,SANLUIS6_7_N001,AS_NP26,,2011-12-21T08:00:00-00:00,2031-01-01T07:59:59-00:00,2011-12-21T00:00:00,2030-12-31T23:59:59
AS_NP26,SANLUIS6_7_N002,AS_NP26,,2011-12-21T08:00:00-00:00,2031-01-01T07:59:59-00:00,2011-12-21T00:00:00,2030-12-31T23:59:59
AS_NP26,SANLUIS8_7_B1,AS_NP26,,2009-03-31T07:00:00-00:00,2031-01-01T07:59:59-00:00,2009-03-31T00:00:00,2030-12-31T23:59:59
AS_NP26,SANLUIS8_7_B3,AS_NP26,,2009-03-31T07:00:00-00:00,2031-01-01T07:59:59-00:00,2009-03-31T00:00:00,2030-12-31T23:59:59
AS_NP26,SANLUIS8_7_N001,AS_NP26,,2011-12-21T08:00:00-00:00,2031-01-01T07:59:59-00:00,2011-12-21T00:00:00,2030-12-31T23:59:59
AS_NP26,SANLUIS8_7_N002,AS_NP26,,2011-12-21T08:00:00-00:00,2031-01-01T07:59:59-00:00,2011-12-21T00:00:00,2030-12-31T23:59:59
AS_NP26,SANMATEO_1_N001A,AS_NP26,,2016-05-19T07:00:00-00:00,2031-01-01T07:59:59-00:00,2016-05-19T00:00:00,2030-12-31T23:59:59
AS_NP26,SANMATO_6_N001,AS_NP26,,2009-03-31T07:00:00-00:00,2031-01-01T07:59:59-00:00,2009-03-31T00:00:00,2030-12-31T23:59:59
AS_NP26,SANMIGL_6_N001,AS_NP26,,2025-10-15T07:00:00-00:00,2031-01-01T07:59:59-00:00,2025-10-15T00:00:00,2030-12-31T23:59:59
AS_NP26,SANMIG_6_N016,AS_NP26,,2025-10-15T07:00:00-00:00,2031-01-01T07:59:59-00:00,2025-10-15T00:00:00,2030-12-31T23:59:59
AS_NP26,SANPBLO_1_N001,AS_NP26,,2009-03-31T07:00:00-00:00,2031-01-01T07:59:59-00:00,2009-03-31T00:00:00,2030-12-31T23:59:59
AS_NP26,SANRAFL_1_N001,AS_NP26,,2009-03-31T07:00:00-00:00,2031-01-01T07:59:59-00:00,2009-03-31T00:00:00,2030-12-31T23:59:59
AS_NP26,SANRAFL_1_N006,AS_NP26,,2009-03-31T07:00:00-00:00,2031-01-01T07:59:59-00:00,2009-03-31T00:00:00,2030-12-31T23:59:59
AS_NP26,SANRAFL_1_N007,AS_NP26,,2009-03-31T07:00:00-00:00,2031-01-01T07:59:59-00:00,2009-03-31T00:00:00,2030-12-31T23:59:59
AS_NP26,SANRAMON_2_N001,AS_NP26,,2009-03-31T07:00:00-00:00,2031-01-01T07:59:59-00:00,2009-03-31T00:00:00,2030-12-31T23:59:59
AS_NP26,SANRAMON_2_N004,AS_NP26,,2009-03-31T07:00:00-00:00,2031-01-01T07:59:59-00:00,2009-03-31T00:00:00,2030-12-31T23:59:59
AS_NP26,SANRAMON_2_N023,AS_NP26,,2009-03-31T07:00:00-00:00,2031-01-01T07:59:59-00:00,2009-03-31T00:00:00,2030-12-31T23:59:59
AS_NP26,SANRAMON_2_N024,AS_NP26,,2009-03-31T07:00:00-00:00,2031-01-01T07:59:59-00:00,2009-03-31T00:00:00,2030-12-31T23:59:59
AS_NP26,SANTAFE_7_B1,AS_NP26,,2009-03-31T07:00:00-00:00,2031-01-01T07:59:59-00:00,2009-03-31T00:00:00,2030-12-31T23:59:59
AS_NP26,SANTAFE_7_B11,AS_NP26,,2009-03-31T07:00:00-00:00,2031-01-01T07:59:59-00:00,2009-03-31T00:00:00,2030-12-31T23:59:59
AS_NP26,SANTFG_7_UNITS-APND,AS_NP26,,2009-03-31T07:00:00-00:00,2031-01-01T07:59:59-00:00,2009-03-31T00:00:00,2030-12-31T23:59:59
AS_NP26,SANTOMAS_6_N001,AS_NP26,,2024-08-28T07:00:00-00:00,2031-01-01T07:59:59-00:00,2024-08-28T00:00:00,2030-12-31T23:59:59
AS_NP26,SANTOMAS_6_N002,AS_NP26,,2024-08-28T07:00:00-00:00,2031-01-01T07:59:59-00:00,2024-08-28T00:00:00,2030-12-31T23:59:59
AS_NP26,SANTOMAS_6_N003,AS_NP26,,2024-08-28T07:00:00-00:00,2031-01-01T07:59:59-00:00,2024-08-28T00:00:00,2030-12-31T23:59:59
AS_NP26,SARATOGA_2_N001,AS_NP26,,2009-03-31T07:00:00-00:00,2031-01-01T07:59:59-00:00,2009-03-31T00:00:00,2030-12-31T23:59:59
AS_NP26,SARATOGA_2_N006,AS_NP26,,2009-03-31T07:00:00-00:00,2031-01-01T07:59:59-00:00,2009-03-31T00:00:00,2030-12-31T23:59:59
AS_NP26,SARATOGA_2_N011,AS_NP26,,2009-03-31T07:00:00-00:00,2031-01-01T07:59:59-00:00,2009-03-31T00:00:00,2030-12-31T23:59:59
AS_NP26,SAUSALTO_6_N001,AS_NP26,,2009-03-31T07:00:00-00:00,2031-01-01T07:59:59-00:00,2009-03-31T00:00:00,2030-12-31T23:59:59
AS_NP26,SAUSALTO_6_N002,AS_NP26,,2009-03-31T07:00:00-00:00,2031-01-01T07:59:59-00:00,2009-03-31T00:00:00,2030-12-31T23:59:59
AS_NP26,SAXONCRK_6_N001,AS_NP26,,2009-03-31T07:00:00-00:00,2031-01-01T07:59:59-00:00,2009-03-31T00:00:00,2030-12-31T23:59:59
AS_NP26,SC21ATP_6_B1,AS_NP26,,2017-08-17T07:00:00-00:00,2031-01-01T07:59:59-00:00,2017-08-17T00:00:00,2030-12-31T23:59:59
AS_NP26,SCARLT_7_CN1,AS_NP26,,2025-05-13T07:00:00-00:00,2031-01-01T07:59:59-00:00,2025-05-13T00:00:00,2030-12-31T23:59:59
AS_NP26,SCARLT_7_CN2,AS_NP26,,2025-05-13T07:00:00-00:00,2031-01-01T07:59:59-00:00,2025-05-13T00:00:00,2030-12-31T23:59:59
AS_NP26,SCARLT_7_N001,AS_NP26,,2025-05-13T07:00:00-00:00,2031-01-01T07:59:59-00:00,2025-05-13T00:00:00,2030-12-31T23:59:59
AS_NP26,SCARLT_7_N002,AS_NP26,,2025-05-13T07:00:00-00:00,2031-01-01T07:59:59-00:00,2025-05-13T00:00:00,2030-12-31T23:59:59
AS_NP26,SCARLT_7_N005,AS_NP26,,2025-05-13T07:00:00-00:00,2031-01-01T07:59:59-00:00,2025-05-13T00:00:00,2030-12-31T23:59:59
AS_NP26,SCARLT_7_N010,AS_NP26,,2025-05-13T07:00:00-00:00,2031-01-01T07:59:59-00:00,2025-05-13T00:00:00,2030-12-31T23:59:59
AS_NP26,SCHINDLR_1_N005,AS_NP26,,2015-04-23T07:00:00-00:00,2031-01-01T07:59:59-00:00,2015-04-23T00:00:00,2030-12-31T23:59:59
AS_NP26,SCHINDLR_1_N021,AS_NP26,,2023-05-05T07:00:00-00:00,2031-01-01T07:59:59-00:00,2023-05-05T00:00:00,2030-12-31T23:59:59
AS_NP26,SCHINDLR_1_N030,AS_NP26,,2018-05-24T07:00:00-00:00,2031-01-01T07:59:59-00:00,2018-05-24T00:00:00,2030-12-31T23:59:59
AS_NP26,SCHLNDLR_7_N001,AS_NP26,,2011-08-12T07:00:00-00:00,2031-01-01T07:59:59-00:00,2011-08-12T00:00:00,2030-12-31T23:59:59
AS_NP26,SCHLNDLR_7_N002,AS_NP26,,2025-05-13T07:00:00-00:00,2031-01-01T07:59:59-00:00,2025-05-13T00:00:00,2030-12-31T23:59:59
AS_NP26,SCHLNDLR_7_N003,AS_NP26,,2025-05-13T07:00:00-00:00,2031-01-01T07:59:59-00:00,2025-05-13T00:00:00,2030-12-31T23:59:59
AS_NP26,SCHLTE_1_PL1X3-APND,AS_NP26,,2012-06-16T07:00:00-00:00,2031-01-01T07:59:59-00:00,2012-06-16T00:00:00,2030-12-31T23:59:59
AS_NP26,SCHMLBCH_1_N001,AS_NP26,,2009-03-31T07:00:00-00:00,2031-01-01T07:59:59-00:00,2009-03-31T00:00:00,2030-12-31T23:59:59
AS_NP26,SCOTT_6_N001,AS_NP26,,2009-03-31T07:00:00-00:00,2031-01-01T07:59:59-00:00,2009-03-31T00:00:00,2030-12-31T23:59:59
AS_NP26,SCOTT_6_N008,AS_NP26,,2017-02-16T08:00:00-00:00,2031-01-01T07:59:59-00:00,2017-02-16T00:00:00,2030-12-31T23:59:59
AS_NP26,SCWAX_1_N001,AS_NP26,,2009-03-31T07:00:00-00:00,2031-01-01T07:59:59-00:00,2009-03-31T00:00:00,2030-12-31T23:59:59
AS_NP26,SEAWEST_6_N001,AS_NP26,,2009-03-31T07:00:00-00:00,2031-01-01T07:59:59-00:00,2009-03-31T00:00:00,2030-12-31T23:59:59
AS_NP26,SEBASTIA_6_N001,AS_NP26,,2009-03-31T07:00:00-00:00,2031-01-01T07:59:59-00:00,2009-03-31T00:00:00,2030-12-31T23:59:59
AS_NP26,SEFTAP_6_N003,AS_NP26,,2017-08-17T07:00:00-00:00,2031-01-01T07:59:59-00:00,2017-08-17T00:00:00,2030-12-31T23:59:59
AS_NP26,SEMITRPC_1_N001,AS_NP26,,2009-03-31T07:00:00-00:00,2031-01-01T07:59:59-00:00,2009-03-31T00:00:00,2030-12-31T23:59:59
AS_NP26,SERRA_6_N001,AS_NP26,,2017-02-16T08:00:00-00:00,2031-01-01T07:59:59-00:00,2017-02-16T00:00:00,2030-12-31T23:59:59
AS_NP26,SERRA_7_N004,AS_NP26,,2023-07-27T07:00:00-00:00,2031-01-01T07:59:59-00:00,2023-07-27T00:00:00,2030-12-31T23:59:59
AS_NP26,SERRMNTE_1_N011,AS_NP26,,2009-03-31T07:00:00-00:00,2031-01-01T07:59:59-00:00,2009-03-31T00:00:00,2030-12-31T23:59:59
AS_NP26,SESWTF_1_N001,AS_NP26,,2018-02-22T08:00:00-00:00,2031-01-01T07:59:59-00:00,2018-02-22T00:00:00,2030-12-31T23:59:59
AS_NP26,SFIA-MA_1_N001,AS_NP26,,2009-03-31T07:00:00-00:00,2031-01-01T07:59:59-00:00,2009-03-31T00:00:00,2030-12-31T23:59:59
AS_NP26,SFIA_1_N001,AS_NP26,,2009-03-31T07:00:00-00:00,2031-01-01T07:59:59-00:00,2009-03-31T00:00:00,2030-12-31T23:59:59
AS_NP26,SFIA_1_N007,AS_NP26,,2009-03-31T07:00:00-00:00,2031-01-01T07:59:59-00:00,2009-03-31T00:00:00,2030-12-31T23:59:59
AS_NP26,SFPPCNC_6_N001,AS_NP26,,2009-03-31T07:00:00-00:00,2031-01-01T07:59:59-00:00,2009-03-31T00:00:00,2030-12-31T23:59:59
AS_NP26,SHADYGLN_6_N001,AS_NP26,,2009-03-31T07:00:00-00:00,2031-01-01T07:59:59-00:00,2009-03-31T00:00:00,2030-12-31T23:59:59
AS_NP26,SHAFTER_1_N010,AS_NP26,,2016-08-18T07:00:00-00:00,2031-01-01T07:59:59-00:00,2016-08-18T00:00:00,2030-12-31T23:59:59
AS_NP26,SHAFTER_7_N021,AS_NP26,,2025-05-13T07:00:00-00:00,2031-01-01T07:59:59-00:00,2025-05-13T00:00:00,2030-12-31T23:59:59
AS_NP26,SHAFTER_7_N022,AS_NP26,,2024-10-23T07:00:00-00:00,2031-01-01T07:59:59-00:00,2024-10-23T00:00:00,2030-12-31T23:59:59
AS_NP26,SHARON_1_N001,AS_NP26,,2009-03-31T07:00:00-00:00,2031-01-01T07:59:59-00:00,2009-03-31T00:00:00,2030-12-31T23:59:59
AS_NP26,SHAWROAD_1_N001,AS_NP26,,2009-03-31T07:00:00-00:00,2031-01-01T07:59:59-00:00,2009-03-31T00:00:00,2030-12-31T23:59:59
AS_NP26,SHELL1_7_B2,AS_NP26,,2023-05-05T07:00:00-00:00,2031-01-01T07:59:59-00:00,2023-05-05T00:00:00,2030-12-31T23:59:59
AS_NP26,SHELL1_7_N001,AS_NP26,,2009-03-31T07:00:00-00:00,2031-01-01T07:59:59-00:00,2009-03-31T00:00:00,2030-12-31T23:59:59
AS_NP26,SHELL2_7_B2,AS_NP26,,2023-05-05T07:00:00-00:00,2031-01-01T07:59:59-00:00,2023-05-05T00:00:00,2030-12-31T23:59:59
AS_NP26,SHELL2_7_N001,AS_NP26,,2009-03-31T07:00:00-00:00,2031-01-01T07:59:59-00:00,2009-03-31T00:00:00,2030-12-31T23:59:59
AS_NP26,SHELL3_7_B2,AS_NP26,,2023-05-05T07:00:00-00:00,2031-01-01T07:59:59-00:00,2023-05-05T00:00:00,2030-12-31T23:59:59
AS_NP26,SHELL3_7_N001,AS_NP26,,2009-03-31T07:00:00-00:00,2031-01-01T07:59:59-00:00,2009-03-31T00:00:00,2030-12-31T23:59:59
AS_NP26,SHELRF_1_UNITS-APND,AS_NP26,,2009-03-31T07:00:00-00:00,2031-01-01T07:59:59-00:00,2009-03-31T00:00:00,2030-12-31T23:59:59
AS_NP26,SHEPHERD_1_N003,AS_NP26,,2015-04-23T07:00:00-00:00,2031-01-01T07:59:59-00:00,2015-04-23T00:00:00,2030-12-31T23:59:59
AS_NP26,SHILOH3B_7_N001,AS_NP26,,2025-05-13T07:00:00-00:00,2031-01-01T07:59:59-00:00,2025-05-13T00:00:00,2030-12-31T23:59:59
AS_NP26,SHILOH3_7_N002,AS_NP26,,2025-05-13T07:00:00-00:00,2031-01-01T07:59:59-00:00,2025-05-13T00:00:00,2030-12-31T23:59:59
AS_NP26,SHILOH_7_B1,AS_NP26,,2025-05-13T07:00:00-00:00,2031-01-01T07:59:59-00:00,2025-05-13T00:00:00,2030-12-31T23:59:59
AS_NP26,SHILO_7_N002,AS_NP26,,2025-05-13T07:00:00-00:00,2031-01-01T07:59:59-00:00,2025-05-13T00:00:00,2030-12-31T23:59:59
AS_NP26,SHL-KRVD_1_N001,AS_NP26,,2009-03-31T07:00:00-00:00,2031-01-01T07:59:59-00:00,2009-03-31T00:00:00,2030-12-31T23:59:59
AS_NP26,SHLLCHM_6_N001,AS_NP26,,2009-03-31T07:00:00-00:00,2031-01-01T07:59:59-00:00,2009-03-31T00:00:00,2030-12-31T23:59:59
AS_NP26,SHNGLESR_1_N001,AS_NP26,,2009-03-31T07:00:00-00:00,2031-01-01T07:59:59-00:00,2009-03-31T00:00:00,2030-12-31T23:59:59
AS_NP26,SHNGLESR_1_N004,AS_NP26,,2009-03-31T07:00:00-00:00,2031-01-01T07:59:59-00:00,2009-03-31T00:00:00,2030-12-31T23:59:59
AS_NP26,SHNGLESR_1_N103,AS_NP26,,2009-03-31T07:00:00-00:00,2031-01-01T07:59:59-00:00,2009-03-31T00:00:00,2030-12-31T23:59:59
AS_NP26,SHREDDER_1_N001,AS_NP26,,2009-03-31T07:00:00-00:00,2031-01-01T07:59:59-00:00,2009-03-31T00:00:00,2030-12-31T23:59:59
AS_NP26,SIERAPC_6_N001,AS_NP26,,2009-03-31T07:00:00-00:00,2031-01-01T07:59:59-00:00,2009-03-31T00:00:00,2030-12-31T23:59:59
AS_NP26,SILVERDO_1_N001,AS_NP26,,2009-03-31T07:00:00-00:00,2031-01-01T07:59:59-00:00,2009-03-31T00:00:00,2030-12-31T23:59:59
AS_NP26,SILVERDO_1_N002,AS_NP26,,2009-03-31T07:00:00-00:00,2031-01-01T07:59:59-00:00,2009-03-31T00:00:00,2030-12-31T23:59:59
AS_NP26,SISQUOC_1_GN001,AS_NP26,,2025-05-13T07:00:00-00:00,2031-01-01T07:59:59-00:00,2025-05-13T00:00:00,2030-12-31T23:59:59
AS_NP26,SISQUOC_1_N001,AS_NP26,,2009-03-31T07:00:00-00:00,2031-01-01T07:59:59-00:00,2009-03-31T00:00:00,2030-12-31T23:59:59
AS_NP26,SISQUOC_1_N020,AS_NP26,,2009-03-31T07:00:00-00:00,2031-01-01T07:59:59-00:00,2009-03-31T00:00:00,2030-12-31T23:59:59
AS_NP26,SJ1B12_7_N003,AS_NP26,,2025-05-13T07:00:00-00:00,2031-01-01T07:59:59-00:00,2025-05-13T00:00:00,2030-12-31T23:59:59
AS_NP26,SJNO2_6_B1,AS_NP26,,2017-08-17T07:00:00-00:00,2031-01-01T07:59:59-00:00,2017-08-17T00:00:00,2030-12-31T23:59:59
AS_NP26,SJNO2_6_N001,AS_NP26,,2009-03-31T07:00:00-00:00,2031-01-01T07:59:59-00:00,2009-03-31T00:00:00,2030-12-31T23:59:59
AS_NP26,SJNO2_6_N002,AS_NP26,,2025-05-13T07:00:00-00:00,2031-01-01T07:59:59-00:00,2025-05-13T00:00:00,2030-12-31T23:59:59
AS_NP26,SKAGGS_1_N001,AS_NP26,,2018-08-23T07:00:00-00:00,2031-01-01T07:59:59-00:00,2018-08-23T00:00:00,2030-12-31T23:59:59
AS_NP26,SLATE_7_N001,AS_NP26,,2025-05-13T07:00:00-00:00,2031-01-01T07:59:59-00:00,2025-05-13T00:00:00,2030-12-31T23:59:59
AS_NP26,SLATE_7_N002,AS_NP26,,2025-05-13T07:00:00-00:00,2031-01-01T07:59:59-00:00,2025-05-13T00:00:00,2030-12-31T23:59:59
AS_NP26,SLATE_7_N003,AS_NP26,,2025-05-13T07:00:00-00:00,2031-01-01T07:59:59-00:00,2025-05-13T00:00:00,2030-12-31T23:59:59
AS_NP26,SLATE_7_N004,AS_NP26,,2025-05-13T07:00:00-00:00,2031-01-01T07:59:59-00:00,2025-05-13T00:00:00,2030-12-31T23:59:59
AS_NP26,SLATE_7_N005,AS_NP26,,2025-05-13T07:00:00-00:00,2031-01-01T07:59:59-00:00,2025-05-13T00:00:00,2030-12-31T23:59:59
AS_NP26,SLA_2_N001,AS_NP26,,2009-03-31T07:00:00-00:00,2031-01-01T07:59:59-00:00,2009-03-31T00:00:00,2030-12-31T23:59:59
AS_NP26,SLA_2_N004,AS_NP26,,2009-03-31T07:00:00-00:00,2031-01-01T07:59:59-00:00,2009-03-31T00:00:00,2030-12-31T23:59:59
AS_NP26,SLA_6_N001,AS_NP26,,2009-03-31T07:00:00-00:00,2031-01-01T07:59:59-00:00,2009-03-31T00:00:00,2030-12-31T23:59:59
AS_NP26,SLA_6_N005,AS_NP26,,2009-03-31T07:00:00-00:00,2031-01-01T07:59:59-00:00,2009-03-31T00:00:00,2030-12-31T23:59:59
AS_NP26,SLMNCRK_6_N001,AS_NP26,,2009-03-31T07:00:00-00:00,2031-01-01T07:59:59-00:00,2009-03-31T00:00:00,2030-12-31T23:59:59
AS_NP26,SLR-TANN_7_B1,AS_NP26,,2023-05-05T07:00:00-00:00,2031-01-01T07:59:59-00:00,2023-05-05T00:00:00,2030-12-31T23:59:59
AS_NP26,SLTSPRG_1_B1,AS_NP26,,2017-08-17T07:00:00-00:00,2031-01-01T07:59:59-00:00,2017-08-17T00:00:00,2030-12-31T23:59:59
AS_NP26,SLUISP_2_UNITS-APND,AS_NP26,,2012-12-05T08:00:00-00:00,2031-01-01T07:59:59-00:00,2012-12-05T00:00:00,2030-12-31T23:59:59
AS_NP26,SLYCREEK_7_B1,AS_NP26,,2025-05-13T07:00:00-00:00,2031-01-01T07:59:59-00:00,2025-05-13T00:00:00,2030-12-31T23:59:59
AS_NP26,SMPSN-AN_7_B1,AS_NP26,,2009-03-31T07:00:00-00:00,2031-01-01T07:59:59-00:00,2009-03-31T00:00:00,2030-12-31T23:59:59
AS_NP26,SMRTVLTP_6_N101,AS_NP26,,2009-03-31T07:00:00-00:00,2031-01-01T07:59:59-00:00,2009-03-31T00:00:00,2030-12-31T23:59:59
AS_NP26,SMTRPCWS_1_N001,AS_NP26,,2009-03-31T07:00:00-00:00,2031-01-01T07:59:59-00:00,2009-03-31T00:00:00,2030-12-31T23:59:59
AS_NP26,SMUDGEO1_2_N006,AS_NP26,,2009-06-25T07:00:00-00:00,2031-01-01T07:59:59-00:00,2009-06-25T00:00:00,2030-12-31T23:59:59
AS_NP26,SMUDGEO1_7_B1,AS_NP26,,2009-03-31T07:00:00-00:00,2031-01-01T07:59:59-00:00,2009-03-31T00:00:00,2030-12-31T23:59:59
AS_NP26,SMYRGEN_7_B1,AS_NP26,,2016-05-19T07:00:00-00:00,2031-01-01T07:59:59-00:00,2016-05-19T00:00:00,2030-12-31T23:59:59
AS_NP26,SMYRNA1_1_N005,AS_NP26,,2013-11-21T08:00:00-00:00,2031-01-01T07:59:59-00:00,2013-11-21T00:00:00,2030-12-31T23:59:59
AS_NP26,SMYRNA2_1_N009,AS_NP26,,2025-05-13T07:00:00-00:00,2031-01-01T07:59:59-00:00,2025-05-13T00:00:00,2030-12-31T23:59:59
AS_NP26,SNANDRES_6_N001,AS_NP26,,2009-03-31T07:00:00-00:00,2031-01-01T07:59:59-00:00,2009-03-31T00:00:00,2030-12-31T23:59:59
AS_NP26,SNBENITO_1_N001,AS_NP26,,2012-03-22T07:00:00-00:00,2031-01-01T07:59:59-00:00,2012-03-22T00:00:00,2030-12-31T23:59:59
AS_NP26,SNBRNOT_6_N001,AS_NP26,,2009-03-31T07:00:00-00:00,2031-01-01T07:59:59-00:00,2009-03-31T00:00:00,2030-12-31T23:59:59
AS_NP26,SNBRNRD_6_N001,AS_NP26,,2009-03-31T07:00:00-00:00,2031-01-01T07:59:59-00:00,2009-03-31T00:00:00,2030-12-31T23:59:59
AS_NP26,SNBRNRD_6_NLD2,AS_NP26,,2025-08-13T07:00:00-00:00,2031-01-01T07:59:59-00:00,2025-08-13T00:00:00,2030-12-31T23:59:59
AS_NP26,SNDBRJT_1_B1,AS_NP26,,2017-08-17T07:00:00-00:00,2031-01-01T07:59:59-00:00,2017-08-17T00:00:00,2030-12-31T23:59:59
AS_NP26,SNGRJCT_6_B1,AS_NP26,,2017-08-17T07:00:00-00:00,2031-01-01T07:59:59-00:00,2017-08-17T00:00:00,2030-12-31T23:59:59
AS_NP26,SNJOSEB_1_N001,AS_NP26,,2009-03-31T07:00:00-00:00,2031-01-01T07:59:59-00:00,2009-03-31T00:00:00,2030-12-31T23:59:59
AS_NP26,SNJOSEB_1_N005,AS_NP26,,2009-03-31T07:00:00-00:00,2031-01-01T07:59:59-00:00,2009-03-31T00:00:00,2030-12-31T23:59:59
AS_NP26,SNJOSEB_1_N009,AS_NP26,,2009-03-31T07:00:00-00:00,2031-01-01T07:59:59-00:00,2009-03-31T00:00:00,2030-12-31T23:59:59
AS_NP26,SNJOSEB_1_N013,AS_NP26,,2009-03-31T07:00:00-00:00,2031-01-01T07:59:59-00:00,2009-03-31T00:00:00,2030-12-31T23:59:59
AS_NP26,SNJSEA_1_N001,AS_NP26,,2009-03-31T07:00:00-00:00,2031-01-01T07:59:59-00:00,2009-03-31T00:00:00,2030-12-31T23:59:59
AS_NP26,SNJSEA_1_N005,AS_NP26,,2009-03-31T07:00:00-00:00,2031-01-01T07:59:59-00:00,2009-03-31T00:00:00,2030-12-31T23:59:59
AS_NP26,SNJSEA_1_N101,AS_NP26,,2009-03-31T07:00:00-00:00,2031-01-01T07:59:59-00:00,2009-03-31T00:00:00,2030-12-31T23:59:59
AS_NP26,SNLNDRO_1_N001,AS_NP26,,2009-03-31T07:00:00-00:00,2031-01-01T07:59:59-00:00,2009-03-31T00:00:00,2030-12-31T23:59:59
AS_NP26,SNLNDRO_1_N014,AS_NP26,,2009-03-31T07:00:00-00:00,2031-01-01T07:59:59-00:00,2009-03-31T00:00:00,2030-12-31T23:59:59
AS_NP26,SNLNDRO_1_N017,AS_NP26,,2025-10-15T07:00:00-00:00,2031-01-01T07:59:59-00:00,2025-10-15T00:00:00,2030-12-31T23:59:59
AS_NP26,SNLNDRO_1_N027,AS_NP26,,2013-05-09T07:00:00-00:00,2031-01-01T07:59:59-00:00,2013-05-09T00:00:00,2030-12-31T23:59:59
AS_NP26,SNLSOB_1_N023,AS_NP26,,2025-05-13T07:00:00-00:00,2031-01-01T07:59:59-00:00,2025-05-13T00:00:00,2030-12-31T23:59:59
AS_NP26,SNLSOB_7_N001,AS_NP26,,2013-07-18T07:00:00-00:00,2031-01-01T07:59:59-00:00,2013-07-18T00:00:00,2030-12-31T23:59:59
AS_NP26,SNLSOB_7_N002,AS_NP26,,2013-07-18T07:00:00-00:00,2031-01-01T07:59:59-00:00,2013-07-18T00:00:00,2030-12-31T23:59:59
AS_NP26,SNLSOB_7_N003,AS_NP26,,2025-05-13T07:00:00-00:00,2031-01-01T07:59:59-00:00,2025-05-13T00:00:00,2030-12-31T23:59:59
AS_NP26,SNLSPP_2_N023,AS_NP26,,2009-03-31T07:00:00-00:00,2031-01-01T07:59:59-00:00,2009-03-31T00:00:00,2030-12-31T23:59:59
AS_NP26,SNTAMRA_1_N001,AS_NP26,,2009-03-31T07:00:00-00:00,2031-01-01T07:59:59-00:00,2009-03-31T00:00:00,2030-12-31T23:59:59
AS_NP26,SNTAMRA_1_N005,AS_NP26,,2016-11-17T08:00:00-00:00,2031-01-01T07:59:59-00:00,2016-11-17T00:00:00,2030-12-31T23:59:59
AS_NP26,SNTANLA_6_N001,AS_NP26,,2009-03-31T07:00:00-00:00,2031-01-01T07:59:59-00:00,2009-03-31T00:00:00,2030-12-31T23:59:59
AS_NP26,SNTANLA_6_N004,AS_NP26,,2009-03-31T07:00:00-00:00,2031-01-01T07:59:59-00:00,2009-03-31T00:00:00,2030-12-31T23:59:59
AS_NP26,SNTARSA_1_GN010,AS_NP26,,2017-08-17T07:00:00-00:00,2031-01-01T07:59:59-00:00,2017-08-17T00:00:00,2030-12-31T23:59:59
AS_NP26,SNTARSA_1_N001,AS_NP26,,2009-03-31T07:00:00-00:00,2031-01-01T07:59:59-00:00,2009-03-31T00:00:00,2030-12-31T23:59:59
AS_NP26,SNTARSA_1_N002,AS_NP26,,2009-03-31T07:00:00-00:00,2031-01-01T07:59:59-00:00,2009-03-31T00:00:00,2030-12-31T23:59:59
AS_NP26,SNTARSA_1_N006,AS_NP26,,2009-03-31T07:00:00-00:00,2031-01-01T07:59:59-00:00,2009-03-31T00:00:00,2030-12-31T23:59:59
AS_NP26,SNTARTA_6_N001,AS_NP26,,2015-01-15T08:00:00-00:00,2031-01-01T07:59:59-00:00,2015-01-15T00:00:00,2030-12-31T23:59:59
AS_NP26,SNTAYNZ_1_N001,AS_NP26,,2009-03-31T07:00:00-00:00,2031-01-01T07:59:59-00:00,2009-03-31T00:00:00,2030-12-31T23:59:59
AS_NP26,SNTAYNZ_1_N002,AS_NP26,,2009-03-31T07:00:00-00:00,2031-01-01T07:59:59-00:00,2009-03-31T00:00:00,2030-12-31T23:59:59
AS_NP26,SNTHLNE_6_N001,AS_NP26,,2013-11-21T08:00:00-00:00,2031-01-01T07:59:59-00:00,2013-11-21T00:00:00,2030-12-31T23:59:59
AS_NP26,SNTHLNE_6_N002,AS_NP26,,2013-11-21T08:00:00-00:00,2031-01-01T07:59:59-00:00,2013-11-21T00:00:00,2030-12-31T23:59:59
AS_NP26,SOBRANTE_1_N001,AS_NP26,,2009-03-31T07:00:00-00:00,2031-01-01T07:59:59-00:00,2009-03-31T00:00:00,2030-12-31T23:59:59
AS_NP26,SOLBGEN_7_N001,AS_NP26,,2025-05-13T07:00:00-00:00,2031-01-01T07:59:59-00:00,2025-05-13T00:00:00,2030-12-31T23:59:59
AS_NP26,SOLBGEN_7_N002,AS_NP26,,2015-10-22T07:00:00-00:00,2031-01-01T07:59:59-00:00,2015-10-22T00:00:00,2030-12-31T23:59:59
AS_NP26,SOLBLU_2_WSBBX2-APND,AS_NP26,,2023-06-20T07:00:00-00:00,2031-01-01T07:59:59-00:00,2023-06-20T00:00:00,2030-12-31T23:59:59
AS_NP26,SOLBLU_2_WSBSX2-APND,AS_NP26,,2023-06-20T07:00:00-00:00,2031-01-01T07:59:59-00:00,2023-06-20T00:00:00,2030-12-31T23:59:59
AS_NP26,SOLBLU_7_NBT1,AS_NP26,,2023-06-20T07:00:00-00:00,2031-01-01T07:59:59-00:00,2023-06-20T00:00:00,2030-12-31T23:59:59
AS_NP26,SOLBLU_7_NBT2,AS_NP26,,2023-06-20T07:00:00-00:00,2031-01-01T07:59:59-00:00,2023-06-20T00:00:00,2030-12-31T23:59:59
AS_NP26,SOLBLU_7_NSR1,AS_NP26,,2023-06-20T07:00:00-00:00,2031-01-01T07:59:59-00:00,2023-06-20T00:00:00,2030-12-31T23:59:59
AS_NP26,SOLBLU_7_NSR2,AS_NP26,,2023-06-20T07:00:00-00:00,2031-01-01T07:59:59-00:00,2023-06-20T00:00:00,2030-12-31T23:59:59
AS_NP26,SOLEDAD_1_LN001,AS_NP26,,2010-02-24T08:00:00-00:00,2031-01-01T07:59:59-00:00,2010-02-24T00:00:00,2030-12-31T23:59:59
AS_NP26,SOLEDAD_1_N018,AS_NP26,,2024-01-24T08:00:00-00:00,2031-01-01T07:59:59-00:00,2024-01-24T00:00:00,2030-12-31T23:59:59
AS_NP26,SOLEDAD_6_N001,AS_NP26,,2009-03-31T07:00:00-00:00,2031-01-01T07:59:59-00:00,2009-03-31T00:00:00,2030-12-31T23:59:59
AS_NP26,SONMALF_7_B1,AS_NP26,,2009-03-31T07:00:00-00:00,2031-01-01T07:59:59-00:00,2009-03-31T00:00:00,2030-12-31T23:59:59
AS_NP26,SONOMA_1_N002,AS_NP26,,2017-08-17T07:00:00-00:00,2031-01-01T07:59:59-00:00,2017-08-17T00:00:00,2030-12-31T23:59:59
AS_NP26,SONOMA_1_N007,AS_NP26,,2009-03-31T07:00:00-00:00,2031-01-01T07:59:59-00:00,2009-03-31T00:00:00,2030-12-31T23:59:59
AS_NP26,SOUTHBY_6_N001,AS_NP26,,2009-03-31T07:00:00-00:00,2031-01-01T07:59:59-00:00,2009-03-31T00:00:00,2030-12-31T23:59:59
AS_NP26,SOUTHG_7_B1,AS_NP26,,2025-05-13T07:00:00-00:00,2031-01-01T07:59:59-00:00,2025-05-13T00:00:00,2030-12-31T23:59:59
AS_NP26,SPANSHCK_6_N001,AS_NP26,,2009-03-31T07:00:00-00:00,2031-01-01T07:59:59-00:00,2009-03-31T00:00:00,2030-12-31T23:59:59
AS_NP26,SPANSHCK_6_N012,AS_NP26,,2025-06-12T07:00:00-00:00,2031-01-01T07:59:59-00:00,2025-06-12T00:00:00,2030-12-31T23:59:59
AS_NP26,SPAUL1-2_7_B2,AS_NP26,,2023-05-05T07:00:00-00:00,2031-01-01T07:59:59-00:00,2023-05-05T00:00:00,2030-12-31T23:59:59
AS_NP26,SPAUL1-2_7_B3,AS_NP26,,2023-05-05T07:00:00-00:00,2031-01-01T07:59:59-00:00,2023-05-05T00:00:00,2030-12-31T23:59:59
AS_NP26,SPAUL1-2_7_N001,AS_NP26,,2009-03-31T07:00:00-00:00,2031-01-01T07:59:59-00:00,2009-03-31T00:00:00,2030-12-31T23:59:59
AS_NP26,SPAULD3_7_B1,AS_NP26,,2025-05-13T07:00:00-00:00,2031-01-01T07:59:59-00:00,2025-05-13T00:00:00,2030-12-31T23:59:59
AS_NP26,SPAULD_6_UNIT12-APND,AS_NP26,,2009-03-31T07:00:00-00:00,2031-01-01T07:59:59-00:00,2009-03-31T00:00:00,2030-12-31T23:59:59
AS_NP26,SPCJCT_1_B1,AS_NP26,,2017-08-17T07:00:00-00:00,2031-01-01T07:59:59-00:00,2017-08-17T00:00:00,2030-12-31T23:59:59
AS_NP26,SPCMPNY_7_B1,AS_NP26,,2009-03-31T07:00:00-00:00,2031-01-01T07:59:59-00:00,2009-03-31T00:00:00,2030-12-31T23:59:59
AS_NP26,SPENCE_6_N001,AS_NP26,,2009-03-31T07:00:00-00:00,2031-01-01T07:59:59-00:00,2009-03-31T00:00:00,2030-12-31T23:59:59
AS_NP26,SPENCE_6_N009,AS_NP26,,2019-09-19T07:00:00-00:00,2031-01-01T07:59:59-00:00,2019-09-19T00:00:00,2030-12-31T23:59:59
AS_NP26,SPI-BURN_7_N003,AS_NP26,,2025-05-13T07:00:00-00:00,2031-01-01T07:59:59-00:00,2025-05-13T00:00:00,2030-12-31T23:59:59
AS_NP26,SPI-QUCY_7_N001,AS_NP26,,2009-03-31T07:00:00-00:00,2031-01-01T07:59:59-00:00,2009-03-31T00:00:00,2030-12-31T23:59:59
AS_NP26,SPI-QUCY_7_N002,AS_NP26,,2025-05-13T07:00:00-00:00,2031-01-01T07:59:59-00:00,2025-05-13T00:00:00,2030-12-31T23:59:59
AS_NP26,SPIBURN_7_N004,AS_NP26,,2025-05-13T07:00:00-00:00,2031-01-01T07:59:59-00:00,2025-05-13T00:00:00,2030-12-31T23:59:59
AS_NP26,SPICAMIN_1_N001,AS_NP26,,2009-03-31T07:00:00-00:00,2031-01-01T07:59:59-00:00,2009-03-31T00:00:00,2030-12-31T23:59:59
AS_NP26,SPICER_1_UNITS-APND,AS_NP26,,2009-03-31T07:00:00-00:00,2031-01-01T07:59:59-00:00,2009-03-31T00:00:00,2030-12-31T23:59:59
AS_NP26,SPIJCT_6_B1,AS_NP26,,2017-08-17T07:00:00-00:00,2031-01-01T07:59:59-00:00,2017-08-17T00:00:00,2030-12-31T23:59:59
AS_NP26,SPILINCF_7_N001,AS_NP26,,2009-03-31T07:00:00-00:00,2031-01-01T07:59:59-00:00,2009-03-31T00:00:00,2030-12-31T23:59:59
AS_NP26,SPILINCF_7_N002,AS_NP26,,2009-03-31T07:00:00-00:00,2031-01-01T07:59:59-00:00,2009-03-31T00:00:00,2030-12-31T23:59:59
AS_NP26,SPRNGGP_7_B1,AS_NP26,,2025-05-13T07:00:00-00:00,2031-01-01T07:59:59-00:00,2025-05-13T00:00:00,2030-12-31T23:59:59
AS_NP26,SRI_6_N001,AS_NP26,,2009-03-31T07:00:00-00:00,2031-01-01T07:59:59-00:00,2009-03-31T00:00:00,2030-12-31T23:59:59
AS_NP26,SRI_6_N004,AS_NP26,,2025-05-13T07:00:00-00:00,2031-01-01T07:59:59-00:00,2025-05-13T00:00:00,2030-12-31T23:59:59
AS_NP26,SRRCSUB_2_N001,AS_NP26,,2009-03-31T07:00:00-00:00,2031-01-01T07:59:59-00:00,2009-03-31T00:00:00,2030-12-31T23:59:59
AS_NP26,STACKS_1_N001,AS_NP26,,2025-10-15T07:00:00-00:00,2031-01-01T07:59:59-00:00,2025-10-15T00:00:00,2030-12-31T23:59:59
AS_NP26,STAFFORD_6_N002,AS_NP26,,2009-03-31T07:00:00-00:00,2031-01-01T07:59:59-00:00,2009-03-31T00:00:00,2030-12-31T23:59:59
AS_NP26,STAFFORD_6_N101,AS_NP26,,2009-03-31T07:00:00-00:00,2031-01-01T07:59:59-00:00,2009-03-31T00:00:00,2030-12-31T23:59:59
AS_NP26,STAGG_2_N001,AS_NP26,,2009-03-31T07:00:00-00:00,2031-01-01T07:59:59-00:00,2009-03-31T00:00:00,2030-12-31T23:59:59
AS_NP26,STAGG_2_N014,AS_NP26,,2009-03-31T07:00:00-00:00,2031-01-01T07:59:59-00:00,2009-03-31T00:00:00,2030-12-31T23:59:59
AS_NP26,STAGG_6_N001,AS_NP26,,2009-03-31T07:00:00-00:00,2031-01-01T07:59:59-00:00,2009-03-31T00:00:00,2030-12-31T23:59:59
AS_NP26,STAGG_6_N003,AS_NP26,,2009-03-31T07:00:00-00:00,2031-01-01T07:59:59-00:00,2009-03-31T00:00:00,2030-12-31T23:59:59
AS_NP26,STANFRD_6_N013,AS_NP26,,2016-08-18T07:00:00-00:00,2031-01-01T07:59:59-00:00,2016-08-18T00:00:00,2030-12-31T23:59:59
AS_NP26,STANFRD_6_N015,AS_NP26,,2016-08-18T07:00:00-00:00,2031-01-01T07:59:59-00:00,2016-08-18T00:00:00,2030-12-31T23:59:59
AS_NP26,STANFRD_6_N016,AS_NP26,,2016-08-18T07:00:00-00:00,2031-01-01T07:59:59-00:00,2016-08-18T00:00:00,2030-12-31T23:59:59
AS_NP26,STANFRD_6_N025,AS_NP26,,2016-08-18T07:00:00-00:00,2031-01-01T07:59:59-00:00,2016-08-18T00:00:00,2030-12-31T23:59:59
AS_NP26,STANFRD_6_N026,AS_NP26,,2016-08-18T07:00:00-00:00,2031-01-01T07:59:59-00:00,2016-08-18T00:00:00,2030-12-31T23:59:59
AS_NP26,STANISLS_1_B1,AS_NP26,,2017-08-17T07:00:00-00:00,2031-01-01T07:59:59-00:00,2017-08-17T00:00:00,2030-12-31T23:59:59
AS_NP26,STANISLS_1_N001,AS_NP26,,2009-03-31T07:00:00-00:00,2031-01-01T07:59:59-00:00,2009-03-31T00:00:00,2030-12-31T23:59:59
AS_NP26,STANISLS_7_B1,AS_NP26,,2023-05-05T07:00:00-00:00,2031-01-01T07:59:59-00:00,2023-05-05T00:00:00,2030-12-31T23:59:59
AS_NP26,STATIN-L_7_N001,AS_NP26,,2009-03-31T07:00:00-00:00,2031-01-01T07:59:59-00:00,2009-03-31T00:00:00,2030-12-31T23:59:59
AS_NP26,STATIND_1_N001,AS_NP26,,2009-03-31T07:00:00-00:00,2031-01-01T07:59:59-00:00,2009-03-31T00:00:00,2030-12-31T23:59:59
AS_NP26,STATIND_1_N010,AS_NP26,,2009-03-31T07:00:00-00:00,2031-01-01T07:59:59-00:00,2009-03-31T00:00:00,2030-12-31T23:59:59
AS_NP26,STATIND_1_N013,AS_NP26,,2009-03-31T07:00:00-00:00,2031-01-01T07:59:59-00:00,2009-03-31T00:00:00,2030-12-31T23:59:59
AS_NP26,STATIND_1_N033,AS_NP26,,2014-02-13T08:00:00-00:00,2031-01-01T07:59:59-00:00,2014-02-13T00:00:00,2030-12-31T23:59:59
AS_NP26,STATINJ_1_N001,AS_NP26,,2009-03-31T07:00:00-00:00,2031-01-01T07:59:59-00:00,2009-03-31T00:00:00,2030-12-31T23:59:59
AS_NP26,STATINJ_1_N012,AS_NP26,,2009-03-31T07:00:00-00:00,2031-01-01T07:59:59-00:00,2009-03-31T00:00:00,2030-12-31T23:59:59
AS_NP26,STATINJ_1_N027,AS_NP26,,2009-03-31T07:00:00-00:00,2031-01-01T07:59:59-00:00,2009-03-31T00:00:00,2030-12-31T23:59:59
AS_NP26,STATINL_1_N001,AS_NP26,,2009-03-31T07:00:00-00:00,2031-01-01T07:59:59-00:00,2009-03-31T00:00:00,2030-12-31T23:59:59
AS_NP26,STATINL_7_GN001,AS_NP26,,2025-05-13T07:00:00-00:00,2031-01-01T07:59:59-00:00,2025-05-13T00:00:00,2030-12-31T23:59:59
AS_NP26,STATINX_1_N001,AS_NP26,,2009-03-31T07:00:00-00:00,2031-01-01T07:59:59-00:00,2009-03-31T00:00:00,2030-12-31T23:59:59
AS_NP26,STATINX_1_N012,AS_NP26,,2009-03-31T07:00:00-00:00,2031-01-01T07:59:59-00:00,2009-03-31T00:00:00,2030-12-31T23:59:59
AS_NP26,STATINX_1_N014,AS_NP26,,2009-03-31T07:00:00-00:00,2031-01-01T07:59:59-00:00,2009-03-31T00:00:00,2030-12-31T23:59:59
AS_NP26,STATINX_1_N024,AS_NP26,,2012-10-11T07:00:00-00:00,2031-01-01T07:59:59-00:00,2012-10-11T00:00:00,2030-12-31T23:59:59
AS_NP26,STCKTNAR_6_N001,AS_NP26,,2009-03-31T07:00:00-00:00,2031-01-01T07:59:59-00:00,2009-03-31T00:00:00,2030-12-31T23:59:59
AS_NP26,STDOIL_1_N009,AS_NP26,,2009-03-31T07:00:00-00:00,2031-01-01T07:59:59-00:00,2009-03-31T00:00:00,2030-12-31T23:59:59
AS_NP26,STELLING_1_N001,AS_NP26,,2009-03-31T07:00:00-00:00,2031-01-01T07:59:59-00:00,2009-03-31T00:00:00,2030-12-31T23:59:59
AS_NP26,STELLING_1_N004,AS_NP26,,2009-03-31T07:00:00-00:00,2031-01-01T07:59:59-00:00,2009-03-31T00:00:00,2030-12-31T23:59:59
AS_NP26,STELLING_1_N007,AS_NP26,,2009-03-31T07:00:00-00:00,2031-01-01T07:59:59-00:00,2009-03-31T00:00:00,2030-12-31T23:59:59
AS_NP26,STENWJ_6_N001,AS_NP26,,2025-04-16T07:00:00-00:00,2031-01-01T07:59:59-00:00,2025-04-16T00:00:00,2030-12-31T23:59:59
AS_NP26,STENWJ_6_N002,AS_NP26,,2025-04-16T07:00:00-00:00,2031-01-01T07:59:59-00:00,2025-04-16T00:00:00,2030-12-31T23:59:59
AS_NP26,STERESA_1_CN12,AS_NP26,,2020-12-09T08:00:00-00:00,2031-01-01T07:59:59-00:00,2020-12-09T00:00:00,2030-12-31T23:59:59
AS_NP26,STHKERN_7_N001,AS_NP26,,2014-11-13T08:00:00-00:00,2031-01-01T07:59:59-00:00,2014-11-13T00:00:00,2030-12-31T23:59:59
AS_NP26,STIGCC_7_B1,AS_NP26,,2025-05-13T07:00:00-00:00,2031-01-01T07:59:59-00:00,2025-05-13T00:00:00,2030-12-31T23:59:59
AS_NP26,STKTNWW_6_N001,AS_NP26,,2010-08-26T07:00:00-00:00,2031-01-01T07:59:59-00:00,2010-08-26T00:00:00,2030-12-31T23:59:59
AS_NP26,STKTONA_1_LN001,AS_NP26,,2009-09-10T07:00:00-00:00,2031-01-01T07:59:59-00:00,2009-09-10T00:00:00,2030-12-31T23:59:59
AS_NP26,STKTONA_1_N001,AS_NP26,,2009-03-31T07:00:00-00:00,2031-01-01T07:59:59-00:00,2009-03-31T00:00:00,2030-12-31T23:59:59
AS_NP26,STKTONA_1_N003,AS_NP26,,2009-03-31T07:00:00-00:00,2031-01-01T07:59:59-00:00,2009-03-31T00:00:00,2030-12-31T23:59:59
AS_NP26,STKTONA_6_N001,AS_NP26,,2009-03-31T07:00:00-00:00,2031-01-01T07:59:59-00:00,2009-03-31T00:00:00,2030-12-31T23:59:59
AS_NP26,STKTONA_6_N004,AS_NP26,,2009-03-31T07:00:00-00:00,2031-01-01T07:59:59-00:00,2009-03-31T00:00:00,2030-12-31T23:59:59
AS_NP26,STLLWATR_6_N001,AS_NP26,,2009-03-31T07:00:00-00:00,2031-01-01T07:59:59-00:00,2009-03-31T00:00:00,2030-12-31T23:59:59
AS_NP26,STNSLSRP_7_B1,AS_NP26,,2009-03-31T07:00:00-00:00,2031-01-01T07:59:59-00:00,2009-03-31T00:00:00,2030-12-31T23:59:59
AS_NP26,STOCKDLE_1_N001,AS_NP26,,2009-03-31T07:00:00-00:00,2031-01-01T07:59:59-00:00,2009-03-31T00:00:00,2030-12-31T23:59:59
AS_NP26,STOCKDLE_1_N010,AS_NP26,,2014-02-13T08:00:00-00:00,2031-01-01T07:59:59-00:00,2014-02-13T00:00:00,2030-12-31T23:59:59
AS_NP26,STOCKDL_2_N001,AS_NP26,,2009-03-31T07:00:00-00:00,2031-01-01T07:59:59-00:00,2009-03-31T00:00:00,2030-12-31T23:59:59
AS_NP26,STOCKDL_2_N002,AS_NP26,,2009-03-31T07:00:00-00:00,2031-01-01T07:59:59-00:00,2009-03-31T00:00:00,2030-12-31T23:59:59
AS_NP26,STOCKDL_2_N101,AS_NP26,,2009-03-31T07:00:00-00:00,2031-01-01T07:59:59-00:00,2009-03-31T00:00:00,2030-12-31T23:59:59
AS_NP26,STOILS_1_UNITS-APND,AS_NP26,,2009-03-31T07:00:00-00:00,2031-01-01T07:59:59-00:00,2009-03-31T00:00:00,2030-12-31T23:59:59
AS_NP26,STONCRRL_6_N001,AS_NP26,,2009-03-31T07:00:00-00:00,2031-01-01T07:59:59-00:00,2009-03-31T00:00:00,2030-12-31T23:59:59
AS_NP26,STONCRRL_6_N003,AS_NP26,,2009-03-31T07:00:00-00:00,2031-01-01T07:59:59-00:00,2009-03-31T00:00:00,2030-12-31T23:59:59
AS_NP26,STONE_1_N001,AS_NP26,,2009-03-31T07:00:00-00:00,2031-01-01T07:59:59-00:00,2009-03-31T00:00:00,2030-12-31T23:59:59
AS_NP26,STONE_1_N005,AS_NP26,,2009-03-31T07:00:00-00:00,2031-01-01T07:59:59-00:00,2009-03-31T00:00:00,2030-12-31T23:59:59
AS_NP26,STONYPT_1_N001,AS_NP26,,2009-03-31T07:00:00-00:00,2031-01-01T07:59:59-00:00,2009-03-31T00:00:00,2030-12-31T23:59:59
AS_NP26,STOREY1_2_N001,AS_NP26,,2009-03-31T07:00:00-00:00,2031-01-01T07:59:59-00:00,2009-03-31T00:00:00,2030-12-31T23:59:59
AS_NP26,STOREY1_2_N003,AS_NP26,,2025-05-13T07:00:00-00:00,2031-01-01T07:59:59-00:00,2025-05-13T00:00:00,2030-12-31T23:59:59
AS_NP26,STOREY1_2_N006,AS_NP26,,2025-05-13T07:00:00-00:00,2031-01-01T07:59:59-00:00,2025-05-13T00:00:00,2030-12-31T23:59:59
AS_NP26,STOREY1_2_N007,AS_NP26,,2025-05-13T07:00:00-00:00,2031-01-01T07:59:59-00:00,2025-05-13T00:00:00,2030-12-31T23:59:59
AS_NP26,STOREY1_2_N008,AS_NP26,,2025-05-13T07:00:00-00:00,2031-01-01T07:59:59-00:00,2025-05-13T00:00:00,2030-12-31T23:59:59
AS_NP26,STOREY1_2_N011,AS_NP26,,2025-12-17T08:00:00-00:00,2031-01-01T07:59:59-00:00,2025-12-17T00:00:00,2030-12-31T23:59:59
AS_NP26,STOREY2_2_N001,AS_NP26,,2009-03-31T07:00:00-00:00,2031-01-01T07:59:59-00:00,2009-03-31T00:00:00,2030-12-31T23:59:59
AS_NP26,STRAUS34_7_N001,AS_NP26,,2025-05-13T07:00:00-00:00,2031-01-01T07:59:59-00:00,2025-05-13T00:00:00,2030-12-31T23:59:59
AS_NP26,STROUD_6_N001,AS_NP26,,2011-08-11T07:00:00-00:00,2031-01-01T07:59:59-00:00,2011-08-11T00:00:00,2030-12-31T23:59:59
AS_NP26,STROUD_6_N003,AS_NP26,,2025-05-13T07:00:00-00:00,2031-01-01T07:59:59-00:00,2025-05-13T00:00:00,2030-12-31T23:59:59
AS_NP26,STROUD_6_N005,AS_NP26,,2011-08-12T07:00:00-00:00,2031-01-01T07:59:59-00:00,2011-08-12T00:00:00,2030-12-31T23:59:59
AS_NP26,SUBS34KV_7_N002,AS_NP26,,2025-10-15T07:00:00-00:00,2031-01-01T07:59:59-00:00,2025-10-15T00:00:00,2030-12-31T23:59:59
AS_NP26,SUBST_MV_1_7_N004,AS_NP26,,2024-01-24T08:00:00-00:00,2031-01-01T07:59:59-00:00,2024-01-24T00:00:00,2030-12-31T23:59:59
AS_NP26,SUBST_MV_2_7_N005,AS_NP26,,2024-01-24T08:00:00-00:00,2031-01-01T07:59:59-00:00,2024-01-24T00:00:00,2030-12-31T23:59:59
AS_NP26,SUISUN_1_N001,AS_NP26,,2009-03-31T07:00:00-00:00,2031-01-01T07:59:59-00:00,2009-03-31T00:00:00,2030-12-31T23:59:59
AS_NP26,SUISUN_1_N008,AS_NP26,,2009-03-31T07:00:00-00:00,2031-01-01T07:59:59-00:00,2009-03-31T00:00:00,2030-12-31T23:59:59
AS_NP26,SUISUN_1_N009,AS_NP26,,2009-03-31T07:00:00-00:00,2031-01-01T07:59:59-00:00,2009-03-31T00:00:00,2030-12-31T23:59:59
AS_NP26,SUISUN_1_N010,AS_NP26,,2009-03-31T07:00:00-00:00,2031-01-01T07:59:59-00:00,2009-03-31T00:00:00,2030-12-31T23:59:59
AS_NP26,SUMIDEN_6_N001,AS_NP26,,2009-03-31T07:00:00-00:00,2031-01-01T07:59:59-00:00,2009-03-31T00:00:00,2030-12-31T23:59:59
AS_NP26,SUMMIT_6_N001,AS_NP26,,2009-03-31T07:00:00-00:00,2031-01-01T07:59:59-00:00,2009-03-31T00:00:00,2030-12-31T23:59:59
AS_NP26,SUNHRVST_7_N001,AS_NP26,,2025-05-13T07:00:00-00:00,2031-01-01T07:59:59-00:00,2025-05-13T00:00:00,2030-12-31T23:59:59
AS_NP26,SUNOL_6_N001,AS_NP26,,2009-03-31T07:00:00-00:00,2031-01-01T07:59:59-00:00,2009-03-31T00:00:00,2030-12-31T23:59:59
AS_NP26,SUNRIS_2_PL1X3-APND,AS_NP26,,2009-03-31T07:00:00-00:00,2031-01-01T07:59:59-00:00,2009-03-31T00:00:00,2030-12-31T23:59:59
AS_NP26,SUNRSE3S_7_B1,AS_NP26,,2023-05-05T07:00:00-00:00,2031-01-01T07:59:59-00:00,2023-05-05T00:00:00,2030-12-31T23:59:59
AS_NP26,SUNRSE3S_7_N002,AS_NP26,,2009-03-31T07:00:00-00:00,2031-01-01T07:59:59-00:00,2009-03-31T00:00:00,2030-12-31T23:59:59
AS_NP26,SUNST_2_N006,AS_NP26,,2009-03-31T07:00:00-00:00,2031-01-01T07:59:59-00:00,2009-03-31T00:00:00,2030-12-31T23:59:59
AS_NP26,SURF_1_N009,AS_NP26,,2009-03-31T07:00:00-00:00,2031-01-01T07:59:59-00:00,2009-03-31T00:00:00,2030-12-31T23:59:59
AS_NP26,SUTTRHM1_6_N001,AS_NP26,,2015-07-23T07:00:00-00:00,2031-01-01T07:59:59-00:00,2015-07-23T00:00:00,2030-12-31T23:59:59
AS_NP26,SUWSOF70_6_B1,AS_NP26,,2018-05-29T07:00:00-00:00,2031-01-01T07:59:59-00:00,2018-05-29T00:00:00,2030-12-31T23:59:59
AS_NP26,SUWSOFGN_7_N001,AS_NP26,,2018-02-22T08:00:00-00:00,2031-01-01T07:59:59-00:00,2018-02-22T00:00:00,2030-12-31T23:59:59
AS_NP26,SWIFT_1_GN001,AS_NP26,,2011-01-21T08:00:00-00:00,2031-01-01T07:59:59-00:00,2011-01-21T00:00:00,2030-12-31T23:59:59
AS_NP26,SWIFT_1_N001,AS_NP26,,2009-03-31T07:00:00-00:00,2031-01-01T07:59:59-00:00,2009-03-31T00:00:00,2030-12-31T23:59:59
AS_NP26,SWIFT_1_N003,AS_NP26,,2009-03-31T07:00:00-00:00,2031-01-01T07:59:59-00:00,2009-03-31T00:00:00,2030-12-31T23:59:59
AS_NP26,SWIFT_1_N006,AS_NP26,,2009-03-31T07:00:00-00:00,2031-01-01T07:59:59-00:00,2009-03-31T00:00:00,2030-12-31T23:59:59
AS_NP26,SWSDPR_1_N003,AS_NP26,,2015-07-23T07:00:00-00:00,2031-01-01T07:59:59-00:00,2015-07-23T00:00:00,2030-12-31T23:59:59
AS_NP26,SYCAMORE_1_N101,AS_NP26,,2009-03-31T07:00:00-00:00,2031-01-01T07:59:59-00:00,2009-03-31T00:00:00,2030-12-31T23:59:59
AS_NP26,SYCAMORE_1_N201,AS_NP26,,2009-03-31T07:00:00-00:00,2031-01-01T07:59:59-00:00,2009-03-31T00:00:00,2030-12-31T23:59:59
AS_NP26,SYCAMORE_1_N301,AS_NP26,,2015-10-22T07:00:00-00:00,2031-01-01T07:59:59-00:00,2015-10-22T00:00:00,2030-12-31T23:59:59
AS_NP26,T0239_7_N002,AS_NP26,,2025-05-13T07:00:00-00:00,2031-01-01T07:59:59-00:00,2025-05-13T00:00:00,2030-12-31T23:59:59
AS_NP26,T0304_7_N003,AS_NP26,,2025-05-13T07:00:00-00:00,2031-01-01T07:59:59-00:00,2025-05-13T00:00:00,2030-12-31T23:59:59
AS_NP26,T320BS1_7_B1,AS_NP26,,2025-05-13T07:00:00-00:00,2031-01-01T07:59:59-00:00,2025-05-13T00:00:00,2030-12-31T23:59:59
AS_NP26,T320BS2_7_B1,AS_NP26,,2025-05-13T07:00:00-00:00,2031-01-01T07:59:59-00:00,2025-05-13T00:00:00,2030-12-31T23:59:59
AS_NP26,T320BS3_7_B1,AS_NP26,,2025-05-13T07:00:00-00:00,2031-01-01T07:59:59-00:00,2025-05-13T00:00:00,2030-12-31T23:59:59
AS_NP26,T320BS4_7_B1,AS_NP26,,2025-05-13T07:00:00-00:00,2031-01-01T07:59:59-00:00,2025-05-13T00:00:00,2030-12-31T23:59:59
AS_NP26,T320_2_N001,AS_NP26,,2012-10-11T07:00:00-00:00,2031-01-01T07:59:59-00:00,2012-10-11T00:00:00,2030-12-31T23:59:59
AS_NP26,T320_2_N002,AS_NP26,,2012-10-11T07:00:00-00:00,2031-01-01T07:59:59-00:00,2012-10-11T00:00:00,2030-12-31T23:59:59
AS_NP26,TABLMTN_2_B1,AS_NP26,,2017-08-17T07:00:00-00:00,2031-01-01T07:59:59-00:00,2017-08-17T00:00:00,2030-12-31T23:59:59
AS_NP26,TAFT1_1_B1,AS_NP26,,2017-08-17T07:00:00-00:00,2031-01-01T07:59:59-00:00,2017-08-17T00:00:00,2030-12-31T23:59:59
AS_NP26,TAFT1_1_N001,AS_NP26,,2009-03-31T07:00:00-00:00,2031-01-01T07:59:59-00:00,2009-03-31T00:00:00,2030-12-31T23:59:59
AS_NP26,TAFT1_1_N004,AS_NP26,,2009-03-31T07:00:00-00:00,2031-01-01T07:59:59-00:00,2009-03-31T00:00:00,2030-12-31T23:59:59
AS_NP26,TAFTA_J_6_B1,AS_NP26,,2017-08-17T07:00:00-00:00,2031-01-01T07:59:59-00:00,2017-08-17T00:00:00,2030-12-31T23:59:59
AS_NP26,TAFT_6_B1,AS_NP26,,2017-10-10T07:00:00-00:00,2031-01-01T07:59:59-00:00,2017-10-10T00:00:00,2030-12-31T23:59:59
AS_NP26,TAMARACK_6_N001,AS_NP26,,2009-03-31T07:00:00-00:00,2031-01-01T07:59:59-00:00,2009-03-31T00:00:00,2030-12-31T23:59:59
AS_NP26,TAPSKRN_6_B1,AS_NP26,,2017-08-17T07:00:00-00:00,2031-01-01T07:59:59-00:00,2017-08-17T00:00:00,2030-12-31T23:59:59
AS_NP26,TASSAJAR_2_N001,AS_NP26,,2009-03-31T07:00:00-00:00,2031-01-01T07:59:59-00:00,2009-03-31T00:00:00,2030-12-31T23:59:59
AS_NP26,TASSAJAR_2_N002,AS_NP26,,2009-03-31T07:00:00-00:00,2031-01-01T07:59:59-00:00,2009-03-31T00:00:00,2030-12-31T23:59:59
AS_NP26,TASSAJAR_2_N016,AS_NP26,,2011-12-21T08:00:00-00:00,2031-01-01T07:59:59-00:00,2011-12-21T00:00:00,2030-12-31T23:59:59
AS_NP26,TAYLOR_6_N001,AS_NP26,,2009-03-31T07:00:00-00:00,2031-01-01T07:59:59-00:00,2009-03-31T00:00:00,2030-12-31T23:59:59
AS_NP26,TBCPOT1_1_GN002,AS_NP26,,2025-05-13T07:00:00-00:00,2031-01-01T07:59:59-00:00,2025-05-13T00:00:00,2030-12-31T23:59:59
AS_NP26,TBCPTB1_2_GN002,AS_NP26,,2025-05-13T07:00:00-00:00,2031-01-01T07:59:59-00:00,2025-05-13T00:00:00,2030-12-31T23:59:59
AS_NP26,TBLEMTN_6_B1,AS_NP26,,2017-08-17T07:00:00-00:00,2031-01-01T07:59:59-00:00,2017-08-17T00:00:00,2030-12-31T23:59:59
AS_NP26,TBLEMTN_6_N005,AS_NP26,,2009-03-31T07:00:00-00:00,2031-01-01T07:59:59-00:00,2009-03-31T00:00:00,2030-12-31T23:59:59
AS_NP26,TECUYA_6_N001,AS_NP26,,2009-03-31T07:00:00-00:00,2031-01-01T07:59:59-00:00,2009-03-31T00:00:00,2030-12-31T23:59:59
AS_NP26,TEICHERT_1_N001,AS_NP26,,2009-03-31T07:00:00-00:00,2031-01-01T07:59:59-00:00,2009-03-31T00:00:00,2030-12-31T23:59:59
AS_NP26,TEJON_6_N001,AS_NP26,,2009-03-31T07:00:00-00:00,2031-01-01T07:59:59-00:00,2009-03-31T00:00:00,2030-12-31T23:59:59
AS_NP26,TEJON_6_N014,AS_NP26,,2013-09-19T07:00:00-00:00,2031-01-01T07:59:59-00:00,2013-09-19T00:00:00,2030-12-31T23:59:59
AS_NP26,TEMBLOR_1_N003,AS_NP26,,2009-03-31T07:00:00-00:00,2031-01-01T07:59:59-00:00,2009-03-31T00:00:00,2030-12-31T23:59:59
AS_NP26,TEMBLOR_1_N004,AS_NP26,,2009-03-31T07:00:00-00:00,2031-01-01T07:59:59-00:00,2009-03-31T00:00:00,2030-12-31T23:59:59
AS_NP26,TEMPLE21_7_N001,AS_NP26,,2013-11-21T08:00:00-00:00,2031-01-01T07:59:59-00:00,2013-11-21T00:00:00,2030-12-31T23:59:59
AS_NP26,TEMPLE21_7_N002,AS_NP26,,2025-05-13T07:00:00-00:00,2031-01-01T07:59:59-00:00,2025-05-13T00:00:00,2030-12-31T23:59:59
AS_NP26,TEMPLETN_2_N008,AS_NP26,,2009-03-31T07:00:00-00:00,2031-01-01T07:59:59-00:00,2009-03-31T00:00:00,2030-12-31T23:59:59
AS_NP26,TERMNOUS_6_N001,AS_NP26,,2009-03-31T07:00:00-00:00,2031-01-01T07:59:59-00:00,2009-03-31T00:00:00,2030-12-31T23:59:59
AS_NP26,TESLAMTR_1_N003,AS_NP26,,2015-07-23T07:00:00-00:00,2031-01-01T07:59:59-00:00,2015-07-23T00:00:00,2030-12-31T23:59:59
AS_NP26,TESLA_1_B1,AS_NP26,,2017-08-17T07:00:00-00:00,2031-01-01T07:59:59-00:00,2017-08-17T00:00:00,2030-12-31T23:59:59
AS_NP26,TESLA_1_N027,AS_NP26,,2025-05-13T07:00:00-00:00,2031-01-01T07:59:59-00:00,2025-05-13T00:00:00,2030-12-31T23:59:59
AS_NP26,TESORO_2_N014,AS_NP26,,2010-02-24T08:00:00-00:00,2031-01-01T07:59:59-00:00,2010-02-24T00:00:00,2030-12-31T23:59:59
AS_NP26,TESORO_2_N020,AS_NP26,,2010-02-24T08:00:00-00:00,2031-01-01T07:59:59-00:00,2010-02-24T00:00:00,2030-12-31T23:59:59
AS_NP26,TESSUB_2_N001,AS_NP26,,2009-03-31T07:00:00-00:00,2031-01-01T07:59:59-00:00,2009-03-31T00:00:00,2030-12-31T23:59:59
AS_NP26,TEVIS_1_N001,AS_NP26,,2009-03-31T07:00:00-00:00,2031-01-01T07:59:59-00:00,2009-03-31T00:00:00,2030-12-31T23:59:59
AS_NP26,TEVIS_1_N003,AS_NP26,,2009-03-31T07:00:00-00:00,2031-01-01T07:59:59-00:00,2009-03-31T00:00:00,2030-12-31T23:59:59
AS_NP26,TEXACO_6_N019,AS_NP26,,2009-03-31T07:00:00-00:00,2031-01-01T07:59:59-00:00,2009-03-31T00:00:00,2030-12-31T23:59:59
AS_NP26,TEXCONM_1_B1,AS_NP26,,2017-08-17T07:00:00-00:00,2031-01-01T07:59:59-00:00,2017-08-17T00:00:00,2030-12-31T23:59:59
AS_NP26,TEXMCKT_1_N101,AS_NP26,,2023-05-05T07:00:00-00:00,2031-01-01T07:59:59-00:00,2023-05-05T00:00:00,2030-12-31T23:59:59
AS_NP26,TEXSUN1G_7_B2,AS_NP26,,2009-03-31T07:00:00-00:00,2031-01-01T07:59:59-00:00,2009-03-31T00:00:00,2030-12-31T23:59:59
AS_NP26,TEXSUN1G_7_N001,AS_NP26,,2009-03-31T07:00:00-00:00,2031-01-01T07:59:59-00:00,2009-03-31T00:00:00,2030-12-31T23:59:59
AS_NP26,TEXSUN2G_7_B2,AS_NP26,,2009-03-31T07:00:00-00:00,2031-01-01T07:59:59-00:00,2009-03-31T00:00:00,2030-12-31T23:59:59
AS_NP26,TEXSUN2G_7_N001,AS_NP26,,2009-03-31T07:00:00-00:00,2031-01-01T07:59:59-00:00,2009-03-31T00:00:00,2030-12-31T23:59:59
AS_NP26,THERMLT1_7_B1,AS_NP26,,2023-05-05T07:00:00-00:00,2031-01-01T07:59:59-00:00,2023-05-05T00:00:00,2030-12-31T23:59:59
AS_NP26,THERMLT2_7_B1,AS_NP26,,2023-05-05T07:00:00-00:00,2031-01-01T07:59:59-00:00,2023-05-05T00:00:00,2030-12-31T23:59:59
AS_NP26,THERMLT3_7_B1,AS_NP26,,2023-05-05T07:00:00-00:00,2031-01-01T07:59:59-00:00,2023-05-05T00:00:00,2030-12-31T23:59:59
AS_NP26,THERMLT4_7_B1,AS_NP26,,2023-05-05T07:00:00-00:00,2031-01-01T07:59:59-00:00,2023-05-05T00:00:00,2030-12-31T23:59:59
AS_NP26,THERMLTO_2_N109,AS_NP26,,2009-03-31T07:00:00-00:00,2031-01-01T07:59:59-00:00,2009-03-31T00:00:00,2030-12-31T23:59:59
AS_NP26,TIDEWATR_2_N001,AS_NP26,,2009-03-31T07:00:00-00:00,2031-01-01T07:59:59-00:00,2009-03-31T00:00:00,2030-12-31T23:59:59
AS_NP26,TIDEWATR_2_N014,AS_NP26,,2009-03-31T07:00:00-00:00,2031-01-01T07:59:59-00:00,2009-03-31T00:00:00,2030-12-31T23:59:59
AS_NP26,TIGRCK_7_UNITS-APND,AS_NP26,,2009-03-31T07:00:00-00:00,2031-01-01T07:59:59-00:00,2009-03-31T00:00:00,2030-12-31T23:59:59
AS_NP26,TIGRCRK_2_B1,AS_NP26,,2017-08-17T07:00:00-00:00,2031-01-01T07:59:59-00:00,2017-08-17T00:00:00,2030-12-31T23:59:59
AS_NP26,TIGRCRK_7_B2,AS_NP26,,2023-05-05T07:00:00-00:00,2031-01-01T07:59:59-00:00,2023-05-05T00:00:00,2030-12-31T23:59:59
AS_NP26,TIGRCRK_7_B3,AS_NP26,,2023-05-05T07:00:00-00:00,2031-01-01T07:59:59-00:00,2023-05-05T00:00:00,2030-12-31T23:59:59
AS_NP26,TLRELKE_6_N001,AS_NP26,,2022-01-14T08:00:00-00:00,2031-01-01T07:59:59-00:00,2022-01-14T00:00:00,2030-12-31T23:59:59
AS_NP26,TLRELKE_7_N016,AS_NP26,,2025-02-12T08:00:00-00:00,2031-01-01T07:59:59-00:00,2025-02-12T00:00:00,2030-12-31T23:59:59
AS_NP26,TOADTWN_7_N001,AS_NP26,,2009-03-31T07:00:00-00:00,2031-01-01T07:59:59-00:00,2009-03-31T00:00:00,2030-12-31T23:59:59
AS_NP26,TOADTWN_7_N002,AS_NP26,,2025-05-13T07:00:00-00:00,2031-01-01T07:59:59-00:00,2025-05-13T00:00:00,2030-12-31T23:59:59
AS_NP26,TOCALOMA_6_N001,AS_NP26,,2009-03-31T07:00:00-00:00,2031-01-01T07:59:59-00:00,2009-03-31T00:00:00,2030-12-31T23:59:59
AS_NP26,TOMATAK_6_N001,AS_NP26,,2009-03-31T07:00:00-00:00,2031-01-01T07:59:59-00:00,2009-03-31T00:00:00,2030-12-31T23:59:59
AS_NP26,TOPAZC1_7_N021,AS_NP26,,2025-05-13T07:00:00-00:00,2031-01-01T07:59:59-00:00,2025-05-13T00:00:00,2030-12-31T23:59:59
AS_NP26,TORNADO_6_N001,AS_NP26,,2009-03-31T07:00:00-00:00,2031-01-01T07:59:59-00:00,2009-03-31T00:00:00,2030-12-31T23:59:59
AS_NP26,TOSCO-PP_6_N001,AS_NP26,,2009-03-31T07:00:00-00:00,2031-01-01T07:59:59-00:00,2009-03-31T00:00:00,2030-12-31T23:59:59
AS_NP26,TRACY_1_N001,AS_NP26,,2009-03-31T07:00:00-00:00,2031-01-01T07:59:59-00:00,2009-03-31T00:00:00,2030-12-31T23:59:59
AS_NP26,TRACY_1_N002,AS_NP26,,2009-03-31T07:00:00-00:00,2031-01-01T07:59:59-00:00,2009-03-31T00:00:00,2030-12-31T23:59:59
AS_NP26,TRACY_1_N007,AS_NP26,,2024-07-10T07:00:00-00:00,2031-01-01T07:59:59-00:00,2024-07-10T00:00:00,2030-12-31T23:59:59
AS_NP26,TRACY_1_N101,AS_NP26,,2009-03-31T07:00:00-00:00,2031-01-01T07:59:59-00:00,2009-03-31T00:00:00,2030-12-31T23:59:59
AS_NP26,TRACY_7_CN2,AS_NP26,,2024-07-10T07:00:00-00:00,2031-01-01T07:59:59-00:00,2024-07-10T00:00:00,2030-12-31T23:59:59
AS_NP26,TRAVIS_6_B1,AS_NP26,,2009-03-31T07:00:00-00:00,2031-01-01T07:59:59-00:00,2009-03-31T00:00:00,2030-12-31T23:59:59
AS_NP26,TRESVIS_6_N001,AS_NP26,,2009-03-31T07:00:00-00:00,2031-01-01T07:59:59-00:00,2009-03-31T00:00:00,2030-12-31T23:59:59
AS_NP26,TRIMBLE_1_N004,AS_NP26,,2009-03-31T07:00:00-00:00,2031-01-01T07:59:59-00:00,2009-03-31T00:00:00,2030-12-31T23:59:59
AS_NP26,TRIMBLE_1_N010,AS_NP26,,2009-03-31T07:00:00-00:00,2031-01-01T07:59:59-00:00,2009-03-31T00:00:00,2030-12-31T23:59:59
AS_NP26,TRIMBLE_1_N016,AS_NP26,,2009-03-31T07:00:00-00:00,2031-01-01T07:59:59-00:00,2009-03-31T00:00:00,2030-12-31T23:59:59
AS_NP26,TRIMBLE_1_N020,AS_NP26,,2009-03-31T07:00:00-00:00,2031-01-01T07:59:59-00:00,2009-03-31T00:00:00,2030-12-31T23:59:59
AS_NP26,TRINIDAD_6_N001,AS_NP26,,2009-03-31T07:00:00-00:00,2031-01-01T07:59:59-00:00,2009-03-31T00:00:00,2030-12-31T23:59:59
AS_NP26,TRNLTYSS_2_B1,AS_NP26,,2017-08-17T07:00:00-00:00,2031-01-01T07:59:59-00:00,2017-08-17T00:00:00,2030-12-31T23:59:59
AS_NP26,TRVSHPT_6_B1,AS_NP26,,2009-03-31T07:00:00-00:00,2031-01-01T07:59:59-00:00,2009-03-31T00:00:00,2030-12-31T23:59:59
AS_NP26,TUDOR_6_N001,AS_NP26,,2009-03-31T07:00:00-00:00,2031-01-01T07:59:59-00:00,2009-03-31T00:00:00,2030-12-31T23:59:59
AS_NP26,TULLCK_7_UNITS-APND,AS_NP26,,2009-03-31T07:00:00-00:00,2031-01-01T07:59:59-00:00,2009-03-31T00:00:00,2030-12-31T23:59:59
AS_NP26,TULLOCH_7_B1,AS_NP26,,2023-05-05T07:00:00-00:00,2031-01-01T07:59:59-00:00,2023-05-05T00:00:00,2030-12-31T23:59:59
AS_NP26,TULLOCH_7_B2,AS_NP26,,2023-05-05T07:00:00-00:00,2031-01-01T07:59:59-00:00,2023-05-05T00:00:00,2030-12-31T23:59:59
AS_NP26,TULLOCH_7_B4,AS_NP26,,2023-05-05T07:00:00-00:00,2031-01-01T07:59:59-00:00,2023-05-05T00:00:00,2030-12-31T23:59:59
AS_NP26,TULRLK_7_N015,AS_NP26,,2025-05-13T07:00:00-00:00,2031-01-01T07:59:59-00:00,2025-05-13T00:00:00,2030-12-31T23:59:59
AS_NP26,TULUCAY_6_N001,AS_NP26,,2009-03-31T07:00:00-00:00,2031-01-01T07:59:59-00:00,2009-03-31T00:00:00,2030-12-31T23:59:59
AS_NP26,TUPMAN_1_LN001,AS_NP26,,2009-09-10T07:00:00-00:00,2031-01-01T07:59:59-00:00,2009-09-10T00:00:00,2030-12-31T23:59:59
AS_NP26,TUPMAN_1_N101,AS_NP26,,2009-03-31T07:00:00-00:00,2031-01-01T07:59:59-00:00,2009-03-31T00:00:00,2030-12-31T23:59:59
AS_NP26,TUPMAN_1_N102,AS_NP26,,2025-05-13T07:00:00-00:00,2031-01-01T07:59:59-00:00,2025-05-13T00:00:00,2030-12-31T23:59:59
AS_NP26,TVYVLLY_6_N001,AS_NP26,,2009-03-31T07:00:00-00:00,2031-01-01T07:59:59-00:00,2009-03-31T00:00:00,2030-12-31T23:59:59
AS_NP26,TVYVLLY_6_N008,AS_NP26,,2025-05-13T07:00:00-00:00,2031-01-01T07:59:59-00:00,2025-05-13T00:00:00,2030-12-31T23:59:59
AS_NP26,TWISSLMN_6_N005,AS_NP26,,2025-05-13T07:00:00-00:00,2031-01-01T07:59:59-00:00,2025-05-13T00:00:00,2030-12-31T23:59:59
AS_NP26,TXBVHL_6_N001,AS_NP26,,2009-03-31T07:00:00-00:00,2031-01-01T07:59:59-00:00,2009-03-31T00:00:00,2030-12-31T23:59:59
AS_NP26,TXMIDST_7_N001,AS_NP26,,2009-06-25T07:00:00-00:00,2031-01-01T07:59:59-00:00,2009-06-25T00:00:00,2030-12-31T23:59:59
AS_NP26,TXROSDL_1_N001,AS_NP26,,2009-03-31T07:00:00-00:00,2031-01-01T07:59:59-00:00,2009-03-31T00:00:00,2030-12-31T23:59:59
AS_NP26,TXROSDL_1_N002,AS_NP26,,2009-03-31T07:00:00-00:00,2031-01-01T07:59:59-00:00,2009-03-31T00:00:00,2030-12-31T23:59:59
AS_NP26,TYLER_6_N001,AS_NP26,,2009-03-31T07:00:00-00:00,2031-01-01T07:59:59-00:00,2009-03-31T00:00:00,2030-12-31T23:59:59
AS_NP26,TYLER_6_N002,AS_NP26,,2009-03-31T07:00:00-00:00,2031-01-01T07:59:59-00:00,2009-03-31T00:00:00,2030-12-31T23:59:59
AS_NP26,UKIAH_1_N001,AS_NP26,,2009-03-31T07:00:00-00:00,2031-01-01T07:59:59-00:00,2009-03-31T00:00:00,2030-12-31T23:59:59
AS_NP26,UKIAH_1_N005,AS_NP26,,2009-03-31T07:00:00-00:00,2031-01-01T07:59:59-00:00,2009-03-31T00:00:00,2030-12-31T23:59:59
AS_NP26,ULTPWRJ_1_N001,AS_NP26,,2009-03-31T07:00:00-00:00,2031-01-01T07:59:59-00:00,2009-03-31T00:00:00,2030-12-31T23:59:59
AS_NP26,ULTRAJT_6_B1,AS_NP26,,2017-08-17T07:00:00-00:00,2031-01-01T07:59:59-00:00,2017-08-17T00:00:00,2030-12-31T23:59:59
AS_NP26,ULTRAOGL_7_N001,AS_NP26,,2009-12-17T08:00:00-00:00,2031-01-01T07:59:59-00:00,2009-12-17T00:00:00,2030-12-31T23:59:59
AS_NP26,ULTRRCK_7_N001,AS_NP26,,2011-03-30T07:00:00-00:00,2031-01-01T07:59:59-00:00,2011-03-30T00:00:00,2030-12-31T23:59:59
AS_NP26,ULT_OGLE_1_B1,AS_NP26,,2017-08-17T07:00:00-00:00,2031-01-01T07:59:59-00:00,2017-08-17T00:00:00,2030-12-31T23:59:59
AS_NP26,UNIONCH_7_B1,AS_NP26,,2009-03-31T07:00:00-00:00,2031-01-01T07:59:59-00:00,2009-03-31T00:00:00,2030-12-31T23:59:59
AS_NP26,UNIVRSTY_7_B1,AS_NP26,,2023-05-05T07:00:00-00:00,2031-01-01T07:59:59-00:00,2023-05-05T00:00:00,2030-12-31T23:59:59
AS_NP26,UNOCAL_7_N001,AS_NP26,,2009-03-31T07:00:00-00:00,2031-01-01T07:59:59-00:00,2009-03-31T00:00:00,2030-12-31T23:59:59
AS_NP26,UNOCAL_7_N002,AS_NP26,,2009-03-31T07:00:00-00:00,2031-01-01T07:59:59-00:00,2009-03-31T00:00:00,2030-12-31T23:59:59
AS_NP26,UOP_6_N001,AS_NP26,,2009-03-31T07:00:00-00:00,2031-01-01T07:59:59-00:00,2009-03-31T00:00:00,2030-12-31T23:59:59
AS_NP26,UPPRLKE_6_N001,AS_NP26,,2009-03-31T07:00:00-00:00,2031-01-01T07:59:59-00:00,2009-03-31T00:00:00,2030-12-31T23:59:59
AS_NP26,URANIUM_6_N001,AS_NP26,,2017-02-16T08:00:00-00:00,2031-01-01T07:59:59-00:00,2017-02-16T00:00:00,2030-12-31T23:59:59
AS_NP26,URANIUM_6_N002,AS_NP26,,2017-02-16T08:00:00-00:00,2031-01-01T07:59:59-00:00,2017-02-16T00:00:00,2030-12-31T23:59:59
AS_NP26,URANIUM_6_N003,AS_NP26,,2017-02-16T08:00:00-00:00,2031-01-01T07:59:59-00:00,2017-02-16T00:00:00,2030-12-31T23:59:59
AS_NP26,URICH_6_N001,AS_NP26,,2009-03-31T07:00:00-00:00,2031-01-01T07:59:59-00:00,2009-03-31T00:00:00,2030-12-31T23:59:59
AS_NP26,USWINDPW_7_N001,AS_NP26,,2009-03-31T07:00:00-00:00,2031-01-01T07:59:59-00:00,2009-03-31T00:00:00,2030-12-31T23:59:59
AS_NP26,USWINDPW_7_N009,AS_NP26,,2025-05-13T07:00:00-00:00,2031-01-01T07:59:59-00:00,2025-05-13T00:00:00,2030-12-31T23:59:59
AS_NP26,USWP-FRK_6_N001,AS_NP26,,2025-05-13T07:00:00-00:00,2031-01-01T07:59:59-00:00,2025-05-13T00:00:00,2030-12-31T23:59:59
AS_NP26,USWP-JRW_2_N001,AS_NP26,,2025-05-13T07:00:00-00:00,2031-01-01T07:59:59-00:00,2025-05-13T00:00:00,2030-12-31T23:59:59
AS_NP26,USWP-PAT_1_B1,AS_NP26,,2009-03-31T07:00:00-00:00,2031-01-01T07:59:59-00:00,2009-03-31T00:00:00,2030-12-31T23:59:59
AS_NP26,USWPRLF_2_N004,AS_NP26,,2025-05-13T07:00:00-00:00,2031-01-01T07:59:59-00:00,2025-05-13T00:00:00,2030-12-31T23:59:59
AS_NP26,VACA-DIX_1_B1,AS_NP26,,2017-08-17T07:00:00-00:00,2031-01-01T07:59:59-00:00,2017-08-17T00:00:00,2030-12-31T23:59:59
AS_NP26,VACA-DIX_1_N001,AS_NP26,,2009-03-31T07:00:00-00:00,2031-01-01T07:59:59-00:00,2009-03-31T00:00:00,2030-12-31T23:59:59
AS_NP26,VACA-DIX_1_N014,AS_NP26,,2009-03-31T07:00:00-00:00,2031-01-01T07:59:59-00:00,2009-03-31T00:00:00,2030-12-31T23:59:59
AS_NP26,VACA-DIX_1_N083,AS_NP26,,2009-06-25T07:00:00-00:00,2031-01-01T07:59:59-00:00,2009-06-25T00:00:00,2030-12-31T23:59:59
AS_NP26,VACADIX_1_GN001,AS_NP26,,2025-05-13T07:00:00-00:00,2031-01-01T07:59:59-00:00,2025-05-13T00:00:00,2030-12-31T23:59:59
AS_NP26,VACADIX_1_N015,AS_NP26,,2019-02-21T08:00:00-00:00,2031-01-01T07:59:59-00:00,2019-02-21T00:00:00,2030-12-31T23:59:59
AS_NP26,VACADIX_1_N085,AS_NP26,,2011-08-12T07:00:00-00:00,2031-01-01T07:59:59-00:00,2011-08-12T00:00:00,2030-12-31T23:59:59
AS_NP26,VACADIX_1_N300,AS_NP26,,2019-02-21T08:00:00-00:00,2031-01-01T07:59:59-00:00,2019-02-21T00:00:00,2030-12-31T23:59:59
AS_NP26,VACAVIL_1_N001,AS_NP26,,2009-03-31T07:00:00-00:00,2031-01-01T07:59:59-00:00,2009-03-31T00:00:00,2030-12-31T23:59:59
AS_NP26,VACAVIL_1_N101,AS_NP26,,2009-03-31T07:00:00-00:00,2031-01-01T07:59:59-00:00,2009-03-31T00:00:00,2030-12-31T23:59:59
AS_NP26,VACAVIL_1_N102,AS_NP26,,2009-03-31T07:00:00-00:00,2031-01-01T07:59:59-00:00,2009-03-31T00:00:00,2030-12-31T23:59:59
AS_NP26,VALLECTS_6_B1,AS_NP26,,2009-06-25T07:00:00-00:00,2031-01-01T07:59:59-00:00,2009-06-25T00:00:00,2030-12-31T23:59:59
AS_NP26,VALLYHM_1_N001,AS_NP26,,2009-03-31T07:00:00-00:00,2031-01-01T07:59:59-00:00,2009-03-31T00:00:00,2030-12-31T23:59:59
AS_NP26,VALLYHM_1_N004,AS_NP26,,2025-05-13T07:00:00-00:00,2031-01-01T07:59:59-00:00,2025-05-13T00:00:00,2030-12-31T23:59:59
AS_NP26,VALLYHM_1_N005,AS_NP26,,2015-04-23T07:00:00-00:00,2031-01-01T07:59:59-00:00,2015-04-23T00:00:00,2030-12-31T23:59:59
AS_NP26,VALLYVW_1_N001,AS_NP26,,2009-03-31T07:00:00-00:00,2031-01-01T07:59:59-00:00,2009-03-31T00:00:00,2030-12-31T23:59:59
AS_NP26,VALLYVW_1_N003,AS_NP26,,2009-03-31T07:00:00-00:00,2031-01-01T07:59:59-00:00,2009-03-31T00:00:00,2030-12-31T23:59:59
AS_NP26,VALPREDO_6_N001,AS_NP26,,2009-03-31T07:00:00-00:00,2031-01-01T07:59:59-00:00,2009-03-31T00:00:00,2030-12-31T23:59:59
AS_NP26,VANDBRG_6_N007,AS_NP26,,2021-08-25T07:00:00-00:00,2031-01-01T07:59:59-00:00,2021-08-25T00:00:00,2030-12-31T23:59:59
AS_NP26,VASCJCT_6_B1,AS_NP26,,2017-08-17T07:00:00-00:00,2031-01-01T07:59:59-00:00,2017-08-17T00:00:00,2030-12-31T23:59:59
AS_NP26,VASCO_6_N001,AS_NP26,,2009-03-31T07:00:00-00:00,2031-01-01T07:59:59-00:00,2009-03-31T00:00:00,2030-12-31T23:59:59
AS_NP26,VASCO_6_N003,AS_NP26,,2009-03-31T07:00:00-00:00,2031-01-01T07:59:59-00:00,2009-03-31T00:00:00,2030-12-31T23:59:59
AS_NP26,VASONA_2_N001,AS_NP26,,2009-03-31T07:00:00-00:00,2031-01-01T07:59:59-00:00,2009-03-31T00:00:00,2030-12-31T23:59:59
AS_NP26,VASONA_2_N010,AS_NP26,,2009-03-31T07:00:00-00:00,2031-01-01T07:59:59-00:00,2009-03-31T00:00:00,2030-12-31T23:59:59
AS_NP26,VEDDER_1_N001,AS_NP26,,2009-03-31T07:00:00-00:00,2031-01-01T07:59:59-00:00,2009-03-31T00:00:00,2030-12-31T23:59:59
AS_NP26,VICTOR_6_N001,AS_NP26,,2009-03-31T07:00:00-00:00,2031-01-01T07:59:59-00:00,2009-03-31T00:00:00,2030-12-31T23:59:59
AS_NP26,VICTOR_6_N002,AS_NP26,,2011-12-21T08:00:00-00:00,2031-01-01T07:59:59-00:00,2011-12-21T00:00:00,2030-12-31T23:59:59
AS_NP26,VIEJO_6_N001,AS_NP26,,2012-10-11T07:00:00-00:00,2031-01-01T07:59:59-00:00,2012-10-11T00:00:00,2030-12-31T23:59:59
AS_NP26,VIEJO_6_N003,AS_NP26,,2012-10-11T07:00:00-00:00,2031-01-01T07:59:59-00:00,2012-10-11T00:00:00,2030-12-31T23:59:59
AS_NP26,VIERRA_1_N001,AS_NP26,,2025-06-12T07:00:00-00:00,2031-01-01T07:59:59-00:00,2025-06-12T00:00:00,2030-12-31T23:59:59
AS_NP26,VIERRA_1_N009,AS_NP26,,2025-06-12T07:00:00-00:00,2031-01-01T07:59:59-00:00,2025-06-12T00:00:00,2030-12-31T23:59:59
AS_NP26,VINA_6_N001,AS_NP26,,2009-03-31T07:00:00-00:00,2031-01-01T07:59:59-00:00,2009-03-31T00:00:00,2030-12-31T23:59:59
AS_NP26,VINEYARD_2_N001,AS_NP26,,2009-03-31T07:00:00-00:00,2031-01-01T07:59:59-00:00,2009-03-31T00:00:00,2030-12-31T23:59:59
AS_NP26,VINEYARD_2_N002,AS_NP26,,2009-03-31T07:00:00-00:00,2031-01-01T07:59:59-00:00,2009-03-31T00:00:00,2030-12-31T23:59:59
AS_NP26,VINEYARD_6_N001,AS_NP26,,2009-03-31T07:00:00-00:00,2031-01-01T07:59:59-00:00,2009-03-31T00:00:00,2030-12-31T23:59:59
AS_NP26,VISTRA3_7_N001,AS_NP26,,2025-05-13T07:00:00-00:00,2031-01-01T07:59:59-00:00,2025-05-13T00:00:00,2030-12-31T23:59:59
AS_NP26,VISTRA3_7_N002,AS_NP26,,2025-05-13T07:00:00-00:00,2031-01-01T07:59:59-00:00,2025-05-13T00:00:00,2030-12-31T23:59:59
AS_NP26,VISTRA3_7_N003,AS_NP26,,2025-05-13T07:00:00-00:00,2031-01-01T07:59:59-00:00,2025-05-13T00:00:00,2030-12-31T23:59:59
AS_NP26,VISTRA_7_N004,AS_NP26,,2025-05-13T07:00:00-00:00,2031-01-01T07:59:59-00:00,2025-05-13T00:00:00,2030-12-31T23:59:59
AS_NP26,VISTRA_7_N005,AS_NP26,,2025-05-13T07:00:00-00:00,2031-01-01T07:59:59-00:00,2025-05-13T00:00:00,2030-12-31T23:59:59
AS_NP26,VISTRA_7_N006,AS_NP26,,2025-05-13T07:00:00-00:00,2031-01-01T07:59:59-00:00,2025-05-13T00:00:00,2030-12-31T23:59:59
AS_NP26,VISTRA_7_N008,AS_NP26,,2025-05-13T07:00:00-00:00,2031-01-01T07:59:59-00:00,2025-05-13T00:00:00,2030-12-31T23:59:59
AS_NP26,VISTRA_7_N009,AS_NP26,,2025-05-13T07:00:00-00:00,2031-01-01T07:59:59-00:00,2025-05-13T00:00:00,2030-12-31T23:59:59
AS_NP26,VLLYSPS_6_B1,AS_NP26,,2017-08-17T07:00:00-00:00,2031-01-01T07:59:59-00:00,2017-08-17T00:00:00,2030-12-31T23:59:59
AS_NP26,VLLYSPS_6_CN6,AS_NP26,,2021-11-17T08:00:00-00:00,2031-01-01T07:59:59-00:00,2021-11-17T00:00:00,2030-12-31T23:59:59
AS_NP26,VOLTA1_7_B1,AS_NP26,,2025-05-13T07:00:00-00:00,2031-01-01T07:59:59-00:00,2025-05-13T00:00:00,2030-12-31T23:59:59
AS_NP26,VOLTA2_7_N001,AS_NP26,,2025-05-13T07:00:00-00:00,2031-01-01T07:59:59-00:00,2025-05-13T00:00:00,2030-12-31T23:59:59
AS_NP26,VOLTA2_7_N002,AS_NP26,,2025-05-13T07:00:00-00:00,2031-01-01T07:59:59-00:00,2025-05-13T00:00:00,2030-12-31T23:59:59
AS_NP26,VOLTA2_7_N009,AS_NP26,,2009-03-31T07:00:00-00:00,2031-01-01T07:59:59-00:00,2009-03-31T00:00:00,2030-12-31T23:59:59
AS_NP26,VOLTA2_7_N010,AS_NP26,,2025-05-13T07:00:00-00:00,2031-01-01T07:59:59-00:00,2025-05-13T00:00:00,2030-12-31T23:59:59
AS_NP26,VOLTA_6_N009,AS_NP26,,2025-05-13T07:00:00-00:00,2031-01-01T07:59:59-00:00,2025-05-13T00:00:00,2030-12-31T23:59:59
AS_NP26,VOLTA_6_N010,AS_NP26,,2025-05-13T07:00:00-00:00,2031-01-01T07:59:59-00:00,2025-05-13T00:00:00,2030-12-31T23:59:59
AS_NP26,WADHAM_7_B1,AS_NP26,,2025-05-13T07:00:00-00:00,2031-01-01T07:59:59-00:00,2025-05-13T00:00:00,2030-12-31T23:59:59
AS_NP26,WAHTOKE_1_N001,AS_NP26,,2009-03-31T07:00:00-00:00,2031-01-01T07:59:59-00:00,2009-03-31T00:00:00,2030-12-31T23:59:59
AS_NP26,WAHTOKE_1_N002,AS_NP26,,2009-03-31T07:00:00-00:00,2031-01-01T07:59:59-00:00,2009-03-31T00:00:00,2030-12-31T23:59:59
AS_NP26,WALSH_6_N001,AS_NP26,,2017-02-16T08:00:00-00:00,2031-01-01T07:59:59-00:00,2017-02-16T00:00:00,2030-12-31T23:59:59
AS_NP26,WALSH_6_N002,AS_NP26,,2017-02-16T08:00:00-00:00,2031-01-01T07:59:59-00:00,2017-02-16T00:00:00,2030-12-31T23:59:59
AS_NP26,WARNERVL_2_B1,AS_NP26,,2017-08-17T07:00:00-00:00,2031-01-01T07:59:59-00:00,2017-08-17T00:00:00,2030-12-31T23:59:59
AS_NP26,WASCO_12_N008,AS_NP26,,2025-05-13T07:00:00-00:00,2031-01-01T07:59:59-00:00,2025-05-13T00:00:00,2030-12-31T23:59:59
AS_NP26,WASCO_7_N008,AS_NP26,,2024-10-23T07:00:00-00:00,2031-01-01T07:59:59-00:00,2024-10-23T00:00:00,2030-12-31T23:59:59
AS_NP26,WATERLOO_6_N001,AS_NP26,,2009-03-31T07:00:00-00:00,2031-01-01T07:59:59-00:00,2009-03-31T00:00:00,2030-12-31T23:59:59
AS_NP26,WATRSHED_6_N001,AS_NP26,,2009-03-31T07:00:00-00:00,2031-01-01T07:59:59-00:00,2009-03-31T00:00:00,2030-12-31T23:59:59
AS_NP26,WAUKENA_1_B1,AS_NP26,,2017-08-17T07:00:00-00:00,2031-01-01T07:59:59-00:00,2017-08-17T00:00:00,2030-12-31T23:59:59
AS_NP26,WAUKENA_7_N003,AS_NP26,,2025-05-13T07:00:00-00:00,2031-01-01T07:59:59-00:00,2025-05-13T00:00:00,2030-12-31T23:59:59
AS_NP26,WDFRDF_7_N001,AS_NP26,,2025-05-13T07:00:00-00:00,2031-01-01T07:59:59-00:00,2025-05-13T00:00:00,2030-12-31T23:59:59
AS_NP26,WDLNDBM_1_B1,AS_NP26,,2017-08-17T07:00:00-00:00,2031-01-01T07:59:59-00:00,2017-08-17T00:00:00,2030-12-31T23:59:59
AS_NP26,WDWRGEN_7_N001,AS_NP26,,2016-02-11T08:00:00-00:00,2031-01-01T07:59:59-00:00,2016-02-11T00:00:00,2030-12-31T23:59:59
AS_NP26,WDWRGEN_7_N002,AS_NP26,,2025-05-13T07:00:00-00:00,2031-01-01T07:59:59-00:00,2025-05-13T00:00:00,2030-12-31T23:59:59
AS_NP26,WEBER1_6_N002,AS_NP26,,2025-05-13T07:00:00-00:00,2031-01-01T07:59:59-00:00,2025-05-13T00:00:00,2030-12-31T23:59:59
AS_NP26,WEBER1_6_N003,AS_NP26,,2015-10-22T07:00:00-00:00,2031-01-01T07:59:59-00:00,2015-10-22T00:00:00,2030-12-31T23:59:59
AS_NP26,WEBERGEN_7_N002,AS_NP26,,2018-08-23T07:00:00-00:00,2031-01-01T07:59:59-00:00,2018-08-23T00:00:00,2030-12-31T23:59:59
AS_NP26,WEBER_2_N021,AS_NP26,,2012-03-22T07:00:00-00:00,2031-01-01T07:59:59-00:00,2012-03-22T00:00:00,2030-12-31T23:59:59
AS_NP26,WEBER_6_N001,AS_NP26,,2012-10-11T07:00:00-00:00,2031-01-01T07:59:59-00:00,2012-10-11T00:00:00,2030-12-31T23:59:59
AS_NP26,WEBER_6_N041,AS_NP26,,2015-10-22T07:00:00-00:00,2031-01-01T07:59:59-00:00,2015-10-22T00:00:00,2030-12-31T23:59:59
AS_NP26,WEEDPTCH_6_N001,AS_NP26,,2024-10-23T07:00:00-00:00,2031-01-01T07:59:59-00:00,2024-10-23T00:00:00,2030-12-31T23:59:59
AS_NP26,WELLFILD_6_N001,AS_NP26,,2009-03-31T07:00:00-00:00,2031-01-01T07:59:59-00:00,2009-03-31T00:00:00,2030-12-31T23:59:59
AS_NP26,WELLFILD_6_N002,AS_NP26,,2009-03-31T07:00:00-00:00,2031-01-01T07:59:59-00:00,2009-03-31T00:00:00,2030-12-31T23:59:59
AS_NP26,WEMRSWS_6_N001,AS_NP26,,2009-03-31T07:00:00-00:00,2031-01-01T07:59:59-00:00,2009-03-31T00:00:00,2030-12-31T23:59:59
AS_NP26,WESIX_6_N001,AS_NP26,,2009-03-31T07:00:00-00:00,2031-01-01T07:59:59-00:00,2009-03-31T00:00:00,2030-12-31T23:59:59
AS_NP26,WESTJCT_6_B1,AS_NP26,,2024-08-28T07:00:00-00:00,2031-01-01T07:59:59-00:00,2024-08-28T00:00:00,2030-12-31T23:59:59
AS_NP26,WESTLAND_6_N001,AS_NP26,,2009-03-31T07:00:00-00:00,2031-01-01T07:59:59-00:00,2009-03-31T00:00:00,2030-12-31T23:59:59
AS_NP26,WESTLANE_6_N001,AS_NP26,,2009-03-31T07:00:00-00:00,2031-01-01T07:59:59-00:00,2009-03-31T00:00:00,2030-12-31T23:59:59
AS_NP26,WESTLEY_6_N001,AS_NP26,,2009-03-31T07:00:00-00:00,2031-01-01T07:59:59-00:00,2009-03-31T00:00:00,2030-12-31T23:59:59
AS_NP26,WESTLEY_6_N004,AS_NP26,,2009-03-31T07:00:00-00:00,2031-01-01T07:59:59-00:00,2009-03-31T00:00:00,2030-12-31T23:59:59
AS_NP26,WESTLNDS_1_N001,AS_NP26,,2009-03-31T07:00:00-00:00,2031-01-01T07:59:59-00:00,2009-03-31T00:00:00,2030-12-31T23:59:59
AS_NP26,WESTLNDS_1_N019,AS_NP26,,2009-03-31T07:00:00-00:00,2031-01-01T07:59:59-00:00,2009-03-31T00:00:00,2030-12-31T23:59:59
AS_NP26,WESTPARK_1_N001,AS_NP26,,2009-03-31T07:00:00-00:00,2031-01-01T07:59:59-00:00,2009-03-31T00:00:00,2030-12-31T23:59:59
AS_NP26,WESTPARK_1_N005,AS_NP26,,2009-03-31T07:00:00-00:00,2031-01-01T07:59:59-00:00,2009-03-31T00:00:00,2030-12-31T23:59:59
AS_NP26,WESTPARK_1_N009,AS_NP26,,2009-03-31T07:00:00-00:00,2031-01-01T07:59:59-00:00,2009-03-31T00:00:00,2030-12-31T23:59:59
AS_NP26,WESTPLAT_1_N001,AS_NP26,,2009-03-31T07:00:00-00:00,2031-01-01T07:59:59-00:00,2009-03-31T00:00:00,2030-12-31T23:59:59
AS_NP26,WESTPNT_6_N001,AS_NP26,,2009-03-31T07:00:00-00:00,2031-01-01T07:59:59-00:00,2009-03-31T00:00:00,2030-12-31T23:59:59
AS_NP26,WESTPNT_7_B2,AS_NP26,,2009-03-31T07:00:00-00:00,2031-01-01T07:59:59-00:00,2009-03-31T00:00:00,2030-12-31T23:59:59
AS_NP26,WESTPNT_7_N001,AS_NP26,,2009-03-31T07:00:00-00:00,2031-01-01T07:59:59-00:00,2009-03-31T00:00:00,2030-12-31T23:59:59
AS_NP26,WESTSDE_6_N001,AS_NP26,,2009-03-31T07:00:00-00:00,2031-01-01T07:59:59-00:00,2009-03-31T00:00:00,2030-12-31T23:59:59
AS_NP26,WESTWOOD_6_B1,AS_NP26,,2017-08-17T07:00:00-00:00,2031-01-01T07:59:59-00:00,2017-08-17T00:00:00,2030-12-31T23:59:59
AS_NP26,WHDPAN2_7_N101,AS_NP26,,2009-03-31T07:00:00-00:00,2031-01-01T07:59:59-00:00,2009-03-31T00:00:00,2030-12-31T23:59:59
AS_NP26,WHDPAN2_7_N102,AS_NP26,,2023-05-05T07:00:00-00:00,2031-01-01T07:59:59-00:00,2023-05-05T00:00:00,2030-12-31T23:59:59
AS_NP26,WHEATLND_6_N001,AS_NP26,,2009-03-31T07:00:00-00:00,2031-01-01T07:59:59-00:00,2009-03-31T00:00:00,2030-12-31T23:59:59
AS_NP26,WHEATLND_6_N005,AS_NP26,,2009-03-31T07:00:00-00:00,2031-01-01T07:59:59-00:00,2009-03-31T00:00:00,2030-12-31T23:59:59
AS_NP26,WHEATLND_6_N006,AS_NP26,,2025-05-13T07:00:00-00:00,2031-01-01T07:59:59-00:00,2025-05-13T00:00:00,2030-12-31T23:59:59
AS_NP26,WHEELBR1_7_B1,AS_NP26,,2025-05-13T07:00:00-00:00,2031-01-01T07:59:59-00:00,2025-05-13T00:00:00,2030-12-31T23:59:59
AS_NP26,WHEELBR2_7_B1,AS_NP26,,2009-03-31T07:00:00-00:00,2031-01-01T07:59:59-00:00,2009-03-31T00:00:00,2030-12-31T23:59:59
AS_NP26,WHEELER_6_N001,AS_NP26,,2009-03-31T07:00:00-00:00,2031-01-01T07:59:59-00:00,2009-03-31T00:00:00,2030-12-31T23:59:59
AS_NP26,WHELRGPP_2_N004,AS_NP26,,2009-03-31T07:00:00-00:00,2031-01-01T07:59:59-00:00,2009-03-31T00:00:00,2030-12-31T23:59:59
AS_NP26,WHISMAN_1_N001,AS_NP26,,2009-03-31T07:00:00-00:00,2031-01-01T07:59:59-00:00,2009-03-31T00:00:00,2030-12-31T23:59:59
AS_NP26,WHISMAN_1_N004,AS_NP26,,2009-03-31T07:00:00-00:00,2031-01-01T07:59:59-00:00,2009-03-31T00:00:00,2030-12-31T23:59:59
AS_NP26,WHISMAN_1_N009,AS_NP26,,2009-03-31T07:00:00-00:00,2031-01-01T07:59:59-00:00,2009-03-31T00:00:00,2030-12-31T23:59:59
AS_NP26,WHITMORE_6_N001,AS_NP26,,2009-03-31T07:00:00-00:00,2031-01-01T07:59:59-00:00,2009-03-31T00:00:00,2030-12-31T23:59:59
AS_NP26,WHLRRD1_7_B1,AS_NP26,,2009-03-31T07:00:00-00:00,2031-01-01T07:59:59-00:00,2009-03-31T00:00:00,2030-12-31T23:59:59
AS_NP26,WHLRRD1_7_B3,AS_NP26,,2009-03-31T07:00:00-00:00,2031-01-01T07:59:59-00:00,2009-03-31T00:00:00,2030-12-31T23:59:59
AS_NP26,WHLRRD1_7_B4,AS_NP26,,2009-03-31T07:00:00-00:00,2031-01-01T07:59:59-00:00,2009-03-31T00:00:00,2030-12-31T23:59:59
AS_NP26,WHLRRD1_7_B5,AS_NP26,,2009-03-31T07:00:00-00:00,2031-01-01T07:59:59-00:00,2009-03-31T00:00:00,2030-12-31T23:59:59
AS_NP26,WHLRRD1_7_B6,AS_NP26,,2009-03-31T07:00:00-00:00,2031-01-01T07:59:59-00:00,2009-03-31T00:00:00,2030-12-31T23:59:59
AS_NP26,WHLRRD2_7_B1,AS_NP26,,2009-03-31T07:00:00-00:00,2031-01-01T07:59:59-00:00,2009-03-31T00:00:00,2030-12-31T23:59:59
AS_NP26,WHLRRD2_7_B3,AS_NP26,,2009-03-31T07:00:00-00:00,2031-01-01T07:59:59-00:00,2009-03-31T00:00:00,2030-12-31T23:59:59
AS_NP26,WHLRRD2_7_B4,AS_NP26,,2009-03-31T07:00:00-00:00,2031-01-01T07:59:59-00:00,2009-03-31T00:00:00,2030-12-31T23:59:59
AS_NP26,WHLRRD2_7_B5,AS_NP26,,2009-03-31T07:00:00-00:00,2031-01-01T07:59:59-00:00,2009-03-31T00:00:00,2030-12-31T23:59:59
AS_NP26,WILDWOOD_1_N001,AS_NP26,,2009-03-31T07:00:00-00:00,2031-01-01T07:59:59-00:00,2009-03-31T00:00:00,2030-12-31T23:59:59
AS_NP26,WILKINS_6_N001,AS_NP26,,2009-03-31T07:00:00-00:00,2031-01-01T07:59:59-00:00,2009-03-31T00:00:00,2030-12-31T23:59:59
AS_NP26,WILLIAMS_6_N002,AS_NP26,,2009-03-31T07:00:00-00:00,2031-01-01T07:59:59-00:00,2009-03-31T00:00:00,2030-12-31T23:59:59
AS_NP26,WILLIAMS_7_N001,AS_NP26,,2025-05-13T07:00:00-00:00,2031-01-01T07:59:59-00:00,2025-05-13T00:00:00,2030-12-31T23:59:59
AS_NP26,WILLIAMS_7_N002,AS_NP26,,2021-08-25T07:00:00-00:00,2031-01-01T07:59:59-00:00,2021-08-25T00:00:00,2030-12-31T23:59:59
AS_NP26,WILLITS_6_N001,AS_NP26,,2009-03-31T07:00:00-00:00,2031-01-01T07:59:59-00:00,2009-03-31T00:00:00,2030-12-31T23:59:59
AS_NP26,WILLOWS_6_N001,AS_NP26,,2009-03-31T07:00:00-00:00,2031-01-01T07:59:59-00:00,2009-03-31T00:00:00,2030-12-31T23:59:59
AS_NP26,WILLWCRK_6_N001,AS_NP26,,2009-03-31T07:00:00-00:00,2031-01-01T07:59:59-00:00,2009-03-31T00:00:00,2030-12-31T23:59:59
AS_NP26,WILLWCRK_6_N003,AS_NP26,,2009-03-31T07:00:00-00:00,2031-01-01T07:59:59-00:00,2009-03-31T00:00:00,2030-12-31T23:59:59
AS_NP26,WINDGAP1_7_B1,AS_NP26,,2009-03-31T07:00:00-00:00,2031-01-01T07:59:59-00:00,2009-03-31T00:00:00,2030-12-31T23:59:59
AS_NP26,WINDGAP1_7_B3,AS_NP26,,2009-03-31T07:00:00-00:00,2031-01-01T07:59:59-00:00,2009-03-31T00:00:00,2030-12-31T23:59:59
AS_NP26,WINDGAP1_7_B4,AS_NP26,,2009-03-31T07:00:00-00:00,2031-01-01T07:59:59-00:00,2009-03-31T00:00:00,2030-12-31T23:59:59
AS_NP26,WINDGAP2_7_B1,AS_NP26,,2009-03-31T07:00:00-00:00,2031-01-01T07:59:59-00:00,2009-03-31T00:00:00,2030-12-31T23:59:59
AS_NP26,WINDGAP2_7_B3,AS_NP26,,2009-03-31T07:00:00-00:00,2031-01-01T07:59:59-00:00,2009-03-31T00:00:00,2030-12-31T23:59:59
AS_NP26,WINDGAP3_7_B1,AS_NP26,,2009-03-31T07:00:00-00:00,2031-01-01T07:59:59-00:00,2009-03-31T00:00:00,2030-12-31T23:59:59
AS_NP26,WINDGAP3_7_B3,AS_NP26,,2009-03-31T07:00:00-00:00,2031-01-01T07:59:59-00:00,2009-03-31T00:00:00,2030-12-31T23:59:59
AS_NP26,WINDGAP4_7_B1,AS_NP26,,2009-03-31T07:00:00-00:00,2031-01-01T07:59:59-00:00,2009-03-31T00:00:00,2030-12-31T23:59:59
AS_NP26,WINDGAP4_7_B3,AS_NP26,,2009-03-31T07:00:00-00:00,2031-01-01T07:59:59-00:00,2009-03-31T00:00:00,2030-12-31T23:59:59
AS_NP26,WINDGAP_2_N003,AS_NP26,,2009-03-31T07:00:00-00:00,2031-01-01T07:59:59-00:00,2009-03-31T00:00:00,2030-12-31T23:59:59
AS_NP26,WINDSOR_6_N001,AS_NP26,,2018-05-24T07:00:00-00:00,2031-01-01T07:59:59-00:00,2018-05-24T00:00:00,2030-12-31T23:59:59
AS_NP26,WINTERS_6_N001,AS_NP26,,2009-03-31T07:00:00-00:00,2031-01-01T07:59:59-00:00,2009-03-31T00:00:00,2030-12-31T23:59:59
AS_NP26,WISE1_7_B1,AS_NP26,,2025-05-13T07:00:00-00:00,2031-01-01T07:59:59-00:00,2025-05-13T00:00:00,2030-12-31T23:59:59
AS_NP26,WISE2_7_B1,AS_NP26,,2025-05-13T07:00:00-00:00,2031-01-01T07:59:59-00:00,2025-05-13T00:00:00,2030-12-31T23:59:59
AS_NP26,WISHON1_7_B2,AS_NP26,,2023-05-05T07:00:00-00:00,2031-01-01T07:59:59-00:00,2023-05-05T00:00:00,2030-12-31T23:59:59
AS_NP26,WISHON1_7_B3,AS_NP26,,2023-05-05T07:00:00-00:00,2031-01-01T07:59:59-00:00,2023-05-05T00:00:00,2030-12-31T23:59:59
AS_NP26,WISHON2_7_B2,AS_NP26,,2023-05-05T07:00:00-00:00,2031-01-01T07:59:59-00:00,2023-05-05T00:00:00,2030-12-31T23:59:59
AS_NP26,WISHON2_7_B3,AS_NP26,,2023-05-05T07:00:00-00:00,2031-01-01T07:59:59-00:00,2023-05-05T00:00:00,2030-12-31T23:59:59
AS_NP26,WISHON_6_UNITS-APND,AS_NP26,,2009-03-31T07:00:00-00:00,2031-01-01T07:59:59-00:00,2009-03-31T00:00:00,2030-12-31T23:59:59
AS_NP26,WLDWDG2_7_N001,AS_NP26,,2025-05-13T07:00:00-00:00,2031-01-01T07:59:59-00:00,2025-05-13T00:00:00,2030-12-31T23:59:59
AS_NP26,WLFSKIL1_1_N004,AS_NP26,,2009-06-25T07:00:00-00:00,2031-01-01T07:59:59-00:00,2009-06-25T00:00:00,2030-12-31T23:59:59
AS_NP26,WLLWPSS_6_N001,AS_NP26,,2009-03-31T07:00:00-00:00,2031-01-01T07:59:59-00:00,2009-03-31T00:00:00,2030-12-31T23:59:59
AS_NP26,WNDMSTR_2_N001,AS_NP26,,2025-05-13T07:00:00-00:00,2031-01-01T07:59:59-00:00,2025-05-13T00:00:00,2030-12-31T23:59:59
AS_NP26,WNTUPMS_6_N001,AS_NP26,,2009-03-31T07:00:00-00:00,2031-01-01T07:59:59-00:00,2009-03-31T00:00:00,2030-12-31T23:59:59
AS_NP26,WOHLER_6_N001,AS_NP26,,2009-03-31T07:00:00-00:00,2031-01-01T07:59:59-00:00,2009-03-31T00:00:00,2030-12-31T23:59:59
AS_NP26,WOLFE_1_N001,AS_NP26,,2009-03-31T07:00:00-00:00,2031-01-01T07:59:59-00:00,2009-03-31T00:00:00,2030-12-31T23:59:59
AS_NP26,WOLFE_1_N002,AS_NP26,,2009-03-31T07:00:00-00:00,2031-01-01T07:59:59-00:00,2009-03-31T00:00:00,2030-12-31T23:59:59
AS_NP26,WOLFE_1_N007,AS_NP26,,2009-03-31T07:00:00-00:00,2031-01-01T07:59:59-00:00,2009-03-31T00:00:00,2030-12-31T23:59:59
AS_NP26,WOLFSKIL_7_B1,AS_NP26,,2025-05-13T07:00:00-00:00,2031-01-01T07:59:59-00:00,2025-05-13T00:00:00,2030-12-31T23:59:59
AS_NP26,WOODACRE_6_N001,AS_NP26,,2009-03-31T07:00:00-00:00,2031-01-01T07:59:59-00:00,2009-03-31T00:00:00,2030-12-31T23:59:59
AS_NP26,WOODLAND_7_B1,AS_NP26,,2025-10-15T07:00:00-00:00,2031-01-01T07:59:59-00:00,2025-10-15T00:00:00,2030-12-31T23:59:59
AS_NP26,WOODLD_1_N001,AS_NP26,,2009-03-31T07:00:00-00:00,2031-01-01T07:59:59-00:00,2009-03-31T00:00:00,2030-12-31T23:59:59
AS_NP26,WOODLD_1_N005,AS_NP26,,2009-03-31T07:00:00-00:00,2031-01-01T07:59:59-00:00,2009-03-31T00:00:00,2030-12-31T23:59:59
AS_NP26,WOODLD_1_N012,AS_NP26,,2009-03-31T07:00:00-00:00,2031-01-01T07:59:59-00:00,2009-03-31T00:00:00,2030-12-31T23:59:59
AS_NP26,WOODLEAF_7_B1,AS_NP26,,2009-03-31T07:00:00-00:00,2031-01-01T07:59:59-00:00,2009-03-31T00:00:00,2030-12-31T23:59:59
AS_NP26,WOODSIDE_6_N003,AS_NP26,,2009-03-31T07:00:00-00:00,2031-01-01T07:59:59-00:00,2009-03-31T00:00:00,2030-12-31T23:59:59
AS_NP26,WOODSIDE_6_N004,AS_NP26,,2009-03-31T07:00:00-00:00,2031-01-01T07:59:59-00:00,2009-03-31T00:00:00,2030-12-31T23:59:59
AS_NP26,WOODSIDE_6_N006,AS_NP26,,2014-11-13T08:00:00-00:00,2031-01-01T07:59:59-00:00,2014-11-13T00:00:00,2030-12-31T23:59:59
AS_NP26,WOODWARD_1_N005,AS_NP26,,2009-03-31T07:00:00-00:00,2031-01-01T07:59:59-00:00,2009-03-31T00:00:00,2030-12-31T23:59:59
AS_NP26,WOODWARD_1_N006,AS_NP26,,2009-03-31T07:00:00-00:00,2031-01-01T07:59:59-00:00,2009-03-31T00:00:00,2030-12-31T23:59:59
AS_NP26,WPBART_1_GN001,AS_NP26,,2025-05-13T07:00:00-00:00,2031-01-01T07:59:59-00:00,2025-05-13T00:00:00,2030-12-31T23:59:59
AS_NP26,WPBART_1_N001,AS_NP26,,2009-03-31T07:00:00-00:00,2031-01-01T07:59:59-00:00,2009-03-31T00:00:00,2030-12-31T23:59:59
AS_NP26,WPBART_1_N004,AS_NP26,,2026-02-11T08:00:00-00:00,2031-01-01T07:59:59-00:00,2026-02-11T00:00:00,2030-12-31T23:59:59
AS_NP26,WPBART_1_N026,AS_NP26,,2026-02-11T08:00:00-00:00,2031-01-01T07:59:59-00:00,2026-02-11T00:00:00,2030-12-31T23:59:59
AS_NP26,WRGHTPP_6_N001,AS_NP26,,2009-03-31T07:00:00-00:00,2031-01-01T07:59:59-00:00,2009-03-31T00:00:00,2030-12-31T23:59:59
AS_NP26,WRGHTPP_6_N002,AS_NP26,,2009-03-31T07:00:00-00:00,2031-01-01T07:59:59-00:00,2009-03-31T00:00:00,2030-12-31T23:59:59
AS_NP26,WRGTSRGN_7_N001,AS_NP26,,2025-05-13T07:00:00-00:00,2031-01-01T07:59:59-00:00,2025-05-13T00:00:00,2030-12-31T23:59:59
AS_NP26,WSCOPRSN_1_N001,AS_NP26,,2009-03-31T07:00:00-00:00,2031-01-01T07:59:59-00:00,2009-03-31T00:00:00,2030-12-31T23:59:59
AS_NP26,WSCRMNO_1_N004,AS_NP26,,2009-03-31T07:00:00-00:00,2031-01-01T07:59:59-00:00,2009-03-31T00:00:00,2030-12-31T23:59:59
AS_NP26,WSCRMNO_1_N013,AS_NP26,,2009-03-31T07:00:00-00:00,2031-01-01T07:59:59-00:00,2009-03-31T00:00:00,2030-12-31T23:59:59
AS_NP26,WSCRMNO_1_N201,AS_NP26,,2009-03-31T07:00:00-00:00,2031-01-01T07:59:59-00:00,2009-03-31T00:00:00,2030-12-31T23:59:59
AS_NP26,WSTFRSO_1_N001,AS_NP26,,2009-03-31T07:00:00-00:00,2031-01-01T07:59:59-00:00,2009-03-31T00:00:00,2030-12-31T23:59:59
AS_NP26,WSTFRSO_1_N004,AS_NP26,,2009-03-31T07:00:00-00:00,2031-01-01T07:59:59-00:00,2009-03-31T00:00:00,2030-12-31T23:59:59
AS_NP26,WSTFRSO_1_N015,AS_NP26,,2011-03-31T07:00:00-00:00,2031-01-01T07:59:59-00:00,2011-03-31T00:00:00,2030-12-31T23:59:59
AS_NP26,WSTFRSO_1_N017,AS_NP26,,2025-05-13T07:00:00-00:00,2031-01-01T07:59:59-00:00,2025-05-13T00:00:00,2030-12-31T23:59:59
AS_NP26,WSTLD1RA_1_N001,AS_NP26,,2009-03-31T07:00:00-00:00,2031-01-01T07:59:59-00:00,2009-03-31T00:00:00,2030-12-31T23:59:59
AS_NP26,WTSNVLLE_6_N001,AS_NP26,,2009-03-31T07:00:00-00:00,2031-01-01T07:59:59-00:00,2009-03-31T00:00:00,2030-12-31T23:59:59
AS_NP26,WTSNVLLE_6_N003,AS_NP26,,2009-03-31T07:00:00-00:00,2031-01-01T07:59:59-00:00,2009-03-31T00:00:00,2030-12-31T23:59:59
AS_NP26,WYANDTTE_1_N001,AS_NP26,,2022-07-28T07:00:00-00:00,2031-01-01T07:59:59-00:00,2022-07-28T00:00:00,2030-12-31T23:59:59
AS_NP26,WYANDTTE_1_N003,AS_NP26,,2022-07-28T07:00:00-00:00,2031-01-01T07:59:59-00:00,2022-07-28T00:00:00,2030-12-31T23:59:59
AS_NP26,WYANDTTE_1_N102,AS_NP26,,2022-07-28T07:00:00-00:00,2031-01-01T07:59:59-00:00,2022-07-28T00:00:00,2030-12-31T23:59:59
AS_NP26,YCCOGEN_7_B1,AS_NP26,,2009-03-31T07:00:00-00:00,2031-01-01T07:59:59-00:00,2009-03-31T00:00:00,2030-12-31T23:59:59
AS_NP26,YOSEMITE_6_N001,AS_NP26,,2009-03-31T07:00:00-00:00,2031-01-01T07:59:59-00:00,2009-03-31T00:00:00,2030-12-31T23:59:59
AS_NP26,YUBACITY_6_N010,AS_NP26,,2009-06-25T07:00:00-00:00,2031-01-01T07:59:59-00:00,2009-06-25T00:00:00,2030-12-31T23:59:59
AS_NP26,YUBACTY_7_B1,AS_NP26,,2009-03-31T07:00:00-00:00,2031-01-01T07:59:59-00:00,2009-03-31T00:00:00,2030-12-31T23:59:59
AS_NP26,YUBAGOLD_6_N001,AS_NP26,,2011-08-11T07:00:00-00:00,2031-01-01T07:59:59-00:00,2011-08-11T00:00:00,2030-12-31T23:59:59
AS_NP26,ZACA_1_N001,AS_NP26,,2009-03-31T07:00:00-00:00,2031-01-01T07:59:59-00:00,2009-03-31T00:00:00,2030-12-31T23:59:59
AS_NP26,ZAMORA_1_LN001,AS_NP26,,2010-08-26T07:00:00-00:00,2031-01-01T07:59:59-00:00,2010-08-26T00:00:00,2030-12-31T23:59:59
AS_NP26,ZAMORA_1_N001,AS_NP26,,2025-06-12T07:00:00-00:00,2031-01-01T07:59:59-00:00,2025-06-12T00:00:00,2030-12-31T23:59:59
AS_NP26,ZANKER_1_N001,AS_NP26,,2009-03-31T07:00:00-00:00,2031-01-01T07:59:59-00:00,2009-03-31T00:00:00,2030-12-31T23:59:59
AS_NP26,ZANKER_1_N003,AS_NP26,,2009-03-31T07:00:00-00:00,2031-01-01T07:59:59-00:00,2009-03-31T00:00:00,2030-12-31T23:59:59
AS_NP26,ZENO_6_N001,AS_NP26,,2017-02-16T08:00:00-00:00,2031-01-01T07:59:59-00:00,2017-02-16T00:00:00,2030-12-31T23:59:59
AS_NP26,ZENO_6_N002,AS_NP26,,2017-02-16T08:00:00-00:00,2031-01-01T07:59:59-00:00,2017-02-16T00:00:00,2030-12-31T23:59:59
AS_NP26,ZEROWST_7_N002,AS_NP26,,2025-05-13T07:00:00-00:00,2031-01-01T07:59:59-00:00,2025-05-13T00:00:00,2030-12-31T23:59:59
AS_NP26,ZONDWD_6_B1,AS_NP26,,2022-11-16T08:00:00-00:00,2031-01-01T07:59:59-00:00,2022-11-16T00:00:00,2030-12-31T23:59:59
