AS_REGION_ID,PNODE_ID,DESCRIPTION,COMMENTS,EFF_START_DT_GMT,EFF_END_DT_GMT,EFF_START_DT,EFF_END_DT
AS_NP15_EXP,2C577C1_7_N001,AS_NP15_EXP,,2014-11-13T08:00:00-00:00,2031-01-01T07:59:59-00:00,2014-11-13T00:00:00,2030-12-31T23:59:59
AS_NP15_EXP,4C687C2_7_N001,AS_NP15_EXP,,2014-08-28T07:00:00-00:00,2031-01-01T07:59:59-00:00,2014-08-28T00:00:00,2030-12-31T23:59:59
AS_NP15_EXP,4C687_1_B1,AS_NP15_EXP,,2017-08-17T07:00:00-00:00,2031-01-01T07:59:59-00:00,2017-08-17T00:00:00,2030-12-31T23:59:59
AS_NP15_EXP,A100US_1_B1,AS_NP15_EXP,,2013-02-28T08:00:00-00:00,2031-01-01T07:59:59-00:00,2013-02-28T00:00:00,2030-12-31T23:59:59
AS_NP15_EXP,ADCC_2_N001,AS_NP15_EXP,,2009-03-31T07:00:00-00:00,2031-01-01T07:59:59-00:00,2009-03-31T00:00:00,2030-12-31T23:59:59
AS_NP15_EXP,ADERAG1_7_N001,AS_NP15_EXP,,2015-10-22T07:00:00-00:00,2031-01-01T07:59:59-00:00,2015-10-22T00:00:00,2030-12-31T23:59:59
AS_NP15_EXP,ADRATAP_1_B1,AS_NP15_EXP,,2017-08-17T07:00:00-00:00,2031-01-01T07:59:59-00:00,2017-08-17T00:00:00,2030-12-31T23:59:59
AS_NP15_EXP,AEC300_1_N001,AS_NP15_EXP,,2009-03-31T07:00:00-00:00,2031-01-01T07:59:59-00:00,2009-03-31T00:00:00,2030-12-31T23:59:59
AS_NP15_EXP,AERA12_7_N001,AS_NP15_EXP,,2016-02-11T08:00:00-00:00,2031-01-01T07:59:59-00:00,2016-02-11T00:00:00,2030-12-31T23:59:59
AS_NP15_EXP,AERAVIC2_1_N003,AS_NP15_EXP,,2020-01-17T08:00:00-00:00,2031-01-01T07:59:59-00:00,2020-01-17T00:00:00,2030-12-31T23:59:59
AS_NP15_EXP,AGNEW_1_N003,AS_NP15_EXP,,2009-03-31T07:00:00-00:00,2031-01-01T07:59:59-00:00,2009-03-31T00:00:00,2030-12-31T23:59:59
AS_NP15_EXP,AGNEW_6_N001,AS_NP15_EXP,,2017-02-16T08:00:00-00:00,2031-01-01T07:59:59-00:00,2017-02-16T00:00:00,2030-12-31T23:59:59
AS_NP15_EXP,AGNEW_6_N002,AS_NP15_EXP,,2017-02-16T08:00:00-00:00,2031-01-01T07:59:59-00:00,2017-02-16T00:00:00,2030-12-31T23:59:59
AS_NP15_EXP,AGRCJCT_6_B1,AS_NP15_EXP,,2017-08-17T07:00:00-00:00,2031-01-01T07:59:59-00:00,2017-08-17T00:00:00,2030-12-31T23:59:59
AS_NP15_EXP,AGRICO_6_PL3N5-APND,AS_NP15_EXP,,2009-03-31T07:00:00-00:00,2031-01-01T07:59:59-00:00,2009-03-31T00:00:00,2030-12-31T23:59:59
AS_NP15_EXP,AGRICO_7_B1,AS_NP15_EXP,,2023-05-05T07:00:00-00:00,2031-01-01T07:59:59-00:00,2023-05-05T00:00:00,2030-12-31T23:59:59
AS_NP15_EXP,AGRICO_7_B3,AS_NP15_EXP,,2023-05-05T07:00:00-00:00,2031-01-01T07:59:59-00:00,2023-05-05T00:00:00,2030-12-31T23:59:59
AS_NP15_EXP,AGRICO_7_B4,AS_NP15_EXP,,2023-05-05T07:00:00-00:00,2031-01-01T07:59:59-00:00,2023-05-05T00:00:00,2030-12-31T23:59:59
AS_NP15_EXP,AGRICO_7_NBT1,AS_NP15_EXP,,2022-07-28T07:00:00-00:00,2031-01-01T07:59:59-00:00,2022-07-28T00:00:00,2030-12-31T23:59:59
AS_NP15_EXP,AGRICO_7_UNIT-APND,AS_NP15_EXP,,2009-03-31T07:00:00-00:00,2031-01-01T07:59:59-00:00,2009-03-31T00:00:00,2030-12-31T23:59:59
AS_NP15_EXP,AIRPROD_1_N001,AS_NP15_EXP,,2009-03-31T07:00:00-00:00,2031-01-01T07:59:59-00:00,2009-03-31T00:00:00,2030-12-31T23:59:59
AS_NP15_EXP,AIRWAYS_1_N001,AS_NP15_EXP,,2009-09-10T07:00:00-00:00,2031-01-01T07:59:59-00:00,2009-09-10T00:00:00,2030-12-31T23:59:59
AS_NP15_EXP,AIRWAYS_1_N004,AS_NP15_EXP,,2009-09-10T07:00:00-00:00,2031-01-01T07:59:59-00:00,2009-09-10T00:00:00,2030-12-31T23:59:59
AS_NP15_EXP,AKINGS02_7_N001,AS_NP15_EXP,,2025-05-13T07:00:00-00:00,2031-01-01T07:59:59-00:00,2025-05-13T00:00:00,2030-12-31T23:59:59
AS_NP15_EXP,ALHAMBRA_1_N001,AS_NP15_EXP,,2009-03-31T07:00:00-00:00,2031-01-01T07:59:59-00:00,2009-03-31T00:00:00,2030-12-31T23:59:59
AS_NP15_EXP,ALHAMBRA_1_N002,AS_NP15_EXP,,2009-03-31T07:00:00-00:00,2031-01-01T07:59:59-00:00,2009-03-31T00:00:00,2030-12-31T23:59:59
AS_NP15_EXP,ALLEGHNY_6_N001,AS_NP15_EXP,,2009-03-31T07:00:00-00:00,2031-01-01T07:59:59-00:00,2009-03-31T00:00:00,2030-12-31T23:59:59
AS_NP15_EXP,ALLEGHNY_6_N002,AS_NP15_EXP,,2025-05-13T07:00:00-00:00,2031-01-01T07:59:59-00:00,2025-05-13T00:00:00,2030-12-31T23:59:59
AS_NP15_EXP,ALMADEN_6_N001,AS_NP15_EXP,,2009-06-25T07:00:00-00:00,2031-01-01T07:59:59-00:00,2009-06-25T00:00:00,2030-12-31T23:59:59
AS_NP15_EXP,ALMADEN_6_N009,AS_NP15_EXP,,2009-06-25T07:00:00-00:00,2031-01-01T07:59:59-00:00,2009-06-25T00:00:00,2030-12-31T23:59:59
AS_NP15_EXP,ALMDACT1_7_B1,AS_NP15_EXP,,2025-05-13T07:00:00-00:00,2031-01-01T07:59:59-00:00,2025-05-13T00:00:00,2030-12-31T23:59:59
AS_NP15_EXP,ALMDACT2_7_B1,AS_NP15_EXP,,2025-05-13T07:00:00-00:00,2031-01-01T07:59:59-00:00,2025-05-13T00:00:00,2030-12-31T23:59:59
AS_NP15_EXP,ALTO_6_N001,AS_NP15_EXP,,2014-11-13T08:00:00-00:00,2031-01-01T07:59:59-00:00,2014-11-13T00:00:00,2030-12-31T23:59:59
AS_NP15_EXP,ALTO_6_N101,AS_NP15_EXP,,2009-03-31T07:00:00-00:00,2031-01-01T07:59:59-00:00,2009-03-31T00:00:00,2030-12-31T23:59:59
AS_NP15_EXP,AMERIGAS_1_GN001,AS_NP15_EXP,,2009-12-17T08:00:00-00:00,2031-01-01T07:59:59-00:00,2009-12-17T00:00:00,2030-12-31T23:59:59
AS_NP15_EXP,AMERIGAS_1_N001,AS_NP15_EXP,,2009-03-31T07:00:00-00:00,2031-01-01T07:59:59-00:00,2009-03-31T00:00:00,2030-12-31T23:59:59
AS_NP15_EXP,AMESBS_1_N004,AS_NP15_EXP,,2009-03-31T07:00:00-00:00,2031-01-01T07:59:59-00:00,2009-03-31T00:00:00,2030-12-31T23:59:59
AS_NP15_EXP,AMESBS_1_N101,AS_NP15_EXP,,2009-03-31T07:00:00-00:00,2031-01-01T07:59:59-00:00,2009-03-31T00:00:00,2030-12-31T23:59:59
AS_NP15_EXP,AMESDST_1_N001,AS_NP15_EXP,,2009-03-31T07:00:00-00:00,2031-01-01T07:59:59-00:00,2009-03-31T00:00:00,2030-12-31T23:59:59
AS_NP15_EXP,AMFORST_6_N001,AS_NP15_EXP,,2009-03-31T07:00:00-00:00,2031-01-01T07:59:59-00:00,2009-03-31T00:00:00,2030-12-31T23:59:59
AS_NP15_EXP,ANDERSON_6_N001,AS_NP15_EXP,,2009-03-31T07:00:00-00:00,2031-01-01T07:59:59-00:00,2009-03-31T00:00:00,2030-12-31T23:59:59
AS_NP15_EXP,ANGIOLA_6_N001,AS_NP15_EXP,,2009-03-31T07:00:00-00:00,2031-01-01T07:59:59-00:00,2009-03-31T00:00:00,2030-12-31T23:59:59
AS_NP15_EXP,ANITA_6_N001,AS_NP15_EXP,,2009-03-31T07:00:00-00:00,2031-01-01T07:59:59-00:00,2009-03-31T00:00:00,2030-12-31T23:59:59
AS_NP15_EXP,ANITA_6_N006,AS_NP15_EXP,,2014-02-13T08:00:00-00:00,2031-01-01T07:59:59-00:00,2014-02-13T00:00:00,2030-12-31T23:59:59
AS_NP15_EXP,ANNAPOLS_6_N001,AS_NP15_EXP,,2009-03-31T07:00:00-00:00,2031-01-01T07:59:59-00:00,2009-03-31T00:00:00,2030-12-31T23:59:59
AS_NP15_EXP,ANTLER_6_N001,AS_NP15_EXP,,2009-03-31T07:00:00-00:00,2031-01-01T07:59:59-00:00,2009-03-31T00:00:00,2030-12-31T23:59:59
AS_NP15_EXP,APLHILGN_7_N002,AS_NP15_EXP,,2025-05-13T07:00:00-00:00,2031-01-01T07:59:59-00:00,2025-05-13T00:00:00,2030-12-31T23:59:59
AS_NP15_EXP,APPLEHL_1_N001,AS_NP15_EXP,,2009-03-31T07:00:00-00:00,2031-01-01T07:59:59-00:00,2009-03-31T00:00:00,2030-12-31T23:59:59
AS_NP15_EXP,APPLEHL_1_N002,AS_NP15_EXP,,2019-09-19T07:00:00-00:00,2031-01-01T07:59:59-00:00,2019-09-19T00:00:00,2030-12-31T23:59:59
AS_NP15_EXP,APPLEHL_1_N004,AS_NP15_EXP,,2009-03-31T07:00:00-00:00,2031-01-01T07:59:59-00:00,2009-03-31T00:00:00,2030-12-31T23:59:59
AS_NP15_EXP,APPMAT_1_N001,AS_NP15_EXP,,2009-03-31T07:00:00-00:00,2031-01-01T07:59:59-00:00,2009-03-31T00:00:00,2030-12-31T23:59:59
AS_NP15_EXP,APPMAT_1_N010,AS_NP15_EXP,,2009-03-31T07:00:00-00:00,2031-01-01T07:59:59-00:00,2009-03-31T00:00:00,2030-12-31T23:59:59
AS_NP15_EXP,APTORVC_6_N002,AS_NP15_EXP,,2009-03-31T07:00:00-00:00,2031-01-01T07:59:59-00:00,2009-03-31T00:00:00,2030-12-31T23:59:59
AS_NP15_EXP,ARAMIS_7_N001,AS_NP15_EXP,,2025-08-13T07:00:00-00:00,2031-01-01T07:59:59-00:00,2025-08-13T00:00:00,2030-12-31T23:59:59
AS_NP15_EXP,ARAMIS_7_N002,AS_NP15_EXP,,2025-08-13T07:00:00-00:00,2031-01-01T07:59:59-00:00,2025-08-13T00:00:00,2030-12-31T23:59:59
AS_NP15_EXP,ARAMIS_7_N003,AS_NP15_EXP,,2025-08-13T07:00:00-00:00,2031-01-01T07:59:59-00:00,2025-08-13T00:00:00,2030-12-31T23:59:59
AS_NP15_EXP,ARAMIS_7_N004,AS_NP15_EXP,,2025-08-13T07:00:00-00:00,2031-01-01T07:59:59-00:00,2025-08-13T00:00:00,2030-12-31T23:59:59
AS_NP15_EXP,ARBUCKLE_6_LN001,AS_NP15_EXP,,2009-09-10T07:00:00-00:00,2031-01-01T07:59:59-00:00,2009-09-10T00:00:00,2030-12-31T23:59:59
AS_NP15_EXP,ARBUCKLE_6_N001,AS_NP15_EXP,,2009-03-31T07:00:00-00:00,2031-01-01T07:59:59-00:00,2009-03-31T00:00:00,2030-12-31T23:59:59
AS_NP15_EXP,ARBURUA_6_N001,AS_NP15_EXP,,2009-03-31T07:00:00-00:00,2031-01-01T07:59:59-00:00,2009-03-31T00:00:00,2030-12-31T23:59:59
AS_NP15_EXP,ARCATA_6_LN001,AS_NP15_EXP,,2010-11-01T07:00:00-00:00,2031-01-01T07:59:59-00:00,2010-11-01T00:00:00,2030-12-31T23:59:59
AS_NP15_EXP,ARCATA_6_N001,AS_NP15_EXP,,2024-08-28T07:00:00-00:00,2031-01-01T07:59:59-00:00,2024-08-28T00:00:00,2030-12-31T23:59:59
AS_NP15_EXP,ARCATA_7_N001,AS_NP15_EXP,,2025-05-13T07:00:00-00:00,2031-01-01T07:59:59-00:00,2025-05-13T00:00:00,2030-12-31T23:59:59
AS_NP15_EXP,ARCATA_7_N003,AS_NP15_EXP,,2025-05-13T07:00:00-00:00,2031-01-01T07:59:59-00:00,2025-05-13T00:00:00,2030-12-31T23:59:59
AS_NP15_EXP,ARMSTRNG_6_N001,AS_NP15_EXP,,2009-03-31T07:00:00-00:00,2031-01-01T07:59:59-00:00,2009-03-31T00:00:00,2030-12-31T23:59:59
AS_NP15_EXP,ASHLAN_2_N001,AS_NP15_EXP,,2021-09-25T07:00:00-00:00,2031-01-01T07:59:59-00:00,2021-09-25T00:00:00,2030-12-31T23:59:59
AS_NP15_EXP,ASHLAN_2_N007,AS_NP15_EXP,,2021-09-25T07:00:00-00:00,2031-01-01T07:59:59-00:00,2021-09-25T00:00:00,2030-12-31T23:59:59
AS_NP15_EXP,ASHLAN_2_N008,AS_NP15_EXP,,2009-03-31T07:00:00-00:00,2031-01-01T07:59:59-00:00,2009-03-31T00:00:00,2030-12-31T23:59:59
AS_NP15_EXP,ATWATER_1_B2,AS_NP15_EXP,,2009-09-10T07:00:00-00:00,2031-01-01T07:59:59-00:00,2009-09-10T00:00:00,2030-12-31T23:59:59
AS_NP15_EXP,ATWATER_1_N001,AS_NP15_EXP,,2009-09-10T07:00:00-00:00,2031-01-01T07:59:59-00:00,2009-09-10T00:00:00,2030-12-31T23:59:59
AS_NP15_EXP,AUBERRY_6_N001,AS_NP15_EXP,,2009-03-31T07:00:00-00:00,2031-01-01T07:59:59-00:00,2009-03-31T00:00:00,2030-12-31T23:59:59
AS_NP15_EXP,AUBERRY_6_N003,AS_NP15_EXP,,2009-03-31T07:00:00-00:00,2031-01-01T07:59:59-00:00,2009-03-31T00:00:00,2030-12-31T23:59:59
AS_NP15_EXP,AUBURN_6_N001,AS_NP15_EXP,,2009-03-31T07:00:00-00:00,2031-01-01T07:59:59-00:00,2009-03-31T00:00:00,2030-12-31T23:59:59
AS_NP15_EXP,AVENA_1_N001,AS_NP15_EXP,,2009-03-31T07:00:00-00:00,2031-01-01T07:59:59-00:00,2009-03-31T00:00:00,2030-12-31T23:59:59
AS_NP15_EXP,BAFCOG12_7_B1,AS_NP15_EXP,,2025-08-13T07:00:00-00:00,2031-01-01T07:59:59-00:00,2025-08-13T00:00:00,2030-12-31T23:59:59
AS_NP15_EXP,BAFOOD1_6_N001,AS_NP15_EXP,,2009-03-31T07:00:00-00:00,2031-01-01T07:59:59-00:00,2009-03-31T00:00:00,2030-12-31T23:59:59
AS_NP15_EXP,BAHIA_2_N001,AS_NP15_EXP,,2009-03-31T07:00:00-00:00,2031-01-01T07:59:59-00:00,2009-03-31T00:00:00,2030-12-31T23:59:59
AS_NP15_EXP,BAHIA_2_N011,AS_NP15_EXP,,2009-03-31T07:00:00-00:00,2031-01-01T07:59:59-00:00,2009-03-31T00:00:00,2030-12-31T23:59:59
AS_NP15_EXP,BAILYJ1_1_N010,AS_NP15_EXP,,2014-11-13T08:00:00-00:00,2031-01-01T07:59:59-00:00,2014-11-13T00:00:00,2030-12-31T23:59:59
AS_NP15_EXP,BAILYJ1_1_N011,AS_NP15_EXP,,2014-11-13T08:00:00-00:00,2031-01-01T07:59:59-00:00,2014-11-13T00:00:00,2030-12-31T23:59:59
AS_NP15_EXP,BAIR_1_LN001,AS_NP15_EXP,,2010-11-01T07:00:00-00:00,2031-01-01T07:59:59-00:00,2010-11-01T00:00:00,2030-12-31T23:59:59
AS_NP15_EXP,BAIR_1_N001,AS_NP15_EXP,,2009-03-31T07:00:00-00:00,2031-01-01T07:59:59-00:00,2009-03-31T00:00:00,2030-12-31T23:59:59
AS_NP15_EXP,BALCH1_7_B2,AS_NP15_EXP,,2009-03-31T07:00:00-00:00,2031-01-01T07:59:59-00:00,2009-03-31T00:00:00,2030-12-31T23:59:59
AS_NP15_EXP,BALCH1_7_N001,AS_NP15_EXP,,2010-02-24T08:00:00-00:00,2031-01-01T07:59:59-00:00,2010-02-24T00:00:00,2030-12-31T23:59:59
AS_NP15_EXP,BALCH3TP_2_B1,AS_NP15_EXP,,2017-08-17T07:00:00-00:00,2031-01-01T07:59:59-00:00,2017-08-17T00:00:00,2030-12-31T23:59:59
AS_NP15_EXP,BALFOUR_6_N001,AS_NP15_EXP,,2009-03-31T07:00:00-00:00,2031-01-01T07:59:59-00:00,2009-03-31T00:00:00,2030-12-31T23:59:59
AS_NP15_EXP,BANGOR_6_N001,AS_NP15_EXP,,2009-03-31T07:00:00-00:00,2031-01-01T07:59:59-00:00,2009-03-31T00:00:00,2030-12-31T23:59:59
AS_NP15_EXP,BANGOR_6_N004,AS_NP15_EXP,,2012-06-14T07:00:00-00:00,2031-01-01T07:59:59-00:00,2012-06-14T00:00:00,2030-12-31T23:59:59
AS_NP15_EXP,BANTA_6_N001,AS_NP15_EXP,,2009-03-31T07:00:00-00:00,2031-01-01T07:59:59-00:00,2009-03-31T00:00:00,2030-12-31T23:59:59
AS_NP15_EXP,BARRY_6_N001,AS_NP15_EXP,,2009-03-31T07:00:00-00:00,2031-01-01T07:59:59-00:00,2009-03-31T00:00:00,2030-12-31T23:59:59
AS_NP15_EXP,BARTLP_1_N003,AS_NP15_EXP,,2017-02-16T08:00:00-00:00,2031-01-01T07:59:59-00:00,2017-02-16T00:00:00,2030-12-31T23:59:59
AS_NP15_EXP,BARTON_1_N001,AS_NP15_EXP,,2009-03-31T07:00:00-00:00,2031-01-01T07:59:59-00:00,2009-03-31T00:00:00,2030-12-31T23:59:59
AS_NP15_EXP,BARTON_1_N007,AS_NP15_EXP,,2009-03-31T07:00:00-00:00,2031-01-01T07:59:59-00:00,2009-03-31T00:00:00,2030-12-31T23:59:59
AS_NP15_EXP,BARTON_1_N008,AS_NP15_EXP,,2009-03-31T07:00:00-00:00,2031-01-01T07:59:59-00:00,2009-03-31T00:00:00,2030-12-31T23:59:59
AS_NP15_EXP,BASALT_6_N002,AS_NP15_EXP,,2009-03-31T07:00:00-00:00,2031-01-01T07:59:59-00:00,2009-03-31T00:00:00,2030-12-31T23:59:59
AS_NP15_EXP,BASALT_6_N101,AS_NP15_EXP,,2009-03-31T07:00:00-00:00,2031-01-01T07:59:59-00:00,2009-03-31T00:00:00,2030-12-31T23:59:59
AS_NP15_EXP,BATAVIA_6_N001,AS_NP15_EXP,,2009-03-31T07:00:00-00:00,2031-01-01T07:59:59-00:00,2009-03-31T00:00:00,2030-12-31T23:59:59
AS_NP15_EXP,BAYMDWS_1_N001,AS_NP15_EXP,,2009-03-31T07:00:00-00:00,2031-01-01T07:59:59-00:00,2009-03-31T00:00:00,2030-12-31T23:59:59
AS_NP15_EXP,BAYMDWS_1_N004,AS_NP15_EXP,,2009-03-31T07:00:00-00:00,2031-01-01T07:59:59-00:00,2009-03-31T00:00:00,2030-12-31T23:59:59
AS_NP15_EXP,BAYMDWS_1_N008,AS_NP15_EXP,,2009-03-31T07:00:00-00:00,2031-01-01T07:59:59-00:00,2009-03-31T00:00:00,2030-12-31T23:59:59
AS_NP15_EXP,BAYMDWS_1_N012,AS_NP15_EXP,,2009-03-31T07:00:00-00:00,2031-01-01T07:59:59-00:00,2009-03-31T00:00:00,2030-12-31T23:59:59
AS_NP15_EXP,BAYSHOR1_1_N001,AS_NP15_EXP,,2009-03-31T07:00:00-00:00,2031-01-01T07:59:59-00:00,2009-03-31T00:00:00,2030-12-31T23:59:59
AS_NP15_EXP,BAYSHOR2_1_N001,AS_NP15_EXP,,2009-03-31T07:00:00-00:00,2031-01-01T07:59:59-00:00,2009-03-31T00:00:00,2030-12-31T23:59:59
AS_NP15_EXP,BCHIPMIL_6_N001,AS_NP15_EXP,,2009-03-31T07:00:00-00:00,2031-01-01T07:59:59-00:00,2009-03-31T00:00:00,2030-12-31T23:59:59
AS_NP15_EXP,BCKSCRK_2_B1,AS_NP15_EXP,,2017-08-17T07:00:00-00:00,2031-01-01T07:59:59-00:00,2017-08-17T00:00:00,2030-12-31T23:59:59
AS_NP15_EXP,BCKSCRK_2_N004,AS_NP15_EXP,,2025-05-13T07:00:00-00:00,2031-01-01T07:59:59-00:00,2025-05-13T00:00:00,2030-12-31T23:59:59
AS_NP15_EXP,BCKSCRK_7_B2,AS_NP15_EXP,,2023-05-05T07:00:00-00:00,2031-01-01T07:59:59-00:00,2023-05-05T00:00:00,2030-12-31T23:59:59
AS_NP15_EXP,BCKSCRK_7_B3,AS_NP15_EXP,,2023-05-05T07:00:00-00:00,2031-01-01T07:59:59-00:00,2023-05-05T00:00:00,2030-12-31T23:59:59
AS_NP15_EXP,BCKSCRK_7_N001,AS_NP15_EXP,,2009-03-31T07:00:00-00:00,2031-01-01T07:59:59-00:00,2009-03-31T00:00:00,2030-12-31T23:59:59
AS_NP15_EXP,BCKSCRK_7_N002,AS_NP15_EXP,,2025-05-13T07:00:00-00:00,2031-01-01T07:59:59-00:00,2025-05-13T00:00:00,2030-12-31T23:59:59
AS_NP15_EXP,BEALE1_6_N001,AS_NP15_EXP,,2009-03-31T07:00:00-00:00,2031-01-01T07:59:59-00:00,2009-03-31T00:00:00,2030-12-31T23:59:59
AS_NP15_EXP,BEALE2_6_N001,AS_NP15_EXP,,2009-03-31T07:00:00-00:00,2031-01-01T07:59:59-00:00,2009-03-31T00:00:00,2030-12-31T23:59:59
AS_NP15_EXP,BEARCRK_6_N001,AS_NP15_EXP,,2009-03-31T07:00:00-00:00,2031-01-01T07:59:59-00:00,2009-03-31T00:00:00,2030-12-31T23:59:59
AS_NP15_EXP,BEARCRK_6_N010,AS_NP15_EXP,,2023-05-05T07:00:00-00:00,2031-01-01T07:59:59-00:00,2023-05-05T00:00:00,2030-12-31T23:59:59
AS_NP15_EXP,BEARDSLY_7_B1,AS_NP15_EXP,,2025-05-13T07:00:00-00:00,2031-01-01T07:59:59-00:00,2025-05-13T00:00:00,2030-12-31T23:59:59
AS_NP15_EXP,BELDEN_7_B1,AS_NP15_EXP,,2025-05-13T07:00:00-00:00,2031-01-01T07:59:59-00:00,2025-05-13T00:00:00,2030-12-31T23:59:59
AS_NP15_EXP,BELLOTA_2_B1,AS_NP15_EXP,,2017-08-17T07:00:00-00:00,2031-01-01T07:59:59-00:00,2017-08-17T00:00:00,2030-12-31T23:59:59
AS_NP15_EXP,BELLPGE_1_N001,AS_NP15_EXP,,2009-03-31T07:00:00-00:00,2031-01-01T07:59:59-00:00,2009-03-31T00:00:00,2030-12-31T23:59:59
AS_NP15_EXP,BELLPGE_1_N005,AS_NP15_EXP,,2009-03-31T07:00:00-00:00,2031-01-01T07:59:59-00:00,2009-03-31T00:00:00,2030-12-31T23:59:59
AS_NP15_EXP,BELLVUE_1_N001,AS_NP15_EXP,,2009-03-31T07:00:00-00:00,2031-01-01T07:59:59-00:00,2009-03-31T00:00:00,2030-12-31T23:59:59
AS_NP15_EXP,BELLVUE_1_N003,AS_NP15_EXP,,2009-03-31T07:00:00-00:00,2031-01-01T07:59:59-00:00,2009-03-31T00:00:00,2030-12-31T23:59:59
AS_NP15_EXP,BELLVUE_1_N005,AS_NP15_EXP,,2009-03-31T07:00:00-00:00,2031-01-01T07:59:59-00:00,2009-03-31T00:00:00,2030-12-31T23:59:59
AS_NP15_EXP,BELMONT_1_N001,AS_NP15_EXP,,2009-03-31T07:00:00-00:00,2031-01-01T07:59:59-00:00,2009-03-31T00:00:00,2030-12-31T23:59:59
AS_NP15_EXP,BELMONT_1_N006,AS_NP15_EXP,,2009-03-31T07:00:00-00:00,2031-01-01T07:59:59-00:00,2009-03-31T00:00:00,2030-12-31T23:59:59
AS_NP15_EXP,BELMONT_1_N008,AS_NP15_EXP,,2009-03-31T07:00:00-00:00,2031-01-01T07:59:59-00:00,2009-03-31T00:00:00,2030-12-31T23:59:59
AS_NP15_EXP,BERCYN_7_N001,AS_NP15_EXP,,2025-05-13T07:00:00-00:00,2031-01-01T07:59:59-00:00,2025-05-13T00:00:00,2030-12-31T23:59:59
AS_NP15_EXP,BERESFRD_6_N001,AS_NP15_EXP,,2009-03-31T07:00:00-00:00,2031-01-01T07:59:59-00:00,2009-03-31T00:00:00,2030-12-31T23:59:59
AS_NP15_EXP,BERESFRD_6_N002,AS_NP15_EXP,,2009-03-31T07:00:00-00:00,2031-01-01T07:59:59-00:00,2009-03-31T00:00:00,2030-12-31T23:59:59
AS_NP15_EXP,BERVLLY_6_N001,AS_NP15_EXP,,2009-03-31T07:00:00-00:00,2031-01-01T07:59:59-00:00,2009-03-31T00:00:00,2030-12-31T23:59:59
AS_NP15_EXP,BIGBAR_6_N001,AS_NP15_EXP,,2009-03-31T07:00:00-00:00,2031-01-01T07:59:59-00:00,2009-03-31T00:00:00,2030-12-31T23:59:59
AS_NP15_EXP,BIGBASN_6_N001,AS_NP15_EXP,,2009-03-31T07:00:00-00:00,2031-01-01T07:59:59-00:00,2009-03-31T00:00:00,2030-12-31T23:59:59
AS_NP15_EXP,BIGGS_6_N001,AS_NP15_EXP,,2009-03-31T07:00:00-00:00,2031-01-01T07:59:59-00:00,2009-03-31T00:00:00,2030-12-31T23:59:59
AS_NP15_EXP,BIGLAGN_6_N001,AS_NP15_EXP,,2009-03-31T07:00:00-00:00,2031-01-01T07:59:59-00:00,2009-03-31T00:00:00,2030-12-31T23:59:59
AS_NP15_EXP,BIGMDWS_6_N001,AS_NP15_EXP,,2009-03-31T07:00:00-00:00,2031-01-01T07:59:59-00:00,2009-03-31T00:00:00,2030-12-31T23:59:59
AS_NP15_EXP,BIGRIVR_6_N001,AS_NP15_EXP,,2009-03-31T07:00:00-00:00,2031-01-01T07:59:59-00:00,2009-03-31T00:00:00,2030-12-31T23:59:59
AS_NP15_EXP,BIOLA_6_N001,AS_NP15_EXP,,2009-03-31T07:00:00-00:00,2031-01-01T07:59:59-00:00,2009-03-31T00:00:00,2030-12-31T23:59:59
AS_NP15_EXP,BIOMSJCT_6_B1,AS_NP15_EXP,,2017-08-17T07:00:00-00:00,2031-01-01T07:59:59-00:00,2017-08-17T00:00:00,2030-12-31T23:59:59
AS_NP15_EXP,BIOMSJCT_6_GN001,AS_NP15_EXP,,2025-05-13T07:00:00-00:00,2031-01-01T07:59:59-00:00,2025-05-13T00:00:00,2030-12-31T23:59:59
AS_NP15_EXP,BIXLER_6_N001,AS_NP15_EXP,,2009-03-31T07:00:00-00:00,2031-01-01T07:59:59-00:00,2009-03-31T00:00:00,2030-12-31T23:59:59
AS_NP15_EXP,BLCH38750_7_B1,AS_NP15_EXP,,2009-03-31T07:00:00-00:00,2031-01-01T07:59:59-00:00,2009-03-31T00:00:00,2030-12-31T23:59:59
AS_NP15_EXP,BLCH38751_7_B1,AS_NP15_EXP,,2009-03-31T07:00:00-00:00,2031-01-01T07:59:59-00:00,2009-03-31T00:00:00,2030-12-31T23:59:59
AS_NP15_EXP,BLCKBUTT_7_B1,AS_NP15_EXP,,2025-05-13T07:00:00-00:00,2031-01-01T07:59:59-00:00,2025-05-13T00:00:00,2030-12-31T23:59:59
AS_NP15_EXP,BLKDIA_7_N001,AS_NP15_EXP,,2025-05-13T07:00:00-00:00,2031-01-01T07:59:59-00:00,2025-05-13T00:00:00,2030-12-31T23:59:59
AS_NP15_EXP,BLKDMDBT_7_N002,AS_NP15_EXP,,2016-08-18T07:00:00-00:00,2031-01-01T07:59:59-00:00,2016-08-18T00:00:00,2030-12-31T23:59:59
AS_NP15_EXP,BLKDMDBT_7_N004,AS_NP15_EXP,,2025-05-13T07:00:00-00:00,2031-01-01T07:59:59-00:00,2025-05-13T00:00:00,2030-12-31T23:59:59
AS_NP15_EXP,BLLEHVN_6_N001,AS_NP15_EXP,,2009-03-31T07:00:00-00:00,2031-01-01T07:59:59-00:00,2009-03-31T00:00:00,2030-12-31T23:59:59
AS_NP15_EXP,BLLEHVN_6_N002,AS_NP15_EXP,,2009-03-31T07:00:00-00:00,2031-01-01T07:59:59-00:00,2009-03-31T00:00:00,2030-12-31T23:59:59
AS_NP15_EXP,BLLEHVN_6_N004,AS_NP15_EXP,,2009-03-31T07:00:00-00:00,2031-01-01T07:59:59-00:00,2009-03-31T00:00:00,2030-12-31T23:59:59
AS_NP15_EXP,BLLEHVN_6_N006,AS_NP15_EXP,,2009-03-31T07:00:00-00:00,2031-01-01T07:59:59-00:00,2009-03-31T00:00:00,2030-12-31T23:59:59
AS_NP15_EXP,BLLEHVN_6_N007,AS_NP15_EXP,,2009-03-31T07:00:00-00:00,2031-01-01T07:59:59-00:00,2009-03-31T00:00:00,2030-12-31T23:59:59
AS_NP15_EXP,BLLEHVN_6_N009,AS_NP15_EXP,,2009-03-31T07:00:00-00:00,2031-01-01T07:59:59-00:00,2009-03-31T00:00:00,2030-12-31T23:59:59
AS_NP15_EXP,BLUELAKE_7_GN001,AS_NP15_EXP,,2023-05-05T07:00:00-00:00,2031-01-01T07:59:59-00:00,2023-05-05T00:00:00,2030-12-31T23:59:59
AS_NP15_EXP,BLUELKE_6_N001,AS_NP15_EXP,,2009-03-31T07:00:00-00:00,2031-01-01T07:59:59-00:00,2009-03-31T00:00:00,2030-12-31T23:59:59
AS_NP15_EXP,BLUELKE_6_N010,AS_NP15_EXP,,2018-08-23T07:00:00-00:00,2031-01-01T07:59:59-00:00,2018-08-23T00:00:00,2030-12-31T23:59:59
AS_NP15_EXP,BLUSTNPP_6_N003,AS_NP15_EXP,,2009-03-31T07:00:00-00:00,2031-01-01T07:59:59-00:00,2009-03-31T00:00:00,2030-12-31T23:59:59
AS_NP15_EXP,BNAVSTA_6_N001,AS_NP15_EXP,,2009-03-31T07:00:00-00:00,2031-01-01T07:59:59-00:00,2009-03-31T00:00:00,2030-12-31T23:59:59
AS_NP15_EXP,BNAVSTA_6_N002,AS_NP15_EXP,,2009-03-31T07:00:00-00:00,2031-01-01T07:59:59-00:00,2009-03-31T00:00:00,2030-12-31T23:59:59
AS_NP15_EXP,BNTACRB_6_N001,AS_NP15_EXP,,2009-03-31T07:00:00-00:00,2031-01-01T07:59:59-00:00,2009-03-31T00:00:00,2030-12-31T23:59:59
AS_NP15_EXP,BOGARD_6_N001,AS_NP15_EXP,,2009-03-31T07:00:00-00:00,2031-01-01T07:59:59-00:00,2009-03-31T00:00:00,2030-12-31T23:59:59
AS_NP15_EXP,BOGUE_1_N001,AS_NP15_EXP,,2009-03-31T07:00:00-00:00,2031-01-01T07:59:59-00:00,2009-03-31T00:00:00,2030-12-31T23:59:59
AS_NP15_EXP,BOGUE_1_N015,AS_NP15_EXP,,2009-06-25T07:00:00-00:00,2031-01-01T07:59:59-00:00,2009-06-25T00:00:00,2030-12-31T23:59:59
AS_NP15_EXP,BOGUE_1_N201,AS_NP15_EXP,,2009-03-31T07:00:00-00:00,2031-01-01T07:59:59-00:00,2009-03-31T00:00:00,2030-12-31T23:59:59
AS_NP15_EXP,BOLINAS_6_N001,AS_NP15_EXP,,2009-03-31T07:00:00-00:00,2031-01-01T07:59:59-00:00,2009-03-31T00:00:00,2030-12-31T23:59:59
AS_NP15_EXP,BOLLMAN_1_N003,AS_NP15_EXP,,2009-03-31T07:00:00-00:00,2031-01-01T07:59:59-00:00,2009-03-31T00:00:00,2030-12-31T23:59:59
AS_NP15_EXP,BONITA_6_N001,AS_NP15_EXP,,2009-03-31T07:00:00-00:00,2031-01-01T07:59:59-00:00,2009-03-31T00:00:00,2030-12-31T23:59:59
AS_NP15_EXP,BONNIEN_7_N001,AS_NP15_EXP,,2009-03-31T07:00:00-00:00,2031-01-01T07:59:59-00:00,2009-03-31T00:00:00,2030-12-31T23:59:59
AS_NP15_EXP,BONNIEN_7_N002,AS_NP15_EXP,,2025-05-13T07:00:00-00:00,2031-01-01T07:59:59-00:00,2025-05-13T00:00:00,2030-12-31T23:59:59
AS_NP15_EXP,BORDEN_2_N007,AS_NP15_EXP,,2010-04-22T07:00:00-00:00,2031-01-01T07:59:59-00:00,2010-04-22T00:00:00,2030-12-31T23:59:59
AS_NP15_EXP,BORDEN_2_N008,AS_NP15_EXP,,2009-03-31T07:00:00-00:00,2031-01-01T07:59:59-00:00,2009-03-31T00:00:00,2030-12-31T23:59:59
AS_NP15_EXP,BORONDA_6_N001,AS_NP15_EXP,,2009-03-31T07:00:00-00:00,2031-01-01T07:59:59-00:00,2009-03-31T00:00:00,2030-12-31T23:59:59
AS_NP15_EXP,BOSWELL_6_N001,AS_NP15_EXP,,2009-03-31T07:00:00-00:00,2031-01-01T07:59:59-00:00,2009-03-31T00:00:00,2030-12-31T23:59:59
AS_NP15_EXP,BOTTLERK_7_N001,AS_NP15_EXP,,2023-05-05T07:00:00-00:00,2031-01-01T07:59:59-00:00,2023-05-05T00:00:00,2030-12-31T23:59:59
AS_NP15_EXP,BOWERSJ_6_N001,AS_NP15_EXP,,2024-08-28T07:00:00-00:00,2031-01-01T07:59:59-00:00,2024-08-28T00:00:00,2030-12-31T23:59:59
AS_NP15_EXP,BOWERSJ_6_N002,AS_NP15_EXP,,2024-08-28T07:00:00-00:00,2031-01-01T07:59:59-00:00,2024-08-28T00:00:00,2030-12-31T23:59:59
AS_NP15_EXP,BOWLES_6_N001,AS_NP15_EXP,,2009-03-31T07:00:00-00:00,2031-01-01T07:59:59-00:00,2009-03-31T00:00:00,2030-12-31T23:59:59
AS_NP15_EXP,BOWMAN_7_N002,AS_NP15_EXP,,2025-05-13T07:00:00-00:00,2031-01-01T07:59:59-00:00,2025-05-13T00:00:00,2030-12-31T23:59:59
AS_NP15_EXP,BOWMNTAP_6_B1,AS_NP15_EXP,,2017-08-17T07:00:00-00:00,2031-01-01T07:59:59-00:00,2017-08-17T00:00:00,2030-12-31T23:59:59
AS_NP15_EXP,BRDGVLLE_6_B1,AS_NP15_EXP,,2017-08-17T07:00:00-00:00,2031-01-01T07:59:59-00:00,2017-08-17T00:00:00,2030-12-31T23:59:59
AS_NP15_EXP,BRDGVLT_7_N001,AS_NP15_EXP,,2009-03-31T07:00:00-00:00,2031-01-01T07:59:59-00:00,2009-03-31T00:00:00,2030-12-31T23:59:59
AS_NP15_EXP,BRDGVLT_7_N002,AS_NP15_EXP,,2009-03-31T07:00:00-00:00,2031-01-01T07:59:59-00:00,2009-03-31T00:00:00,2030-12-31T23:59:59
AS_NP15_EXP,BRDGVLT_7_N003,AS_NP15_EXP,,2012-10-11T07:00:00-00:00,2031-01-01T07:59:59-00:00,2012-10-11T00:00:00,2030-12-31T23:59:59
AS_NP15_EXP,BRENTWOD_2_N001,AS_NP15_EXP,,2009-03-31T07:00:00-00:00,2031-01-01T07:59:59-00:00,2009-03-31T00:00:00,2030-12-31T23:59:59
AS_NP15_EXP,BRENTWOD_2_N006,AS_NP15_EXP,,2009-03-31T07:00:00-00:00,2031-01-01T07:59:59-00:00,2009-03-31T00:00:00,2030-12-31T23:59:59
AS_NP15_EXP,BRENTWOD_2_N011,AS_NP15_EXP,,2023-07-27T07:00:00-00:00,2031-01-01T07:59:59-00:00,2023-07-27T00:00:00,2030-12-31T23:59:59
AS_NP15_EXP,BRIGTANO_6_N001,AS_NP15_EXP,,2009-03-31T07:00:00-00:00,2031-01-01T07:59:59-00:00,2009-03-31T00:00:00,2030-12-31T23:59:59
AS_NP15_EXP,BRIONES_6_N001,AS_NP15_EXP,,2009-03-31T07:00:00-00:00,2031-01-01T07:59:59-00:00,2009-03-31T00:00:00,2030-12-31T23:59:59
AS_NP15_EXP,BRITTN_1_N001,AS_NP15_EXP,,2009-03-31T07:00:00-00:00,2031-01-01T07:59:59-00:00,2009-03-31T00:00:00,2030-12-31T23:59:59
AS_NP15_EXP,BRITTN_1_N005,AS_NP15_EXP,,2009-03-31T07:00:00-00:00,2031-01-01T07:59:59-00:00,2009-03-31T00:00:00,2030-12-31T23:59:59
AS_NP15_EXP,BRITTN_1_N006,AS_NP15_EXP,,2009-03-31T07:00:00-00:00,2031-01-01T07:59:59-00:00,2009-03-31T00:00:00,2030-12-31T23:59:59
AS_NP15_EXP,BRKRSLG_1_N005,AS_NP15_EXP,,2009-03-31T07:00:00-00:00,2031-01-01T07:59:59-00:00,2009-03-31T00:00:00,2030-12-31T23:59:59
AS_NP15_EXP,BRNYFRST_7_B1,AS_NP15_EXP,,2025-05-13T07:00:00-00:00,2031-01-01T07:59:59-00:00,2025-05-13T00:00:00,2030-12-31T23:59:59
AS_NP15_EXP,BRODIE_2_WIND-APND,AS_NP15_EXP,,2012-03-29T07:00:00-00:00,2031-01-01T07:59:59-00:00,2012-03-29T00:00:00,2030-12-31T23:59:59
AS_NP15_EXP,BROKAW_6_N001,AS_NP15_EXP,,2017-02-16T08:00:00-00:00,2031-01-01T07:59:59-00:00,2017-02-16T00:00:00,2030-12-31T23:59:59
AS_NP15_EXP,BROKAW_6_N002,AS_NP15_EXP,,2017-02-16T08:00:00-00:00,2031-01-01T07:59:59-00:00,2017-02-16T00:00:00,2030-12-31T23:59:59
AS_NP15_EXP,BRUNSWCK_1_N003,AS_NP15_EXP,,2009-03-31T07:00:00-00:00,2031-01-01T07:59:59-00:00,2009-03-31T00:00:00,2030-12-31T23:59:59
AS_NP15_EXP,BRUNSWCK_1_N008,AS_NP15_EXP,,2009-03-31T07:00:00-00:00,2031-01-01T07:59:59-00:00,2009-03-31T00:00:00,2030-12-31T23:59:59
AS_NP15_EXP,BRUNSWCK_1_N101,AS_NP15_EXP,,2009-03-31T07:00:00-00:00,2031-01-01T07:59:59-00:00,2009-03-31T00:00:00,2030-12-31T23:59:59
AS_NP15_EXP,BRWNSVY_6_N001,AS_NP15_EXP,,2009-03-31T07:00:00-00:00,2031-01-01T07:59:59-00:00,2009-03-31T00:00:00,2030-12-31T23:59:59
AS_NP15_EXP,BUCKCK_7_PL1X2-APND,AS_NP15_EXP,,2009-03-31T07:00:00-00:00,2031-01-01T07:59:59-00:00,2009-03-31T00:00:00,2030-12-31T23:59:59
AS_NP15_EXP,BULLARD_1_N001,AS_NP15_EXP,,2009-03-31T07:00:00-00:00,2031-01-01T07:59:59-00:00,2009-03-31T00:00:00,2030-12-31T23:59:59
AS_NP15_EXP,BULLARD_1_N004,AS_NP15_EXP,,2009-03-31T07:00:00-00:00,2031-01-01T07:59:59-00:00,2009-03-31T00:00:00,2030-12-31T23:59:59
AS_NP15_EXP,BULLARD_1_N005,AS_NP15_EXP,,2009-03-31T07:00:00-00:00,2031-01-01T07:59:59-00:00,2009-03-31T00:00:00,2030-12-31T23:59:59
AS_NP15_EXP,BULLARD_1_N006,AS_NP15_EXP,,2009-03-31T07:00:00-00:00,2031-01-01T07:59:59-00:00,2009-03-31T00:00:00,2030-12-31T23:59:59
AS_NP15_EXP,BULLARD_1_N009,AS_NP15_EXP,,2017-08-17T07:00:00-00:00,2031-01-01T07:59:59-00:00,2017-08-17T00:00:00,2030-12-31T23:59:59
AS_NP15_EXP,BURLNGME_1_N001,AS_NP15_EXP,,2009-03-31T07:00:00-00:00,2031-01-01T07:59:59-00:00,2009-03-31T00:00:00,2030-12-31T23:59:59
AS_NP15_EXP,BURNEY_6_N002,AS_NP15_EXP,,2009-03-31T07:00:00-00:00,2031-01-01T07:59:59-00:00,2009-03-31T00:00:00,2030-12-31T23:59:59
AS_NP15_EXP,BURNEY_7_N001,AS_NP15_EXP,,2025-05-13T07:00:00-00:00,2031-01-01T07:59:59-00:00,2025-05-13T00:00:00,2030-12-31T23:59:59
AS_NP15_EXP,BURNEY_7_N002,AS_NP15_EXP,,2024-05-15T07:00:00-00:00,2031-01-01T07:59:59-00:00,2024-05-15T00:00:00,2030-12-31T23:59:59
AS_NP15_EXP,BURNSJ1_6_N003,AS_NP15_EXP,,2011-10-14T07:00:00-00:00,2031-01-01T07:59:59-00:00,2011-10-14T00:00:00,2030-12-31T23:59:59
AS_NP15_EXP,BUTTE_1_N010,AS_NP15_EXP,,2009-03-31T07:00:00-00:00,2031-01-01T07:59:59-00:00,2009-03-31T00:00:00,2030-12-31T23:59:59
AS_NP15_EXP,BUTTE_1_N101,AS_NP15_EXP,,2009-03-31T07:00:00-00:00,2031-01-01T07:59:59-00:00,2009-03-31T00:00:00,2030-12-31T23:59:59
AS_NP15_EXP,BUTTVLLY_7_B1,AS_NP15_EXP,,2009-03-31T07:00:00-00:00,2031-01-01T07:59:59-00:00,2009-03-31T00:00:00,2030-12-31T23:59:59
AS_NP15_EXP,C877P1C2_7_N001,AS_NP15_EXP,,2018-05-24T07:00:00-00:00,2031-01-01T07:59:59-00:00,2018-05-24T00:00:00,2030-12-31T23:59:59
AS_NP15_EXP,CALAVE_1_N001,AS_NP15_EXP,,2009-03-31T07:00:00-00:00,2031-01-01T07:59:59-00:00,2009-03-31T00:00:00,2030-12-31T23:59:59
AS_NP15_EXP,CALAVE_1_N002,AS_NP15_EXP,,2009-03-31T07:00:00-00:00,2031-01-01T07:59:59-00:00,2009-03-31T00:00:00,2030-12-31T23:59:59
AS_NP15_EXP,CALAVE_1_N004,AS_NP15_EXP,,2009-03-31T07:00:00-00:00,2031-01-01T07:59:59-00:00,2009-03-31T00:00:00,2030-12-31T23:59:59
AS_NP15_EXP,CALCEDA_6_N001,AS_NP15_EXP,,2009-03-31T07:00:00-00:00,2031-01-01T07:59:59-00:00,2009-03-31T00:00:00,2030-12-31T23:59:59
AS_NP15_EXP,CALCMNT_6_N001,AS_NP15_EXP,,2009-03-31T07:00:00-00:00,2031-01-01T07:59:59-00:00,2009-03-31T00:00:00,2030-12-31T23:59:59
AS_NP15_EXP,CALEVRAS_1_N001,AS_NP15_EXP,,2021-10-06T07:00:00-00:00,2031-01-01T07:59:59-00:00,2021-10-06T00:00:00,2030-12-31T23:59:59
AS_NP15_EXP,CALFLAX_6_N001,AS_NP15_EXP,,2024-05-15T07:00:00-00:00,2031-01-01T07:59:59-00:00,2024-05-15T00:00:00,2030-12-31T23:59:59
AS_NP15_EXP,CALFLAX_6_N024,AS_NP15_EXP,,2024-03-20T07:00:00-00:00,2031-01-01T07:59:59-00:00,2024-03-20T00:00:00,2030-12-31T23:59:59
AS_NP15_EXP,CALISTGA_6_N001,AS_NP15_EXP,,2009-03-31T07:00:00-00:00,2031-01-01T07:59:59-00:00,2009-03-31T00:00:00,2030-12-31T23:59:59
AS_NP15_EXP,CALISTGA_6_N004,AS_NP15_EXP,,2014-04-17T07:00:00-00:00,2031-01-01T07:59:59-00:00,2014-04-17T00:00:00,2030-12-31T23:59:59
AS_NP15_EXP,CALMAT60_6_N001,AS_NP15_EXP,,2009-03-31T07:00:00-00:00,2031-01-01T07:59:59-00:00,2009-03-31T00:00:00,2030-12-31T23:59:59
AS_NP15_EXP,CALPELLA_1_N001,AS_NP15_EXP,,2025-08-13T07:00:00-00:00,2031-01-01T07:59:59-00:00,2025-08-13T00:00:00,2030-12-31T23:59:59
AS_NP15_EXP,CALPELLA_7_NBT1,AS_NP15_EXP,,2025-08-13T07:00:00-00:00,2031-01-01T07:59:59-00:00,2025-08-13T00:00:00,2030-12-31T23:59:59
AS_NP15_EXP,CALPELLA_7_NSR1,AS_NP15_EXP,,2025-08-13T07:00:00-00:00,2031-01-01T07:59:59-00:00,2025-08-13T00:00:00,2030-12-31T23:59:59
AS_NP15_EXP,CALTRSF_1_N001,AS_NP15_EXP,,2019-02-21T08:00:00-00:00,2031-01-01T07:59:59-00:00,2019-02-21T00:00:00,2030-12-31T23:59:59
AS_NP15_EXP,CALTRSF_1_N002,AS_NP15_EXP,,2019-02-21T08:00:00-00:00,2031-01-01T07:59:59-00:00,2019-02-21T00:00:00,2030-12-31T23:59:59
AS_NP15_EXP,CALTRSJ_1_N001,AS_NP15_EXP,,2019-02-21T08:00:00-00:00,2031-01-01T07:59:59-00:00,2019-02-21T00:00:00,2030-12-31T23:59:59
AS_NP15_EXP,CALTRSJ_1_N002,AS_NP15_EXP,,2019-02-21T08:00:00-00:00,2031-01-01T07:59:59-00:00,2019-02-21T00:00:00,2030-12-31T23:59:59
AS_NP15_EXP,CALVO_6_N001,AS_NP15_EXP,,2009-03-31T07:00:00-00:00,2031-01-01T07:59:59-00:00,2009-03-31T00:00:00,2030-12-31T23:59:59
AS_NP15_EXP,CAMANCHE_7_N001,AS_NP15_EXP,,2023-05-05T07:00:00-00:00,2031-01-01T07:59:59-00:00,2023-05-05T00:00:00,2030-12-31T23:59:59
AS_NP15_EXP,CAMANCHE_7_N002,AS_NP15_EXP,,2023-05-05T07:00:00-00:00,2031-01-01T07:59:59-00:00,2023-05-05T00:00:00,2030-12-31T23:59:59
AS_NP15_EXP,CAMANCHE_7_N003,AS_NP15_EXP,,2023-05-05T07:00:00-00:00,2031-01-01T07:59:59-00:00,2023-05-05T00:00:00,2030-12-31T23:59:59
AS_NP15_EXP,CAMANCPP_2_N001,AS_NP15_EXP,,2009-03-31T07:00:00-00:00,2031-01-01T07:59:59-00:00,2009-03-31T00:00:00,2030-12-31T23:59:59
AS_NP15_EXP,CAMCHE_1_PL1X3-APND,AS_NP15_EXP,,2009-03-31T07:00:00-00:00,2031-01-01T07:59:59-00:00,2009-03-31T00:00:00,2030-12-31T23:59:59
AS_NP15_EXP,CAMDEN_6_N001,AS_NP15_EXP,,2009-06-25T07:00:00-00:00,2031-01-01T07:59:59-00:00,2009-06-25T00:00:00,2030-12-31T23:59:59
AS_NP15_EXP,CAMDEN_6_N002,AS_NP15_EXP,,2009-06-25T07:00:00-00:00,2031-01-01T07:59:59-00:00,2009-06-25T00:00:00,2030-12-31T23:59:59
AS_NP15_EXP,CAMPHORA_6_N001,AS_NP15_EXP,,2009-03-31T07:00:00-00:00,2031-01-01T07:59:59-00:00,2009-03-31T00:00:00,2030-12-31T23:59:59
AS_NP15_EXP,CAMPHORA_6_N003,AS_NP15_EXP,,2009-03-31T07:00:00-00:00,2031-01-01T07:59:59-00:00,2009-03-31T00:00:00,2030-12-31T23:59:59
AS_NP15_EXP,CAMPUS_1_LN001,AS_NP15_EXP,,2009-09-10T07:00:00-00:00,2031-01-01T07:59:59-00:00,2009-09-10T00:00:00,2030-12-31T23:59:59
AS_NP15_EXP,CAMPUS_1_N003,AS_NP15_EXP,,2009-09-10T07:00:00-00:00,2031-01-01T07:59:59-00:00,2009-09-10T00:00:00,2030-12-31T23:59:59
AS_NP15_EXP,CANAL_6_N001,AS_NP15_EXP,,2025-08-13T07:00:00-00:00,2031-01-01T07:59:59-00:00,2025-08-13T00:00:00,2030-12-31T23:59:59
AS_NP15_EXP,CANAL_6_N006,AS_NP15_EXP,,2009-03-31T07:00:00-00:00,2031-01-01T07:59:59-00:00,2009-03-31T00:00:00,2030-12-31T23:59:59
AS_NP15_EXP,CANAL_7_N001,AS_NP15_EXP,,2026-01-09T08:00:00-00:00,2031-01-01T07:59:59-00:00,2026-01-09T00:00:00,2030-12-31T23:59:59
AS_NP15_EXP,CANANDGA_6_N001,AS_NP15_EXP,,2009-03-31T07:00:00-00:00,2031-01-01T07:59:59-00:00,2009-03-31T00:00:00,2030-12-31T23:59:59
AS_NP15_EXP,CANTGEN_7_N001,AS_NP15_EXP,,2019-02-21T08:00:00-00:00,2031-01-01T07:59:59-00:00,2019-02-21T00:00:00,2030-12-31T23:59:59
AS_NP15_EXP,CANTGEN_7_N002,AS_NP15_EXP,,2025-05-13T07:00:00-00:00,2031-01-01T07:59:59-00:00,2025-05-13T00:00:00,2030-12-31T23:59:59
AS_NP15_EXP,CAPAY_6_N001,AS_NP15_EXP,,2024-08-28T07:00:00-00:00,2031-01-01T07:59:59-00:00,2024-08-28T00:00:00,2030-12-31T23:59:59
AS_NP15_EXP,CAPEHORN_6_N001,AS_NP15_EXP,,2009-03-31T07:00:00-00:00,2031-01-01T07:59:59-00:00,2009-03-31T00:00:00,2030-12-31T23:59:59
AS_NP15_EXP,CAPTJACK_5_N003,AS_NP15_EXP,,2025-05-13T07:00:00-00:00,2031-01-01T07:59:59-00:00,2025-05-13T00:00:00,2030-12-31T23:59:59
AS_NP15_EXP,CAPTJACK_5_N014,AS_NP15_EXP,,2022-05-03T07:00:00-00:00,2031-01-01T07:59:59-00:00,2022-05-03T00:00:00,2030-12-31T23:59:59
AS_NP15_EXP,CAPTJACK_5_N015,AS_NP15_EXP,,2025-05-13T07:00:00-00:00,2031-01-01T07:59:59-00:00,2025-05-13T00:00:00,2030-12-31T23:59:59
AS_NP15_EXP,CAPTJACK_5_N016,AS_NP15_EXP,,2022-05-03T07:00:00-00:00,2031-01-01T07:59:59-00:00,2022-05-03T00:00:00,2030-12-31T23:59:59
AS_NP15_EXP,CAPTJACK_5_N501,AS_NP15_EXP,,2022-05-03T07:00:00-00:00,2031-01-01T07:59:59-00:00,2022-05-03T00:00:00,2030-12-31T23:59:59
AS_NP15_EXP,CAPTJACK_5_N502,AS_NP15_EXP,,2025-05-13T07:00:00-00:00,2031-01-01T07:59:59-00:00,2025-05-13T00:00:00,2030-12-31T23:59:59
AS_NP15_EXP,CAPTJACK_5_N504,AS_NP15_EXP,,2025-05-13T07:00:00-00:00,2031-01-01T07:59:59-00:00,2025-05-13T00:00:00,2030-12-31T23:59:59
AS_NP15_EXP,CAPTJACK_5_N505,AS_NP15_EXP,,2025-05-13T07:00:00-00:00,2031-01-01T07:59:59-00:00,2025-05-13T00:00:00,2030-12-31T23:59:59
AS_NP15_EXP,CAPTJACK_5_N506,AS_NP15_EXP,,2025-05-13T07:00:00-00:00,2031-01-01T07:59:59-00:00,2025-05-13T00:00:00,2030-12-31T23:59:59
AS_NP15_EXP,CAPTJACK_5_N507,AS_NP15_EXP,,2025-05-13T07:00:00-00:00,2031-01-01T07:59:59-00:00,2025-05-13T00:00:00,2030-12-31T23:59:59
AS_NP15_EXP,CAPTJACK_5_N508,AS_NP15_EXP,,2025-05-13T07:00:00-00:00,2031-01-01T07:59:59-00:00,2025-05-13T00:00:00,2030-12-31T23:59:59
AS_NP15_EXP,CAPTJACK_5_N509,AS_NP15_EXP,,2025-05-13T07:00:00-00:00,2031-01-01T07:59:59-00:00,2025-05-13T00:00:00,2030-12-31T23:59:59
AS_NP15_EXP,CAPTJACK_5_N510,AS_NP15_EXP,,2025-05-13T07:00:00-00:00,2031-01-01T07:59:59-00:00,2025-05-13T00:00:00,2030-12-31T23:59:59
AS_NP15_EXP,CAPTJACK_5_N511,AS_NP15_EXP,,2025-05-13T07:00:00-00:00,2031-01-01T07:59:59-00:00,2025-05-13T00:00:00,2030-12-31T23:59:59
AS_NP15_EXP,CAPTJACK_5_N512,AS_NP15_EXP,,2025-05-13T07:00:00-00:00,2031-01-01T07:59:59-00:00,2025-05-13T00:00:00,2030-12-31T23:59:59
AS_NP15_EXP,CAPTJACK_5_N513,AS_NP15_EXP,,2025-05-13T07:00:00-00:00,2031-01-01T07:59:59-00:00,2025-05-13T00:00:00,2030-12-31T23:59:59
AS_NP15_EXP,CAPTJACK_5_N519,AS_NP15_EXP,,2015-10-22T07:00:00-00:00,2031-01-01T07:59:59-00:00,2015-10-22T00:00:00,2030-12-31T23:59:59
AS_NP15_EXP,CAPTJACK_5_N520,AS_NP15_EXP,,2015-10-22T07:00:00-00:00,2031-01-01T07:59:59-00:00,2015-10-22T00:00:00,2030-12-31T23:59:59
AS_NP15_EXP,CAPTJACK_5_N521,AS_NP15_EXP,,2015-10-22T07:00:00-00:00,2031-01-01T07:59:59-00:00,2015-10-22T00:00:00,2030-12-31T23:59:59
AS_NP15_EXP,CAPTJACK_5_N522,AS_NP15_EXP,,2015-10-22T07:00:00-00:00,2031-01-01T07:59:59-00:00,2015-10-22T00:00:00,2030-12-31T23:59:59
AS_NP15_EXP,CAPTJACK_5_N523,AS_NP15_EXP,,2015-10-22T07:00:00-00:00,2031-01-01T07:59:59-00:00,2015-10-22T00:00:00,2030-12-31T23:59:59
AS_NP15_EXP,CAPTJACK_5_N524,AS_NP15_EXP,,2015-10-22T07:00:00-00:00,2031-01-01T07:59:59-00:00,2015-10-22T00:00:00,2030-12-31T23:59:59
AS_NP15_EXP,CAPTJACK_5_N525,AS_NP15_EXP,,2016-02-11T08:00:00-00:00,2031-01-01T07:59:59-00:00,2016-02-11T00:00:00,2030-12-31T23:59:59
AS_NP15_EXP,CAPTJACK_5_N526,AS_NP15_EXP,,2016-02-11T08:00:00-00:00,2031-01-01T07:59:59-00:00,2016-02-11T00:00:00,2030-12-31T23:59:59
AS_NP15_EXP,CARABOU_7_B1,AS_NP15_EXP,,2023-05-05T07:00:00-00:00,2031-01-01T07:59:59-00:00,2023-05-05T00:00:00,2030-12-31T23:59:59
AS_NP15_EXP,CARABOU_7_B12,AS_NP15_EXP,,2025-05-13T07:00:00-00:00,2031-01-01T07:59:59-00:00,2025-05-13T00:00:00,2030-12-31T23:59:59
AS_NP15_EXP,CARABOU_7_B3,AS_NP15_EXP,,2023-05-05T07:00:00-00:00,2031-01-01T07:59:59-00:00,2023-05-05T00:00:00,2030-12-31T23:59:59
AS_NP15_EXP,CARBERRY_2_B1,AS_NP15_EXP,,2010-07-01T07:00:00-00:00,2031-01-01T07:59:59-00:00,2010-07-01T00:00:00,2030-12-31T23:59:59
AS_NP15_EXP,CARBONA_6_N003,AS_NP15_EXP,,2009-03-31T07:00:00-00:00,2031-01-01T07:59:59-00:00,2009-03-31T00:00:00,2030-12-31T23:59:59
AS_NP15_EXP,CARBONA_6_N101,AS_NP15_EXP,,2009-03-31T07:00:00-00:00,2031-01-01T07:59:59-00:00,2009-03-31T00:00:00,2030-12-31T23:59:59
AS_NP15_EXP,CARBOU_7_PL2X3-APND,AS_NP15_EXP,,2009-03-31T07:00:00-00:00,2031-01-01T07:59:59-00:00,2009-03-31T00:00:00,2030-12-31T23:59:59
AS_NP15_EXP,CARBOU_7_PL4X5-APND,AS_NP15_EXP,,2009-03-31T07:00:00-00:00,2031-01-01T07:59:59-00:00,2009-03-31T00:00:00,2030-12-31T23:59:59
AS_NP15_EXP,CARGILL_6_N001,AS_NP15_EXP,,2009-03-31T07:00:00-00:00,2031-01-01T07:59:59-00:00,2009-03-31T00:00:00,2030-12-31T23:59:59
AS_NP15_EXP,CARIBOU_1_B1,AS_NP15_EXP,,2017-08-17T07:00:00-00:00,2031-01-01T07:59:59-00:00,2017-08-17T00:00:00,2030-12-31T23:59:59
AS_NP15_EXP,CARIBOU_2_B1,AS_NP15_EXP,,2017-08-17T07:00:00-00:00,2031-01-01T07:59:59-00:00,2017-08-17T00:00:00,2030-12-31T23:59:59
AS_NP15_EXP,CARLOTTA_6_N001,AS_NP15_EXP,,2009-03-31T07:00:00-00:00,2031-01-01T07:59:59-00:00,2009-03-31T00:00:00,2030-12-31T23:59:59
AS_NP15_EXP,CARLOTTA_6_N003,AS_NP15_EXP,,2009-03-31T07:00:00-00:00,2031-01-01T07:59:59-00:00,2009-03-31T00:00:00,2030-12-31T23:59:59
AS_NP15_EXP,CAROLNDS_6_N001,AS_NP15_EXP,,2009-03-31T07:00:00-00:00,2031-01-01T07:59:59-00:00,2009-03-31T00:00:00,2030-12-31T23:59:59
AS_NP15_EXP,CAROLNDS_6_N002,AS_NP15_EXP,,2009-03-31T07:00:00-00:00,2031-01-01T07:59:59-00:00,2009-03-31T00:00:00,2030-12-31T23:59:59
AS_NP15_EXP,CARQUINZ_1_N001,AS_NP15_EXP,,2009-03-31T07:00:00-00:00,2031-01-01T07:59:59-00:00,2009-03-31T00:00:00,2030-12-31T23:59:59
AS_NP15_EXP,CARQUINZ_1_N002,AS_NP15_EXP,,2009-03-31T07:00:00-00:00,2031-01-01T07:59:59-00:00,2009-03-31T00:00:00,2030-12-31T23:59:59
AS_NP15_EXP,CARTWRT_1_N001,AS_NP15_EXP,,2009-03-31T07:00:00-00:00,2031-01-01T07:59:59-00:00,2009-03-31T00:00:00,2030-12-31T23:59:59
AS_NP15_EXP,CARTWRT_1_N010,AS_NP15_EXP,,2009-03-31T07:00:00-00:00,2031-01-01T07:59:59-00:00,2009-03-31T00:00:00,2030-12-31T23:59:59
AS_NP15_EXP,CARUTHRS_6_LN001,AS_NP15_EXP,,2010-11-01T07:00:00-00:00,2031-01-01T07:59:59-00:00,2010-11-01T00:00:00,2030-12-31T23:59:59
AS_NP15_EXP,CARUTHRS_6_N001,AS_NP15_EXP,,2010-11-01T07:00:00-00:00,2031-01-01T07:59:59-00:00,2010-11-01T00:00:00,2030-12-31T23:59:59
AS_NP15_EXP,CASCES_7_N008,AS_NP15_EXP,,2025-05-13T07:00:00-00:00,2031-01-01T07:59:59-00:00,2025-05-13T00:00:00,2030-12-31T23:59:59
AS_NP15_EXP,CASCES_7_N009,AS_NP15_EXP,,2025-05-13T07:00:00-00:00,2031-01-01T07:59:59-00:00,2025-05-13T00:00:00,2030-12-31T23:59:59
AS_NP15_EXP,CASSIDY_6_N004,AS_NP15_EXP,,2011-03-31T07:00:00-00:00,2031-01-01T07:59:59-00:00,2011-03-31T00:00:00,2030-12-31T23:59:59
AS_NP15_EXP,CASTROVL_2_N001,AS_NP15_EXP,,2009-03-31T07:00:00-00:00,2031-01-01T07:59:59-00:00,2009-03-31T00:00:00,2030-12-31T23:59:59
AS_NP15_EXP,CASTROVL_2_N003,AS_NP15_EXP,,2009-03-31T07:00:00-00:00,2031-01-01T07:59:59-00:00,2009-03-31T00:00:00,2030-12-31T23:59:59
AS_NP15_EXP,CASTROVL_2_N006,AS_NP15_EXP,,2009-03-31T07:00:00-00:00,2031-01-01T07:59:59-00:00,2009-03-31T00:00:00,2030-12-31T23:59:59
AS_NP15_EXP,CATALYST_7_N001,AS_NP15_EXP,,2009-03-31T07:00:00-00:00,2031-01-01T07:59:59-00:00,2009-03-31T00:00:00,2030-12-31T23:59:59
AS_NP15_EXP,CATALYST_7_N002,AS_NP15_EXP,,2009-03-31T07:00:00-00:00,2031-01-01T07:59:59-00:00,2009-03-31T00:00:00,2030-12-31T23:59:59
AS_NP15_EXP,CATLETT_6_N001,AS_NP15_EXP,,2017-02-16T08:00:00-00:00,2031-01-01T07:59:59-00:00,2017-02-16T00:00:00,2030-12-31T23:59:59
AS_NP15_EXP,CATLETT_6_N005,AS_NP15_EXP,,2015-10-22T07:00:00-00:00,2031-01-01T07:59:59-00:00,2015-10-22T00:00:00,2030-12-31T23:59:59
AS_NP15_EXP,CAYETANO_2_N001,AS_NP15_EXP,,2012-10-11T07:00:00-00:00,2031-01-01T07:59:59-00:00,2012-10-11T00:00:00,2030-12-31T23:59:59
AS_NP15_EXP,CAYETNO_2_N002,AS_NP15_EXP,,2025-05-13T07:00:00-00:00,2031-01-01T07:59:59-00:00,2025-05-13T00:00:00,2030-12-31T23:59:59
AS_NP15_EXP,CAYETNO_2_N003,AS_NP15_EXP,,2017-08-17T07:00:00-00:00,2031-01-01T07:59:59-00:00,2017-08-17T00:00:00,2030-12-31T23:59:59
AS_NP15_EXP,CCJCT1_1_B1,AS_NP15_EXP,,2017-08-17T07:00:00-00:00,2031-01-01T07:59:59-00:00,2017-08-17T00:00:00,2030-12-31T23:59:59
AS_NP15_EXP,CCOSTA_2_B1,AS_NP15_EXP,,2017-08-17T07:00:00-00:00,2031-01-01T07:59:59-00:00,2017-08-17T00:00:00,2030-12-31T23:59:59
AS_NP15_EXP,CCOSTA_2_N001,AS_NP15_EXP,,2009-03-31T07:00:00-00:00,2031-01-01T07:59:59-00:00,2009-03-31T00:00:00,2030-12-31T23:59:59
AS_NP15_EXP,CCSUB_1_N001,AS_NP15_EXP,,2014-02-13T08:00:00-00:00,2031-01-01T07:59:59-00:00,2014-02-13T00:00:00,2030-12-31T23:59:59
AS_NP15_EXP,CCSUB_2_N001,AS_NP15_EXP,,2012-10-11T07:00:00-00:00,2031-01-01T07:59:59-00:00,2012-10-11T00:00:00,2030-12-31T23:59:59
AS_NP15_EXP,CCSUB_2_N010,AS_NP15_EXP,,2012-10-11T07:00:00-00:00,2031-01-01T07:59:59-00:00,2012-10-11T00:00:00,2030-12-31T23:59:59
AS_NP15_EXP,CCSUB_2_N025,AS_NP15_EXP,,2012-10-11T07:00:00-00:00,2031-01-01T07:59:59-00:00,2012-10-11T00:00:00,2030-12-31T23:59:59
AS_NP15_EXP,CCSUB_6_N024,AS_NP15_EXP,,2025-05-13T07:00:00-00:00,2031-01-01T07:59:59-00:00,2025-05-13T00:00:00,2030-12-31T23:59:59
AS_NP15_EXP,CEDRCRK_6_N001,AS_NP15_EXP,,2025-05-13T07:00:00-00:00,2031-01-01T07:59:59-00:00,2025-05-13T00:00:00,2030-12-31T23:59:59
AS_NP15_EXP,CEDRCRK_6_N101,AS_NP15_EXP,,2009-03-31T07:00:00-00:00,2031-01-01T07:59:59-00:00,2009-03-31T00:00:00,2030-12-31T23:59:59
AS_NP15_EXP,CENT403_7_N006,AS_NP15_EXP,,2025-05-13T07:00:00-00:00,2031-01-01T07:59:59-00:00,2025-05-13T00:00:00,2030-12-31T23:59:59
AS_NP15_EXP,CENTRAL_6_N001,AS_NP15_EXP,,2017-02-16T08:00:00-00:00,2031-01-01T07:59:59-00:00,2017-02-16T00:00:00,2030-12-31T23:59:59
AS_NP15_EXP,CENTRAL_6_N002,AS_NP15_EXP,,2017-02-16T08:00:00-00:00,2031-01-01T07:59:59-00:00,2017-02-16T00:00:00,2030-12-31T23:59:59
AS_NP15_EXP,CERTTEED_1_N001,AS_NP15_EXP,,2009-03-31T07:00:00-00:00,2031-01-01T07:59:59-00:00,2009-03-31T00:00:00,2030-12-31T23:59:59
AS_NP15_EXP,CERTTEED_1_N002,AS_NP15_EXP,,2009-03-31T07:00:00-00:00,2031-01-01T07:59:59-00:00,2009-03-31T00:00:00,2030-12-31T23:59:59
AS_NP15_EXP,CH.STN._7_N001,AS_NP15_EXP,,2025-05-13T07:00:00-00:00,2031-01-01T07:59:59-00:00,2025-05-13T00:00:00,2030-12-31T23:59:59
AS_NP15_EXP,CHALLNGE_6_N001,AS_NP15_EXP,,2009-03-31T07:00:00-00:00,2031-01-01T07:59:59-00:00,2009-03-31T00:00:00,2030-12-31T23:59:59
AS_NP15_EXP,CHANNEL_6_N001,AS_NP15_EXP,,2009-03-31T07:00:00-00:00,2031-01-01T07:59:59-00:00,2009-03-31T00:00:00,2030-12-31T23:59:59
AS_NP15_EXP,CHCF_1_N002,AS_NP15_EXP,,2025-10-15T07:00:00-00:00,2031-01-01T07:59:59-00:00,2025-10-15T00:00:00,2030-12-31T23:59:59
AS_NP15_EXP,CHCGOPK_1_B1,AS_NP15_EXP,,2017-08-17T07:00:00-00:00,2031-01-01T07:59:59-00:00,2017-08-17T00:00:00,2030-12-31T23:59:59
AS_NP15_EXP,CHEROKEE_6_N001,AS_NP15_EXP,,2009-03-31T07:00:00-00:00,2031-01-01T07:59:59-00:00,2009-03-31T00:00:00,2030-12-31T23:59:59
AS_NP15_EXP,CHESTER_6_N001,AS_NP15_EXP,,2009-03-31T07:00:00-00:00,2031-01-01T07:59:59-00:00,2009-03-31T00:00:00,2030-12-31T23:59:59
AS_NP15_EXP,CHEVGEN1_7_B1,AS_NP15_EXP,,2009-03-31T07:00:00-00:00,2031-01-01T07:59:59-00:00,2009-03-31T00:00:00,2030-12-31T23:59:59
AS_NP15_EXP,CHEVGEN2_7_B1,AS_NP15_EXP,,2009-03-31T07:00:00-00:00,2031-01-01T07:59:59-00:00,2009-03-31T00:00:00,2030-12-31T23:59:59
AS_NP15_EXP,CHEVPIPE_6_N001,AS_NP15_EXP,,2009-03-31T07:00:00-00:00,2031-01-01T07:59:59-00:00,2009-03-31T00:00:00,2030-12-31T23:59:59
AS_NP15_EXP,CHEVPLIN_6_N001,AS_NP15_EXP,,2017-08-17T07:00:00-00:00,2031-01-01T07:59:59-00:00,2017-08-17T00:00:00,2030-12-31T23:59:59
AS_NP15_EXP,CHICOA_6_N001,AS_NP15_EXP,,2009-03-31T07:00:00-00:00,2031-01-01T07:59:59-00:00,2009-03-31T00:00:00,2030-12-31T23:59:59
AS_NP15_EXP,CHICOA_6_N010,AS_NP15_EXP,,2009-03-31T07:00:00-00:00,2031-01-01T07:59:59-00:00,2009-03-31T00:00:00,2030-12-31T23:59:59
AS_NP15_EXP,CHICOB_1_N001,AS_NP15_EXP,,2009-03-31T07:00:00-00:00,2031-01-01T07:59:59-00:00,2009-03-31T00:00:00,2030-12-31T23:59:59
AS_NP15_EXP,CHICOB_1_N002,AS_NP15_EXP,,2009-03-31T07:00:00-00:00,2031-01-01T07:59:59-00:00,2009-03-31T00:00:00,2030-12-31T23:59:59
AS_NP15_EXP,CHIPARK_7_B1,AS_NP15_EXP,,2009-03-31T07:00:00-00:00,2031-01-01T07:59:59-00:00,2009-03-31T00:00:00,2030-12-31T23:59:59
AS_NP15_EXP,CHLDHOSP_1_N001,AS_NP15_EXP,,2009-03-31T07:00:00-00:00,2031-01-01T07:59:59-00:00,2009-03-31T00:00:00,2030-12-31T23:59:59
AS_NP15_EXP,CHOWCOGN_7_N001,AS_NP15_EXP,,2009-03-31T07:00:00-00:00,2031-01-01T07:59:59-00:00,2009-03-31T00:00:00,2030-12-31T23:59:59
AS_NP15_EXP,CHRISTIE_6_B1,AS_NP15_EXP,,2017-08-17T07:00:00-00:00,2031-01-01T07:59:59-00:00,2017-08-17T00:00:00,2030-12-31T23:59:59
AS_NP15_EXP,CHSTN_1_N001,AS_NP15_EXP,,2021-07-21T07:00:00-00:00,2031-01-01T07:59:59-00:00,2021-07-21T00:00:00,2030-12-31T23:59:59
AS_NP15_EXP,CHSTN_7_B1,AS_NP15_EXP,,2025-06-12T07:00:00-00:00,2031-01-01T07:59:59-00:00,2025-06-12T00:00:00,2030-12-31T23:59:59
AS_NP15_EXP,CHWCGN_1_B1,AS_NP15_EXP,,2017-08-17T07:00:00-00:00,2031-01-01T07:59:59-00:00,2017-08-17T00:00:00,2030-12-31T23:59:59
AS_NP15_EXP,CHWCHLA2_7_N001,AS_NP15_EXP,,2009-03-31T07:00:00-00:00,2031-01-01T07:59:59-00:00,2009-03-31T00:00:00,2030-12-31T23:59:59
AS_NP15_EXP,CHWCHLLA_1_N001,AS_NP15_EXP,,2009-03-31T07:00:00-00:00,2031-01-01T07:59:59-00:00,2009-03-31T00:00:00,2030-12-31T23:59:59
AS_NP15_EXP,CHWCHLLA_1_N002,AS_NP15_EXP,,2024-01-24T08:00:00-00:00,2031-01-01T07:59:59-00:00,2024-01-24T00:00:00,2030-12-31T23:59:59
AS_NP15_EXP,CHWCHL_7_N001,AS_NP15_EXP,,2025-05-13T07:00:00-00:00,2031-01-01T07:59:59-00:00,2025-05-13T00:00:00,2030-12-31T23:59:59
AS_NP15_EXP,CHWCHL_7_N002,AS_NP15_EXP,,2025-05-13T07:00:00-00:00,2031-01-01T07:59:59-00:00,2025-05-13T00:00:00,2030-12-31T23:59:59
AS_NP15_EXP,CISCOTAP_6_N001,AS_NP15_EXP,,2009-03-31T07:00:00-00:00,2031-01-01T07:59:59-00:00,2009-03-31T00:00:00,2030-12-31T23:59:59
AS_NP15_EXP,CITYUKH_1_B1,AS_NP15_EXP,,2009-03-31T07:00:00-00:00,2031-01-01T07:59:59-00:00,2009-03-31T00:00:00,2030-12-31T23:59:59
AS_NP15_EXP,CITYUKH_1_N001,AS_NP15_EXP,,2025-05-13T07:00:00-00:00,2031-01-01T07:59:59-00:00,2025-05-13T00:00:00,2030-12-31T23:59:59
AS_NP15_EXP,CLAMMNA_1_N001,AS_NP15_EXP,,2009-03-31T07:00:00-00:00,2031-01-01T07:59:59-00:00,2009-03-31T00:00:00,2030-12-31T23:59:59
AS_NP15_EXP,CLARKRD_7_N001,AS_NP15_EXP,,2009-03-31T07:00:00-00:00,2031-01-01T07:59:59-00:00,2009-03-31T00:00:00,2030-12-31T23:59:59
AS_NP15_EXP,CLARKRD_7_N002,AS_NP15_EXP,,2009-03-31T07:00:00-00:00,2031-01-01T07:59:59-00:00,2009-03-31T00:00:00,2030-12-31T23:59:59
AS_NP15_EXP,CLARKRD_7_N003,AS_NP15_EXP,,2009-03-31T07:00:00-00:00,2031-01-01T07:59:59-00:00,2009-03-31T00:00:00,2030-12-31T23:59:59
AS_NP15_EXP,CLARMNT_1_N001,AS_NP15_EXP,,2025-08-13T07:00:00-00:00,2031-01-01T07:59:59-00:00,2025-08-13T00:00:00,2030-12-31T23:59:59
AS_NP15_EXP,CLARMNT_1_N028,AS_NP15_EXP,,2025-05-13T07:00:00-00:00,2031-01-01T07:59:59-00:00,2025-05-13T00:00:00,2030-12-31T23:59:59
AS_NP15_EXP,CLAYTN_1_N001,AS_NP15_EXP,,2009-03-31T07:00:00-00:00,2031-01-01T07:59:59-00:00,2009-03-31T00:00:00,2030-12-31T23:59:59
AS_NP15_EXP,CLAYTN_1_N004,AS_NP15_EXP,,2009-03-31T07:00:00-00:00,2031-01-01T07:59:59-00:00,2009-03-31T00:00:00,2030-12-31T23:59:59
AS_NP15_EXP,CLAYTN_1_N029,AS_NP15_EXP,,2009-03-31T07:00:00-00:00,2031-01-01T07:59:59-00:00,2009-03-31T00:00:00,2030-12-31T23:59:59
AS_NP15_EXP,CLAYTN_1_N030,AS_NP15_EXP,,2009-03-31T07:00:00-00:00,2031-01-01T07:59:59-00:00,2009-03-31T00:00:00,2030-12-31T23:59:59
AS_NP15_EXP,CLAY_6_N001,AS_NP15_EXP,,2009-03-31T07:00:00-00:00,2031-01-01T07:59:59-00:00,2009-03-31T00:00:00,2030-12-31T23:59:59
AS_NP15_EXP,CLAY_6_N005,AS_NP15_EXP,,2014-02-13T08:00:00-00:00,2031-01-01T07:59:59-00:00,2014-02-13T00:00:00,2030-12-31T23:59:59
AS_NP15_EXP,CLERLKE_6_N001,AS_NP15_EXP,,2009-03-31T07:00:00-00:00,2031-01-01T07:59:59-00:00,2009-03-31T00:00:00,2030-12-31T23:59:59
AS_NP15_EXP,CLERLKE_6_N012,AS_NP15_EXP,,2009-03-31T07:00:00-00:00,2031-01-01T07:59:59-00:00,2009-03-31T00:00:00,2030-12-31T23:59:59
AS_NP15_EXP,CLLCTR2A_7_N001,AS_NP15_EXP,,2015-10-22T07:00:00-00:00,2031-01-01T07:59:59-00:00,2015-10-22T00:00:00,2030-12-31T23:59:59
AS_NP15_EXP,CLLCTR2B_7_N001,AS_NP15_EXP,,2015-10-22T07:00:00-00:00,2031-01-01T07:59:59-00:00,2015-10-22T00:00:00,2030-12-31T23:59:59
AS_NP15_EXP,CLMBAHL_6_N001,AS_NP15_EXP,,2009-03-31T07:00:00-00:00,2031-01-01T07:59:59-00:00,2009-03-31T00:00:00,2030-12-31T23:59:59
AS_NP15_EXP,CLMBAST_1_LN001,AS_NP15_EXP,,2010-11-01T07:00:00-00:00,2031-01-01T07:59:59-00:00,2010-11-01T00:00:00,2030-12-31T23:59:59
AS_NP15_EXP,CLOVER_6_N001,AS_NP15_EXP,,2025-05-13T07:00:00-00:00,2031-01-01T07:59:59-00:00,2025-05-13T00:00:00,2030-12-31T23:59:59
AS_NP15_EXP,CLOVIS_1_N001,AS_NP15_EXP,,2009-03-31T07:00:00-00:00,2031-01-01T07:59:59-00:00,2009-03-31T00:00:00,2030-12-31T23:59:59
AS_NP15_EXP,CLOVIS_1_N004,AS_NP15_EXP,,2009-03-31T07:00:00-00:00,2031-01-01T07:59:59-00:00,2009-03-31T00:00:00,2030-12-31T23:59:59
AS_NP15_EXP,CLOVIS_1_N101,AS_NP15_EXP,,2009-03-31T07:00:00-00:00,2031-01-01T07:59:59-00:00,2009-03-31T00:00:00,2030-12-31T23:59:59
AS_NP15_EXP,CLOVRDLE_1_N001,AS_NP15_EXP,,2014-04-17T07:00:00-00:00,2031-01-01T07:59:59-00:00,2014-04-17T00:00:00,2030-12-31T23:59:59
AS_NP15_EXP,CLOVRDLE_7_N001,AS_NP15_EXP,,2025-05-13T07:00:00-00:00,2031-01-01T07:59:59-00:00,2025-05-13T00:00:00,2030-12-31T23:59:59
AS_NP15_EXP,CLRKSVLE_1_N001,AS_NP15_EXP,,2009-03-31T07:00:00-00:00,2031-01-01T07:59:59-00:00,2009-03-31T00:00:00,2030-12-31T23:59:59
AS_NP15_EXP,CLRKSVLE_1_N003,AS_NP15_EXP,,2009-03-31T07:00:00-00:00,2031-01-01T07:59:59-00:00,2009-03-31T00:00:00,2030-12-31T23:59:59
AS_NP15_EXP,CLRKSVLE_1_N004,AS_NP15_EXP,,2009-03-31T07:00:00-00:00,2031-01-01T07:59:59-00:00,2009-03-31T00:00:00,2030-12-31T23:59:59
AS_NP15_EXP,CLSAJCT_6_N001,AS_NP15_EXP,,2009-03-31T07:00:00-00:00,2031-01-01T07:59:59-00:00,2009-03-31T00:00:00,2030-12-31T23:59:59
AS_NP15_EXP,CLWTER_2_N003,AS_NP15_EXP,,2023-03-15T07:00:00-00:00,2031-01-01T07:59:59-00:00,2023-03-15T00:00:00,2030-12-31T23:59:59
AS_NP15_EXP,CMPEVRS_1_N001,AS_NP15_EXP,,2009-03-31T07:00:00-00:00,2031-01-01T07:59:59-00:00,2009-03-31T00:00:00,2030-12-31T23:59:59
AS_NP15_EXP,CMPEVRS_1_N002,AS_NP15_EXP,,2009-03-31T07:00:00-00:00,2031-01-01T07:59:59-00:00,2009-03-31T00:00:00,2030-12-31T23:59:59
AS_NP15_EXP,CMPFARW_7_B1,AS_NP15_EXP,,2025-08-13T07:00:00-00:00,2031-01-01T07:59:59-00:00,2025-08-13T00:00:00,2030-12-31T23:59:59
AS_NP15_EXP,CNTRVL12_7_N001,AS_NP15_EXP,,2009-03-31T07:00:00-00:00,2031-01-01T07:59:59-00:00,2009-03-31T00:00:00,2030-12-31T23:59:59
AS_NP15_EXP,CNTRVL12_7_N002,AS_NP15_EXP,,2023-05-05T07:00:00-00:00,2031-01-01T07:59:59-00:00,2023-05-05T00:00:00,2030-12-31T23:59:59
AS_NP15_EXP,CNTRYCB_6_N001,AS_NP15_EXP,,2009-03-31T07:00:00-00:00,2031-01-01T07:59:59-00:00,2009-03-31T00:00:00,2030-12-31T23:59:59
AS_NP15_EXP,CNTRYCB_6_N002,AS_NP15_EXP,,2009-03-31T07:00:00-00:00,2031-01-01T07:59:59-00:00,2009-03-31T00:00:00,2030-12-31T23:59:59
AS_NP15_EXP,CNTRYCB_6_N004,AS_NP15_EXP,,2009-03-31T07:00:00-00:00,2031-01-01T07:59:59-00:00,2009-03-31T00:00:00,2030-12-31T23:59:59
AS_NP15_EXP,CNTRYCB_6_N006,AS_NP15_EXP,,2009-03-31T07:00:00-00:00,2031-01-01T07:59:59-00:00,2009-03-31T00:00:00,2030-12-31T23:59:59
AS_NP15_EXP,COBURN_2_B1,AS_NP15_EXP,,2017-08-17T07:00:00-00:00,2031-01-01T07:59:59-00:00,2017-08-17T00:00:00,2030-12-31T23:59:59
AS_NP15_EXP,COGNTNL_7_B1,AS_NP15_EXP,,2025-05-13T07:00:00-00:00,2031-01-01T07:59:59-00:00,2025-05-13T00:00:00,2030-12-31T23:59:59
AS_NP15_EXP,COLEMAN_6_B1,AS_NP15_EXP,,2017-08-17T07:00:00-00:00,2031-01-01T07:59:59-00:00,2017-08-17T00:00:00,2030-12-31T23:59:59
AS_NP15_EXP,COLEMAN_7_B1,AS_NP15_EXP,,2023-05-05T07:00:00-00:00,2031-01-01T07:59:59-00:00,2023-05-05T00:00:00,2030-12-31T23:59:59
AS_NP15_EXP,COLGATE1_7_B1,AS_NP15_EXP,,2009-03-31T07:00:00-00:00,2031-01-01T07:59:59-00:00,2009-03-31T00:00:00,2030-12-31T23:59:59
AS_NP15_EXP,COLGATE2_7_B1,AS_NP15_EXP,,2009-03-31T07:00:00-00:00,2031-01-01T07:59:59-00:00,2009-03-31T00:00:00,2030-12-31T23:59:59
AS_NP15_EXP,COLGATE_2_B1,AS_NP15_EXP,,2017-08-17T07:00:00-00:00,2031-01-01T07:59:59-00:00,2017-08-17T00:00:00,2030-12-31T23:59:59
AS_NP15_EXP,COLHAT_6_N001,AS_NP15_EXP,,2009-03-31T07:00:00-00:00,2031-01-01T07:59:59-00:00,2009-03-31T00:00:00,2030-12-31T23:59:59
AS_NP15_EXP,COLLINS_7_N001,AS_NP15_EXP,,2009-03-31T07:00:00-00:00,2031-01-01T07:59:59-00:00,2009-03-31T00:00:00,2030-12-31T23:59:59
AS_NP15_EXP,COLLINS_7_N002,AS_NP15_EXP,,2025-05-13T07:00:00-00:00,2031-01-01T07:59:59-00:00,2025-05-13T00:00:00,2030-12-31T23:59:59
AS_NP15_EXP,COLLRVL1_7_B1,AS_NP15_EXP,,2009-03-31T07:00:00-00:00,2031-01-01T07:59:59-00:00,2009-03-31T00:00:00,2030-12-31T23:59:59
AS_NP15_EXP,COLLRVL2_7_B1,AS_NP15_EXP,,2009-03-31T07:00:00-00:00,2031-01-01T07:59:59-00:00,2009-03-31T00:00:00,2030-12-31T23:59:59
AS_NP15_EXP,COLNGA2_6_N001,AS_NP15_EXP,,2024-01-24T08:00:00-00:00,2031-01-01T07:59:59-00:00,2024-01-24T00:00:00,2030-12-31T23:59:59
AS_NP15_EXP,COLONY_6_N001,AS_NP15_EXP,,2009-03-31T07:00:00-00:00,2031-01-01T07:59:59-00:00,2009-03-31T00:00:00,2030-12-31T23:59:59
AS_NP15_EXP,COLUSAG1_2_LN001,AS_NP15_EXP,,2010-04-22T07:00:00-00:00,2031-01-01T07:59:59-00:00,2010-04-22T00:00:00,2030-12-31T23:59:59
AS_NP15_EXP,COLUSAG2_2_LN001,AS_NP15_EXP,,2010-04-22T07:00:00-00:00,2031-01-01T07:59:59-00:00,2010-04-22T00:00:00,2030-12-31T23:59:59
AS_NP15_EXP,COLUSA_2_PL1X3-APND,AS_NP15_EXP,,2010-08-18T07:00:00-00:00,2031-01-01T07:59:59-00:00,2010-08-18T00:00:00,2030-12-31T23:59:59
AS_NP15_EXP,COLUSA_6_N001,AS_NP15_EXP,,2024-07-10T07:00:00-00:00,2031-01-01T07:59:59-00:00,2024-07-10T00:00:00,2030-12-31T23:59:59
AS_NP15_EXP,COLUSA_6_N004,AS_NP15_EXP,,2024-07-10T07:00:00-00:00,2031-01-01T07:59:59-00:00,2024-07-10T00:00:00,2030-12-31T23:59:59
AS_NP15_EXP,COLUSCT1_7_GN001,AS_NP15_EXP,,2010-04-22T07:00:00-00:00,2031-01-01T07:59:59-00:00,2010-04-22T00:00:00,2030-12-31T23:59:59
AS_NP15_EXP,COLUSCT2_7_GN001,AS_NP15_EXP,,2010-04-22T07:00:00-00:00,2031-01-01T07:59:59-00:00,2010-04-22T00:00:00,2030-12-31T23:59:59
AS_NP15_EXP,COLUSST_7_GN001,AS_NP15_EXP,,2010-04-22T07:00:00-00:00,2031-01-01T07:59:59-00:00,2010-04-22T00:00:00,2030-12-31T23:59:59
AS_NP15_EXP,COLVIL_7_PL1X2-APND,AS_NP15_EXP,,2009-03-31T07:00:00-00:00,2031-01-01T07:59:59-00:00,2009-03-31T00:00:00,2030-12-31T23:59:59
AS_NP15_EXP,CON25_1_N001,AS_NP15_EXP,,2009-03-31T07:00:00-00:00,2031-01-01T07:59:59-00:00,2009-03-31T00:00:00,2030-12-31T23:59:59
AS_NP15_EXP,CON25_1_N002,AS_NP15_EXP,,2009-03-31T07:00:00-00:00,2031-01-01T07:59:59-00:00,2009-03-31T00:00:00,2030-12-31T23:59:59
AS_NP15_EXP,CONTADNA_1_N001,AS_NP15_EXP,,2009-03-31T07:00:00-00:00,2031-01-01T07:59:59-00:00,2009-03-31T00:00:00,2030-12-31T23:59:59
AS_NP15_EXP,COPPRMNE_6_N001,AS_NP15_EXP,,2013-11-21T08:00:00-00:00,2031-01-01T07:59:59-00:00,2013-11-21T00:00:00,2030-12-31T23:59:59
AS_NP15_EXP,CORCCITY_7_N002,AS_NP15_EXP,,2025-05-13T07:00:00-00:00,2031-01-01T07:59:59-00:00,2025-05-13T00:00:00,2030-12-31T23:59:59
AS_NP15_EXP,CORCORAN_1_N001,AS_NP15_EXP,,2014-08-28T07:00:00-00:00,2031-01-01T07:59:59-00:00,2014-08-28T00:00:00,2030-12-31T23:59:59
AS_NP15_EXP,CORCORAN_1_N005,AS_NP15_EXP,,2014-11-13T08:00:00-00:00,2031-01-01T07:59:59-00:00,2014-11-13T00:00:00,2030-12-31T23:59:59
AS_NP15_EXP,CORCORAN_7_N001,AS_NP15_EXP,,2025-05-13T07:00:00-00:00,2031-01-01T07:59:59-00:00,2025-05-13T00:00:00,2030-12-31T23:59:59
AS_NP15_EXP,CORCRAN2_7_N001,AS_NP15_EXP,,2015-01-15T08:00:00-00:00,2031-01-01T07:59:59-00:00,2015-01-15T00:00:00,2030-12-31T23:59:59
AS_NP15_EXP,CORDELIA_1_N186,AS_NP15_EXP,,2016-11-17T08:00:00-00:00,2031-01-01T07:59:59-00:00,2016-11-17T00:00:00,2030-12-31T23:59:59
AS_NP15_EXP,CORDELIA_6_N001,AS_NP15_EXP,,2009-03-31T07:00:00-00:00,2031-01-01T07:59:59-00:00,2009-03-31T00:00:00,2030-12-31T23:59:59
AS_NP15_EXP,CORDPMP_6_N003,AS_NP15_EXP,,2009-03-31T07:00:00-00:00,2031-01-01T07:59:59-00:00,2009-03-31T00:00:00,2030-12-31T23:59:59
AS_NP15_EXP,CORNING_6_N004,AS_NP15_EXP,,2009-03-31T07:00:00-00:00,2031-01-01T07:59:59-00:00,2009-03-31T00:00:00,2030-12-31T23:59:59
AS_NP15_EXP,CORNING_6_N006,AS_NP15_EXP,,2009-03-31T07:00:00-00:00,2031-01-01T07:59:59-00:00,2009-03-31T00:00:00,2030-12-31T23:59:59
AS_NP15_EXP,CORONA_1_N001,AS_NP15_EXP,,2009-03-31T07:00:00-00:00,2031-01-01T07:59:59-00:00,2009-03-31T00:00:00,2030-12-31T23:59:59
AS_NP15_EXP,CORRAL1_6_N002,AS_NP15_EXP,,2025-05-13T07:00:00-00:00,2031-01-01T07:59:59-00:00,2025-05-13T00:00:00,2030-12-31T23:59:59
AS_NP15_EXP,CORRAL_6_N001,AS_NP15_EXP,,2009-03-31T07:00:00-00:00,2031-01-01T07:59:59-00:00,2009-03-31T00:00:00,2030-12-31T23:59:59
AS_NP15_EXP,CORRAL_6_N003,AS_NP15_EXP,,2012-10-11T07:00:00-00:00,2031-01-01T07:59:59-00:00,2012-10-11T00:00:00,2030-12-31T23:59:59
AS_NP15_EXP,CORSGOLD_1_N001,AS_NP15_EXP,,2009-03-31T07:00:00-00:00,2031-01-01T07:59:59-00:00,2009-03-31T00:00:00,2030-12-31T23:59:59
AS_NP15_EXP,CORSGOLD_1_N003,AS_NP15_EXP,,2009-03-31T07:00:00-00:00,2031-01-01T07:59:59-00:00,2009-03-31T00:00:00,2030-12-31T23:59:59
AS_NP15_EXP,CORTINA_1_N106,AS_NP15_EXP,,2009-03-31T07:00:00-00:00,2031-01-01T07:59:59-00:00,2009-03-31T00:00:00,2030-12-31T23:59:59
AS_NP15_EXP,COTATI_6_B1,AS_NP15_EXP,,2017-08-17T07:00:00-00:00,2031-01-01T07:59:59-00:00,2017-08-17T00:00:00,2030-12-31T23:59:59
AS_NP15_EXP,COTATI_6_N101,AS_NP15_EXP,,2009-03-31T07:00:00-00:00,2031-01-01T07:59:59-00:00,2009-03-31T00:00:00,2030-12-31T23:59:59
AS_NP15_EXP,COTATI_6_N102,AS_NP15_EXP,,2009-03-31T07:00:00-00:00,2031-01-01T07:59:59-00:00,2009-03-31T00:00:00,2030-12-31T23:59:59
AS_NP15_EXP,COTTLEA_2_N001,AS_NP15_EXP,,2009-03-31T07:00:00-00:00,2031-01-01T07:59:59-00:00,2009-03-31T00:00:00,2030-12-31T23:59:59
AS_NP15_EXP,COTTLEA_2_N016,AS_NP15_EXP,,2017-11-16T08:00:00-00:00,2031-01-01T07:59:59-00:00,2017-11-16T00:00:00,2030-12-31T23:59:59
AS_NP15_EXP,COTTLE_7_N001,AS_NP15_EXP,,2009-03-31T07:00:00-00:00,2031-01-01T07:59:59-00:00,2009-03-31T00:00:00,2030-12-31T23:59:59
AS_NP15_EXP,COTTLE_7_N002,AS_NP15_EXP,,2025-05-13T07:00:00-00:00,2031-01-01T07:59:59-00:00,2025-05-13T00:00:00,2030-12-31T23:59:59
AS_NP15_EXP,COTWDPGE_1_N001,AS_NP15_EXP,,2009-03-31T07:00:00-00:00,2031-01-01T07:59:59-00:00,2009-03-31T00:00:00,2030-12-31T23:59:59
AS_NP15_EXP,COTWDPGE_1_N024,AS_NP15_EXP,,2025-05-13T07:00:00-00:00,2031-01-01T07:59:59-00:00,2025-05-13T00:00:00,2030-12-31T23:59:59
AS_NP15_EXP,COTWDPGE_1_N030,AS_NP15_EXP,,2011-12-21T08:00:00-00:00,2031-01-01T07:59:59-00:00,2011-12-21T00:00:00,2030-12-31T23:59:59
AS_NP15_EXP,COTWDWAP_2_B1,AS_NP15_EXP,,2020-09-18T07:00:00-00:00,2031-01-01T07:59:59-00:00,2020-09-18T00:00:00,2030-12-31T23:59:59
AS_NP15_EXP,COTWDWAP_2_B3,AS_NP15_EXP,,2020-09-18T07:00:00-00:00,2031-01-01T07:59:59-00:00,2020-09-18T00:00:00,2030-12-31T23:59:59
AS_NP15_EXP,COTWDWAP_2_N029,AS_NP15_EXP,,2025-05-13T07:00:00-00:00,2031-01-01T07:59:59-00:00,2025-05-13T00:00:00,2030-12-31T23:59:59
AS_NP15_EXP,COVELO6_6_N001,AS_NP15_EXP,,2009-03-31T07:00:00-00:00,2031-01-01T07:59:59-00:00,2009-03-31T00:00:00,2030-12-31T23:59:59
AS_NP15_EXP,COVERD_7_B1,AS_NP15_EXP,,2025-05-13T07:00:00-00:00,2031-01-01T07:59:59-00:00,2025-05-13T00:00:00,2030-12-31T23:59:59
AS_NP15_EXP,COVERD_7_N002,AS_NP15_EXP,,2016-11-17T08:00:00-00:00,2031-01-01T07:59:59-00:00,2016-11-17T00:00:00,2030-12-31T23:59:59
AS_NP15_EXP,COVERD_7_N004,AS_NP15_EXP,,2025-05-13T07:00:00-00:00,2031-01-01T07:59:59-00:00,2025-05-13T00:00:00,2030-12-31T23:59:59
AS_NP15_EXP,COVERD_7_N005,AS_NP15_EXP,,2016-11-17T08:00:00-00:00,2031-01-01T07:59:59-00:00,2016-11-17T00:00:00,2030-12-31T23:59:59
AS_NP15_EXP,COWCREEK_6_N001,AS_NP15_EXP,,2025-05-13T07:00:00-00:00,2031-01-01T07:59:59-00:00,2025-05-13T00:00:00,2030-12-31T23:59:59
AS_NP15_EXP,CPCSTCN_7_B1,AS_NP15_EXP,,2009-03-31T07:00:00-00:00,2031-01-01T07:59:59-00:00,2009-03-31T00:00:00,2030-12-31T23:59:59
AS_NP15_EXP,CPLECEF_1_B1,AS_NP15_EXP,,2017-08-17T07:00:00-00:00,2031-01-01T07:59:59-00:00,2017-08-17T00:00:00,2030-12-31T23:59:59
AS_NP15_EXP,CPLECEF_1_N001,AS_NP15_EXP,,2016-05-19T07:00:00-00:00,2031-01-01T07:59:59-00:00,2016-05-19T00:00:00,2030-12-31T23:59:59
AS_NP15_EXP,CPLECEF_1_N005,AS_NP15_EXP,,2016-05-19T07:00:00-00:00,2031-01-01T07:59:59-00:00,2016-05-19T00:00:00,2030-12-31T23:59:59
AS_NP15_EXP,CPMTAP_1_B1,AS_NP15_EXP,,2017-02-16T08:00:00-00:00,2031-01-01T07:59:59-00:00,2017-02-16T00:00:00,2030-12-31T23:59:59
AS_NP15_EXP,CRAGVIEW_1_GN001,AS_NP15_EXP,,2025-08-13T07:00:00-00:00,2031-01-01T07:59:59-00:00,2025-08-13T00:00:00,2030-12-31T23:59:59
AS_NP15_EXP,CRANEVLY_6_N001,AS_NP15_EXP,,2009-03-31T07:00:00-00:00,2031-01-01T07:59:59-00:00,2009-03-31T00:00:00,2030-12-31T23:59:59
AS_NP15_EXP,CRANEVLY_6_N002,AS_NP15_EXP,,2023-05-05T07:00:00-00:00,2031-01-01T07:59:59-00:00,2023-05-05T00:00:00,2030-12-31T23:59:59
AS_NP15_EXP,CRANEVLY_6_N003,AS_NP15_EXP,,2025-05-13T07:00:00-00:00,2031-01-01T07:59:59-00:00,2025-05-13T00:00:00,2030-12-31T23:59:59
AS_NP15_EXP,CRBU38812_7_B1,AS_NP15_EXP,,2009-03-31T07:00:00-00:00,2031-01-01T07:59:59-00:00,2009-03-31T00:00:00,2030-12-31T23:59:59
AS_NP15_EXP,CRBU38812_7_B3,AS_NP15_EXP,,2009-03-31T07:00:00-00:00,2031-01-01T07:59:59-00:00,2009-03-31T00:00:00,2030-12-31T23:59:59
AS_NP15_EXP,CRCANAL_6_N001,AS_NP15_EXP,,2009-03-31T07:00:00-00:00,2031-01-01T07:59:59-00:00,2009-03-31T00:00:00,2030-12-31T23:59:59
AS_NP15_EXP,CRCKTCOG_7_N001,AS_NP15_EXP,,2009-11-03T08:00:00-00:00,2031-01-01T07:59:59-00:00,2009-11-03T00:00:00,2030-12-31T23:59:59
AS_NP15_EXP,CREEDGT1_7_GN001,AS_NP15_EXP,,2009-06-25T07:00:00-00:00,2031-01-01T07:59:59-00:00,2009-06-25T00:00:00,2030-12-31T23:59:59
AS_NP15_EXP,CRESSEY_1_N001,AS_NP15_EXP,,2009-03-31T07:00:00-00:00,2031-01-01T07:59:59-00:00,2009-03-31T00:00:00,2030-12-31T23:59:59
AS_NP15_EXP,CRESSEY_1_N003,AS_NP15_EXP,,2025-05-13T07:00:00-00:00,2031-01-01T07:59:59-00:00,2025-05-13T00:00:00,2030-12-31T23:59:59
AS_NP15_EXP,CRESTA_2_B1,AS_NP15_EXP,,2017-08-17T07:00:00-00:00,2031-01-01T07:59:59-00:00,2017-08-17T00:00:00,2030-12-31T23:59:59
AS_NP15_EXP,CRESTA_7_B1,AS_NP15_EXP,,2023-05-05T07:00:00-00:00,2031-01-01T07:59:59-00:00,2023-05-05T00:00:00,2030-12-31T23:59:59
AS_NP15_EXP,CRESTA_7_B3,AS_NP15_EXP,,2023-05-05T07:00:00-00:00,2031-01-01T07:59:59-00:00,2023-05-05T00:00:00,2030-12-31T23:59:59
AS_NP15_EXP,CRESTA_7_PL1X2-APND,AS_NP15_EXP,,2009-03-31T07:00:00-00:00,2031-01-01T07:59:59-00:00,2009-03-31T00:00:00,2030-12-31T23:59:59
AS_NP15_EXP,CROCKTAP_2_B1,AS_NP15_EXP,,2017-08-17T07:00:00-00:00,2031-01-01T07:59:59-00:00,2017-08-17T00:00:00,2030-12-31T23:59:59
AS_NP15_EXP,CRUSHER_6_N001,AS_NP15_EXP,,2009-03-31T07:00:00-00:00,2031-01-01T07:59:59-00:00,2009-03-31T00:00:00,2030-12-31T23:59:59
AS_NP15_EXP,CRWCRKGN_7_N001,AS_NP15_EXP,,2025-05-13T07:00:00-00:00,2031-01-01T07:59:59-00:00,2025-05-13T00:00:00,2030-12-31T23:59:59
AS_NP15_EXP,CRWSLDG_6_N001,AS_NP15_EXP,,2009-03-31T07:00:00-00:00,2031-01-01T07:59:59-00:00,2009-03-31T00:00:00,2030-12-31T23:59:59
AS_NP15_EXP,CRYSTLSG_6_N001,AS_NP15_EXP,,2009-03-31T07:00:00-00:00,2031-01-01T07:59:59-00:00,2009-03-31T00:00:00,2030-12-31T23:59:59
AS_NP15_EXP,CSCCCA_7_N001,AS_NP15_EXP,,2009-03-31T07:00:00-00:00,2031-01-01T07:59:59-00:00,2009-03-31T00:00:00,2030-12-31T23:59:59
AS_NP15_EXP,CSCCOG_6_N001,AS_NP15_EXP,,2023-05-05T07:00:00-00:00,2031-01-01T07:59:59-00:00,2023-05-05T00:00:00,2030-12-31T23:59:59
AS_NP15_EXP,CSCGNRA1_7_N101,AS_NP15_EXP,,2025-05-13T07:00:00-00:00,2031-01-01T07:59:59-00:00,2025-05-13T00:00:00,2030-12-31T23:59:59
AS_NP15_EXP,CSCGNRA2_7_N101,AS_NP15_EXP,,2025-05-13T07:00:00-00:00,2031-01-01T07:59:59-00:00,2025-05-13T00:00:00,2030-12-31T23:59:59
AS_NP15_EXP,CSTRVLLE_1_N001,AS_NP15_EXP,,2009-03-31T07:00:00-00:00,2031-01-01T07:59:59-00:00,2009-03-31T00:00:00,2030-12-31T23:59:59
AS_NP15_EXP,CSTRVLLE_1_N003,AS_NP15_EXP,,2025-05-13T07:00:00-00:00,2031-01-01T07:59:59-00:00,2025-05-13T00:00:00,2030-12-31T23:59:59
AS_NP15_EXP,CSTRVLLE_1_N004,AS_NP15_EXP,,2025-05-13T07:00:00-00:00,2031-01-01T07:59:59-00:00,2025-05-13T00:00:00,2030-12-31T23:59:59
AS_NP15_EXP,CSTRVLLE_1_N005,AS_NP15_EXP,,2013-11-21T08:00:00-00:00,2031-01-01T07:59:59-00:00,2013-11-21T00:00:00,2030-12-31T23:59:59
AS_NP15_EXP,CURTIS1_7_N001,AS_NP15_EXP,,2009-03-31T07:00:00-00:00,2031-01-01T07:59:59-00:00,2009-03-31T00:00:00,2030-12-31T23:59:59
AS_NP15_EXP,CURTISS_1_N010,AS_NP15_EXP,,2009-03-31T07:00:00-00:00,2031-01-01T07:59:59-00:00,2009-03-31T00:00:00,2030-12-31T23:59:59
AS_NP15_EXP,CURTISS_1_N101,AS_NP15_EXP,,2009-03-31T07:00:00-00:00,2031-01-01T07:59:59-00:00,2009-03-31T00:00:00,2030-12-31T23:59:59
AS_NP15_EXP,CURTISS_1_N102,AS_NP15_EXP,,2025-05-13T07:00:00-00:00,2031-01-01T07:59:59-00:00,2025-05-13T00:00:00,2030-12-31T23:59:59
AS_NP15_EXP,CURTISS_1_N103,AS_NP15_EXP,,2025-05-13T07:00:00-00:00,2031-01-01T07:59:59-00:00,2025-05-13T00:00:00,2030-12-31T23:59:59
AS_NP15_EXP,DAIRYLND_1_N001,AS_NP15_EXP,,2014-08-28T07:00:00-00:00,2031-01-01T07:59:59-00:00,2014-08-28T00:00:00,2030-12-31T23:59:59
AS_NP15_EXP,DAIRYLND_1_N011,AS_NP15_EXP,,2017-02-16T08:00:00-00:00,2031-01-01T07:59:59-00:00,2017-02-16T00:00:00,2030-12-31T23:59:59
AS_NP15_EXP,DAIRYLND_1_N013,AS_NP15_EXP,,2025-05-13T07:00:00-00:00,2031-01-01T07:59:59-00:00,2025-05-13T00:00:00,2030-12-31T23:59:59
AS_NP15_EXP,DALYCTY_1_N001,AS_NP15_EXP,,2012-10-11T07:00:00-00:00,2031-01-01T07:59:59-00:00,2012-10-11T00:00:00,2030-12-31T23:59:59
AS_NP15_EXP,DALYCTY_1_N005,AS_NP15_EXP,,2012-10-11T07:00:00-00:00,2031-01-01T07:59:59-00:00,2012-10-11T00:00:00,2030-12-31T23:59:59
AS_NP15_EXP,DANA_6_N001,AS_NP15_EXP,,2009-03-31T07:00:00-00:00,2031-01-01T07:59:59-00:00,2009-03-31T00:00:00,2030-12-31T23:59:59
AS_NP15_EXP,DANISHCM_1_N001,AS_NP15_EXP,,2009-03-31T07:00:00-00:00,2031-01-01T07:59:59-00:00,2009-03-31T00:00:00,2030-12-31T23:59:59
AS_NP15_EXP,DARYLDGN_7_N002,AS_NP15_EXP,,2025-05-13T07:00:00-00:00,2031-01-01T07:59:59-00:00,2025-05-13T00:00:00,2030-12-31T23:59:59
AS_NP15_EXP,DARYLDGN_7_N003,AS_NP15_EXP,,2025-05-13T07:00:00-00:00,2031-01-01T07:59:59-00:00,2025-05-13T00:00:00,2030-12-31T23:59:59
AS_NP15_EXP,DAVIS_1_N001,AS_NP15_EXP,,2009-03-31T07:00:00-00:00,2031-01-01T07:59:59-00:00,2009-03-31T00:00:00,2030-12-31T23:59:59
AS_NP15_EXP,DAVIS_1_N007,AS_NP15_EXP,,2009-03-31T07:00:00-00:00,2031-01-01T07:59:59-00:00,2009-03-31T00:00:00,2030-12-31T23:59:59
AS_NP15_EXP,DAVIS_1_N012,AS_NP15_EXP,,2009-03-31T07:00:00-00:00,2031-01-01T07:59:59-00:00,2009-03-31T00:00:00,2030-12-31T23:59:59
AS_NP15_EXP,DAVIS_1_N018,AS_NP15_EXP,,2025-05-13T07:00:00-00:00,2031-01-01T07:59:59-00:00,2025-05-13T00:00:00,2030-12-31T23:59:59
AS_NP15_EXP,DAVIS_1_N029,AS_NP15_EXP,,2025-05-13T07:00:00-00:00,2031-01-01T07:59:59-00:00,2025-05-13T00:00:00,2030-12-31T23:59:59
AS_NP15_EXP,DAVIS_1_N030,AS_NP15_EXP,,2025-05-13T07:00:00-00:00,2031-01-01T07:59:59-00:00,2025-05-13T00:00:00,2030-12-31T23:59:59
AS_NP15_EXP,DCJ_6_N001,AS_NP15_EXP,,2017-02-16T08:00:00-00:00,2031-01-01T07:59:59-00:00,2017-02-16T00:00:00,2030-12-31T23:59:59
AS_NP15_EXP,DCJ_6_N002,AS_NP15_EXP,,2017-02-16T08:00:00-00:00,2031-01-01T07:59:59-00:00,2017-02-16T00:00:00,2030-12-31T23:59:59
AS_NP15_EXP,DCJ_6_N003,AS_NP15_EXP,,2017-02-16T08:00:00-00:00,2031-01-01T07:59:59-00:00,2017-02-16T00:00:00,2030-12-31T23:59:59
AS_NP15_EXP,DEADWOOD_1_N001,AS_NP15_EXP,,2023-05-05T07:00:00-00:00,2031-01-01T07:59:59-00:00,2023-05-05T00:00:00,2030-12-31T23:59:59
AS_NP15_EXP,DECCTG1_7_B1,AS_NP15_EXP,,2009-03-31T07:00:00-00:00,2031-01-01T07:59:59-00:00,2009-03-31T00:00:00,2030-12-31T23:59:59
AS_NP15_EXP,DECCTG2_7_B1,AS_NP15_EXP,,2009-03-31T07:00:00-00:00,2031-01-01T07:59:59-00:00,2009-03-31T00:00:00,2030-12-31T23:59:59
AS_NP15_EXP,DECCTG3_7_B1,AS_NP15_EXP,,2009-03-31T07:00:00-00:00,2031-01-01T07:59:59-00:00,2009-03-31T00:00:00,2030-12-31T23:59:59
AS_NP15_EXP,DECPTSG_2_N001,AS_NP15_EXP,,2009-03-31T07:00:00-00:00,2031-01-01T07:59:59-00:00,2009-03-31T00:00:00,2030-12-31T23:59:59
AS_NP15_EXP,DECPTSG_2_N018,AS_NP15_EXP,,2009-03-31T07:00:00-00:00,2031-01-01T07:59:59-00:00,2009-03-31T00:00:00,2030-12-31T23:59:59
AS_NP15_EXP,DECSTG1_7_B1,AS_NP15_EXP,,2009-03-31T07:00:00-00:00,2031-01-01T07:59:59-00:00,2009-03-31T00:00:00,2030-12-31T23:59:59
AS_NP15_EXP,DEEPWATR_1_N101,AS_NP15_EXP,,2009-03-31T07:00:00-00:00,2031-01-01T07:59:59-00:00,2009-03-31T00:00:00,2030-12-31T23:59:59
AS_NP15_EXP,DEEPWATR_1_N104,AS_NP15_EXP,,2009-03-31T07:00:00-00:00,2031-01-01T07:59:59-00:00,2009-03-31T00:00:00,2030-12-31T23:59:59
AS_NP15_EXP,DEERCRK_7_B1,AS_NP15_EXP,,2023-05-05T07:00:00-00:00,2031-01-01T07:59:59-00:00,2023-05-05T00:00:00,2030-12-31T23:59:59
AS_NP15_EXP,DELEVAN_2_B1,AS_NP15_EXP,,2010-08-18T07:00:00-00:00,2031-01-01T07:59:59-00:00,2010-08-18T00:00:00,2030-12-31T23:59:59
AS_NP15_EXP,DELEVAN_2_LN001,AS_NP15_EXP,,2010-04-22T07:00:00-00:00,2031-01-01T07:59:59-00:00,2010-04-22T00:00:00,2030-12-31T23:59:59
AS_NP15_EXP,DELEVAN_2_LN002,AS_NP15_EXP,,2010-04-22T07:00:00-00:00,2031-01-01T07:59:59-00:00,2010-04-22T00:00:00,2030-12-31T23:59:59
AS_NP15_EXP,DELMAR_6_N001A,AS_NP15_EXP,,2009-03-31T07:00:00-00:00,2031-01-01T07:59:59-00:00,2009-03-31T00:00:00,2030-12-31T23:59:59
AS_NP15_EXP,DELMAR_6_N005,AS_NP15_EXP,,2009-03-31T07:00:00-00:00,2031-01-01T07:59:59-00:00,2009-03-31T00:00:00,2030-12-31T23:59:59
AS_NP15_EXP,DELMAR_6_N008,AS_NP15_EXP,,2009-06-25T07:00:00-00:00,2031-01-01T07:59:59-00:00,2009-06-25T00:00:00,2030-12-31T23:59:59
AS_NP15_EXP,DELMNTE_1_N010,AS_NP15_EXP,,2009-03-31T07:00:00-00:00,2031-01-01T07:59:59-00:00,2009-03-31T00:00:00,2030-12-31T23:59:59
AS_NP15_EXP,DELMNTE_1_N201,AS_NP15_EXP,,2009-03-31T07:00:00-00:00,2031-01-01T07:59:59-00:00,2009-03-31T00:00:00,2030-12-31T23:59:59
AS_NP15_EXP,DELTAA_7_B1,AS_NP15_EXP,,2009-03-31T07:00:00-00:00,2031-01-01T07:59:59-00:00,2009-03-31T00:00:00,2030-12-31T23:59:59
AS_NP15_EXP,DELTAA_7_B3,AS_NP15_EXP,,2009-03-31T07:00:00-00:00,2031-01-01T07:59:59-00:00,2009-03-31T00:00:00,2030-12-31T23:59:59
AS_NP15_EXP,DELTAA_7_B4,AS_NP15_EXP,,2009-03-31T07:00:00-00:00,2031-01-01T07:59:59-00:00,2009-03-31T00:00:00,2030-12-31T23:59:59
AS_NP15_EXP,DELTAB_7_B1,AS_NP15_EXP,,2009-03-31T07:00:00-00:00,2031-01-01T07:59:59-00:00,2009-03-31T00:00:00,2030-12-31T23:59:59
AS_NP15_EXP,DELTAB_7_B3,AS_NP15_EXP,,2009-03-31T07:00:00-00:00,2031-01-01T07:59:59-00:00,2009-03-31T00:00:00,2030-12-31T23:59:59
AS_NP15_EXP,DELTAC_7_B1,AS_NP15_EXP,,2009-03-31T07:00:00-00:00,2031-01-01T07:59:59-00:00,2009-03-31T00:00:00,2030-12-31T23:59:59
AS_NP15_EXP,DELTAC_7_B3,AS_NP15_EXP,,2009-03-31T07:00:00-00:00,2031-01-01T07:59:59-00:00,2009-03-31T00:00:00,2030-12-31T23:59:59
AS_NP15_EXP,DELTAD_7_B1,AS_NP15_EXP,,2009-03-31T07:00:00-00:00,2031-01-01T07:59:59-00:00,2009-03-31T00:00:00,2030-12-31T23:59:59
AS_NP15_EXP,DELTAD_7_B3,AS_NP15_EXP,,2009-03-31T07:00:00-00:00,2031-01-01T07:59:59-00:00,2009-03-31T00:00:00,2030-12-31T23:59:59
AS_NP15_EXP,DELTAE_7_B1,AS_NP15_EXP,,2009-03-31T07:00:00-00:00,2031-01-01T07:59:59-00:00,2009-03-31T00:00:00,2030-12-31T23:59:59
AS_NP15_EXP,DELTAE_7_B3,AS_NP15_EXP,,2009-03-31T07:00:00-00:00,2031-01-01T07:59:59-00:00,2009-03-31T00:00:00,2030-12-31T23:59:59
AS_NP15_EXP,DELTAPMP_2_N008,AS_NP15_EXP,,2025-05-13T07:00:00-00:00,2031-01-01T07:59:59-00:00,2025-05-13T00:00:00,2030-12-31T23:59:59
AS_NP15_EXP,DELTA_2_PL1X4-APND,AS_NP15_EXP,,2009-03-31T07:00:00-00:00,2031-01-01T07:59:59-00:00,2009-03-31T00:00:00,2030-12-31T23:59:59
AS_NP15_EXP,DESABLA_6_B1,AS_NP15_EXP,,2017-08-17T07:00:00-00:00,2031-01-01T07:59:59-00:00,2017-08-17T00:00:00,2030-12-31T23:59:59
AS_NP15_EXP,DESABLA_7_B1,AS_NP15_EXP,,2009-03-31T07:00:00-00:00,2031-01-01T07:59:59-00:00,2009-03-31T00:00:00,2030-12-31T23:59:59
AS_NP15_EXP,DESCHTP1_6_B1,AS_NP15_EXP,,2017-08-17T07:00:00-00:00,2031-01-01T07:59:59-00:00,2017-08-17T00:00:00,2030-12-31T23:59:59
AS_NP15_EXP,DESCHUTS_6_N001,AS_NP15_EXP,,2009-03-31T07:00:00-00:00,2031-01-01T07:59:59-00:00,2009-03-31T00:00:00,2030-12-31T23:59:59
AS_NP15_EXP,DESCHUTS_6_N015,AS_NP15_EXP,,2013-02-28T08:00:00-00:00,2031-01-01T07:59:59-00:00,2013-02-28T00:00:00,2030-12-31T23:59:59
AS_NP15_EXP,DEVLDNPP_6_N003,AS_NP15_EXP,,2009-03-31T07:00:00-00:00,2031-01-01T07:59:59-00:00,2009-03-31T00:00:00,2030-12-31T23:59:59
AS_NP15_EXP,DFS_1_N001,AS_NP15_EXP,,2009-03-31T07:00:00-00:00,2031-01-01T07:59:59-00:00,2009-03-31T00:00:00,2030-12-31T23:59:59
AS_NP15_EXP,DGLSCTY_6_N001,AS_NP15_EXP,,2009-03-31T07:00:00-00:00,2031-01-01T07:59:59-00:00,2009-03-31T00:00:00,2030-12-31T23:59:59
AS_NP15_EXP,DGPAN1_7_B1,AS_NP15_EXP,,2025-10-15T07:00:00-00:00,2031-01-01T07:59:59-00:00,2025-10-15T00:00:00,2030-12-31T23:59:59
AS_NP15_EXP,DGPAN1_7_CN1,AS_NP15_EXP,,2025-10-15T07:00:00-00:00,2031-01-01T07:59:59-00:00,2025-10-15T00:00:00,2030-12-31T23:59:59
AS_NP15_EXP,DGVADIX_7_B1,AS_NP15_EXP,,2009-03-31T07:00:00-00:00,2031-01-01T07:59:59-00:00,2009-03-31T00:00:00,2030-12-31T23:59:59
AS_NP15_EXP,DINUBAE_7_B2,AS_NP15_EXP,,2009-03-31T07:00:00-00:00,2031-01-01T07:59:59-00:00,2009-03-31T00:00:00,2030-12-31T23:59:59
AS_NP15_EXP,DINUBAE_7_N001,AS_NP15_EXP,,2009-03-31T07:00:00-00:00,2031-01-01T07:59:59-00:00,2009-03-31T00:00:00,2030-12-31T23:59:59
AS_NP15_EXP,DINUBA_6_N001,AS_NP15_EXP,,2011-03-30T07:00:00-00:00,2031-01-01T07:59:59-00:00,2011-03-30T00:00:00,2030-12-31T23:59:59
AS_NP15_EXP,DINUBA_6_N005,AS_NP15_EXP,,2025-04-16T07:00:00-00:00,2031-01-01T07:59:59-00:00,2025-04-16T00:00:00,2030-12-31T23:59:59
AS_NP15_EXP,DIRYVLLE_6_N001,AS_NP15_EXP,,2009-03-31T07:00:00-00:00,2031-01-01T07:59:59-00:00,2009-03-31T00:00:00,2030-12-31T23:59:59
AS_NP15_EXP,DIST1500_6_N101,AS_NP15_EXP,,2009-03-31T07:00:00-00:00,2031-01-01T07:59:59-00:00,2009-03-31T00:00:00,2030-12-31T23:59:59
AS_NP15_EXP,DIST2047_6_N201,AS_NP15_EXP,,2009-03-31T07:00:00-00:00,2031-01-01T07:59:59-00:00,2009-03-31T00:00:00,2030-12-31T23:59:59
AS_NP15_EXP,DIST2047_6_N204,AS_NP15_EXP,,2009-03-31T07:00:00-00:00,2031-01-01T07:59:59-00:00,2009-03-31T00:00:00,2030-12-31T23:59:59
AS_NP15_EXP,DIXON-J1_6_N101,AS_NP15_EXP,,2018-08-23T07:00:00-00:00,2031-01-01T07:59:59-00:00,2018-08-23T00:00:00,2030-12-31T23:59:59
AS_NP15_EXP,DIXONLD_1_N001,AS_NP15_EXP,,2009-03-31T07:00:00-00:00,2031-01-01T07:59:59-00:00,2009-03-31T00:00:00,2030-12-31T23:59:59
AS_NP15_EXP,DIXONLD_1_N002,AS_NP15_EXP,,2009-03-31T07:00:00-00:00,2031-01-01T07:59:59-00:00,2009-03-31T00:00:00,2030-12-31T23:59:59
AS_NP15_EXP,DIXONLD_1_N008,AS_NP15_EXP,,2015-07-23T07:00:00-00:00,2031-01-01T07:59:59-00:00,2015-07-23T00:00:00,2030-12-31T23:59:59
AS_NP15_EXP,DIXON_6_B1,AS_NP15_EXP,,2009-03-31T07:00:00-00:00,2031-01-01T07:59:59-00:00,2009-03-31T00:00:00,2030-12-31T23:59:59
AS_NP15_EXP,DIXON_6_N002,AS_NP15_EXP,,2009-03-31T07:00:00-00:00,2031-01-01T07:59:59-00:00,2009-03-31T00:00:00,2030-12-31T23:59:59
AS_NP15_EXP,DLYCTYP_1_N001,AS_NP15_EXP,,2016-11-17T08:00:00-00:00,2031-01-01T07:59:59-00:00,2016-11-17T00:00:00,2030-12-31T23:59:59
AS_NP15_EXP,DMNDSPR_1_N001,AS_NP15_EXP,,2009-03-31T07:00:00-00:00,2031-01-01T07:59:59-00:00,2009-03-31T00:00:00,2030-12-31T23:59:59
AS_NP15_EXP,DMNDSPR_1_N003,AS_NP15_EXP,,2009-03-31T07:00:00-00:00,2031-01-01T07:59:59-00:00,2009-03-31T00:00:00,2030-12-31T23:59:59
AS_NP15_EXP,DNUBAJCT_6_B1,AS_NP15_EXP,,2017-08-17T07:00:00-00:00,2031-01-01T07:59:59-00:00,2017-08-17T00:00:00,2030-12-31T23:59:59
AS_NP15_EXP,DOBBINS_6_N001,AS_NP15_EXP,,2009-03-31T07:00:00-00:00,2031-01-01T07:59:59-00:00,2009-03-31T00:00:00,2030-12-31T23:59:59
AS_NP15_EXP,DOLANRD_1_N001,AS_NP15_EXP,,2009-03-31T07:00:00-00:00,2031-01-01T07:59:59-00:00,2009-03-31T00:00:00,2030-12-31T23:59:59
AS_NP15_EXP,DOLANRD_1_ND006,AS_NP15_EXP,,2023-11-15T08:00:00-00:00,2031-01-01T07:59:59-00:00,2023-11-15T00:00:00,2030-12-31T23:59:59
AS_NP15_EXP,DOMTAR_1_N001,AS_NP15_EXP,,2009-03-31T07:00:00-00:00,2031-01-01T07:59:59-00:00,2009-03-31T00:00:00,2030-12-31T23:59:59
AS_NP15_EXP,DONNELLS_7_B1,AS_NP15_EXP,,2025-05-13T07:00:00-00:00,2031-01-01T07:59:59-00:00,2025-05-13T00:00:00,2030-12-31T23:59:59
AS_NP15_EXP,DOSAMG1_7_B1,AS_NP15_EXP,,2009-03-31T07:00:00-00:00,2031-01-01T07:59:59-00:00,2009-03-31T00:00:00,2030-12-31T23:59:59
AS_NP15_EXP,DOSAMG1_7_B3,AS_NP15_EXP,,2009-03-31T07:00:00-00:00,2031-01-01T07:59:59-00:00,2009-03-31T00:00:00,2030-12-31T23:59:59
AS_NP15_EXP,DOSAMG1_7_B4,AS_NP15_EXP,,2009-03-31T07:00:00-00:00,2031-01-01T07:59:59-00:00,2009-03-31T00:00:00,2030-12-31T23:59:59
AS_NP15_EXP,DOSAMG2_7_B1,AS_NP15_EXP,,2009-03-31T07:00:00-00:00,2031-01-01T07:59:59-00:00,2009-03-31T00:00:00,2030-12-31T23:59:59
AS_NP15_EXP,DOSAMG2_7_B3,AS_NP15_EXP,,2009-03-31T07:00:00-00:00,2031-01-01T07:59:59-00:00,2009-03-31T00:00:00,2030-12-31T23:59:59
AS_NP15_EXP,DOSAMG2_7_B4,AS_NP15_EXP,,2009-03-31T07:00:00-00:00,2031-01-01T07:59:59-00:00,2009-03-31T00:00:00,2030-12-31T23:59:59
AS_NP15_EXP,DOSPALS_6_N001,AS_NP15_EXP,,2024-07-10T07:00:00-00:00,2031-01-01T07:59:59-00:00,2024-07-10T00:00:00,2030-12-31T23:59:59
AS_NP15_EXP,DOSPALS_7_N002,AS_NP15_EXP,,2025-05-13T07:00:00-00:00,2031-01-01T07:59:59-00:00,2025-05-13T00:00:00,2030-12-31T23:59:59
AS_NP15_EXP,DOSPAL_7_N003,AS_NP15_EXP,,2025-06-12T07:00:00-00:00,2031-01-01T07:59:59-00:00,2025-06-12T00:00:00,2030-12-31T23:59:59
AS_NP15_EXP,DRUM38780_7_B1,AS_NP15_EXP,,2023-05-05T07:00:00-00:00,2031-01-01T07:59:59-00:00,2023-05-05T00:00:00,2030-12-31T23:59:59
AS_NP15_EXP,DRUM38780_7_B3,AS_NP15_EXP,,2023-05-05T07:00:00-00:00,2031-01-01T07:59:59-00:00,2023-05-05T00:00:00,2030-12-31T23:59:59
AS_NP15_EXP,DRUM38780_7_B4,AS_NP15_EXP,,2023-05-05T07:00:00-00:00,2031-01-01T07:59:59-00:00,2023-05-05T00:00:00,2030-12-31T23:59:59
AS_NP15_EXP,DRUM38780_7_B7,AS_NP15_EXP,,2023-05-05T07:00:00-00:00,2031-01-01T07:59:59-00:00,2023-05-05T00:00:00,2030-12-31T23:59:59
AS_NP15_EXP,DRUM5_7_B1,AS_NP15_EXP,,2009-03-31T07:00:00-00:00,2031-01-01T07:59:59-00:00,2009-03-31T00:00:00,2030-12-31T23:59:59
AS_NP15_EXP,DRUM_1_B1,AS_NP15_EXP,,2017-08-17T07:00:00-00:00,2031-01-01T07:59:59-00:00,2017-08-17T00:00:00,2030-12-31T23:59:59
AS_NP15_EXP,DRUM_6_B1,AS_NP15_EXP,,2017-08-17T07:00:00-00:00,2031-01-01T07:59:59-00:00,2017-08-17T00:00:00,2030-12-31T23:59:59
AS_NP15_EXP,DRUM_7_PL1X2-APND,AS_NP15_EXP,,2009-03-31T07:00:00-00:00,2031-01-01T07:59:59-00:00,2009-03-31T00:00:00,2030-12-31T23:59:59
AS_NP15_EXP,DRUM_7_PL3X4-APND,AS_NP15_EXP,,2009-03-31T07:00:00-00:00,2031-01-01T07:59:59-00:00,2009-03-31T00:00:00,2030-12-31T23:59:59
AS_NP15_EXP,DSAMIGO_2_N011,AS_NP15_EXP,,2025-05-13T07:00:00-00:00,2031-01-01T07:59:59-00:00,2025-05-13T00:00:00,2030-12-31T23:59:59
AS_NP15_EXP,DTCHFL1_1_B1,AS_NP15_EXP,,2017-08-17T07:00:00-00:00,2031-01-01T07:59:59-00:00,2017-08-17T00:00:00,2030-12-31T23:59:59
AS_NP15_EXP,DTCHFL2_1_B1,AS_NP15_EXP,,2017-08-17T07:00:00-00:00,2031-01-01T07:59:59-00:00,2017-08-17T00:00:00,2030-12-31T23:59:59
AS_NP15_EXP,DTCHFLT1_7_B1,AS_NP15_EXP,,2009-03-31T07:00:00-00:00,2031-01-01T07:59:59-00:00,2009-03-31T00:00:00,2030-12-31T23:59:59
AS_NP15_EXP,DTCHFLT2_7_B1,AS_NP15_EXP,,2009-03-31T07:00:00-00:00,2031-01-01T07:59:59-00:00,2009-03-31T00:00:00,2030-12-31T23:59:59
AS_NP15_EXP,DUANECT1_7_N001,AS_NP15_EXP,,2009-03-31T07:00:00-00:00,2031-01-01T07:59:59-00:00,2009-03-31T00:00:00,2030-12-31T23:59:59
AS_NP15_EXP,DUANECT1_7_N002,AS_NP15_EXP,,2023-05-05T07:00:00-00:00,2031-01-01T07:59:59-00:00,2023-05-05T00:00:00,2030-12-31T23:59:59
AS_NP15_EXP,DUANECT2_7_N001,AS_NP15_EXP,,2009-03-31T07:00:00-00:00,2031-01-01T07:59:59-00:00,2009-03-31T00:00:00,2030-12-31T23:59:59
AS_NP15_EXP,DUANECT2_7_N002,AS_NP15_EXP,,2023-05-05T07:00:00-00:00,2031-01-01T07:59:59-00:00,2023-05-05T00:00:00,2030-12-31T23:59:59
AS_NP15_EXP,DUANEST3_7_N001,AS_NP15_EXP,,2009-03-31T07:00:00-00:00,2031-01-01T07:59:59-00:00,2009-03-31T00:00:00,2030-12-31T23:59:59
AS_NP15_EXP,DUANEST3_7_N002,AS_NP15_EXP,,2023-05-05T07:00:00-00:00,2031-01-01T07:59:59-00:00,2023-05-05T00:00:00,2030-12-31T23:59:59
AS_NP15_EXP,DUANE_1_PL1X3-APND,AS_NP15_EXP,,2009-03-31T07:00:00-00:00,2031-01-01T07:59:59-00:00,2009-03-31T00:00:00,2030-12-31T23:59:59
AS_NP15_EXP,DUKMOSS1_7_B1,AS_NP15_EXP,,2009-03-31T07:00:00-00:00,2031-01-01T07:59:59-00:00,2009-03-31T00:00:00,2030-12-31T23:59:59
AS_NP15_EXP,DUKMOSS1_7_N001,AS_NP15_EXP,,2009-03-31T07:00:00-00:00,2031-01-01T07:59:59-00:00,2009-03-31T00:00:00,2030-12-31T23:59:59
AS_NP15_EXP,DUKMOSS2_7_B1,AS_NP15_EXP,,2009-03-31T07:00:00-00:00,2031-01-01T07:59:59-00:00,2009-03-31T00:00:00,2030-12-31T23:59:59
AS_NP15_EXP,DUKMOSS2_7_N001,AS_NP15_EXP,,2009-03-31T07:00:00-00:00,2031-01-01T07:59:59-00:00,2009-03-31T00:00:00,2030-12-31T23:59:59
AS_NP15_EXP,DUKMOSS3_7_B2,AS_NP15_EXP,,2009-03-31T07:00:00-00:00,2031-01-01T07:59:59-00:00,2009-03-31T00:00:00,2030-12-31T23:59:59
AS_NP15_EXP,DUKMOSS3_7_N001,AS_NP15_EXP,,2009-03-31T07:00:00-00:00,2031-01-01T07:59:59-00:00,2009-03-31T00:00:00,2030-12-31T23:59:59
AS_NP15_EXP,DUKMOSS3_7_N002,AS_NP15_EXP,,2009-03-31T07:00:00-00:00,2031-01-01T07:59:59-00:00,2009-03-31T00:00:00,2030-12-31T23:59:59
AS_NP15_EXP,DUKMOSS4_7_B1,AS_NP15_EXP,,2009-03-31T07:00:00-00:00,2031-01-01T07:59:59-00:00,2009-03-31T00:00:00,2030-12-31T23:59:59
AS_NP15_EXP,DUKMOSS4_7_N001,AS_NP15_EXP,,2009-03-31T07:00:00-00:00,2031-01-01T07:59:59-00:00,2009-03-31T00:00:00,2030-12-31T23:59:59
AS_NP15_EXP,DUKMOSS5_7_B1,AS_NP15_EXP,,2009-03-31T07:00:00-00:00,2031-01-01T07:59:59-00:00,2009-03-31T00:00:00,2030-12-31T23:59:59
AS_NP15_EXP,DUKMOSS5_7_N001,AS_NP15_EXP,,2009-03-31T07:00:00-00:00,2031-01-01T07:59:59-00:00,2009-03-31T00:00:00,2030-12-31T23:59:59
AS_NP15_EXP,DUKMOSS6_7_B2,AS_NP15_EXP,,2009-03-31T07:00:00-00:00,2031-01-01T07:59:59-00:00,2009-03-31T00:00:00,2030-12-31T23:59:59
AS_NP15_EXP,DUKMOSS6_7_N001,AS_NP15_EXP,,2009-03-31T07:00:00-00:00,2031-01-01T07:59:59-00:00,2009-03-31T00:00:00,2030-12-31T23:59:59
AS_NP15_EXP,DUKMOSS6_7_N002,AS_NP15_EXP,,2009-03-31T07:00:00-00:00,2031-01-01T07:59:59-00:00,2009-03-31T00:00:00,2030-12-31T23:59:59
AS_NP15_EXP,DUMBARTN_1_N001,AS_NP15_EXP,,2009-03-31T07:00:00-00:00,2031-01-01T07:59:59-00:00,2009-03-31T00:00:00,2030-12-31T23:59:59
AS_NP15_EXP,DUMBARTN_1_N003,AS_NP15_EXP,,2009-03-31T07:00:00-00:00,2031-01-01T07:59:59-00:00,2009-03-31T00:00:00,2030-12-31T23:59:59
AS_NP15_EXP,DUMBARTN_1_N011,AS_NP15_EXP,,2009-03-31T07:00:00-00:00,2031-01-01T07:59:59-00:00,2009-03-31T00:00:00,2030-12-31T23:59:59
AS_NP15_EXP,DUNBAR_6_N001,AS_NP15_EXP,,2009-03-31T07:00:00-00:00,2031-01-01T07:59:59-00:00,2009-03-31T00:00:00,2030-12-31T23:59:59
AS_NP15_EXP,DUNBAR_6_N002,AS_NP15_EXP,,2009-03-31T07:00:00-00:00,2031-01-01T07:59:59-00:00,2009-03-31T00:00:00,2030-12-31T23:59:59
AS_NP15_EXP,DUNLAP_6_N001,AS_NP15_EXP,,2009-03-31T07:00:00-00:00,2031-01-01T07:59:59-00:00,2009-03-31T00:00:00,2030-12-31T23:59:59
AS_NP15_EXP,DUNNIGAN_6_N001,AS_NP15_EXP,,2009-03-31T07:00:00-00:00,2031-01-01T07:59:59-00:00,2009-03-31T00:00:00,2030-12-31T23:59:59
AS_NP15_EXP,DUPONT_6_N001,AS_NP15_EXP,,2009-03-31T07:00:00-00:00,2031-01-01T07:59:59-00:00,2009-03-31T00:00:00,2030-12-31T23:59:59
AS_NP15_EXP,DYERSM3_7_N001,AS_NP15_EXP,,2025-05-13T07:00:00-00:00,2031-01-01T07:59:59-00:00,2025-05-13T00:00:00,2030-12-31T23:59:59
AS_NP15_EXP,EBMUDGRY_1_N001,AS_NP15_EXP,,2009-03-31T07:00:00-00:00,2031-01-01T07:59:59-00:00,2009-03-31T00:00:00,2030-12-31T23:59:59
AS_NP15_EXP,EDENVALE_1_N001,AS_NP15_EXP,,2009-03-31T07:00:00-00:00,2031-01-01T07:59:59-00:00,2009-03-31T00:00:00,2030-12-31T23:59:59
AS_NP15_EXP,EDENVALE_1_N004,AS_NP15_EXP,,2009-03-31T07:00:00-00:00,2031-01-01T07:59:59-00:00,2009-03-31T00:00:00,2030-12-31T23:59:59
AS_NP15_EXP,EDENVALE_1_N006,AS_NP15_EXP,,2009-03-31T07:00:00-00:00,2031-01-01T07:59:59-00:00,2009-03-31T00:00:00,2030-12-31T23:59:59
AS_NP15_EXP,EDENVALE_1_N008,AS_NP15_EXP,,2009-03-31T07:00:00-00:00,2031-01-01T07:59:59-00:00,2009-03-31T00:00:00,2030-12-31T23:59:59
AS_NP15_EXP,EDES_1_N001,AS_NP15_EXP,,2009-03-31T07:00:00-00:00,2031-01-01T07:59:59-00:00,2009-03-31T00:00:00,2030-12-31T23:59:59
AS_NP15_EXP,EDES_1_N003,AS_NP15_EXP,,2025-10-15T07:00:00-00:00,2031-01-01T07:59:59-00:00,2025-10-15T00:00:00,2030-12-31T23:59:59
AS_NP15_EXP,EDES_7_N002,AS_NP15_EXP,,2025-10-15T07:00:00-00:00,2031-01-01T07:59:59-00:00,2025-10-15T00:00:00,2030-12-31T23:59:59
AS_NP15_EXP,EDUBLIN_6_N001,AS_NP15_EXP,,2009-03-31T07:00:00-00:00,2031-01-01T07:59:59-00:00,2009-03-31T00:00:00,2030-12-31T23:59:59
AS_NP15_EXP,EDUBLIN_6_N101,AS_NP15_EXP,,2009-03-31T07:00:00-00:00,2031-01-01T07:59:59-00:00,2009-03-31T00:00:00,2030-12-31T23:59:59
AS_NP15_EXP,EELRIVR_6_N001,AS_NP15_EXP,,2017-11-16T08:00:00-00:00,2031-01-01T07:59:59-00:00,2017-11-16T00:00:00,2030-12-31T23:59:59
AS_NP15_EXP,EELRIVR_6_N005,AS_NP15_EXP,,2015-10-22T07:00:00-00:00,2031-01-01T07:59:59-00:00,2015-10-22T00:00:00,2030-12-31T23:59:59
AS_NP15_EXP,EGLERCK_1_B1,AS_NP15_EXP,,2017-08-17T07:00:00-00:00,2031-01-01T07:59:59-00:00,2017-08-17T00:00:00,2030-12-31T23:59:59
AS_NP15_EXP,EIGHTMI_2_N017,AS_NP15_EXP,,2009-03-31T07:00:00-00:00,2031-01-01T07:59:59-00:00,2009-03-31T00:00:00,2030-12-31T23:59:59
AS_NP15_EXP,EIGHTMI_2_N020,AS_NP15_EXP,,2009-06-25T07:00:00-00:00,2031-01-01T07:59:59-00:00,2009-06-25T00:00:00,2030-12-31T23:59:59
AS_NP15_EXP,ELCAPTN_1_N001,AS_NP15_EXP,,2013-07-18T07:00:00-00:00,2031-01-01T07:59:59-00:00,2013-07-18T00:00:00,2030-12-31T23:59:59
AS_NP15_EXP,ELCAPTN_1_N004,AS_NP15_EXP,,2013-07-18T07:00:00-00:00,2031-01-01T07:59:59-00:00,2013-07-18T00:00:00,2030-12-31T23:59:59
AS_NP15_EXP,ELCAPTN_1_N005,AS_NP15_EXP,,2013-07-18T07:00:00-00:00,2031-01-01T07:59:59-00:00,2013-07-18T00:00:00,2030-12-31T23:59:59
AS_NP15_EXP,ELCAPTN_1_N008,AS_NP15_EXP,,2011-08-12T07:00:00-00:00,2031-01-01T07:59:59-00:00,2011-08-12T00:00:00,2030-12-31T23:59:59
AS_NP15_EXP,ELCAPTN_7_N004,AS_NP15_EXP,,2025-05-13T07:00:00-00:00,2031-01-01T07:59:59-00:00,2025-05-13T00:00:00,2030-12-31T23:59:59
AS_NP15_EXP,ELCRRTO_1_N001,AS_NP15_EXP,,2009-03-31T07:00:00-00:00,2031-01-01T07:59:59-00:00,2009-03-31T00:00:00,2030-12-31T23:59:59
AS_NP15_EXP,ELCRRTO_1_N023,AS_NP15_EXP,,2023-11-15T08:00:00-00:00,2031-01-01T07:59:59-00:00,2023-11-15T00:00:00,2030-12-31T23:59:59
AS_NP15_EXP,ELCRTLD1_1_N001,AS_NP15_EXP,,2009-03-31T07:00:00-00:00,2031-01-01T07:59:59-00:00,2009-03-31T00:00:00,2030-12-31T23:59:59
AS_NP15_EXP,ELCRTLD2_1_N001,AS_NP15_EXP,,2009-03-31T07:00:00-00:00,2031-01-01T07:59:59-00:00,2009-03-31T00:00:00,2030-12-31T23:59:59
AS_NP15_EXP,ELCRTLD4_1_N001,AS_NP15_EXP,,2009-03-31T07:00:00-00:00,2031-01-01T07:59:59-00:00,2009-03-31T00:00:00,2030-12-31T23:59:59
AS_NP15_EXP,ELDORU1_7_B2,AS_NP15_EXP,,2025-05-13T07:00:00-00:00,2031-01-01T07:59:59-00:00,2025-05-13T00:00:00,2030-12-31T23:59:59
AS_NP15_EXP,ELDORU1_7_N001,AS_NP15_EXP,,2009-03-31T07:00:00-00:00,2031-01-01T07:59:59-00:00,2009-03-31T00:00:00,2030-12-31T23:59:59
AS_NP15_EXP,ELDORU2_7_B2,AS_NP15_EXP,,2025-05-13T07:00:00-00:00,2031-01-01T07:59:59-00:00,2025-05-13T00:00:00,2030-12-31T23:59:59
AS_NP15_EXP,ELDORU2_7_N001,AS_NP15_EXP,,2009-03-31T07:00:00-00:00,2031-01-01T07:59:59-00:00,2009-03-31T00:00:00,2030-12-31T23:59:59
AS_NP15_EXP,ELECTRAJ_6_N009,AS_NP15_EXP,,2009-03-31T07:00:00-00:00,2031-01-01T07:59:59-00:00,2009-03-31T00:00:00,2030-12-31T23:59:59
AS_NP15_EXP,ELECTRA_2_B1,AS_NP15_EXP,,2017-08-17T07:00:00-00:00,2031-01-01T07:59:59-00:00,2017-08-17T00:00:00,2030-12-31T23:59:59
AS_NP15_EXP,ELECTRA_7_B1,AS_NP15_EXP,,2023-05-05T07:00:00-00:00,2031-01-01T07:59:59-00:00,2023-05-05T00:00:00,2030-12-31T23:59:59
AS_NP15_EXP,ELECTRA_7_B3,AS_NP15_EXP,,2023-05-05T07:00:00-00:00,2031-01-01T07:59:59-00:00,2023-05-05T00:00:00,2030-12-31T23:59:59
AS_NP15_EXP,ELECTRA_7_B4,AS_NP15_EXP,,2023-05-05T07:00:00-00:00,2031-01-01T07:59:59-00:00,2023-05-05T00:00:00,2030-12-31T23:59:59
AS_NP15_EXP,ELECTR_7_PL1X3-APND,AS_NP15_EXP,,2009-03-31T07:00:00-00:00,2031-01-01T07:59:59-00:00,2009-03-31T00:00:00,2030-12-31T23:59:59
AS_NP15_EXP,ELGNJCT_6_B1,AS_NP15_EXP,,2017-08-17T07:00:00-00:00,2031-01-01T07:59:59-00:00,2017-08-17T00:00:00,2030-12-31T23:59:59
AS_NP15_EXP,ELKCREEK_6_N001,AS_NP15_EXP,,2009-03-31T07:00:00-00:00,2031-01-01T07:59:59-00:00,2009-03-31T00:00:00,2030-12-31T23:59:59
AS_NP15_EXP,ELKCREEK_6_N003,AS_NP15_EXP,,2009-03-31T07:00:00-00:00,2031-01-01T07:59:59-00:00,2009-03-31T00:00:00,2030-12-31T23:59:59
AS_NP15_EXP,ELKCRKJT_6_B1,AS_NP15_EXP,,2017-08-17T07:00:00-00:00,2031-01-01T07:59:59-00:00,2017-08-17T00:00:00,2030-12-31T23:59:59
AS_NP15_EXP,ELKHRN_1_EESX3-APND,AS_NP15_EXP,,2021-06-17T07:00:00-00:00,2031-01-01T07:59:59-00:00,2021-06-17T00:00:00,2030-12-31T23:59:59
AS_NP15_EXP,ELKHRN_7_N001,AS_NP15_EXP,,2021-04-28T07:00:00-00:00,2031-01-01T07:59:59-00:00,2021-04-28T00:00:00,2030-12-31T23:59:59
AS_NP15_EXP,ELKHRN_7_N002,AS_NP15_EXP,,2020-12-09T08:00:00-00:00,2031-01-01T07:59:59-00:00,2020-12-09T00:00:00,2030-12-31T23:59:59
AS_NP15_EXP,ELKHRN_7_N003,AS_NP15_EXP,,2020-12-09T08:00:00-00:00,2031-01-01T07:59:59-00:00,2020-12-09T00:00:00,2030-12-31T23:59:59
AS_NP15_EXP,ELK_6_N001,AS_NP15_EXP,,2009-03-31T07:00:00-00:00,2031-01-01T07:59:59-00:00,2009-03-31T00:00:00,2030-12-31T23:59:59
AS_NP15_EXP,ELLSGTY_1_N001,AS_NP15_EXP,,2009-03-31T07:00:00-00:00,2031-01-01T07:59:59-00:00,2009-03-31T00:00:00,2030-12-31T23:59:59
AS_NP15_EXP,ELNIDBIO_6_N001,AS_NP15_EXP,,2009-03-31T07:00:00-00:00,2031-01-01T07:59:59-00:00,2009-03-31T00:00:00,2030-12-31T23:59:59
AS_NP15_EXP,ELNIDO_1_N004,AS_NP15_EXP,,2009-03-31T07:00:00-00:00,2031-01-01T07:59:59-00:00,2009-03-31T00:00:00,2030-12-31T23:59:59
AS_NP15_EXP,ELNIDO_7_N001,AS_NP15_EXP,,2024-05-15T07:00:00-00:00,2031-01-01T07:59:59-00:00,2024-05-15T00:00:00,2030-12-31T23:59:59
AS_NP15_EXP,ELNIDO_7_N002,AS_NP15_EXP,,2025-05-13T07:00:00-00:00,2031-01-01T07:59:59-00:00,2025-05-13T00:00:00,2030-12-31T23:59:59
AS_NP15_EXP,ELPATIO_1_N001,AS_NP15_EXP,,2009-03-31T07:00:00-00:00,2031-01-01T07:59:59-00:00,2009-03-31T00:00:00,2030-12-31T23:59:59
AS_NP15_EXP,ELPATIO_1_N006,AS_NP15_EXP,,2009-03-31T07:00:00-00:00,2031-01-01T07:59:59-00:00,2009-03-31T00:00:00,2030-12-31T23:59:59
AS_NP15_EXP,ELPATIO_1_N015,AS_NP15_EXP,,2009-03-31T07:00:00-00:00,2031-01-01T07:59:59-00:00,2009-03-31T00:00:00,2030-12-31T23:59:59
AS_NP15_EXP,ELPATIO_1_N029,AS_NP15_EXP,,2014-02-13T08:00:00-00:00,2031-01-01T07:59:59-00:00,2014-02-13T00:00:00,2030-12-31T23:59:59
AS_NP15_EXP,ELPECO_6_N004,AS_NP15_EXP,,2009-03-31T07:00:00-00:00,2031-01-01T07:59:59-00:00,2009-03-31T00:00:00,2030-12-31T23:59:59
AS_NP15_EXP,ELPECO_6_N005,AS_NP15_EXP,,2009-03-31T07:00:00-00:00,2031-01-01T07:59:59-00:00,2009-03-31T00:00:00,2030-12-31T23:59:59
AS_NP15_EXP,ELVERTAS_2_N001,AS_NP15_EXP,,2018-11-29T08:00:00-00:00,2031-01-01T07:59:59-00:00,2018-11-29T00:00:00,2030-12-31T23:59:59
AS_NP15_EXP,ELVERTAS_2_N002,AS_NP15_EXP,,2018-11-29T08:00:00-00:00,2031-01-01T07:59:59-00:00,2018-11-29T00:00:00,2030-12-31T23:59:59
AS_NP15_EXP,ELVERTAS_2_N008,AS_NP15_EXP,,2018-11-29T08:00:00-00:00,2031-01-01T07:59:59-00:00,2018-11-29T00:00:00,2030-12-31T23:59:59
AS_NP15_EXP,ELVERTAS_2_N009,AS_NP15_EXP,,2018-11-29T08:00:00-00:00,2031-01-01T07:59:59-00:00,2018-11-29T00:00:00,2030-12-31T23:59:59
AS_NP15_EXP,ELVERTAS_2_N010,AS_NP15_EXP,,2018-11-29T08:00:00-00:00,2031-01-01T07:59:59-00:00,2018-11-29T00:00:00,2030-12-31T23:59:59
AS_NP15_EXP,ELVERTAS_2_N011,AS_NP15_EXP,,2018-11-29T08:00:00-00:00,2031-01-01T07:59:59-00:00,2018-11-29T00:00:00,2030-12-31T23:59:59
AS_NP15_EXP,ELVERTAS_2_N012,AS_NP15_EXP,,2018-11-29T08:00:00-00:00,2031-01-01T07:59:59-00:00,2018-11-29T00:00:00,2030-12-31T23:59:59
AS_NP15_EXP,ELVERTAS_2_N013,AS_NP15_EXP,,2018-11-29T08:00:00-00:00,2031-01-01T07:59:59-00:00,2018-11-29T00:00:00,2030-12-31T23:59:59
AS_NP15_EXP,ELVERTAS_2_N014,AS_NP15_EXP,,2018-11-29T08:00:00-00:00,2031-01-01T07:59:59-00:00,2018-11-29T00:00:00,2030-12-31T23:59:59
AS_NP15_EXP,ELVERTAS_2_N015,AS_NP15_EXP,,2018-11-29T08:00:00-00:00,2031-01-01T07:59:59-00:00,2018-11-29T00:00:00,2030-12-31T23:59:59
AS_NP15_EXP,ELVERTAS_2_N016,AS_NP15_EXP,,2018-11-29T08:00:00-00:00,2031-01-01T07:59:59-00:00,2018-11-29T00:00:00,2030-12-31T23:59:59
AS_NP15_EXP,ELVERTAS_2_N017,AS_NP15_EXP,,2018-11-29T08:00:00-00:00,2031-01-01T07:59:59-00:00,2018-11-29T00:00:00,2030-12-31T23:59:59
AS_NP15_EXP,ELVERTAS_2_N018,AS_NP15_EXP,,2018-11-29T08:00:00-00:00,2031-01-01T07:59:59-00:00,2018-11-29T00:00:00,2030-12-31T23:59:59
AS_NP15_EXP,ELVERTAS_2_N019,AS_NP15_EXP,,2018-11-29T08:00:00-00:00,2031-01-01T07:59:59-00:00,2018-11-29T00:00:00,2030-12-31T23:59:59
AS_NP15_EXP,ELVERTAS_2_N020,AS_NP15_EXP,,2018-11-29T08:00:00-00:00,2031-01-01T07:59:59-00:00,2018-11-29T00:00:00,2030-12-31T23:59:59
AS_NP15_EXP,ELVERTAS_2_N021,AS_NP15_EXP,,2018-11-29T08:00:00-00:00,2031-01-01T07:59:59-00:00,2018-11-29T00:00:00,2030-12-31T23:59:59
AS_NP15_EXP,ELVERTAS_2_N022,AS_NP15_EXP,,2018-11-29T08:00:00-00:00,2031-01-01T07:59:59-00:00,2018-11-29T00:00:00,2030-12-31T23:59:59
AS_NP15_EXP,EMBRCDR_2_N001,AS_NP15_EXP,,2009-03-31T07:00:00-00:00,2031-01-01T07:59:59-00:00,2009-03-31T00:00:00,2030-12-31T23:59:59
AS_NP15_EXP,EMBRCDR_2_N008,AS_NP15_EXP,,2009-03-31T07:00:00-00:00,2031-01-01T07:59:59-00:00,2009-03-31T00:00:00,2030-12-31T23:59:59
AS_NP15_EXP,EMBRCDR_2_N101,AS_NP15_EXP,,2009-03-31T07:00:00-00:00,2031-01-01T07:59:59-00:00,2009-03-31T00:00:00,2030-12-31T23:59:59
AS_NP15_EXP,EMBRCDR_2_N104,AS_NP15_EXP,,2009-03-31T07:00:00-00:00,2031-01-01T07:59:59-00:00,2009-03-31T00:00:00,2030-12-31T23:59:59
AS_NP15_EXP,EMRLDLE_6_N001,AS_NP15_EXP,,2009-03-31T07:00:00-00:00,2031-01-01T07:59:59-00:00,2009-03-31T00:00:00,2030-12-31T23:59:59
AS_NP15_EXP,EMRYSVE_1_N001,AS_NP15_EXP,,2009-03-31T07:00:00-00:00,2031-01-01T07:59:59-00:00,2009-03-31T00:00:00,2030-12-31T23:59:59
AS_NP15_EXP,EMRYSVE_1_N003,AS_NP15_EXP,,2009-03-31T07:00:00-00:00,2031-01-01T07:59:59-00:00,2009-03-31T00:00:00,2030-12-31T23:59:59
AS_NP15_EXP,ENCINAL_6_N001,AS_NP15_EXP,,2009-03-31T07:00:00-00:00,2031-01-01T07:59:59-00:00,2009-03-31T00:00:00,2030-12-31T23:59:59
AS_NP15_EXP,ENICOLS_1_N023,AS_NP15_EXP,,2015-01-15T08:00:00-00:00,2031-01-01T07:59:59-00:00,2015-01-15T00:00:00,2030-12-31T23:59:59
AS_NP15_EXP,ERTA_6_N001,AS_NP15_EXP,,2009-03-31T07:00:00-00:00,2031-01-01T07:59:59-00:00,2009-03-31T00:00:00,2030-12-31T23:59:59
AS_NP15_EXP,ESHORE_2_B1,AS_NP15_EXP,,2017-08-17T07:00:00-00:00,2031-01-01T07:59:59-00:00,2017-08-17T00:00:00,2030-12-31T23:59:59
AS_NP15_EXP,ESQUON_6_N001,AS_NP15_EXP,,2009-03-31T07:00:00-00:00,2031-01-01T07:59:59-00:00,2009-03-31T00:00:00,2030-12-31T23:59:59
AS_NP15_EXP,ESTCKTN_6_N002,AS_NP15_EXP,,2009-03-31T07:00:00-00:00,2031-01-01T07:59:59-00:00,2009-03-31T00:00:00,2030-12-31T23:59:59
AS_NP15_EXP,ESTCKTN_6_N101,AS_NP15_EXP,,2010-08-26T07:00:00-00:00,2031-01-01T07:59:59-00:00,2010-08-26T00:00:00,2030-12-31T23:59:59
AS_NP15_EXP,ESTGRND_1_LN001,AS_NP15_EXP,,2022-09-01T07:00:00-00:00,2031-01-01T07:59:59-00:00,2022-09-01T00:00:00,2030-12-31T23:59:59
AS_NP15_EXP,ESTGRND_1_N001,AS_NP15_EXP,,2022-09-01T07:00:00-00:00,2031-01-01T07:59:59-00:00,2022-09-01T00:00:00,2030-12-31T23:59:59
AS_NP15_EXP,ESTGRND_1_N005,AS_NP15_EXP,,2022-09-01T07:00:00-00:00,2031-01-01T07:59:59-00:00,2022-09-01T00:00:00,2030-12-31T23:59:59
AS_NP15_EXP,ESTGRND_1_N009,AS_NP15_EXP,,2022-09-01T07:00:00-00:00,2031-01-01T07:59:59-00:00,2022-09-01T00:00:00,2030-12-31T23:59:59
AS_NP15_EXP,ESTPRTL_1_N001,AS_NP15_EXP,,2009-03-31T07:00:00-00:00,2031-01-01T07:59:59-00:00,2009-03-31T00:00:00,2030-12-31T23:59:59
AS_NP15_EXP,ESTQNCY_6_B1,AS_NP15_EXP,,2017-08-17T07:00:00-00:00,2031-01-01T07:59:59-00:00,2017-08-17T00:00:00,2030-12-31T23:59:59
AS_NP15_EXP,ESTQNCY_6_N001,AS_NP15_EXP,,2009-03-31T07:00:00-00:00,2031-01-01T07:59:59-00:00,2009-03-31T00:00:00,2030-12-31T23:59:59
AS_NP15_EXP,EUREKAA_6_N001,AS_NP15_EXP,,2009-03-31T07:00:00-00:00,2031-01-01T07:59:59-00:00,2009-03-31T00:00:00,2030-12-31T23:59:59
AS_NP15_EXP,EUREKA_6_N001,AS_NP15_EXP,,2016-08-18T07:00:00-00:00,2031-01-01T07:59:59-00:00,2016-08-18T00:00:00,2030-12-31T23:59:59
AS_NP15_EXP,EVRGREEN_1_N001,AS_NP15_EXP,,2009-03-31T07:00:00-00:00,2031-01-01T07:59:59-00:00,2009-03-31T00:00:00,2030-12-31T23:59:59
AS_NP15_EXP,EVRGREEN_1_N019,AS_NP15_EXP,,2009-03-31T07:00:00-00:00,2031-01-01T07:59:59-00:00,2009-03-31T00:00:00,2030-12-31T23:59:59
AS_NP15_EXP,EXCHQRTP_7_B1,AS_NP15_EXP,,2017-08-17T07:00:00-00:00,2031-01-01T07:59:59-00:00,2017-08-17T00:00:00,2030-12-31T23:59:59
AS_NP15_EXP,EXCHQUER_7_B1,AS_NP15_EXP,,2009-03-31T07:00:00-00:00,2031-01-01T07:59:59-00:00,2009-03-31T00:00:00,2030-12-31T23:59:59
AS_NP15_EXP,EXXONBH_7_B2,AS_NP15_EXP,,2010-02-24T08:00:00-00:00,2031-01-01T07:59:59-00:00,2010-02-24T00:00:00,2030-12-31T23:59:59
AS_NP15_EXP,EXXONBH_7_N001,AS_NP15_EXP,,2009-03-31T07:00:00-00:00,2031-01-01T07:59:59-00:00,2009-03-31T00:00:00,2030-12-31T23:59:59
AS_NP15_EXP,EXXONBH_7_N005,AS_NP15_EXP,,2025-05-13T07:00:00-00:00,2031-01-01T07:59:59-00:00,2025-05-13T00:00:00,2030-12-31T23:59:59
AS_NP15_EXP,FAIRHAVN_6_N001,AS_NP15_EXP,,2023-11-15T08:00:00-00:00,2031-01-01T07:59:59-00:00,2023-11-15T00:00:00,2030-12-31T23:59:59
AS_NP15_EXP,FAIRVIEW_6_N001,AS_NP15_EXP,,2017-11-16T08:00:00-00:00,2031-01-01T07:59:59-00:00,2017-11-16T00:00:00,2030-12-31T23:59:59
AS_NP15_EXP,FAIRVIEW_6_N002,AS_NP15_EXP,,2017-11-16T08:00:00-00:00,2031-01-01T07:59:59-00:00,2017-11-16T00:00:00,2030-12-31T23:59:59
AS_NP15_EXP,FAIRVIEW_7_N005,AS_NP15_EXP,,2023-07-27T07:00:00-00:00,2031-01-01T07:59:59-00:00,2023-07-27T00:00:00,2030-12-31T23:59:59
AS_NP15_EXP,FAYETTE_1_B1,AS_NP15_EXP,,2009-03-31T07:00:00-00:00,2031-01-01T07:59:59-00:00,2009-03-31T00:00:00,2030-12-31T23:59:59
AS_NP15_EXP,FBERBORD_1_N001,AS_NP15_EXP,,2025-05-13T07:00:00-00:00,2031-01-01T07:59:59-00:00,2025-05-13T00:00:00,2030-12-31T23:59:59
AS_NP15_EXP,FIGARDN_2_LN001,AS_NP15_EXP,,2011-03-30T07:00:00-00:00,2031-01-01T07:59:59-00:00,2011-03-30T00:00:00,2030-12-31T23:59:59
AS_NP15_EXP,FIGARDN_2_N001,AS_NP15_EXP,,2009-03-31T07:00:00-00:00,2031-01-01T07:59:59-00:00,2009-03-31T00:00:00,2030-12-31T23:59:59
AS_NP15_EXP,FIGARDN_2_N101,AS_NP15_EXP,,2009-03-31T07:00:00-00:00,2031-01-01T07:59:59-00:00,2009-03-31T00:00:00,2030-12-31T23:59:59
AS_NP15_EXP,FIREBAGH_6_N001,AS_NP15_EXP,,2009-03-31T07:00:00-00:00,2031-01-01T07:59:59-00:00,2009-03-31T00:00:00,2030-12-31T23:59:59
AS_NP15_EXP,FLINT_1_N001,AS_NP15_EXP,,2009-03-31T07:00:00-00:00,2031-01-01T07:59:59-00:00,2009-03-31T00:00:00,2030-12-31T23:59:59
AS_NP15_EXP,FLOWD3-6_7_N100,AS_NP15_EXP,,2025-05-13T07:00:00-00:00,2031-01-01T07:59:59-00:00,2025-05-13T00:00:00,2030-12-31T23:59:59
AS_NP15_EXP,FLOWD3-6_7_N101,AS_NP15_EXP,,2009-03-31T07:00:00-00:00,2031-01-01T07:59:59-00:00,2009-03-31T00:00:00,2030-12-31T23:59:59
AS_NP15_EXP,FLOWND1_1_N01,AS_NP15_EXP,,2009-03-31T07:00:00-00:00,2031-01-01T07:59:59-00:00,2009-03-31T00:00:00,2030-12-31T23:59:59
AS_NP15_EXP,FMC_1_N001,AS_NP15_EXP,,2022-09-01T07:00:00-00:00,2031-01-01T07:59:59-00:00,2022-09-01T00:00:00,2030-12-31T23:59:59
AS_NP15_EXP,FMC_1_N003,AS_NP15_EXP,,2022-09-01T07:00:00-00:00,2031-01-01T07:59:59-00:00,2022-09-01T00:00:00,2030-12-31T23:59:59
AS_NP15_EXP,FOLSOM_2_N022,AS_NP15_EXP,,2020-09-18T07:00:00-00:00,2031-01-01T07:59:59-00:00,2020-09-18T00:00:00,2030-12-31T23:59:59
AS_NP15_EXP,FOLSOM_2_N023,AS_NP15_EXP,,2020-09-18T07:00:00-00:00,2031-01-01T07:59:59-00:00,2020-09-18T00:00:00,2030-12-31T23:59:59
AS_NP15_EXP,FOLSOM_2_N024,AS_NP15_EXP,,2020-09-18T07:00:00-00:00,2031-01-01T07:59:59-00:00,2020-09-18T00:00:00,2030-12-31T23:59:59
AS_NP15_EXP,FOLSOM_2_N025,AS_NP15_EXP,,2020-09-18T07:00:00-00:00,2031-01-01T07:59:59-00:00,2020-09-18T00:00:00,2030-12-31T23:59:59
AS_NP15_EXP,FOLSOM_2_N026,AS_NP15_EXP,,2020-09-18T07:00:00-00:00,2031-01-01T07:59:59-00:00,2020-09-18T00:00:00,2030-12-31T23:59:59
AS_NP15_EXP,FOLSOM_2_N027,AS_NP15_EXP,,2020-09-18T07:00:00-00:00,2031-01-01T07:59:59-00:00,2020-09-18T00:00:00,2030-12-31T23:59:59
AS_NP15_EXP,FOLSOM_2_N028,AS_NP15_EXP,,2020-09-18T07:00:00-00:00,2031-01-01T07:59:59-00:00,2020-09-18T00:00:00,2030-12-31T23:59:59
AS_NP15_EXP,FOLSOM_2_N029,AS_NP15_EXP,,2020-09-18T07:00:00-00:00,2031-01-01T07:59:59-00:00,2020-09-18T00:00:00,2030-12-31T23:59:59
AS_NP15_EXP,FORBSTWN_7_B1,AS_NP15_EXP,,2025-05-13T07:00:00-00:00,2031-01-01T07:59:59-00:00,2025-05-13T00:00:00,2030-12-31T23:59:59
AS_NP15_EXP,FORKBUTT_7_B1,AS_NP15_EXP,,2025-05-13T07:00:00-00:00,2031-01-01T07:59:59-00:00,2025-05-13T00:00:00,2030-12-31T23:59:59
AS_NP15_EXP,FORSTHL_6_N001,AS_NP15_EXP,,2009-03-31T07:00:00-00:00,2031-01-01T07:59:59-00:00,2009-03-31T00:00:00,2030-12-31T23:59:59
AS_NP15_EXP,FORTORD_6_N001,AS_NP15_EXP,,2009-03-31T07:00:00-00:00,2031-01-01T07:59:59-00:00,2009-03-31T00:00:00,2030-12-31T23:59:59
AS_NP15_EXP,FORTORD_6_N025,AS_NP15_EXP,,2011-12-21T08:00:00-00:00,2031-01-01T07:59:59-00:00,2011-12-21T00:00:00,2030-12-31T23:59:59
AS_NP15_EXP,FORTRSS_6_N001,AS_NP15_EXP,,2009-03-31T07:00:00-00:00,2031-01-01T07:59:59-00:00,2009-03-31T00:00:00,2030-12-31T23:59:59
AS_NP15_EXP,FOSTERW_7_N001,AS_NP15_EXP,,2009-03-31T07:00:00-00:00,2031-01-01T07:59:59-00:00,2009-03-31T00:00:00,2030-12-31T23:59:59
AS_NP15_EXP,FOSTERW_7_N004,AS_NP15_EXP,,2025-05-13T07:00:00-00:00,2031-01-01T07:59:59-00:00,2025-05-13T00:00:00,2030-12-31T23:59:59
AS_NP15_EXP,FRANKLIN_6_N003,AS_NP15_EXP,,2009-03-31T07:00:00-00:00,2031-01-01T07:59:59-00:00,2009-03-31T00:00:00,2030-12-31T23:59:59
AS_NP15_EXP,FRANKLIN_6_N004,AS_NP15_EXP,,2009-03-31T07:00:00-00:00,2031-01-01T07:59:59-00:00,2009-03-31T00:00:00,2030-12-31T23:59:59
AS_NP15_EXP,FRBSTNTP_1_B1,AS_NP15_EXP,,2017-08-17T07:00:00-00:00,2031-01-01T07:59:59-00:00,2017-08-17T00:00:00,2030-12-31T23:59:59
AS_NP15_EXP,FRDCIR_6_N005,AS_NP15_EXP,,2024-03-20T07:00:00-00:00,2031-01-01T07:59:59-00:00,2024-03-20T00:00:00,2030-12-31T23:59:59
AS_NP15_EXP,FRDCIR_6_N007,AS_NP15_EXP,,2024-03-20T07:00:00-00:00,2031-01-01T07:59:59-00:00,2024-03-20T00:00:00,2030-12-31T23:59:59
AS_NP15_EXP,FREC_7_B1,AS_NP15_EXP,,2025-05-13T07:00:00-00:00,2031-01-01T07:59:59-00:00,2025-05-13T00:00:00,2030-12-31T23:59:59
AS_NP15_EXP,FREMNT_1_N001,AS_NP15_EXP,,2009-03-31T07:00:00-00:00,2031-01-01T07:59:59-00:00,2009-03-31T00:00:00,2030-12-31T23:59:59
AS_NP15_EXP,FREMNT_1_N007,AS_NP15_EXP,,2009-03-31T07:00:00-00:00,2031-01-01T07:59:59-00:00,2009-03-31T00:00:00,2030-12-31T23:59:59
AS_NP15_EXP,FREMNT_1_N013,AS_NP15_EXP,,2009-03-31T07:00:00-00:00,2031-01-01T07:59:59-00:00,2009-03-31T00:00:00,2030-12-31T23:59:59
AS_NP15_EXP,FRESNOWW_6_N001,AS_NP15_EXP,,2017-08-17T07:00:00-00:00,2031-01-01T07:59:59-00:00,2017-08-17T00:00:00,2030-12-31T23:59:59
AS_NP15_EXP,FRIANTDM_7_B1,AS_NP15_EXP,,2025-05-13T07:00:00-00:00,2031-01-01T07:59:59-00:00,2025-05-13T00:00:00,2030-12-31T23:59:59
AS_NP15_EXP,FRNCHCP_6_LN001,AS_NP15_EXP,,2010-08-26T07:00:00-00:00,2031-01-01T07:59:59-00:00,2010-08-26T00:00:00,2030-12-31T23:59:59
AS_NP15_EXP,FRNCHCP_6_N001,AS_NP15_EXP,,2010-08-26T07:00:00-00:00,2031-01-01T07:59:59-00:00,2010-08-26T00:00:00,2030-12-31T23:59:59
AS_NP15_EXP,FRNCHGLH_6_N001,AS_NP15_EXP,,2009-03-31T07:00:00-00:00,2031-01-01T07:59:59-00:00,2009-03-31T00:00:00,2030-12-31T23:59:59
AS_NP15_EXP,FRNCHMD_7_B1,AS_NP15_EXP,,2009-03-31T07:00:00-00:00,2031-01-01T07:59:59-00:00,2009-03-31T00:00:00,2030-12-31T23:59:59
AS_NP15_EXP,FRNCHMS_6_B1,AS_NP15_EXP,,2017-08-17T07:00:00-00:00,2031-01-01T07:59:59-00:00,2017-08-17T00:00:00,2030-12-31T23:59:59
AS_NP15_EXP,FRNCHMS_6_N005,AS_NP15_EXP,,2025-05-13T07:00:00-00:00,2031-01-01T07:59:59-00:00,2025-05-13T00:00:00,2030-12-31T23:59:59
AS_NP15_EXP,FROGTOWN_7_N001,AS_NP15_EXP,,2009-03-31T07:00:00-00:00,2031-01-01T07:59:59-00:00,2009-03-31T00:00:00,2030-12-31T23:59:59
AS_NP15_EXP,FROGTOWN_7_N004,AS_NP15_EXP,,2025-05-13T07:00:00-00:00,2031-01-01T07:59:59-00:00,2025-05-13T00:00:00,2030-12-31T23:59:59
AS_NP15_EXP,FROGTOWN_7_N005,AS_NP15_EXP,,2025-05-13T07:00:00-00:00,2031-01-01T07:59:59-00:00,2025-05-13T00:00:00,2030-12-31T23:59:59
AS_NP15_EXP,FRSHXPRS_6_B1,AS_NP15_EXP,,2009-03-31T07:00:00-00:00,2031-01-01T07:59:59-00:00,2009-03-31T00:00:00,2030-12-31T23:59:59
AS_NP15_EXP,FRSTGLEN_1_N001,AS_NP15_EXP,,2009-03-31T07:00:00-00:00,2031-01-01T07:59:59-00:00,2009-03-31T00:00:00,2030-12-31T23:59:59
AS_NP15_EXP,FRTSWRD_6_GN001,AS_NP15_EXP,,2025-05-13T07:00:00-00:00,2031-01-01T07:59:59-00:00,2025-05-13T00:00:00,2030-12-31T23:59:59
AS_NP15_EXP,FRTSWRD_6_N001,AS_NP15_EXP,,2009-03-31T07:00:00-00:00,2031-01-01T07:59:59-00:00,2009-03-31T00:00:00,2030-12-31T23:59:59
AS_NP15_EXP,FRTSWRD_6_N004,AS_NP15_EXP,,2025-05-13T07:00:00-00:00,2031-01-01T07:59:59-00:00,2025-05-13T00:00:00,2030-12-31T23:59:59
AS_NP15_EXP,FRUITLND_6_N001,AS_NP15_EXP,,2009-03-31T07:00:00-00:00,2031-01-01T07:59:59-00:00,2009-03-31T00:00:00,2030-12-31T23:59:59
AS_NP15_EXP,FRWTG1_7_N001,AS_NP15_EXP,,2025-05-13T07:00:00-00:00,2031-01-01T07:59:59-00:00,2025-05-13T00:00:00,2030-12-31T23:59:59
AS_NP15_EXP,FTBRGD1_7_N003,AS_NP15_EXP,,2013-07-18T07:00:00-00:00,2031-01-01T07:59:59-00:00,2013-07-18T00:00:00,2030-12-31T23:59:59
AS_NP15_EXP,FTBRGD2_7_N003,AS_NP15_EXP,,2013-07-18T07:00:00-00:00,2031-01-01T07:59:59-00:00,2013-07-18T00:00:00,2030-12-31T23:59:59
AS_NP15_EXP,FTCHMTN_6_N001,AS_NP15_EXP,,2009-03-31T07:00:00-00:00,2031-01-01T07:59:59-00:00,2009-03-31T00:00:00,2030-12-31T23:59:59
AS_NP15_EXP,FTCHMTN_6_N003,AS_NP15_EXP,,2009-03-31T07:00:00-00:00,2031-01-01T07:59:59-00:00,2009-03-31T00:00:00,2030-12-31T23:59:59
AS_NP15_EXP,FULTON_1_N020,AS_NP15_EXP,,2025-05-13T07:00:00-00:00,2031-01-01T07:59:59-00:00,2025-05-13T00:00:00,2030-12-31T23:59:59
AS_NP15_EXP,FULTON_2_B1,AS_NP15_EXP,,2017-08-17T07:00:00-00:00,2031-01-01T07:59:59-00:00,2017-08-17T00:00:00,2030-12-31T23:59:59
AS_NP15_EXP,FULTON_2_N010,AS_NP15_EXP,,2009-03-31T07:00:00-00:00,2031-01-01T07:59:59-00:00,2009-03-31T00:00:00,2030-12-31T23:59:59
AS_NP15_EXP,FULTON_2_N049,AS_NP15_EXP,,2009-03-31T07:00:00-00:00,2031-01-01T07:59:59-00:00,2009-03-31T00:00:00,2030-12-31T23:59:59
AS_NP15_EXP,GABILAN_6_N001,AS_NP15_EXP,,2009-03-31T07:00:00-00:00,2031-01-01T07:59:59-00:00,2009-03-31T00:00:00,2030-12-31T23:59:59
AS_NP15_EXP,GALLO_1_N009,AS_NP15_EXP,,2015-04-23T07:00:00-00:00,2031-01-01T07:59:59-00:00,2015-04-23T00:00:00,2030-12-31T23:59:59
AS_NP15_EXP,GANSNER_6_N101,AS_NP15_EXP,,2009-03-31T07:00:00-00:00,2031-01-01T07:59:59-00:00,2009-03-31T00:00:00,2030-12-31T23:59:59
AS_NP15_EXP,GARCIA_6_N001,AS_NP15_EXP,,2009-03-31T07:00:00-00:00,2031-01-01T07:59:59-00:00,2009-03-31T00:00:00,2030-12-31T23:59:59
AS_NP15_EXP,GATEWAY1_7_N001,AS_NP15_EXP,,2010-08-26T07:00:00-00:00,2031-01-01T07:59:59-00:00,2010-08-26T00:00:00,2030-12-31T23:59:59
AS_NP15_EXP,GATEWAY2_7_N001,AS_NP15_EXP,,2010-08-26T07:00:00-00:00,2031-01-01T07:59:59-00:00,2010-08-26T00:00:00,2030-12-31T23:59:59
AS_NP15_EXP,GATEWAY2_7_N002,AS_NP15_EXP,,2009-03-31T07:00:00-00:00,2031-01-01T07:59:59-00:00,2009-03-31T00:00:00,2030-12-31T23:59:59
AS_NP15_EXP,GATEWAY3_7_N001,AS_NP15_EXP,,2010-08-26T07:00:00-00:00,2031-01-01T07:59:59-00:00,2010-08-26T00:00:00,2030-12-31T23:59:59
AS_NP15_EXP,GATEWAY3_7_N002,AS_NP15_EXP,,2009-03-31T07:00:00-00:00,2031-01-01T07:59:59-00:00,2009-03-31T00:00:00,2030-12-31T23:59:59
AS_NP15_EXP,GATWAY_2_PL1X3-APND,AS_NP15_EXP,,2009-03-31T07:00:00-00:00,2031-01-01T07:59:59-00:00,2009-03-31T00:00:00,2030-12-31T23:59:59
AS_NP15_EXP,GEN_BUS_7_N003,AS_NP15_EXP,,2025-05-13T07:00:00-00:00,2031-01-01T07:59:59-00:00,2025-05-13T00:00:00,2030-12-31T23:59:59
AS_NP15_EXP,GEOENGY_7_B3,AS_NP15_EXP,,2009-03-31T07:00:00-00:00,2031-01-01T07:59:59-00:00,2009-03-31T00:00:00,2030-12-31T23:59:59
AS_NP15_EXP,GERBER_6_N101,AS_NP15_EXP,,2009-03-31T07:00:00-00:00,2031-01-01T07:59:59-00:00,2009-03-31T00:00:00,2030-12-31T23:59:59
AS_NP15_EXP,GEYERS56_1_B1,AS_NP15_EXP,,2017-08-17T07:00:00-00:00,2031-01-01T07:59:59-00:00,2017-08-17T00:00:00,2030-12-31T23:59:59
AS_NP15_EXP,GEYSER11_7_B1,AS_NP15_EXP,,2009-03-31T07:00:00-00:00,2031-01-01T07:59:59-00:00,2009-03-31T00:00:00,2030-12-31T23:59:59
AS_NP15_EXP,GEYSER12_7_B1,AS_NP15_EXP,,2009-03-31T07:00:00-00:00,2031-01-01T07:59:59-00:00,2009-03-31T00:00:00,2030-12-31T23:59:59
AS_NP15_EXP,GEYSER13_7_N001,AS_NP15_EXP,,2010-02-24T08:00:00-00:00,2031-01-01T07:59:59-00:00,2010-02-24T00:00:00,2030-12-31T23:59:59
AS_NP15_EXP,GEYSER14_7_N001,AS_NP15_EXP,,2010-02-24T08:00:00-00:00,2031-01-01T07:59:59-00:00,2010-02-24T00:00:00,2030-12-31T23:59:59
AS_NP15_EXP,GEYSER16_7_B1,AS_NP15_EXP,,2009-03-31T07:00:00-00:00,2031-01-01T07:59:59-00:00,2009-03-31T00:00:00,2030-12-31T23:59:59
AS_NP15_EXP,GEYSER17_7_B1,AS_NP15_EXP,,2009-03-31T07:00:00-00:00,2031-01-01T07:59:59-00:00,2009-03-31T00:00:00,2030-12-31T23:59:59
AS_NP15_EXP,GEYSER18_7_B1,AS_NP15_EXP,,2009-03-31T07:00:00-00:00,2031-01-01T07:59:59-00:00,2009-03-31T00:00:00,2030-12-31T23:59:59
AS_NP15_EXP,GEYSER20_7_B1,AS_NP15_EXP,,2009-03-31T07:00:00-00:00,2031-01-01T07:59:59-00:00,2009-03-31T00:00:00,2030-12-31T23:59:59
AS_NP15_EXP,GEYSER78_7_B1,AS_NP15_EXP,,2009-03-31T07:00:00-00:00,2031-01-01T07:59:59-00:00,2009-03-31T00:00:00,2030-12-31T23:59:59
AS_NP15_EXP,GEYSER78_7_B3,AS_NP15_EXP,,2009-03-31T07:00:00-00:00,2031-01-01T07:59:59-00:00,2009-03-31T00:00:00,2030-12-31T23:59:59
AS_NP15_EXP,GEYSR16_2_N006,AS_NP15_EXP,,2009-06-25T07:00:00-00:00,2031-01-01T07:59:59-00:00,2009-06-25T00:00:00,2030-12-31T23:59:59
AS_NP15_EXP,GEYSR17_2_N005,AS_NP15_EXP,,2009-06-25T07:00:00-00:00,2031-01-01T07:59:59-00:00,2009-06-25T00:00:00,2030-12-31T23:59:59
AS_NP15_EXP,GEYSR18_2_N002,AS_NP15_EXP,,2009-06-25T07:00:00-00:00,2031-01-01T07:59:59-00:00,2009-06-25T00:00:00,2030-12-31T23:59:59
AS_NP15_EXP,GEYSR20_2_N002,AS_NP15_EXP,,2009-06-25T07:00:00-00:00,2031-01-01T07:59:59-00:00,2009-06-25T00:00:00,2030-12-31T23:59:59
AS_NP15_EXP,GEYSR5-6_7_B2,AS_NP15_EXP,,2009-03-31T07:00:00-00:00,2031-01-01T07:59:59-00:00,2009-03-31T00:00:00,2030-12-31T23:59:59
AS_NP15_EXP,GEYSR5-6_7_B3,AS_NP15_EXP,,2009-03-31T07:00:00-00:00,2031-01-01T07:59:59-00:00,2009-03-31T00:00:00,2030-12-31T23:59:59
AS_NP15_EXP,GEYSR5-6_7_N001,AS_NP15_EXP,,2009-03-31T07:00:00-00:00,2031-01-01T07:59:59-00:00,2009-03-31T00:00:00,2030-12-31T23:59:59
AS_NP15_EXP,GIFFEN_6_B1,AS_NP15_EXP,,2017-08-17T07:00:00-00:00,2031-01-01T07:59:59-00:00,2017-08-17T00:00:00,2030-12-31T23:59:59
AS_NP15_EXP,GIFFEN_6_N001,AS_NP15_EXP,,2016-05-19T07:00:00-00:00,2031-01-01T07:59:59-00:00,2016-05-19T00:00:00,2030-12-31T23:59:59
AS_NP15_EXP,GIFFGEN_7_N001,AS_NP15_EXP,,2025-05-13T07:00:00-00:00,2031-01-01T07:59:59-00:00,2025-05-13T00:00:00,2030-12-31T23:59:59
AS_NP15_EXP,GIFFGEN_7_N002,AS_NP15_EXP,,2025-05-13T07:00:00-00:00,2031-01-01T07:59:59-00:00,2025-05-13T00:00:00,2030-12-31T23:59:59
AS_NP15_EXP,GILLRAN_1_LN001,AS_NP15_EXP,,2010-08-26T07:00:00-00:00,2031-01-01T07:59:59-00:00,2010-08-26T00:00:00,2030-12-31T23:59:59
AS_NP15_EXP,GILROYF_1_B1,AS_NP15_EXP,,2017-08-17T07:00:00-00:00,2031-01-01T07:59:59-00:00,2017-08-17T00:00:00,2030-12-31T23:59:59
AS_NP15_EXP,GILROYF_1_N001,AS_NP15_EXP,,2009-03-31T07:00:00-00:00,2031-01-01T07:59:59-00:00,2009-03-31T00:00:00,2030-12-31T23:59:59
AS_NP15_EXP,GILROY_1_UNIT-APND,AS_NP15_EXP,,2009-03-31T07:00:00-00:00,2031-01-01T07:59:59-00:00,2009-03-31T00:00:00,2030-12-31T23:59:59
AS_NP15_EXP,GILRPP_1_PL1X2-APND,AS_NP15_EXP,,2009-03-31T07:00:00-00:00,2031-01-01T07:59:59-00:00,2009-03-31T00:00:00,2030-12-31T23:59:59
AS_NP15_EXP,GIRVAN_6_N001,AS_NP15_EXP,,2009-03-31T07:00:00-00:00,2031-01-01T07:59:59-00:00,2009-03-31T00:00:00,2030-12-31T23:59:59
AS_NP15_EXP,GLASS_6_N001,AS_NP15_EXP,,2009-03-31T07:00:00-00:00,2031-01-01T07:59:59-00:00,2009-03-31T00:00:00,2030-12-31T23:59:59
AS_NP15_EXP,GLASS_6_N008,AS_NP15_EXP,,2024-03-20T07:00:00-00:00,2031-01-01T07:59:59-00:00,2024-03-20T00:00:00,2030-12-31T23:59:59
AS_NP15_EXP,GLDHLGNC_7_N001,AS_NP15_EXP,,2017-08-17T07:00:00-00:00,2031-01-01T07:59:59-00:00,2017-08-17T00:00:00,2030-12-31T23:59:59
AS_NP15_EXP,GLEAFTP_1_B1,AS_NP15_EXP,,2017-08-17T07:00:00-00:00,2031-01-01T07:59:59-00:00,2017-08-17T00:00:00,2030-12-31T23:59:59
AS_NP15_EXP,GLENN_6_N024,AS_NP15_EXP,,2011-08-12T07:00:00-00:00,2031-01-01T07:59:59-00:00,2011-08-12T00:00:00,2030-12-31T23:59:59
AS_NP15_EXP,GLENWOOD_6_N001,AS_NP15_EXP,,2009-03-31T07:00:00-00:00,2031-01-01T07:59:59-00:00,2009-03-31T00:00:00,2030-12-31T23:59:59
AS_NP15_EXP,GLENWOOD_6_N004,AS_NP15_EXP,,2009-03-31T07:00:00-00:00,2031-01-01T07:59:59-00:00,2009-03-31T00:00:00,2030-12-31T23:59:59
AS_NP15_EXP,GLENWOOD_6_N005,AS_NP15_EXP,,2009-03-31T07:00:00-00:00,2031-01-01T07:59:59-00:00,2009-03-31T00:00:00,2030-12-31T23:59:59
AS_NP15_EXP,GLRYCGG1_7_B2,AS_NP15_EXP,,2009-03-31T07:00:00-00:00,2031-01-01T07:59:59-00:00,2009-03-31T00:00:00,2030-12-31T23:59:59
AS_NP15_EXP,GLRYCGG1_7_N001,AS_NP15_EXP,,2009-03-31T07:00:00-00:00,2031-01-01T07:59:59-00:00,2009-03-31T00:00:00,2030-12-31T23:59:59
AS_NP15_EXP,GLRYCGS2_7_B1,AS_NP15_EXP,,2023-05-05T07:00:00-00:00,2031-01-01T07:59:59-00:00,2023-05-05T00:00:00,2030-12-31T23:59:59
AS_NP15_EXP,GNSOLAR_7_N002,AS_NP15_EXP,,2017-05-18T07:00:00-00:00,2031-01-01T07:59:59-00:00,2017-05-18T00:00:00,2030-12-31T23:59:59
AS_NP15_EXP,GOLDHILL_1_N033,AS_NP15_EXP,,2009-03-31T07:00:00-00:00,2031-01-01T07:59:59-00:00,2009-03-31T00:00:00,2030-12-31T23:59:59
AS_NP15_EXP,GONZAGA_7_CN1,AS_NP15_EXP,,2025-12-17T08:00:00-00:00,2031-01-01T07:59:59-00:00,2025-12-17T00:00:00,2030-12-31T23:59:59
AS_NP15_EXP,GONZAGA_7_N13,AS_NP15_EXP,,2025-10-15T07:00:00-00:00,2031-01-01T07:59:59-00:00,2025-10-15T00:00:00,2030-12-31T23:59:59
AS_NP15_EXP,GONZAGA_7_NWD1,AS_NP15_EXP,,2025-08-13T07:00:00-00:00,2031-01-01T07:59:59-00:00,2025-08-13T00:00:00,2030-12-31T23:59:59
AS_NP15_EXP,GONZAGA_7_NWD2,AS_NP15_EXP,,2025-08-13T07:00:00-00:00,2031-01-01T07:59:59-00:00,2025-08-13T00:00:00,2030-12-31T23:59:59
AS_NP15_EXP,GONZALES_6_N001,AS_NP15_EXP,,2009-03-31T07:00:00-00:00,2031-01-01T07:59:59-00:00,2009-03-31T00:00:00,2030-12-31T23:59:59
AS_NP15_EXP,GONZALES_6_N003,AS_NP15_EXP,,2009-03-31T07:00:00-00:00,2031-01-01T07:59:59-00:00,2009-03-31T00:00:00,2030-12-31T23:59:59
AS_NP15_EXP,GONZALES_6_N004,AS_NP15_EXP,,2025-05-13T07:00:00-00:00,2031-01-01T07:59:59-00:00,2025-05-13T00:00:00,2030-12-31T23:59:59
AS_NP15_EXP,GOOSEHGT_7_GN001,AS_NP15_EXP,,2009-06-25T07:00:00-00:00,2031-01-01T07:59:59-00:00,2009-06-25T00:00:00,2030-12-31T23:59:59
AS_NP15_EXP,GRANDIS_1_N004,AS_NP15_EXP,,2009-03-31T07:00:00-00:00,2031-01-01T07:59:59-00:00,2009-03-31T00:00:00,2030-12-31T23:59:59
AS_NP15_EXP,GRANDIS_1_N009,AS_NP15_EXP,,2009-03-31T07:00:00-00:00,2031-01-01T07:59:59-00:00,2009-03-31T00:00:00,2030-12-31T23:59:59
AS_NP15_EXP,GRANDIS_7_N001,AS_NP15_EXP,,2025-05-13T07:00:00-00:00,2031-01-01T07:59:59-00:00,2025-05-13T00:00:00,2030-12-31T23:59:59
AS_NP15_EXP,GRANITE_6_N001A,AS_NP15_EXP,,2009-03-31T07:00:00-00:00,2031-01-01T07:59:59-00:00,2009-03-31T00:00:00,2030-12-31T23:59:59
AS_NP15_EXP,GRANTRK_6_N001,AS_NP15_EXP,,2009-03-31T07:00:00-00:00,2031-01-01T07:59:59-00:00,2009-03-31T00:00:00,2030-12-31T23:59:59
AS_NP15_EXP,GRANT_1_N001,AS_NP15_EXP,,2009-03-31T07:00:00-00:00,2031-01-01T07:59:59-00:00,2009-03-31T00:00:00,2030-12-31T23:59:59
AS_NP15_EXP,GRANT_1_N005,AS_NP15_EXP,,2025-10-15T07:00:00-00:00,2031-01-01T07:59:59-00:00,2025-10-15T00:00:00,2030-12-31T23:59:59
AS_NP15_EXP,GRANT_7_N002,AS_NP15_EXP,,2025-10-15T07:00:00-00:00,2031-01-01T07:59:59-00:00,2025-10-15T00:00:00,2030-12-31T23:59:59
AS_NP15_EXP,GRBRVLLE_6_N001,AS_NP15_EXP,,2009-03-31T07:00:00-00:00,2031-01-01T07:59:59-00:00,2009-03-31T00:00:00,2030-12-31T23:59:59
AS_NP15_EXP,GRDNEAST_1_N101,AS_NP15_EXP,,2009-03-31T07:00:00-00:00,2031-01-01T07:59:59-00:00,2009-03-31T00:00:00,2030-12-31T23:59:59
AS_NP15_EXP,GRDNEAST_1_N102,AS_NP15_EXP,,2009-03-31T07:00:00-00:00,2031-01-01T07:59:59-00:00,2009-03-31T00:00:00,2030-12-31T23:59:59
AS_NP15_EXP,GRDNWEST_1_N001,AS_NP15_EXP,,2009-03-31T07:00:00-00:00,2031-01-01T07:59:59-00:00,2009-03-31T00:00:00,2030-12-31T23:59:59
AS_NP15_EXP,GREENBRE_6_N001,AS_NP15_EXP,,2009-03-31T07:00:00-00:00,2031-01-01T07:59:59-00:00,2009-03-31T00:00:00,2030-12-31T23:59:59
AS_NP15_EXP,GREENBRE_6_N003,AS_NP15_EXP,,2009-03-31T07:00:00-00:00,2031-01-01T07:59:59-00:00,2009-03-31T00:00:00,2030-12-31T23:59:59
AS_NP15_EXP,GREGG_2_B1,AS_NP15_EXP,,2017-08-17T07:00:00-00:00,2031-01-01T07:59:59-00:00,2017-08-17T00:00:00,2030-12-31T23:59:59
AS_NP15_EXP,GRIDLEY_6_N001,AS_NP15_EXP,,2009-03-31T07:00:00-00:00,2031-01-01T07:59:59-00:00,2009-03-31T00:00:00,2030-12-31T23:59:59
AS_NP15_EXP,GRIDLEY_6_N004,AS_NP15_EXP,,2025-05-13T07:00:00-00:00,2031-01-01T07:59:59-00:00,2025-05-13T00:00:00,2030-12-31T23:59:59
AS_NP15_EXP,GRIZZLY1_1_B1,AS_NP15_EXP,,2017-08-17T07:00:00-00:00,2031-01-01T07:59:59-00:00,2017-08-17T00:00:00,2030-12-31T23:59:59
AS_NP15_EXP,GRIZZLYG_7_B1,AS_NP15_EXP,,2009-03-31T07:00:00-00:00,2031-01-01T07:59:59-00:00,2009-03-31T00:00:00,2030-12-31T23:59:59
AS_NP15_EXP,GRIZZLY_7_N001,AS_NP15_EXP,,2009-03-31T07:00:00-00:00,2031-01-01T07:59:59-00:00,2009-03-31T00:00:00,2030-12-31T23:59:59
AS_NP15_EXP,GRIZZLY_7_N101,AS_NP15_EXP,,2025-05-13T07:00:00-00:00,2031-01-01T07:59:59-00:00,2025-05-13T00:00:00,2030-12-31T23:59:59
AS_NP15_EXP,GRNLEAF1_1_N001,AS_NP15_EXP,,2021-08-25T07:00:00-00:00,2031-01-01T07:59:59-00:00,2021-08-25T00:00:00,2030-12-31T23:59:59
AS_NP15_EXP,GRNLEAF1_1_N002,AS_NP15_EXP,,2021-08-25T07:00:00-00:00,2031-01-01T07:59:59-00:00,2021-08-25T00:00:00,2030-12-31T23:59:59
AS_NP15_EXP,GRNLEAF2_7_N001,AS_NP15_EXP,,2010-02-24T08:00:00-00:00,2031-01-01T07:59:59-00:00,2010-02-24T00:00:00,2030-12-31T23:59:59
AS_NP15_EXP,GRNTVRNL_1_LN001,AS_NP15_EXP,,2010-06-17T07:00:00-00:00,2031-01-01T07:59:59-00:00,2010-06-17T00:00:00,2030-12-31T23:59:59
AS_NP15_EXP,GRNVALY_1_N001,AS_NP15_EXP,,2021-02-04T08:00:00-00:00,2031-01-01T07:59:59-00:00,2021-02-04T00:00:00,2030-12-31T23:59:59
AS_NP15_EXP,GRNVALY_1_N011,AS_NP15_EXP,,2021-02-04T08:00:00-00:00,2031-01-01T07:59:59-00:00,2021-02-04T00:00:00,2030-12-31T23:59:59
AS_NP15_EXP,GRNVALY_1_N025,AS_NP15_EXP,,2025-05-13T07:00:00-00:00,2031-01-01T07:59:59-00:00,2025-05-13T00:00:00,2030-12-31T23:59:59
AS_NP15_EXP,GRNVALY_1_N035,AS_NP15_EXP,,2017-08-17T07:00:00-00:00,2031-01-01T07:59:59-00:00,2017-08-17T00:00:00,2030-12-31T23:59:59
AS_NP15_EXP,GRONMYER_6_N001,AS_NP15_EXP,,2009-03-31T07:00:00-00:00,2031-01-01T07:59:59-00:00,2009-03-31T00:00:00,2030-12-31T23:59:59
AS_NP15_EXP,GROUSCRK_6_N001,AS_NP15_EXP,,2009-03-31T07:00:00-00:00,2031-01-01T07:59:59-00:00,2009-03-31T00:00:00,2030-12-31T23:59:59
AS_NP15_EXP,GROUSCRK_6_N002,AS_NP15_EXP,,2025-05-13T07:00:00-00:00,2031-01-01T07:59:59-00:00,2025-05-13T00:00:00,2030-12-31T23:59:59
AS_NP15_EXP,GROYPKR1_7_B1,AS_NP15_EXP,,2023-05-05T07:00:00-00:00,2031-01-01T07:59:59-00:00,2023-05-05T00:00:00,2030-12-31T23:59:59
AS_NP15_EXP,GROYPKR2_7_B1,AS_NP15_EXP,,2023-05-05T07:00:00-00:00,2031-01-01T07:59:59-00:00,2023-05-05T00:00:00,2030-12-31T23:59:59
AS_NP15_EXP,GROYPKR3_7_B1,AS_NP15_EXP,,2009-03-31T07:00:00-00:00,2031-01-01T07:59:59-00:00,2009-03-31T00:00:00,2030-12-31T23:59:59
AS_NP15_EXP,GROYPKR_1_N005,AS_NP15_EXP,,2009-06-25T07:00:00-00:00,2031-01-01T07:59:59-00:00,2009-06-25T00:00:00,2030-12-31T23:59:59
AS_NP15_EXP,GRSSVLY_6_N101,AS_NP15_EXP,,2009-03-31T07:00:00-00:00,2031-01-01T07:59:59-00:00,2009-03-31T00:00:00,2030-12-31T23:59:59
AS_NP15_EXP,GRYSFLT_6_N001,AS_NP15_EXP,,2009-03-31T07:00:00-00:00,2031-01-01T07:59:59-00:00,2009-03-31T00:00:00,2030-12-31T23:59:59
AS_NP15_EXP,GUALALA_6_N001,AS_NP15_EXP,,2025-08-13T07:00:00-00:00,2031-01-01T07:59:59-00:00,2025-08-13T00:00:00,2030-12-31T23:59:59
AS_NP15_EXP,GUALALA_6_N003,AS_NP15_EXP,,2009-03-31T07:00:00-00:00,2031-01-01T07:59:59-00:00,2009-03-31T00:00:00,2030-12-31T23:59:59
AS_NP15_EXP,GUERNSEY_6_N007,AS_NP15_EXP,,2025-05-13T07:00:00-00:00,2031-01-01T07:59:59-00:00,2025-05-13T00:00:00,2030-12-31T23:59:59
AS_NP15_EXP,GUERSEY_7_B1,AS_NP15_EXP,,2015-10-22T07:00:00-00:00,2031-01-01T07:59:59-00:00,2015-10-22T00:00:00,2030-12-31T23:59:59
AS_NP15_EXP,GUERSEY_7_N001,AS_NP15_EXP,,2025-05-13T07:00:00-00:00,2031-01-01T07:59:59-00:00,2025-05-13T00:00:00,2030-12-31T23:59:59
AS_NP15_EXP,GUERSEY_7_N003,AS_NP15_EXP,,2025-05-13T07:00:00-00:00,2031-01-01T07:59:59-00:00,2025-05-13T00:00:00,2030-12-31T23:59:59
AS_NP15_EXP,GUSTINE_6_N001,AS_NP15_EXP,,2009-03-31T07:00:00-00:00,2031-01-01T07:59:59-00:00,2009-03-31T00:00:00,2030-12-31T23:59:59
AS_NP15_EXP,GUSTINE_6_N002,AS_NP15_EXP,,2009-03-31T07:00:00-00:00,2031-01-01T07:59:59-00:00,2009-03-31T00:00:00,2030-12-31T23:59:59
AS_NP15_EXP,GWFCT1_7_B1,AS_NP15_EXP,,2023-05-05T07:00:00-00:00,2031-01-01T07:59:59-00:00,2023-05-05T00:00:00,2030-12-31T23:59:59
AS_NP15_EXP,GWFCT2_7_B1,AS_NP15_EXP,,2023-05-05T07:00:00-00:00,2031-01-01T07:59:59-00:00,2023-05-05T00:00:00,2030-12-31T23:59:59
AS_NP15_EXP,GWFGT1_7_B1,AS_NP15_EXP,,2023-05-05T07:00:00-00:00,2031-01-01T07:59:59-00:00,2023-05-05T00:00:00,2030-12-31T23:59:59
AS_NP15_EXP,GWFGT1_7_N003,AS_NP15_EXP,,2025-05-13T07:00:00-00:00,2031-01-01T07:59:59-00:00,2025-05-13T00:00:00,2030-12-31T23:59:59
AS_NP15_EXP,GWFGT2_7_B1,AS_NP15_EXP,,2009-03-31T07:00:00-00:00,2031-01-01T07:59:59-00:00,2009-03-31T00:00:00,2030-12-31T23:59:59
AS_NP15_EXP,GWFTRCY1_7_B1,AS_NP15_EXP,,2009-03-31T07:00:00-00:00,2031-01-01T07:59:59-00:00,2009-03-31T00:00:00,2030-12-31T23:59:59
AS_NP15_EXP,GWFTRCY2_7_B1,AS_NP15_EXP,,2009-03-31T07:00:00-00:00,2031-01-01T07:59:59-00:00,2009-03-31T00:00:00,2030-12-31T23:59:59
AS_NP15_EXP,GWFTRCY3_7_B1,AS_NP15_EXP,,2011-12-21T08:00:00-00:00,2031-01-01T07:59:59-00:00,2011-12-21T00:00:00,2030-12-31T23:59:59
AS_NP15_EXP,GYS5X6_7_UNITS-APND,AS_NP15_EXP,,2009-03-31T07:00:00-00:00,2031-01-01T07:59:59-00:00,2009-03-31T00:00:00,2030-12-31T23:59:59
AS_NP15_EXP,GYS7X8_7_UNITS-APND,AS_NP15_EXP,,2009-03-31T07:00:00-00:00,2031-01-01T07:59:59-00:00,2009-03-31T00:00:00,2030-12-31T23:59:59
AS_NP15_EXP,GYSR78TP_1_N005,AS_NP15_EXP,,2009-06-25T07:00:00-00:00,2031-01-01T07:59:59-00:00,2009-06-25T00:00:00,2030-12-31T23:59:59
AS_NP15_EXP,GYSRVLLE_6_N001,AS_NP15_EXP,,2009-03-31T07:00:00-00:00,2031-01-01T07:59:59-00:00,2009-03-31T00:00:00,2030-12-31T23:59:59
AS_NP15_EXP,GYSRVLLE_6_N003,AS_NP15_EXP,,2009-03-31T07:00:00-00:00,2031-01-01T07:59:59-00:00,2009-03-31T00:00:00,2030-12-31T23:59:59
AS_NP15_EXP,GYSRVLLE_6_N005,AS_NP15_EXP,,2009-03-31T07:00:00-00:00,2031-01-01T07:59:59-00:00,2009-03-31T00:00:00,2030-12-31T23:59:59
AS_NP15_EXP,HAASPH_7_PL1X2-APND,AS_NP15_EXP,,2009-03-31T07:00:00-00:00,2031-01-01T07:59:59-00:00,2009-03-31T00:00:00,2030-12-31T23:59:59
AS_NP15_EXP,HAAS_2_B1,AS_NP15_EXP,,2017-08-17T07:00:00-00:00,2031-01-01T07:59:59-00:00,2017-08-17T00:00:00,2030-12-31T23:59:59
AS_NP15_EXP,HAAS_7_B1,AS_NP15_EXP,,2009-03-31T07:00:00-00:00,2031-01-01T07:59:59-00:00,2009-03-31T00:00:00,2030-12-31T23:59:59
AS_NP15_EXP,HAAS_7_B11,AS_NP15_EXP,,2009-03-31T07:00:00-00:00,2031-01-01T07:59:59-00:00,2009-03-31T00:00:00,2030-12-31T23:59:59
AS_NP15_EXP,HAAS_7_N002,AS_NP15_EXP,,2009-09-10T07:00:00-00:00,2031-01-01T07:59:59-00:00,2009-09-10T00:00:00,2030-12-31T23:59:59
AS_NP15_EXP,HALEJ1_1_LN001,AS_NP15_EXP,,2009-12-17T08:00:00-00:00,2031-01-01T07:59:59-00:00,2009-12-17T00:00:00,2030-12-31T23:59:59
AS_NP15_EXP,HALEJ2_1_LN001,AS_NP15_EXP,,2009-12-17T08:00:00-00:00,2031-01-01T07:59:59-00:00,2009-12-17T00:00:00,2030-12-31T23:59:59
AS_NP15_EXP,HALLSFLT_6_N001,AS_NP15_EXP,,2009-03-31T07:00:00-00:00,2031-01-01T07:59:59-00:00,2009-03-31T00:00:00,2030-12-31T23:59:59
AS_NP15_EXP,HALSEYF_7_B1,AS_NP15_EXP,,2025-05-13T07:00:00-00:00,2031-01-01T07:59:59-00:00,2025-05-13T00:00:00,2030-12-31T23:59:59
AS_NP15_EXP,HALSEYF_7_N001,AS_NP15_EXP,,2009-03-31T07:00:00-00:00,2031-01-01T07:59:59-00:00,2009-03-31T00:00:00,2030-12-31T23:59:59
AS_NP15_EXP,HAMILBR_7_N001,AS_NP15_EXP,,2009-03-31T07:00:00-00:00,2031-01-01T07:59:59-00:00,2009-03-31T00:00:00,2030-12-31T23:59:59
AS_NP15_EXP,HAMILBR_7_N002,AS_NP15_EXP,,2023-05-05T07:00:00-00:00,2031-01-01T07:59:59-00:00,2023-05-05T00:00:00,2030-12-31T23:59:59
AS_NP15_EXP,HAMILTON_6_N001,AS_NP15_EXP,,2009-03-31T07:00:00-00:00,2031-01-01T07:59:59-00:00,2009-03-31T00:00:00,2030-12-31T23:59:59
AS_NP15_EXP,HAMMER_6_N001,AS_NP15_EXP,,2009-03-31T07:00:00-00:00,2031-01-01T07:59:59-00:00,2009-03-31T00:00:00,2030-12-31T23:59:59
AS_NP15_EXP,HAMMER_6_N003,AS_NP15_EXP,,2009-03-31T07:00:00-00:00,2031-01-01T07:59:59-00:00,2009-03-31T00:00:00,2030-12-31T23:59:59
AS_NP15_EXP,HAMMER_6_N004,AS_NP15_EXP,,2009-03-31T07:00:00-00:00,2031-01-01T07:59:59-00:00,2009-03-31T00:00:00,2030-12-31T23:59:59
AS_NP15_EXP,HAMMONDS_1_N001,AS_NP15_EXP,,2009-03-31T07:00:00-00:00,2031-01-01T07:59:59-00:00,2009-03-31T00:00:00,2030-12-31T23:59:59
AS_NP15_EXP,HARDING_6_N001,AS_NP15_EXP,,2026-02-11T08:00:00-00:00,2031-01-01T07:59:59-00:00,2026-02-11T00:00:00,2030-12-31T23:59:59
AS_NP15_EXP,HARDING_6_N004,AS_NP15_EXP,,2026-02-11T08:00:00-00:00,2031-01-01T07:59:59-00:00,2026-02-11T00:00:00,2030-12-31T23:59:59
AS_NP15_EXP,HARDWICK_6_N001,AS_NP15_EXP,,2020-04-22T07:00:00-00:00,2031-01-01T07:59:59-00:00,2020-04-22T00:00:00,2030-12-31T23:59:59
AS_NP15_EXP,HARRIS_6_N001,AS_NP15_EXP,,2009-03-31T07:00:00-00:00,2031-01-01T07:59:59-00:00,2009-03-31T00:00:00,2030-12-31T23:59:59
AS_NP15_EXP,HARRIS_6_N003,AS_NP15_EXP,,2009-03-31T07:00:00-00:00,2031-01-01T07:59:59-00:00,2009-03-31T00:00:00,2030-12-31T23:59:59
AS_NP15_EXP,HARTERTP_6_B1,AS_NP15_EXP,,2017-08-17T07:00:00-00:00,2031-01-01T07:59:59-00:00,2017-08-17T00:00:00,2030-12-31T23:59:59
AS_NP15_EXP,HARTER_6_N001,AS_NP15_EXP,,2009-03-31T07:00:00-00:00,2031-01-01T07:59:59-00:00,2009-03-31T00:00:00,2030-12-31T23:59:59
AS_NP15_EXP,HARTER_6_N003,AS_NP15_EXP,,2009-03-31T07:00:00-00:00,2031-01-01T07:59:59-00:00,2009-03-31T00:00:00,2030-12-31T23:59:59
AS_NP15_EXP,HARTLEY_6_N001,AS_NP15_EXP,,2009-03-31T07:00:00-00:00,2031-01-01T07:59:59-00:00,2009-03-31T00:00:00,2030-12-31T23:59:59
AS_NP15_EXP,HARTLEY_6_N004,AS_NP15_EXP,,2009-03-31T07:00:00-00:00,2031-01-01T07:59:59-00:00,2009-03-31T00:00:00,2030-12-31T23:59:59
AS_NP15_EXP,HATCRK1_6_B1,AS_NP15_EXP,,2017-08-17T07:00:00-00:00,2031-01-01T07:59:59-00:00,2017-08-17T00:00:00,2030-12-31T23:59:59
AS_NP15_EXP,HATCRK1_6_N001,AS_NP15_EXP,,2009-03-31T07:00:00-00:00,2031-01-01T07:59:59-00:00,2009-03-31T00:00:00,2030-12-31T23:59:59
AS_NP15_EXP,HATCRK1_7_B1,AS_NP15_EXP,,2023-05-05T07:00:00-00:00,2031-01-01T07:59:59-00:00,2023-05-05T00:00:00,2030-12-31T23:59:59
AS_NP15_EXP,HATCRK2_6_B1,AS_NP15_EXP,,2017-08-17T07:00:00-00:00,2031-01-01T07:59:59-00:00,2017-08-17T00:00:00,2030-12-31T23:59:59
AS_NP15_EXP,HATCRK2_7_B1,AS_NP15_EXP,,2023-05-05T07:00:00-00:00,2031-01-01T07:59:59-00:00,2023-05-05T00:00:00,2030-12-31T23:59:59
AS_NP15_EXP,HATLOSCK_6_GN001,AS_NP15_EXP,,2025-05-13T07:00:00-00:00,2031-01-01T07:59:59-00:00,2025-05-13T00:00:00,2030-12-31T23:59:59
AS_NP15_EXP,HATLOSCK_6_N001,AS_NP15_EXP,,2009-03-31T07:00:00-00:00,2031-01-01T07:59:59-00:00,2009-03-31T00:00:00,2030-12-31T23:59:59
AS_NP15_EXP,HATLOSCK_6_N011,AS_NP15_EXP,,2025-05-13T07:00:00-00:00,2031-01-01T07:59:59-00:00,2025-05-13T00:00:00,2030-12-31T23:59:59
AS_NP15_EXP,HATTON_6_N001,AS_NP15_EXP,,2009-03-31T07:00:00-00:00,2031-01-01T07:59:59-00:00,2009-03-31T00:00:00,2030-12-31T23:59:59
AS_NP15_EXP,HAYFORK_6_N001,AS_NP15_EXP,,2009-03-31T07:00:00-00:00,2031-01-01T07:59:59-00:00,2009-03-31T00:00:00,2030-12-31T23:59:59
AS_NP15_EXP,HAYPRESS_6_N002,AS_NP15_EXP,,2025-05-13T07:00:00-00:00,2031-01-01T07:59:59-00:00,2025-05-13T00:00:00,2030-12-31T23:59:59
AS_NP15_EXP,HAYPRESS_6_N003,AS_NP15_EXP,,2025-05-13T07:00:00-00:00,2031-01-01T07:59:59-00:00,2025-05-13T00:00:00,2030-12-31T23:59:59
AS_NP15_EXP,HAYPRES_7_B1,AS_NP15_EXP,,2009-03-31T07:00:00-00:00,2031-01-01T07:59:59-00:00,2009-03-31T00:00:00,2030-12-31T23:59:59
AS_NP15_EXP,HEADGATE_6_N001,AS_NP15_EXP,,2009-03-31T07:00:00-00:00,2031-01-01T07:59:59-00:00,2009-03-31T00:00:00,2030-12-31T23:59:59
AS_NP15_EXP,HELDSBRG_6_N001,AS_NP15_EXP,,2020-06-04T07:00:00-00:00,2031-01-01T07:59:59-00:00,2020-06-04T00:00:00,2030-12-31T23:59:59
AS_NP15_EXP,HELDSBRG_6_N009,AS_NP15_EXP,,2020-06-04T07:00:00-00:00,2031-01-01T07:59:59-00:00,2020-06-04T00:00:00,2030-12-31T23:59:59
AS_NP15_EXP,HELMS1_7_B1,AS_NP15_EXP,,2009-03-31T07:00:00-00:00,2031-01-01T07:59:59-00:00,2009-03-31T00:00:00,2030-12-31T23:59:59
AS_NP15_EXP,HELMS2_7_B1,AS_NP15_EXP,,2009-03-31T07:00:00-00:00,2031-01-01T07:59:59-00:00,2009-03-31T00:00:00,2030-12-31T23:59:59
AS_NP15_EXP,HELMS3_7_B1,AS_NP15_EXP,,2009-03-31T07:00:00-00:00,2031-01-01T07:59:59-00:00,2009-03-31T00:00:00,2030-12-31T23:59:59
AS_NP15_EXP,HENRITTA_6_LN001,AS_NP15_EXP,,2015-10-22T07:00:00-00:00,2031-01-01T07:59:59-00:00,2015-10-22T00:00:00,2030-12-31T23:59:59
AS_NP15_EXP,HENRITTA_6_N101,AS_NP15_EXP,,2025-04-16T07:00:00-00:00,2031-01-01T07:59:59-00:00,2025-04-16T00:00:00,2030-12-31T23:59:59
AS_NP15_EXP,HENRTGEN_7_N001,AS_NP15_EXP,,2017-08-17T07:00:00-00:00,2031-01-01T07:59:59-00:00,2017-08-17T00:00:00,2030-12-31T23:59:59
AS_NP15_EXP,HERDLYN_6_N001,AS_NP15_EXP,,2026-02-11T08:00:00-00:00,2031-01-01T07:59:59-00:00,2026-02-11T00:00:00,2030-12-31T23:59:59
AS_NP15_EXP,HERDLYN_6_N007,AS_NP15_EXP,,2009-03-31T07:00:00-00:00,2031-01-01T07:59:59-00:00,2009-03-31T00:00:00,2030-12-31T23:59:59
AS_NP15_EXP,HERDLYN_7_N001,AS_NP15_EXP,,2025-05-13T07:00:00-00:00,2031-01-01T07:59:59-00:00,2025-05-13T00:00:00,2030-12-31T23:59:59
AS_NP15_EXP,HICKS_2_N001,AS_NP15_EXP,,2017-05-18T07:00:00-00:00,2031-01-01T07:59:59-00:00,2017-05-18T00:00:00,2030-12-31T23:59:59
AS_NP15_EXP,HICKS_2_N002,AS_NP15_EXP,,2017-05-18T07:00:00-00:00,2031-01-01T07:59:59-00:00,2017-05-18T00:00:00,2030-12-31T23:59:59
AS_NP15_EXP,HICKS_2_N007,AS_NP15_EXP,,2017-05-18T07:00:00-00:00,2031-01-01T07:59:59-00:00,2017-05-18T00:00:00,2030-12-31T23:59:59
AS_NP15_EXP,HICKS_2_N012,AS_NP15_EXP,,2009-03-31T07:00:00-00:00,2031-01-01T07:59:59-00:00,2009-03-31T00:00:00,2030-12-31T23:59:59
AS_NP15_EXP,HICKS_2_N013,AS_NP15_EXP,,2017-05-18T07:00:00-00:00,2031-01-01T07:59:59-00:00,2017-05-18T00:00:00,2030-12-31T23:59:59
AS_NP15_EXP,HIGGINS_1_GN001,AS_NP15_EXP,,2025-05-13T07:00:00-00:00,2031-01-01T07:59:59-00:00,2025-05-13T00:00:00,2030-12-31T23:59:59
AS_NP15_EXP,HIGGINS_1_N001,AS_NP15_EXP,,2009-03-31T07:00:00-00:00,2031-01-01T07:59:59-00:00,2009-03-31T00:00:00,2030-12-31T23:59:59
AS_NP15_EXP,HIGGINS_1_N002,AS_NP15_EXP,,2009-03-31T07:00:00-00:00,2031-01-01T07:59:59-00:00,2009-03-31T00:00:00,2030-12-31T23:59:59
AS_NP15_EXP,HIGGINS_1_N004,AS_NP15_EXP,,2009-03-31T07:00:00-00:00,2031-01-01T07:59:59-00:00,2009-03-31T00:00:00,2030-12-31T23:59:59
AS_NP15_EXP,HIGGINS_1_N007,AS_NP15_EXP,,2009-03-31T07:00:00-00:00,2031-01-01T07:59:59-00:00,2009-03-31T00:00:00,2030-12-31T23:59:59
AS_NP15_EXP,HIGHLD_1_N001,AS_NP15_EXP,,2009-03-31T07:00:00-00:00,2031-01-01T07:59:59-00:00,2009-03-31T00:00:00,2030-12-31T23:59:59
AS_NP15_EXP,HIGHLD_1_N004,AS_NP15_EXP,,2025-05-13T07:00:00-00:00,2031-01-01T07:59:59-00:00,2025-05-13T00:00:00,2030-12-31T23:59:59
AS_NP15_EXP,HIGHLD_1_N005,AS_NP15_EXP,,2009-03-31T07:00:00-00:00,2031-01-01T07:59:59-00:00,2009-03-31T00:00:00,2030-12-31T23:59:59
AS_NP15_EXP,HIGHWAY_1_N001,AS_NP15_EXP,,2009-03-31T07:00:00-00:00,2031-01-01T07:59:59-00:00,2009-03-31T00:00:00,2030-12-31T23:59:59
AS_NP15_EXP,HIGHWAY_1_N002,AS_NP15_EXP,,2009-03-31T07:00:00-00:00,2031-01-01T07:59:59-00:00,2009-03-31T00:00:00,2030-12-31T23:59:59
AS_NP15_EXP,HIGHWAY_1_N003,AS_NP15_EXP,,2009-03-31T07:00:00-00:00,2031-01-01T07:59:59-00:00,2009-03-31T00:00:00,2030-12-31T23:59:59
AS_NP15_EXP,HIGHWND3_7_GN001,AS_NP15_EXP,,2025-05-13T07:00:00-00:00,2031-01-01T07:59:59-00:00,2025-05-13T00:00:00,2030-12-31T23:59:59
AS_NP15_EXP,HIGHWNDS_7_B1,AS_NP15_EXP,,2025-05-13T07:00:00-00:00,2031-01-01T07:59:59-00:00,2025-05-13T00:00:00,2030-12-31T23:59:59
AS_NP15_EXP,HILLSDLE_6_N001,AS_NP15_EXP,,2009-03-31T07:00:00-00:00,2031-01-01T07:59:59-00:00,2009-03-31T00:00:00,2030-12-31T23:59:59
AS_NP15_EXP,HILLSIDE_1_N001,AS_NP15_EXP,,2009-03-31T07:00:00-00:00,2031-01-01T07:59:59-00:00,2009-03-31T00:00:00,2030-12-31T23:59:59
AS_NP15_EXP,HILLSIDE_1_N004,AS_NP15_EXP,,2009-03-31T07:00:00-00:00,2031-01-01T07:59:59-00:00,2009-03-31T00:00:00,2030-12-31T23:59:59
AS_NP15_EXP,HLFMNBY_6_N002,AS_NP15_EXP,,2009-03-31T07:00:00-00:00,2031-01-01T07:59:59-00:00,2009-03-31T00:00:00,2030-12-31T23:59:59
AS_NP15_EXP,HLFMNBY_6_N004,AS_NP15_EXP,,2009-03-31T07:00:00-00:00,2031-01-01T07:59:59-00:00,2009-03-31T00:00:00,2030-12-31T23:59:59
AS_NP15_EXP,HLFMNBY_6_N101,AS_NP15_EXP,,2009-03-31T07:00:00-00:00,2031-01-01T07:59:59-00:00,2009-03-31T00:00:00,2030-12-31T23:59:59
AS_NP15_EXP,HMBBT1_7_N001,AS_NP15_EXP,,2025-05-13T07:00:00-00:00,2031-01-01T07:59:59-00:00,2025-05-13T00:00:00,2030-12-31T23:59:59
AS_NP15_EXP,HMBLDTB_1_N08,AS_NP15_EXP,,2009-03-31T07:00:00-00:00,2031-01-01T07:59:59-00:00,2009-03-31T00:00:00,2030-12-31T23:59:59
AS_NP15_EXP,HMBLTBY_6_N003,AS_NP15_EXP,,2014-02-13T08:00:00-00:00,2031-01-01T07:59:59-00:00,2014-02-13T00:00:00,2030-12-31T23:59:59
AS_NP15_EXP,HMBUNIT1_7_GN010,AS_NP15_EXP,,2022-04-27T07:00:00-00:00,2031-01-01T07:59:59-00:00,2022-04-27T00:00:00,2030-12-31T23:59:59
AS_NP15_EXP,HMBUNIT2_7_GN010,AS_NP15_EXP,,2022-04-27T07:00:00-00:00,2031-01-01T07:59:59-00:00,2022-04-27T00:00:00,2030-12-31T23:59:59
AS_NP15_EXP,HMBUNIT3_7_GN010,AS_NP15_EXP,,2023-05-05T07:00:00-00:00,2031-01-01T07:59:59-00:00,2023-05-05T00:00:00,2030-12-31T23:59:59
AS_NP15_EXP,HNTRSPT_1_LN001,AS_NP15_EXP,,2009-09-10T07:00:00-00:00,2031-01-01T07:59:59-00:00,2009-09-10T00:00:00,2030-12-31T23:59:59
AS_NP15_EXP,HNTRSPT_1_LN002,AS_NP15_EXP,,2009-09-10T07:00:00-00:00,2031-01-01T07:59:59-00:00,2009-09-10T00:00:00,2030-12-31T23:59:59
AS_NP15_EXP,HOLLISTR_1_N001,AS_NP15_EXP,,2013-11-21T08:00:00-00:00,2031-01-01T07:59:59-00:00,2013-11-21T00:00:00,2030-12-31T23:59:59
AS_NP15_EXP,HOLLISTR_1_N004,AS_NP15_EXP,,2009-03-31T07:00:00-00:00,2031-01-01T07:59:59-00:00,2009-03-31T00:00:00,2030-12-31T23:59:59
AS_NP15_EXP,HOLLISTR_1_N101,AS_NP15_EXP,,2013-11-21T08:00:00-00:00,2031-01-01T07:59:59-00:00,2013-11-21T00:00:00,2030-12-31T23:59:59
AS_NP15_EXP,HOLLISTR_7_N001,AS_NP15_EXP,,2025-05-13T07:00:00-00:00,2031-01-01T07:59:59-00:00,2025-05-13T00:00:00,2030-12-31T23:59:59
AS_NP15_EXP,HOLLISTR_7_N004,AS_NP15_EXP,,2025-05-13T07:00:00-00:00,2031-01-01T07:59:59-00:00,2025-05-13T00:00:00,2030-12-31T23:59:59
AS_NP15_EXP,HOLM1_7_B1,AS_NP15_EXP,,2019-05-23T07:00:00-00:00,2031-01-01T07:59:59-00:00,2019-05-23T00:00:00,2030-12-31T23:59:59
AS_NP15_EXP,HOLM2_7_B1,AS_NP15_EXP,,2019-05-23T07:00:00-00:00,2031-01-01T07:59:59-00:00,2019-05-23T00:00:00,2030-12-31T23:59:59
AS_NP15_EXP,HOMEGRND_1_N001,AS_NP15_EXP,,2009-03-31T07:00:00-00:00,2031-01-01T07:59:59-00:00,2009-03-31T00:00:00,2030-12-31T23:59:59
AS_NP15_EXP,HOMEPROC_1_N001,AS_NP15_EXP,,2009-03-31T07:00:00-00:00,2031-01-01T07:59:59-00:00,2009-03-31T00:00:00,2030-12-31T23:59:59
AS_NP15_EXP,HOMESTEA_6_N001,AS_NP15_EXP,,2017-02-16T08:00:00-00:00,2031-01-01T07:59:59-00:00,2017-02-16T00:00:00,2030-12-31T23:59:59
AS_NP15_EXP,HOMESTEA_6_N002,AS_NP15_EXP,,2017-02-16T08:00:00-00:00,2031-01-01T07:59:59-00:00,2017-02-16T00:00:00,2030-12-31T23:59:59
AS_NP15_EXP,HONCUT_1_N001,AS_NP15_EXP,,2009-03-31T07:00:00-00:00,2031-01-01T07:59:59-00:00,2009-03-31T00:00:00,2030-12-31T23:59:59
AS_NP15_EXP,HOOPA_6_N001,AS_NP15_EXP,,2009-03-31T07:00:00-00:00,2031-01-01T07:59:59-00:00,2009-03-31T00:00:00,2030-12-31T23:59:59
AS_NP15_EXP,HORSESHE_1_N001,AS_NP15_EXP,,2009-03-31T07:00:00-00:00,2031-01-01T07:59:59-00:00,2009-03-31T00:00:00,2030-12-31T23:59:59
AS_NP15_EXP,HORSESHE_1_N002,AS_NP15_EXP,,2009-03-31T07:00:00-00:00,2031-01-01T07:59:59-00:00,2009-03-31T00:00:00,2030-12-31T23:59:59
AS_NP15_EXP,HPLNDJT_6_N001,AS_NP15_EXP,,2009-03-31T07:00:00-00:00,2031-01-01T07:59:59-00:00,2009-03-31T00:00:00,2030-12-31T23:59:59
AS_NP15_EXP,HRIDGEGT_6_GN001,AS_NP15_EXP,,2010-04-22T07:00:00-00:00,2031-01-01T07:59:59-00:00,2010-04-22T00:00:00,2030-12-31T23:59:59
AS_NP15_EXP,HUMBOLDT_1_B1,AS_NP15_EXP,,2017-08-17T07:00:00-00:00,2031-01-01T07:59:59-00:00,2017-08-17T00:00:00,2030-12-31T23:59:59
AS_NP15_EXP,HUMBOLDT_6_B1,AS_NP15_EXP,,2015-04-23T07:00:00-00:00,2031-01-01T07:59:59-00:00,2015-04-23T00:00:00,2030-12-31T23:59:59
AS_NP15_EXP,HUMBPP_6_UNITS-APND,AS_NP15_EXP,,2015-03-28T07:00:00-00:00,2031-01-01T07:59:59-00:00,2015-03-28T00:00:00,2030-12-31T23:59:59
AS_NP15_EXP,HURLEYS_2_N001,AS_NP15_EXP,,2018-11-29T08:00:00-00:00,2031-01-01T07:59:59-00:00,2018-11-29T00:00:00,2030-12-31T23:59:59
AS_NP15_EXP,HURLEYS_2_N002,AS_NP15_EXP,,2018-11-29T08:00:00-00:00,2031-01-01T07:59:59-00:00,2018-11-29T00:00:00,2030-12-31T23:59:59
AS_NP15_EXP,HURLEYS_2_N011,AS_NP15_EXP,,2018-11-29T08:00:00-00:00,2031-01-01T07:59:59-00:00,2018-11-29T00:00:00,2030-12-31T23:59:59
AS_NP15_EXP,HURLEYS_2_N012,AS_NP15_EXP,,2018-11-29T08:00:00-00:00,2031-01-01T07:59:59-00:00,2018-11-29T00:00:00,2030-12-31T23:59:59
AS_NP15_EXP,HURLEYS_2_N013,AS_NP15_EXP,,2018-11-29T08:00:00-00:00,2031-01-01T07:59:59-00:00,2018-11-29T00:00:00,2030-12-31T23:59:59
AS_NP15_EXP,HURLEYS_2_N014,AS_NP15_EXP,,2018-11-29T08:00:00-00:00,2031-01-01T07:59:59-00:00,2018-11-29T00:00:00,2030-12-31T23:59:59
AS_NP15_EXP,HURLEYS_2_N015,AS_NP15_EXP,,2018-11-29T08:00:00-00:00,2031-01-01T07:59:59-00:00,2018-11-29T00:00:00,2030-12-31T23:59:59
AS_NP15_EXP,HURLEYS_2_N016,AS_NP15_EXP,,2018-11-29T08:00:00-00:00,2031-01-01T07:59:59-00:00,2018-11-29T00:00:00,2030-12-31T23:59:59
AS_NP15_EXP,HURLEYS_2_N017,AS_NP15_EXP,,2018-11-29T08:00:00-00:00,2031-01-01T07:59:59-00:00,2018-11-29T00:00:00,2030-12-31T23:59:59
AS_NP15_EXP,HURLEYS_2_N018,AS_NP15_EXP,,2018-11-29T08:00:00-00:00,2031-01-01T07:59:59-00:00,2018-11-29T00:00:00,2030-12-31T23:59:59
AS_NP15_EXP,HURLEYS_2_N019,AS_NP15_EXP,,2018-11-29T08:00:00-00:00,2031-01-01T07:59:59-00:00,2018-11-29T00:00:00,2030-12-31T23:59:59
AS_NP15_EXP,HURLEYS_2_N020,AS_NP15_EXP,,2018-11-29T08:00:00-00:00,2031-01-01T07:59:59-00:00,2018-11-29T00:00:00,2030-12-31T23:59:59
AS_NP15_EXP,HURLEYS_2_N021,AS_NP15_EXP,,2018-11-29T08:00:00-00:00,2031-01-01T07:59:59-00:00,2018-11-29T00:00:00,2030-12-31T23:59:59
AS_NP15_EXP,HURLEYS_2_N022,AS_NP15_EXP,,2018-11-29T08:00:00-00:00,2031-01-01T07:59:59-00:00,2018-11-29T00:00:00,2030-12-31T23:59:59
AS_NP15_EXP,HURLEYS_2_N023,AS_NP15_EXP,,2018-11-29T08:00:00-00:00,2031-01-01T07:59:59-00:00,2018-11-29T00:00:00,2030-12-31T23:59:59
AS_NP15_EXP,HURLEYS_2_N024,AS_NP15_EXP,,2018-11-29T08:00:00-00:00,2031-01-01T07:59:59-00:00,2018-11-29T00:00:00,2030-12-31T23:59:59
AS_NP15_EXP,HURLEYS_2_N025,AS_NP15_EXP,,2018-11-29T08:00:00-00:00,2031-01-01T07:59:59-00:00,2018-11-29T00:00:00,2030-12-31T23:59:59
AS_NP15_EXP,HYATT1_7_B1,AS_NP15_EXP,,2009-03-31T07:00:00-00:00,2031-01-01T07:59:59-00:00,2009-03-31T00:00:00,2030-12-31T23:59:59
AS_NP15_EXP,HYATT2_7_B1,AS_NP15_EXP,,2009-03-31T07:00:00-00:00,2031-01-01T07:59:59-00:00,2009-03-31T00:00:00,2030-12-31T23:59:59
AS_NP15_EXP,HYATT3_7_B1,AS_NP15_EXP,,2009-03-31T07:00:00-00:00,2031-01-01T07:59:59-00:00,2009-03-31T00:00:00,2030-12-31T23:59:59
AS_NP15_EXP,HYATT4_7_B1,AS_NP15_EXP,,2009-03-31T07:00:00-00:00,2031-01-01T07:59:59-00:00,2009-03-31T00:00:00,2030-12-31T23:59:59
AS_NP15_EXP,HYATT5_7_B1,AS_NP15_EXP,,2009-03-31T07:00:00-00:00,2031-01-01T07:59:59-00:00,2009-03-31T00:00:00,2030-12-31T23:59:59
AS_NP15_EXP,HYATT6_7_B1,AS_NP15_EXP,,2009-03-31T07:00:00-00:00,2031-01-01T07:59:59-00:00,2009-03-31T00:00:00,2030-12-31T23:59:59
AS_NP15_EXP,HYATT_2_N212,AS_NP15_EXP,,2009-03-31T07:00:00-00:00,2031-01-01T07:59:59-00:00,2009-03-31T00:00:00,2030-12-31T23:59:59
AS_NP15_EXP,HYMPOMJT_6_N005,AS_NP15_EXP,,2009-03-31T07:00:00-00:00,2031-01-01T07:59:59-00:00,2009-03-31T00:00:00,2030-12-31T23:59:59
AS_NP15_EXP,HYTTHM_2_UNITS-APND,AS_NP15_EXP,,2009-03-31T07:00:00-00:00,2031-01-01T07:59:59-00:00,2009-03-31T00:00:00,2030-12-31T23:59:59
AS_NP15_EXP,IBM-CTLE_1_N001,AS_NP15_EXP,,2009-03-31T07:00:00-00:00,2031-01-01T07:59:59-00:00,2009-03-31T00:00:00,2030-12-31T23:59:59
AS_NP15_EXP,IBM-HRRS_1_N001,AS_NP15_EXP,,2009-03-31T07:00:00-00:00,2031-01-01T07:59:59-00:00,2009-03-31T00:00:00,2030-12-31T23:59:59
AS_NP15_EXP,IBM-HRRS_1_N101,AS_NP15_EXP,,2009-03-31T07:00:00-00:00,2031-01-01T07:59:59-00:00,2009-03-31T00:00:00,2030-12-31T23:59:59
AS_NP15_EXP,IBMCTLE_1_GN001,AS_NP15_EXP,,2009-12-17T08:00:00-00:00,2031-01-01T07:59:59-00:00,2009-12-17T00:00:00,2030-12-31T23:59:59
AS_NP15_EXP,IENERGY_7_B1,AS_NP15_EXP,,2011-10-13T07:00:00-00:00,2031-01-01T07:59:59-00:00,2011-10-13T00:00:00,2030-12-31T23:59:59
AS_NP15_EXP,IGNACIO_1_N028,AS_NP15_EXP,,2025-05-13T07:00:00-00:00,2031-01-01T07:59:59-00:00,2025-05-13T00:00:00,2030-12-31T23:59:59
AS_NP15_EXP,IGNACIO_1_N102,AS_NP15_EXP,,2009-03-31T07:00:00-00:00,2031-01-01T07:59:59-00:00,2009-03-31T00:00:00,2030-12-31T23:59:59
AS_NP15_EXP,IMHOFF_1_N001,AS_NP15_EXP,,2009-03-31T07:00:00-00:00,2031-01-01T07:59:59-00:00,2009-03-31T00:00:00,2030-12-31T23:59:59
AS_NP15_EXP,INDACRE_6_N001,AS_NP15_EXP,,2009-03-31T07:00:00-00:00,2031-01-01T07:59:59-00:00,2009-03-31T00:00:00,2030-12-31T23:59:59
AS_NP15_EXP,INDIANV_7_B1,AS_NP15_EXP,,2025-05-13T07:00:00-00:00,2031-01-01T07:59:59-00:00,2025-05-13T00:00:00,2030-12-31T23:59:59
AS_NP15_EXP,INDNFLT_6_N001,AS_NP15_EXP,,2009-03-31T07:00:00-00:00,2031-01-01T07:59:59-00:00,2009-03-31T00:00:00,2030-12-31T23:59:59
AS_NP15_EXP,INEPRSN_6_N001,AS_NP15_EXP,,2009-03-31T07:00:00-00:00,2031-01-01T07:59:59-00:00,2009-03-31T00:00:00,2030-12-31T23:59:59
AS_NP15_EXP,INGRMC_1_N001,AS_NP15_EXP,,2009-03-31T07:00:00-00:00,2031-01-01T07:59:59-00:00,2009-03-31T00:00:00,2030-12-31T23:59:59
AS_NP15_EXP,INSKIP_6_B1,AS_NP15_EXP,,2017-08-17T07:00:00-00:00,2031-01-01T07:59:59-00:00,2017-08-17T00:00:00,2030-12-31T23:59:59
AS_NP15_EXP,INSKIP_7_B1,AS_NP15_EXP,,2023-05-05T07:00:00-00:00,2031-01-01T07:59:59-00:00,2023-05-05T00:00:00,2030-12-31T23:59:59
AS_NP15_EXP,INTAKE_2_N029,AS_NP15_EXP,,2009-03-31T07:00:00-00:00,2031-01-01T07:59:59-00:00,2009-03-31T00:00:00,2030-12-31T23:59:59
AS_NP15_EXP,INTKEP_2_UNITS-APND,AS_NP15_EXP,,2009-03-31T07:00:00-00:00,2031-01-01T07:59:59-00:00,2009-03-31T00:00:00,2030-12-31T23:59:59
AS_NP15_EXP,INTLTUR_6_B1,AS_NP15_EXP,,2026-02-11T08:00:00-00:00,2031-01-01T07:59:59-00:00,2026-02-11T00:00:00,2030-12-31T23:59:59
AS_NP15_EXP,INTLTUR_6_N003,AS_NP15_EXP,,2026-02-11T08:00:00-00:00,2031-01-01T07:59:59-00:00,2026-02-11T00:00:00,2030-12-31T23:59:59
AS_NP15_EXP,IUKA_6_N001,AS_NP15_EXP,,2009-03-31T07:00:00-00:00,2031-01-01T07:59:59-00:00,2009-03-31T00:00:00,2030-12-31T23:59:59
AS_NP15_EXP,JACALITO_6_N001,AS_NP15_EXP,,2009-03-31T07:00:00-00:00,2031-01-01T07:59:59-00:00,2009-03-31T00:00:00,2030-12-31T23:59:59
AS_NP15_EXP,JACINTO_6_N001,AS_NP15_EXP,,2009-03-31T07:00:00-00:00,2031-01-01T07:59:59-00:00,2009-03-31T00:00:00,2030-12-31T23:59:59
AS_NP15_EXP,JAMESON_1_N001,AS_NP15_EXP,,2009-03-31T07:00:00-00:00,2031-01-01T07:59:59-00:00,2009-03-31T00:00:00,2030-12-31T23:59:59
AS_NP15_EXP,JAMESON_1_N009,AS_NP15_EXP,,2011-12-21T08:00:00-00:00,2031-01-01T07:59:59-00:00,2011-12-21T00:00:00,2030-12-31T23:59:59
AS_NP15_EXP,JANSCRK_6_N001,AS_NP15_EXP,,2021-10-06T07:00:00-00:00,2031-01-01T07:59:59-00:00,2021-10-06T00:00:00,2030-12-31T23:59:59
AS_NP15_EXP,JANSCRK_6_N003,AS_NP15_EXP,,2009-03-31T07:00:00-00:00,2031-01-01T07:59:59-00:00,2009-03-31T00:00:00,2030-12-31T23:59:59
AS_NP15_EXP,JARVIS_1_GN001,AS_NP15_EXP,,2009-12-17T08:00:00-00:00,2031-01-01T07:59:59-00:00,2009-12-17T00:00:00,2030-12-31T23:59:59
AS_NP15_EXP,JARVIS_1_N014,AS_NP15_EXP,,2009-03-31T07:00:00-00:00,2031-01-01T07:59:59-00:00,2009-03-31T00:00:00,2030-12-31T23:59:59
AS_NP15_EXP,JARVIS_1_N016,AS_NP15_EXP,,2009-03-31T07:00:00-00:00,2031-01-01T07:59:59-00:00,2009-03-31T00:00:00,2030-12-31T23:59:59
AS_NP15_EXP,JARVIS_1_N017,AS_NP15_EXP,,2009-03-31T07:00:00-00:00,2031-01-01T07:59:59-00:00,2009-03-31T00:00:00,2030-12-31T23:59:59
AS_NP15_EXP,JARVIS_1_N101,AS_NP15_EXP,,2009-03-31T07:00:00-00:00,2031-01-01T07:59:59-00:00,2009-03-31T00:00:00,2030-12-31T23:59:59
AS_NP15_EXP,JBBLACK1_7_B1,AS_NP15_EXP,,2009-03-31T07:00:00-00:00,2031-01-01T07:59:59-00:00,2009-03-31T00:00:00,2030-12-31T23:59:59
AS_NP15_EXP,JBBLACK2_7_B1,AS_NP15_EXP,,2009-03-31T07:00:00-00:00,2031-01-01T07:59:59-00:00,2009-03-31T00:00:00,2030-12-31T23:59:59
AS_NP15_EXP,JCBSCRNR_6_N001,AS_NP15_EXP,,2009-03-31T07:00:00-00:00,2031-01-01T07:59:59-00:00,2009-03-31T00:00:00,2030-12-31T23:59:59
AS_NP15_EXP,JCBSCRNR_6_N003,AS_NP15_EXP,,2009-03-31T07:00:00-00:00,2031-01-01T07:59:59-00:00,2009-03-31T00:00:00,2030-12-31T23:59:59
AS_NP15_EXP,JENNINGS_6_N001,AS_NP15_EXP,,2009-03-31T07:00:00-00:00,2031-01-01T07:59:59-00:00,2009-03-31T00:00:00,2030-12-31T23:59:59
AS_NP15_EXP,JENNY_1_N001,AS_NP15_EXP,,2009-03-31T07:00:00-00:00,2031-01-01T07:59:59-00:00,2009-03-31T00:00:00,2030-12-31T23:59:59
AS_NP15_EXP,JENNY_1_N008,AS_NP15_EXP,,2009-03-31T07:00:00-00:00,2031-01-01T07:59:59-00:00,2009-03-31T00:00:00,2030-12-31T23:59:59
AS_NP15_EXP,JESSUP_1_GN001,AS_NP15_EXP,,2011-03-31T07:00:00-00:00,2031-01-01T07:59:59-00:00,2011-03-31T00:00:00,2030-12-31T23:59:59
AS_NP15_EXP,JESSUP_1_N001,AS_NP15_EXP,,2009-03-31T07:00:00-00:00,2031-01-01T07:59:59-00:00,2009-03-31T00:00:00,2030-12-31T23:59:59
AS_NP15_EXP,JMEAGLE_6_N002,AS_NP15_EXP,,2024-12-18T08:00:00-00:00,2031-01-01T07:59:59-00:00,2024-12-18T00:00:00,2030-12-31T23:59:59
AS_NP15_EXP,JMSCNPMP_1_N001,AS_NP15_EXP,,2009-03-31T07:00:00-00:00,2031-01-01T07:59:59-00:00,2009-03-31T00:00:00,2030-12-31T23:59:59
AS_NP15_EXP,JM_6_GN001,AS_NP15_EXP,,2009-12-17T08:00:00-00:00,2031-01-01T07:59:59-00:00,2009-12-17T00:00:00,2030-12-31T23:59:59
AS_NP15_EXP,JM_6_N001,AS_NP15_EXP,,2009-03-31T07:00:00-00:00,2031-01-01T07:59:59-00:00,2009-03-31T00:00:00,2030-12-31T23:59:59
AS_NP15_EXP,JOLON_6_N001,AS_NP15_EXP,,2009-03-31T07:00:00-00:00,2031-01-01T07:59:59-00:00,2009-03-31T00:00:00,2030-12-31T23:59:59
AS_NP15_EXP,JOLON_6_N002,AS_NP15_EXP,,2015-10-22T07:00:00-00:00,2031-01-01T07:59:59-00:00,2015-10-22T00:00:00,2030-12-31T23:59:59
AS_NP15_EXP,JULIETTE_6_N001,AS_NP15_EXP,,2017-02-16T08:00:00-00:00,2031-01-01T07:59:59-00:00,2017-02-16T00:00:00,2030-12-31T23:59:59
AS_NP15_EXP,JULIETTE_6_N002,AS_NP15_EXP,,2017-02-16T08:00:00-00:00,2031-01-01T07:59:59-00:00,2017-02-16T00:00:00,2030-12-31T23:59:59
AS_NP15_EXP,JVENTER_2_N001,AS_NP15_EXP,,2009-03-31T07:00:00-00:00,2031-01-01T07:59:59-00:00,2009-03-31T00:00:00,2030-12-31T23:59:59
AS_NP15_EXP,KAMM_1_N001,AS_NP15_EXP,,2009-03-31T07:00:00-00:00,2031-01-01T07:59:59-00:00,2009-03-31T00:00:00,2030-12-31T23:59:59
AS_NP15_EXP,KANAKAJT_1_B1,AS_NP15_EXP,,2017-08-17T07:00:00-00:00,2031-01-01T07:59:59-00:00,2017-08-17T00:00:00,2030-12-31T23:59:59
AS_NP15_EXP,KANAKA_1_N001,AS_NP15_EXP,,2009-03-31T07:00:00-00:00,2031-01-01T07:59:59-00:00,2009-03-31T00:00:00,2030-12-31T23:59:59
AS_NP15_EXP,KANAKA_1_N003,AS_NP15_EXP,,2009-03-31T07:00:00-00:00,2031-01-01T07:59:59-00:00,2009-03-31T00:00:00,2030-12-31T23:59:59
AS_NP15_EXP,KANSASGN_7_N001,AS_NP15_EXP,,2013-01-03T08:00:00-00:00,2031-01-01T07:59:59-00:00,2013-01-03T00:00:00,2030-12-31T23:59:59
AS_NP15_EXP,KANSASGN_7_N002,AS_NP15_EXP,,2025-05-13T07:00:00-00:00,2031-01-01T07:59:59-00:00,2025-05-13T00:00:00,2030-12-31T23:59:59
AS_NP15_EXP,KCTYPKER_7_B1,AS_NP15_EXP,,2025-05-13T07:00:00-00:00,2031-01-01T07:59:59-00:00,2025-05-13T00:00:00,2030-12-31T23:59:59
AS_NP15_EXP,KCTYTAP_6_N005,AS_NP15_EXP,,2009-06-25T07:00:00-00:00,2031-01-01T07:59:59-00:00,2009-06-25T00:00:00,2030-12-31T23:59:59
AS_NP15_EXP,KEARNEY_6_N001,AS_NP15_EXP,,2023-03-15T07:00:00-00:00,2031-01-01T07:59:59-00:00,2023-03-15T00:00:00,2030-12-31T23:59:59
AS_NP15_EXP,KEARNEY_6_N099,AS_NP15_EXP,,2009-03-31T07:00:00-00:00,2031-01-01T07:59:59-00:00,2009-03-31T00:00:00,2030-12-31T23:59:59
AS_NP15_EXP,KEARNEY_7_N002,AS_NP15_EXP,,2025-05-13T07:00:00-00:00,2031-01-01T07:59:59-00:00,2025-05-13T00:00:00,2030-12-31T23:59:59
AS_NP15_EXP,KEKAWAKA_6_N001,AS_NP15_EXP,,2025-05-13T07:00:00-00:00,2031-01-01T07:59:59-00:00,2025-05-13T00:00:00,2030-12-31T23:59:59
AS_NP15_EXP,KELLYRDG_7_B1,AS_NP15_EXP,,2023-05-05T07:00:00-00:00,2031-01-01T07:59:59-00:00,2023-05-05T00:00:00,2030-12-31T23:59:59
AS_NP15_EXP,KELSO1_7_N001,AS_NP15_EXP,,2012-03-22T07:00:00-00:00,2031-01-01T07:59:59-00:00,2012-03-22T00:00:00,2030-12-31T23:59:59
AS_NP15_EXP,KELSO2_7_N001,AS_NP15_EXP,,2012-03-22T07:00:00-00:00,2031-01-01T07:59:59-00:00,2012-03-22T00:00:00,2030-12-31T23:59:59
AS_NP15_EXP,KELSO2_7_N002,AS_NP15_EXP,,2012-03-22T07:00:00-00:00,2031-01-01T07:59:59-00:00,2012-03-22T00:00:00,2030-12-31T23:59:59
AS_NP15_EXP,KELSO3_7_N001,AS_NP15_EXP,,2012-03-22T07:00:00-00:00,2031-01-01T07:59:59-00:00,2012-03-22T00:00:00,2030-12-31T23:59:59
AS_NP15_EXP,KELSO3_7_N002,AS_NP15_EXP,,2012-03-22T07:00:00-00:00,2031-01-01T07:59:59-00:00,2012-03-22T00:00:00,2030-12-31T23:59:59
AS_NP15_EXP,KELSO4_7_N001,AS_NP15_EXP,,2012-03-22T07:00:00-00:00,2031-01-01T07:59:59-00:00,2012-03-22T00:00:00,2030-12-31T23:59:59
AS_NP15_EXP,KELSO_2_N001,AS_NP15_EXP,,2009-12-17T08:00:00-00:00,2031-01-01T07:59:59-00:00,2009-12-17T00:00:00,2030-12-31T23:59:59
AS_NP15_EXP,KELSO_2_UNITS-APND,AS_NP15_EXP,,2012-05-22T07:00:00-00:00,2031-01-01T07:59:59-00:00,2012-05-22T00:00:00,2030-12-31T23:59:59
AS_NP15_EXP,KENNETH_6_N001,AS_NP15_EXP,,2017-02-16T08:00:00-00:00,2031-01-01T07:59:59-00:00,2017-02-16T00:00:00,2030-12-31T23:59:59
AS_NP15_EXP,KENNETH_6_N002,AS_NP15_EXP,,2017-02-16T08:00:00-00:00,2031-01-01T07:59:59-00:00,2017-02-16T00:00:00,2030-12-31T23:59:59
AS_NP15_EXP,KERCK1G1_7_B2,AS_NP15_EXP,,2009-03-31T07:00:00-00:00,2031-01-01T07:59:59-00:00,2009-03-31T00:00:00,2030-12-31T23:59:59
AS_NP15_EXP,KERCK1G1_7_N001,AS_NP15_EXP,,2009-03-31T07:00:00-00:00,2031-01-01T07:59:59-00:00,2009-03-31T00:00:00,2030-12-31T23:59:59
AS_NP15_EXP,KERCK1G2_7_B1,AS_NP15_EXP,,2009-03-31T07:00:00-00:00,2031-01-01T07:59:59-00:00,2009-03-31T00:00:00,2030-12-31T23:59:59
AS_NP15_EXP,KERCK1G3_7_B1,AS_NP15_EXP,,2009-03-31T07:00:00-00:00,2031-01-01T07:59:59-00:00,2009-03-31T00:00:00,2030-12-31T23:59:59
AS_NP15_EXP,KERCKHOF_7_B1,AS_NP15_EXP,,2025-05-13T07:00:00-00:00,2031-01-01T07:59:59-00:00,2025-05-13T00:00:00,2030-12-31T23:59:59
AS_NP15_EXP,KERMAN_6_N001,AS_NP15_EXP,,2016-11-17T08:00:00-00:00,2031-01-01T07:59:59-00:00,2016-11-17T00:00:00,2030-12-31T23:59:59
AS_NP15_EXP,KERMAN_6_N002,AS_NP15_EXP,,2015-07-23T07:00:00-00:00,2031-01-01T07:59:59-00:00,2015-07-23T00:00:00,2030-12-31T23:59:59
AS_NP15_EXP,KESWICK_2_N044,AS_NP15_EXP,,2020-09-18T07:00:00-00:00,2031-01-01T07:59:59-00:00,2020-09-18T00:00:00,2030-12-31T23:59:59
AS_NP15_EXP,KESWICK_2_N045,AS_NP15_EXP,,2020-09-18T07:00:00-00:00,2031-01-01T07:59:59-00:00,2020-09-18T00:00:00,2030-12-31T23:59:59
AS_NP15_EXP,KESWICK_2_N046,AS_NP15_EXP,,2020-09-18T07:00:00-00:00,2031-01-01T07:59:59-00:00,2020-09-18T00:00:00,2030-12-31T23:59:59
AS_NP15_EXP,KESWICK_2_N047,AS_NP15_EXP,,2020-09-18T07:00:00-00:00,2031-01-01T07:59:59-00:00,2020-09-18T00:00:00,2030-12-31T23:59:59
AS_NP15_EXP,KESWICK_2_N048,AS_NP15_EXP,,2020-09-18T07:00:00-00:00,2031-01-01T07:59:59-00:00,2020-09-18T00:00:00,2030-12-31T23:59:59
AS_NP15_EXP,KESWICK_2_N049,AS_NP15_EXP,,2020-09-18T07:00:00-00:00,2031-01-01T07:59:59-00:00,2020-09-18T00:00:00,2030-12-31T23:59:59
AS_NP15_EXP,KESWICK_2_N050,AS_NP15_EXP,,2020-09-18T07:00:00-00:00,2031-01-01T07:59:59-00:00,2020-09-18T00:00:00,2030-12-31T23:59:59
AS_NP15_EXP,KESWICK_2_N051,AS_NP15_EXP,,2020-09-18T07:00:00-00:00,2031-01-01T07:59:59-00:00,2020-09-18T00:00:00,2030-12-31T23:59:59
AS_NP15_EXP,KESWICK_6_N001,AS_NP15_EXP,,2009-03-31T07:00:00-00:00,2031-01-01T07:59:59-00:00,2009-03-31T00:00:00,2030-12-31T23:59:59
AS_NP15_EXP,KETTLEMN_6_N001,AS_NP15_EXP,,2017-08-17T07:00:00-00:00,2031-01-01T07:59:59-00:00,2017-08-17T00:00:00,2030-12-31T23:59:59
AS_NP15_EXP,KIFER_1_B1,AS_NP15_EXP,,2017-08-17T07:00:00-00:00,2031-01-01T07:59:59-00:00,2017-08-17T00:00:00,2030-12-31T23:59:59
AS_NP15_EXP,KIFER_1_N022,AS_NP15_EXP,,2018-08-23T07:00:00-00:00,2031-01-01T07:59:59-00:00,2018-08-23T00:00:00,2030-12-31T23:59:59
AS_NP15_EXP,KIFER_6_N001,AS_NP15_EXP,,2018-08-23T07:00:00-00:00,2031-01-01T07:59:59-00:00,2018-08-23T00:00:00,2030-12-31T23:59:59
AS_NP15_EXP,KIFER_6_N020,AS_NP15_EXP,,2018-08-23T07:00:00-00:00,2031-01-01T07:59:59-00:00,2018-08-23T00:00:00,2030-12-31T23:59:59
AS_NP15_EXP,KILRC1-2_7_B1,AS_NP15_EXP,,2023-05-05T07:00:00-00:00,2031-01-01T07:59:59-00:00,2023-05-05T00:00:00,2030-12-31T23:59:59
AS_NP15_EXP,KINGCTY_6_N001,AS_NP15_EXP,,2009-03-31T07:00:00-00:00,2031-01-01T07:59:59-00:00,2009-03-31T00:00:00,2030-12-31T23:59:59
AS_NP15_EXP,KINGCTY_6_N002,AS_NP15_EXP,,2009-03-31T07:00:00-00:00,2031-01-01T07:59:59-00:00,2009-03-31T00:00:00,2030-12-31T23:59:59
AS_NP15_EXP,KINGCTY_6_N005,AS_NP15_EXP,,2014-11-13T08:00:00-00:00,2031-01-01T07:59:59-00:00,2014-11-13T00:00:00,2030-12-31T23:59:59
AS_NP15_EXP,KINGSBRG_1_N001,AS_NP15_EXP,,2013-11-21T08:00:00-00:00,2031-01-01T07:59:59-00:00,2013-11-21T00:00:00,2030-12-31T23:59:59
AS_NP15_EXP,KINGSBRG_1_N008,AS_NP15_EXP,,2013-11-21T08:00:00-00:00,2031-01-01T07:59:59-00:00,2013-11-21T00:00:00,2030-12-31T23:59:59
AS_NP15_EXP,KINGSBRG_7_N002,AS_NP15_EXP,,2025-05-13T07:00:00-00:00,2031-01-01T07:59:59-00:00,2025-05-13T00:00:00,2030-12-31T23:59:59
AS_NP15_EXP,KINGSBRG_7_N003,AS_NP15_EXP,,2025-05-13T07:00:00-00:00,2031-01-01T07:59:59-00:00,2025-05-13T00:00:00,2030-12-31T23:59:59
AS_NP15_EXP,KINGSBUR_7_B1,AS_NP15_EXP,,2025-05-13T07:00:00-00:00,2031-01-01T07:59:59-00:00,2025-05-13T00:00:00,2030-12-31T23:59:59
AS_NP15_EXP,KINGSRIV_7_B1,AS_NP15_EXP,,2025-05-13T07:00:00-00:00,2031-01-01T07:59:59-00:00,2025-05-13T00:00:00,2030-12-31T23:59:59
AS_NP15_EXP,KIRKER_1_N001,AS_NP15_EXP,,2024-12-18T08:00:00-00:00,2031-01-01T07:59:59-00:00,2024-12-18T00:00:00,2030-12-31T23:59:59
AS_NP15_EXP,KIRKER_1_N005,AS_NP15_EXP,,2009-03-31T07:00:00-00:00,2031-01-01T07:59:59-00:00,2009-03-31T00:00:00,2030-12-31T23:59:59
AS_NP15_EXP,KIRKER_1_N006,AS_NP15_EXP,,2016-08-18T07:00:00-00:00,2031-01-01T07:59:59-00:00,2016-08-18T00:00:00,2030-12-31T23:59:59
AS_NP15_EXP,KIRKWD1_7_B1,AS_NP15_EXP,,2023-05-05T07:00:00-00:00,2031-01-01T07:59:59-00:00,2023-05-05T00:00:00,2030-12-31T23:59:59
AS_NP15_EXP,KIRKWD2_7_B1,AS_NP15_EXP,,2023-05-05T07:00:00-00:00,2031-01-01T07:59:59-00:00,2023-05-05T00:00:00,2030-12-31T23:59:59
AS_NP15_EXP,KIRKWD3_7_B1,AS_NP15_EXP,,2023-05-05T07:00:00-00:00,2031-01-01T07:59:59-00:00,2023-05-05T00:00:00,2030-12-31T23:59:59
AS_NP15_EXP,KMPUD_7_N001,AS_NP15_EXP,,2014-11-13T08:00:00-00:00,2031-01-01T07:59:59-00:00,2014-11-13T00:00:00,2030-12-31T23:59:59
AS_NP15_EXP,KNGHTSLD_1_N001,AS_NP15_EXP,,2009-03-31T07:00:00-00:00,2031-01-01T07:59:59-00:00,2009-03-31T00:00:00,2030-12-31T23:59:59
AS_NP15_EXP,KNGSRVR_1_B1,AS_NP15_EXP,,2017-08-17T07:00:00-00:00,2031-01-01T07:59:59-00:00,2017-08-17T00:00:00,2030-12-31T23:59:59
AS_NP15_EXP,KOLA_2_KLBBT1-APND,AS_NP15_EXP,,2025-11-15T08:00:00-00:00,2031-01-01T07:59:59-00:00,2025-11-15T00:00:00,2030-12-31T23:59:59
AS_NP15_EXP,KOLA_7_B1N004,AS_NP15_EXP,,2024-12-18T08:00:00-00:00,2031-01-01T07:59:59-00:00,2024-12-18T00:00:00,2030-12-31T23:59:59
AS_NP15_EXP,KOLA_7_B2N001,AS_NP15_EXP,,2025-05-13T07:00:00-00:00,2031-01-01T07:59:59-00:00,2025-05-13T00:00:00,2030-12-31T23:59:59
AS_NP15_EXP,KOLA_7_B3N001,AS_NP15_EXP,,2024-12-18T08:00:00-00:00,2031-01-01T07:59:59-00:00,2024-12-18T00:00:00,2030-12-31T23:59:59
AS_NP15_EXP,KONOCTI6_6_N001,AS_NP15_EXP,,2021-08-25T07:00:00-00:00,2031-01-01T07:59:59-00:00,2021-08-25T00:00:00,2030-12-31T23:59:59
AS_NP15_EXP,KONOCTI6_6_N0027,AS_NP15_EXP,,2021-08-25T07:00:00-00:00,2031-01-01T07:59:59-00:00,2021-08-25T00:00:00,2030-12-31T23:59:59
AS_NP15_EXP,KRMNFCP_7_N002,AS_NP15_EXP,,2025-05-13T07:00:00-00:00,2031-01-01T07:59:59-00:00,2025-05-13T00:00:00,2030-12-31T23:59:59
AS_NP15_EXP,KRMNFCP_7_N003,AS_NP15_EXP,,2025-05-13T07:00:00-00:00,2031-01-01T07:59:59-00:00,2025-05-13T00:00:00,2030-12-31T23:59:59
AS_NP15_EXP,KYOHO_1_LN001,AS_NP15_EXP,,2009-11-03T08:00:00-00:00,2031-01-01T07:59:59-00:00,2009-11-03T00:00:00,2030-12-31T23:59:59
AS_NP15_EXP,LAGUNATP_6_N001,AS_NP15_EXP,,2009-03-31T07:00:00-00:00,2031-01-01T07:59:59-00:00,2009-03-31T00:00:00,2030-12-31T23:59:59
AS_NP15_EXP,LAGUNITS_6_N001,AS_NP15_EXP,,2009-03-31T07:00:00-00:00,2031-01-01T07:59:59-00:00,2009-03-31T00:00:00,2030-12-31T23:59:59
AS_NP15_EXP,LAKEVILE_2_B1,AS_NP15_EXP,,2017-08-17T07:00:00-00:00,2031-01-01T07:59:59-00:00,2017-08-17T00:00:00,2030-12-31T23:59:59
AS_NP15_EXP,LAKEVLLE_1_N001,AS_NP15_EXP,,2014-02-13T08:00:00-00:00,2031-01-01T07:59:59-00:00,2014-02-13T00:00:00,2030-12-31T23:59:59
AS_NP15_EXP,LAKEVLLE_1_N028,AS_NP15_EXP,,2012-10-11T07:00:00-00:00,2031-01-01T07:59:59-00:00,2012-10-11T00:00:00,2030-12-31T23:59:59
AS_NP15_EXP,LAKEWOOD_1_N001,AS_NP15_EXP,,2009-03-31T07:00:00-00:00,2031-01-01T07:59:59-00:00,2009-03-31T00:00:00,2030-12-31T23:59:59
AS_NP15_EXP,LAKEWOOD_1_N003,AS_NP15_EXP,,2009-03-31T07:00:00-00:00,2031-01-01T07:59:59-00:00,2009-03-31T00:00:00,2030-12-31T23:59:59
AS_NP15_EXP,LAKEWOOD_1_N004,AS_NP15_EXP,,2009-03-31T07:00:00-00:00,2031-01-01T07:59:59-00:00,2009-03-31T00:00:00,2030-12-31T23:59:59
AS_NP15_EXP,LAKEWOOD_1_N006,AS_NP15_EXP,,2009-03-31T07:00:00-00:00,2031-01-01T07:59:59-00:00,2009-03-31T00:00:00,2030-12-31T23:59:59
AS_NP15_EXP,LAKEWOOD_1_N007,AS_NP15_EXP,,2009-03-31T07:00:00-00:00,2031-01-01T07:59:59-00:00,2009-03-31T00:00:00,2030-12-31T23:59:59
AS_NP15_EXP,LAKEWOOD_1_N009,AS_NP15_EXP,,2009-03-31T07:00:00-00:00,2031-01-01T07:59:59-00:00,2009-03-31T00:00:00,2030-12-31T23:59:59
AS_NP15_EXP,LAKE_2_N023,AS_NP15_EXP,,2018-11-29T08:00:00-00:00,2031-01-01T07:59:59-00:00,2018-11-29T00:00:00,2030-12-31T23:59:59
AS_NP15_EXP,LAKE_2_N024,AS_NP15_EXP,,2018-11-29T08:00:00-00:00,2031-01-01T07:59:59-00:00,2018-11-29T00:00:00,2030-12-31T23:59:59
AS_NP15_EXP,LAKE_2_N025,AS_NP15_EXP,,2018-11-29T08:00:00-00:00,2031-01-01T07:59:59-00:00,2018-11-29T00:00:00,2030-12-31T23:59:59
AS_NP15_EXP,LAKE_2_N026,AS_NP15_EXP,,2018-11-29T08:00:00-00:00,2031-01-01T07:59:59-00:00,2018-11-29T00:00:00,2030-12-31T23:59:59
AS_NP15_EXP,LAKE_2_N027,AS_NP15_EXP,,2018-11-29T08:00:00-00:00,2031-01-01T07:59:59-00:00,2018-11-29T00:00:00,2030-12-31T23:59:59
AS_NP15_EXP,LAKE_2_N028,AS_NP15_EXP,,2018-11-29T08:00:00-00:00,2031-01-01T07:59:59-00:00,2018-11-29T00:00:00,2030-12-31T23:59:59
AS_NP15_EXP,LAKE_2_N029,AS_NP15_EXP,,2018-11-29T08:00:00-00:00,2031-01-01T07:59:59-00:00,2018-11-29T00:00:00,2030-12-31T23:59:59
AS_NP15_EXP,LAKE_2_N030,AS_NP15_EXP,,2018-11-29T08:00:00-00:00,2031-01-01T07:59:59-00:00,2018-11-29T00:00:00,2030-12-31T23:59:59
AS_NP15_EXP,LAKE_2_N031,AS_NP15_EXP,,2018-11-29T08:00:00-00:00,2031-01-01T07:59:59-00:00,2018-11-29T00:00:00,2030-12-31T23:59:59
AS_NP15_EXP,LAKE_2_N032,AS_NP15_EXP,,2018-11-29T08:00:00-00:00,2031-01-01T07:59:59-00:00,2018-11-29T00:00:00,2030-12-31T23:59:59
AS_NP15_EXP,LAKE_2_N033,AS_NP15_EXP,,2018-11-29T08:00:00-00:00,2031-01-01T07:59:59-00:00,2018-11-29T00:00:00,2030-12-31T23:59:59
AS_NP15_EXP,LAKE_2_N034,AS_NP15_EXP,,2018-11-29T08:00:00-00:00,2031-01-01T07:59:59-00:00,2018-11-29T00:00:00,2030-12-31T23:59:59
AS_NP15_EXP,LAKE_2_N035,AS_NP15_EXP,,2018-11-29T08:00:00-00:00,2031-01-01T07:59:59-00:00,2018-11-29T00:00:00,2030-12-31T23:59:59
AS_NP15_EXP,LAKE_2_N038,AS_NP15_EXP,,2018-11-29T08:00:00-00:00,2031-01-01T07:59:59-00:00,2018-11-29T00:00:00,2030-12-31T23:59:59
AS_NP15_EXP,LAKE_2_N404,AS_NP15_EXP,,2018-11-29T08:00:00-00:00,2031-01-01T07:59:59-00:00,2018-11-29T00:00:00,2030-12-31T23:59:59
AS_NP15_EXP,LAKE_2_N405,AS_NP15_EXP,,2018-11-29T08:00:00-00:00,2031-01-01T07:59:59-00:00,2018-11-29T00:00:00,2030-12-31T23:59:59
AS_NP15_EXP,LAKE_2_N406,AS_NP15_EXP,,2018-11-29T08:00:00-00:00,2031-01-01T07:59:59-00:00,2018-11-29T00:00:00,2030-12-31T23:59:59
AS_NP15_EXP,LAMBGT1_7_B1,AS_NP15_EXP,,2009-03-31T07:00:00-00:00,2031-01-01T07:59:59-00:00,2009-03-31T00:00:00,2030-12-31T23:59:59
AS_NP15_EXP,LAMBIE_2_B1,AS_NP15_EXP,,2017-08-17T07:00:00-00:00,2031-01-01T07:59:59-00:00,2017-08-17T00:00:00,2030-12-31T23:59:59
AS_NP15_EXP,LAMBIE_2_N010,AS_NP15_EXP,,2009-06-25T07:00:00-00:00,2031-01-01T07:59:59-00:00,2009-06-25T00:00:00,2030-12-31T23:59:59
AS_NP15_EXP,LAMMERS_1_N001,AS_NP15_EXP,,2009-03-31T07:00:00-00:00,2031-01-01T07:59:59-00:00,2009-03-31T00:00:00,2030-12-31T23:59:59
AS_NP15_EXP,LAMMERS_1_N004,AS_NP15_EXP,,2009-03-31T07:00:00-00:00,2031-01-01T07:59:59-00:00,2009-03-31T00:00:00,2030-12-31T23:59:59
AS_NP15_EXP,LARKIN12_7_LN001,AS_NP15_EXP,,2010-04-22T07:00:00-00:00,2031-01-01T07:59:59-00:00,2010-04-22T00:00:00,2030-12-31T23:59:59
AS_NP15_EXP,LARKIN12_7_LN002,AS_NP15_EXP,,2010-04-22T07:00:00-00:00,2031-01-01T07:59:59-00:00,2010-04-22T00:00:00,2030-12-31T23:59:59
AS_NP15_EXP,LARKIN12_7_LN003,AS_NP15_EXP,,2010-04-22T07:00:00-00:00,2031-01-01T07:59:59-00:00,2010-04-22T00:00:00,2030-12-31T23:59:59
AS_NP15_EXP,LASAGUIL_2_B1,AS_NP15_EXP,,2017-10-09T07:00:00-00:00,2031-01-01T07:59:59-00:00,2017-10-09T00:00:00,2030-12-31T23:59:59
AS_NP15_EXP,LASPALMS_1_N001,AS_NP15_EXP,,2009-03-31T07:00:00-00:00,2031-01-01T07:59:59-00:00,2009-03-31T00:00:00,2030-12-31T23:59:59
AS_NP15_EXP,LASPLGS_6_N001,AS_NP15_EXP,,2009-03-31T07:00:00-00:00,2031-01-01T07:59:59-00:00,2009-03-31T00:00:00,2030-12-31T23:59:59
AS_NP15_EXP,LASPLGS_6_N004,AS_NP15_EXP,,2009-03-31T07:00:00-00:00,2031-01-01T07:59:59-00:00,2009-03-31T00:00:00,2030-12-31T23:59:59
AS_NP15_EXP,LASSEN_6_N001,AS_NP15_EXP,,2009-03-31T07:00:00-00:00,2031-01-01T07:59:59-00:00,2009-03-31T00:00:00,2030-12-31T23:59:59
AS_NP15_EXP,LASSEN_6_N003,AS_NP15_EXP,,2009-03-31T07:00:00-00:00,2031-01-01T07:59:59-00:00,2009-03-31T00:00:00,2030-12-31T23:59:59
AS_NP15_EXP,LASSEN_6_N004,AS_NP15_EXP,,2023-05-05T07:00:00-00:00,2031-01-01T07:59:59-00:00,2023-05-05T00:00:00,2030-12-31T23:59:59
AS_NP15_EXP,LAURELES_6_N001,AS_NP15_EXP,,2009-03-31T07:00:00-00:00,2031-01-01T07:59:59-00:00,2009-03-31T00:00:00,2030-12-31T23:59:59
AS_NP15_EXP,LAWRENCE_1_N001,AS_NP15_EXP,,2009-03-31T07:00:00-00:00,2031-01-01T07:59:59-00:00,2009-03-31T00:00:00,2030-12-31T23:59:59
AS_NP15_EXP,LAWRENCE_1_N003,AS_NP15_EXP,,2009-03-31T07:00:00-00:00,2031-01-01T07:59:59-00:00,2009-03-31T00:00:00,2030-12-31T23:59:59
AS_NP15_EXP,LAWRENCE_1_N004,AS_NP15_EXP,,2009-03-31T07:00:00-00:00,2031-01-01T07:59:59-00:00,2009-03-31T00:00:00,2030-12-31T23:59:59
AS_NP15_EXP,LAWRENCE_1_N006,AS_NP15_EXP,,2025-05-13T07:00:00-00:00,2031-01-01T07:59:59-00:00,2025-05-13T00:00:00,2030-12-31T23:59:59
AS_NP15_EXP,LECEFBGN_7_N003,AS_NP15_EXP,,2016-05-19T07:00:00-00:00,2031-01-01T07:59:59-00:00,2016-05-19T00:00:00,2030-12-31T23:59:59
AS_NP15_EXP,LECEFGT1_7_B1,AS_NP15_EXP,,2009-03-31T07:00:00-00:00,2031-01-01T07:59:59-00:00,2009-03-31T00:00:00,2030-12-31T23:59:59
AS_NP15_EXP,LECEFGT2_7_B1,AS_NP15_EXP,,2023-05-05T07:00:00-00:00,2031-01-01T07:59:59-00:00,2023-05-05T00:00:00,2030-12-31T23:59:59
AS_NP15_EXP,LECEFGT3_7_B1,AS_NP15_EXP,,2023-05-05T07:00:00-00:00,2031-01-01T07:59:59-00:00,2023-05-05T00:00:00,2030-12-31T23:59:59
AS_NP15_EXP,LECEFGT4_7_B1,AS_NP15_EXP,,2023-05-05T07:00:00-00:00,2031-01-01T07:59:59-00:00,2023-05-05T00:00:00,2030-12-31T23:59:59
AS_NP15_EXP,LECEFST1_7_B1,AS_NP15_EXP,,2013-02-28T08:00:00-00:00,2031-01-01T07:59:59-00:00,2013-02-28T00:00:00,2030-12-31T23:59:59
AS_NP15_EXP,LECEF_1_UNITS-APND,AS_NP15_EXP,,2009-03-31T07:00:00-00:00,2031-01-01T07:59:59-00:00,2009-03-31T00:00:00,2030-12-31T23:59:59
AS_NP15_EXP,LEGRAND_1_N001,AS_NP15_EXP,,2017-08-17T07:00:00-00:00,2031-01-01T07:59:59-00:00,2017-08-17T00:00:00,2030-12-31T23:59:59
AS_NP15_EXP,LEGRAND_1_N018,AS_NP15_EXP,,2011-08-12T07:00:00-00:00,2031-01-01T07:59:59-00:00,2011-08-12T00:00:00,2030-12-31T23:59:59
AS_NP15_EXP,LEMOORE_6_N002,AS_NP15_EXP,,2009-03-31T07:00:00-00:00,2031-01-01T07:59:59-00:00,2009-03-31T00:00:00,2030-12-31T23:59:59
AS_NP15_EXP,LEMOORE_6_N101,AS_NP15_EXP,,2009-03-31T07:00:00-00:00,2031-01-01T07:59:59-00:00,2009-03-31T00:00:00,2030-12-31T23:59:59
AS_NP15_EXP,LEMORSLR_7_N001,AS_NP15_EXP,,2025-05-13T07:00:00-00:00,2031-01-01T07:59:59-00:00,2025-05-13T00:00:00,2030-12-31T23:59:59
AS_NP15_EXP,LEMORSLR_7_N003,AS_NP15_EXP,,2025-05-13T07:00:00-00:00,2031-01-01T07:59:59-00:00,2025-05-13T00:00:00,2030-12-31T23:59:59
AS_NP15_EXP,LEMORSLR_7_N004,AS_NP15_EXP,,2025-05-13T07:00:00-00:00,2031-01-01T07:59:59-00:00,2025-05-13T00:00:00,2030-12-31T23:59:59
AS_NP15_EXP,LEPRINO_1_N001,AS_NP15_EXP,,2009-03-31T07:00:00-00:00,2031-01-01T07:59:59-00:00,2009-03-31T00:00:00,2030-12-31T23:59:59
AS_NP15_EXP,LEPRINO_6_N001,AS_NP15_EXP,,2009-03-31T07:00:00-00:00,2031-01-01T07:59:59-00:00,2009-03-31T00:00:00,2030-12-31T23:59:59
AS_NP15_EXP,LEPRNOFD_1_N001,AS_NP15_EXP,,2014-08-28T07:00:00-00:00,2031-01-01T07:59:59-00:00,2014-08-28T00:00:00,2030-12-31T23:59:59
AS_NP15_EXP,LEWISTON_7_N001,AS_NP15_EXP,,2009-03-31T07:00:00-00:00,2031-01-01T07:59:59-00:00,2009-03-31T00:00:00,2030-12-31T23:59:59
AS_NP15_EXP,LEWISTON_7_N003,AS_NP15_EXP,,2009-03-31T07:00:00-00:00,2031-01-01T07:59:59-00:00,2009-03-31T00:00:00,2030-12-31T23:59:59
AS_NP15_EXP,LIDSUB_6_N002,AS_NP15_EXP,,2016-11-17T08:00:00-00:00,2031-01-01T07:59:59-00:00,2016-11-17T00:00:00,2030-12-31T23:59:59
AS_NP15_EXP,LIDTAP_1_N001,AS_NP15_EXP,,2019-02-21T08:00:00-00:00,2031-01-01T07:59:59-00:00,2019-02-21T00:00:00,2030-12-31T23:59:59
AS_NP15_EXP,LIMESTNE_6_N001,AS_NP15_EXP,,2009-03-31T07:00:00-00:00,2031-01-01T07:59:59-00:00,2009-03-31T00:00:00,2030-12-31T23:59:59
AS_NP15_EXP,LINCLN_1_N001,AS_NP15_EXP,,2011-03-31T07:00:00-00:00,2031-01-01T07:59:59-00:00,2011-03-31T00:00:00,2030-12-31T23:59:59
AS_NP15_EXP,LINCLN_1_N002,AS_NP15_EXP,,2011-03-31T07:00:00-00:00,2031-01-01T07:59:59-00:00,2011-03-31T00:00:00,2030-12-31T23:59:59
AS_NP15_EXP,LINCLN_1_N003,AS_NP15_EXP,,2011-03-31T07:00:00-00:00,2031-01-01T07:59:59-00:00,2011-03-31T00:00:00,2030-12-31T23:59:59
AS_NP15_EXP,LINDEN_6_N101,AS_NP15_EXP,,2009-03-31T07:00:00-00:00,2031-01-01T07:59:59-00:00,2009-03-31T00:00:00,2030-12-31T23:59:59
AS_NP15_EXP,LIPTON_6_N001,AS_NP15_EXP,,2009-03-31T07:00:00-00:00,2031-01-01T07:59:59-00:00,2009-03-31T00:00:00,2030-12-31T23:59:59
AS_NP15_EXP,LIVEOAK_7_N003,AS_NP15_EXP,,2025-05-13T07:00:00-00:00,2031-01-01T07:59:59-00:00,2025-05-13T00:00:00,2030-12-31T23:59:59
AS_NP15_EXP,LIVEOAK_7_N004,AS_NP15_EXP,,2013-05-09T07:00:00-00:00,2031-01-01T07:59:59-00:00,2013-05-09T00:00:00,2030-12-31T23:59:59
AS_NP15_EXP,LIVEOAK_7_N005,AS_NP15_EXP,,2013-05-09T07:00:00-00:00,2031-01-01T07:59:59-00:00,2013-05-09T00:00:00,2030-12-31T23:59:59
AS_NP15_EXP,LIVERMRE_6_N001,AS_NP15_EXP,,2024-03-20T07:00:00-00:00,2031-01-01T07:59:59-00:00,2024-03-20T00:00:00,2030-12-31T23:59:59
AS_NP15_EXP,LIVERMRE_6_N003,AS_NP15_EXP,,2009-03-31T07:00:00-00:00,2031-01-01T07:59:59-00:00,2009-03-31T00:00:00,2030-12-31T23:59:59
AS_NP15_EXP,LIVNGSTN_6_N001,AS_NP15_EXP,,2009-03-31T07:00:00-00:00,2031-01-01T07:59:59-00:00,2009-03-31T00:00:00,2030-12-31T23:59:59
AS_NP15_EXP,LLAGAS_1_N001,AS_NP15_EXP,,2009-03-31T07:00:00-00:00,2031-01-01T07:59:59-00:00,2009-03-31T00:00:00,2030-12-31T23:59:59
AS_NP15_EXP,LLAGAS_1_N003,AS_NP15_EXP,,2009-03-31T07:00:00-00:00,2031-01-01T07:59:59-00:00,2009-03-31T00:00:00,2030-12-31T23:59:59
AS_NP15_EXP,LLAGAS_1_N005,AS_NP15_EXP,,2009-03-31T07:00:00-00:00,2031-01-01T07:59:59-00:00,2009-03-31T00:00:00,2030-12-31T23:59:59
AS_NP15_EXP,LLNLAB_1_B1,AS_NP15_EXP,,2020-09-18T07:00:00-00:00,2031-01-01T07:59:59-00:00,2020-09-18T00:00:00,2030-12-31T23:59:59
AS_NP15_EXP,LMBIGENT_2_N003,AS_NP15_EXP,,2009-06-25T07:00:00-00:00,2031-01-01T07:59:59-00:00,2009-06-25T00:00:00,2030-12-31T23:59:59
AS_NP15_EXP,LMBIGENT_2_N004,AS_NP15_EXP,,2009-06-25T07:00:00-00:00,2031-01-01T07:59:59-00:00,2009-06-25T00:00:00,2030-12-31T23:59:59
AS_NP15_EXP,LMEC1_1_LN001,AS_NP15_EXP,,2010-04-22T07:00:00-00:00,2031-01-01T07:59:59-00:00,2010-04-22T00:00:00,2030-12-31T23:59:59
AS_NP15_EXP,LMEC1_1_LN002,AS_NP15_EXP,,2010-04-22T07:00:00-00:00,2031-01-01T07:59:59-00:00,2010-04-22T00:00:00,2030-12-31T23:59:59
AS_NP15_EXP,LMEC1_1_N001,AS_NP15_EXP,,2009-03-31T07:00:00-00:00,2031-01-01T07:59:59-00:00,2009-03-31T00:00:00,2030-12-31T23:59:59
AS_NP15_EXP,LMEC1_1_N101,AS_NP15_EXP,,2009-03-31T07:00:00-00:00,2031-01-01T07:59:59-00:00,2009-03-31T00:00:00,2030-12-31T23:59:59
AS_NP15_EXP,LMEC1_1_N601,AS_NP15_EXP,,2009-03-31T07:00:00-00:00,2031-01-01T07:59:59-00:00,2009-03-31T00:00:00,2030-12-31T23:59:59
AS_NP15_EXP,LMEC1_1_N801,AS_NP15_EXP,,2009-03-31T07:00:00-00:00,2031-01-01T07:59:59-00:00,2009-03-31T00:00:00,2030-12-31T23:59:59
AS_NP15_EXP,LMECCT1_7_B1,AS_NP15_EXP,,2009-03-31T07:00:00-00:00,2031-01-01T07:59:59-00:00,2009-03-31T00:00:00,2030-12-31T23:59:59
AS_NP15_EXP,LMECCT1_7_N001,AS_NP15_EXP,,2009-03-31T07:00:00-00:00,2031-01-01T07:59:59-00:00,2009-03-31T00:00:00,2030-12-31T23:59:59
AS_NP15_EXP,LMECCT2_7_B1,AS_NP15_EXP,,2009-03-31T07:00:00-00:00,2031-01-01T07:59:59-00:00,2009-03-31T00:00:00,2030-12-31T23:59:59
AS_NP15_EXP,LMECCT2_7_N001,AS_NP15_EXP,,2009-03-31T07:00:00-00:00,2031-01-01T07:59:59-00:00,2009-03-31T00:00:00,2030-12-31T23:59:59
AS_NP15_EXP,LMECST1_7_B1,AS_NP15_EXP,,2009-03-31T07:00:00-00:00,2031-01-01T07:59:59-00:00,2009-03-31T00:00:00,2030-12-31T23:59:59
AS_NP15_EXP,LMECST1_7_N001,AS_NP15_EXP,,2009-03-31T07:00:00-00:00,2031-01-01T07:59:59-00:00,2009-03-31T00:00:00,2030-12-31T23:59:59
AS_NP15_EXP,LMEC_1_PL1X3-APND,AS_NP15_EXP,,2009-03-31T07:00:00-00:00,2031-01-01T07:59:59-00:00,2009-03-31T00:00:00,2030-12-31T23:59:59
AS_NP15_EXP,LMPC-CTY_1_N001,AS_NP15_EXP,,2017-08-17T07:00:00-00:00,2031-01-01T07:59:59-00:00,2017-08-17T00:00:00,2030-12-31T23:59:59
AS_NP15_EXP,LOCKFORD_7_N001,AS_NP15_EXP,,2013-07-18T07:00:00-00:00,2031-01-01T07:59:59-00:00,2013-07-18T00:00:00,2030-12-31T23:59:59
AS_NP15_EXP,LOCKFORD_7_N002,AS_NP15_EXP,,2013-07-18T07:00:00-00:00,2031-01-01T07:59:59-00:00,2013-07-18T00:00:00,2030-12-31T23:59:59
AS_NP15_EXP,LOCKFORD_7_N003,AS_NP15_EXP,,2025-05-13T07:00:00-00:00,2031-01-01T07:59:59-00:00,2025-05-13T00:00:00,2030-12-31T23:59:59
AS_NP15_EXP,LOCKFORD_7_N004,AS_NP15_EXP,,2025-05-13T07:00:00-00:00,2031-01-01T07:59:59-00:00,2025-05-13T00:00:00,2030-12-31T23:59:59
AS_NP15_EXP,LOCKHD1_1_N001,AS_NP15_EXP,,2016-08-18T07:00:00-00:00,2031-01-01T07:59:59-00:00,2016-08-18T00:00:00,2030-12-31T23:59:59
AS_NP15_EXP,LOCKHD1_1_N025,AS_NP15_EXP,,2016-08-18T07:00:00-00:00,2031-01-01T07:59:59-00:00,2016-08-18T00:00:00,2030-12-31T23:59:59
AS_NP15_EXP,LOCKHD1_1_N026,AS_NP15_EXP,,2016-08-18T07:00:00-00:00,2031-01-01T07:59:59-00:00,2016-08-18T00:00:00,2030-12-31T23:59:59
AS_NP15_EXP,LOCKHD2_1_N001,AS_NP15_EXP,,2009-03-31T07:00:00-00:00,2031-01-01T07:59:59-00:00,2009-03-31T00:00:00,2030-12-31T23:59:59
AS_NP15_EXP,LOCKHD2_1_N004,AS_NP15_EXP,,2009-03-31T07:00:00-00:00,2031-01-01T07:59:59-00:00,2009-03-31T00:00:00,2030-12-31T23:59:59
AS_NP15_EXP,LOCKHD2_1_N005,AS_NP15_EXP,,2009-03-31T07:00:00-00:00,2031-01-01T07:59:59-00:00,2009-03-31T00:00:00,2030-12-31T23:59:59
AS_NP15_EXP,LODI25CT_7_B1,AS_NP15_EXP,,2025-05-13T07:00:00-00:00,2031-01-01T07:59:59-00:00,2025-05-13T00:00:00,2030-12-31T23:59:59
AS_NP15_EXP,LODICITY_6_N001,AS_NP15_EXP,,2009-03-31T07:00:00-00:00,2031-01-01T07:59:59-00:00,2009-03-31T00:00:00,2030-12-31T23:59:59
AS_NP15_EXP,LODICITY_6_NNG1,AS_NP15_EXP,,2025-05-13T07:00:00-00:00,2031-01-01T07:59:59-00:00,2025-05-13T00:00:00,2030-12-31T23:59:59
AS_NP15_EXP,LODICTG_7_B1,AS_NP15_EXP,,2023-05-05T07:00:00-00:00,2031-01-01T07:59:59-00:00,2023-05-05T00:00:00,2030-12-31T23:59:59
AS_NP15_EXP,LODICTG_7_N001,AS_NP15_EXP,,2011-12-21T08:00:00-00:00,2031-01-01T07:59:59-00:00,2011-12-21T00:00:00,2030-12-31T23:59:59
AS_NP15_EXP,LODIEC_2_PL1X2-APND,AS_NP15_EXP,,2012-06-25T07:00:00-00:00,2031-01-01T07:59:59-00:00,2012-06-25T00:00:00,2030-12-31T23:59:59
AS_NP15_EXP,LODISTG_7_B1,AS_NP15_EXP,,2023-05-05T07:00:00-00:00,2031-01-01T07:59:59-00:00,2023-05-05T00:00:00,2030-12-31T23:59:59
AS_NP15_EXP,LODISTG_7_N001,AS_NP15_EXP,,2011-12-21T08:00:00-00:00,2031-01-01T07:59:59-00:00,2011-12-21T00:00:00,2030-12-31T23:59:59
AS_NP15_EXP,LODI_6_N001,AS_NP15_EXP,,2023-11-15T08:00:00-00:00,2031-01-01T07:59:59-00:00,2023-11-15T00:00:00,2030-12-31T23:59:59
AS_NP15_EXP,LOGANCR_2_N001,AS_NP15_EXP,,2009-03-31T07:00:00-00:00,2031-01-01T07:59:59-00:00,2009-03-31T00:00:00,2030-12-31T23:59:59
AS_NP15_EXP,LOGANCR_2_N010,AS_NP15_EXP,,2009-03-31T07:00:00-00:00,2031-01-01T07:59:59-00:00,2009-03-31T00:00:00,2030-12-31T23:59:59
AS_NP15_EXP,LONESTAR_1_N001,AS_NP15_EXP,,2009-03-31T07:00:00-00:00,2031-01-01T07:59:59-00:00,2009-03-31T00:00:00,2030-12-31T23:59:59
AS_NP15_EXP,LONESTR_6_N001,AS_NP15_EXP,,2009-03-31T07:00:00-00:00,2031-01-01T07:59:59-00:00,2009-03-31T00:00:00,2030-12-31T23:59:59
AS_NP15_EXP,LONETREE_2_N001,AS_NP15_EXP,,2009-03-31T07:00:00-00:00,2031-01-01T07:59:59-00:00,2009-03-31T00:00:00,2030-12-31T23:59:59
AS_NP15_EXP,LONETREE_2_N014,AS_NP15_EXP,,2009-06-25T07:00:00-00:00,2031-01-01T07:59:59-00:00,2009-06-25T00:00:00,2030-12-31T23:59:59
AS_NP15_EXP,LOSALTS_6_N004,AS_NP15_EXP,,2009-06-25T07:00:00-00:00,2031-01-01T07:59:59-00:00,2009-06-25T00:00:00,2030-12-31T23:59:59
AS_NP15_EXP,LOSALTS_6_N005,AS_NP15_EXP,,2009-03-31T07:00:00-00:00,2031-01-01T07:59:59-00:00,2009-03-31T00:00:00,2030-12-31T23:59:59
AS_NP15_EXP,LOSALTS_6_N101,AS_NP15_EXP,,2009-06-25T07:00:00-00:00,2031-01-01T07:59:59-00:00,2009-06-25T00:00:00,2030-12-31T23:59:59
AS_NP15_EXP,LOSCCHS_6_N001,AS_NP15_EXP,,2009-03-31T07:00:00-00:00,2031-01-01T07:59:59-00:00,2009-03-31T00:00:00,2030-12-31T23:59:59
AS_NP15_EXP,LOSGATS_6_N002,AS_NP15_EXP,,2009-03-31T07:00:00-00:00,2031-01-01T07:59:59-00:00,2009-03-31T00:00:00,2030-12-31T23:59:59
AS_NP15_EXP,LOSGATS_6_N201,AS_NP15_EXP,,2009-03-31T07:00:00-00:00,2031-01-01T07:59:59-00:00,2009-03-31T00:00:00,2030-12-31T23:59:59
AS_NP15_EXP,LOSOSTS_6_N001,AS_NP15_EXP,,2009-03-31T07:00:00-00:00,2031-01-01T07:59:59-00:00,2009-03-31T00:00:00,2030-12-31T23:59:59
AS_NP15_EXP,LOSOSTS_6_N005,AS_NP15_EXP,,2009-03-31T07:00:00-00:00,2031-01-01T07:59:59-00:00,2009-03-31T00:00:00,2030-12-31T23:59:59
AS_NP15_EXP,LOUISE_6_N001,AS_NP15_EXP,,2009-03-31T07:00:00-00:00,2031-01-01T07:59:59-00:00,2009-03-31T00:00:00,2030-12-31T23:59:59
AS_NP15_EXP,LOUISE_6_N002,AS_NP15_EXP,,2009-03-31T07:00:00-00:00,2031-01-01T07:59:59-00:00,2009-03-31T00:00:00,2030-12-31T23:59:59
AS_NP15_EXP,LOWGAP1_1_N004,AS_NP15_EXP,,2025-05-13T07:00:00-00:00,2031-01-01T07:59:59-00:00,2025-05-13T00:00:00,2030-12-31T23:59:59
AS_NP15_EXP,LOWGAP_7_N001,AS_NP15_EXP,,2009-03-31T07:00:00-00:00,2031-01-01T07:59:59-00:00,2009-03-31T00:00:00,2030-12-31T23:59:59
AS_NP15_EXP,LOWGAP_7_N002,AS_NP15_EXP,,2025-05-13T07:00:00-00:00,2031-01-01T07:59:59-00:00,2025-05-13T00:00:00,2030-12-31T23:59:59
AS_NP15_EXP,LOYOLA_6_N001,AS_NP15_EXP,,2009-03-31T07:00:00-00:00,2031-01-01T07:59:59-00:00,2009-03-31T00:00:00,2030-12-31T23:59:59
AS_NP15_EXP,LOYOLA_6_N004,AS_NP15_EXP,,2009-03-31T07:00:00-00:00,2031-01-01T07:59:59-00:00,2009-03-31T00:00:00,2030-12-31T23:59:59
AS_NP15_EXP,LPFBSP_6_N001,AS_NP15_EXP,,2009-03-31T07:00:00-00:00,2031-01-01T07:59:59-00:00,2009-03-31T00:00:00,2030-12-31T23:59:59
AS_NP15_EXP,LPFBSP_6_N003,AS_NP15_EXP,,2009-03-31T07:00:00-00:00,2031-01-01T07:59:59-00:00,2009-03-31T00:00:00,2030-12-31T23:59:59
AS_NP15_EXP,LPFLKBD_6_N001,AS_NP15_EXP,,2009-03-31T07:00:00-00:00,2031-01-01T07:59:59-00:00,2009-03-31T00:00:00,2030-12-31T23:59:59
AS_NP15_EXP,LPNJCTSS_1_B1,AS_NP15_EXP,,2017-08-17T07:00:00-00:00,2031-01-01T07:59:59-00:00,2017-08-17T00:00:00,2030-12-31T23:59:59
AS_NP15_EXP,LPSAMOA_7_N001,AS_NP15_EXP,,2009-03-31T07:00:00-00:00,2031-01-01T07:59:59-00:00,2009-03-31T00:00:00,2030-12-31T23:59:59
AS_NP15_EXP,LPSAMOA_7_N002,AS_NP15_EXP,,2009-03-31T07:00:00-00:00,2031-01-01T07:59:59-00:00,2009-03-31T00:00:00,2030-12-31T23:59:59
AS_NP15_EXP,LSGLLNS_1_N001,AS_NP15_EXP,,2009-03-31T07:00:00-00:00,2031-01-01T07:59:59-00:00,2009-03-31T00:00:00,2030-12-31T23:59:59
AS_NP15_EXP,LSGLLNS_1_N002,AS_NP15_EXP,,2009-03-31T07:00:00-00:00,2031-01-01T07:59:59-00:00,2009-03-31T00:00:00,2030-12-31T23:59:59
AS_NP15_EXP,LSGLLNS_1_N003,AS_NP15_EXP,,2009-03-31T07:00:00-00:00,2031-01-01T07:59:59-00:00,2009-03-31T00:00:00,2030-12-31T23:59:59
AS_NP15_EXP,LSMOLNO_6_N001,AS_NP15_EXP,,2009-03-31T07:00:00-00:00,2031-01-01T07:59:59-00:00,2009-03-31T00:00:00,2030-12-31T23:59:59
AS_NP15_EXP,LSNAPCC_6_N001,AS_NP15_EXP,,2009-03-31T07:00:00-00:00,2031-01-01T07:59:59-00:00,2009-03-31T00:00:00,2030-12-31T23:59:59
AS_NP15_EXP,LSPSTAS_2_N001,AS_NP15_EXP,,2025-04-16T07:00:00-00:00,2031-01-01T07:59:59-00:00,2025-04-16T00:00:00,2030-12-31T23:59:59
AS_NP15_EXP,LSPSTAS_2_N002,AS_NP15_EXP,,2025-04-16T07:00:00-00:00,2031-01-01T07:59:59-00:00,2025-04-16T00:00:00,2030-12-31T23:59:59
AS_NP15_EXP,LSPSTAS_2_N010,AS_NP15_EXP,,2025-04-16T07:00:00-00:00,2031-01-01T07:59:59-00:00,2025-04-16T00:00:00,2030-12-31T23:59:59
AS_NP15_EXP,LSPSTAS_2_N011,AS_NP15_EXP,,2009-03-31T07:00:00-00:00,2031-01-01T07:59:59-00:00,2009-03-31T00:00:00,2030-12-31T23:59:59
AS_NP15_EXP,LTBERA03_7_N001,AS_NP15_EXP,,2025-05-13T07:00:00-00:00,2031-01-01T07:59:59-00:00,2025-05-13T00:00:00,2030-12-31T23:59:59
AS_NP15_EXP,LTBERA04_7_N001,AS_NP15_EXP,,2025-05-13T07:00:00-00:00,2031-01-01T07:59:59-00:00,2025-05-13T00:00:00,2030-12-31T23:59:59
AS_NP15_EXP,LTBERA05_7_N002,AS_NP15_EXP,,2025-05-13T07:00:00-00:00,2031-01-01T07:59:59-00:00,2025-05-13T00:00:00,2030-12-31T23:59:59
AS_NP15_EXP,LTBERA06_7_N003,AS_NP15_EXP,,2025-05-13T07:00:00-00:00,2031-01-01T07:59:59-00:00,2025-05-13T00:00:00,2030-12-31T23:59:59
AS_NP15_EXP,LUCERNE_1_N001,AS_NP15_EXP,,2009-03-31T07:00:00-00:00,2031-01-01T07:59:59-00:00,2009-03-31T00:00:00,2030-12-31T23:59:59
AS_NP15_EXP,LUCERNE_1_N004,AS_NP15_EXP,,2009-03-31T07:00:00-00:00,2031-01-01T07:59:59-00:00,2009-03-31T00:00:00,2030-12-31T23:59:59
AS_NP15_EXP,LUIS#3_1_N001,AS_NP15_EXP,,2009-03-31T07:00:00-00:00,2031-01-01T07:59:59-00:00,2009-03-31T00:00:00,2030-12-31T23:59:59
AS_NP15_EXP,LUIS#5_1_N001,AS_NP15_EXP,,2009-03-31T07:00:00-00:00,2031-01-01T07:59:59-00:00,2009-03-31T00:00:00,2030-12-31T23:59:59
AS_NP15_EXP,LUNAVL_7_ND001,AS_NP15_EXP,,2025-05-13T07:00:00-00:00,2031-01-01T07:59:59-00:00,2025-05-13T00:00:00,2030-12-31T23:59:59
AS_NP15_EXP,LUNAVL_7_ND002,AS_NP15_EXP,,2025-10-15T07:00:00-00:00,2031-01-01T07:59:59-00:00,2025-10-15T00:00:00,2030-12-31T23:59:59
AS_NP15_EXP,LUNAVL_7_ND003,AS_NP15_EXP,,2025-10-15T07:00:00-00:00,2031-01-01T07:59:59-00:00,2025-10-15T00:00:00,2030-12-31T23:59:59
AS_NP15_EXP,LVNGSTN_7_N001,AS_NP15_EXP,,2025-05-13T07:00:00-00:00,2031-01-01T07:59:59-00:00,2025-05-13T00:00:00,2030-12-31T23:59:59
AS_NP15_EXP,LVNGSTN_7_N002,AS_NP15_EXP,,2023-08-31T07:00:00-00:00,2031-01-01T07:59:59-00:00,2023-08-31T00:00:00,2030-12-31T23:59:59
AS_NP15_EXP,LWDJCT_6_N003,AS_NP15_EXP,,2025-06-12T07:00:00-00:00,2031-01-01T07:59:59-00:00,2025-06-12T00:00:00,2030-12-31T23:59:59
AS_NP15_EXP,LWDJCT_6_N004,AS_NP15_EXP,,2025-06-12T07:00:00-00:00,2031-01-01T07:59:59-00:00,2025-06-12T00:00:00,2030-12-31T23:59:59
AS_NP15_EXP,LWDJCT_6_N006,AS_NP15_EXP,,2025-06-12T07:00:00-00:00,2031-01-01T07:59:59-00:00,2025-06-12T00:00:00,2030-12-31T23:59:59
AS_NP15_EXP,LYOTH-SP_6_N001,AS_NP15_EXP,,2009-03-31T07:00:00-00:00,2031-01-01T07:59:59-00:00,2009-03-31T00:00:00,2030-12-31T23:59:59
AS_NP15_EXP,LYTNVLLE_6_N001,AS_NP15_EXP,,2009-03-31T07:00:00-00:00,2031-01-01T07:59:59-00:00,2009-03-31T00:00:00,2030-12-31T23:59:59
AS_NP15_EXP,MABURY_1_N001,AS_NP15_EXP,,2009-03-31T07:00:00-00:00,2031-01-01T07:59:59-00:00,2009-03-31T00:00:00,2030-12-31T23:59:59
AS_NP15_EXP,MABURY_6_N001,AS_NP15_EXP,,2009-03-31T07:00:00-00:00,2031-01-01T07:59:59-00:00,2009-03-31T00:00:00,2030-12-31T23:59:59
AS_NP15_EXP,MADERA_6_N001,AS_NP15_EXP,,2009-03-31T07:00:00-00:00,2031-01-01T07:59:59-00:00,2009-03-31T00:00:00,2030-12-31T23:59:59
AS_NP15_EXP,MADERA_6_N004,AS_NP15_EXP,,2009-03-31T07:00:00-00:00,2031-01-01T07:59:59-00:00,2009-03-31T00:00:00,2030-12-31T23:59:59
AS_NP15_EXP,MADERA_6_N014,AS_NP15_EXP,,2011-03-31T07:00:00-00:00,2031-01-01T07:59:59-00:00,2011-03-31T00:00:00,2030-12-31T23:59:59
AS_NP15_EXP,MADISON_1_N001,AS_NP15_EXP,,2009-03-31T07:00:00-00:00,2031-01-01T07:59:59-00:00,2009-03-31T00:00:00,2030-12-31T23:59:59
AS_NP15_EXP,MADISON_1_N002,AS_NP15_EXP,,2009-03-31T07:00:00-00:00,2031-01-01T07:59:59-00:00,2009-03-31T00:00:00,2030-12-31T23:59:59
AS_NP15_EXP,MADISON_1_N201,AS_NP15_EXP,,2009-03-31T07:00:00-00:00,2031-01-01T07:59:59-00:00,2009-03-31T00:00:00,2030-12-31T23:59:59
AS_NP15_EXP,MAINE-PR_6_N001,AS_NP15_EXP,,2009-03-31T07:00:00-00:00,2031-01-01T07:59:59-00:00,2009-03-31T00:00:00,2030-12-31T23:59:59
AS_NP15_EXP,MALAGA_1_N001,AS_NP15_EXP,,2009-03-31T07:00:00-00:00,2031-01-01T07:59:59-00:00,2009-03-31T00:00:00,2030-12-31T23:59:59
AS_NP15_EXP,MALAGA_1_N004,AS_NP15_EXP,,2009-03-31T07:00:00-00:00,2031-01-01T07:59:59-00:00,2009-03-31T00:00:00,2030-12-31T23:59:59
AS_NP15_EXP,MALAGA_1_N005,AS_NP15_EXP,,2009-03-31T07:00:00-00:00,2031-01-01T07:59:59-00:00,2009-03-31T00:00:00,2030-12-31T23:59:59
AS_NP15_EXP,MALAGA_1_N206,AS_NP15_EXP,,2009-03-31T07:00:00-00:00,2031-01-01T07:59:59-00:00,2009-03-31T00:00:00,2030-12-31T23:59:59
AS_NP15_EXP,MALCHA_7_B1,AS_NP15_EXP,,2009-03-31T07:00:00-00:00,2031-01-01T07:59:59-00:00,2009-03-31T00:00:00,2030-12-31T23:59:59
AS_NP15_EXP,MALIN_5_N101,AS_NP15_EXP,,2025-05-13T07:00:00-00:00,2031-01-01T07:59:59-00:00,2025-05-13T00:00:00,2030-12-31T23:59:59
AS_NP15_EXP,MANCHSTR_1_N001,AS_NP15_EXP,,2014-02-13T08:00:00-00:00,2031-01-01T07:59:59-00:00,2014-02-13T00:00:00,2030-12-31T23:59:59
AS_NP15_EXP,MANCHSTR_1_N002,AS_NP15_EXP,,2014-02-13T08:00:00-00:00,2031-01-01T07:59:59-00:00,2014-02-13T00:00:00,2030-12-31T23:59:59
AS_NP15_EXP,MANCHSTR_1_N005,AS_NP15_EXP,,2014-02-13T08:00:00-00:00,2031-01-01T07:59:59-00:00,2014-02-13T00:00:00,2030-12-31T23:59:59
AS_NP15_EXP,MANTECA_1_N001,AS_NP15_EXP,,2009-03-31T07:00:00-00:00,2031-01-01T07:59:59-00:00,2009-03-31T00:00:00,2030-12-31T23:59:59
AS_NP15_EXP,MANTECA_1_N002,AS_NP15_EXP,,2009-03-31T07:00:00-00:00,2031-01-01T07:59:59-00:00,2009-03-31T00:00:00,2030-12-31T23:59:59
AS_NP15_EXP,MANTECA_1_N012,AS_NP15_EXP,,2009-03-31T07:00:00-00:00,2031-01-01T07:59:59-00:00,2009-03-31T00:00:00,2030-12-31T23:59:59
AS_NP15_EXP,MANTECA_1_N013,AS_NP15_EXP,,2009-03-31T07:00:00-00:00,2031-01-01T07:59:59-00:00,2009-03-31T00:00:00,2030-12-31T23:59:59
AS_NP15_EXP,MANTECA_1_N033,AS_NP15_EXP,,2025-05-13T07:00:00-00:00,2031-01-01T07:59:59-00:00,2025-05-13T00:00:00,2030-12-31T23:59:59
AS_NP15_EXP,MARBLE_6_N001,AS_NP15_EXP,,2009-03-31T07:00:00-00:00,2031-01-01T07:59:59-00:00,2009-03-31T00:00:00,2030-12-31T23:59:59
AS_NP15_EXP,MARBLSPP_6_N001,AS_NP15_EXP,,2025-05-13T07:00:00-00:00,2031-01-01T07:59:59-00:00,2025-05-13T00:00:00,2030-12-31T23:59:59
AS_NP15_EXP,MARIPOS2_6_N001,AS_NP15_EXP,,2017-11-16T08:00:00-00:00,2031-01-01T07:59:59-00:00,2017-11-16T00:00:00,2030-12-31T23:59:59
AS_NP15_EXP,MARIPOS2_6_N003,AS_NP15_EXP,,2017-11-16T08:00:00-00:00,2031-01-01T07:59:59-00:00,2017-11-16T00:00:00,2030-12-31T23:59:59
AS_NP15_EXP,MARTELL_6_N001,AS_NP15_EXP,,2009-03-31T07:00:00-00:00,2031-01-01T07:59:59-00:00,2009-03-31T00:00:00,2030-12-31T23:59:59
AS_NP15_EXP,MARTINC_1_GN001,AS_NP15_EXP,,2025-05-13T07:00:00-00:00,2031-01-01T07:59:59-00:00,2025-05-13T00:00:00,2030-12-31T23:59:59
AS_NP15_EXP,MARTINC_1_LN001,AS_NP15_EXP,,2009-11-03T08:00:00-00:00,2031-01-01T07:59:59-00:00,2009-11-03T00:00:00,2030-12-31T23:59:59
AS_NP15_EXP,MARTINC_1_N715,AS_NP15_EXP,,2014-04-17T07:00:00-00:00,2031-01-01T07:59:59-00:00,2014-04-17T00:00:00,2030-12-31T23:59:59
AS_NP15_EXP,MARTINEZ_1_N001,AS_NP15_EXP,,2009-03-31T07:00:00-00:00,2031-01-01T07:59:59-00:00,2009-03-31T00:00:00,2030-12-31T23:59:59
AS_NP15_EXP,MATHEW_6_N001,AS_NP15_EXP,,2017-02-16T08:00:00-00:00,2031-01-01T07:59:59-00:00,2017-02-16T00:00:00,2030-12-31T23:59:59
AS_NP15_EXP,MATHEW_6_N002,AS_NP15_EXP,,2017-02-16T08:00:00-00:00,2031-01-01T07:59:59-00:00,2017-02-16T00:00:00,2030-12-31T23:59:59
AS_NP15_EXP,MAXWELL_6_N001,AS_NP15_EXP,,2009-03-31T07:00:00-00:00,2031-01-01T07:59:59-00:00,2009-03-31T00:00:00,2030-12-31T23:59:59
AS_NP15_EXP,MAXWELL_6_N002,AS_NP15_EXP,,2009-03-31T07:00:00-00:00,2031-01-01T07:59:59-00:00,2009-03-31T00:00:00,2030-12-31T23:59:59
AS_NP15_EXP,MCARTHR_6_N001,AS_NP15_EXP,,2009-03-31T07:00:00-00:00,2031-01-01T07:59:59-00:00,2009-03-31T00:00:00,2030-12-31T23:59:59
AS_NP15_EXP,MCARTHR_6_N002,AS_NP15_EXP,,2009-03-31T07:00:00-00:00,2031-01-01T07:59:59-00:00,2009-03-31T00:00:00,2030-12-31T23:59:59
AS_NP15_EXP,MCARTHR_6_N003,AS_NP15_EXP,,2025-05-13T07:00:00-00:00,2031-01-01T07:59:59-00:00,2025-05-13T00:00:00,2030-12-31T23:59:59
AS_NP15_EXP,MCCALL_1_N026,AS_NP15_EXP,,2009-03-31T07:00:00-00:00,2031-01-01T07:59:59-00:00,2009-03-31T00:00:00,2030-12-31T23:59:59
AS_NP15_EXP,MCCALL_1_N030,AS_NP15_EXP,,2009-03-31T07:00:00-00:00,2031-01-01T07:59:59-00:00,2009-03-31T00:00:00,2030-12-31T23:59:59
AS_NP15_EXP,MCCALL_1_N093,AS_NP15_EXP,,2025-05-13T07:00:00-00:00,2031-01-01T07:59:59-00:00,2025-05-13T00:00:00,2030-12-31T23:59:59
AS_NP15_EXP,MCDISLE_6_N001,AS_NP15_EXP,,2009-03-31T07:00:00-00:00,2031-01-01T07:59:59-00:00,2009-03-31T00:00:00,2030-12-31T23:59:59
AS_NP15_EXP,MCKEE_1_N001,AS_NP15_EXP,,2009-03-31T07:00:00-00:00,2031-01-01T07:59:59-00:00,2009-03-31T00:00:00,2030-12-31T23:59:59
AS_NP15_EXP,MCKEE_1_N005,AS_NP15_EXP,,2009-03-31T07:00:00-00:00,2031-01-01T07:59:59-00:00,2009-03-31T00:00:00,2030-12-31T23:59:59
AS_NP15_EXP,MCKEE_1_N101,AS_NP15_EXP,,2009-03-31T07:00:00-00:00,2031-01-01T07:59:59-00:00,2009-03-31T00:00:00,2030-12-31T23:59:59
AS_NP15_EXP,MCMULLN1_2_N001,AS_NP15_EXP,,2017-11-16T08:00:00-00:00,2031-01-01T07:59:59-00:00,2017-11-16T00:00:00,2030-12-31T23:59:59
AS_NP15_EXP,MCMULLN2_7_N002,AS_NP15_EXP,,2017-11-16T08:00:00-00:00,2031-01-01T07:59:59-00:00,2017-11-16T00:00:00,2030-12-31T23:59:59
AS_NP15_EXP,MCSNCK1_7_B1,AS_NP15_EXP,,2009-03-31T07:00:00-00:00,2031-01-01T07:59:59-00:00,2009-03-31T00:00:00,2030-12-31T23:59:59
AS_NP15_EXP,MCSNCK2_7_B1,AS_NP15_EXP,,2009-03-31T07:00:00-00:00,2031-01-01T07:59:59-00:00,2009-03-31T00:00:00,2030-12-31T23:59:59
AS_NP15_EXP,MCSP_6_B1,AS_NP15_EXP,,2015-10-22T07:00:00-00:00,2031-01-01T07:59:59-00:00,2015-10-22T00:00:00,2030-12-31T23:59:59
AS_NP15_EXP,MCSWAIN_6_N001,AS_NP15_EXP,,2025-05-13T07:00:00-00:00,2031-01-01T07:59:59-00:00,2025-05-13T00:00:00,2030-12-31T23:59:59
AS_NP15_EXP,MDFKRL_2_PROJCT-APND,AS_NP15_EXP,,2009-03-31T07:00:00-00:00,2031-01-01T07:59:59-00:00,2009-03-31T00:00:00,2030-12-31T23:59:59
AS_NP15_EXP,MDLRIVR_6_N001,AS_NP15_EXP,,2009-03-31T07:00:00-00:00,2031-01-01T07:59:59-00:00,2009-03-31T00:00:00,2030-12-31T23:59:59
AS_NP15_EXP,MECCTG1_7_B1,AS_NP15_EXP,,2009-03-31T07:00:00-00:00,2031-01-01T07:59:59-00:00,2009-03-31T00:00:00,2030-12-31T23:59:59
AS_NP15_EXP,MECCTG1_7_N100,AS_NP15_EXP,,2009-03-31T07:00:00-00:00,2031-01-01T07:59:59-00:00,2009-03-31T00:00:00,2030-12-31T23:59:59
AS_NP15_EXP,MECCTG2_7_B2,AS_NP15_EXP,,2009-03-31T07:00:00-00:00,2031-01-01T07:59:59-00:00,2009-03-31T00:00:00,2030-12-31T23:59:59
AS_NP15_EXP,MECCTG2_7_N100,AS_NP15_EXP,,2009-03-31T07:00:00-00:00,2031-01-01T07:59:59-00:00,2009-03-31T00:00:00,2030-12-31T23:59:59
AS_NP15_EXP,MECSTG3_7_B1,AS_NP15_EXP,,2009-03-31T07:00:00-00:00,2031-01-01T07:59:59-00:00,2009-03-31T00:00:00,2030-12-31T23:59:59
AS_NP15_EXP,MEDWLNE_1_N001,AS_NP15_EXP,,2009-03-31T07:00:00-00:00,2031-01-01T07:59:59-00:00,2009-03-31T00:00:00,2030-12-31T23:59:59
AS_NP15_EXP,MEDWLNE_1_N002,AS_NP15_EXP,,2009-03-31T07:00:00-00:00,2031-01-01T07:59:59-00:00,2009-03-31T00:00:00,2030-12-31T23:59:59
AS_NP15_EXP,MEDWLNE_1_N006,AS_NP15_EXP,,2009-03-31T07:00:00-00:00,2031-01-01T07:59:59-00:00,2009-03-31T00:00:00,2030-12-31T23:59:59
AS_NP15_EXP,MELONES_2_N014,AS_NP15_EXP,,2025-05-13T07:00:00-00:00,2031-01-01T07:59:59-00:00,2025-05-13T00:00:00,2030-12-31T23:59:59
AS_NP15_EXP,MELONES_2_N018,AS_NP15_EXP,,2020-09-18T07:00:00-00:00,2031-01-01T07:59:59-00:00,2020-09-18T00:00:00,2030-12-31T23:59:59
AS_NP15_EXP,MELONES_2_N019,AS_NP15_EXP,,2020-09-18T07:00:00-00:00,2031-01-01T07:59:59-00:00,2020-09-18T00:00:00,2030-12-31T23:59:59
AS_NP15_EXP,MELONES_2_N020,AS_NP15_EXP,,2020-09-18T07:00:00-00:00,2031-01-01T07:59:59-00:00,2020-09-18T00:00:00,2030-12-31T23:59:59
AS_NP15_EXP,MELONES_2_N021,AS_NP15_EXP,,2020-09-18T07:00:00-00:00,2031-01-01T07:59:59-00:00,2020-09-18T00:00:00,2030-12-31T23:59:59
AS_NP15_EXP,MELONES_2_N022,AS_NP15_EXP,,2024-08-28T07:00:00-00:00,2031-01-01T07:59:59-00:00,2024-08-28T00:00:00,2030-12-31T23:59:59
AS_NP15_EXP,MELONES_2_N023,AS_NP15_EXP,,2020-09-18T07:00:00-00:00,2031-01-01T07:59:59-00:00,2020-09-18T00:00:00,2030-12-31T23:59:59
AS_NP15_EXP,MELONES_2_N024,AS_NP15_EXP,,2020-09-18T07:00:00-00:00,2031-01-01T07:59:59-00:00,2020-09-18T00:00:00,2030-12-31T23:59:59
AS_NP15_EXP,MELONES_2_N025,AS_NP15_EXP,,2020-09-18T07:00:00-00:00,2031-01-01T07:59:59-00:00,2020-09-18T00:00:00,2030-12-31T23:59:59
AS_NP15_EXP,MEMOREX_6_N001,AS_NP15_EXP,,2024-08-28T07:00:00-00:00,2031-01-01T07:59:59-00:00,2024-08-28T00:00:00,2030-12-31T23:59:59
AS_NP15_EXP,MEMOREX_6_N002,AS_NP15_EXP,,2024-08-28T07:00:00-00:00,2031-01-01T07:59:59-00:00,2024-08-28T00:00:00,2030-12-31T23:59:59
AS_NP15_EXP,MEMOREX_6_N003,AS_NP15_EXP,,2024-08-28T07:00:00-00:00,2031-01-01T07:59:59-00:00,2024-08-28T00:00:00,2030-12-31T23:59:59
AS_NP15_EXP,MENDOTA_1_B1,AS_NP15_EXP,,2017-08-17T07:00:00-00:00,2031-01-01T07:59:59-00:00,2017-08-17T00:00:00,2030-12-31T23:59:59
AS_NP15_EXP,MENLO_6_N001,AS_NP15_EXP,,2009-03-31T07:00:00-00:00,2031-01-01T07:59:59-00:00,2009-03-31T00:00:00,2030-12-31T23:59:59
AS_NP15_EXP,MENLO_6_N002,AS_NP15_EXP,,2009-03-31T07:00:00-00:00,2031-01-01T07:59:59-00:00,2009-03-31T00:00:00,2030-12-31T23:59:59
AS_NP15_EXP,MENLO_6_N003,AS_NP15_EXP,,2009-03-31T07:00:00-00:00,2031-01-01T07:59:59-00:00,2009-03-31T00:00:00,2030-12-31T23:59:59
AS_NP15_EXP,MENLO_6_N004,AS_NP15_EXP,,2009-03-31T07:00:00-00:00,2031-01-01T07:59:59-00:00,2009-03-31T00:00:00,2030-12-31T23:59:59
AS_NP15_EXP,MERCEDFL_7_N001,AS_NP15_EXP,,2009-03-31T07:00:00-00:00,2031-01-01T07:59:59-00:00,2009-03-31T00:00:00,2030-12-31T23:59:59
AS_NP15_EXP,MERCEDFL_7_N002,AS_NP15_EXP,,2025-05-13T07:00:00-00:00,2031-01-01T07:59:59-00:00,2025-05-13T00:00:00,2030-12-31T23:59:59
AS_NP15_EXP,MERCED_1_N001,AS_NP15_EXP,,2009-03-31T07:00:00-00:00,2031-01-01T07:59:59-00:00,2009-03-31T00:00:00,2030-12-31T23:59:59
AS_NP15_EXP,MERCED_1_N002,AS_NP15_EXP,,2014-08-28T07:00:00-00:00,2031-01-01T07:59:59-00:00,2014-08-28T00:00:00,2030-12-31T23:59:59
AS_NP15_EXP,MERCED_7_N002,AS_NP15_EXP,,2025-05-13T07:00:00-00:00,2031-01-01T07:59:59-00:00,2025-05-13T00:00:00,2030-12-31T23:59:59
AS_NP15_EXP,MERCED_7_N003,AS_NP15_EXP,,2025-05-13T07:00:00-00:00,2031-01-01T07:59:59-00:00,2025-05-13T00:00:00,2030-12-31T23:59:59
AS_NP15_EXP,MERIDIAN_6_N101,AS_NP15_EXP,,2013-05-09T07:00:00-00:00,2031-01-01T07:59:59-00:00,2013-05-09T00:00:00,2030-12-31T23:59:59
AS_NP15_EXP,METCALF_1_N018,AS_NP15_EXP,,2009-03-31T07:00:00-00:00,2031-01-01T07:59:59-00:00,2009-03-31T00:00:00,2030-12-31T23:59:59
AS_NP15_EXP,METCALF_1_N044,AS_NP15_EXP,,2009-03-31T07:00:00-00:00,2031-01-01T07:59:59-00:00,2009-03-31T00:00:00,2030-12-31T23:59:59
AS_NP15_EXP,METEC_2_PL1X3-APND,AS_NP15_EXP,,2009-03-31T07:00:00-00:00,2031-01-01T07:59:59-00:00,2009-03-31T00:00:00,2030-12-31T23:59:59
AS_NP15_EXP,METTLER_6_N001,AS_NP15_EXP,,2009-03-31T07:00:00-00:00,2031-01-01T07:59:59-00:00,2009-03-31T00:00:00,2030-12-31T23:59:59
AS_NP15_EXP,MI-WUK_1_N001,AS_NP15_EXP,,2020-03-18T07:00:00-00:00,2031-01-01T07:59:59-00:00,2020-03-18T00:00:00,2030-12-31T23:59:59
AS_NP15_EXP,MIDDLTWN_6_N002,AS_NP15_EXP,,2009-03-31T07:00:00-00:00,2031-01-01T07:59:59-00:00,2009-03-31T00:00:00,2030-12-31T23:59:59
AS_NP15_EXP,MIDDLTWN_6_N101,AS_NP15_EXP,,2009-03-31T07:00:00-00:00,2031-01-01T07:59:59-00:00,2009-03-31T00:00:00,2030-12-31T23:59:59
AS_NP15_EXP,MIDLFORK_2_B1,AS_NP15_EXP,,2017-08-17T07:00:00-00:00,2031-01-01T07:59:59-00:00,2017-08-17T00:00:00,2030-12-31T23:59:59
AS_NP15_EXP,MIDLFORK_7_B1,AS_NP15_EXP,,2009-03-31T07:00:00-00:00,2031-01-01T07:59:59-00:00,2009-03-31T00:00:00,2030-12-31T23:59:59
AS_NP15_EXP,MIDLFORK_7_B3,AS_NP15_EXP,,2009-03-31T07:00:00-00:00,2031-01-01T07:59:59-00:00,2009-03-31T00:00:00,2030-12-31T23:59:59
AS_NP15_EXP,MILLBRAE_1_N001,AS_NP15_EXP,,2009-03-31T07:00:00-00:00,2031-01-01T07:59:59-00:00,2009-03-31T00:00:00,2030-12-31T23:59:59
AS_NP15_EXP,MILLBRAE_1_N004,AS_NP15_EXP,,2009-03-31T07:00:00-00:00,2031-01-01T07:59:59-00:00,2009-03-31T00:00:00,2030-12-31T23:59:59
AS_NP15_EXP,MILLBRAE_1_N007,AS_NP15_EXP,,2009-03-31T07:00:00-00:00,2031-01-01T07:59:59-00:00,2009-03-31T00:00:00,2030-12-31T23:59:59
AS_NP15_EXP,MILLBRAE_1_N201,AS_NP15_EXP,,2009-03-31T07:00:00-00:00,2031-01-01T07:59:59-00:00,2009-03-31T00:00:00,2030-12-31T23:59:59
AS_NP15_EXP,MILLBRAE_6_N001,AS_NP15_EXP,,2009-03-31T07:00:00-00:00,2031-01-01T07:59:59-00:00,2009-03-31T00:00:00,2030-12-31T23:59:59
AS_NP15_EXP,MILLER_1_N001,AS_NP15_EXP,,2009-03-31T07:00:00-00:00,2031-01-01T07:59:59-00:00,2009-03-31T00:00:00,2030-12-31T23:59:59
AS_NP15_EXP,MILPITAS_1_N001,AS_NP15_EXP,,2009-03-31T07:00:00-00:00,2031-01-01T07:59:59-00:00,2009-03-31T00:00:00,2030-12-31T23:59:59
AS_NP15_EXP,MILPITAS_1_N003,AS_NP15_EXP,,2009-03-31T07:00:00-00:00,2031-01-01T07:59:59-00:00,2009-03-31T00:00:00,2030-12-31T23:59:59
AS_NP15_EXP,MILPITAS_1_N005,AS_NP15_EXP,,2009-03-31T07:00:00-00:00,2031-01-01T07:59:59-00:00,2009-03-31T00:00:00,2030-12-31T23:59:59
AS_NP15_EXP,MILPITAS_1_N006,AS_NP15_EXP,,2009-03-31T07:00:00-00:00,2031-01-01T07:59:59-00:00,2009-03-31T00:00:00,2030-12-31T23:59:59
AS_NP15_EXP,MILPITAS_1_N008,AS_NP15_EXP,,2025-05-13T07:00:00-00:00,2031-01-01T07:59:59-00:00,2025-05-13T00:00:00,2030-12-31T23:59:59
AS_NP15_EXP,MIRABEL_6_N001,AS_NP15_EXP,,2009-03-31T07:00:00-00:00,2031-01-01T07:59:59-00:00,2009-03-31T00:00:00,2030-12-31T23:59:59
AS_NP15_EXP,MISSION_6_N002,AS_NP15_EXP,,2017-02-16T08:00:00-00:00,2031-01-01T07:59:59-00:00,2017-02-16T00:00:00,2030-12-31T23:59:59
AS_NP15_EXP,MISSION_6_N003,AS_NP15_EXP,,2017-02-16T08:00:00-00:00,2031-01-01T07:59:59-00:00,2017-02-16T00:00:00,2030-12-31T23:59:59
AS_NP15_EXP,MISSION_6_N004,AS_NP15_EXP,,2017-02-16T08:00:00-00:00,2031-01-01T07:59:59-00:00,2017-02-16T00:00:00,2030-12-31T23:59:59
AS_NP15_EXP,MISSIX_7_N006,AS_NP15_EXP,,2013-02-28T08:00:00-00:00,2031-01-01T07:59:59-00:00,2013-02-28T00:00:00,2030-12-31T23:59:59
AS_NP15_EXP,MISSIX_7_N007,AS_NP15_EXP,,2013-02-28T08:00:00-00:00,2031-01-01T07:59:59-00:00,2013-02-28T00:00:00,2030-12-31T23:59:59
AS_NP15_EXP,MISSIX_7_N008,AS_NP15_EXP,,2013-02-28T08:00:00-00:00,2031-01-01T07:59:59-00:00,2013-02-28T00:00:00,2030-12-31T23:59:59
AS_NP15_EXP,MISSON_1_N015,AS_NP15_EXP,,2025-05-13T07:00:00-00:00,2031-01-01T07:59:59-00:00,2025-05-13T00:00:00,2030-12-31T23:59:59
AS_NP15_EXP,MNDCTP_6_N001,AS_NP15_EXP,,2012-06-14T07:00:00-00:00,2031-01-01T07:59:59-00:00,2012-06-14T00:00:00,2030-12-31T23:59:59
AS_NP15_EXP,MOCCASIN_1_N009,AS_NP15_EXP,,2009-03-31T07:00:00-00:00,2031-01-01T07:59:59-00:00,2009-03-31T00:00:00,2030-12-31T23:59:59
AS_NP15_EXP,MOFTFLD_1_N002,AS_NP15_EXP,,2009-03-31T07:00:00-00:00,2031-01-01T07:59:59-00:00,2009-03-31T00:00:00,2030-12-31T23:59:59
AS_NP15_EXP,MOLINO_6_N002,AS_NP15_EXP,,2009-03-31T07:00:00-00:00,2031-01-01T07:59:59-00:00,2009-03-31T00:00:00,2030-12-31T23:59:59
AS_NP15_EXP,MOLINO_6_N101,AS_NP15_EXP,,2009-03-31T07:00:00-00:00,2031-01-01T07:59:59-00:00,2009-03-31T00:00:00,2030-12-31T23:59:59
AS_NP15_EXP,MONARCH_6_N001,AS_NP15_EXP,,2009-03-31T07:00:00-00:00,2031-01-01T07:59:59-00:00,2009-03-31T00:00:00,2030-12-31T23:59:59
AS_NP15_EXP,MONDAVI_6_N001,AS_NP15_EXP,,2009-03-31T07:00:00-00:00,2031-01-01T07:59:59-00:00,2009-03-31T00:00:00,2030-12-31T23:59:59
AS_NP15_EXP,MONROE_1_N001,AS_NP15_EXP,,2009-03-31T07:00:00-00:00,2031-01-01T07:59:59-00:00,2009-03-31T00:00:00,2030-12-31T23:59:59
AS_NP15_EXP,MONROE_1_N002,AS_NP15_EXP,,2009-03-31T07:00:00-00:00,2031-01-01T07:59:59-00:00,2009-03-31T00:00:00,2030-12-31T23:59:59
AS_NP15_EXP,MONROE_1_N101,AS_NP15_EXP,,2009-03-31T07:00:00-00:00,2031-01-01T07:59:59-00:00,2009-03-31T00:00:00,2030-12-31T23:59:59
AS_NP15_EXP,MONTAGUE_1_N001,AS_NP15_EXP,,2009-03-31T07:00:00-00:00,2031-01-01T07:59:59-00:00,2009-03-31T00:00:00,2030-12-31T23:59:59
AS_NP15_EXP,MONTAGUE_1_N006,AS_NP15_EXP,,2009-03-31T07:00:00-00:00,2031-01-01T07:59:59-00:00,2009-03-31T00:00:00,2030-12-31T23:59:59
AS_NP15_EXP,MONTAGUE_1_N007,AS_NP15_EXP,,2009-03-31T07:00:00-00:00,2031-01-01T07:59:59-00:00,2009-03-31T00:00:00,2030-12-31T23:59:59
AS_NP15_EXP,MONTAGUE_1_N011,AS_NP15_EXP,,2023-05-05T07:00:00-00:00,2031-01-01T07:59:59-00:00,2023-05-05T00:00:00,2030-12-31T23:59:59
AS_NP15_EXP,MONTCLLO_1_N008,AS_NP15_EXP,,2009-03-31T07:00:00-00:00,2031-01-01T07:59:59-00:00,2009-03-31T00:00:00,2030-12-31T23:59:59
AS_NP15_EXP,MONTEREY_6_N001,AS_NP15_EXP,,2009-03-31T07:00:00-00:00,2031-01-01T07:59:59-00:00,2009-03-31T00:00:00,2030-12-31T23:59:59
AS_NP15_EXP,MONTEREY_6_N004,AS_NP15_EXP,,2025-08-13T07:00:00-00:00,2031-01-01T07:59:59-00:00,2025-08-13T00:00:00,2030-12-31T23:59:59
AS_NP15_EXP,MONTEREY_6_NLD2,AS_NP15_EXP,,2025-08-13T07:00:00-00:00,2031-01-01T07:59:59-00:00,2025-08-13T00:00:00,2030-12-31T23:59:59
AS_NP15_EXP,MONTERO_6_N001,AS_NP15_EXP,,2009-03-31T07:00:00-00:00,2031-01-01T07:59:59-00:00,2009-03-31T00:00:00,2030-12-31T23:59:59
AS_NP15_EXP,MONTERO_6_N004,AS_NP15_EXP,,2009-03-31T07:00:00-00:00,2031-01-01T07:59:59-00:00,2009-03-31T00:00:00,2030-12-31T23:59:59
AS_NP15_EXP,MONTICLO_7_N001,AS_NP15_EXP,,2023-05-05T07:00:00-00:00,2031-01-01T07:59:59-00:00,2023-05-05T00:00:00,2030-12-31T23:59:59
AS_NP15_EXP,MONTICLO_7_N002,AS_NP15_EXP,,2023-05-05T07:00:00-00:00,2031-01-01T07:59:59-00:00,2023-05-05T00:00:00,2030-12-31T23:59:59
AS_NP15_EXP,MONTICLO_7_N003,AS_NP15_EXP,,2023-05-05T07:00:00-00:00,2031-01-01T07:59:59-00:00,2023-05-05T00:00:00,2030-12-31T23:59:59
AS_NP15_EXP,MONTPH_7_UNITS-APND,AS_NP15_EXP,,2009-03-31T07:00:00-00:00,2031-01-01T07:59:59-00:00,2009-03-31T00:00:00,2030-12-31T23:59:59
AS_NP15_EXP,MORAGA_1_N001,AS_NP15_EXP,,2009-03-31T07:00:00-00:00,2031-01-01T07:59:59-00:00,2009-03-31T00:00:00,2030-12-31T23:59:59
AS_NP15_EXP,MORMON_6_N001,AS_NP15_EXP,,2009-03-31T07:00:00-00:00,2031-01-01T07:59:59-00:00,2009-03-31T00:00:00,2030-12-31T23:59:59
AS_NP15_EXP,MOSSLDB_2_B1,AS_NP15_EXP,,2017-08-17T07:00:00-00:00,2031-01-01T07:59:59-00:00,2017-08-17T00:00:00,2030-12-31T23:59:59
AS_NP15_EXP,MOSSLD_1_N001,AS_NP15_EXP,,2020-07-09T07:00:00-00:00,2031-01-01T07:59:59-00:00,2020-07-09T00:00:00,2030-12-31T23:59:59
AS_NP15_EXP,MOSSLD_1_N055,AS_NP15_EXP,,2009-03-31T07:00:00-00:00,2031-01-01T07:59:59-00:00,2009-03-31T00:00:00,2030-12-31T23:59:59
AS_NP15_EXP,MOSSLD_2_PSP1-APND,AS_NP15_EXP,,2009-03-31T07:00:00-00:00,2031-01-01T07:59:59-00:00,2009-03-31T00:00:00,2030-12-31T23:59:59
AS_NP15_EXP,MOSSLD_2_PSP2-APND,AS_NP15_EXP,,2009-03-31T07:00:00-00:00,2031-01-01T07:59:59-00:00,2009-03-31T00:00:00,2030-12-31T23:59:59
AS_NP15_EXP,MOSSLND6_7_B2,AS_NP15_EXP,,2014-04-17T07:00:00-00:00,2031-01-01T07:59:59-00:00,2014-04-17T00:00:00,2030-12-31T23:59:59
AS_NP15_EXP,MOSSLND6_7_ND001,AS_NP15_EXP,,2009-03-31T07:00:00-00:00,2031-01-01T07:59:59-00:00,2009-03-31T00:00:00,2030-12-31T23:59:59
AS_NP15_EXP,MOSSLND7_7_B2,AS_NP15_EXP,,2014-04-17T07:00:00-00:00,2031-01-01T07:59:59-00:00,2014-04-17T00:00:00,2030-12-31T23:59:59
AS_NP15_EXP,MOSSLND7_7_ND001,AS_NP15_EXP,,2009-03-31T07:00:00-00:00,2031-01-01T07:59:59-00:00,2009-03-31T00:00:00,2030-12-31T23:59:59
AS_NP15_EXP,MPETAP_1_B1,AS_NP15_EXP,,2017-08-17T07:00:00-00:00,2031-01-01T07:59:59-00:00,2017-08-17T00:00:00,2030-12-31T23:59:59
AS_NP15_EXP,MPLECRK_6_N001,AS_NP15_EXP,,2009-03-31T07:00:00-00:00,2031-01-01T07:59:59-00:00,2009-03-31T00:00:00,2030-12-31T23:59:59
AS_NP15_EXP,MREIS-Q_1_N001,AS_NP15_EXP,,2014-04-17T07:00:00-00:00,2031-01-01T07:59:59-00:00,2014-04-17T00:00:00,2030-12-31T23:59:59
AS_NP15_EXP,MREISQ_1_N007,AS_NP15_EXP,,2014-04-17T07:00:00-00:00,2031-01-01T07:59:59-00:00,2014-04-17T00:00:00,2030-12-31T23:59:59
AS_NP15_EXP,MRGNHIL_1_N001,AS_NP15_EXP,,2009-03-31T07:00:00-00:00,2031-01-01T07:59:59-00:00,2009-03-31T00:00:00,2030-12-31T23:59:59
AS_NP15_EXP,MRGNHIL_1_N004,AS_NP15_EXP,,2009-03-31T07:00:00-00:00,2031-01-01T07:59:59-00:00,2009-03-31T00:00:00,2030-12-31T23:59:59
AS_NP15_EXP,MRGNHIL_1_N007,AS_NP15_EXP,,2009-03-31T07:00:00-00:00,2031-01-01T07:59:59-00:00,2009-03-31T00:00:00,2030-12-31T23:59:59
AS_NP15_EXP,MRYSVLLE_6_N001,AS_NP15_EXP,,2019-05-23T07:00:00-00:00,2031-01-01T07:59:59-00:00,2019-05-23T00:00:00,2030-12-31T23:59:59
AS_NP15_EXP,MRYSVLLE_6_N003,AS_NP15_EXP,,2019-05-23T07:00:00-00:00,2031-01-01T07:59:59-00:00,2019-05-23T00:00:00,2030-12-31T23:59:59
AS_NP15_EXP,MSHR60V_6_N001,AS_NP15_EXP,,2014-11-13T08:00:00-00:00,2031-01-01T07:59:59-00:00,2014-11-13T00:00:00,2030-12-31T23:59:59
AS_NP15_EXP,MSHR60V_6_N006,AS_NP15_EXP,,2014-11-13T08:00:00-00:00,2031-01-01T07:59:59-00:00,2014-11-13T00:00:00,2030-12-31T23:59:59
AS_NP15_EXP,MSHR60V_6_N014,AS_NP15_EXP,,2013-11-21T08:00:00-00:00,2031-01-01T07:59:59-00:00,2013-11-21T00:00:00,2030-12-31T23:59:59
AS_NP15_EXP,MTEDEN_1_N001,AS_NP15_EXP,,2009-03-31T07:00:00-00:00,2031-01-01T07:59:59-00:00,2009-03-31T00:00:00,2030-12-31T23:59:59
AS_NP15_EXP,MTEDEN_1_N005,AS_NP15_EXP,,2009-03-31T07:00:00-00:00,2031-01-01T07:59:59-00:00,2009-03-31T00:00:00,2030-12-31T23:59:59
AS_NP15_EXP,MTEDEN_1_N009,AS_NP15_EXP,,2009-03-31T07:00:00-00:00,2031-01-01T07:59:59-00:00,2009-03-31T00:00:00,2030-12-31T23:59:59
AS_NP15_EXP,MTNGATE_6_N001,AS_NP15_EXP,,2009-03-31T07:00:00-00:00,2031-01-01T07:59:59-00:00,2009-03-31T00:00:00,2030-12-31T23:59:59
AS_NP15_EXP,MTNQUAR_6_N001,AS_NP15_EXP,,2009-03-31T07:00:00-00:00,2031-01-01T07:59:59-00:00,2009-03-31T00:00:00,2030-12-31T23:59:59
AS_NP15_EXP,MTVIEW_1_GN001,AS_NP15_EXP,,2009-12-17T08:00:00-00:00,2031-01-01T07:59:59-00:00,2009-12-17T00:00:00,2030-12-31T23:59:59
AS_NP15_EXP,MTVIEW_1_N001,AS_NP15_EXP,,2009-03-31T07:00:00-00:00,2031-01-01T07:59:59-00:00,2009-03-31T00:00:00,2030-12-31T23:59:59
AS_NP15_EXP,MTVIEW_1_N004,AS_NP15_EXP,,2009-03-31T07:00:00-00:00,2031-01-01T07:59:59-00:00,2009-03-31T00:00:00,2030-12-31T23:59:59
AS_NP15_EXP,MTVIEW_1_N005,AS_NP15_EXP,,2009-03-31T07:00:00-00:00,2031-01-01T07:59:59-00:00,2009-03-31T00:00:00,2030-12-31T23:59:59
AS_NP15_EXP,MTZUMA2_7_B1,AS_NP15_EXP,,2025-05-13T07:00:00-00:00,2031-01-01T07:59:59-00:00,2025-05-13T00:00:00,2030-12-31T23:59:59
AS_NP15_EXP,MUSLSLGH_6_N001,AS_NP15_EXP,,2009-03-31T07:00:00-00:00,2031-01-01T07:59:59-00:00,2009-03-31T00:00:00,2030-12-31T23:59:59
AS_NP15_EXP,MUSTANGS_2_B1,AS_NP15_EXP,,2017-08-17T07:00:00-00:00,2031-01-01T07:59:59-00:00,2017-08-17T00:00:00,2030-12-31T23:59:59
AS_NP15_EXP,NAJ_6_N003,AS_NP15_EXP,,2017-02-16T08:00:00-00:00,2031-01-01T07:59:59-00:00,2017-02-16T00:00:00,2030-12-31T23:59:59
AS_NP15_EXP,NAPA_6_N002,AS_NP15_EXP,,2017-02-16T08:00:00-00:00,2031-01-01T07:59:59-00:00,2017-02-16T00:00:00,2030-12-31T23:59:59
AS_NP15_EXP,NAPA_6_N003,AS_NP15_EXP,,2009-03-31T07:00:00-00:00,2031-01-01T07:59:59-00:00,2009-03-31T00:00:00,2030-12-31T23:59:59
AS_NP15_EXP,NAPA_6_N004,AS_NP15_EXP,,2009-03-31T07:00:00-00:00,2031-01-01T07:59:59-00:00,2009-03-31T00:00:00,2030-12-31T23:59:59
AS_NP15_EXP,NAPA_6_N005,AS_NP15_EXP,,2009-03-31T07:00:00-00:00,2031-01-01T07:59:59-00:00,2009-03-31T00:00:00,2030-12-31T23:59:59
AS_NP15_EXP,NARROWS1_7_B1,AS_NP15_EXP,,2009-03-31T07:00:00-00:00,2031-01-01T07:59:59-00:00,2009-03-31T00:00:00,2030-12-31T23:59:59
AS_NP15_EXP,NARROWS1_7_N001,AS_NP15_EXP,,2009-03-31T07:00:00-00:00,2031-01-01T07:59:59-00:00,2009-03-31T00:00:00,2030-12-31T23:59:59
AS_NP15_EXP,NARROWS2_7_B1,AS_NP15_EXP,,2009-03-31T07:00:00-00:00,2031-01-01T07:59:59-00:00,2009-03-31T00:00:00,2030-12-31T23:59:59
AS_NP15_EXP,NAVYLAB_6_N101,AS_NP15_EXP,,2017-11-16T08:00:00-00:00,2031-01-01T07:59:59-00:00,2017-11-16T00:00:00,2030-12-31T23:59:59
AS_NP15_EXP,NBRANCH_6_N001,AS_NP15_EXP,,2021-11-17T08:00:00-00:00,2031-01-01T07:59:59-00:00,2021-11-17T00:00:00,2030-12-31T23:59:59
AS_NP15_EXP,NCPA1GY1_7_B2,AS_NP15_EXP,,2009-03-31T07:00:00-00:00,2031-01-01T07:59:59-00:00,2009-03-31T00:00:00,2030-12-31T23:59:59
AS_NP15_EXP,NCPA1GY1_7_N001,AS_NP15_EXP,,2009-03-31T07:00:00-00:00,2031-01-01T07:59:59-00:00,2009-03-31T00:00:00,2030-12-31T23:59:59
AS_NP15_EXP,NCPA1GY2_7_B2,AS_NP15_EXP,,2009-03-31T07:00:00-00:00,2031-01-01T07:59:59-00:00,2009-03-31T00:00:00,2030-12-31T23:59:59
AS_NP15_EXP,NCPA1GY2_7_N001,AS_NP15_EXP,,2009-03-31T07:00:00-00:00,2031-01-01T07:59:59-00:00,2009-03-31T00:00:00,2030-12-31T23:59:59
AS_NP15_EXP,NCPA2GY1_7_B2,AS_NP15_EXP,,2009-03-31T07:00:00-00:00,2031-01-01T07:59:59-00:00,2009-03-31T00:00:00,2030-12-31T23:59:59
AS_NP15_EXP,NCPA2GY1_7_N001,AS_NP15_EXP,,2009-03-31T07:00:00-00:00,2031-01-01T07:59:59-00:00,2009-03-31T00:00:00,2030-12-31T23:59:59
AS_NP15_EXP,NCPA2GY2_7_B2,AS_NP15_EXP,,2009-03-31T07:00:00-00:00,2031-01-01T07:59:59-00:00,2009-03-31T00:00:00,2030-12-31T23:59:59
AS_NP15_EXP,NCPA2GY2_7_N001,AS_NP15_EXP,,2009-03-31T07:00:00-00:00,2031-01-01T07:59:59-00:00,2009-03-31T00:00:00,2030-12-31T23:59:59
AS_NP15_EXP,NDUBLIN_2_N002,AS_NP15_EXP,,2009-03-31T07:00:00-00:00,2031-01-01T07:59:59-00:00,2009-03-31T00:00:00,2030-12-31T23:59:59
AS_NP15_EXP,NEORBLF_7_B1,AS_NP15_EXP,,2025-05-13T07:00:00-00:00,2031-01-01T07:59:59-00:00,2025-05-13T00:00:00,2030-12-31T23:59:59
AS_NP15_EXP,NEWARKD_1_N001,AS_NP15_EXP,,2009-03-31T07:00:00-00:00,2031-01-01T07:59:59-00:00,2009-03-31T00:00:00,2030-12-31T23:59:59
AS_NP15_EXP,NEWARKD_1_N012,AS_NP15_EXP,,2009-03-31T07:00:00-00:00,2031-01-01T07:59:59-00:00,2009-03-31T00:00:00,2030-12-31T23:59:59
AS_NP15_EXP,NEWARKD_1_N126,AS_NP15_EXP,,2025-05-13T07:00:00-00:00,2031-01-01T07:59:59-00:00,2025-05-13T00:00:00,2030-12-31T23:59:59
AS_NP15_EXP,NEWBURG_6_N001,AS_NP15_EXP,,2009-03-31T07:00:00-00:00,2031-01-01T07:59:59-00:00,2009-03-31T00:00:00,2030-12-31T23:59:59
AS_NP15_EXP,NEWBURG_6_N003,AS_NP15_EXP,,2009-03-31T07:00:00-00:00,2031-01-01T07:59:59-00:00,2009-03-31T00:00:00,2030-12-31T23:59:59
AS_NP15_EXP,NEWCJ1_1_B1,AS_NP15_EXP,,2017-08-17T07:00:00-00:00,2031-01-01T07:59:59-00:00,2017-08-17T00:00:00,2030-12-31T23:59:59
AS_NP15_EXP,NEWCSTLE_7_B1,AS_NP15_EXP,,2023-05-05T07:00:00-00:00,2031-01-01T07:59:59-00:00,2023-05-05T00:00:00,2030-12-31T23:59:59
AS_NP15_EXP,NEWHALL_1_N001,AS_NP15_EXP,,2009-03-31T07:00:00-00:00,2031-01-01T07:59:59-00:00,2009-03-31T00:00:00,2030-12-31T23:59:59
AS_NP15_EXP,NEWHALL_1_N002,AS_NP15_EXP,,2009-03-31T07:00:00-00:00,2031-01-01T07:59:59-00:00,2009-03-31T00:00:00,2030-12-31T23:59:59
AS_NP15_EXP,NEWHOPE_6_N001,AS_NP15_EXP,,2009-03-31T07:00:00-00:00,2031-01-01T07:59:59-00:00,2009-03-31T00:00:00,2030-12-31T23:59:59
AS_NP15_EXP,NEWMAN_6_B2,AS_NP15_EXP,,2012-03-22T07:00:00-00:00,2031-01-01T07:59:59-00:00,2012-03-22T00:00:00,2030-12-31T23:59:59
AS_NP15_EXP,NEWMAN_6_N001,AS_NP15_EXP,,2009-03-31T07:00:00-00:00,2031-01-01T07:59:59-00:00,2009-03-31T00:00:00,2030-12-31T23:59:59
AS_NP15_EXP,NEWSPICE_7_B1,AS_NP15_EXP,,2023-05-05T07:00:00-00:00,2031-01-01T07:59:59-00:00,2023-05-05T00:00:00,2030-12-31T23:59:59
AS_NP15_EXP,NEWSPICE_7_B3,AS_NP15_EXP,,2023-05-05T07:00:00-00:00,2031-01-01T07:59:59-00:00,2023-05-05T00:00:00,2030-12-31T23:59:59
AS_NP15_EXP,NEWSPICE_7_B4,AS_NP15_EXP,,2023-05-05T07:00:00-00:00,2031-01-01T07:59:59-00:00,2023-05-05T00:00:00,2030-12-31T23:59:59
AS_NP15_EXP,NHGNDM_7_N001,AS_NP15_EXP,,2023-05-05T07:00:00-00:00,2031-01-01T07:59:59-00:00,2023-05-05T00:00:00,2030-12-31T23:59:59
AS_NP15_EXP,NHGNDM_7_N002,AS_NP15_EXP,,2023-05-05T07:00:00-00:00,2031-01-01T07:59:59-00:00,2023-05-05T00:00:00,2030-12-31T23:59:59
AS_NP15_EXP,NHOGAN_6_UNITS-APND,AS_NP15_EXP,,2009-03-31T07:00:00-00:00,2031-01-01T07:59:59-00:00,2009-03-31T00:00:00,2030-12-31T23:59:59
AS_NP15_EXP,NOOSA_7_N001,AS_NP15_EXP,,2024-12-18T08:00:00-00:00,2031-01-01T07:59:59-00:00,2024-12-18T00:00:00,2030-12-31T23:59:59
AS_NP15_EXP,NORCNV_7_ND002,AS_NP15_EXP,,2025-05-13T07:00:00-00:00,2031-01-01T07:59:59-00:00,2025-05-13T00:00:00,2030-12-31T23:59:59
AS_NP15_EXP,NORD1_1_N001,AS_NP15_EXP,,2009-03-31T07:00:00-00:00,2031-01-01T07:59:59-00:00,2009-03-31T00:00:00,2030-12-31T23:59:59
AS_NP15_EXP,NORD1_1_N003,AS_NP15_EXP,,2009-03-31T07:00:00-00:00,2031-01-01T07:59:59-00:00,2009-03-31T00:00:00,2030-12-31T23:59:59
AS_NP15_EXP,NORTECH_1_N001,AS_NP15_EXP,,2009-03-31T07:00:00-00:00,2031-01-01T07:59:59-00:00,2009-03-31T00:00:00,2030-12-31T23:59:59
AS_NP15_EXP,NORTECH_1_N008,AS_NP15_EXP,,2015-04-23T07:00:00-00:00,2031-01-01T07:59:59-00:00,2015-04-23T00:00:00,2030-12-31T23:59:59
AS_NP15_EXP,NORTHWES_6_N001,AS_NP15_EXP,,2017-02-16T08:00:00-00:00,2031-01-01T07:59:59-00:00,2017-02-16T00:00:00,2030-12-31T23:59:59
AS_NP15_EXP,NORTHWES_6_N002,AS_NP15_EXP,,2017-02-16T08:00:00-00:00,2031-01-01T07:59:59-00:00,2017-02-16T00:00:00,2030-12-31T23:59:59
AS_NP15_EXP,NORTHWES_7_N005,AS_NP15_EXP,,2023-07-27T07:00:00-00:00,2031-01-01T07:59:59-00:00,2023-07-27T00:00:00,2030-12-31T23:59:59
AS_NP15_EXP,NOTRDAME_1_N001,AS_NP15_EXP,,2009-03-31T07:00:00-00:00,2031-01-01T07:59:59-00:00,2009-03-31T00:00:00,2030-12-31T23:59:59
AS_NP15_EXP,NOVATO_6_N001,AS_NP15_EXP,,2009-03-31T07:00:00-00:00,2031-01-01T07:59:59-00:00,2009-03-31T00:00:00,2030-12-31T23:59:59
AS_NP15_EXP,NOVATO_6_N002,AS_NP15_EXP,,2016-08-18T07:00:00-00:00,2031-01-01T07:59:59-00:00,2016-08-18T00:00:00,2030-12-31T23:59:59
AS_NP15_EXP,NRRW2TP1_6_N002,AS_NP15_EXP,,2009-03-31T07:00:00-00:00,2031-01-01T07:59:59-00:00,2009-03-31T00:00:00,2030-12-31T23:59:59
AS_NP15_EXP,NRRWS1TP_6_B1,AS_NP15_EXP,,2017-08-17T07:00:00-00:00,2031-01-01T07:59:59-00:00,2017-08-17T00:00:00,2030-12-31T23:59:59
AS_NP15_EXP,NRRWS2TP_6_B1,AS_NP15_EXP,,2017-08-17T07:00:00-00:00,2031-01-01T07:59:59-00:00,2017-08-17T00:00:00,2030-12-31T23:59:59
AS_NP15_EXP,NRTHGRUM_6_N001,AS_NP15_EXP,,2009-03-31T07:00:00-00:00,2031-01-01T07:59:59-00:00,2009-03-31T00:00:00,2030-12-31T23:59:59
AS_NP15_EXP,NRTHTWR_1_N001,AS_NP15_EXP,,2009-03-31T07:00:00-00:00,2031-01-01T07:59:59-00:00,2009-03-31T00:00:00,2030-12-31T23:59:59
AS_NP15_EXP,NRTHTWR_1_N002,AS_NP15_EXP,,2009-03-31T07:00:00-00:00,2031-01-01T07:59:59-00:00,2009-03-31T00:00:00,2030-12-31T23:59:59
AS_NP15_EXP,NRTHTWR_1_N004,AS_NP15_EXP,,2009-03-31T07:00:00-00:00,2031-01-01T07:59:59-00:00,2009-03-31T00:00:00,2030-12-31T23:59:59
AS_NP15_EXP,NRTHTWR_1_N010,AS_NP15_EXP,,2013-09-19T07:00:00-00:00,2031-01-01T07:59:59-00:00,2013-09-19T00:00:00,2030-12-31T23:59:59
AS_NP15_EXP,NUMITAP_1_N003,AS_NP15_EXP,,2009-03-31T07:00:00-00:00,2031-01-01T07:59:59-00:00,2009-03-31T00:00:00,2030-12-31T23:59:59
AS_NP15_EXP,NVYSCHL_6_N001,AS_NP15_EXP,,2017-11-16T08:00:00-00:00,2031-01-01T07:59:59-00:00,2017-11-16T00:00:00,2030-12-31T23:59:59
AS_NP15_EXP,NWKDIST_2_N001,AS_NP15_EXP,,2009-03-31T07:00:00-00:00,2031-01-01T07:59:59-00:00,2009-03-31T00:00:00,2030-12-31T23:59:59
AS_NP15_EXP,NWKDIST_2_N004,AS_NP15_EXP,,2009-03-31T07:00:00-00:00,2031-01-01T07:59:59-00:00,2009-03-31T00:00:00,2030-12-31T23:59:59
AS_NP15_EXP,NWKDIST_2_N017,AS_NP15_EXP,,2026-02-11T08:00:00-00:00,2031-01-01T07:59:59-00:00,2026-02-11T00:00:00,2030-12-31T23:59:59
AS_NP15_EXP,OAKC12_7_N002,AS_NP15_EXP,,2009-03-31T07:00:00-00:00,2031-01-01T07:59:59-00:00,2009-03-31T00:00:00,2030-12-31T23:59:59
AS_NP15_EXP,OAKC12_7_N008,AS_NP15_EXP,,2011-12-21T08:00:00-00:00,2031-01-01T07:59:59-00:00,2011-12-21T00:00:00,2030-12-31T23:59:59
AS_NP15_EXP,OAKC12_7_N009,AS_NP15_EXP,,2011-12-21T08:00:00-00:00,2031-01-01T07:59:59-00:00,2011-12-21T00:00:00,2030-12-31T23:59:59
AS_NP15_EXP,OAKC12_7_N010,AS_NP15_EXP,,2011-12-21T08:00:00-00:00,2031-01-01T07:59:59-00:00,2011-12-21T00:00:00,2030-12-31T23:59:59
AS_NP15_EXP,OAKC12_7_N012,AS_NP15_EXP,,2025-05-13T07:00:00-00:00,2031-01-01T07:59:59-00:00,2025-05-13T00:00:00,2030-12-31T23:59:59
AS_NP15_EXP,OAKDLTID_1_N001,AS_NP15_EXP,,2025-05-13T07:00:00-00:00,2031-01-01T07:59:59-00:00,2025-05-13T00:00:00,2030-12-31T23:59:59
AS_NP15_EXP,OAKHURST_1_N001,AS_NP15_EXP,,2009-03-31T07:00:00-00:00,2031-01-01T07:59:59-00:00,2009-03-31T00:00:00,2030-12-31T23:59:59
AS_NP15_EXP,OAKHURST_1_N002,AS_NP15_EXP,,2012-06-14T07:00:00-00:00,2031-01-01T07:59:59-00:00,2012-06-14T00:00:00,2030-12-31T23:59:59
AS_NP15_EXP,OAKLAND_1_N001,AS_NP15_EXP,,2019-05-23T07:00:00-00:00,2031-01-01T07:59:59-00:00,2019-05-23T00:00:00,2030-12-31T23:59:59
AS_NP15_EXP,OAKLAND_1_N006,AS_NP15_EXP,,2009-03-31T07:00:00-00:00,2031-01-01T07:59:59-00:00,2009-03-31T00:00:00,2030-12-31T23:59:59
AS_NP15_EXP,OAKLAND_1_N033,AS_NP15_EXP,,2009-03-31T07:00:00-00:00,2031-01-01T07:59:59-00:00,2009-03-31T00:00:00,2030-12-31T23:59:59
AS_NP15_EXP,OAKLND12_7_N001,AS_NP15_EXP,,2025-10-15T07:00:00-00:00,2031-01-01T07:59:59-00:00,2025-10-15T00:00:00,2030-12-31T23:59:59
AS_NP15_EXP,OAKLND3_7_N001,AS_NP15_EXP,,2025-10-15T07:00:00-00:00,2031-01-01T07:59:59-00:00,2025-10-15T00:00:00,2030-12-31T23:59:59
AS_NP15_EXP,OAKLND3_7_N002,AS_NP15_EXP,,2022-07-28T07:00:00-00:00,2031-01-01T07:59:59-00:00,2022-07-28T00:00:00,2030-12-31T23:59:59
AS_NP15_EXP,OAKPARK_6_N001,AS_NP15_EXP,,2009-03-31T07:00:00-00:00,2031-01-01T07:59:59-00:00,2009-03-31T00:00:00,2030-12-31T23:59:59
AS_NP15_EXP,OAKSJCT_7_N001,AS_NP15_EXP,,2023-07-27T07:00:00-00:00,2031-01-01T07:59:59-00:00,2023-07-27T00:00:00,2030-12-31T23:59:59
AS_NP15_EXP,OAKSJCT_7_N002,AS_NP15_EXP,,2023-07-27T07:00:00-00:00,2031-01-01T07:59:59-00:00,2023-07-27T00:00:00,2030-12-31T23:59:59
AS_NP15_EXP,OIGLASS_1_N001,AS_NP15_EXP,,2009-03-31T07:00:00-00:00,2031-01-01T07:59:59-00:00,2009-03-31T00:00:00,2030-12-31T23:59:59
AS_NP15_EXP,OILFLDS_6_N001,AS_NP15_EXP,,2009-03-31T07:00:00-00:00,2031-01-01T07:59:59-00:00,2009-03-31T00:00:00,2030-12-31T23:59:59
AS_NP15_EXP,OILFLDS_6_N007,AS_NP15_EXP,,2009-03-31T07:00:00-00:00,2031-01-01T07:59:59-00:00,2009-03-31T00:00:00,2030-12-31T23:59:59
AS_NP15_EXP,OILFLDS_6_N009,AS_NP15_EXP,,2025-05-13T07:00:00-00:00,2031-01-01T07:59:59-00:00,2025-05-13T00:00:00,2030-12-31T23:59:59
AS_NP15_EXP,OLEMA_6_N001,AS_NP15_EXP,,2009-03-31T07:00:00-00:00,2031-01-01T07:59:59-00:00,2009-03-31T00:00:00,2030-12-31T23:59:59
AS_NP15_EXP,OLETA_6_N001,AS_NP15_EXP,,2009-03-31T07:00:00-00:00,2031-01-01T07:59:59-00:00,2009-03-31T00:00:00,2030-12-31T23:59:59
AS_NP15_EXP,OLETA_6_N003,AS_NP15_EXP,,2009-03-31T07:00:00-00:00,2031-01-01T07:59:59-00:00,2009-03-31T00:00:00,2030-12-31T23:59:59
AS_NP15_EXP,OLEUM_1_B1,AS_NP15_EXP,,2017-08-17T07:00:00-00:00,2031-01-01T07:59:59-00:00,2017-08-17T00:00:00,2030-12-31T23:59:59
AS_NP15_EXP,OLIVHRST_1_N001,AS_NP15_EXP,,2009-03-31T07:00:00-00:00,2031-01-01T07:59:59-00:00,2009-03-31T00:00:00,2030-12-31T23:59:59
AS_NP15_EXP,OLIVHRST_1_N002,AS_NP15_EXP,,2009-03-31T07:00:00-00:00,2031-01-01T07:59:59-00:00,2009-03-31T00:00:00,2030-12-31T23:59:59
AS_NP15_EXP,OLS-AGNE_7_N001,AS_NP15_EXP,,2025-05-13T07:00:00-00:00,2031-01-01T07:59:59-00:00,2025-05-13T00:00:00,2030-12-31T23:59:59
AS_NP15_EXP,OLSEN_6_N001,AS_NP15_EXP,,2025-05-13T07:00:00-00:00,2031-01-01T07:59:59-00:00,2025-05-13T00:00:00,2030-12-31T23:59:59
AS_NP15_EXP,ONEILPMP_7_LN001,AS_NP15_EXP,,2009-09-10T07:00:00-00:00,2031-01-01T07:59:59-00:00,2009-09-10T00:00:00,2030-12-31T23:59:59
AS_NP15_EXP,ONEILPMP_7_N001,AS_NP15_EXP,,2023-05-05T07:00:00-00:00,2031-01-01T07:59:59-00:00,2023-05-05T00:00:00,2030-12-31T23:59:59
AS_NP15_EXP,ONEILPMP_7_N002,AS_NP15_EXP,,2023-05-05T07:00:00-00:00,2031-01-01T07:59:59-00:00,2023-05-05T00:00:00,2030-12-31T23:59:59
AS_NP15_EXP,ONEILPMP_7_N003,AS_NP15_EXP,,2023-05-05T07:00:00-00:00,2031-01-01T07:59:59-00:00,2023-05-05T00:00:00,2030-12-31T23:59:59
AS_NP15_EXP,ONEILPMP_7_N004,AS_NP15_EXP,,2023-05-05T07:00:00-00:00,2031-01-01T07:59:59-00:00,2023-05-05T00:00:00,2030-12-31T23:59:59
AS_NP15_EXP,ONEILPMP_7_N005,AS_NP15_EXP,,2023-05-05T07:00:00-00:00,2031-01-01T07:59:59-00:00,2023-05-05T00:00:00,2030-12-31T23:59:59
AS_NP15_EXP,ONEILPMP_7_N006,AS_NP15_EXP,,2023-05-05T07:00:00-00:00,2031-01-01T07:59:59-00:00,2023-05-05T00:00:00,2030-12-31T23:59:59
AS_NP15_EXP,ONLLPP_6_UNITS-APND,AS_NP15_EXP,,2009-03-31T07:00:00-00:00,2031-01-01T07:59:59-00:00,2009-03-31T00:00:00,2030-12-31T23:59:59
AS_NP15_EXP,ORACLE60_6_N001,AS_NP15_EXP,,2009-03-31T07:00:00-00:00,2031-01-01T07:59:59-00:00,2009-03-31T00:00:00,2030-12-31T23:59:59
AS_NP15_EXP,OREGNTRL_1_N001,AS_NP15_EXP,,2009-03-31T07:00:00-00:00,2031-01-01T07:59:59-00:00,2009-03-31T00:00:00,2030-12-31T23:59:59
AS_NP15_EXP,OREGNTRL_6_N001,AS_NP15_EXP,,2009-03-31T07:00:00-00:00,2031-01-01T07:59:59-00:00,2009-03-31T00:00:00,2030-12-31T23:59:59
AS_NP15_EXP,ORICK_6_N001,AS_NP15_EXP,,2009-03-31T07:00:00-00:00,2031-01-01T07:59:59-00:00,2009-03-31T00:00:00,2030-12-31T23:59:59
AS_NP15_EXP,ORLANDB_6_N001,AS_NP15_EXP,,2009-03-31T07:00:00-00:00,2031-01-01T07:59:59-00:00,2009-03-31T00:00:00,2030-12-31T23:59:59
AS_NP15_EXP,ORLANDB_6_N004,AS_NP15_EXP,,2013-11-21T08:00:00-00:00,2031-01-01T07:59:59-00:00,2013-11-21T00:00:00,2030-12-31T23:59:59
AS_NP15_EXP,ORLNDB_7_N001,AS_NP15_EXP,,2025-05-13T07:00:00-00:00,2031-01-01T07:59:59-00:00,2025-05-13T00:00:00,2030-12-31T23:59:59
AS_NP15_EXP,ORLNDB_7_N002,AS_NP15_EXP,,2015-04-23T07:00:00-00:00,2031-01-01T07:59:59-00:00,2015-04-23T00:00:00,2030-12-31T23:59:59
AS_NP15_EXP,OROENGY_7_B1,AS_NP15_EXP,,2025-05-13T07:00:00-00:00,2031-01-01T07:59:59-00:00,2025-05-13T00:00:00,2030-12-31T23:59:59
AS_NP15_EXP,OROLMGN_7_N004,AS_NP15_EXP,,2025-05-13T07:00:00-00:00,2031-01-01T07:59:59-00:00,2025-05-13T00:00:00,2030-12-31T23:59:59
AS_NP15_EXP,OROLMGN_7_N005,AS_NP15_EXP,,2025-05-13T07:00:00-00:00,2031-01-01T07:59:59-00:00,2025-05-13T00:00:00,2030-12-31T23:59:59
AS_NP15_EXP,OROLOMA_1_N005,AS_NP15_EXP,,2016-08-18T07:00:00-00:00,2031-01-01T07:59:59-00:00,2016-08-18T00:00:00,2030-12-31T23:59:59
AS_NP15_EXP,OROLOMA_6_N001,AS_NP15_EXP,,2025-10-15T07:00:00-00:00,2031-01-01T07:59:59-00:00,2025-10-15T00:00:00,2030-12-31T23:59:59
AS_NP15_EXP,OROLOM_7_N001,AS_NP15_EXP,,2025-10-15T07:00:00-00:00,2031-01-01T07:59:59-00:00,2025-10-15T00:00:00,2030-12-31T23:59:59
AS_NP15_EXP,OROLOM_7_N002,AS_NP15_EXP,,2025-10-15T07:00:00-00:00,2031-01-01T07:59:59-00:00,2025-10-15T00:00:00,2030-12-31T23:59:59
AS_NP15_EXP,OROSI_6_N006,AS_NP15_EXP,,2013-07-18T07:00:00-00:00,2031-01-01T07:59:59-00:00,2013-07-18T00:00:00,2030-12-31T23:59:59
AS_NP15_EXP,OROSI_7_N002,AS_NP15_EXP,,2015-04-23T07:00:00-00:00,2031-01-01T07:59:59-00:00,2015-04-23T00:00:00,2030-12-31T23:59:59
AS_NP15_EXP,OROVILLE_6_N001,AS_NP15_EXP,,2009-03-31T07:00:00-00:00,2031-01-01T07:59:59-00:00,2009-03-31T00:00:00,2030-12-31T23:59:59
AS_NP15_EXP,OROVILLE_6_N005,AS_NP15_EXP,,2009-03-31T07:00:00-00:00,2031-01-01T07:59:59-00:00,2009-03-31T00:00:00,2030-12-31T23:59:59
AS_NP15_EXP,OROVILLE_6_N102,AS_NP15_EXP,,2009-03-31T07:00:00-00:00,2031-01-01T07:59:59-00:00,2009-03-31T00:00:00,2030-12-31T23:59:59
AS_NP15_EXP,ORTIGAGN_7_N001,AS_NP15_EXP,,2025-05-13T07:00:00-00:00,2031-01-01T07:59:59-00:00,2025-05-13T00:00:00,2030-12-31T23:59:59
AS_NP15_EXP,ORTIGAGN_7_N002,AS_NP15_EXP,,2017-02-16T08:00:00-00:00,2031-01-01T07:59:59-00:00,2017-02-16T00:00:00,2030-12-31T23:59:59
AS_NP15_EXP,ORTIGAGN_7_N003,AS_NP15_EXP,,2025-05-13T07:00:00-00:00,2031-01-01T07:59:59-00:00,2025-05-13T00:00:00,2030-12-31T23:59:59
AS_NP15_EXP,ORTIGAGN_7_N004,AS_NP15_EXP,,2025-05-13T07:00:00-00:00,2031-01-01T07:59:59-00:00,2025-05-13T00:00:00,2030-12-31T23:59:59
AS_NP15_EXP,OTTER_6_N001,AS_NP15_EXP,,2009-03-31T07:00:00-00:00,2031-01-01T07:59:59-00:00,2009-03-31T00:00:00,2030-12-31T23:59:59
AS_NP15_EXP,OXBOWF_7_B1,AS_NP15_EXP,,2025-05-13T07:00:00-00:00,2031-01-01T07:59:59-00:00,2025-05-13T00:00:00,2030-12-31T23:59:59
AS_NP15_EXP,OXFORD_1_N001,AS_NP15_EXP,,2009-03-31T07:00:00-00:00,2031-01-01T07:59:59-00:00,2009-03-31T00:00:00,2030-12-31T23:59:59
AS_NP15_EXP,OXMOUNTN_6_N001,AS_NP15_EXP,,2025-05-13T07:00:00-00:00,2031-01-01T07:59:59-00:00,2025-05-13T00:00:00,2030-12-31T23:59:59
AS_NP15_EXP,P0504GT1_7_B1,AS_NP15_EXP,,2026-02-11T08:00:00-00:00,2031-01-01T07:59:59-00:00,2026-02-11T00:00:00,2030-12-31T23:59:59
AS_NP15_EXP,P0504GT1_7_CN1,AS_NP15_EXP,,2026-02-11T08:00:00-00:00,2031-01-01T07:59:59-00:00,2026-02-11T00:00:00,2030-12-31T23:59:59
AS_NP15_EXP,P0504GT1_7_N001,AS_NP15_EXP,,2009-03-31T07:00:00-00:00,2031-01-01T07:59:59-00:00,2009-03-31T00:00:00,2030-12-31T23:59:59
AS_NP15_EXP,P0504GT1_7_NBT1,AS_NP15_EXP,,2026-02-11T08:00:00-00:00,2031-01-01T07:59:59-00:00,2026-02-11T00:00:00,2030-12-31T23:59:59
AS_NP15_EXP,P0504GT1_7_NBT2,AS_NP15_EXP,,2026-02-11T08:00:00-00:00,2031-01-01T07:59:59-00:00,2026-02-11T00:00:00,2030-12-31T23:59:59
AS_NP15_EXP,P0504GT2_7_B1,AS_NP15_EXP,,2026-02-11T08:00:00-00:00,2031-01-01T07:59:59-00:00,2026-02-11T00:00:00,2030-12-31T23:59:59
AS_NP15_EXP,P0504GT2_7_N001,AS_NP15_EXP,,2009-03-31T07:00:00-00:00,2031-01-01T07:59:59-00:00,2009-03-31T00:00:00,2030-12-31T23:59:59
AS_NP15_EXP,PACIFICA_6_N001,AS_NP15_EXP,,2009-03-31T07:00:00-00:00,2031-01-01T07:59:59-00:00,2009-03-31T00:00:00,2030-12-31T23:59:59
AS_NP15_EXP,PACIFICA_6_N003,AS_NP15_EXP,,2009-03-31T07:00:00-00:00,2031-01-01T07:59:59-00:00,2009-03-31T00:00:00,2030-12-31T23:59:59
AS_NP15_EXP,PACLUMB_7_N001,AS_NP15_EXP,,2009-03-31T07:00:00-00:00,2031-01-01T07:59:59-00:00,2009-03-31T00:00:00,2030-12-31T23:59:59
AS_NP15_EXP,PACLUMB_7_N002,AS_NP15_EXP,,2009-03-31T07:00:00-00:00,2031-01-01T07:59:59-00:00,2009-03-31T00:00:00,2030-12-31T23:59:59
AS_NP15_EXP,PALM_6_N001,AS_NP15_EXP,,2017-02-16T08:00:00-00:00,2031-01-01T07:59:59-00:00,2017-02-16T00:00:00,2030-12-31T23:59:59
AS_NP15_EXP,PALM_6_N002,AS_NP15_EXP,,2017-02-16T08:00:00-00:00,2031-01-01T07:59:59-00:00,2017-02-16T00:00:00,2030-12-31T23:59:59
AS_NP15_EXP,PALSEL_7_N005,AS_NP15_EXP,,2025-05-13T07:00:00-00:00,2031-01-01T07:59:59-00:00,2025-05-13T00:00:00,2030-12-31T23:59:59
AS_NP15_EXP,PALSEL_7_N006,AS_NP15_EXP,,2025-05-13T07:00:00-00:00,2031-01-01T07:59:59-00:00,2025-05-13T00:00:00,2030-12-31T23:59:59
AS_NP15_EXP,PAN2TAP_1_B1,AS_NP15_EXP,,2017-08-17T07:00:00-00:00,2031-01-01T07:59:59-00:00,2017-08-17T00:00:00,2030-12-31T23:59:59
AS_NP15_EXP,PANOBS1_7_B1,AS_NP15_EXP,,2009-03-31T07:00:00-00:00,2031-01-01T07:59:59-00:00,2009-03-31T00:00:00,2030-12-31T23:59:59
AS_NP15_EXP,PANOBS2_7_B1,AS_NP15_EXP,,2009-03-31T07:00:00-00:00,2031-01-01T07:59:59-00:00,2009-03-31T00:00:00,2030-12-31T23:59:59
AS_NP15_EXP,PANOBS2_7_N002,AS_NP15_EXP,,2009-03-31T07:00:00-00:00,2031-01-01T07:59:59-00:00,2009-03-31T00:00:00,2030-12-31T23:59:59
AS_NP15_EXP,PANOBS3_7_B1,AS_NP15_EXP,,2009-03-31T07:00:00-00:00,2031-01-01T07:59:59-00:00,2009-03-31T00:00:00,2030-12-31T23:59:59
AS_NP15_EXP,PANOBS3_7_N002,AS_NP15_EXP,,2009-03-31T07:00:00-00:00,2031-01-01T07:59:59-00:00,2009-03-31T00:00:00,2030-12-31T23:59:59
AS_NP15_EXP,PANOBS4_7_B1,AS_NP15_EXP,,2009-03-31T07:00:00-00:00,2031-01-01T07:59:59-00:00,2009-03-31T00:00:00,2030-12-31T23:59:59
AS_NP15_EXP,PANOCHE_1_B1,AS_NP15_EXP,,2017-08-17T07:00:00-00:00,2031-01-01T07:59:59-00:00,2017-08-17T00:00:00,2030-12-31T23:59:59
AS_NP15_EXP,PANOCHE_1_N001,AS_NP15_EXP,,2021-08-25T07:00:00-00:00,2031-01-01T07:59:59-00:00,2021-08-25T00:00:00,2030-12-31T23:59:59
AS_NP15_EXP,PANOCHE_1_N024,AS_NP15_EXP,,2009-06-25T07:00:00-00:00,2031-01-01T07:59:59-00:00,2009-06-25T00:00:00,2030-12-31T23:59:59
AS_NP15_EXP,PANOCHE_2_N055,AS_NP15_EXP,,2024-01-24T08:00:00-00:00,2031-01-01T07:59:59-00:00,2024-01-24T00:00:00,2030-12-31T23:59:59
AS_NP15_EXP,PANOCHE_7_N001,AS_NP15_EXP,,2025-12-17T08:00:00-00:00,2031-01-01T07:59:59-00:00,2025-12-17T00:00:00,2030-12-31T23:59:59
AS_NP15_EXP,PANOCHE_7_N002,AS_NP15_EXP,,2026-01-02T08:00:00-00:00,2031-01-01T07:59:59-00:00,2026-01-02T00:00:00,2030-12-31T23:59:59
AS_NP15_EXP,PANRAMA_1_N001,AS_NP15_EXP,,2009-03-31T07:00:00-00:00,2031-01-01T07:59:59-00:00,2009-03-31T00:00:00,2030-12-31T23:59:59
AS_NP15_EXP,PARADISE_1_N001,AS_NP15_EXP,,2009-03-31T07:00:00-00:00,2031-01-01T07:59:59-00:00,2009-03-31T00:00:00,2030-12-31T23:59:59
AS_NP15_EXP,PARADISE_1_N004,AS_NP15_EXP,,2009-03-31T07:00:00-00:00,2031-01-01T07:59:59-00:00,2009-03-31T00:00:00,2030-12-31T23:59:59
AS_NP15_EXP,PARDEB_6_UNITS-APND,AS_NP15_EXP,,2009-03-31T07:00:00-00:00,2031-01-01T07:59:59-00:00,2009-03-31T00:00:00,2030-12-31T23:59:59
AS_NP15_EXP,PARDEE1_7_B1,AS_NP15_EXP,,2023-05-05T07:00:00-00:00,2031-01-01T07:59:59-00:00,2023-05-05T00:00:00,2030-12-31T23:59:59
AS_NP15_EXP,PARDEE2_7_B1,AS_NP15_EXP,,2023-05-05T07:00:00-00:00,2031-01-01T07:59:59-00:00,2023-05-05T00:00:00,2030-12-31T23:59:59
AS_NP15_EXP,PARDEE3_7_B1,AS_NP15_EXP,,2023-05-05T07:00:00-00:00,2031-01-01T07:59:59-00:00,2023-05-05T00:00:00,2030-12-31T23:59:59
AS_NP15_EXP,PARKR_6_N009,AS_NP15_EXP,,2022-07-28T07:00:00-00:00,2031-01-01T07:59:59-00:00,2022-07-28T00:00:00,2030-12-31T23:59:59
AS_NP15_EXP,PARKR_6_N010,AS_NP15_EXP,,2022-07-28T07:00:00-00:00,2031-01-01T07:59:59-00:00,2022-07-28T00:00:00,2030-12-31T23:59:59
AS_NP15_EXP,PARKR_6_N011,AS_NP15_EXP,,2022-07-28T07:00:00-00:00,2031-01-01T07:59:59-00:00,2022-07-28T00:00:00,2030-12-31T23:59:59
AS_NP15_EXP,PARKWAY_2_N001,AS_NP15_EXP,,2009-03-31T07:00:00-00:00,2031-01-01T07:59:59-00:00,2009-03-31T00:00:00,2030-12-31T23:59:59
AS_NP15_EXP,PARLIER1_1_N001,AS_NP15_EXP,,2012-03-22T07:00:00-00:00,2031-01-01T07:59:59-00:00,2012-03-22T00:00:00,2030-12-31T23:59:59
AS_NP15_EXP,PAULSWT_1_GN002,AS_NP15_EXP,,2025-05-13T07:00:00-00:00,2031-01-01T07:59:59-00:00,2025-05-13T00:00:00,2030-12-31T23:59:59
AS_NP15_EXP,PAULSWT_1_N001,AS_NP15_EXP,,2009-03-31T07:00:00-00:00,2031-01-01T07:59:59-00:00,2009-03-31T00:00:00,2030-12-31T23:59:59
AS_NP15_EXP,PAULSWT_1_N004,AS_NP15_EXP,,2009-03-31T07:00:00-00:00,2031-01-01T07:59:59-00:00,2009-03-31T00:00:00,2030-12-31T23:59:59
AS_NP15_EXP,PAULSWT_1_N013,AS_NP15_EXP,,2009-03-31T07:00:00-00:00,2031-01-01T07:59:59-00:00,2009-03-31T00:00:00,2030-12-31T23:59:59
AS_NP15_EXP,PAULSWT_1_N101,AS_NP15_EXP,,2009-03-31T07:00:00-00:00,2031-01-01T07:59:59-00:00,2009-03-31T00:00:00,2030-12-31T23:59:59
AS_NP15_EXP,PCBRICK_6_B1,AS_NP15_EXP,,2017-08-17T07:00:00-00:00,2031-01-01T07:59:59-00:00,2017-08-17T00:00:00,2030-12-31T23:59:59
AS_NP15_EXP,PCHCOPP_6_B1,AS_NP15_EXP,,2017-08-17T07:00:00-00:00,2031-01-01T07:59:59-00:00,2017-08-17T00:00:00,2030-12-31T23:59:59
AS_NP15_EXP,PCHCOPP_6_N001,AS_NP15_EXP,,2009-03-31T07:00:00-00:00,2031-01-01T07:59:59-00:00,2009-03-31T00:00:00,2030-12-31T23:59:59
AS_NP15_EXP,PEABODY_2_N002,AS_NP15_EXP,,2009-03-31T07:00:00-00:00,2031-01-01T07:59:59-00:00,2009-03-31T00:00:00,2030-12-31T23:59:59
AS_NP15_EXP,PEABODY_2_N006,AS_NP15_EXP,,2009-03-31T07:00:00-00:00,2031-01-01T07:59:59-00:00,2009-03-31T00:00:00,2030-12-31T23:59:59
AS_NP15_EXP,PEABODY_2_N024,AS_NP15_EXP,,2025-05-13T07:00:00-00:00,2031-01-01T07:59:59-00:00,2025-05-13T00:00:00,2030-12-31T23:59:59
AS_NP15_EXP,PEACHTON_6_N001,AS_NP15_EXP,,2009-03-31T07:00:00-00:00,2031-01-01T07:59:59-00:00,2009-03-31T00:00:00,2030-12-31T23:59:59
AS_NP15_EXP,PEACHTON_6_N004,AS_NP15_EXP,,2009-03-31T07:00:00-00:00,2031-01-01T07:59:59-00:00,2009-03-31T00:00:00,2030-12-31T23:59:59
AS_NP15_EXP,PEASE_1_N001,AS_NP15_EXP,,2022-06-15T07:00:00-00:00,2031-01-01T07:59:59-00:00,2022-06-15T00:00:00,2030-12-31T23:59:59
AS_NP15_EXP,PEASE_1_N009,AS_NP15_EXP,,2022-06-15T07:00:00-00:00,2031-01-01T07:59:59-00:00,2022-06-15T00:00:00,2030-12-31T23:59:59
AS_NP15_EXP,PEASE_7_N001,AS_NP15_EXP,,2025-05-13T07:00:00-00:00,2031-01-01T07:59:59-00:00,2025-05-13T00:00:00,2030-12-31T23:59:59
AS_NP15_EXP,PEASE_7_N002,AS_NP15_EXP,,2021-08-25T07:00:00-00:00,2031-01-01T07:59:59-00:00,2021-08-25T00:00:00,2030-12-31T23:59:59
AS_NP15_EXP,PENNGRVE_1_N001,AS_NP15_EXP,,2009-03-31T07:00:00-00:00,2031-01-01T07:59:59-00:00,2009-03-31T00:00:00,2030-12-31T23:59:59
AS_NP15_EXP,PENRYN_6_N001,AS_NP15_EXP,,2009-03-31T07:00:00-00:00,2031-01-01T07:59:59-00:00,2009-03-31T00:00:00,2030-12-31T23:59:59
AS_NP15_EXP,PENRYN_6_N004,AS_NP15_EXP,,2009-03-31T07:00:00-00:00,2031-01-01T07:59:59-00:00,2009-03-31T00:00:00,2030-12-31T23:59:59
AS_NP15_EXP,PEORIA_7_N001,AS_NP15_EXP,,2013-07-18T07:00:00-00:00,2031-01-01T07:59:59-00:00,2013-07-18T00:00:00,2030-12-31T23:59:59
AS_NP15_EXP,PEORIA_7_N002,AS_NP15_EXP,,2013-07-18T07:00:00-00:00,2031-01-01T07:59:59-00:00,2013-07-18T00:00:00,2030-12-31T23:59:59
AS_NP15_EXP,PEORIA_7_N003,AS_NP15_EXP,,2025-05-13T07:00:00-00:00,2031-01-01T07:59:59-00:00,2025-05-13T00:00:00,2030-12-31T23:59:59
AS_NP15_EXP,PERMNNTE_6_GN001,AS_NP15_EXP,,2009-12-17T08:00:00-00:00,2031-01-01T07:59:59-00:00,2009-12-17T00:00:00,2030-12-31T23:59:59
AS_NP15_EXP,PERMNNTE_6_N002,AS_NP15_EXP,,2009-03-31T07:00:00-00:00,2031-01-01T07:59:59-00:00,2009-03-31T00:00:00,2030-12-31T23:59:59
AS_NP15_EXP,PETLMAA_6_N001,AS_NP15_EXP,,2009-03-31T07:00:00-00:00,2031-01-01T07:59:59-00:00,2009-03-31T00:00:00,2030-12-31T23:59:59
AS_NP15_EXP,PETLMAC_6_N002,AS_NP15_EXP,,2009-03-31T07:00:00-00:00,2031-01-01T07:59:59-00:00,2009-03-31T00:00:00,2030-12-31T23:59:59
AS_NP15_EXP,PETLMAC_6_N003,AS_NP15_EXP,,2009-03-31T07:00:00-00:00,2031-01-01T07:59:59-00:00,2009-03-31T00:00:00,2030-12-31T23:59:59
AS_NP15_EXP,PETLMAC_6_N004,AS_NP15_EXP,,2009-03-31T07:00:00-00:00,2031-01-01T07:59:59-00:00,2009-03-31T00:00:00,2030-12-31T23:59:59
AS_NP15_EXP,PEWWOOD_7_B1,AS_NP15_EXP,,2023-05-05T07:00:00-00:00,2031-01-01T07:59:59-00:00,2023-05-05T00:00:00,2030-12-31T23:59:59
AS_NP15_EXP,PGCC_1_PDRP02-APND,AS_NP15_EXP,,2016-05-09T07:00:00-00:00,2031-01-01T07:59:59-00:00,2016-05-09T00:00:00,2030-12-31T23:59:59
AS_NP15_EXP,PGCC_1_PDRP04-APND,AS_NP15_EXP,,2017-01-04T08:00:00-00:00,2031-01-01T07:59:59-00:00,2017-01-04T00:00:00,2030-12-31T23:59:59
AS_NP15_EXP,PGCC_1_PDRP08-APND,AS_NP15_EXP,,2018-04-23T07:00:00-00:00,2031-01-01T07:59:59-00:00,2018-04-23T00:00:00,2030-12-31T23:59:59
AS_NP15_EXP,PGCC_1_PDRP100-APND,AS_NP15_EXP,,2024-07-12T07:00:00-00:00,2031-01-01T07:59:59-00:00,2024-07-12T00:00:00,2030-12-31T23:59:59
AS_NP15_EXP,PGCC_1_PDRP12-APND,AS_NP15_EXP,,2018-05-25T07:00:00-00:00,2031-01-01T07:59:59-00:00,2018-05-25T00:00:00,2030-12-31T23:59:59
AS_NP15_EXP,PGCC_1_PDRP13-APND,AS_NP15_EXP,,2018-05-25T07:00:00-00:00,2031-01-01T07:59:59-00:00,2018-05-25T00:00:00,2030-12-31T23:59:59
AS_NP15_EXP,PGCC_1_PDRP16-APND,AS_NP15_EXP,,2020-03-10T07:00:00-00:00,2031-01-01T07:59:59-00:00,2020-03-10T00:00:00,2030-12-31T23:59:59
AS_NP15_EXP,PGCC_1_PDRP17-APND,AS_NP15_EXP,,2020-03-10T07:00:00-00:00,2031-01-01T07:59:59-00:00,2020-03-10T00:00:00,2030-12-31T23:59:59
AS_NP15_EXP,PGCC_1_PDRP18-APND,AS_NP15_EXP,,2019-05-30T07:00:00-00:00,2031-01-01T07:59:59-00:00,2019-05-30T00:00:00,2030-12-31T23:59:59
AS_NP15_EXP,PGCC_1_PDRP19-APND,AS_NP15_EXP,,2022-06-27T07:00:00-00:00,2031-01-01T07:59:59-00:00,2022-06-27T00:00:00,2030-12-31T23:59:59
AS_NP15_EXP,PGCC_1_PDRP20-APND,AS_NP15_EXP,,2020-03-10T07:00:00-00:00,2031-01-01T07:59:59-00:00,2020-03-10T00:00:00,2030-12-31T23:59:59
AS_NP15_EXP,PGCC_1_PDRP21-APND,AS_NP15_EXP,,2019-09-24T07:00:00-00:00,2031-01-01T07:59:59-00:00,2019-09-24T00:00:00,2030-12-31T23:59:59
AS_NP15_EXP,PGCC_1_PDRP22-APND,AS_NP15_EXP,,2019-06-10T07:00:00-00:00,2031-01-01T07:59:59-00:00,2019-06-10T00:00:00,2030-12-31T23:59:59
AS_NP15_EXP,PGCC_1_PDRP24-APND,AS_NP15_EXP,,2020-06-01T07:00:00-00:00,2031-01-01T07:59:59-00:00,2020-06-01T00:00:00,2030-12-31T23:59:59
AS_NP15_EXP,PGCC_1_PDRP25-APND,AS_NP15_EXP,,2020-04-24T07:00:00-00:00,2031-01-01T07:59:59-00:00,2020-04-24T00:00:00,2030-12-31T23:59:59
AS_NP15_EXP,PGCC_1_PDRP26-APND,AS_NP15_EXP,,2020-11-23T08:00:00-00:00,2031-01-01T07:59:59-00:00,2020-11-23T00:00:00,2030-12-31T23:59:59
AS_NP15_EXP,PGCC_1_PDRP27-APND,AS_NP15_EXP,,2020-11-23T08:00:00-00:00,2031-01-01T07:59:59-00:00,2020-11-23T00:00:00,2030-12-31T23:59:59
AS_NP15_EXP,PGCC_1_PDRP28-APND,AS_NP15_EXP,,2020-11-23T08:00:00-00:00,2031-01-01T07:59:59-00:00,2020-11-23T00:00:00,2030-12-31T23:59:59
AS_NP15_EXP,PGCC_1_PDRP29-APND,AS_NP15_EXP,,2020-11-23T08:00:00-00:00,2031-01-01T07:59:59-00:00,2020-11-23T00:00:00,2030-12-31T23:59:59
AS_NP15_EXP,PGCC_1_PDRP31-APND,AS_NP15_EXP,,2020-09-28T07:00:00-00:00,2031-01-01T07:59:59-00:00,2020-09-28T00:00:00,2030-12-31T23:59:59
AS_NP15_EXP,PGCC_1_PDRP32-APND,AS_NP15_EXP,,2020-09-28T07:00:00-00:00,2031-01-01T07:59:59-00:00,2020-09-28T00:00:00,2030-12-31T23:59:59
AS_NP15_EXP,PGCC_1_PDRP33-APND,AS_NP15_EXP,,2020-09-28T07:00:00-00:00,2031-01-01T07:59:59-00:00,2020-09-28T00:00:00,2030-12-31T23:59:59
AS_NP15_EXP,PGCC_1_PDRP34-APND,AS_NP15_EXP,,2020-09-28T07:00:00-00:00,2031-01-01T07:59:59-00:00,2020-09-28T00:00:00,2030-12-31T23:59:59
AS_NP15_EXP,PGCC_1_PDRP35-APND,AS_NP15_EXP,,2020-09-28T07:00:00-00:00,2031-01-01T07:59:59-00:00,2020-09-28T00:00:00,2030-12-31T23:59:59
AS_NP15_EXP,PGCC_1_PDRP36-APND,AS_NP15_EXP,,2020-11-23T08:00:00-00:00,2031-01-01T07:59:59-00:00,2020-11-23T00:00:00,2030-12-31T23:59:59
AS_NP15_EXP,PGCC_1_PDRP38-APND,AS_NP15_EXP,,2025-12-23T08:00:00-00:00,2031-01-01T07:59:59-00:00,2025-12-23T00:00:00,2030-12-31T23:59:59
AS_NP15_EXP,PGCC_1_PDRP41-APND,AS_NP15_EXP,,2023-02-06T08:00:00-00:00,2031-01-01T07:59:59-00:00,2023-02-06T00:00:00,2030-12-31T23:59:59
AS_NP15_EXP,PGCC_1_PDRP45-APND,AS_NP15_EXP,,2020-04-24T07:00:00-00:00,2031-01-01T07:59:59-00:00,2020-04-24T00:00:00,2030-12-31T23:59:59
AS_NP15_EXP,PGCC_1_PDRP60-APND,AS_NP15_EXP,,2024-05-01T07:00:00-00:00,2031-01-01T07:59:59-00:00,2024-05-01T00:00:00,2030-12-31T23:59:59
AS_NP15_EXP,PGCC_1_PDRP98-APND,AS_NP15_EXP,,2024-07-12T07:00:00-00:00,2031-01-01T07:59:59-00:00,2024-07-12T00:00:00,2030-12-31T23:59:59
AS_NP15_EXP,PGCC_1_PDRP99-APND,AS_NP15_EXP,,2024-07-12T07:00:00-00:00,2031-01-01T07:59:59-00:00,2024-07-12T00:00:00,2030-12-31T23:59:59
AS_NP15_EXP,PGCC_1_RDRR01-APND,AS_NP15_EXP,,2025-02-03T08:00:00-00:00,2031-01-01T07:59:59-00:00,2025-02-03T00:00:00,2030-12-31T23:59:59
AS_NP15_EXP,PGEB_2_PDRP04-APND,AS_NP15_EXP,,2016-05-09T07:00:00-00:00,2031-01-01T07:59:59-00:00,2016-05-09T00:00:00,2030-12-31T23:59:59
AS_NP15_EXP,PGEB_2_PDRP05-APND,AS_NP15_EXP,,2016-09-27T07:00:00-00:00,2031-01-01T07:59:59-00:00,2016-09-27T00:00:00,2030-12-31T23:59:59
AS_NP15_EXP,PGEB_2_PDRP08-APND,AS_NP15_EXP,,2017-07-26T07:00:00-00:00,2031-01-01T07:59:59-00:00,2017-07-26T00:00:00,2030-12-31T23:59:59
AS_NP15_EXP,PGEB_2_PDRP09-APND,AS_NP15_EXP,,2017-01-04T08:00:00-00:00,2031-01-01T07:59:59-00:00,2017-01-04T00:00:00,2030-12-31T23:59:59
AS_NP15_EXP,PGEB_2_PDRP10-APND,AS_NP15_EXP,,2017-01-04T08:00:00-00:00,2031-01-01T07:59:59-00:00,2017-01-04T00:00:00,2030-12-31T23:59:59
AS_NP15_EXP,PGEB_2_PDRP100-APND,AS_NP15_EXP,,2019-06-10T07:00:00-00:00,2031-01-01T07:59:59-00:00,2019-06-10T00:00:00,2030-12-31T23:59:59
AS_NP15_EXP,PGEB_2_PDRP101-APND,AS_NP15_EXP,,2022-04-21T07:00:00-00:00,2031-01-01T07:59:59-00:00,2022-04-21T00:00:00,2030-12-31T23:59:59
AS_NP15_EXP,PGEB_2_PDRP102-APND,AS_NP15_EXP,,2020-03-10T07:00:00-00:00,2031-01-01T07:59:59-00:00,2020-03-10T00:00:00,2030-12-31T23:59:59
AS_NP15_EXP,PGEB_2_PDRP103-APND,AS_NP15_EXP,,2020-03-10T07:00:00-00:00,2031-01-01T07:59:59-00:00,2020-03-10T00:00:00,2030-12-31T23:59:59
AS_NP15_EXP,PGEB_2_PDRP104-APND,AS_NP15_EXP,,2020-03-10T07:00:00-00:00,2031-01-01T07:59:59-00:00,2020-03-10T00:00:00,2030-12-31T23:59:59
AS_NP15_EXP,PGEB_2_PDRP105-APND,AS_NP15_EXP,,2020-03-10T07:00:00-00:00,2031-01-01T07:59:59-00:00,2020-03-10T00:00:00,2030-12-31T23:59:59
AS_NP15_EXP,PGEB_2_PDRP107-APND,AS_NP15_EXP,,2021-06-01T07:00:00-00:00,2031-01-01T07:59:59-00:00,2021-06-01T00:00:00,2030-12-31T23:59:59
AS_NP15_EXP,PGEB_2_PDRP108-APND,AS_NP15_EXP,,2025-12-23T08:00:00-00:00,2031-01-01T07:59:59-00:00,2025-12-23T00:00:00,2030-12-31T23:59:59
AS_NP15_EXP,PGEB_2_PDRP111-APND,AS_NP15_EXP,,2022-11-19T08:00:00-00:00,2031-01-01T07:59:59-00:00,2022-11-19T00:00:00,2030-12-31T23:59:59
AS_NP15_EXP,PGEB_2_PDRP112-APND,AS_NP15_EXP,,2022-03-30T07:00:00-00:00,2031-01-01T07:59:59-00:00,2022-03-30T00:00:00,2030-12-31T23:59:59
AS_NP15_EXP,PGEB_2_PDRP113-APND,AS_NP15_EXP,,2022-03-30T07:00:00-00:00,2031-01-01T07:59:59-00:00,2022-03-30T00:00:00,2030-12-31T23:59:59
AS_NP15_EXP,PGEB_2_PDRP21-APND,AS_NP15_EXP,,2018-03-26T07:00:00-00:00,2031-01-01T07:59:59-00:00,2018-03-26T00:00:00,2030-12-31T23:59:59
AS_NP15_EXP,PGEB_2_PDRP22-APND,AS_NP15_EXP,,2018-03-26T07:00:00-00:00,2031-01-01T07:59:59-00:00,2018-03-26T00:00:00,2030-12-31T23:59:59
AS_NP15_EXP,PGEB_2_PDRP23-APND,AS_NP15_EXP,,2018-03-26T07:00:00-00:00,2031-01-01T07:59:59-00:00,2018-03-26T00:00:00,2030-12-31T23:59:59
AS_NP15_EXP,PGEB_2_PDRP24-APND,AS_NP15_EXP,,2018-03-26T07:00:00-00:00,2031-01-01T07:59:59-00:00,2018-03-26T00:00:00,2030-12-31T23:59:59
AS_NP15_EXP,PGEB_2_PDRP25-APND,AS_NP15_EXP,,2018-03-26T07:00:00-00:00,2031-01-01T07:59:59-00:00,2018-03-26T00:00:00,2030-12-31T23:59:59
AS_NP15_EXP,PGEB_2_PDRP26-APND,AS_NP15_EXP,,2018-03-26T07:00:00-00:00,2031-01-01T07:59:59-00:00,2018-03-26T00:00:00,2030-12-31T23:59:59
AS_NP15_EXP,PGEB_2_PDRP27-APND,AS_NP15_EXP,,2018-04-23T07:00:00-00:00,2031-01-01T07:59:59-00:00,2018-04-23T00:00:00,2030-12-31T23:59:59
AS_NP15_EXP,PGEB_2_PDRP28-APND,AS_NP15_EXP,,2018-04-23T07:00:00-00:00,2031-01-01T07:59:59-00:00,2018-04-23T00:00:00,2030-12-31T23:59:59
AS_NP15_EXP,PGEB_2_PDRP29-APND,AS_NP15_EXP,,2018-04-23T07:00:00-00:00,2031-01-01T07:59:59-00:00,2018-04-23T00:00:00,2030-12-31T23:59:59
AS_NP15_EXP,PGEB_2_PDRP30-APND,AS_NP15_EXP,,2018-04-23T07:00:00-00:00,2031-01-01T07:59:59-00:00,2018-04-23T00:00:00,2030-12-31T23:59:59
AS_NP15_EXP,PGEB_2_PDRP31-APND,AS_NP15_EXP,,2018-04-23T07:00:00-00:00,2031-01-01T07:59:59-00:00,2018-04-23T00:00:00,2030-12-31T23:59:59
AS_NP15_EXP,PGEB_2_PDRP34-APND,AS_NP15_EXP,,2018-05-25T07:00:00-00:00,2031-01-01T07:59:59-00:00,2018-05-25T00:00:00,2030-12-31T23:59:59
AS_NP15_EXP,PGEB_2_PDRP35-APND,AS_NP15_EXP,,2018-05-25T07:00:00-00:00,2031-01-01T07:59:59-00:00,2018-05-25T00:00:00,2030-12-31T23:59:59
AS_NP15_EXP,PGEB_2_PDRP36-APND,AS_NP15_EXP,,2018-05-25T07:00:00-00:00,2031-01-01T07:59:59-00:00,2018-05-25T00:00:00,2030-12-31T23:59:59
AS_NP15_EXP,PGEB_2_PDRP37-APND,AS_NP15_EXP,,2018-05-25T07:00:00-00:00,2031-01-01T07:59:59-00:00,2018-05-25T00:00:00,2030-12-31T23:59:59
AS_NP15_EXP,PGEB_2_PDRP40-APND,AS_NP15_EXP,,2018-10-19T07:00:00-00:00,2031-01-01T07:59:59-00:00,2018-10-19T00:00:00,2030-12-31T23:59:59
AS_NP15_EXP,PGEB_2_PDRP41-APND,AS_NP15_EXP,,2018-10-19T07:00:00-00:00,2031-01-01T07:59:59-00:00,2018-10-19T00:00:00,2030-12-31T23:59:59
AS_NP15_EXP,PGEB_2_PDRP42-APND,AS_NP15_EXP,,2018-10-19T07:00:00-00:00,2031-01-01T07:59:59-00:00,2018-10-19T00:00:00,2030-12-31T23:59:59
AS_NP15_EXP,PGEB_2_PDRP43-APND,AS_NP15_EXP,,2018-10-19T07:00:00-00:00,2031-01-01T07:59:59-00:00,2018-10-19T00:00:00,2030-12-31T23:59:59
AS_NP15_EXP,PGEB_2_PDRP44-APND,AS_NP15_EXP,,2018-10-19T07:00:00-00:00,2031-01-01T07:59:59-00:00,2018-10-19T00:00:00,2030-12-31T23:59:59
AS_NP15_EXP,PGEB_2_PDRP45-APND,AS_NP15_EXP,,2018-10-19T07:00:00-00:00,2031-01-01T07:59:59-00:00,2018-10-19T00:00:00,2030-12-31T23:59:59
AS_NP15_EXP,PGEB_2_PDRP46-APND,AS_NP15_EXP,,2018-10-19T07:00:00-00:00,2031-01-01T07:59:59-00:00,2018-10-19T00:00:00,2030-12-31T23:59:59
AS_NP15_EXP,PGEB_2_PDRP47-APND,AS_NP15_EXP,,2018-10-19T07:00:00-00:00,2031-01-01T07:59:59-00:00,2018-10-19T00:00:00,2030-12-31T23:59:59
AS_NP15_EXP,PGEB_2_PDRP48-APND,AS_NP15_EXP,,2018-10-19T07:00:00-00:00,2031-01-01T07:59:59-00:00,2018-10-19T00:00:00,2030-12-31T23:59:59
AS_NP15_EXP,PGEB_2_PDRP49-APND,AS_NP15_EXP,,2018-10-19T07:00:00-00:00,2031-01-01T07:59:59-00:00,2018-10-19T00:00:00,2030-12-31T23:59:59
AS_NP15_EXP,PGEB_2_PDRP50-APND,AS_NP15_EXP,,2018-10-19T07:00:00-00:00,2031-01-01T07:59:59-00:00,2018-10-19T00:00:00,2030-12-31T23:59:59
AS_NP15_EXP,PGEB_2_PDRP51-APND,AS_NP15_EXP,,2018-10-19T07:00:00-00:00,2031-01-01T07:59:59-00:00,2018-10-19T00:00:00,2030-12-31T23:59:59
AS_NP15_EXP,PGEB_2_PDRP52-APND,AS_NP15_EXP,,2018-10-19T07:00:00-00:00,2031-01-01T07:59:59-00:00,2018-10-19T00:00:00,2030-12-31T23:59:59
AS_NP15_EXP,PGEB_2_PDRP53-APND,AS_NP15_EXP,,2018-10-19T07:00:00-00:00,2031-01-01T07:59:59-00:00,2018-10-19T00:00:00,2030-12-31T23:59:59
AS_NP15_EXP,PGEB_2_PDRP54-APND,AS_NP15_EXP,,2018-10-19T07:00:00-00:00,2031-01-01T07:59:59-00:00,2018-10-19T00:00:00,2030-12-31T23:59:59
AS_NP15_EXP,PGEB_2_PDRP55-APND,AS_NP15_EXP,,2018-10-19T07:00:00-00:00,2031-01-01T07:59:59-00:00,2018-10-19T00:00:00,2030-12-31T23:59:59
AS_NP15_EXP,PGEB_2_PDRP56-APND,AS_NP15_EXP,,2018-10-19T07:00:00-00:00,2031-01-01T07:59:59-00:00,2018-10-19T00:00:00,2030-12-31T23:59:59
AS_NP15_EXP,PGEB_2_PDRP57-APND,AS_NP15_EXP,,2018-10-19T07:00:00-00:00,2031-01-01T07:59:59-00:00,2018-10-19T00:00:00,2030-12-31T23:59:59
AS_NP15_EXP,PGEB_2_PDRP58-APND,AS_NP15_EXP,,2023-02-24T08:00:00-00:00,2031-01-01T07:59:59-00:00,2023-02-24T00:00:00,2030-12-31T23:59:59
AS_NP15_EXP,PGEB_2_PDRP60-APND,AS_NP15_EXP,,2019-01-22T08:00:00-00:00,2031-01-01T07:59:59-00:00,2019-01-22T00:00:00,2030-12-31T23:59:59
AS_NP15_EXP,PGEB_2_PDRP61-APND,AS_NP15_EXP,,2020-09-28T07:00:00-00:00,2031-01-01T07:59:59-00:00,2020-09-28T00:00:00,2030-12-31T23:59:59
AS_NP15_EXP,PGEB_2_PDRP62-APND,AS_NP15_EXP,,2018-11-13T08:00:00-00:00,2031-01-01T07:59:59-00:00,2018-11-13T00:00:00,2030-12-31T23:59:59
AS_NP15_EXP,PGEB_2_PDRP63-APND,AS_NP15_EXP,,2020-04-17T07:00:00-00:00,2031-01-01T07:59:59-00:00,2020-04-17T00:00:00,2030-12-31T23:59:59
AS_NP15_EXP,PGEB_2_PDRP64-APND,AS_NP15_EXP,,2020-09-28T07:00:00-00:00,2031-01-01T07:59:59-00:00,2020-09-28T00:00:00,2030-12-31T23:59:59
AS_NP15_EXP,PGEB_2_PDRP65-APND,AS_NP15_EXP,,2020-04-17T07:00:00-00:00,2031-01-01T07:59:59-00:00,2020-04-17T00:00:00,2030-12-31T23:59:59
AS_NP15_EXP,PGEB_2_PDRP66-APND,AS_NP15_EXP,,2020-04-17T07:00:00-00:00,2031-01-01T07:59:59-00:00,2020-04-17T00:00:00,2030-12-31T23:59:59
AS_NP15_EXP,PGEB_2_PDRP67-APND,AS_NP15_EXP,,2020-09-28T07:00:00-00:00,2031-01-01T07:59:59-00:00,2020-09-28T00:00:00,2030-12-31T23:59:59
AS_NP15_EXP,PGEB_2_PDRP68-APND,AS_NP15_EXP,,2020-09-28T07:00:00-00:00,2031-01-01T07:59:59-00:00,2020-09-28T00:00:00,2030-12-31T23:59:59
AS_NP15_EXP,PGEB_2_PDRP69-APND,AS_NP15_EXP,,2020-09-28T07:00:00-00:00,2031-01-01T07:59:59-00:00,2020-09-28T00:00:00,2030-12-31T23:59:59
AS_NP15_EXP,PGEB_2_PDRP70-APND,AS_NP15_EXP,,2022-11-01T07:00:00-00:00,2031-01-01T07:59:59-00:00,2022-11-01T00:00:00,2030-12-31T23:59:59
AS_NP15_EXP,PGEB_2_PDRP71-APND,AS_NP15_EXP,,2022-11-01T07:00:00-00:00,2031-01-01T07:59:59-00:00,2022-11-01T00:00:00,2030-12-31T23:59:59
AS_NP15_EXP,PGEB_2_PDRP73-APND,AS_NP15_EXP,,2022-11-01T07:00:00-00:00,2031-01-01T07:59:59-00:00,2022-11-01T00:00:00,2030-12-31T23:59:59
AS_NP15_EXP,PGEB_2_PDRP74-APND,AS_NP15_EXP,,2023-08-22T07:00:00-00:00,2031-01-01T07:59:59-00:00,2023-08-22T00:00:00,2030-12-31T23:59:59
AS_NP15_EXP,PGEB_2_PDRP76-APND,AS_NP15_EXP,,2025-03-01T08:00:00-00:00,2031-01-01T07:59:59-00:00,2025-03-01T00:00:00,2030-12-31T23:59:59
AS_NP15_EXP,PGEB_2_PDRP77-APND,AS_NP15_EXP,,2022-12-22T08:00:00-00:00,2031-01-01T07:59:59-00:00,2022-12-22T00:00:00,2030-12-31T23:59:59
AS_NP15_EXP,PGEB_2_PDRP78-APND,AS_NP15_EXP,,2019-05-30T07:00:00-00:00,2031-01-01T07:59:59-00:00,2019-05-30T00:00:00,2030-12-31T23:59:59
AS_NP15_EXP,PGEB_2_PDRP79-APND,AS_NP15_EXP,,2019-09-24T07:00:00-00:00,2031-01-01T07:59:59-00:00,2019-09-24T00:00:00,2030-12-31T23:59:59
AS_NP15_EXP,PGEB_2_PDRP80-APND,AS_NP15_EXP,,2019-05-30T07:00:00-00:00,2031-01-01T07:59:59-00:00,2019-05-30T00:00:00,2030-12-31T23:59:59
AS_NP15_EXP,PGEB_2_PDRP81-APND,AS_NP15_EXP,,2019-05-30T07:00:00-00:00,2031-01-01T07:59:59-00:00,2019-05-30T00:00:00,2030-12-31T23:59:59
AS_NP15_EXP,PGEB_2_PDRP82-APND,AS_NP15_EXP,,2019-05-30T07:00:00-00:00,2031-01-01T07:59:59-00:00,2019-05-30T00:00:00,2030-12-31T23:59:59
AS_NP15_EXP,PGEB_2_PDRP83-APND,AS_NP15_EXP,,2022-12-22T08:00:00-00:00,2031-01-01T07:59:59-00:00,2022-12-22T00:00:00,2030-12-31T23:59:59
AS_NP15_EXP,PGEB_2_PDRP84-APND,AS_NP15_EXP,,2022-12-22T08:00:00-00:00,2031-01-01T07:59:59-00:00,2022-12-22T00:00:00,2030-12-31T23:59:59
AS_NP15_EXP,PGEB_2_PDRP85-APND,AS_NP15_EXP,,2026-02-01T08:00:00-00:00,2031-01-01T07:59:59-00:00,2026-02-01T00:00:00,2030-12-31T23:59:59
AS_NP15_EXP,PGEB_2_PDRP93-APND,AS_NP15_EXP,,2020-06-01T07:00:00-00:00,2031-01-01T07:59:59-00:00,2020-06-01T00:00:00,2030-12-31T23:59:59
AS_NP15_EXP,PGEB_2_PDRP95-APND,AS_NP15_EXP,,2020-04-24T07:00:00-00:00,2031-01-01T07:59:59-00:00,2020-04-24T00:00:00,2030-12-31T23:59:59
AS_NP15_EXP,PGEB_2_PDRP96-APND,AS_NP15_EXP,,2020-04-24T07:00:00-00:00,2031-01-01T07:59:59-00:00,2020-04-24T00:00:00,2030-12-31T23:59:59
AS_NP15_EXP,PGEB_2_PDRP97-APND,AS_NP15_EXP,,2020-04-17T07:00:00-00:00,2031-01-01T07:59:59-00:00,2020-04-17T00:00:00,2030-12-31T23:59:59
AS_NP15_EXP,PGEB_2_PDRP98-APND,AS_NP15_EXP,,2020-04-24T07:00:00-00:00,2031-01-01T07:59:59-00:00,2020-04-24T00:00:00,2030-12-31T23:59:59
AS_NP15_EXP,PGEB_2_RDRR01-APND,AS_NP15_EXP,,2023-01-06T08:00:00-00:00,2031-01-01T07:59:59-00:00,2023-01-06T00:00:00,2030-12-31T23:59:59
AS_NP15_EXP,PGEB_2_RDRR02-APND,AS_NP15_EXP,,2024-06-05T07:00:00-00:00,2031-01-01T07:59:59-00:00,2024-06-05T00:00:00,2030-12-31T23:59:59
AS_NP15_EXP,PGF1_2_PDRP03-APND,AS_NP15_EXP,,2016-05-06T07:00:00-00:00,2031-01-01T07:59:59-00:00,2016-05-06T00:00:00,2030-12-31T23:59:59
AS_NP15_EXP,PGF1_2_PDRP04-APND,AS_NP15_EXP,,2016-09-27T07:00:00-00:00,2031-01-01T07:59:59-00:00,2016-09-27T00:00:00,2030-12-31T23:59:59
AS_NP15_EXP,PGF1_2_PDRP103-APND,AS_NP15_EXP,,2025-12-23T08:00:00-00:00,2031-01-01T07:59:59-00:00,2025-12-23T00:00:00,2030-12-31T23:59:59
AS_NP15_EXP,PGF1_2_PDRP104-APND,AS_NP15_EXP,,2022-03-30T07:00:00-00:00,2031-01-01T07:59:59-00:00,2022-03-30T00:00:00,2030-12-31T23:59:59
AS_NP15_EXP,PGF1_2_PDRP105-APND,AS_NP15_EXP,,2022-03-30T07:00:00-00:00,2031-01-01T07:59:59-00:00,2022-03-30T00:00:00,2030-12-31T23:59:59
AS_NP15_EXP,PGF1_2_PDRP106-APND,AS_NP15_EXP,,2022-03-30T07:00:00-00:00,2031-01-01T07:59:59-00:00,2022-03-30T00:00:00,2030-12-31T23:59:59
AS_NP15_EXP,PGF1_2_PDRP107-APND,AS_NP15_EXP,,2022-03-30T07:00:00-00:00,2031-01-01T07:59:59-00:00,2022-03-30T00:00:00,2030-12-31T23:59:59
AS_NP15_EXP,PGF1_2_PDRP108-APND,AS_NP15_EXP,,2022-11-19T08:00:00-00:00,2031-01-01T07:59:59-00:00,2022-11-19T00:00:00,2030-12-31T23:59:59
AS_NP15_EXP,PGF1_2_PDRP109-APND,AS_NP15_EXP,,2022-11-01T07:00:00-00:00,2031-01-01T07:59:59-00:00,2022-11-01T00:00:00,2030-12-31T23:59:59
AS_NP15_EXP,PGF1_2_PDRP11-APND,AS_NP15_EXP,,2017-01-04T08:00:00-00:00,2031-01-01T07:59:59-00:00,2017-01-04T00:00:00,2030-12-31T23:59:59
AS_NP15_EXP,PGF1_2_PDRP110-APND,AS_NP15_EXP,,2022-12-22T08:00:00-00:00,2031-01-01T07:59:59-00:00,2022-12-22T00:00:00,2030-12-31T23:59:59
AS_NP15_EXP,PGF1_2_PDRP111-APND,AS_NP15_EXP,,2023-03-01T08:00:00-00:00,2031-01-01T07:59:59-00:00,2023-03-01T00:00:00,2030-12-31T23:59:59
AS_NP15_EXP,PGF1_2_PDRP116-APND,AS_NP15_EXP,,2023-06-01T07:00:00-00:00,2031-01-01T07:59:59-00:00,2023-06-01T00:00:00,2030-12-31T23:59:59
AS_NP15_EXP,PGF1_2_PDRP120-APND,AS_NP15_EXP,,2024-05-01T07:00:00-00:00,2031-01-01T07:59:59-00:00,2024-05-01T00:00:00,2030-12-31T23:59:59
AS_NP15_EXP,PGF1_2_PDRP127-APND,AS_NP15_EXP,,2025-07-09T07:00:00-00:00,2031-01-01T07:59:59-00:00,2025-07-09T00:00:00,2030-12-31T23:59:59
AS_NP15_EXP,PGF1_2_PDRP16-APND,AS_NP15_EXP,,2018-03-26T07:00:00-00:00,2031-01-01T07:59:59-00:00,2018-03-26T00:00:00,2030-12-31T23:59:59
AS_NP15_EXP,PGF1_2_PDRP17-APND,AS_NP15_EXP,,2018-03-26T07:00:00-00:00,2031-01-01T07:59:59-00:00,2018-03-26T00:00:00,2030-12-31T23:59:59
AS_NP15_EXP,PGF1_2_PDRP18-APND,AS_NP15_EXP,,2018-04-23T07:00:00-00:00,2031-01-01T07:59:59-00:00,2018-04-23T00:00:00,2030-12-31T23:59:59
AS_NP15_EXP,PGF1_2_PDRP19-APND,AS_NP15_EXP,,2018-04-23T07:00:00-00:00,2031-01-01T07:59:59-00:00,2018-04-23T00:00:00,2030-12-31T23:59:59
AS_NP15_EXP,PGF1_2_PDRP20-APND,AS_NP15_EXP,,2018-04-23T07:00:00-00:00,2031-01-01T07:59:59-00:00,2018-04-23T00:00:00,2030-12-31T23:59:59
AS_NP15_EXP,PGF1_2_PDRP21-APND,AS_NP15_EXP,,2018-04-23T07:00:00-00:00,2031-01-01T07:59:59-00:00,2018-04-23T00:00:00,2030-12-31T23:59:59
AS_NP15_EXP,PGF1_2_PDRP24-APND,AS_NP15_EXP,,2018-05-25T07:00:00-00:00,2031-01-01T07:59:59-00:00,2018-05-25T00:00:00,2030-12-31T23:59:59
AS_NP15_EXP,PGF1_2_PDRP25-APND,AS_NP15_EXP,,2018-05-25T07:00:00-00:00,2031-01-01T07:59:59-00:00,2018-05-25T00:00:00,2030-12-31T23:59:59
AS_NP15_EXP,PGF1_2_PDRP26-APND,AS_NP15_EXP,,2018-05-25T07:00:00-00:00,2031-01-01T07:59:59-00:00,2018-05-25T00:00:00,2030-12-31T23:59:59
AS_NP15_EXP,PGF1_2_PDRP27-APND,AS_NP15_EXP,,2018-05-25T07:00:00-00:00,2031-01-01T07:59:59-00:00,2018-05-25T00:00:00,2030-12-31T23:59:59
AS_NP15_EXP,PGF1_2_PDRP28-APND,AS_NP15_EXP,,2018-05-25T07:00:00-00:00,2031-01-01T07:59:59-00:00,2018-05-25T00:00:00,2030-12-31T23:59:59
AS_NP15_EXP,PGF1_2_PDRP29-APND,AS_NP15_EXP,,2018-05-25T07:00:00-00:00,2031-01-01T07:59:59-00:00,2018-05-25T00:00:00,2030-12-31T23:59:59
AS_NP15_EXP,PGF1_2_PDRP30-APND,AS_NP15_EXP,,2018-05-25T07:00:00-00:00,2031-01-01T07:59:59-00:00,2018-05-25T00:00:00,2030-12-31T23:59:59
AS_NP15_EXP,PGF1_2_PDRP36-APND,AS_NP15_EXP,,2018-10-19T07:00:00-00:00,2031-01-01T07:59:59-00:00,2018-10-19T00:00:00,2030-12-31T23:59:59
AS_NP15_EXP,PGF1_2_PDRP37-APND,AS_NP15_EXP,,2018-10-19T07:00:00-00:00,2031-01-01T07:59:59-00:00,2018-10-19T00:00:00,2030-12-31T23:59:59
AS_NP15_EXP,PGF1_2_PDRP38-APND,AS_NP15_EXP,,2018-10-19T07:00:00-00:00,2031-01-01T07:59:59-00:00,2018-10-19T00:00:00,2030-12-31T23:59:59
AS_NP15_EXP,PGF1_2_PDRP39-APND,AS_NP15_EXP,,2018-10-19T07:00:00-00:00,2031-01-01T07:59:59-00:00,2018-10-19T00:00:00,2030-12-31T23:59:59
AS_NP15_EXP,PGF1_2_PDRP40-APND,AS_NP15_EXP,,2018-10-19T07:00:00-00:00,2031-01-01T07:59:59-00:00,2018-10-19T00:00:00,2030-12-31T23:59:59
AS_NP15_EXP,PGF1_2_PDRP41-APND,AS_NP15_EXP,,2018-10-19T07:00:00-00:00,2031-01-01T07:59:59-00:00,2018-10-19T00:00:00,2030-12-31T23:59:59
AS_NP15_EXP,PGF1_2_PDRP42-APND,AS_NP15_EXP,,2018-10-19T07:00:00-00:00,2031-01-01T07:59:59-00:00,2018-10-19T00:00:00,2030-12-31T23:59:59
AS_NP15_EXP,PGF1_2_PDRP43-APND,AS_NP15_EXP,,2018-10-19T07:00:00-00:00,2031-01-01T07:59:59-00:00,2018-10-19T00:00:00,2030-12-31T23:59:59
AS_NP15_EXP,PGF1_2_PDRP44-APND,AS_NP15_EXP,,2018-10-19T07:00:00-00:00,2031-01-01T07:59:59-00:00,2018-10-19T00:00:00,2030-12-31T23:59:59
AS_NP15_EXP,PGF1_2_PDRP45-APND,AS_NP15_EXP,,2018-10-19T07:00:00-00:00,2031-01-01T07:59:59-00:00,2018-10-19T00:00:00,2030-12-31T23:59:59
AS_NP15_EXP,PGF1_2_PDRP46-APND,AS_NP15_EXP,,2018-10-22T07:00:00-00:00,2031-01-01T07:59:59-00:00,2018-10-22T00:00:00,2030-12-31T23:59:59
AS_NP15_EXP,PGF1_2_PDRP47-APND,AS_NP15_EXP,,2018-10-22T07:00:00-00:00,2031-01-01T07:59:59-00:00,2018-10-22T00:00:00,2030-12-31T23:59:59
AS_NP15_EXP,PGF1_2_PDRP48-APND,AS_NP15_EXP,,2018-10-22T07:00:00-00:00,2031-01-01T07:59:59-00:00,2018-10-22T00:00:00,2030-12-31T23:59:59
AS_NP15_EXP,PGF1_2_PDRP49-APND,AS_NP15_EXP,,2018-10-22T07:00:00-00:00,2031-01-01T07:59:59-00:00,2018-10-22T00:00:00,2030-12-31T23:59:59
AS_NP15_EXP,PGF1_2_PDRP50-APND,AS_NP15_EXP,,2018-10-22T07:00:00-00:00,2031-01-01T07:59:59-00:00,2018-10-22T00:00:00,2030-12-31T23:59:59
AS_NP15_EXP,PGF1_2_PDRP51-APND,AS_NP15_EXP,,2018-10-22T07:00:00-00:00,2031-01-01T07:59:59-00:00,2018-10-22T00:00:00,2030-12-31T23:59:59
AS_NP15_EXP,PGF1_2_PDRP52-APND,AS_NP15_EXP,,2018-10-22T07:00:00-00:00,2031-01-01T07:59:59-00:00,2018-10-22T00:00:00,2030-12-31T23:59:59
AS_NP15_EXP,PGF1_2_PDRP53-APND,AS_NP15_EXP,,2018-10-22T07:00:00-00:00,2031-01-01T07:59:59-00:00,2018-10-22T00:00:00,2030-12-31T23:59:59
AS_NP15_EXP,PGF1_2_PDRP54-APND,AS_NP15_EXP,,2018-10-22T07:00:00-00:00,2031-01-01T07:59:59-00:00,2018-10-22T00:00:00,2030-12-31T23:59:59
AS_NP15_EXP,PGF1_2_PDRP55-APND,AS_NP15_EXP,,2018-10-22T07:00:00-00:00,2031-01-01T07:59:59-00:00,2018-10-22T00:00:00,2030-12-31T23:59:59
AS_NP15_EXP,PGF1_2_PDRP56-APND,AS_NP15_EXP,,2018-10-22T07:00:00-00:00,2031-01-01T07:59:59-00:00,2018-10-22T00:00:00,2030-12-31T23:59:59
AS_NP15_EXP,PGF1_2_PDRP57-APND,AS_NP15_EXP,,2018-10-22T07:00:00-00:00,2031-01-01T07:59:59-00:00,2018-10-22T00:00:00,2030-12-31T23:59:59
AS_NP15_EXP,PGF1_2_PDRP58-APND,AS_NP15_EXP,,2018-10-22T07:00:00-00:00,2031-01-01T07:59:59-00:00,2018-10-22T00:00:00,2030-12-31T23:59:59
AS_NP15_EXP,PGF1_2_PDRP59-APND,AS_NP15_EXP,,2018-10-22T07:00:00-00:00,2031-01-01T07:59:59-00:00,2018-10-22T00:00:00,2030-12-31T23:59:59
AS_NP15_EXP,PGF1_2_PDRP60-APND,AS_NP15_EXP,,2018-12-06T08:00:00-00:00,2031-01-01T07:59:59-00:00,2018-12-06T00:00:00,2030-12-31T23:59:59
AS_NP15_EXP,PGF1_2_PDRP61-APND,AS_NP15_EXP,,2018-12-06T08:00:00-00:00,2031-01-01T07:59:59-00:00,2018-12-06T00:00:00,2030-12-31T23:59:59
AS_NP15_EXP,PGF1_2_PDRP62-APND,AS_NP15_EXP,,2019-03-18T07:00:00-00:00,2031-01-01T07:59:59-00:00,2019-03-18T00:00:00,2030-12-31T23:59:59
AS_NP15_EXP,PGF1_2_PDRP63-APND,AS_NP15_EXP,,2019-03-18T07:00:00-00:00,2031-01-01T07:59:59-00:00,2019-03-18T00:00:00,2030-12-31T23:59:59
AS_NP15_EXP,PGF1_2_PDRP64-APND,AS_NP15_EXP,,2019-03-18T07:00:00-00:00,2031-01-01T07:59:59-00:00,2019-03-18T00:00:00,2030-12-31T23:59:59
AS_NP15_EXP,PGF1_2_PDRP65-APND,AS_NP15_EXP,,2023-02-24T08:00:00-00:00,2031-01-01T07:59:59-00:00,2023-02-24T00:00:00,2030-12-31T23:59:59
AS_NP15_EXP,PGF1_2_PDRP66-APND,AS_NP15_EXP,,2023-02-24T08:00:00-00:00,2031-01-01T07:59:59-00:00,2023-02-24T00:00:00,2030-12-31T23:59:59
AS_NP15_EXP,PGF1_2_PDRP68-APND,AS_NP15_EXP,,2020-04-17T07:00:00-00:00,2031-01-01T07:59:59-00:00,2020-04-17T00:00:00,2030-12-31T23:59:59
AS_NP15_EXP,PGF1_2_PDRP69-APND,AS_NP15_EXP,,2022-12-22T08:00:00-00:00,2031-01-01T07:59:59-00:00,2022-12-22T00:00:00,2030-12-31T23:59:59
AS_NP15_EXP,PGF1_2_PDRP70-APND,AS_NP15_EXP,,2020-04-17T07:00:00-00:00,2031-01-01T07:59:59-00:00,2020-04-17T00:00:00,2030-12-31T23:59:59
AS_NP15_EXP,PGF1_2_PDRP71-APND,AS_NP15_EXP,,2020-04-17T07:00:00-00:00,2031-01-01T07:59:59-00:00,2020-04-17T00:00:00,2030-12-31T23:59:59
AS_NP15_EXP,PGF1_2_PDRP72-APND,AS_NP15_EXP,,2020-04-17T07:00:00-00:00,2031-01-01T07:59:59-00:00,2020-04-17T00:00:00,2030-12-31T23:59:59
AS_NP15_EXP,PGF1_2_PDRP73-APND,AS_NP15_EXP,,2020-04-17T07:00:00-00:00,2031-01-01T07:59:59-00:00,2020-04-17T00:00:00,2030-12-31T23:59:59
AS_NP15_EXP,PGF1_2_PDRP74-APND,AS_NP15_EXP,,2020-09-28T07:00:00-00:00,2031-01-01T07:59:59-00:00,2020-09-28T00:00:00,2030-12-31T23:59:59
AS_NP15_EXP,PGF1_2_PDRP75-APND,AS_NP15_EXP,,2020-09-28T07:00:00-00:00,2031-01-01T07:59:59-00:00,2020-09-28T00:00:00,2030-12-31T23:59:59
AS_NP15_EXP,PGF1_2_PDRP76-APND,AS_NP15_EXP,,2020-09-28T07:00:00-00:00,2031-01-01T07:59:59-00:00,2020-09-28T00:00:00,2030-12-31T23:59:59
AS_NP15_EXP,PGF1_2_PDRP77-APND,AS_NP15_EXP,,2019-05-30T07:00:00-00:00,2031-01-01T07:59:59-00:00,2019-05-30T00:00:00,2030-12-31T23:59:59
AS_NP15_EXP,PGF1_2_PDRP78-APND,AS_NP15_EXP,,2019-05-30T07:00:00-00:00,2031-01-01T07:59:59-00:00,2019-05-30T00:00:00,2030-12-31T23:59:59
AS_NP15_EXP,PGF1_2_PDRP79-APND,AS_NP15_EXP,,2019-05-30T07:00:00-00:00,2031-01-01T07:59:59-00:00,2019-05-30T00:00:00,2030-12-31T23:59:59
AS_NP15_EXP,PGF1_2_PDRP80-APND,AS_NP15_EXP,,2020-03-10T07:00:00-00:00,2031-01-01T07:59:59-00:00,2020-03-10T00:00:00,2030-12-31T23:59:59
AS_NP15_EXP,PGF1_2_PDRP81-APND,AS_NP15_EXP,,2020-03-10T07:00:00-00:00,2031-01-01T07:59:59-00:00,2020-03-10T00:00:00,2030-12-31T23:59:59
AS_NP15_EXP,PGF1_2_PDRP82-APND,AS_NP15_EXP,,2020-03-10T07:00:00-00:00,2031-01-01T07:59:59-00:00,2020-03-10T00:00:00,2030-12-31T23:59:59
AS_NP15_EXP,PGF1_2_PDRP83-APND,AS_NP15_EXP,,2022-11-14T08:00:00-00:00,2031-01-01T07:59:59-00:00,2022-11-14T00:00:00,2030-12-31T23:59:59
AS_NP15_EXP,PGF1_2_PDRP84-APND,AS_NP15_EXP,,2020-03-10T07:00:00-00:00,2031-01-01T07:59:59-00:00,2020-03-10T00:00:00,2030-12-31T23:59:59
AS_NP15_EXP,PGF1_2_PDRP85-APND,AS_NP15_EXP,,2020-03-10T07:00:00-00:00,2031-01-01T07:59:59-00:00,2020-03-10T00:00:00,2030-12-31T23:59:59
AS_NP15_EXP,PGF1_2_PDRP86-APND,AS_NP15_EXP,,2020-03-10T07:00:00-00:00,2031-01-01T07:59:59-00:00,2020-03-10T00:00:00,2030-12-31T23:59:59
AS_NP15_EXP,PGF1_2_PDRP87-APND,AS_NP15_EXP,,2020-03-10T07:00:00-00:00,2031-01-01T07:59:59-00:00,2020-03-10T00:00:00,2030-12-31T23:59:59
AS_NP15_EXP,PGF1_2_PDRP88-APND,AS_NP15_EXP,,2019-09-24T07:00:00-00:00,2031-01-01T07:59:59-00:00,2019-09-24T00:00:00,2030-12-31T23:59:59
AS_NP15_EXP,PGF1_2_PDRP89-APND,AS_NP15_EXP,,2020-03-10T07:00:00-00:00,2031-01-01T07:59:59-00:00,2020-03-10T00:00:00,2030-12-31T23:59:59
AS_NP15_EXP,PGF1_2_PDRP91-APND,AS_NP15_EXP,,2022-11-01T07:00:00-00:00,2031-01-01T07:59:59-00:00,2022-11-01T00:00:00,2030-12-31T23:59:59
AS_NP15_EXP,PGF1_2_PDRP93-APND,AS_NP15_EXP,,2020-04-17T07:00:00-00:00,2031-01-01T07:59:59-00:00,2020-04-17T00:00:00,2030-12-31T23:59:59
AS_NP15_EXP,PGF1_2_PDRP94-APND,AS_NP15_EXP,,2020-04-24T07:00:00-00:00,2031-01-01T07:59:59-00:00,2020-04-24T00:00:00,2030-12-31T23:59:59
AS_NP15_EXP,PGF1_2_PDRP95-APND,AS_NP15_EXP,,2020-04-24T07:00:00-00:00,2031-01-01T07:59:59-00:00,2020-04-24T00:00:00,2030-12-31T23:59:59
AS_NP15_EXP,PGF1_2_PDRP96-APND,AS_NP15_EXP,,2020-04-24T07:00:00-00:00,2031-01-01T07:59:59-00:00,2020-04-24T00:00:00,2030-12-31T23:59:59
AS_NP15_EXP,PGF1_2_PDRP97-APND,AS_NP15_EXP,,2020-04-24T07:00:00-00:00,2031-01-01T07:59:59-00:00,2020-04-24T00:00:00,2030-12-31T23:59:59
AS_NP15_EXP,PGF1_2_PDRP98-APND,AS_NP15_EXP,,2020-04-24T07:00:00-00:00,2031-01-01T07:59:59-00:00,2020-04-24T00:00:00,2030-12-31T23:59:59
AS_NP15_EXP,PGF1_2_RDRR01-APND,AS_NP15_EXP,,2023-01-06T08:00:00-00:00,2031-01-01T07:59:59-00:00,2023-01-06T00:00:00,2030-12-31T23:59:59
AS_NP15_EXP,PGF1_2_RDRR02-APND,AS_NP15_EXP,,2025-07-02T07:00:00-00:00,2031-01-01T07:59:59-00:00,2025-07-02T00:00:00,2030-12-31T23:59:59
AS_NP15_EXP,PGFG_1_PDRP05-APND,AS_NP15_EXP,,2017-07-26T07:00:00-00:00,2031-01-01T07:59:59-00:00,2017-07-26T00:00:00,2030-12-31T23:59:59
AS_NP15_EXP,PGFG_1_PDRP13-APND,AS_NP15_EXP,,2018-04-23T07:00:00-00:00,2031-01-01T07:59:59-00:00,2018-04-23T00:00:00,2030-12-31T23:59:59
AS_NP15_EXP,PGFG_1_PDRP14-APND,AS_NP15_EXP,,2018-05-25T07:00:00-00:00,2031-01-01T07:59:59-00:00,2018-05-25T00:00:00,2030-12-31T23:59:59
AS_NP15_EXP,PGFG_1_PDRP15-APND,AS_NP15_EXP,,2018-05-25T07:00:00-00:00,2031-01-01T07:59:59-00:00,2018-05-25T00:00:00,2030-12-31T23:59:59
AS_NP15_EXP,PGFG_1_PDRP17-APND,AS_NP15_EXP,,2018-10-19T07:00:00-00:00,2031-01-01T07:59:59-00:00,2018-10-19T00:00:00,2030-12-31T23:59:59
AS_NP15_EXP,PGFG_1_PDRP19-APND,AS_NP15_EXP,,2019-03-18T07:00:00-00:00,2031-01-01T07:59:59-00:00,2019-03-18T00:00:00,2030-12-31T23:59:59
AS_NP15_EXP,PGFG_1_PDRP20-APND,AS_NP15_EXP,,2019-06-10T07:00:00-00:00,2031-01-01T07:59:59-00:00,2019-06-10T00:00:00,2030-12-31T23:59:59
AS_NP15_EXP,PGFG_1_PDRP21-APND,AS_NP15_EXP,,2020-04-24T07:00:00-00:00,2031-01-01T07:59:59-00:00,2020-04-24T00:00:00,2030-12-31T23:59:59
AS_NP15_EXP,PGFG_1_PDRP22-APND,AS_NP15_EXP,,2020-09-28T07:00:00-00:00,2031-01-01T07:59:59-00:00,2020-09-28T00:00:00,2030-12-31T23:59:59
AS_NP15_EXP,PGFG_1_PDRP23-APND,AS_NP15_EXP,,2020-09-28T07:00:00-00:00,2031-01-01T07:59:59-00:00,2020-09-28T00:00:00,2030-12-31T23:59:59
AS_NP15_EXP,PGFG_1_PDRP24-APND,AS_NP15_EXP,,2020-09-28T07:00:00-00:00,2031-01-01T07:59:59-00:00,2020-09-28T00:00:00,2030-12-31T23:59:59
AS_NP15_EXP,PGFG_1_PDRP25-APND,AS_NP15_EXP,,2019-06-10T07:00:00-00:00,2031-01-01T07:59:59-00:00,2019-06-10T00:00:00,2030-12-31T23:59:59
AS_NP15_EXP,PGFG_1_PDRP27-APND,AS_NP15_EXP,,2020-11-23T08:00:00-00:00,2031-01-01T07:59:59-00:00,2020-11-23T00:00:00,2030-12-31T23:59:59
AS_NP15_EXP,PGFG_1_PDRP28-APND,AS_NP15_EXP,,2020-11-23T08:00:00-00:00,2031-01-01T07:59:59-00:00,2020-11-23T00:00:00,2030-12-31T23:59:59
AS_NP15_EXP,PGFG_1_PDRP29-APND,AS_NP15_EXP,,2020-11-23T08:00:00-00:00,2031-01-01T07:59:59-00:00,2020-11-23T00:00:00,2030-12-31T23:59:59
AS_NP15_EXP,PGFG_1_PDRP32-APND,AS_NP15_EXP,,2020-03-10T07:00:00-00:00,2031-01-01T07:59:59-00:00,2020-03-10T00:00:00,2030-12-31T23:59:59
AS_NP15_EXP,PGFG_1_PDRP33-APND,AS_NP15_EXP,,2020-03-10T07:00:00-00:00,2031-01-01T07:59:59-00:00,2020-03-10T00:00:00,2030-12-31T23:59:59
AS_NP15_EXP,PGFG_1_PDRP35-APND,AS_NP15_EXP,,2020-11-23T08:00:00-00:00,2031-01-01T07:59:59-00:00,2020-11-23T00:00:00,2030-12-31T23:59:59
AS_NP15_EXP,PGFG_1_PDRP36-APND,AS_NP15_EXP,,2020-11-23T08:00:00-00:00,2031-01-01T07:59:59-00:00,2020-11-23T00:00:00,2030-12-31T23:59:59
AS_NP15_EXP,PGFG_1_PDRP38-APND,AS_NP15_EXP,,2022-05-24T07:00:00-00:00,2031-01-01T07:59:59-00:00,2022-05-24T00:00:00,2030-12-31T23:59:59
AS_NP15_EXP,PGFG_1_PDRP40-APND,AS_NP15_EXP,,2025-12-23T08:00:00-00:00,2031-01-01T07:59:59-00:00,2025-12-23T00:00:00,2030-12-31T23:59:59
AS_NP15_EXP,PGFG_1_PDRP41-APND,AS_NP15_EXP,,2025-02-03T08:00:00-00:00,2031-01-01T07:59:59-00:00,2025-02-03T00:00:00,2030-12-31T23:59:59
AS_NP15_EXP,PGFG_1_PDRP77-APND,AS_NP15_EXP,,2025-05-01T07:00:00-00:00,2031-01-01T07:59:59-00:00,2025-05-01T00:00:00,2030-12-31T23:59:59
AS_NP15_EXP,PGFG_1_RDRR01-APND,AS_NP15_EXP,,2026-02-01T08:00:00-00:00,2031-01-01T07:59:59-00:00,2026-02-01T00:00:00,2030-12-31T23:59:59
AS_NP15_EXP,PGHB_6_PDRP02-APND,AS_NP15_EXP,,2017-01-04T08:00:00-00:00,2031-01-01T07:59:59-00:00,2017-01-04T00:00:00,2030-12-31T23:59:59
AS_NP15_EXP,PGHB_6_PDRP04-APND,AS_NP15_EXP,,2018-01-03T08:00:00-00:00,2031-01-01T07:59:59-00:00,2018-01-03T00:00:00,2030-12-31T23:59:59
AS_NP15_EXP,PGHB_6_PDRP05-APND,AS_NP15_EXP,,2018-04-23T07:00:00-00:00,2031-01-01T07:59:59-00:00,2018-04-23T00:00:00,2030-12-31T23:59:59
AS_NP15_EXP,PGHB_6_PDRP06-APND,AS_NP15_EXP,,2018-05-25T07:00:00-00:00,2031-01-01T07:59:59-00:00,2018-05-25T00:00:00,2030-12-31T23:59:59
AS_NP15_EXP,PGHB_6_PDRP07-APND,AS_NP15_EXP,,2018-10-19T07:00:00-00:00,2031-01-01T07:59:59-00:00,2018-10-19T00:00:00,2030-12-31T23:59:59
AS_NP15_EXP,PGHB_6_PDRP08-APND,AS_NP15_EXP,,2020-11-23T08:00:00-00:00,2031-01-01T07:59:59-00:00,2020-11-23T00:00:00,2030-12-31T23:59:59
AS_NP15_EXP,PGHB_6_PDRP09-APND,AS_NP15_EXP,,2020-11-23T08:00:00-00:00,2031-01-01T07:59:59-00:00,2020-11-23T00:00:00,2030-12-31T23:59:59
AS_NP15_EXP,PGHB_6_PDRP10-APND,AS_NP15_EXP,,2022-11-01T07:00:00-00:00,2031-01-01T07:59:59-00:00,2022-11-01T00:00:00,2030-12-31T23:59:59
AS_NP15_EXP,PGHB_6_PDRP11-APND,AS_NP15_EXP,,2020-03-10T07:00:00-00:00,2031-01-01T07:59:59-00:00,2020-03-10T00:00:00,2030-12-31T23:59:59
AS_NP15_EXP,PGHB_6_PDRP12-APND,AS_NP15_EXP,,2022-11-01T07:00:00-00:00,2031-01-01T07:59:59-00:00,2022-11-01T00:00:00,2030-12-31T23:59:59
AS_NP15_EXP,PGHB_6_PDRP14-APND,AS_NP15_EXP,,2020-11-23T08:00:00-00:00,2031-01-01T07:59:59-00:00,2020-11-23T00:00:00,2030-12-31T23:59:59
AS_NP15_EXP,PGHB_6_PDRP15-APND,AS_NP15_EXP,,2020-11-23T08:00:00-00:00,2031-01-01T07:59:59-00:00,2020-11-23T00:00:00,2030-12-31T23:59:59
AS_NP15_EXP,PGHB_6_PDRP16-APND,AS_NP15_EXP,,2020-11-23T08:00:00-00:00,2031-01-01T07:59:59-00:00,2020-11-23T00:00:00,2030-12-31T23:59:59
AS_NP15_EXP,PGHB_6_PDRP19-APND,AS_NP15_EXP,,2025-12-23T08:00:00-00:00,2031-01-01T07:59:59-00:00,2025-12-23T00:00:00,2030-12-31T23:59:59
AS_NP15_EXP,PGNB_2_PDRP02-APND,AS_NP15_EXP,,2017-07-26T07:00:00-00:00,2031-01-01T07:59:59-00:00,2017-07-26T00:00:00,2030-12-31T23:59:59
AS_NP15_EXP,PGNB_2_PDRP03-APND,AS_NP15_EXP,,2017-01-04T08:00:00-00:00,2031-01-01T07:59:59-00:00,2017-01-04T00:00:00,2030-12-31T23:59:59
AS_NP15_EXP,PGNB_2_PDRP101-APND,AS_NP15_EXP,,2024-05-01T07:00:00-00:00,2031-01-01T07:59:59-00:00,2024-05-01T00:00:00,2030-12-31T23:59:59
AS_NP15_EXP,PGNB_2_PDRP12-APND,AS_NP15_EXP,,2018-04-23T07:00:00-00:00,2031-01-01T07:59:59-00:00,2018-04-23T00:00:00,2030-12-31T23:59:59
AS_NP15_EXP,PGNB_2_PDRP15-APND,AS_NP15_EXP,,2018-05-25T07:00:00-00:00,2031-01-01T07:59:59-00:00,2018-05-25T00:00:00,2030-12-31T23:59:59
AS_NP15_EXP,PGNB_2_PDRP16-APND,AS_NP15_EXP,,2018-10-19T07:00:00-00:00,2031-01-01T07:59:59-00:00,2018-10-19T00:00:00,2030-12-31T23:59:59
AS_NP15_EXP,PGNB_2_PDRP17-APND,AS_NP15_EXP,,2018-10-19T07:00:00-00:00,2031-01-01T07:59:59-00:00,2018-10-19T00:00:00,2030-12-31T23:59:59
AS_NP15_EXP,PGNB_2_PDRP19-APND,AS_NP15_EXP,,2018-11-13T08:00:00-00:00,2031-01-01T07:59:59-00:00,2018-11-13T00:00:00,2030-12-31T23:59:59
AS_NP15_EXP,PGNB_2_PDRP20-APND,AS_NP15_EXP,,2019-05-30T07:00:00-00:00,2031-01-01T07:59:59-00:00,2019-05-30T00:00:00,2030-12-31T23:59:59
AS_NP15_EXP,PGNB_2_PDRP21-APND,AS_NP15_EXP,,2019-09-24T07:00:00-00:00,2031-01-01T07:59:59-00:00,2019-09-24T00:00:00,2030-12-31T23:59:59
AS_NP15_EXP,PGNB_2_PDRP22-APND,AS_NP15_EXP,,2022-12-30T08:00:00-00:00,2031-01-01T07:59:59-00:00,2022-12-30T00:00:00,2030-12-31T23:59:59
AS_NP15_EXP,PGNB_2_PDRP25-APND,AS_NP15_EXP,,2019-06-07T07:00:00-00:00,2031-01-01T07:59:59-00:00,2019-06-07T00:00:00,2030-12-31T23:59:59
AS_NP15_EXP,PGNB_2_PDRP26-APND,AS_NP15_EXP,,2020-11-23T08:00:00-00:00,2031-01-01T07:59:59-00:00,2020-11-23T00:00:00,2030-12-31T23:59:59
AS_NP15_EXP,PGNB_2_PDRP27-APND,AS_NP15_EXP,,2019-06-10T07:00:00-00:00,2031-01-01T07:59:59-00:00,2019-06-10T00:00:00,2030-12-31T23:59:59
AS_NP15_EXP,PGNB_2_PDRP28-APND,AS_NP15_EXP,,2020-11-23T08:00:00-00:00,2031-01-01T07:59:59-00:00,2020-11-23T00:00:00,2030-12-31T23:59:59
AS_NP15_EXP,PGNB_2_PDRP29-APND,AS_NP15_EXP,,2020-11-23T08:00:00-00:00,2031-01-01T07:59:59-00:00,2020-11-23T00:00:00,2030-12-31T23:59:59
AS_NP15_EXP,PGNB_2_PDRP30-APND,AS_NP15_EXP,,2020-03-10T07:00:00-00:00,2031-01-01T07:59:59-00:00,2020-03-10T00:00:00,2030-12-31T23:59:59
AS_NP15_EXP,PGNB_2_PDRP31-APND,AS_NP15_EXP,,2020-03-10T07:00:00-00:00,2031-01-01T07:59:59-00:00,2020-03-10T00:00:00,2030-12-31T23:59:59
AS_NP15_EXP,PGNB_2_PDRP32-APND,AS_NP15_EXP,,2020-03-10T07:00:00-00:00,2031-01-01T07:59:59-00:00,2020-03-10T00:00:00,2030-12-31T23:59:59
AS_NP15_EXP,PGNB_2_PDRP33-APND,AS_NP15_EXP,,2020-03-10T07:00:00-00:00,2031-01-01T07:59:59-00:00,2020-03-10T00:00:00,2030-12-31T23:59:59
AS_NP15_EXP,PGNB_2_PDRP34-APND,AS_NP15_EXP,,2022-10-17T07:00:00-00:00,2031-01-01T07:59:59-00:00,2022-10-17T00:00:00,2030-12-31T23:59:59
AS_NP15_EXP,PGNB_2_PDRP35-APND,AS_NP15_EXP,,2020-09-28T07:00:00-00:00,2031-01-01T07:59:59-00:00,2020-09-28T00:00:00,2030-12-31T23:59:59
AS_NP15_EXP,PGNB_2_PDRP36-APND,AS_NP15_EXP,,2020-09-28T07:00:00-00:00,2031-01-01T07:59:59-00:00,2020-09-28T00:00:00,2030-12-31T23:59:59
AS_NP15_EXP,PGNB_2_PDRP37-APND,AS_NP15_EXP,,2020-11-23T08:00:00-00:00,2031-01-01T07:59:59-00:00,2020-11-23T00:00:00,2030-12-31T23:59:59
AS_NP15_EXP,PGNB_2_PDRP41-APND,AS_NP15_EXP,,2025-12-23T08:00:00-00:00,2031-01-01T07:59:59-00:00,2025-12-23T00:00:00,2030-12-31T23:59:59
AS_NP15_EXP,PGNB_2_PDRP42-APND,AS_NP15_EXP,,2022-11-01T07:00:00-00:00,2031-01-01T07:59:59-00:00,2022-11-01T00:00:00,2030-12-31T23:59:59
AS_NP15_EXP,PGNB_2_PDRP43-APND,AS_NP15_EXP,,2025-07-01T07:00:00-00:00,2031-01-01T07:59:59-00:00,2025-07-01T00:00:00,2030-12-31T23:59:59
AS_NP15_EXP,PGNC_1_PDRP01-APND,AS_NP15_EXP,,2017-01-04T08:00:00-00:00,2031-01-01T07:59:59-00:00,2017-01-04T00:00:00,2030-12-31T23:59:59
AS_NP15_EXP,PGNC_1_PDRP04-APND,AS_NP15_EXP,,2018-04-23T07:00:00-00:00,2031-01-01T07:59:59-00:00,2018-04-23T00:00:00,2030-12-31T23:59:59
AS_NP15_EXP,PGNC_1_PDRP05-APND,AS_NP15_EXP,,2018-05-25T07:00:00-00:00,2031-01-01T07:59:59-00:00,2018-05-25T00:00:00,2030-12-31T23:59:59
AS_NP15_EXP,PGNC_1_PDRP06-APND,AS_NP15_EXP,,2018-10-19T07:00:00-00:00,2031-01-01T07:59:59-00:00,2018-10-19T00:00:00,2030-12-31T23:59:59
AS_NP15_EXP,PGNC_1_PDRP07-APND,AS_NP15_EXP,,2018-10-19T07:00:00-00:00,2031-01-01T07:59:59-00:00,2018-10-19T00:00:00,2030-12-31T23:59:59
AS_NP15_EXP,PGNC_1_PDRP09-APND,AS_NP15_EXP,,2019-06-06T07:00:00-00:00,2031-01-01T07:59:59-00:00,2019-06-06T00:00:00,2030-12-31T23:59:59
AS_NP15_EXP,PGNC_1_PDRP14-APND,AS_NP15_EXP,,2020-09-28T07:00:00-00:00,2031-01-01T07:59:59-00:00,2020-09-28T00:00:00,2030-12-31T23:59:59
AS_NP15_EXP,PGNC_1_PDRP15-APND,AS_NP15_EXP,,2020-09-28T07:00:00-00:00,2031-01-01T07:59:59-00:00,2020-09-28T00:00:00,2030-12-31T23:59:59
AS_NP15_EXP,PGNC_1_PDRP16-APND,AS_NP15_EXP,,2020-11-23T08:00:00-00:00,2031-01-01T07:59:59-00:00,2020-11-23T00:00:00,2030-12-31T23:59:59
AS_NP15_EXP,PGNC_1_PDRP17-APND,AS_NP15_EXP,,2020-03-10T07:00:00-00:00,2031-01-01T07:59:59-00:00,2020-03-10T00:00:00,2030-12-31T23:59:59
AS_NP15_EXP,PGNC_1_PDRP18-APND,AS_NP15_EXP,,2022-11-01T07:00:00-00:00,2031-01-01T07:59:59-00:00,2022-11-01T00:00:00,2030-12-31T23:59:59
AS_NP15_EXP,PGNC_1_PDRP19-APND,AS_NP15_EXP,,2020-03-10T07:00:00-00:00,2031-01-01T07:59:59-00:00,2020-03-10T00:00:00,2030-12-31T23:59:59
AS_NP15_EXP,PGNC_1_PDRP20-APND,AS_NP15_EXP,,2020-03-10T07:00:00-00:00,2031-01-01T07:59:59-00:00,2020-03-10T00:00:00,2030-12-31T23:59:59
AS_NP15_EXP,PGNC_1_PDRP21-APND,AS_NP15_EXP,,2020-03-10T07:00:00-00:00,2031-01-01T07:59:59-00:00,2020-03-10T00:00:00,2030-12-31T23:59:59
AS_NP15_EXP,PGNC_1_PDRP22-APND,AS_NP15_EXP,,2020-11-23T08:00:00-00:00,2031-01-01T07:59:59-00:00,2020-11-23T00:00:00,2030-12-31T23:59:59
AS_NP15_EXP,PGNC_1_PDRP23-APND,AS_NP15_EXP,,2025-12-23T08:00:00-00:00,2031-01-01T07:59:59-00:00,2025-12-23T00:00:00,2030-12-31T23:59:59
AS_NP15_EXP,PGNC_1_PDRP26-APND,AS_NP15_EXP,,2022-11-01T07:00:00-00:00,2031-01-01T07:59:59-00:00,2022-11-01T00:00:00,2030-12-31T23:59:59
AS_NP15_EXP,PGNC_1_RDRR02-APND,AS_NP15_EXP,,2023-06-28T07:00:00-00:00,2031-01-01T07:59:59-00:00,2023-06-28T00:00:00,2030-12-31T23:59:59
AS_NP15_EXP,PGNC_2_PDRP10-APND,AS_NP15_EXP,,2020-11-23T08:00:00-00:00,2031-01-01T07:59:59-00:00,2020-11-23T00:00:00,2030-12-31T23:59:59
AS_NP15_EXP,PGNC_2_PDRP11-APND,AS_NP15_EXP,,2020-11-23T08:00:00-00:00,2031-01-01T07:59:59-00:00,2020-11-23T00:00:00,2030-12-31T23:59:59
AS_NP15_EXP,PGNC_2_PDRP12-APND,AS_NP15_EXP,,2020-11-23T08:00:00-00:00,2031-01-01T07:59:59-00:00,2020-11-23T00:00:00,2030-12-31T23:59:59
AS_NP15_EXP,PGNP_2_PDRP02-APND,AS_NP15_EXP,,2017-01-01T08:00:00-00:00,2031-01-01T07:59:59-00:00,2017-01-01T00:00:00,2030-12-31T23:59:59
AS_NP15_EXP,PGNP_2_PDRP08-APND,AS_NP15_EXP,,2018-03-26T07:00:00-00:00,2031-01-01T07:59:59-00:00,2018-03-26T00:00:00,2030-12-31T23:59:59
AS_NP15_EXP,PGNP_2_PDRP09-APND,AS_NP15_EXP,,2018-03-26T07:00:00-00:00,2031-01-01T07:59:59-00:00,2018-03-26T00:00:00,2030-12-31T23:59:59
AS_NP15_EXP,PGNP_2_PDRP10-APND,AS_NP15_EXP,,2018-03-26T07:00:00-00:00,2031-01-01T07:59:59-00:00,2018-03-26T00:00:00,2030-12-31T23:59:59
AS_NP15_EXP,PGNP_2_PDRP11-APND,AS_NP15_EXP,,2018-04-23T07:00:00-00:00,2031-01-01T07:59:59-00:00,2018-04-23T00:00:00,2030-12-31T23:59:59
AS_NP15_EXP,PGNP_2_PDRP16-APND,AS_NP15_EXP,,2018-05-25T07:00:00-00:00,2031-01-01T07:59:59-00:00,2018-05-25T00:00:00,2030-12-31T23:59:59
AS_NP15_EXP,PGNP_2_PDRP17-APND,AS_NP15_EXP,,2018-05-25T07:00:00-00:00,2031-01-01T07:59:59-00:00,2018-05-25T00:00:00,2030-12-31T23:59:59
AS_NP15_EXP,PGNP_2_PDRP18-APND,AS_NP15_EXP,,2018-05-25T07:00:00-00:00,2031-01-01T07:59:59-00:00,2018-05-25T00:00:00,2030-12-31T23:59:59
AS_NP15_EXP,PGNP_2_PDRP19-APND,AS_NP15_EXP,,2018-10-19T07:00:00-00:00,2031-01-01T07:59:59-00:00,2018-10-19T00:00:00,2030-12-31T23:59:59
AS_NP15_EXP,PGNP_2_PDRP20-APND,AS_NP15_EXP,,2018-10-19T07:00:00-00:00,2031-01-01T07:59:59-00:00,2018-10-19T00:00:00,2030-12-31T23:59:59
AS_NP15_EXP,PGNP_2_PDRP21-APND,AS_NP15_EXP,,2018-10-22T07:00:00-00:00,2031-01-01T07:59:59-00:00,2018-10-22T00:00:00,2030-12-31T23:59:59
AS_NP15_EXP,PGNP_2_PDRP22-APND,AS_NP15_EXP,,2018-10-22T07:00:00-00:00,2031-01-01T07:59:59-00:00,2018-10-22T00:00:00,2030-12-31T23:59:59
AS_NP15_EXP,PGNP_2_PDRP23-APND,AS_NP15_EXP,,2018-10-22T07:00:00-00:00,2031-01-01T07:59:59-00:00,2018-10-22T00:00:00,2030-12-31T23:59:59
AS_NP15_EXP,PGNP_2_PDRP24-APND,AS_NP15_EXP,,2018-10-22T07:00:00-00:00,2031-01-01T07:59:59-00:00,2018-10-22T00:00:00,2030-12-31T23:59:59
AS_NP15_EXP,PGNP_2_PDRP25-APND,AS_NP15_EXP,,2018-10-22T07:00:00-00:00,2031-01-01T07:59:59-00:00,2018-10-22T00:00:00,2030-12-31T23:59:59
AS_NP15_EXP,PGNP_2_PDRP26-APND,AS_NP15_EXP,,2018-10-22T07:00:00-00:00,2031-01-01T07:59:59-00:00,2018-10-22T00:00:00,2030-12-31T23:59:59
AS_NP15_EXP,PGNP_2_PDRP27-APND,AS_NP15_EXP,,2018-10-22T07:00:00-00:00,2031-01-01T07:59:59-00:00,2018-10-22T00:00:00,2030-12-31T23:59:59
AS_NP15_EXP,PGNP_2_PDRP28-APND,AS_NP15_EXP,,2018-10-22T07:00:00-00:00,2031-01-01T07:59:59-00:00,2018-10-22T00:00:00,2030-12-31T23:59:59
AS_NP15_EXP,PGNP_2_PDRP29-APND,AS_NP15_EXP,,2018-10-22T07:00:00-00:00,2031-01-01T07:59:59-00:00,2018-10-22T00:00:00,2030-12-31T23:59:59
AS_NP15_EXP,PGNP_2_PDRP30-APND,AS_NP15_EXP,,2019-06-10T07:00:00-00:00,2031-01-01T07:59:59-00:00,2019-06-10T00:00:00,2030-12-31T23:59:59
AS_NP15_EXP,PGNP_2_PDRP31-APND,AS_NP15_EXP,,2019-05-30T07:00:00-00:00,2031-01-01T07:59:59-00:00,2019-05-30T00:00:00,2030-12-31T23:59:59
AS_NP15_EXP,PGNP_2_PDRP34-APND,AS_NP15_EXP,,2019-06-10T07:00:00-00:00,2031-01-01T07:59:59-00:00,2019-06-10T00:00:00,2030-12-31T23:59:59
AS_NP15_EXP,PGNP_2_PDRP39-APND,AS_NP15_EXP,,2020-06-01T07:00:00-00:00,2031-01-01T07:59:59-00:00,2020-06-01T00:00:00,2030-12-31T23:59:59
AS_NP15_EXP,PGNP_2_PDRP40-APND,AS_NP15_EXP,,2020-03-10T07:00:00-00:00,2031-01-01T07:59:59-00:00,2020-03-10T00:00:00,2030-12-31T23:59:59
AS_NP15_EXP,PGNP_2_PDRP41-APND,AS_NP15_EXP,,2020-03-10T07:00:00-00:00,2031-01-01T07:59:59-00:00,2020-03-10T00:00:00,2030-12-31T23:59:59
AS_NP15_EXP,PGNP_2_PDRP42-APND,AS_NP15_EXP,,2020-03-10T07:00:00-00:00,2031-01-01T07:59:59-00:00,2020-03-10T00:00:00,2030-12-31T23:59:59
AS_NP15_EXP,PGNP_2_PDRP43-APND,AS_NP15_EXP,,2020-03-10T07:00:00-00:00,2031-01-01T07:59:59-00:00,2020-03-10T00:00:00,2030-12-31T23:59:59
AS_NP15_EXP,PGNP_2_PDRP44-APND,AS_NP15_EXP,,2020-04-24T07:00:00-00:00,2031-01-01T07:59:59-00:00,2020-04-24T00:00:00,2030-12-31T23:59:59
AS_NP15_EXP,PGNP_2_PDRP45-APND,AS_NP15_EXP,,2020-04-24T07:00:00-00:00,2031-01-01T07:59:59-00:00,2020-04-24T00:00:00,2030-12-31T23:59:59
AS_NP15_EXP,PGNP_2_PDRP46-APND,AS_NP15_EXP,,2020-09-28T07:00:00-00:00,2031-01-01T07:59:59-00:00,2020-09-28T00:00:00,2030-12-31T23:59:59
AS_NP15_EXP,PGNP_2_PDRP47-APND,AS_NP15_EXP,,2020-09-28T07:00:00-00:00,2031-01-01T07:59:59-00:00,2020-09-28T00:00:00,2030-12-31T23:59:59
AS_NP15_EXP,PGNP_2_PDRP48-APND,AS_NP15_EXP,,2020-09-28T07:00:00-00:00,2031-01-01T07:59:59-00:00,2020-09-28T00:00:00,2030-12-31T23:59:59
AS_NP15_EXP,PGNP_2_PDRP49-APND,AS_NP15_EXP,,2020-09-28T07:00:00-00:00,2031-01-01T07:59:59-00:00,2020-09-28T00:00:00,2030-12-31T23:59:59
AS_NP15_EXP,PGNP_2_PDRP50-APND,AS_NP15_EXP,,2020-04-17T07:00:00-00:00,2031-01-01T07:59:59-00:00,2020-04-17T00:00:00,2030-12-31T23:59:59
AS_NP15_EXP,PGNP_2_PDRP53-APND,AS_NP15_EXP,,2022-11-19T08:00:00-00:00,2031-01-01T07:59:59-00:00,2022-11-19T00:00:00,2030-12-31T23:59:59
AS_NP15_EXP,PGNP_2_PDRP54-APND,AS_NP15_EXP,,2025-12-23T08:00:00-00:00,2031-01-01T07:59:59-00:00,2025-12-23T00:00:00,2030-12-31T23:59:59
AS_NP15_EXP,PGNP_2_PDRP55-APND,AS_NP15_EXP,,2022-03-30T07:00:00-00:00,2031-01-01T07:59:59-00:00,2022-03-30T00:00:00,2030-12-31T23:59:59
AS_NP15_EXP,PGNP_2_PDRP56-APND,AS_NP15_EXP,,2022-03-30T07:00:00-00:00,2031-01-01T07:59:59-00:00,2022-03-30T00:00:00,2030-12-31T23:59:59
AS_NP15_EXP,PGNP_2_PDRP60-APND,AS_NP15_EXP,,2024-05-01T07:00:00-00:00,2031-01-01T07:59:59-00:00,2024-05-01T00:00:00,2030-12-31T23:59:59
AS_NP15_EXP,PGNP_2_RDRR02-APND,AS_NP15_EXP,,2023-01-06T08:00:00-00:00,2031-01-01T07:59:59-00:00,2023-01-06T00:00:00,2030-12-31T23:59:59
AS_NP15_EXP,PGNP_2_RDRR03-APND,AS_NP15_EXP,,2024-06-05T07:00:00-00:00,2031-01-01T07:59:59-00:00,2024-06-05T00:00:00,2030-12-31T23:59:59
AS_NP15_EXP,PGP2_2_PDRP05-APND,AS_NP15_EXP,,2016-05-06T07:00:00-00:00,2031-01-01T07:59:59-00:00,2016-05-06T00:00:00,2030-12-31T23:59:59
AS_NP15_EXP,PGP2_2_PDRP07-APND,AS_NP15_EXP,,2017-07-26T07:00:00-00:00,2031-01-01T07:59:59-00:00,2017-07-26T00:00:00,2030-12-31T23:59:59
AS_NP15_EXP,PGP2_2_PDRP08-APND,AS_NP15_EXP,,2017-01-04T08:00:00-00:00,2031-01-01T07:59:59-00:00,2017-01-04T00:00:00,2030-12-31T23:59:59
AS_NP15_EXP,PGP2_2_PDRP101-APND,AS_NP15_EXP,,2025-07-01T07:00:00-00:00,2031-01-01T07:59:59-00:00,2025-07-01T00:00:00,2030-12-31T23:59:59
AS_NP15_EXP,PGP2_2_PDRP17-APND,AS_NP15_EXP,,2018-01-03T08:00:00-00:00,2031-01-01T07:59:59-00:00,2018-01-03T00:00:00,2030-12-31T23:59:59
AS_NP15_EXP,PGP2_2_PDRP22-APND,AS_NP15_EXP,,2018-04-23T07:00:00-00:00,2031-01-01T07:59:59-00:00,2018-04-23T00:00:00,2030-12-31T23:59:59
AS_NP15_EXP,PGP2_2_PDRP23-APND,AS_NP15_EXP,,2018-04-23T07:00:00-00:00,2031-01-01T07:59:59-00:00,2018-04-23T00:00:00,2030-12-31T23:59:59
AS_NP15_EXP,PGP2_2_PDRP24-APND,AS_NP15_EXP,,2018-04-23T07:00:00-00:00,2031-01-01T07:59:59-00:00,2018-04-23T00:00:00,2030-12-31T23:59:59
AS_NP15_EXP,PGP2_2_PDRP25-APND,AS_NP15_EXP,,2018-04-23T07:00:00-00:00,2031-01-01T07:59:59-00:00,2018-04-23T00:00:00,2030-12-31T23:59:59
AS_NP15_EXP,PGP2_2_PDRP26-APND,AS_NP15_EXP,,2018-04-23T07:00:00-00:00,2031-01-01T07:59:59-00:00,2018-04-23T00:00:00,2030-12-31T23:59:59
AS_NP15_EXP,PGP2_2_PDRP28-APND,AS_NP15_EXP,,2018-05-25T07:00:00-00:00,2031-01-01T07:59:59-00:00,2018-05-25T00:00:00,2030-12-31T23:59:59
AS_NP15_EXP,PGP2_2_PDRP29-APND,AS_NP15_EXP,,2018-05-25T07:00:00-00:00,2031-01-01T07:59:59-00:00,2018-05-25T00:00:00,2030-12-31T23:59:59
AS_NP15_EXP,PGP2_2_PDRP30-APND,AS_NP15_EXP,,2018-05-25T07:00:00-00:00,2031-01-01T07:59:59-00:00,2018-05-25T00:00:00,2030-12-31T23:59:59
AS_NP15_EXP,PGP2_2_PDRP32-APND,AS_NP15_EXP,,2018-10-19T07:00:00-00:00,2031-01-01T07:59:59-00:00,2018-10-19T00:00:00,2030-12-31T23:59:59
AS_NP15_EXP,PGP2_2_PDRP33-APND,AS_NP15_EXP,,2018-10-19T07:00:00-00:00,2031-01-01T07:59:59-00:00,2018-10-19T00:00:00,2030-12-31T23:59:59
AS_NP15_EXP,PGP2_2_PDRP35-APND,AS_NP15_EXP,,2019-01-22T08:00:00-00:00,2031-01-01T07:59:59-00:00,2019-01-22T00:00:00,2030-12-31T23:59:59
AS_NP15_EXP,PGP2_2_PDRP38-APND,AS_NP15_EXP,,2019-03-18T07:00:00-00:00,2031-01-01T07:59:59-00:00,2019-03-18T00:00:00,2030-12-31T23:59:59
AS_NP15_EXP,PGP2_2_PDRP42-APND,AS_NP15_EXP,,2019-09-24T07:00:00-00:00,2031-01-01T07:59:59-00:00,2019-09-24T00:00:00,2030-12-31T23:59:59
AS_NP15_EXP,PGP2_2_PDRP43-APND,AS_NP15_EXP,,2019-06-10T07:00:00-00:00,2031-01-01T07:59:59-00:00,2019-06-10T00:00:00,2030-12-31T23:59:59
AS_NP15_EXP,PGP2_2_PDRP44-APND,AS_NP15_EXP,,2019-06-10T07:00:00-00:00,2031-01-01T07:59:59-00:00,2019-06-10T00:00:00,2030-12-31T23:59:59
AS_NP15_EXP,PGP2_2_PDRP47-APND,AS_NP15_EXP,,2019-06-10T07:00:00-00:00,2031-01-01T07:59:59-00:00,2019-06-10T00:00:00,2030-12-31T23:59:59
AS_NP15_EXP,PGP2_2_PDRP48-APND,AS_NP15_EXP,,2019-06-07T07:00:00-00:00,2031-01-01T07:59:59-00:00,2019-06-07T00:00:00,2030-12-31T23:59:59
AS_NP15_EXP,PGP2_2_PDRP53-APND,AS_NP15_EXP,,2020-04-24T07:00:00-00:00,2031-01-01T07:59:59-00:00,2020-04-24T00:00:00,2030-12-31T23:59:59
AS_NP15_EXP,PGP2_2_PDRP54-APND,AS_NP15_EXP,,2020-04-24T07:00:00-00:00,2031-01-01T07:59:59-00:00,2020-04-24T00:00:00,2030-12-31T23:59:59
AS_NP15_EXP,PGP2_2_PDRP55-APND,AS_NP15_EXP,,2020-04-24T07:00:00-00:00,2031-01-01T07:59:59-00:00,2020-04-24T00:00:00,2030-12-31T23:59:59
AS_NP15_EXP,PGP2_2_PDRP56-APND,AS_NP15_EXP,,2021-06-25T07:00:00-00:00,2031-01-01T07:59:59-00:00,2021-06-25T00:00:00,2030-12-31T23:59:59
AS_NP15_EXP,PGP2_2_PDRP58-APND,AS_NP15_EXP,,2024-05-01T07:00:00-00:00,2031-01-01T07:59:59-00:00,2024-05-01T00:00:00,2030-12-31T23:59:59
AS_NP15_EXP,PGP2_2_PDRP60-APND,AS_NP15_EXP,,2020-03-10T07:00:00-00:00,2031-01-01T07:59:59-00:00,2020-03-10T00:00:00,2030-12-31T23:59:59
AS_NP15_EXP,PGP2_2_PDRP61-APND,AS_NP15_EXP,,2020-03-10T07:00:00-00:00,2031-01-01T07:59:59-00:00,2020-03-10T00:00:00,2030-12-31T23:59:59
AS_NP15_EXP,PGP2_2_PDRP62-APND,AS_NP15_EXP,,2020-03-10T07:00:00-00:00,2031-01-01T07:59:59-00:00,2020-03-10T00:00:00,2030-12-31T23:59:59
AS_NP15_EXP,PGP2_2_PDRP63-APND,AS_NP15_EXP,,2022-12-23T08:00:00-00:00,2031-01-01T07:59:59-00:00,2022-12-23T00:00:00,2030-12-31T23:59:59
AS_NP15_EXP,PGP2_2_PDRP64-APND,AS_NP15_EXP,,2024-07-12T07:00:00-00:00,2031-01-01T07:59:59-00:00,2024-07-12T00:00:00,2030-12-31T23:59:59
AS_NP15_EXP,PGP2_2_PDRP65-APND,AS_NP15_EXP,,2020-09-28T07:00:00-00:00,2031-01-01T07:59:59-00:00,2020-09-28T00:00:00,2030-12-31T23:59:59
AS_NP15_EXP,PGP2_2_PDRP66-APND,AS_NP15_EXP,,2025-12-23T08:00:00-00:00,2031-01-01T07:59:59-00:00,2025-12-23T00:00:00,2030-12-31T23:59:59
AS_NP15_EXP,PGP2_2_PDRP67-APND,AS_NP15_EXP,,2020-09-28T07:00:00-00:00,2031-01-01T07:59:59-00:00,2020-09-28T00:00:00,2030-12-31T23:59:59
AS_NP15_EXP,PGP2_2_PDRP68-APND,AS_NP15_EXP,,2020-09-28T07:00:00-00:00,2031-01-01T07:59:59-00:00,2020-09-28T00:00:00,2030-12-31T23:59:59
AS_NP15_EXP,PGP2_2_PDRP69-APND,AS_NP15_EXP,,2020-09-28T07:00:00-00:00,2031-01-01T07:59:59-00:00,2020-09-28T00:00:00,2030-12-31T23:59:59
AS_NP15_EXP,PGRVEJ_6_B1,AS_NP15_EXP,,2017-08-17T07:00:00-00:00,2031-01-01T07:59:59-00:00,2017-08-17T00:00:00,2030-12-31T23:59:59
AS_NP15_EXP,PGSB_1_PDRP04-APND,AS_NP15_EXP,,2016-05-06T07:00:00-00:00,2031-01-01T07:59:59-00:00,2016-05-06T00:00:00,2030-12-31T23:59:59
AS_NP15_EXP,PGSB_1_PDRP08-APND,AS_NP15_EXP,,2016-09-27T07:00:00-00:00,2031-01-01T07:59:59-00:00,2016-09-27T00:00:00,2030-12-31T23:59:59
AS_NP15_EXP,PGSB_1_PDRP10-APND,AS_NP15_EXP,,2017-01-04T08:00:00-00:00,2031-01-01T07:59:59-00:00,2017-01-04T00:00:00,2030-12-31T23:59:59
AS_NP15_EXP,PGSB_1_PDRP101-APND,AS_NP15_EXP,,2023-02-06T08:00:00-00:00,2031-01-01T07:59:59-00:00,2023-02-06T00:00:00,2030-12-31T23:59:59
AS_NP15_EXP,PGSB_1_PDRP102-APND,AS_NP15_EXP,,2022-11-01T07:00:00-00:00,2031-01-01T07:59:59-00:00,2022-11-01T00:00:00,2030-12-31T23:59:59
AS_NP15_EXP,PGSB_1_PDRP103-APND,AS_NP15_EXP,,2022-11-14T08:00:00-00:00,2031-01-01T07:59:59-00:00,2022-11-14T00:00:00,2030-12-31T23:59:59
AS_NP15_EXP,PGSB_1_PDRP104-APND,AS_NP15_EXP,,2022-12-22T08:00:00-00:00,2031-01-01T07:59:59-00:00,2022-12-22T00:00:00,2030-12-31T23:59:59
AS_NP15_EXP,PGSB_1_PDRP106-APND,AS_NP15_EXP,,2026-02-01T08:00:00-00:00,2031-01-01T07:59:59-00:00,2026-02-01T00:00:00,2030-12-31T23:59:59
AS_NP15_EXP,PGSB_1_PDRP11-APND,AS_NP15_EXP,,2017-01-04T08:00:00-00:00,2031-01-01T07:59:59-00:00,2017-01-04T00:00:00,2030-12-31T23:59:59
AS_NP15_EXP,PGSB_1_PDRP111-APND,AS_NP15_EXP,,2024-07-01T07:00:00-00:00,2031-01-01T07:59:59-00:00,2024-07-01T00:00:00,2030-12-31T23:59:59
AS_NP15_EXP,PGSB_1_PDRP17-APND,AS_NP15_EXP,,2017-10-26T07:00:00-00:00,2031-01-01T07:59:59-00:00,2017-10-26T00:00:00,2030-12-31T23:59:59
AS_NP15_EXP,PGSB_1_PDRP29-APND,AS_NP15_EXP,,2018-03-26T07:00:00-00:00,2031-01-01T07:59:59-00:00,2018-03-26T00:00:00,2030-12-31T23:59:59
AS_NP15_EXP,PGSB_1_PDRP30-APND,AS_NP15_EXP,,2018-03-26T07:00:00-00:00,2031-01-01T07:59:59-00:00,2018-03-26T00:00:00,2030-12-31T23:59:59
AS_NP15_EXP,PGSB_1_PDRP31-APND,AS_NP15_EXP,,2018-03-26T07:00:00-00:00,2031-01-01T07:59:59-00:00,2018-03-26T00:00:00,2030-12-31T23:59:59
AS_NP15_EXP,PGSB_1_PDRP32-APND,AS_NP15_EXP,,2018-04-23T07:00:00-00:00,2031-01-01T07:59:59-00:00,2018-04-23T00:00:00,2030-12-31T23:59:59
AS_NP15_EXP,PGSB_1_PDRP33-APND,AS_NP15_EXP,,2018-04-23T07:00:00-00:00,2031-01-01T07:59:59-00:00,2018-04-23T00:00:00,2030-12-31T23:59:59
AS_NP15_EXP,PGSB_1_PDRP34-APND,AS_NP15_EXP,,2018-04-23T07:00:00-00:00,2031-01-01T07:59:59-00:00,2018-04-23T00:00:00,2030-12-31T23:59:59
AS_NP15_EXP,PGSB_1_PDRP35-APND,AS_NP15_EXP,,2018-04-23T07:00:00-00:00,2031-01-01T07:59:59-00:00,2018-04-23T00:00:00,2030-12-31T23:59:59
AS_NP15_EXP,PGSB_1_PDRP36-APND,AS_NP15_EXP,,2018-04-23T07:00:00-00:00,2031-01-01T07:59:59-00:00,2018-04-23T00:00:00,2030-12-31T23:59:59
AS_NP15_EXP,PGSB_1_PDRP42-APND,AS_NP15_EXP,,2018-05-25T07:00:00-00:00,2031-01-01T07:59:59-00:00,2018-05-25T00:00:00,2030-12-31T23:59:59
AS_NP15_EXP,PGSB_1_PDRP43-APND,AS_NP15_EXP,,2018-05-25T07:00:00-00:00,2031-01-01T07:59:59-00:00,2018-05-25T00:00:00,2030-12-31T23:59:59
AS_NP15_EXP,PGSB_1_PDRP44-APND,AS_NP15_EXP,,2018-05-25T07:00:00-00:00,2031-01-01T07:59:59-00:00,2018-05-25T00:00:00,2030-12-31T23:59:59
AS_NP15_EXP,PGSB_1_PDRP45-APND,AS_NP15_EXP,,2018-05-25T07:00:00-00:00,2031-01-01T07:59:59-00:00,2018-05-25T00:00:00,2030-12-31T23:59:59
AS_NP15_EXP,PGSB_1_PDRP46-APND,AS_NP15_EXP,,2018-10-19T07:00:00-00:00,2031-01-01T07:59:59-00:00,2018-10-19T00:00:00,2030-12-31T23:59:59
AS_NP15_EXP,PGSB_1_PDRP47-APND,AS_NP15_EXP,,2018-10-19T07:00:00-00:00,2031-01-01T07:59:59-00:00,2018-10-19T00:00:00,2030-12-31T23:59:59
AS_NP15_EXP,PGSB_1_PDRP48-APND,AS_NP15_EXP,,2018-10-19T07:00:00-00:00,2031-01-01T07:59:59-00:00,2018-10-19T00:00:00,2030-12-31T23:59:59
AS_NP15_EXP,PGSB_1_PDRP49-APND,AS_NP15_EXP,,2018-10-19T07:00:00-00:00,2031-01-01T07:59:59-00:00,2018-10-19T00:00:00,2030-12-31T23:59:59
AS_NP15_EXP,PGSB_1_PDRP50-APND,AS_NP15_EXP,,2018-10-19T07:00:00-00:00,2031-01-01T07:59:59-00:00,2018-10-19T00:00:00,2030-12-31T23:59:59
AS_NP15_EXP,PGSB_1_PDRP51-APND,AS_NP15_EXP,,2018-10-19T07:00:00-00:00,2031-01-01T07:59:59-00:00,2018-10-19T00:00:00,2030-12-31T23:59:59
AS_NP15_EXP,PGSB_1_PDRP52-APND,AS_NP15_EXP,,2018-10-19T07:00:00-00:00,2031-01-01T07:59:59-00:00,2018-10-19T00:00:00,2030-12-31T23:59:59
AS_NP15_EXP,PGSB_1_PDRP53-APND,AS_NP15_EXP,,2018-10-19T07:00:00-00:00,2031-01-01T07:59:59-00:00,2018-10-19T00:00:00,2030-12-31T23:59:59
AS_NP15_EXP,PGSB_1_PDRP54-APND,AS_NP15_EXP,,2018-10-19T07:00:00-00:00,2031-01-01T07:59:59-00:00,2018-10-19T00:00:00,2030-12-31T23:59:59
AS_NP15_EXP,PGSB_1_PDRP55-APND,AS_NP15_EXP,,2018-10-19T07:00:00-00:00,2031-01-01T07:59:59-00:00,2018-10-19T00:00:00,2030-12-31T23:59:59
AS_NP15_EXP,PGSB_1_PDRP56-APND,AS_NP15_EXP,,2018-10-19T07:00:00-00:00,2031-01-01T07:59:59-00:00,2018-10-19T00:00:00,2030-12-31T23:59:59
AS_NP15_EXP,PGSB_1_PDRP57-APND,AS_NP15_EXP,,2018-10-19T07:00:00-00:00,2031-01-01T07:59:59-00:00,2018-10-19T00:00:00,2030-12-31T23:59:59
AS_NP15_EXP,PGSB_1_PDRP58-APND,AS_NP15_EXP,,2018-10-19T07:00:00-00:00,2031-01-01T07:59:59-00:00,2018-10-19T00:00:00,2030-12-31T23:59:59
AS_NP15_EXP,PGSB_1_PDRP60-APND,AS_NP15_EXP,,2018-12-27T08:00:00-00:00,2031-01-01T07:59:59-00:00,2018-12-27T00:00:00,2030-12-31T23:59:59
AS_NP15_EXP,PGSB_1_PDRP63-APND,AS_NP15_EXP,,2020-05-19T07:00:00-00:00,2031-01-01T07:59:59-00:00,2020-05-19T00:00:00,2030-12-31T23:59:59
AS_NP15_EXP,PGSB_1_PDRP64-APND,AS_NP15_EXP,,2020-04-17T07:00:00-00:00,2031-01-01T07:59:59-00:00,2020-04-17T00:00:00,2030-12-31T23:59:59
AS_NP15_EXP,PGSB_1_PDRP66-APND,AS_NP15_EXP,,2020-09-28T07:00:00-00:00,2031-01-01T07:59:59-00:00,2020-09-28T00:00:00,2030-12-31T23:59:59
AS_NP15_EXP,PGSB_1_PDRP67-APND,AS_NP15_EXP,,2020-09-28T07:00:00-00:00,2031-01-01T07:59:59-00:00,2020-09-28T00:00:00,2030-12-31T23:59:59
AS_NP15_EXP,PGSB_1_PDRP68-APND,AS_NP15_EXP,,2018-11-13T08:00:00-00:00,2031-01-01T07:59:59-00:00,2018-11-13T00:00:00,2030-12-31T23:59:59
AS_NP15_EXP,PGSB_1_PDRP69-APND,AS_NP15_EXP,,2019-06-10T07:00:00-00:00,2031-01-01T07:59:59-00:00,2019-06-10T00:00:00,2030-12-31T23:59:59
AS_NP15_EXP,PGSB_1_PDRP70-APND,AS_NP15_EXP,,2019-06-10T07:00:00-00:00,2031-01-01T07:59:59-00:00,2019-06-10T00:00:00,2030-12-31T23:59:59
AS_NP15_EXP,PGSB_1_PDRP71-APND,AS_NP15_EXP,,2019-09-24T07:00:00-00:00,2031-01-01T07:59:59-00:00,2019-09-24T00:00:00,2030-12-31T23:59:59
AS_NP15_EXP,PGSB_1_PDRP72-APND,AS_NP15_EXP,,2020-09-28T07:00:00-00:00,2031-01-01T07:59:59-00:00,2020-09-28T00:00:00,2030-12-31T23:59:59
AS_NP15_EXP,PGSB_1_PDRP73-APND,AS_NP15_EXP,,2019-06-10T07:00:00-00:00,2031-01-01T07:59:59-00:00,2019-06-10T00:00:00,2030-12-31T23:59:59
AS_NP15_EXP,PGSB_1_PDRP74-APND,AS_NP15_EXP,,2019-05-31T07:00:00-00:00,2031-01-01T07:59:59-00:00,2019-05-31T00:00:00,2030-12-31T23:59:59
AS_NP15_EXP,PGSB_1_PDRP76-APND,AS_NP15_EXP,,2019-05-30T07:00:00-00:00,2031-01-01T07:59:59-00:00,2019-05-30T00:00:00,2030-12-31T23:59:59
AS_NP15_EXP,PGSB_1_PDRP77-APND,AS_NP15_EXP,,2019-05-30T07:00:00-00:00,2031-01-01T07:59:59-00:00,2019-05-30T00:00:00,2030-12-31T23:59:59
AS_NP15_EXP,PGSB_1_PDRP78-APND,AS_NP15_EXP,,2020-04-17T07:00:00-00:00,2031-01-01T07:59:59-00:00,2020-04-17T00:00:00,2030-12-31T23:59:59
AS_NP15_EXP,PGSB_1_PDRP83-APND,AS_NP15_EXP,,2022-12-22T08:00:00-00:00,2031-01-01T07:59:59-00:00,2022-12-22T00:00:00,2030-12-31T23:59:59
AS_NP15_EXP,PGSB_1_PDRP87-APND,AS_NP15_EXP,,2020-06-01T07:00:00-00:00,2031-01-01T07:59:59-00:00,2020-06-01T00:00:00,2030-12-31T23:59:59
AS_NP15_EXP,PGSB_1_PDRP89-APND,AS_NP15_EXP,,2020-04-24T07:00:00-00:00,2031-01-01T07:59:59-00:00,2020-04-24T00:00:00,2030-12-31T23:59:59
AS_NP15_EXP,PGSB_1_PDRP90-APND,AS_NP15_EXP,,2020-03-10T07:00:00-00:00,2031-01-01T07:59:59-00:00,2020-03-10T00:00:00,2030-12-31T23:59:59
AS_NP15_EXP,PGSB_1_PDRP91-APND,AS_NP15_EXP,,2020-03-10T07:00:00-00:00,2031-01-01T07:59:59-00:00,2020-03-10T00:00:00,2030-12-31T23:59:59
AS_NP15_EXP,PGSB_1_PDRP92-APND,AS_NP15_EXP,,2020-03-10T07:00:00-00:00,2031-01-01T07:59:59-00:00,2020-03-10T00:00:00,2030-12-31T23:59:59
AS_NP15_EXP,PGSB_1_PDRP93-APND,AS_NP15_EXP,,2020-03-10T07:00:00-00:00,2031-01-01T07:59:59-00:00,2020-03-10T00:00:00,2030-12-31T23:59:59
AS_NP15_EXP,PGSB_1_PDRP94-APND,AS_NP15_EXP,,2020-03-10T07:00:00-00:00,2031-01-01T07:59:59-00:00,2020-03-10T00:00:00,2030-12-31T23:59:59
AS_NP15_EXP,PGSB_1_PDRP95-APND,AS_NP15_EXP,,2020-04-17T07:00:00-00:00,2031-01-01T07:59:59-00:00,2020-04-17T00:00:00,2030-12-31T23:59:59
AS_NP15_EXP,PGSB_1_PDRP96-APND,AS_NP15_EXP,,2020-04-17T07:00:00-00:00,2031-01-01T07:59:59-00:00,2020-04-17T00:00:00,2030-12-31T23:59:59
AS_NP15_EXP,PGSB_1_PDRP97-APND,AS_NP15_EXP,,2022-11-19T08:00:00-00:00,2031-01-01T07:59:59-00:00,2022-11-19T00:00:00,2030-12-31T23:59:59
AS_NP15_EXP,PGSB_1_PDRP99-APND,AS_NP15_EXP,,2025-12-23T08:00:00-00:00,2031-01-01T07:59:59-00:00,2025-12-23T00:00:00,2030-12-31T23:59:59
AS_NP15_EXP,PGSB_1_PDRPCON01-APND,AS_NP15_EXP,,2023-05-15T07:00:00-00:00,2031-01-01T07:59:59-00:00,2023-05-15T00:00:00,2030-12-31T23:59:59
AS_NP15_EXP,PGSB_1_PDRPCUR01-APND,AS_NP15_EXP,,2023-05-15T07:00:00-00:00,2031-01-01T07:59:59-00:00,2023-05-15T00:00:00,2030-12-31T23:59:59
AS_NP15_EXP,PGSB_1_RDRR02-APND,AS_NP15_EXP,,2023-01-06T08:00:00-00:00,2031-01-01T07:59:59-00:00,2023-01-06T00:00:00,2030-12-31T23:59:59
AS_NP15_EXP,PGSF_2_PDRP03-APND,AS_NP15_EXP,,2016-05-09T07:00:00-00:00,2031-01-01T07:59:59-00:00,2016-05-09T00:00:00,2030-12-31T23:59:59
AS_NP15_EXP,PGSF_2_PDRP04-APND,AS_NP15_EXP,,2016-09-27T07:00:00-00:00,2031-01-01T07:59:59-00:00,2016-09-27T00:00:00,2030-12-31T23:59:59
AS_NP15_EXP,PGSF_2_PDRP08-APND,AS_NP15_EXP,,2017-01-04T08:00:00-00:00,2031-01-01T07:59:59-00:00,2017-01-04T00:00:00,2030-12-31T23:59:59
AS_NP15_EXP,PGSF_2_PDRP100-APND,AS_NP15_EXP,,2024-05-01T07:00:00-00:00,2031-01-01T07:59:59-00:00,2024-05-01T00:00:00,2030-12-31T23:59:59
AS_NP15_EXP,PGSF_2_PDRP12-APND,AS_NP15_EXP,,2017-07-26T07:00:00-00:00,2031-01-01T07:59:59-00:00,2017-07-26T00:00:00,2030-12-31T23:59:59
AS_NP15_EXP,PGSF_2_PDRP18-APND,AS_NP15_EXP,,2018-01-03T08:00:00-00:00,2031-01-01T07:59:59-00:00,2018-01-03T00:00:00,2030-12-31T23:59:59
AS_NP15_EXP,PGSF_2_PDRP19-APND,AS_NP15_EXP,,2018-03-26T07:00:00-00:00,2031-01-01T07:59:59-00:00,2018-03-26T00:00:00,2030-12-31T23:59:59
AS_NP15_EXP,PGSF_2_PDRP20-APND,AS_NP15_EXP,,2018-04-23T07:00:00-00:00,2031-01-01T07:59:59-00:00,2018-04-23T00:00:00,2030-12-31T23:59:59
AS_NP15_EXP,PGSF_2_PDRP21-APND,AS_NP15_EXP,,2018-04-23T07:00:00-00:00,2031-01-01T07:59:59-00:00,2018-04-23T00:00:00,2030-12-31T23:59:59
AS_NP15_EXP,PGSF_2_PDRP22-APND,AS_NP15_EXP,,2018-04-23T07:00:00-00:00,2031-01-01T07:59:59-00:00,2018-04-23T00:00:00,2030-12-31T23:59:59
AS_NP15_EXP,PGSF_2_PDRP23-APND,AS_NP15_EXP,,2018-04-23T07:00:00-00:00,2031-01-01T07:59:59-00:00,2018-04-23T00:00:00,2030-12-31T23:59:59
AS_NP15_EXP,PGSF_2_PDRP26-APND,AS_NP15_EXP,,2018-05-25T07:00:00-00:00,2031-01-01T07:59:59-00:00,2018-05-25T00:00:00,2030-12-31T23:59:59
AS_NP15_EXP,PGSF_2_PDRP27-APND,AS_NP15_EXP,,2018-05-25T07:00:00-00:00,2031-01-01T07:59:59-00:00,2018-05-25T00:00:00,2030-12-31T23:59:59
AS_NP15_EXP,PGSF_2_PDRP28-APND,AS_NP15_EXP,,2018-05-25T07:00:00-00:00,2031-01-01T07:59:59-00:00,2018-05-25T00:00:00,2030-12-31T23:59:59
AS_NP15_EXP,PGSF_2_PDRP29-APND,AS_NP15_EXP,,2018-05-25T07:00:00-00:00,2031-01-01T07:59:59-00:00,2018-05-25T00:00:00,2030-12-31T23:59:59
AS_NP15_EXP,PGSF_2_PDRP33-APND,AS_NP15_EXP,,2018-12-27T08:00:00-00:00,2031-01-01T07:59:59-00:00,2018-12-27T00:00:00,2030-12-31T23:59:59
AS_NP15_EXP,PGSF_2_PDRP34-APND,AS_NP15_EXP,,2019-02-28T08:00:00-00:00,2031-01-01T07:59:59-00:00,2019-02-28T00:00:00,2030-12-31T23:59:59
AS_NP15_EXP,PGSF_2_PDRP35-APND,AS_NP15_EXP,,2019-02-28T08:00:00-00:00,2031-01-01T07:59:59-00:00,2019-02-28T00:00:00,2030-12-31T23:59:59
AS_NP15_EXP,PGSF_2_PDRP36-APND,AS_NP15_EXP,,2020-09-28T07:00:00-00:00,2031-01-01T07:59:59-00:00,2020-09-28T00:00:00,2030-12-31T23:59:59
AS_NP15_EXP,PGSF_2_PDRP37-APND,AS_NP15_EXP,,2020-09-28T07:00:00-00:00,2031-01-01T07:59:59-00:00,2020-09-28T00:00:00,2030-12-31T23:59:59
AS_NP15_EXP,PGSF_2_PDRP38-APND,AS_NP15_EXP,,2020-09-28T07:00:00-00:00,2031-01-01T07:59:59-00:00,2020-09-28T00:00:00,2030-12-31T23:59:59
AS_NP15_EXP,PGSF_2_PDRP39-APND,AS_NP15_EXP,,2022-12-22T08:00:00-00:00,2031-01-01T07:59:59-00:00,2022-12-22T00:00:00,2030-12-31T23:59:59
AS_NP15_EXP,PGSF_2_PDRP46-APND,AS_NP15_EXP,,2019-09-24T07:00:00-00:00,2031-01-01T07:59:59-00:00,2019-09-24T00:00:00,2030-12-31T23:59:59
AS_NP15_EXP,PGSF_2_PDRP49-APND,AS_NP15_EXP,,2020-06-01T07:00:00-00:00,2031-01-01T07:59:59-00:00,2020-06-01T00:00:00,2030-12-31T23:59:59
AS_NP15_EXP,PGSF_2_PDRP50-APND,AS_NP15_EXP,,2025-03-01T08:00:00-00:00,2031-01-01T07:59:59-00:00,2025-03-01T00:00:00,2030-12-31T23:59:59
AS_NP15_EXP,PGSF_2_PDRP51-APND,AS_NP15_EXP,,2020-03-10T07:00:00-00:00,2031-01-01T07:59:59-00:00,2020-03-10T00:00:00,2030-12-31T23:59:59
AS_NP15_EXP,PGSF_2_PDRP52-APND,AS_NP15_EXP,,2020-03-10T07:00:00-00:00,2031-01-01T07:59:59-00:00,2020-03-10T00:00:00,2030-12-31T23:59:59
AS_NP15_EXP,PGSF_2_PDRP53-APND,AS_NP15_EXP,,2020-03-10T07:00:00-00:00,2031-01-01T07:59:59-00:00,2020-03-10T00:00:00,2030-12-31T23:59:59
AS_NP15_EXP,PGSF_2_PDRP54-APND,AS_NP15_EXP,,2020-03-10T07:00:00-00:00,2031-01-01T07:59:59-00:00,2020-03-10T00:00:00,2030-12-31T23:59:59
AS_NP15_EXP,PGSF_2_PDRP56-APND,AS_NP15_EXP,,2022-11-01T07:00:00-00:00,2031-01-01T07:59:59-00:00,2022-11-01T00:00:00,2030-12-31T23:59:59
AS_NP15_EXP,PGSF_2_PDRP57-APND,AS_NP15_EXP,,2022-11-01T07:00:00-00:00,2031-01-01T07:59:59-00:00,2022-11-01T00:00:00,2030-12-31T23:59:59
AS_NP15_EXP,PGSF_2_PDRP58-APND,AS_NP15_EXP,,2022-11-19T08:00:00-00:00,2031-01-01T07:59:59-00:00,2022-11-19T00:00:00,2030-12-31T23:59:59
AS_NP15_EXP,PGSF_2_RDRR01-APND,AS_NP15_EXP,,2025-11-01T07:00:00-00:00,2031-01-01T07:59:59-00:00,2025-11-01T00:00:00,2030-12-31T23:59:59
AS_NP15_EXP,PGSI_1_PDRP02-APND,AS_NP15_EXP,,2017-01-01T08:00:00-00:00,2031-01-01T07:59:59-00:00,2017-01-01T00:00:00,2030-12-31T23:59:59
AS_NP15_EXP,PGSI_1_PDRP09-APND,AS_NP15_EXP,,2018-03-26T07:00:00-00:00,2031-01-01T07:59:59-00:00,2018-03-26T00:00:00,2030-12-31T23:59:59
AS_NP15_EXP,PGSI_1_PDRP10-APND,AS_NP15_EXP,,2018-03-26T07:00:00-00:00,2031-01-01T07:59:59-00:00,2018-03-26T00:00:00,2030-12-31T23:59:59
AS_NP15_EXP,PGSI_1_PDRP100-APND,AS_NP15_EXP,,2024-05-01T07:00:00-00:00,2031-01-01T07:59:59-00:00,2024-05-01T00:00:00,2030-12-31T23:59:59
AS_NP15_EXP,PGSI_1_PDRP101-APND,AS_NP15_EXP,,2025-02-03T08:00:00-00:00,2031-01-01T07:59:59-00:00,2025-02-03T00:00:00,2030-12-31T23:59:59
AS_NP15_EXP,PGSI_1_PDRP11-APND,AS_NP15_EXP,,2018-04-23T07:00:00-00:00,2031-01-01T07:59:59-00:00,2018-04-23T00:00:00,2030-12-31T23:59:59
AS_NP15_EXP,PGSI_1_PDRP12-APND,AS_NP15_EXP,,2018-04-23T07:00:00-00:00,2031-01-01T07:59:59-00:00,2018-04-23T00:00:00,2030-12-31T23:59:59
AS_NP15_EXP,PGSI_1_PDRP15-APND,AS_NP15_EXP,,2018-05-25T07:00:00-00:00,2031-01-01T07:59:59-00:00,2018-05-25T00:00:00,2030-12-31T23:59:59
AS_NP15_EXP,PGSI_1_PDRP16-APND,AS_NP15_EXP,,2018-05-25T07:00:00-00:00,2031-01-01T07:59:59-00:00,2018-05-25T00:00:00,2030-12-31T23:59:59
AS_NP15_EXP,PGSI_1_PDRP17-APND,AS_NP15_EXP,,2018-05-25T07:00:00-00:00,2031-01-01T07:59:59-00:00,2018-05-25T00:00:00,2030-12-31T23:59:59
AS_NP15_EXP,PGSI_1_PDRP20-APND,AS_NP15_EXP,,2018-10-19T07:00:00-00:00,2031-01-01T07:59:59-00:00,2018-10-19T00:00:00,2030-12-31T23:59:59
AS_NP15_EXP,PGSI_1_PDRP21-APND,AS_NP15_EXP,,2018-10-19T07:00:00-00:00,2031-01-01T07:59:59-00:00,2018-10-19T00:00:00,2030-12-31T23:59:59
AS_NP15_EXP,PGSI_1_PDRP22-APND,AS_NP15_EXP,,2018-10-19T07:00:00-00:00,2031-01-01T07:59:59-00:00,2018-10-19T00:00:00,2030-12-31T23:59:59
AS_NP15_EXP,PGSI_1_PDRP23-APND,AS_NP15_EXP,,2018-10-19T07:00:00-00:00,2031-01-01T07:59:59-00:00,2018-10-19T00:00:00,2030-12-31T23:59:59
AS_NP15_EXP,PGSI_1_PDRP24-APND,AS_NP15_EXP,,2018-10-19T07:00:00-00:00,2031-01-01T07:59:59-00:00,2018-10-19T00:00:00,2030-12-31T23:59:59
AS_NP15_EXP,PGSI_1_PDRP25-APND,AS_NP15_EXP,,2018-10-19T07:00:00-00:00,2031-01-01T07:59:59-00:00,2018-10-19T00:00:00,2030-12-31T23:59:59
AS_NP15_EXP,PGSI_1_PDRP26-APND,AS_NP15_EXP,,2018-10-19T07:00:00-00:00,2031-01-01T07:59:59-00:00,2018-10-19T00:00:00,2030-12-31T23:59:59
AS_NP15_EXP,PGSI_1_PDRP27-APND,AS_NP15_EXP,,2018-10-19T07:00:00-00:00,2031-01-01T07:59:59-00:00,2018-10-19T00:00:00,2030-12-31T23:59:59
AS_NP15_EXP,PGSI_1_PDRP28-APND,AS_NP15_EXP,,2018-10-19T07:00:00-00:00,2031-01-01T07:59:59-00:00,2018-10-19T00:00:00,2030-12-31T23:59:59
AS_NP15_EXP,PGSI_1_PDRP29-APND,AS_NP15_EXP,,2018-10-19T07:00:00-00:00,2031-01-01T07:59:59-00:00,2018-10-19T00:00:00,2030-12-31T23:59:59
AS_NP15_EXP,PGSI_1_PDRP31-APND,AS_NP15_EXP,,2018-12-27T08:00:00-00:00,2031-01-01T07:59:59-00:00,2018-12-27T00:00:00,2030-12-31T23:59:59
AS_NP15_EXP,PGSI_1_PDRP33-APND,AS_NP15_EXP,,2019-06-07T07:00:00-00:00,2031-01-01T07:59:59-00:00,2019-06-07T00:00:00,2030-12-31T23:59:59
AS_NP15_EXP,PGSI_1_PDRP35-APND,AS_NP15_EXP,,2020-09-28T07:00:00-00:00,2031-01-01T07:59:59-00:00,2020-09-28T00:00:00,2030-12-31T23:59:59
AS_NP15_EXP,PGSI_1_PDRP36-APND,AS_NP15_EXP,,2020-09-28T07:00:00-00:00,2031-01-01T07:59:59-00:00,2020-09-28T00:00:00,2030-12-31T23:59:59
AS_NP15_EXP,PGSI_1_PDRP37-APND,AS_NP15_EXP,,2020-09-28T07:00:00-00:00,2031-01-01T07:59:59-00:00,2020-09-28T00:00:00,2030-12-31T23:59:59
AS_NP15_EXP,PGSI_1_PDRP40-APND,AS_NP15_EXP,,2020-03-10T07:00:00-00:00,2031-01-01T07:59:59-00:00,2020-03-10T00:00:00,2030-12-31T23:59:59
AS_NP15_EXP,PGSI_1_PDRP42-APND,AS_NP15_EXP,,2020-03-10T07:00:00-00:00,2031-01-01T07:59:59-00:00,2020-03-10T00:00:00,2030-12-31T23:59:59
AS_NP15_EXP,PGSI_1_PDRP43-APND,AS_NP15_EXP,,2020-03-10T07:00:00-00:00,2031-01-01T07:59:59-00:00,2020-03-10T00:00:00,2030-12-31T23:59:59
AS_NP15_EXP,PGSI_1_PDRP44-APND,AS_NP15_EXP,,2020-03-10T07:00:00-00:00,2031-01-01T07:59:59-00:00,2020-03-10T00:00:00,2030-12-31T23:59:59
AS_NP15_EXP,PGSI_1_PDRP45-APND,AS_NP15_EXP,,2020-04-24T07:00:00-00:00,2031-01-01T07:59:59-00:00,2020-04-24T00:00:00,2030-12-31T23:59:59
AS_NP15_EXP,PGSI_1_PDRP46-APND,AS_NP15_EXP,,2020-05-19T07:00:00-00:00,2031-01-01T07:59:59-00:00,2020-05-19T00:00:00,2030-12-31T23:59:59
AS_NP15_EXP,PGSI_1_PDRP48-APND,AS_NP15_EXP,,2020-09-28T07:00:00-00:00,2031-01-01T07:59:59-00:00,2020-09-28T00:00:00,2030-12-31T23:59:59
AS_NP15_EXP,PGSI_1_PDRP49-APND,AS_NP15_EXP,,2020-09-28T07:00:00-00:00,2031-01-01T07:59:59-00:00,2020-09-28T00:00:00,2030-12-31T23:59:59
AS_NP15_EXP,PGSI_1_PDRP52-APND,AS_NP15_EXP,,2025-12-23T08:00:00-00:00,2031-01-01T07:59:59-00:00,2025-12-23T00:00:00,2030-12-31T23:59:59
AS_NP15_EXP,PGSI_1_PDRP59-APND,AS_NP15_EXP,,2024-03-01T08:00:00-00:00,2031-01-01T07:59:59-00:00,2024-03-01T00:00:00,2030-12-31T23:59:59
AS_NP15_EXP,PGSI_1_RDRR02-APND,AS_NP15_EXP,,2023-01-06T08:00:00-00:00,2031-01-01T07:59:59-00:00,2023-01-06T00:00:00,2030-12-31T23:59:59
AS_NP15_EXP,PGSI_1_RDRR03-APND,AS_NP15_EXP,,2025-09-22T07:00:00-00:00,2031-01-01T07:59:59-00:00,2025-09-22T00:00:00,2030-12-31T23:59:59
AS_NP15_EXP,PGST_2_PDRP01-APND,AS_NP15_EXP,,2016-05-06T07:00:00-00:00,2031-01-01T07:59:59-00:00,2016-05-06T00:00:00,2030-12-31T23:59:59
AS_NP15_EXP,PGST_2_PDRP03-APND,AS_NP15_EXP,,2017-01-04T08:00:00-00:00,2031-01-01T07:59:59-00:00,2017-01-04T00:00:00,2030-12-31T23:59:59
AS_NP15_EXP,PGST_2_PDRP07-APND,AS_NP15_EXP,,2018-04-23T07:00:00-00:00,2031-01-01T07:59:59-00:00,2018-04-23T00:00:00,2030-12-31T23:59:59
AS_NP15_EXP,PGST_2_PDRP08-APND,AS_NP15_EXP,,2018-04-23T07:00:00-00:00,2031-01-01T07:59:59-00:00,2018-04-23T00:00:00,2030-12-31T23:59:59
AS_NP15_EXP,PGST_2_PDRP09-APND,AS_NP15_EXP,,2018-05-25T07:00:00-00:00,2031-01-01T07:59:59-00:00,2018-05-25T00:00:00,2030-12-31T23:59:59
AS_NP15_EXP,PGST_2_PDRP10-APND,AS_NP15_EXP,,2018-05-25T07:00:00-00:00,2031-01-01T07:59:59-00:00,2018-05-25T00:00:00,2030-12-31T23:59:59
AS_NP15_EXP,PGST_2_PDRP11-APND,AS_NP15_EXP,,2018-05-25T07:00:00-00:00,2031-01-01T07:59:59-00:00,2018-05-25T00:00:00,2030-12-31T23:59:59
AS_NP15_EXP,PGST_2_PDRP13-APND,AS_NP15_EXP,,2018-10-22T07:00:00-00:00,2031-01-01T07:59:59-00:00,2018-10-22T00:00:00,2030-12-31T23:59:59
AS_NP15_EXP,PGST_2_PDRP14-APND,AS_NP15_EXP,,2018-10-22T07:00:00-00:00,2031-01-01T07:59:59-00:00,2018-10-22T00:00:00,2030-12-31T23:59:59
AS_NP15_EXP,PGST_2_PDRP15-APND,AS_NP15_EXP,,2018-10-22T07:00:00-00:00,2031-01-01T07:59:59-00:00,2018-10-22T00:00:00,2030-12-31T23:59:59
AS_NP15_EXP,PGST_2_PDRP16-APND,AS_NP15_EXP,,2019-03-29T07:00:00-00:00,2031-01-01T07:59:59-00:00,2019-03-29T00:00:00,2030-12-31T23:59:59
AS_NP15_EXP,PGST_2_PDRP17-APND,AS_NP15_EXP,,2019-05-30T07:00:00-00:00,2031-01-01T07:59:59-00:00,2019-05-30T00:00:00,2030-12-31T23:59:59
AS_NP15_EXP,PGST_2_PDRP30-APND,AS_NP15_EXP,,2020-03-10T07:00:00-00:00,2031-01-01T07:59:59-00:00,2020-03-10T00:00:00,2030-12-31T23:59:59
AS_NP15_EXP,PGST_2_PDRP31-APND,AS_NP15_EXP,,2020-03-10T07:00:00-00:00,2031-01-01T07:59:59-00:00,2020-03-10T00:00:00,2030-12-31T23:59:59
AS_NP15_EXP,PGST_2_PDRP32-APND,AS_NP15_EXP,,2020-03-10T07:00:00-00:00,2031-01-01T07:59:59-00:00,2020-03-10T00:00:00,2030-12-31T23:59:59
AS_NP15_EXP,PGST_2_PDRP33-APND,AS_NP15_EXP,,2020-03-10T07:00:00-00:00,2031-01-01T07:59:59-00:00,2020-03-10T00:00:00,2030-12-31T23:59:59
AS_NP15_EXP,PGST_2_PDRP34-APND,AS_NP15_EXP,,2020-03-10T07:00:00-00:00,2031-01-01T07:59:59-00:00,2020-03-10T00:00:00,2030-12-31T23:59:59
AS_NP15_EXP,PGST_2_PDRP35-APND,AS_NP15_EXP,,2020-09-28T07:00:00-00:00,2031-01-01T07:59:59-00:00,2020-09-28T00:00:00,2030-12-31T23:59:59
AS_NP15_EXP,PGST_2_PDRP36-APND,AS_NP15_EXP,,2020-09-28T07:00:00-00:00,2031-01-01T07:59:59-00:00,2020-09-28T00:00:00,2030-12-31T23:59:59
AS_NP15_EXP,PGST_2_PDRP37-APND,AS_NP15_EXP,,2020-09-28T07:00:00-00:00,2031-01-01T07:59:59-00:00,2020-09-28T00:00:00,2030-12-31T23:59:59
AS_NP15_EXP,PGST_2_PDRP38-APND,AS_NP15_EXP,,2022-05-26T07:00:00-00:00,2031-01-01T07:59:59-00:00,2022-05-26T00:00:00,2030-12-31T23:59:59
AS_NP15_EXP,PGST_2_PDRP39-APND,AS_NP15_EXP,,2020-09-28T07:00:00-00:00,2031-01-01T07:59:59-00:00,2020-09-28T00:00:00,2030-12-31T23:59:59
AS_NP15_EXP,PGST_2_PDRP40-APND,AS_NP15_EXP,,2024-06-01T07:00:00-00:00,2031-01-01T07:59:59-00:00,2024-06-01T00:00:00,2030-12-31T23:59:59
AS_NP15_EXP,PGST_2_PDRP49-APND,AS_NP15_EXP,,2025-12-23T08:00:00-00:00,2031-01-01T07:59:59-00:00,2025-12-23T00:00:00,2030-12-31T23:59:59
AS_NP15_EXP,PGST_2_RDRR01-APND,AS_NP15_EXP,,2023-01-06T08:00:00-00:00,2031-01-01T07:59:59-00:00,2023-01-06T00:00:00,2030-12-31T23:59:59
AS_NP15_EXP,PHILLIPS_1_N001,AS_NP15_EXP,,2009-03-31T07:00:00-00:00,2031-01-01T07:59:59-00:00,2009-03-31T00:00:00,2030-12-31T23:59:59
AS_NP15_EXP,PHILO_6_N001,AS_NP15_EXP,,2009-03-31T07:00:00-00:00,2031-01-01T07:59:59-00:00,2009-03-31T00:00:00,2030-12-31T23:59:59
AS_NP15_EXP,PHOENIX_7_N001,AS_NP15_EXP,,2025-05-13T07:00:00-00:00,2031-01-01T07:59:59-00:00,2025-05-13T00:00:00,2030-12-31T23:59:59
AS_NP15_EXP,PIERCY_1_N201,AS_NP15_EXP,,2009-03-31T07:00:00-00:00,2031-01-01T07:59:59-00:00,2009-03-31T00:00:00,2030-12-31T23:59:59
AS_NP15_EXP,PIKECTY_6_N001,AS_NP15_EXP,,2009-03-31T07:00:00-00:00,2031-01-01T07:59:59-00:00,2009-03-31T00:00:00,2030-12-31T23:59:59
AS_NP15_EXP,PINEFLT_2_B1,AS_NP15_EXP,,2017-08-17T07:00:00-00:00,2031-01-01T07:59:59-00:00,2017-08-17T00:00:00,2030-12-31T23:59:59
AS_NP15_EXP,PINEFLT_7_B1,AS_NP15_EXP,,2009-03-31T07:00:00-00:00,2031-01-01T07:59:59-00:00,2009-03-31T00:00:00,2030-12-31T23:59:59
AS_NP15_EXP,PINEFLT_7_B3,AS_NP15_EXP,,2009-03-31T07:00:00-00:00,2031-01-01T07:59:59-00:00,2009-03-31T00:00:00,2030-12-31T23:59:59
AS_NP15_EXP,PINEFLT_7_B4,AS_NP15_EXP,,2009-03-31T07:00:00-00:00,2031-01-01T07:59:59-00:00,2009-03-31T00:00:00,2030-12-31T23:59:59
AS_NP15_EXP,PINFLT_7_UNITS-APND,AS_NP15_EXP,,2009-03-31T07:00:00-00:00,2031-01-01T07:59:59-00:00,2009-03-31T00:00:00,2030-12-31T23:59:59
AS_NP15_EXP,PIT1U1_7_B1,AS_NP15_EXP,,2009-03-31T07:00:00-00:00,2031-01-01T07:59:59-00:00,2009-03-31T00:00:00,2030-12-31T23:59:59
AS_NP15_EXP,PIT1U1_7_B2,AS_NP15_EXP,,2009-03-31T07:00:00-00:00,2031-01-01T07:59:59-00:00,2009-03-31T00:00:00,2030-12-31T23:59:59
AS_NP15_EXP,PIT1_2_B1,AS_NP15_EXP,,2017-08-17T07:00:00-00:00,2031-01-01T07:59:59-00:00,2017-08-17T00:00:00,2030-12-31T23:59:59
AS_NP15_EXP,PIT1_6_N001,AS_NP15_EXP,,2009-03-31T07:00:00-00:00,2031-01-01T07:59:59-00:00,2009-03-31T00:00:00,2030-12-31T23:59:59
AS_NP15_EXP,PIT1_6_N012,AS_NP15_EXP,,2025-05-13T07:00:00-00:00,2031-01-01T07:59:59-00:00,2025-05-13T00:00:00,2030-12-31T23:59:59
AS_NP15_EXP,PIT3_2_B1,AS_NP15_EXP,,2017-08-17T07:00:00-00:00,2031-01-01T07:59:59-00:00,2017-08-17T00:00:00,2030-12-31T23:59:59
AS_NP15_EXP,PIT3_7_B2,AS_NP15_EXP,,2023-05-05T07:00:00-00:00,2031-01-01T07:59:59-00:00,2023-05-05T00:00:00,2030-12-31T23:59:59
AS_NP15_EXP,PIT3_7_B3,AS_NP15_EXP,,2023-05-05T07:00:00-00:00,2031-01-01T07:59:59-00:00,2023-05-05T00:00:00,2030-12-31T23:59:59
AS_NP15_EXP,PIT3_7_B4,AS_NP15_EXP,,2023-05-05T07:00:00-00:00,2031-01-01T07:59:59-00:00,2023-05-05T00:00:00,2030-12-31T23:59:59
AS_NP15_EXP,PIT3_7_N001,AS_NP15_EXP,,2009-03-31T07:00:00-00:00,2031-01-01T07:59:59-00:00,2009-03-31T00:00:00,2030-12-31T23:59:59
AS_NP15_EXP,PIT3_7_PL1X3-APND,AS_NP15_EXP,,2009-03-31T07:00:00-00:00,2031-01-01T07:59:59-00:00,2009-03-31T00:00:00,2030-12-31T23:59:59
AS_NP15_EXP,PIT4_7_B1,AS_NP15_EXP,,2023-05-05T07:00:00-00:00,2031-01-01T07:59:59-00:00,2023-05-05T00:00:00,2030-12-31T23:59:59
AS_NP15_EXP,PIT4_7_B3,AS_NP15_EXP,,2023-05-05T07:00:00-00:00,2031-01-01T07:59:59-00:00,2023-05-05T00:00:00,2030-12-31T23:59:59
AS_NP15_EXP,PIT4_7_PL1X2-APND,AS_NP15_EXP,,2009-03-31T07:00:00-00:00,2031-01-01T07:59:59-00:00,2009-03-31T00:00:00,2030-12-31T23:59:59
AS_NP15_EXP,PIT5JT2_2_B1,AS_NP15_EXP,,2024-08-02T07:00:00-00:00,2031-01-01T07:59:59-00:00,2024-08-02T00:00:00,2030-12-31T23:59:59
AS_NP15_EXP,PIT5_7_B1,AS_NP15_EXP,,2009-11-03T08:00:00-00:00,2031-01-01T07:59:59-00:00,2009-11-03T00:00:00,2030-12-31T23:59:59
AS_NP15_EXP,PIT5_7_B11,AS_NP15_EXP,,2023-05-05T07:00:00-00:00,2031-01-01T07:59:59-00:00,2023-05-05T00:00:00,2030-12-31T23:59:59
AS_NP15_EXP,PIT5_7_B13,AS_NP15_EXP,,2023-05-05T07:00:00-00:00,2031-01-01T07:59:59-00:00,2023-05-05T00:00:00,2030-12-31T23:59:59
AS_NP15_EXP,PIT5_7_B3,AS_NP15_EXP,,2023-05-05T07:00:00-00:00,2031-01-01T07:59:59-00:00,2023-05-05T00:00:00,2030-12-31T23:59:59
AS_NP15_EXP,PIT5_7_B4,AS_NP15_EXP,,2023-05-05T07:00:00-00:00,2031-01-01T07:59:59-00:00,2023-05-05T00:00:00,2030-12-31T23:59:59
AS_NP15_EXP,PIT5_7_N001,AS_NP15_EXP,,2025-05-13T07:00:00-00:00,2031-01-01T07:59:59-00:00,2025-05-13T00:00:00,2030-12-31T23:59:59
AS_NP15_EXP,PIT5_7_PL1X2-APND,AS_NP15_EXP,,2009-03-31T07:00:00-00:00,2031-01-01T07:59:59-00:00,2009-03-31T00:00:00,2030-12-31T23:59:59
AS_NP15_EXP,PIT5_7_PL3X4-APND,AS_NP15_EXP,,2009-03-31T07:00:00-00:00,2031-01-01T07:59:59-00:00,2009-03-31T00:00:00,2030-12-31T23:59:59
AS_NP15_EXP,PIT6U1_7_B1,AS_NP15_EXP,,2009-03-31T07:00:00-00:00,2031-01-01T07:59:59-00:00,2009-03-31T00:00:00,2030-12-31T23:59:59
AS_NP15_EXP,PIT6U2_7_B1,AS_NP15_EXP,,2009-03-31T07:00:00-00:00,2031-01-01T07:59:59-00:00,2009-03-31T00:00:00,2030-12-31T23:59:59
AS_NP15_EXP,PIT7U1_7_B1,AS_NP15_EXP,,2009-03-31T07:00:00-00:00,2031-01-01T07:59:59-00:00,2009-03-31T00:00:00,2030-12-31T23:59:59
AS_NP15_EXP,PIT7U2_7_B1,AS_NP15_EXP,,2009-03-31T07:00:00-00:00,2031-01-01T07:59:59-00:00,2009-03-31T00:00:00,2030-12-31T23:59:59
AS_NP15_EXP,PITSBRG_2_B1,AS_NP15_EXP,,2017-08-17T07:00:00-00:00,2031-01-01T07:59:59-00:00,2017-08-17T00:00:00,2030-12-31T23:59:59
AS_NP15_EXP,PITSBRG_2_N058,AS_NP15_EXP,,2009-06-25T07:00:00-00:00,2031-01-01T07:59:59-00:00,2009-06-25T00:00:00,2030-12-31T23:59:59
AS_NP15_EXP,PITSBURG_1_B1,AS_NP15_EXP,,2017-08-17T07:00:00-00:00,2031-01-01T07:59:59-00:00,2017-08-17T00:00:00,2030-12-31T23:59:59
AS_NP15_EXP,PITSBURG_1_N001,AS_NP15_EXP,,2009-03-31T07:00:00-00:00,2031-01-01T07:59:59-00:00,2009-03-31T00:00:00,2030-12-31T23:59:59
AS_NP15_EXP,PITTES1_2_N007,AS_NP15_EXP,,2018-08-23T07:00:00-00:00,2031-01-01T07:59:59-00:00,2018-08-23T00:00:00,2030-12-31T23:59:59
AS_NP15_EXP,PITTSBRG_6_N101,AS_NP15_EXP,,2009-03-31T07:00:00-00:00,2031-01-01T07:59:59-00:00,2009-03-31T00:00:00,2030-12-31T23:59:59
AS_NP15_EXP,PLACERVL_1_N001,AS_NP15_EXP,,2009-03-31T07:00:00-00:00,2031-01-01T07:59:59-00:00,2009-03-31T00:00:00,2030-12-31T23:59:59
AS_NP15_EXP,PLACER_1_N001,AS_NP15_EXP,,2009-03-31T07:00:00-00:00,2031-01-01T07:59:59-00:00,2009-03-31T00:00:00,2030-12-31T23:59:59
AS_NP15_EXP,PLACER_7_N009,AS_NP15_EXP,,2009-03-31T07:00:00-00:00,2031-01-01T07:59:59-00:00,2009-03-31T00:00:00,2030-12-31T23:59:59
AS_NP15_EXP,PLAINFLD_6_N001,AS_NP15_EXP,,2024-03-20T07:00:00-00:00,2031-01-01T07:59:59-00:00,2024-03-20T00:00:00,2030-12-31T23:59:59
AS_NP15_EXP,PLAINFLD_6_N003,AS_NP15_EXP,,2024-03-20T07:00:00-00:00,2031-01-01T07:59:59-00:00,2024-03-20T00:00:00,2030-12-31T23:59:59
AS_NP15_EXP,PLCRVLB2_7_N001,AS_NP15_EXP,,2025-05-13T07:00:00-00:00,2031-01-01T07:59:59-00:00,2025-05-13T00:00:00,2030-12-31T23:59:59
AS_NP15_EXP,PLCRVLB2_7_N002,AS_NP15_EXP,,2025-05-13T07:00:00-00:00,2031-01-01T07:59:59-00:00,2025-05-13T00:00:00,2030-12-31T23:59:59
AS_NP15_EXP,PLOALTO_1_N001,AS_NP15_EXP,,2009-03-31T07:00:00-00:00,2031-01-01T07:59:59-00:00,2009-03-31T00:00:00,2030-12-31T23:59:59
AS_NP15_EXP,PLOALTO_1_N007,AS_NP15_EXP,,2025-12-17T08:00:00-00:00,2031-01-01T07:59:59-00:00,2025-12-17T00:00:00,2030-12-31T23:59:59
AS_NP15_EXP,PLOALTO_1_N013,AS_NP15_EXP,,2009-03-31T07:00:00-00:00,2031-01-01T07:59:59-00:00,2009-03-31T00:00:00,2030-12-31T23:59:59
AS_NP15_EXP,PLOALTO_1_N019,AS_NP15_EXP,,2009-03-31T07:00:00-00:00,2031-01-01T07:59:59-00:00,2009-03-31T00:00:00,2030-12-31T23:59:59
AS_NP15_EXP,PLSNTGR_1_N001,AS_NP15_EXP,,2011-03-31T07:00:00-00:00,2031-01-01T07:59:59-00:00,2011-03-31T00:00:00,2030-12-31T23:59:59
AS_NP15_EXP,PLSNTGR_1_N005,AS_NP15_EXP,,2011-03-31T07:00:00-00:00,2031-01-01T07:59:59-00:00,2011-03-31T00:00:00,2030-12-31T23:59:59
AS_NP15_EXP,PLSNTGR_1_N009,AS_NP15_EXP,,2011-03-31T07:00:00-00:00,2031-01-01T07:59:59-00:00,2011-03-31T00:00:00,2030-12-31T23:59:59
AS_NP15_EXP,PLSNTGR_6_N013,AS_NP15_EXP,,2025-05-13T07:00:00-00:00,2031-01-01T07:59:59-00:00,2025-05-13T00:00:00,2030-12-31T23:59:59
AS_NP15_EXP,PLSNTVLY_6_N001,AS_NP15_EXP,,2009-03-31T07:00:00-00:00,2031-01-01T07:59:59-00:00,2009-03-31T00:00:00,2030-12-31T23:59:59
AS_NP15_EXP,PLUMAS_6_LN001,AS_NP15_EXP,,2010-06-17T07:00:00-00:00,2031-01-01T07:59:59-00:00,2010-06-17T00:00:00,2030-12-31T23:59:59
AS_NP15_EXP,PLUMAS_6_N001,AS_NP15_EXP,,2009-03-31T07:00:00-00:00,2031-01-01T07:59:59-00:00,2009-03-31T00:00:00,2030-12-31T23:59:59
AS_NP15_EXP,PMTFMPP_1_N001,AS_NP15_EXP,,2014-11-13T08:00:00-00:00,2031-01-01T07:59:59-00:00,2014-11-13T00:00:00,2030-12-31T23:59:59
AS_NP15_EXP,PNCHEG_2_PL1X4-APND,AS_NP15_EXP,,2009-03-31T07:00:00-00:00,2031-01-01T07:59:59-00:00,2009-03-31T00:00:00,2030-12-31T23:59:59
AS_NP15_EXP,PNCHPP_1_PL1X2-APND,AS_NP15_EXP,,2009-03-31T07:00:00-00:00,2031-01-01T07:59:59-00:00,2009-03-31T00:00:00,2030-12-31T23:59:59
AS_NP15_EXP,PNCHVS_2_SOLAR-APND,AS_NP15_EXP,,2017-10-09T07:00:00-00:00,2031-01-01T07:59:59-00:00,2017-10-09T00:00:00,2030-12-31T23:59:59
AS_NP15_EXP,PNEDLE_1_N001,AS_NP15_EXP,,2009-03-31T07:00:00-00:00,2031-01-01T07:59:59-00:00,2009-03-31T00:00:00,2030-12-31T23:59:59
AS_NP15_EXP,PNEDLE_1_N002,AS_NP15_EXP,,2009-03-31T07:00:00-00:00,2031-01-01T07:59:59-00:00,2009-03-31T00:00:00,2030-12-31T23:59:59
AS_NP15_EXP,PNEDLE_1_N009,AS_NP15_EXP,,2009-03-31T07:00:00-00:00,2031-01-01T07:59:59-00:00,2009-03-31T00:00:00,2030-12-31T23:59:59
AS_NP15_EXP,PNEGRVE_6_N001,AS_NP15_EXP,,2009-03-31T07:00:00-00:00,2031-01-01T07:59:59-00:00,2009-03-31T00:00:00,2030-12-31T23:59:59
AS_NP15_EXP,PNEGRVE_6_N002,AS_NP15_EXP,,2009-03-31T07:00:00-00:00,2031-01-01T07:59:59-00:00,2009-03-31T00:00:00,2030-12-31T23:59:59
AS_NP15_EXP,PNOCHE_1_PL1X2-APND,AS_NP15_EXP,,2009-03-31T07:00:00-00:00,2031-01-01T07:59:59-00:00,2009-03-31T00:00:00,2030-12-31T23:59:59
AS_NP15_EXP,PNTARNA_6_N001,AS_NP15_EXP,,2009-03-31T07:00:00-00:00,2031-01-01T07:59:59-00:00,2009-03-31T00:00:00,2030-12-31T23:59:59
AS_NP15_EXP,POD_ADERA_1_SOLAR1-APND,AS_NP15_EXP,,2015-11-10T08:00:00-00:00,2031-01-01T07:59:59-00:00,2015-11-10T00:00:00,2030-12-31T23:59:59
AS_NP15_EXP,POD_ADLIN_1_UNITS-APND,AS_NP15_EXP,,2009-03-31T07:00:00-00:00,2031-01-01T07:59:59-00:00,2009-03-31T00:00:00,2030-12-31T23:59:59
AS_NP15_EXP,POD_ADMEST_6_SOLAR-APND,AS_NP15_EXP,,2014-10-27T07:00:00-00:00,2031-01-01T07:59:59-00:00,2014-10-27T00:00:00,2030-12-31T23:59:59
AS_NP15_EXP,POD_AGRICO_6_PL3N5-APND,AS_NP15_EXP,,2009-03-31T07:00:00-00:00,2031-01-01T07:59:59-00:00,2009-03-31T00:00:00,2030-12-31T23:59:59
AS_NP15_EXP,POD_AGRICO_7_UNIT-APND,AS_NP15_EXP,,2009-03-31T07:00:00-00:00,2031-01-01T07:59:59-00:00,2009-03-31T00:00:00,2030-12-31T23:59:59
AS_NP15_EXP,POD_ARVINN_6_ORION1-APND,AS_NP15_EXP,,2014-03-12T07:00:00-00:00,2031-01-01T07:59:59-00:00,2014-03-12T00:00:00,2030-12-31T23:59:59
AS_NP15_EXP,POD_ARVINN_6_ORION2-APND,AS_NP15_EXP,,2014-04-23T07:00:00-00:00,2031-01-01T07:59:59-00:00,2014-04-23T00:00:00,2030-12-31T23:59:59
AS_NP15_EXP,POD_ASTORA_2_SOLAR1-APND,AS_NP15_EXP,,2016-06-22T07:00:00-00:00,2031-01-01T07:59:59-00:00,2016-06-22T00:00:00,2030-12-31T23:59:59
AS_NP15_EXP,POD_ASTORA_2_SOLAR2-APND,AS_NP15_EXP,,2016-06-22T07:00:00-00:00,2031-01-01T07:59:59-00:00,2016-06-22T00:00:00,2030-12-31T23:59:59
AS_NP15_EXP,POD_BALCHS_7_UNIT 1-APND,AS_NP15_EXP,,2009-03-31T07:00:00-00:00,2031-01-01T07:59:59-00:00,2009-03-31T00:00:00,2030-12-31T23:59:59
AS_NP15_EXP,POD_BALCHS_7_UNIT 2-APND,AS_NP15_EXP,,2009-03-31T07:00:00-00:00,2031-01-01T07:59:59-00:00,2009-03-31T00:00:00,2030-12-31T23:59:59
AS_NP15_EXP,POD_BALCHS_7_UNIT 3-APND,AS_NP15_EXP,,2009-03-31T07:00:00-00:00,2031-01-01T07:59:59-00:00,2009-03-31T00:00:00,2030-12-31T23:59:59
AS_NP15_EXP,POD_BASICE_2_UNITS-APND,AS_NP15_EXP,,2009-03-31T07:00:00-00:00,2031-01-01T07:59:59-00:00,2009-03-31T00:00:00,2030-12-31T23:59:59
AS_NP15_EXP,POD_BIOMAS_1_UNIT 1-APND,AS_NP15_EXP,,2009-03-31T07:00:00-00:00,2031-01-01T07:59:59-00:00,2009-03-31T00:00:00,2030-12-31T23:59:59
AS_NP15_EXP,POD_BLACK_7_UNIT 1-APND,AS_NP15_EXP,,2009-03-31T07:00:00-00:00,2031-01-01T07:59:59-00:00,2009-03-31T00:00:00,2030-12-31T23:59:59
AS_NP15_EXP,POD_BLACK_7_UNIT 2-APND,AS_NP15_EXP,,2009-03-31T07:00:00-00:00,2031-01-01T07:59:59-00:00,2009-03-31T00:00:00,2030-12-31T23:59:59
AS_NP15_EXP,POD_BRDGVL_7_BAKER-APND,AS_NP15_EXP,,2014-10-01T07:00:00-00:00,2031-01-01T07:59:59-00:00,2014-10-01T00:00:00,2030-12-31T23:59:59
AS_NP15_EXP,POD_BUCKCK_7_PL1X2-APND,AS_NP15_EXP,,2009-03-31T07:00:00-00:00,2031-01-01T07:59:59-00:00,2009-03-31T00:00:00,2030-12-31T23:59:59
AS_NP15_EXP,POD_BUTTVL_7_UNIT 1-APND,AS_NP15_EXP,,2009-03-31T07:00:00-00:00,2031-01-01T07:59:59-00:00,2009-03-31T00:00:00,2030-12-31T23:59:59
AS_NP15_EXP,POD_CALFTS_2_CFSSR1-APND,AS_NP15_EXP,,2018-09-16T07:00:00-00:00,2031-01-01T07:59:59-00:00,2018-09-16T00:00:00,2030-12-31T23:59:59
AS_NP15_EXP,POD_CAMPFW_7_FARWST-APND,AS_NP15_EXP,,2009-03-31T07:00:00-00:00,2031-01-01T07:59:59-00:00,2009-03-31T00:00:00,2030-12-31T23:59:59
AS_NP15_EXP,POD_CARBOU_7_PL4X5-APND,AS_NP15_EXP,,2009-03-31T07:00:00-00:00,2031-01-01T07:59:59-00:00,2009-03-31T00:00:00,2030-12-31T23:59:59
AS_NP15_EXP,POD_CHICPK_7_UNIT 1-APND,AS_NP15_EXP,,2009-03-31T07:00:00-00:00,2031-01-01T07:59:59-00:00,2009-03-31T00:00:00,2030-12-31T23:59:59
AS_NP15_EXP,POD_CHWCHL_1_UNIT-APND,AS_NP15_EXP,,2009-03-31T07:00:00-00:00,2031-01-01T07:59:59-00:00,2009-03-31T00:00:00,2030-12-31T23:59:59
AS_NP15_EXP,POD_COLEMN_2_UNIT-APND,AS_NP15_EXP,,2009-03-31T07:00:00-00:00,2031-01-01T07:59:59-00:00,2009-03-31T00:00:00,2030-12-31T23:59:59
AS_NP15_EXP,POD_COLGAT_7_UNIT 1-APND,AS_NP15_EXP,,2009-03-31T07:00:00-00:00,2031-01-01T07:59:59-00:00,2009-03-31T00:00:00,2030-12-31T23:59:59
AS_NP15_EXP,POD_COLGAT_7_UNIT 2-APND,AS_NP15_EXP,,2009-03-31T07:00:00-00:00,2031-01-01T07:59:59-00:00,2009-03-31T00:00:00,2030-12-31T23:59:59
AS_NP15_EXP,POD_COLUSA_2_PL1X3-APND,AS_NP15_EXP,,2010-08-18T07:00:00-00:00,2031-01-01T07:59:59-00:00,2010-08-18T00:00:00,2030-12-31T23:59:59
AS_NP15_EXP,POD_COLVIL_7_PL1X2-APND,AS_NP15_EXP,,2009-03-31T07:00:00-00:00,2031-01-01T07:59:59-00:00,2009-03-31T00:00:00,2030-12-31T23:59:59
AS_NP15_EXP,POD_COVERD_2_HCKHY1-APND,AS_NP15_EXP,,2017-03-08T08:00:00-00:00,2031-01-01T07:59:59-00:00,2017-03-08T00:00:00,2030-12-31T23:59:59
AS_NP15_EXP,POD_COVERD_2_MCKHY1-APND,AS_NP15_EXP,,2017-07-31T07:00:00-00:00,2031-01-01T07:59:59-00:00,2017-07-31T00:00:00,2030-12-31T23:59:59
AS_NP15_EXP,POD_CRESTA_7_PL1X2-APND,AS_NP15_EXP,,2009-03-31T07:00:00-00:00,2031-01-01T07:59:59-00:00,2009-03-31T00:00:00,2030-12-31T23:59:59
AS_NP15_EXP,POD_CROKET_7_UNIT-APND,AS_NP15_EXP,,2009-03-31T07:00:00-00:00,2031-01-01T07:59:59-00:00,2009-03-31T00:00:00,2030-12-31T23:59:59
AS_NP15_EXP,POD_CUMBIA_1_SOLAR-APND,AS_NP15_EXP,,2015-04-27T07:00:00-00:00,2031-01-01T07:59:59-00:00,2015-04-27T00:00:00,2030-12-31T23:59:59
AS_NP15_EXP,POD_DEADCK_1_UNIT-APND,AS_NP15_EXP,,2022-03-08T08:00:00-00:00,2031-01-01T07:59:59-00:00,2022-03-08T00:00:00,2030-12-31T23:59:59
AS_NP15_EXP,POD_DEERCR_6_UNIT 1-APND,AS_NP15_EXP,,2009-03-31T07:00:00-00:00,2031-01-01T07:59:59-00:00,2009-03-31T00:00:00,2030-12-31T23:59:59
AS_NP15_EXP,POD_DELTA_2_PL1X4-APND,AS_NP15_EXP,,2009-03-31T07:00:00-00:00,2031-01-01T07:59:59-00:00,2009-03-31T00:00:00,2030-12-31T23:59:59
AS_NP15_EXP,POD_DRUM_7_PL1X2-APND,AS_NP15_EXP,,2009-03-31T07:00:00-00:00,2031-01-01T07:59:59-00:00,2009-03-31T00:00:00,2030-12-31T23:59:59
AS_NP15_EXP,POD_DRUM_7_PL3X4-APND,AS_NP15_EXP,,2009-03-31T07:00:00-00:00,2031-01-01T07:59:59-00:00,2009-03-31T00:00:00,2030-12-31T23:59:59
AS_NP15_EXP,POD_DRUM_7_UNIT 5-APND,AS_NP15_EXP,,2009-03-31T07:00:00-00:00,2031-01-01T07:59:59-00:00,2009-03-31T00:00:00,2030-12-31T23:59:59
AS_NP15_EXP,POD_DSABLA_7_UNIT-APND,AS_NP15_EXP,,2009-03-31T07:00:00-00:00,2031-01-01T07:59:59-00:00,2009-03-31T00:00:00,2030-12-31T23:59:59
AS_NP15_EXP,POD_DUANE_1_PL1X3-APND,AS_NP15_EXP,,2009-03-31T07:00:00-00:00,2031-01-01T07:59:59-00:00,2009-03-31T00:00:00,2030-12-31T23:59:59
AS_NP15_EXP,POD_DUTCH1_7_UNIT 1-APND,AS_NP15_EXP,,2009-03-31T07:00:00-00:00,2031-01-01T07:59:59-00:00,2009-03-31T00:00:00,2030-12-31T23:59:59
AS_NP15_EXP,POD_DUTCH2_7_UNIT 1-APND,AS_NP15_EXP,,2009-03-31T07:00:00-00:00,2031-01-01T07:59:59-00:00,2009-03-31T00:00:00,2030-12-31T23:59:59
AS_NP15_EXP,POD_ELECTR_7_PL1X3-APND,AS_NP15_EXP,,2009-03-31T07:00:00-00:00,2031-01-01T07:59:59-00:00,2009-03-31T00:00:00,2030-12-31T23:59:59
AS_NP15_EXP,POD_ELKCRK_6_STONYG-APND,AS_NP15_EXP,,2009-03-31T07:00:00-00:00,2031-01-01T07:59:59-00:00,2009-03-31T00:00:00,2030-12-31T23:59:59
AS_NP15_EXP,POD_EXCHEC_7_UNIT 1-APND,AS_NP15_EXP,,2009-03-31T07:00:00-00:00,2031-01-01T07:59:59-00:00,2009-03-31T00:00:00,2030-12-31T23:59:59
AS_NP15_EXP,POD_EXCLSG_1_SOLAR-APND,AS_NP15_EXP,,2016-07-11T07:00:00-00:00,2031-01-01T07:59:59-00:00,2016-07-11T00:00:00,2030-12-31T23:59:59
AS_NP15_EXP,POD_FMEADO_7_UNIT-APND,AS_NP15_EXP,,2009-03-31T07:00:00-00:00,2031-01-01T07:59:59-00:00,2009-03-31T00:00:00,2030-12-31T23:59:59
AS_NP15_EXP,POD_GATWAY_2_PL1X3-APND,AS_NP15_EXP,,2009-03-31T07:00:00-00:00,2031-01-01T07:59:59-00:00,2009-03-31T00:00:00,2030-12-31T23:59:59
AS_NP15_EXP,POD_GEYS11_7_UNIT11-APND,AS_NP15_EXP,,2009-03-31T07:00:00-00:00,2031-01-01T07:59:59-00:00,2009-03-31T00:00:00,2030-12-31T23:59:59
AS_NP15_EXP,POD_GEYS12_7_UNIT12-APND,AS_NP15_EXP,,2009-03-31T07:00:00-00:00,2031-01-01T07:59:59-00:00,2009-03-31T00:00:00,2030-12-31T23:59:59
AS_NP15_EXP,POD_GEYS13_7_UNIT13-APND,AS_NP15_EXP,,2009-03-31T07:00:00-00:00,2031-01-01T07:59:59-00:00,2009-03-31T00:00:00,2030-12-31T23:59:59
AS_NP15_EXP,POD_GEYS14_7_UNIT14-APND,AS_NP15_EXP,,2009-03-31T07:00:00-00:00,2031-01-01T07:59:59-00:00,2009-03-31T00:00:00,2030-12-31T23:59:59
AS_NP15_EXP,POD_GEYS16_7_UNIT16-APND,AS_NP15_EXP,,2009-03-31T07:00:00-00:00,2031-01-01T07:59:59-00:00,2009-03-31T00:00:00,2030-12-31T23:59:59
AS_NP15_EXP,POD_GEYS17_7_UNIT17-APND,AS_NP15_EXP,,2009-03-31T07:00:00-00:00,2031-01-01T07:59:59-00:00,2009-03-31T00:00:00,2030-12-31T23:59:59
AS_NP15_EXP,POD_GEYS18_7_UNIT18-APND,AS_NP15_EXP,,2009-03-31T07:00:00-00:00,2031-01-01T07:59:59-00:00,2009-03-31T00:00:00,2030-12-31T23:59:59
AS_NP15_EXP,POD_GEYS20_7_UNIT20-APND,AS_NP15_EXP,,2009-03-31T07:00:00-00:00,2031-01-01T07:59:59-00:00,2009-03-31T00:00:00,2030-12-31T23:59:59
AS_NP15_EXP,POD_GIFENS_6_BUGSL1-APND,AS_NP15_EXP,,2017-03-10T08:00:00-00:00,2031-01-01T07:59:59-00:00,2017-03-10T00:00:00,2030-12-31T23:59:59
AS_NP15_EXP,POD_GILROY_1_UNIT-APND,AS_NP15_EXP,,2009-03-31T07:00:00-00:00,2031-01-01T07:59:59-00:00,2009-03-31T00:00:00,2030-12-31T23:59:59
AS_NP15_EXP,POD_GILRPP_1_PL1X2-APND,AS_NP15_EXP,,2009-03-31T07:00:00-00:00,2031-01-01T07:59:59-00:00,2009-03-31T00:00:00,2030-12-31T23:59:59
AS_NP15_EXP,POD_GILRPP_1_PL3X4-APND,AS_NP15_EXP,,2009-03-31T07:00:00-00:00,2031-01-01T07:59:59-00:00,2009-03-31T00:00:00,2030-12-31T23:59:59
AS_NP15_EXP,POD_GRIZLY_1_UNIT 1-APND,AS_NP15_EXP,,2009-03-31T07:00:00-00:00,2031-01-01T07:59:59-00:00,2009-03-31T00:00:00,2030-12-31T23:59:59
AS_NP15_EXP,POD_GRNLF2_1_UNIT-APND,AS_NP15_EXP,,2021-06-03T07:00:00-00:00,2031-01-01T07:59:59-00:00,2021-06-03T00:00:00,2030-12-31T23:59:59
AS_NP15_EXP,POD_GYS5X6_7_UNITS-APND,AS_NP15_EXP,,2009-03-31T07:00:00-00:00,2031-01-01T07:59:59-00:00,2009-03-31T00:00:00,2030-12-31T23:59:59
AS_NP15_EXP,POD_GYS7X8_7_UNITS-APND,AS_NP15_EXP,,2009-03-31T07:00:00-00:00,2031-01-01T07:59:59-00:00,2009-03-31T00:00:00,2030-12-31T23:59:59
AS_NP15_EXP,POD_GYSRVL_7_WSPRNG-APND,AS_NP15_EXP,,2009-03-31T07:00:00-00:00,2031-01-01T07:59:59-00:00,2009-03-31T00:00:00,2030-12-31T23:59:59
AS_NP15_EXP,POD_HAASPH_7_PL1X2-APND,AS_NP15_EXP,,2009-03-31T07:00:00-00:00,2031-01-01T07:59:59-00:00,2009-03-31T00:00:00,2030-12-31T23:59:59
AS_NP15_EXP,POD_HATCR1_7_UNIT-APND,AS_NP15_EXP,,2009-03-31T07:00:00-00:00,2031-01-01T07:59:59-00:00,2009-03-31T00:00:00,2030-12-31T23:59:59
AS_NP15_EXP,POD_HATCR2_7_UNIT-APND,AS_NP15_EXP,,2009-03-31T07:00:00-00:00,2031-01-01T07:59:59-00:00,2009-03-31T00:00:00,2030-12-31T23:59:59
AS_NP15_EXP,POD_HATRDG_2_WIND-APND,AS_NP15_EXP,,2010-07-01T07:00:00-00:00,2031-01-01T07:59:59-00:00,2010-07-01T00:00:00,2030-12-31T23:59:59
AS_NP15_EXP,POD_HELMPG_7_UNIT 1-APND,AS_NP15_EXP,,2009-03-31T07:00:00-00:00,2031-01-01T07:59:59-00:00,2009-03-31T00:00:00,2030-12-31T23:59:59
AS_NP15_EXP,POD_HELMPG_7_UNIT 2-APND,AS_NP15_EXP,,2009-03-31T07:00:00-00:00,2031-01-01T07:59:59-00:00,2009-03-31T00:00:00,2030-12-31T23:59:59
AS_NP15_EXP,POD_HELMPG_7_UNIT 3-APND,AS_NP15_EXP,,2009-03-31T07:00:00-00:00,2031-01-01T07:59:59-00:00,2009-03-31T00:00:00,2030-12-31T23:59:59
AS_NP15_EXP,POD_HENRTS_1_SOLAR-APND,AS_NP15_EXP,,2016-06-08T07:00:00-00:00,2031-01-01T07:59:59-00:00,2016-06-08T00:00:00,2030-12-31T23:59:59
AS_NP15_EXP,POD_HUMBPP_1_UNITS3-APND,AS_NP15_EXP,,2010-08-19T07:00:00-00:00,2031-01-01T07:59:59-00:00,2010-08-19T00:00:00,2030-12-31T23:59:59
AS_NP15_EXP,POD_HYTTHM_2_UNITS-APND,AS_NP15_EXP,,2009-03-31T07:00:00-00:00,2031-01-01T07:59:59-00:00,2009-03-31T00:00:00,2030-12-31T23:59:59
AS_NP15_EXP,POD_INTKEP_2_UNITS-APND,AS_NP15_EXP,,2009-03-31T07:00:00-00:00,2031-01-01T07:59:59-00:00,2009-03-31T00:00:00,2030-12-31T23:59:59
AS_NP15_EXP,POD_JAYNE_6_WLSLR-APND,AS_NP15_EXP,,2014-01-27T08:00:00-00:00,2031-01-01T07:59:59-00:00,2014-01-27T00:00:00,2030-12-31T23:59:59
AS_NP15_EXP,POD_KELYRG_6_UNIT-APND,AS_NP15_EXP,,2009-03-31T07:00:00-00:00,2031-01-01T07:59:59-00:00,2009-03-31T00:00:00,2030-12-31T23:59:59
AS_NP15_EXP,POD_LAMONT_1_SOLAR1-APND,AS_NP15_EXP,,2014-10-27T07:00:00-00:00,2031-01-01T07:59:59-00:00,2014-10-27T00:00:00,2030-12-31T23:59:59
AS_NP15_EXP,POD_LAMONT_1_SOLAR2-APND,AS_NP15_EXP,,2017-11-20T08:00:00-00:00,2031-01-01T07:59:59-00:00,2017-11-20T00:00:00,2030-12-31T23:59:59
AS_NP15_EXP,POD_LAMONT_1_SOLAR3-APND,AS_NP15_EXP,,2015-08-16T07:00:00-00:00,2031-01-01T07:59:59-00:00,2015-08-16T00:00:00,2030-12-31T23:59:59
AS_NP15_EXP,POD_LAMONT_1_SOLAR4-APND,AS_NP15_EXP,,2015-07-13T07:00:00-00:00,2031-01-01T07:59:59-00:00,2015-07-13T00:00:00,2030-12-31T23:59:59
AS_NP15_EXP,POD_LAMONT_1_SOLAR5-APND,AS_NP15_EXP,,2015-06-22T07:00:00-00:00,2031-01-01T07:59:59-00:00,2015-06-22T00:00:00,2030-12-31T23:59:59
AS_NP15_EXP,POD_LASSEN_6_UNITS-APND,AS_NP15_EXP,,2009-03-31T07:00:00-00:00,2031-01-01T07:59:59-00:00,2009-03-31T00:00:00,2030-12-31T23:59:59
AS_NP15_EXP,POD_LECEF_1_UNITS-APND,AS_NP15_EXP,,2009-03-31T07:00:00-00:00,2031-01-01T07:59:59-00:00,2009-03-31T00:00:00,2030-12-31T23:59:59
AS_NP15_EXP,POD_LMBEPK_2_UNITA1-APND,AS_NP15_EXP,,2009-03-31T07:00:00-00:00,2031-01-01T07:59:59-00:00,2009-03-31T00:00:00,2030-12-31T23:59:59
AS_NP15_EXP,POD_LMBEPK_2_UNITA2-APND,AS_NP15_EXP,,2009-03-31T07:00:00-00:00,2031-01-01T07:59:59-00:00,2009-03-31T00:00:00,2030-12-31T23:59:59
AS_NP15_EXP,POD_LMBEPK_2_UNITA3-APND,AS_NP15_EXP,,2009-03-31T07:00:00-00:00,2031-01-01T07:59:59-00:00,2009-03-31T00:00:00,2030-12-31T23:59:59
AS_NP15_EXP,POD_LMEC_1_PL1X3-APND,AS_NP15_EXP,,2009-03-31T07:00:00-00:00,2031-01-01T07:59:59-00:00,2009-03-31T00:00:00,2030-12-31T23:59:59
AS_NP15_EXP,POD_MALCHQ_7_UNIT 1-APND,AS_NP15_EXP,,2009-03-31T07:00:00-00:00,2031-01-01T07:59:59-00:00,2009-03-31T00:00:00,2030-12-31T23:59:59
AS_NP15_EXP,POD_MDFKRL_2_PROJCT-APND,AS_NP15_EXP,,2009-03-31T07:00:00-00:00,2031-01-01T07:59:59-00:00,2009-03-31T00:00:00,2030-12-31T23:59:59
AS_NP15_EXP,POD_MNDOTA_1_SOLAR1-APND,AS_NP15_EXP,,2015-04-24T07:00:00-00:00,2031-01-01T07:59:59-00:00,2015-04-24T00:00:00,2030-12-31T23:59:59
AS_NP15_EXP,POD_MOSSLD_2_PSP1-APND,AS_NP15_EXP,,2009-03-31T07:00:00-00:00,2031-01-01T07:59:59-00:00,2009-03-31T00:00:00,2030-12-31T23:59:59
AS_NP15_EXP,POD_MOSSLD_2_PSP2-APND,AS_NP15_EXP,,2009-03-31T07:00:00-00:00,2031-01-01T07:59:59-00:00,2009-03-31T00:00:00,2030-12-31T23:59:59
AS_NP15_EXP,POD_MSTANG_2_SOLAR3-APND,AS_NP15_EXP,,2016-02-18T08:00:00-00:00,2031-01-01T07:59:59-00:00,2016-02-18T00:00:00,2030-12-31T23:59:59
AS_NP15_EXP,POD_NAROW1_2_UNIT-APND,AS_NP15_EXP,,2009-03-31T07:00:00-00:00,2031-01-01T07:59:59-00:00,2009-03-31T00:00:00,2030-12-31T23:59:59
AS_NP15_EXP,POD_NAROW2_2_UNIT-APND,AS_NP15_EXP,,2009-03-31T07:00:00-00:00,2031-01-01T07:59:59-00:00,2009-03-31T00:00:00,2030-12-31T23:59:59
AS_NP15_EXP,POD_NCPA_7_GP1UN1-APND,AS_NP15_EXP,,2009-03-31T07:00:00-00:00,2031-01-01T07:59:59-00:00,2009-03-31T00:00:00,2030-12-31T23:59:59
AS_NP15_EXP,POD_NCPA_7_GP1UN2-APND,AS_NP15_EXP,,2009-03-31T07:00:00-00:00,2031-01-01T07:59:59-00:00,2009-03-31T00:00:00,2030-12-31T23:59:59
AS_NP15_EXP,POD_NCPA_7_GP2UN3-APND,AS_NP15_EXP,,2009-03-31T07:00:00-00:00,2031-01-01T07:59:59-00:00,2009-03-31T00:00:00,2030-12-31T23:59:59
AS_NP15_EXP,POD_NCPA_7_GP2UN4-APND,AS_NP15_EXP,,2009-03-31T07:00:00-00:00,2031-01-01T07:59:59-00:00,2009-03-31T00:00:00,2030-12-31T23:59:59
AS_NP15_EXP,POD_NWCSTL_7_UNIT 1-APND,AS_NP15_EXP,,2009-03-31T07:00:00-00:00,2031-01-01T07:59:59-00:00,2009-03-31T00:00:00,2030-12-31T23:59:59
AS_NP15_EXP,POD_OAK C_7_UNIT 1-APND,AS_NP15_EXP,,2025-07-02T07:00:00-00:00,2031-01-01T07:59:59-00:00,2025-07-02T00:00:00,2030-12-31T23:59:59
AS_NP15_EXP,POD_OAK C_7_UNIT 3-APND,AS_NP15_EXP,,2025-07-02T07:00:00-00:00,2031-01-01T07:59:59-00:00,2025-07-02T00:00:00,2030-12-31T23:59:59
AS_NP15_EXP,POD_PACLUM_6_UNIT-APND,AS_NP15_EXP,,2009-03-31T07:00:00-00:00,2031-01-01T07:59:59-00:00,2009-03-31T00:00:00,2030-12-31T23:59:59
AS_NP15_EXP,POD_PAIGES_6_SOLAR-APND,AS_NP15_EXP,,2016-10-31T07:00:00-00:00,2031-01-01T07:59:59-00:00,2016-10-31T00:00:00,2030-12-31T23:59:59
AS_NP15_EXP,POD_PARDEB_6_UNITS-APND,AS_NP15_EXP,,2009-03-31T07:00:00-00:00,2031-01-01T07:59:59-00:00,2009-03-31T00:00:00,2030-12-31T23:59:59
AS_NP15_EXP,POD_PIT1_7_UNIT 1-APND,AS_NP15_EXP,,2009-03-31T07:00:00-00:00,2031-01-01T07:59:59-00:00,2009-03-31T00:00:00,2030-12-31T23:59:59
AS_NP15_EXP,POD_PIT1_7_UNIT 2-APND,AS_NP15_EXP,,2009-03-31T07:00:00-00:00,2031-01-01T07:59:59-00:00,2009-03-31T00:00:00,2030-12-31T23:59:59
AS_NP15_EXP,POD_PIT3_7_PL1X3-APND,AS_NP15_EXP,,2009-03-31T07:00:00-00:00,2031-01-01T07:59:59-00:00,2009-03-31T00:00:00,2030-12-31T23:59:59
AS_NP15_EXP,POD_PIT4_7_PL1X2-APND,AS_NP15_EXP,,2009-03-31T07:00:00-00:00,2031-01-01T07:59:59-00:00,2009-03-31T00:00:00,2030-12-31T23:59:59
AS_NP15_EXP,POD_PIT5_7_PL1X2-APND,AS_NP15_EXP,,2009-03-31T07:00:00-00:00,2031-01-01T07:59:59-00:00,2009-03-31T00:00:00,2030-12-31T23:59:59
AS_NP15_EXP,POD_PIT5_7_PL3X4-APND,AS_NP15_EXP,,2009-03-31T07:00:00-00:00,2031-01-01T07:59:59-00:00,2009-03-31T00:00:00,2030-12-31T23:59:59
AS_NP15_EXP,POD_PIT6_7_UNIT 1-APND,AS_NP15_EXP,,2009-03-31T07:00:00-00:00,2031-01-01T07:59:59-00:00,2009-03-31T00:00:00,2030-12-31T23:59:59
AS_NP15_EXP,POD_PIT6_7_UNIT 2-APND,AS_NP15_EXP,,2009-03-31T07:00:00-00:00,2031-01-01T07:59:59-00:00,2009-03-31T00:00:00,2030-12-31T23:59:59
AS_NP15_EXP,POD_PIT7_7_UNIT 1-APND,AS_NP15_EXP,,2009-03-31T07:00:00-00:00,2031-01-01T07:59:59-00:00,2009-03-31T00:00:00,2030-12-31T23:59:59
AS_NP15_EXP,POD_PIT7_7_UNIT 2-APND,AS_NP15_EXP,,2009-03-31T07:00:00-00:00,2031-01-01T07:59:59-00:00,2009-03-31T00:00:00,2030-12-31T23:59:59
AS_NP15_EXP,POD_PMPJCK_1_SOLAR1-APND,AS_NP15_EXP,,2014-12-18T08:00:00-00:00,2031-01-01T07:59:59-00:00,2014-12-18T00:00:00,2030-12-31T23:59:59
AS_NP15_EXP,POD_PNCHPP_1_PL1X2-APND,AS_NP15_EXP,,2009-03-31T07:00:00-00:00,2031-01-01T07:59:59-00:00,2009-03-31T00:00:00,2030-12-31T23:59:59
AS_NP15_EXP,POD_PNCHVS_2_SOLAR-APND,AS_NP15_EXP,,2017-10-09T07:00:00-00:00,2031-01-01T07:59:59-00:00,2017-10-09T00:00:00,2030-12-31T23:59:59
AS_NP15_EXP,POD_PNOCHE_1_PL1X2-APND,AS_NP15_EXP,,2009-03-31T07:00:00-00:00,2031-01-01T07:59:59-00:00,2009-03-31T00:00:00,2030-12-31T23:59:59
AS_NP15_EXP,POD_PNOCHE_1_UNITA1-APND,AS_NP15_EXP,,2009-03-31T07:00:00-00:00,2031-01-01T07:59:59-00:00,2009-03-31T00:00:00,2030-12-31T23:59:59
AS_NP15_EXP,POD_POEPH_7_UNIT 1-APND,AS_NP15_EXP,,2009-03-31T07:00:00-00:00,2031-01-01T07:59:59-00:00,2009-03-31T00:00:00,2030-12-31T23:59:59
AS_NP15_EXP,POD_POEPH_7_UNIT 2-APND,AS_NP15_EXP,,2009-03-31T07:00:00-00:00,2031-01-01T07:59:59-00:00,2009-03-31T00:00:00,2030-12-31T23:59:59
AS_NP15_EXP,POD_RCKCRK_7_UNIT 1-APND,AS_NP15_EXP,,2009-03-31T07:00:00-00:00,2031-01-01T07:59:59-00:00,2009-03-31T00:00:00,2030-12-31T23:59:59
AS_NP15_EXP,POD_RCKCRK_7_UNIT 2-APND,AS_NP15_EXP,,2009-03-31T07:00:00-00:00,2031-01-01T07:59:59-00:00,2009-03-31T00:00:00,2030-12-31T23:59:59
AS_NP15_EXP,POD_RUSCTY_2_UNITS-APND,AS_NP15_EXP,,2013-04-01T07:00:00-00:00,2031-01-01T07:59:59-00:00,2013-04-01T00:00:00,2030-12-31T23:59:59
AS_NP15_EXP,POD_RVRVEW_1_UNITA1-APND,AS_NP15_EXP,,2009-03-31T07:00:00-00:00,2031-01-01T07:59:59-00:00,2009-03-31T00:00:00,2030-12-31T23:59:59
AS_NP15_EXP,POD_SALIRV_2_UNIT-APND,AS_NP15_EXP,,2017-09-01T07:00:00-00:00,2031-01-01T07:59:59-00:00,2017-09-01T00:00:00,2030-12-31T23:59:59
AS_NP15_EXP,POD_SALTSP_7_UNITS-APND,AS_NP15_EXP,,2009-03-31T07:00:00-00:00,2031-01-01T07:59:59-00:00,2009-03-31T00:00:00,2030-12-31T23:59:59
AS_NP15_EXP,POD_SANTFG_7_UNITS-APND,AS_NP15_EXP,,2009-03-31T07:00:00-00:00,2031-01-01T07:59:59-00:00,2009-03-31T00:00:00,2030-12-31T23:59:59
AS_NP15_EXP,POD_SGREGY_6_SANGER-APND,AS_NP15_EXP,,2009-03-31T07:00:00-00:00,2031-01-01T07:59:59-00:00,2009-03-31T00:00:00,2030-12-31T23:59:59
AS_NP15_EXP,POD_SKERN_6_SOLAR1-APND,AS_NP15_EXP,,2015-02-26T08:00:00-00:00,2031-01-01T07:59:59-00:00,2015-02-26T00:00:00,2030-12-31T23:59:59
AS_NP15_EXP,POD_SLST13_2_SOLAR1-APND,AS_NP15_EXP,,2015-06-19T07:00:00-00:00,2031-01-01T07:59:59-00:00,2015-06-19T00:00:00,2030-12-31T23:59:59
AS_NP15_EXP,POD_SMPRIP_1_SMPSON-APND,AS_NP15_EXP,,2009-03-31T07:00:00-00:00,2031-01-01T07:59:59-00:00,2009-03-31T00:00:00,2030-12-31T23:59:59
AS_NP15_EXP,POD_SMUDGO_7_UNIT 1-APND,AS_NP15_EXP,,2009-03-31T07:00:00-00:00,2031-01-01T07:59:59-00:00,2009-03-31T00:00:00,2030-12-31T23:59:59
AS_NP15_EXP,POD_SNDBAR_7_UNIT 1-APND,AS_NP15_EXP,,2017-01-01T08:00:00-00:00,2031-01-01T07:59:59-00:00,2017-01-01T00:00:00,2030-12-31T23:59:59
AS_NP15_EXP,POD_SNMALF_6_UNITS-APND,AS_NP15_EXP,,2009-03-31T07:00:00-00:00,2031-01-01T07:59:59-00:00,2009-03-31T00:00:00,2030-12-31T23:59:59
AS_NP15_EXP,POD_SPI LI_2_UNIT 1-APND,AS_NP15_EXP,,2009-03-31T07:00:00-00:00,2031-01-01T07:59:59-00:00,2009-03-31T00:00:00,2030-12-31T23:59:59
AS_NP15_EXP,POD_SPICER_1_UNITS-APND,AS_NP15_EXP,,2009-03-31T07:00:00-00:00,2031-01-01T07:59:59-00:00,2009-03-31T00:00:00,2030-12-31T23:59:59
AS_NP15_EXP,POD_STANIS_7_UNIT 1-APND,AS_NP15_EXP,,2009-03-31T07:00:00-00:00,2031-01-01T07:59:59-00:00,2009-03-31T00:00:00,2030-12-31T23:59:59
AS_NP15_EXP,POD_SUMWHT_6_SWSSR1-APND,AS_NP15_EXP,,2018-05-29T07:00:00-00:00,2031-01-01T07:59:59-00:00,2018-05-29T00:00:00,2030-12-31T23:59:59
AS_NP15_EXP,POD_TBLMTN_6_QF-APND,AS_NP15_EXP,,2009-03-31T07:00:00-00:00,2031-01-01T07:59:59-00:00,2009-03-31T00:00:00,2030-12-31T23:59:59
AS_NP15_EXP,POD_TIGRCK_7_UNITS-APND,AS_NP15_EXP,,2009-03-31T07:00:00-00:00,2031-01-01T07:59:59-00:00,2009-03-31T00:00:00,2030-12-31T23:59:59
AS_NP15_EXP,POD_TKOPWR_6_HYDRO-APND,AS_NP15_EXP,,2016-04-01T07:00:00-00:00,2031-01-01T07:59:59-00:00,2016-04-01T00:00:00,2030-12-31T23:59:59
AS_NP15_EXP,POD_TRNQL8_2_AMASR1-APND,AS_NP15_EXP,,2017-10-08T07:00:00-00:00,2031-01-01T07:59:59-00:00,2017-10-08T00:00:00,2030-12-31T23:59:59
AS_NP15_EXP,POD_TRNQL8_2_AZUSR1-APND,AS_NP15_EXP,,2017-10-23T07:00:00-00:00,2031-01-01T07:59:59-00:00,2017-10-23T00:00:00,2030-12-31T23:59:59
AS_NP15_EXP,POD_TRNQL8_2_ROJSR1-APND,AS_NP15_EXP,,2017-10-08T07:00:00-00:00,2031-01-01T07:59:59-00:00,2017-10-08T00:00:00,2030-12-31T23:59:59
AS_NP15_EXP,POD_TRNQL8_2_VERSR1-APND,AS_NP15_EXP,,2017-10-08T07:00:00-00:00,2031-01-01T07:59:59-00:00,2017-10-08T00:00:00,2030-12-31T23:59:59
AS_NP15_EXP,POD_TRNQLT_2_SOLAR-APND,AS_NP15_EXP,,2016-02-26T08:00:00-00:00,2031-01-01T07:59:59-00:00,2016-02-26T00:00:00,2030-12-31T23:59:59
AS_NP15_EXP,POD_ULTPFR_1_UNIT 1-APND,AS_NP15_EXP,,2009-03-31T07:00:00-00:00,2031-01-01T07:59:59-00:00,2009-03-31T00:00:00,2030-12-31T23:59:59
AS_NP15_EXP,POD_ULTRCK_2_UNIT-APND,AS_NP15_EXP,,2009-03-31T07:00:00-00:00,2031-01-01T07:59:59-00:00,2009-03-31T00:00:00,2030-12-31T23:59:59
AS_NP15_EXP,POD_UNOCAL_1_UNITS-APND,AS_NP15_EXP,,2009-03-31T07:00:00-00:00,2031-01-01T07:59:59-00:00,2009-03-31T00:00:00,2030-12-31T23:59:59
AS_NP15_EXP,POD_USWND2_1_WIND1-APND,AS_NP15_EXP,,2015-11-08T08:00:00-00:00,2031-01-01T07:59:59-00:00,2015-11-08T00:00:00,2030-12-31T23:59:59
AS_NP15_EXP,POD_USWND2_1_WIND2-APND,AS_NP15_EXP,,2015-11-08T08:00:00-00:00,2031-01-01T07:59:59-00:00,2015-11-08T00:00:00,2030-12-31T23:59:59
AS_NP15_EXP,POD_USWND2_1_WIND3-APND,AS_NP15_EXP,,2017-09-18T07:00:00-00:00,2031-01-01T07:59:59-00:00,2017-09-18T00:00:00,2030-12-31T23:59:59
AS_NP15_EXP,POD_VACADX_1_UNITA1-APND,AS_NP15_EXP,,2009-03-31T07:00:00-00:00,2031-01-01T07:59:59-00:00,2009-03-31T00:00:00,2030-12-31T23:59:59
AS_NP15_EXP,POD_WAUKNA_1_SOLAR2-APND,AS_NP15_EXP,,2015-04-06T07:00:00-00:00,2031-01-01T07:59:59-00:00,2015-04-06T00:00:00,2030-12-31T23:59:59
AS_NP15_EXP,POD_WDLEAF_7_UNIT 1-APND,AS_NP15_EXP,,2009-03-31T07:00:00-00:00,2031-01-01T07:59:59-00:00,2009-03-31T00:00:00,2030-12-31T23:59:59
AS_NP15_EXP,POD_WESTPT_2_UNIT-APND,AS_NP15_EXP,,2009-03-31T07:00:00-00:00,2031-01-01T07:59:59-00:00,2009-03-31T00:00:00,2030-12-31T23:59:59
AS_NP15_EXP,POD_WLDWD_1_SOLAR1-APND,AS_NP15_EXP,,2015-01-22T08:00:00-00:00,2031-01-01T07:59:59-00:00,2015-01-22T00:00:00,2030-12-31T23:59:59
AS_NP15_EXP,POD_YUBACT_1_SUNSWT-APND,AS_NP15_EXP,,2009-03-31T07:00:00-00:00,2031-01-01T07:59:59-00:00,2009-03-31T00:00:00,2030-12-31T23:59:59
AS_NP15_EXP,POD_YUBACT_6_UNITA1-APND,AS_NP15_EXP,,2009-03-31T07:00:00-00:00,2031-01-01T07:59:59-00:00,2009-03-31T00:00:00,2030-12-31T23:59:59
AS_NP15_EXP,POD_ZOND_6_UNIT-APND,AS_NP15_EXP,,2009-03-31T07:00:00-00:00,2031-01-01T07:59:59-00:00,2009-03-31T00:00:00,2030-12-31T23:59:59
AS_NP15_EXP,POE1_7_B1,AS_NP15_EXP,,2009-03-31T07:00:00-00:00,2031-01-01T07:59:59-00:00,2009-03-31T00:00:00,2030-12-31T23:59:59
AS_NP15_EXP,POE2_7_B1,AS_NP15_EXP,,2009-03-31T07:00:00-00:00,2031-01-01T07:59:59-00:00,2009-03-31T00:00:00,2030-12-31T23:59:59
AS_NP15_EXP,POE_2_B1,AS_NP15_EXP,,2017-08-17T07:00:00-00:00,2031-01-01T07:59:59-00:00,2017-08-17T00:00:00,2030-12-31T23:59:59
AS_NP15_EXP,POLPASPP_6_N002,AS_NP15_EXP,,2009-03-31T07:00:00-00:00,2031-01-01T07:59:59-00:00,2009-03-31T00:00:00,2030-12-31T23:59:59
AS_NP15_EXP,POST_1_N001,AS_NP15_EXP,,2009-03-31T07:00:00-00:00,2031-01-01T07:59:59-00:00,2009-03-31T00:00:00,2030-12-31T23:59:59
AS_NP15_EXP,POTRERO_1_N001,AS_NP15_EXP,,2009-03-31T07:00:00-00:00,2031-01-01T07:59:59-00:00,2009-03-31T00:00:00,2030-12-31T23:59:59
AS_NP15_EXP,POTRERO_1_N013,AS_NP15_EXP,,2009-03-31T07:00:00-00:00,2031-01-01T07:59:59-00:00,2009-03-31T00:00:00,2030-12-31T23:59:59
AS_NP15_EXP,POTRERO_1_N016,AS_NP15_EXP,,2009-03-31T07:00:00-00:00,2031-01-01T07:59:59-00:00,2009-03-31T00:00:00,2030-12-31T23:59:59
AS_NP15_EXP,POTRERO_1_N049,AS_NP15_EXP,,2009-06-25T07:00:00-00:00,2031-01-01T07:59:59-00:00,2009-06-25T00:00:00,2030-12-31T23:59:59
AS_NP15_EXP,POTTRVLY_7_N001,AS_NP15_EXP,,2009-03-31T07:00:00-00:00,2031-01-01T07:59:59-00:00,2009-03-31T00:00:00,2030-12-31T23:59:59
AS_NP15_EXP,POTTRVLY_7_N002,AS_NP15_EXP,,2009-03-31T07:00:00-00:00,2031-01-01T07:59:59-00:00,2009-03-31T00:00:00,2030-12-31T23:59:59
AS_NP15_EXP,POTTRVLY_7_N003,AS_NP15_EXP,,2009-03-31T07:00:00-00:00,2031-01-01T07:59:59-00:00,2009-03-31T00:00:00,2030-12-31T23:59:59
AS_NP15_EXP,PPSTLTAP_1_N001,AS_NP15_EXP,,2009-03-31T07:00:00-00:00,2031-01-01T07:59:59-00:00,2009-03-31T00:00:00,2030-12-31T23:59:59
AS_NP15_EXP,PPSTLTAP_1_N104,AS_NP15_EXP,,2009-03-31T07:00:00-00:00,2031-01-01T07:59:59-00:00,2009-03-31T00:00:00,2030-12-31T23:59:59
AS_NP15_EXP,PRAXAIR_1_B1,AS_NP15_EXP,,2009-03-31T07:00:00-00:00,2031-01-01T07:59:59-00:00,2009-03-31T00:00:00,2030-12-31T23:59:59
AS_NP15_EXP,PRAXAIR_1_GN001,AS_NP15_EXP,,2009-12-17T08:00:00-00:00,2031-01-01T07:59:59-00:00,2009-12-17T00:00:00,2030-12-31T23:59:59
AS_NP15_EXP,PROXSR_7_N003,AS_NP15_EXP,,2025-05-13T07:00:00-00:00,2031-01-01T07:59:59-00:00,2025-05-13T00:00:00,2030-12-31T23:59:59
AS_NP15_EXP,PROXSR_7_N004,AS_NP15_EXP,,2025-05-13T07:00:00-00:00,2031-01-01T07:59:59-00:00,2025-05-13T00:00:00,2030-12-31T23:59:59
AS_NP15_EXP,PROXSR_7_N005,AS_NP15_EXP,,2025-05-13T07:00:00-00:00,2031-01-01T07:59:59-00:00,2025-05-13T00:00:00,2030-12-31T23:59:59
AS_NP15_EXP,PROXSR_7_N006,AS_NP15_EXP,,2025-05-13T07:00:00-00:00,2031-01-01T07:59:59-00:00,2025-05-13T00:00:00,2030-12-31T23:59:59
AS_NP15_EXP,PROXSR_7_N007,AS_NP15_EXP,,2025-05-13T07:00:00-00:00,2031-01-01T07:59:59-00:00,2025-05-13T00:00:00,2030-12-31T23:59:59
AS_NP15_EXP,PRTCSTA_6_N001,AS_NP15_EXP,,2009-03-31T07:00:00-00:00,2031-01-01T07:59:59-00:00,2009-03-31T00:00:00,2030-12-31T23:59:59
AS_NP15_EXP,PRUNEDLE_1_N001,AS_NP15_EXP,,2009-03-31T07:00:00-00:00,2031-01-01T07:59:59-00:00,2009-03-31T00:00:00,2030-12-31T23:59:59
AS_NP15_EXP,PRUNEDLE_1_N002,AS_NP15_EXP,,2009-03-31T07:00:00-00:00,2031-01-01T07:59:59-00:00,2009-03-31T00:00:00,2030-12-31T23:59:59
AS_NP15_EXP,PRUNEDLE_1_N004,AS_NP15_EXP,,2009-03-31T07:00:00-00:00,2031-01-01T07:59:59-00:00,2009-03-31T00:00:00,2030-12-31T23:59:59
AS_NP15_EXP,PSEUDO1B_1_N002,AS_NP15_EXP,,2009-03-31T07:00:00-00:00,2031-01-01T07:59:59-00:00,2009-03-31T00:00:00,2030-12-31T23:59:59
AS_NP15_EXP,PSEUDO1_1_N001,AS_NP15_EXP,,2009-06-25T07:00:00-00:00,2031-01-01T07:59:59-00:00,2009-06-25T00:00:00,2030-12-31T23:59:59
AS_NP15_EXP,PSEUDO4_1_N001,AS_NP15_EXP,,2009-03-31T07:00:00-00:00,2031-01-01T07:59:59-00:00,2009-03-31T00:00:00,2030-12-31T23:59:59
AS_NP15_EXP,PSQUINCY_6_GN001,AS_NP15_EXP,,2025-05-13T07:00:00-00:00,2031-01-01T07:59:59-00:00,2025-05-13T00:00:00,2030-12-31T23:59:59
AS_NP15_EXP,PSQUINCY_6_N001,AS_NP15_EXP,,2009-03-31T07:00:00-00:00,2031-01-01T07:59:59-00:00,2009-03-31T00:00:00,2030-12-31T23:59:59
AS_NP15_EXP,PSQUINCY_6_N005,AS_NP15_EXP,,2021-10-06T07:00:00-00:00,2031-01-01T07:59:59-00:00,2021-10-06T00:00:00,2030-12-31T23:59:59
AS_NP15_EXP,PSTCKTN_6_LN001,AS_NP15_EXP,,2014-04-17T07:00:00-00:00,2031-01-01T07:59:59-00:00,2014-04-17T00:00:00,2030-12-31T23:59:59
AS_NP15_EXP,PTHLGEN_7_N001,AS_NP15_EXP,,2015-10-22T07:00:00-00:00,2031-01-01T07:59:59-00:00,2015-10-22T00:00:00,2030-12-31T23:59:59
AS_NP15_EXP,PTHLGEN_7_N002,AS_NP15_EXP,,2025-05-13T07:00:00-00:00,2031-01-01T07:59:59-00:00,2025-05-13T00:00:00,2030-12-31T23:59:59
AS_NP15_EXP,PTMRTTI_6_N001,AS_NP15_EXP,,2009-03-31T07:00:00-00:00,2031-01-01T07:59:59-00:00,2009-03-31T00:00:00,2030-12-31T23:59:59
AS_NP15_EXP,PTRRO230_2_LD1CN,AS_NP15_EXP,,2021-03-17T07:00:00-00:00,2031-01-01T07:59:59-00:00,2021-03-17T00:00:00,2030-12-31T23:59:59
AS_NP15_EXP,PTS7SWNG_7_B2,AS_NP15_EXP,,2009-03-31T07:00:00-00:00,2031-01-01T07:59:59-00:00,2009-03-31T00:00:00,2030-12-31T23:59:59
AS_NP15_EXP,PTSB5_7_B2,AS_NP15_EXP,,2009-03-31T07:00:00-00:00,2031-01-01T07:59:59-00:00,2009-03-31T00:00:00,2030-12-31T23:59:59
AS_NP15_EXP,PTSB6_7_B2,AS_NP15_EXP,,2009-03-31T07:00:00-00:00,2031-01-01T07:59:59-00:00,2009-03-31T00:00:00,2030-12-31T23:59:59
AS_NP15_EXP,PTTRVLY_6_N001,AS_NP15_EXP,,2009-03-31T07:00:00-00:00,2031-01-01T07:59:59-00:00,2009-03-31T00:00:00,2030-12-31T23:59:59
AS_NP15_EXP,PUEBLOPG_1_N001,AS_NP15_EXP,,2023-11-15T08:00:00-00:00,2031-01-01T07:59:59-00:00,2023-11-15T00:00:00,2030-12-31T23:59:59
AS_NP15_EXP,PUEBLOPG_1_N010,AS_NP15_EXP,,2023-11-15T08:00:00-00:00,2031-01-01T07:59:59-00:00,2023-11-15T00:00:00,2030-12-31T23:59:59
AS_NP15_EXP,PUEBLOPG_1_NLD3,AS_NP15_EXP,,2022-06-15T07:00:00-00:00,2031-01-01T07:59:59-00:00,2022-06-15T00:00:00,2030-12-31T23:59:59
AS_NP15_EXP,PUTCR_7_N001,AS_NP15_EXP,,2014-11-13T08:00:00-00:00,2031-01-01T07:59:59-00:00,2014-11-13T00:00:00,2030-12-31T23:59:59
AS_NP15_EXP,PUTCR_7_N002,AS_NP15_EXP,,2025-05-13T07:00:00-00:00,2031-01-01T07:59:59-00:00,2025-05-13T00:00:00,2030-12-31T23:59:59
AS_NP15_EXP,PUTHCRK_1_N011,AS_NP15_EXP,,2021-10-06T07:00:00-00:00,2031-01-01T07:59:59-00:00,2021-10-06T00:00:00,2030-12-31T23:59:59
AS_NP15_EXP,PUTHCR_7_N004,AS_NP15_EXP,,2025-05-13T07:00:00-00:00,2031-01-01T07:59:59-00:00,2025-05-13T00:00:00,2030-12-31T23:59:59
AS_NP15_EXP,Q045CTG1_7_N001,AS_NP15_EXP,,2012-12-19T08:00:00-00:00,2031-01-01T07:59:59-00:00,2012-12-19T00:00:00,2030-12-31T23:59:59
AS_NP15_EXP,Q045CTG1_7_N002,AS_NP15_EXP,,2012-12-19T08:00:00-00:00,2031-01-01T07:59:59-00:00,2012-12-19T00:00:00,2030-12-31T23:59:59
AS_NP15_EXP,Q045CTG2_7_N001,AS_NP15_EXP,,2012-12-19T08:00:00-00:00,2031-01-01T07:59:59-00:00,2012-12-19T00:00:00,2030-12-31T23:59:59
AS_NP15_EXP,Q045CTG2_7_N002,AS_NP15_EXP,,2012-12-19T08:00:00-00:00,2031-01-01T07:59:59-00:00,2012-12-19T00:00:00,2030-12-31T23:59:59
AS_NP15_EXP,Q0577SS_2_B1,AS_NP15_EXP,,2015-06-19T07:00:00-00:00,2031-01-01T07:59:59-00:00,2015-06-19T00:00:00,2030-12-31T23:59:59
AS_NP15_EXP,Q067STG1_7_N001,AS_NP15_EXP,,2012-12-19T08:00:00-00:00,2031-01-01T07:59:59-00:00,2012-12-19T00:00:00,2030-12-31T23:59:59
AS_NP15_EXP,Q067STG1_7_N002,AS_NP15_EXP,,2012-12-19T08:00:00-00:00,2031-01-01T07:59:59-00:00,2012-12-19T00:00:00,2030-12-31T23:59:59
AS_NP15_EXP,Q1032C2_7_N001,AS_NP15_EXP,,2017-08-17T07:00:00-00:00,2031-01-01T07:59:59-00:00,2017-08-17T00:00:00,2030-12-31T23:59:59
AS_NP15_EXP,Q1032C2_7_N002,AS_NP15_EXP,,2017-08-17T07:00:00-00:00,2031-01-01T07:59:59-00:00,2017-08-17T00:00:00,2030-12-31T23:59:59
AS_NP15_EXP,Q1032C2_7_N003,AS_NP15_EXP,,2017-08-17T07:00:00-00:00,2031-01-01T07:59:59-00:00,2017-08-17T00:00:00,2030-12-31T23:59:59
AS_NP15_EXP,Q1032C2_7_N004,AS_NP15_EXP,,2017-08-17T07:00:00-00:00,2031-01-01T07:59:59-00:00,2017-08-17T00:00:00,2030-12-31T23:59:59
AS_NP15_EXP,Q477_7_B1,AS_NP15_EXP,,2025-05-13T07:00:00-00:00,2031-01-01T07:59:59-00:00,2025-05-13T00:00:00,2030-12-31T23:59:59
AS_NP15_EXP,Q477_7_ND002,AS_NP15_EXP,,2011-10-14T07:00:00-00:00,2031-01-01T07:59:59-00:00,2011-10-14T00:00:00,2030-12-31T23:59:59
AS_NP15_EXP,Q481_7_GN001,AS_NP15_EXP,,2023-05-05T07:00:00-00:00,2031-01-01T07:59:59-00:00,2023-05-05T00:00:00,2030-12-31T23:59:59
AS_NP15_EXP,Q526C2_7_N006,AS_NP15_EXP,,2017-08-17T07:00:00-00:00,2031-01-01T07:59:59-00:00,2017-08-17T00:00:00,2030-12-31T23:59:59
AS_NP15_EXP,Q526TP_6_B1,AS_NP15_EXP,,2017-08-17T07:00:00-00:00,2031-01-01T07:59:59-00:00,2017-08-17T00:00:00,2030-12-31T23:59:59
AS_NP15_EXP,Q532C2_7_N001,AS_NP15_EXP,,2025-05-13T07:00:00-00:00,2031-01-01T07:59:59-00:00,2025-05-13T00:00:00,2030-12-31T23:59:59
AS_NP15_EXP,Q548_7_N001,AS_NP15_EXP,,2025-05-13T07:00:00-00:00,2031-01-01T07:59:59-00:00,2025-05-13T00:00:00,2030-12-31T23:59:59
AS_NP15_EXP,Q607GEN_7_N002,AS_NP15_EXP,,2015-01-15T08:00:00-00:00,2031-01-01T07:59:59-00:00,2015-01-15T00:00:00,2030-12-31T23:59:59
AS_NP15_EXP,Q643G_6_N002,AS_NP15_EXP,,2014-08-28T07:00:00-00:00,2031-01-01T07:59:59-00:00,2014-08-28T00:00:00,2030-12-31T23:59:59
AS_NP15_EXP,Q643G_7_N001,AS_NP15_EXP,,2025-05-13T07:00:00-00:00,2031-01-01T07:59:59-00:00,2025-05-13T00:00:00,2030-12-31T23:59:59
AS_NP15_EXP,Q643WC2_7_N001,AS_NP15_EXP,,2025-05-13T07:00:00-00:00,2031-01-01T07:59:59-00:00,2025-05-13T00:00:00,2030-12-31T23:59:59
AS_NP15_EXP,Q643WC2_7_N002,AS_NP15_EXP,,2017-05-01T07:00:00-00:00,2031-01-01T07:59:59-00:00,2017-05-01T00:00:00,2030-12-31T23:59:59
AS_NP15_EXP,Q643WC2_7_N003,AS_NP15_EXP,,2025-05-13T07:00:00-00:00,2031-01-01T07:59:59-00:00,2025-05-13T00:00:00,2030-12-31T23:59:59
AS_NP15_EXP,Q643W_7_N004,AS_NP15_EXP,,2025-05-13T07:00:00-00:00,2031-01-01T07:59:59-00:00,2025-05-13T00:00:00,2030-12-31T23:59:59
AS_NP15_EXP,Q643XC2_7_N001,AS_NP15_EXP,,2017-08-17T07:00:00-00:00,2031-01-01T07:59:59-00:00,2017-08-17T00:00:00,2030-12-31T23:59:59
AS_NP15_EXP,Q643XC2_7_N002,AS_NP15_EXP,,2025-05-13T07:00:00-00:00,2031-01-01T07:59:59-00:00,2025-05-13T00:00:00,2030-12-31T23:59:59
AS_NP15_EXP,Q678C2_7_N001,AS_NP15_EXP,,2017-08-17T07:00:00-00:00,2031-01-01T07:59:59-00:00,2017-08-17T00:00:00,2030-12-31T23:59:59
AS_NP15_EXP,Q678SS_1_B1,AS_NP15_EXP,,2017-08-17T07:00:00-00:00,2031-01-01T07:59:59-00:00,2017-08-17T00:00:00,2030-12-31T23:59:59
AS_NP15_EXP,Q679C2_7_N001,AS_NP15_EXP,,2017-08-17T07:00:00-00:00,2031-01-01T07:59:59-00:00,2017-08-17T00:00:00,2030-12-31T23:59:59
AS_NP15_EXP,Q723EQ2_7_N001,AS_NP15_EXP,,2025-05-13T07:00:00-00:00,2031-01-01T07:59:59-00:00,2025-05-13T00:00:00,2030-12-31T23:59:59
AS_NP15_EXP,Q829GEN_7_N001,AS_NP15_EXP,,2016-02-11T08:00:00-00:00,2031-01-01T07:59:59-00:00,2016-02-11T00:00:00,2030-12-31T23:59:59
AS_NP15_EXP,Q829GEN_7_N002,AS_NP15_EXP,,2016-02-11T08:00:00-00:00,2031-01-01T07:59:59-00:00,2016-02-11T00:00:00,2030-12-31T23:59:59
AS_NP15_EXP,Q965C2_7_N001,AS_NP15_EXP,,2025-05-13T07:00:00-00:00,2031-01-01T07:59:59-00:00,2025-05-13T00:00:00,2030-12-31T23:59:59
AS_NP15_EXP,RADUM_6_N001,AS_NP15_EXP,,2009-03-31T07:00:00-00:00,2031-01-01T07:59:59-00:00,2009-03-31T00:00:00,2030-12-31T23:59:59
AS_NP15_EXP,RADUM_6_N004,AS_NP15_EXP,,2009-03-31T07:00:00-00:00,2031-01-01T07:59:59-00:00,2009-03-31T00:00:00,2030-12-31T23:59:59
AS_NP15_EXP,RAILRC_1_B2,AS_NP15_EXP,,2022-03-17T07:00:00-00:00,2031-01-01T07:59:59-00:00,2022-03-17T00:00:00,2030-12-31T23:59:59
AS_NP15_EXP,RAINBOW_1_N001,AS_NP15_EXP,,2009-03-31T07:00:00-00:00,2031-01-01T07:59:59-00:00,2009-03-31T00:00:00,2030-12-31T23:59:59
AS_NP15_EXP,RALSTON_2_B1,AS_NP15_EXP,,2017-08-17T07:00:00-00:00,2031-01-01T07:59:59-00:00,2017-08-17T00:00:00,2030-12-31T23:59:59
AS_NP15_EXP,RALSTON_6_N001,AS_NP15_EXP,,2009-03-31T07:00:00-00:00,2031-01-01T07:59:59-00:00,2009-03-31T00:00:00,2030-12-31T23:59:59
AS_NP15_EXP,RALSTON_6_N002,AS_NP15_EXP,,2009-03-31T07:00:00-00:00,2031-01-01T07:59:59-00:00,2009-03-31T00:00:00,2030-12-31T23:59:59
AS_NP15_EXP,RALSTON_7_B1,AS_NP15_EXP,,2009-03-31T07:00:00-00:00,2031-01-01T07:59:59-00:00,2009-03-31T00:00:00,2030-12-31T23:59:59
AS_NP15_EXP,RALSTTPB_6_N008,AS_NP15_EXP,,2011-08-12T07:00:00-00:00,2031-01-01T07:59:59-00:00,2011-08-12T00:00:00,2030-12-31T23:59:59
AS_NP15_EXP,RANCHRS_1_N001,AS_NP15_EXP,,2009-03-31T07:00:00-00:00,2031-01-01T07:59:59-00:00,2009-03-31T00:00:00,2030-12-31T23:59:59
AS_NP15_EXP,RAWSON_6_N001,AS_NP15_EXP,,2009-03-31T07:00:00-00:00,2031-01-01T07:59:59-00:00,2009-03-31T00:00:00,2030-12-31T23:59:59
AS_NP15_EXP,RAWSON_6_N002,AS_NP15_EXP,,2009-03-31T07:00:00-00:00,2031-01-01T07:59:59-00:00,2009-03-31T00:00:00,2030-12-31T23:59:59
AS_NP15_EXP,RAYCHEM_6_N001,AS_NP15_EXP,,2009-03-31T07:00:00-00:00,2031-01-01T07:59:59-00:00,2009-03-31T00:00:00,2030-12-31T23:59:59
AS_NP15_EXP,RDBLFPP_6_N001,AS_NP15_EXP,,2012-03-22T07:00:00-00:00,2031-01-01T07:59:59-00:00,2012-03-22T00:00:00,2030-12-31T23:59:59
AS_NP15_EXP,RDWDLNDF_7_N001,AS_NP15_EXP,,2025-05-13T07:00:00-00:00,2031-01-01T07:59:59-00:00,2025-05-13T00:00:00,2030-12-31T23:59:59
AS_NP15_EXP,REDBLFF_6_N001,AS_NP15_EXP,,2009-03-31T07:00:00-00:00,2031-01-01T07:59:59-00:00,2009-03-31T00:00:00,2030-12-31T23:59:59
AS_NP15_EXP,REDBLFF_6_N004,AS_NP15_EXP,,2009-03-31T07:00:00-00:00,2031-01-01T07:59:59-00:00,2009-03-31T00:00:00,2030-12-31T23:59:59
AS_NP15_EXP,REDBLFF_6_N005,AS_NP15_EXP,,2009-03-31T07:00:00-00:00,2031-01-01T07:59:59-00:00,2009-03-31T00:00:00,2030-12-31T23:59:59
AS_NP15_EXP,REDBLFF_6_N008,AS_NP15_EXP,,2012-06-14T07:00:00-00:00,2031-01-01T07:59:59-00:00,2012-06-14T00:00:00,2030-12-31T23:59:59
AS_NP15_EXP,REDBUD_1_N001,AS_NP15_EXP,,2009-03-31T07:00:00-00:00,2031-01-01T07:59:59-00:00,2009-03-31T00:00:00,2030-12-31T23:59:59
AS_NP15_EXP,REDBUD_1_N004,AS_NP15_EXP,,2009-03-31T07:00:00-00:00,2031-01-01T07:59:59-00:00,2009-03-31T00:00:00,2030-12-31T23:59:59
AS_NP15_EXP,REDWOOD_6_N001,AS_NP15_EXP,,2009-03-31T07:00:00-00:00,2031-01-01T07:59:59-00:00,2009-03-31T00:00:00,2030-12-31T23:59:59
AS_NP15_EXP,REDWOOD_6_N002,AS_NP15_EXP,,2009-03-31T07:00:00-00:00,2031-01-01T07:59:59-00:00,2009-03-31T00:00:00,2030-12-31T23:59:59
AS_NP15_EXP,REDWOOD_6_N005,AS_NP15_EXP,,2009-03-31T07:00:00-00:00,2031-01-01T07:59:59-00:00,2009-03-31T00:00:00,2030-12-31T23:59:59
AS_NP15_EXP,REDWOOD_6_N006,AS_NP15_EXP,,2009-03-31T07:00:00-00:00,2031-01-01T07:59:59-00:00,2009-03-31T00:00:00,2030-12-31T23:59:59
AS_NP15_EXP,REDWOOD_6_N007,AS_NP15_EXP,,2009-03-31T07:00:00-00:00,2031-01-01T07:59:59-00:00,2009-03-31T00:00:00,2030-12-31T23:59:59
AS_NP15_EXP,REEDLEY_1_N001,AS_NP15_EXP,,2012-03-22T07:00:00-00:00,2031-01-01T07:59:59-00:00,2012-03-22T00:00:00,2030-12-31T23:59:59
AS_NP15_EXP,REEDLEY_6_N001,AS_NP15_EXP,,2013-07-18T07:00:00-00:00,2031-01-01T07:59:59-00:00,2013-07-18T00:00:00,2030-12-31T23:59:59
AS_NP15_EXP,REEDLEY_7_N002,AS_NP15_EXP,,2025-05-13T07:00:00-00:00,2031-01-01T07:59:59-00:00,2025-05-13T00:00:00,2030-12-31T23:59:59
AS_NP15_EXP,RESERVE_6_N001,AS_NP15_EXP,,2009-03-31T07:00:00-00:00,2031-01-01T07:59:59-00:00,2009-03-31T00:00:00,2030-12-31T23:59:59
AS_NP15_EXP,RICE_6_N002,AS_NP15_EXP,,2009-03-31T07:00:00-00:00,2031-01-01T07:59:59-00:00,2009-03-31T00:00:00,2030-12-31T23:59:59
AS_NP15_EXP,RICE_6_N101,AS_NP15_EXP,,2009-03-31T07:00:00-00:00,2031-01-01T07:59:59-00:00,2009-03-31T00:00:00,2030-12-31T23:59:59
AS_NP15_EXP,RICHGEN_7_N001,AS_NP15_EXP,,2016-02-11T08:00:00-00:00,2031-01-01T07:59:59-00:00,2016-02-11T00:00:00,2030-12-31T23:59:59
AS_NP15_EXP,RICHGEN_7_N002,AS_NP15_EXP,,2025-05-13T07:00:00-00:00,2031-01-01T07:59:59-00:00,2025-05-13T00:00:00,2030-12-31T23:59:59
AS_NP15_EXP,RICHGN2_7_N001,AS_NP15_EXP,,2025-05-13T07:00:00-00:00,2031-01-01T07:59:59-00:00,2025-05-13T00:00:00,2030-12-31T23:59:59
AS_NP15_EXP,RICHMOND_1_B1,AS_NP15_EXP,,2013-07-18T07:00:00-00:00,2031-01-01T07:59:59-00:00,2013-07-18T00:00:00,2030-12-31T23:59:59
AS_NP15_EXP,RICHMOND_1_GN001,AS_NP15_EXP,,2009-12-17T08:00:00-00:00,2031-01-01T07:59:59-00:00,2009-12-17T00:00:00,2030-12-31T23:59:59
AS_NP15_EXP,RICHMOND_1_N001,AS_NP15_EXP,,2013-09-19T07:00:00-00:00,2031-01-01T07:59:59-00:00,2013-09-19T00:00:00,2030-12-31T23:59:59
AS_NP15_EXP,RICHMOND_1_N004,AS_NP15_EXP,,2025-05-13T07:00:00-00:00,2031-01-01T07:59:59-00:00,2025-05-13T00:00:00,2030-12-31T23:59:59
AS_NP15_EXP,RINCON_1_N001,AS_NP15_EXP,,2009-03-31T07:00:00-00:00,2031-01-01T07:59:59-00:00,2009-03-31T00:00:00,2030-12-31T23:59:59
AS_NP15_EXP,RINCON_1_N003,AS_NP15_EXP,,2009-03-31T07:00:00-00:00,2031-01-01T07:59:59-00:00,2009-03-31T00:00:00,2030-12-31T23:59:59
AS_NP15_EXP,RIODELL_6_N001,AS_NP15_EXP,,2009-03-31T07:00:00-00:00,2031-01-01T07:59:59-00:00,2009-03-31T00:00:00,2030-12-31T23:59:59
AS_NP15_EXP,RIODELL_6_N005,AS_NP15_EXP,,2024-05-15T07:00:00-00:00,2031-01-01T07:59:59-00:00,2024-05-15T00:00:00,2030-12-31T23:59:59
AS_NP15_EXP,RIODELL_6_N009,AS_NP15_EXP,,2024-05-15T07:00:00-00:00,2031-01-01T07:59:59-00:00,2024-05-15T00:00:00,2030-12-31T23:59:59
AS_NP15_EXP,RIODLLTP_6_B1,AS_NP15_EXP,,2017-08-17T07:00:00-00:00,2031-01-01T07:59:59-00:00,2017-08-17T00:00:00,2030-12-31T23:59:59
AS_NP15_EXP,RIOOSO_1_N033,AS_NP15_EXP,,2025-05-13T07:00:00-00:00,2031-01-01T07:59:59-00:00,2025-05-13T00:00:00,2030-12-31T23:59:59
AS_NP15_EXP,RIPONGEN_7_N021,AS_NP15_EXP,,2025-12-17T08:00:00-00:00,2031-01-01T07:59:59-00:00,2025-12-17T00:00:00,2030-12-31T23:59:59
AS_NP15_EXP,RIPON_1_N001,AS_NP15_EXP,,2025-12-17T08:00:00-00:00,2031-01-01T07:59:59-00:00,2025-12-17T00:00:00,2030-12-31T23:59:59
AS_NP15_EXP,RIPON_1_N008,AS_NP15_EXP,,2016-05-19T07:00:00-00:00,2031-01-01T07:59:59-00:00,2016-05-19T00:00:00,2030-12-31T23:59:59
AS_NP15_EXP,RIVERROC_6_N001,AS_NP15_EXP,,2009-03-31T07:00:00-00:00,2031-01-01T07:59:59-00:00,2009-03-31T00:00:00,2030-12-31T23:59:59
AS_NP15_EXP,RIVERVEW_1_N003,AS_NP15_EXP,,2009-06-25T07:00:00-00:00,2031-01-01T07:59:59-00:00,2009-06-25T00:00:00,2030-12-31T23:59:59
AS_NP15_EXP,RIVERVG1_7_B1,AS_NP15_EXP,,2009-03-31T07:00:00-00:00,2031-01-01T07:59:59-00:00,2009-03-31T00:00:00,2030-12-31T23:59:59
AS_NP15_EXP,RIVRBANK_1_N001,AS_NP15_EXP,,2009-03-31T07:00:00-00:00,2031-01-01T07:59:59-00:00,2009-03-31T00:00:00,2030-12-31T23:59:59
AS_NP15_EXP,RNCHSECO_2_N011,AS_NP15_EXP,,2018-11-29T08:00:00-00:00,2031-01-01T07:59:59-00:00,2018-11-29T00:00:00,2030-12-31T23:59:59
AS_NP15_EXP,RNCHSECO_2_N012,AS_NP15_EXP,,2018-11-29T08:00:00-00:00,2031-01-01T07:59:59-00:00,2018-11-29T00:00:00,2030-12-31T23:59:59
AS_NP15_EXP,RNCHSECO_2_N013,AS_NP15_EXP,,2018-11-29T08:00:00-00:00,2031-01-01T07:59:59-00:00,2018-11-29T00:00:00,2030-12-31T23:59:59
AS_NP15_EXP,RNCHSECO_2_N014,AS_NP15_EXP,,2018-11-29T08:00:00-00:00,2031-01-01T07:59:59-00:00,2018-11-29T00:00:00,2030-12-31T23:59:59
AS_NP15_EXP,RNCHSECO_2_N015,AS_NP15_EXP,,2018-11-29T08:00:00-00:00,2031-01-01T07:59:59-00:00,2018-11-29T00:00:00,2030-12-31T23:59:59
AS_NP15_EXP,RNCHSECO_2_N016,AS_NP15_EXP,,2018-11-29T08:00:00-00:00,2031-01-01T07:59:59-00:00,2018-11-29T00:00:00,2030-12-31T23:59:59
AS_NP15_EXP,RNCHSECO_2_N021,AS_NP15_EXP,,2018-11-29T08:00:00-00:00,2031-01-01T07:59:59-00:00,2018-11-29T00:00:00,2030-12-31T23:59:59
AS_NP15_EXP,RNCHSECO_2_N022,AS_NP15_EXP,,2018-11-29T08:00:00-00:00,2031-01-01T07:59:59-00:00,2018-11-29T00:00:00,2030-12-31T23:59:59
AS_NP15_EXP,RNCHSECO_2_N023,AS_NP15_EXP,,2018-11-29T08:00:00-00:00,2031-01-01T07:59:59-00:00,2018-11-29T00:00:00,2030-12-31T23:59:59
AS_NP15_EXP,RNCHSECO_2_N024,AS_NP15_EXP,,2018-11-29T08:00:00-00:00,2031-01-01T07:59:59-00:00,2018-11-29T00:00:00,2030-12-31T23:59:59
AS_NP15_EXP,RNCHSECO_2_N025,AS_NP15_EXP,,2018-11-29T08:00:00-00:00,2031-01-01T07:59:59-00:00,2018-11-29T00:00:00,2030-12-31T23:59:59
AS_NP15_EXP,RNCHSECO_2_N026,AS_NP15_EXP,,2018-11-29T08:00:00-00:00,2031-01-01T07:59:59-00:00,2018-11-29T00:00:00,2030-12-31T23:59:59
AS_NP15_EXP,RNCHSECO_2_N027,AS_NP15_EXP,,2018-11-29T08:00:00-00:00,2031-01-01T07:59:59-00:00,2018-11-29T00:00:00,2030-12-31T23:59:59
AS_NP15_EXP,RNCHSECO_2_N028,AS_NP15_EXP,,2018-11-29T08:00:00-00:00,2031-01-01T07:59:59-00:00,2018-11-29T00:00:00,2030-12-31T23:59:59
AS_NP15_EXP,RNCHSECO_2_N107,AS_NP15_EXP,,2018-11-29T08:00:00-00:00,2031-01-01T07:59:59-00:00,2018-11-29T00:00:00,2030-12-31T23:59:59
AS_NP15_EXP,RNCHSECO_2_N109,AS_NP15_EXP,,2018-11-29T08:00:00-00:00,2031-01-01T07:59:59-00:00,2018-11-29T00:00:00,2030-12-31T23:59:59
AS_NP15_EXP,ROBROY_1_N001,AS_NP15_EXP,,2009-03-31T07:00:00-00:00,2031-01-01T07:59:59-00:00,2009-03-31T00:00:00,2030-12-31T23:59:59
AS_NP15_EXP,ROCKCK1_7_B1,AS_NP15_EXP,,2022-03-17T07:00:00-00:00,2031-01-01T07:59:59-00:00,2022-03-17T00:00:00,2030-12-31T23:59:59
AS_NP15_EXP,ROCKCK2_7_B1,AS_NP15_EXP,,2022-03-17T07:00:00-00:00,2031-01-01T07:59:59-00:00,2022-03-17T00:00:00,2030-12-31T23:59:59
AS_NP15_EXP,ROCKCRK_2_B1,AS_NP15_EXP,,2017-08-17T07:00:00-00:00,2031-01-01T07:59:59-00:00,2017-08-17T00:00:00,2030-12-31T23:59:59
AS_NP15_EXP,ROCKCRK_2_B11,AS_NP15_EXP,,2017-08-17T07:00:00-00:00,2031-01-01T07:59:59-00:00,2017-08-17T00:00:00,2030-12-31T23:59:59
AS_NP15_EXP,ROCKLIN_6_N001,AS_NP15_EXP,,2009-03-31T07:00:00-00:00,2031-01-01T07:59:59-00:00,2009-03-31T00:00:00,2030-12-31T23:59:59
AS_NP15_EXP,ROCKLIN_6_N003,AS_NP15_EXP,,2009-03-31T07:00:00-00:00,2031-01-01T07:59:59-00:00,2009-03-31T00:00:00,2030-12-31T23:59:59
AS_NP15_EXP,ROGH-RDY_6_N001,AS_NP15_EXP,,2009-03-31T07:00:00-00:00,2031-01-01T07:59:59-00:00,2009-03-31T00:00:00,2030-12-31T23:59:59
AS_NP15_EXP,ROLLINSF_7_B1,AS_NP15_EXP,,2025-05-13T07:00:00-00:00,2031-01-01T07:59:59-00:00,2025-05-13T00:00:00,2030-12-31T23:59:59
AS_NP15_EXP,ROSSMOOR_2_N001,AS_NP15_EXP,,2009-03-31T07:00:00-00:00,2031-01-01T07:59:59-00:00,2009-03-31T00:00:00,2030-12-31T23:59:59
AS_NP15_EXP,ROSSMOOR_2_N101,AS_NP15_EXP,,2009-03-31T07:00:00-00:00,2031-01-01T07:59:59-00:00,2009-03-31T00:00:00,2030-12-31T23:59:59
AS_NP15_EXP,ROUNDMT_2_B1,AS_NP15_EXP,,2017-08-17T07:00:00-00:00,2031-01-01T07:59:59-00:00,2017-08-17T00:00:00,2030-12-31T23:59:59
AS_NP15_EXP,ROUNDMT_2_N034,AS_NP15_EXP,,2025-05-13T07:00:00-00:00,2031-01-01T07:59:59-00:00,2025-05-13T00:00:00,2030-12-31T23:59:59
AS_NP15_EXP,ROUNDMT_5_B1,AS_NP15_EXP,,2012-01-01T08:00:00-00:00,2031-01-01T07:59:59-00:00,2012-01-01T00:00:00,2030-12-31T23:59:59
AS_NP15_EXP,RSVTNRD_6_N001,AS_NP15_EXP,,2009-03-31T07:00:00-00:00,2031-01-01T07:59:59-00:00,2009-03-31T00:00:00,2030-12-31T23:59:59
AS_NP15_EXP,RTRACK_1_N001,AS_NP15_EXP,,2009-03-31T07:00:00-00:00,2031-01-01T07:59:59-00:00,2009-03-31T00:00:00,2030-12-31T23:59:59
AS_NP15_EXP,RUSCTY_2_UNITS-APND,AS_NP15_EXP,,2013-04-01T07:00:00-00:00,2031-01-01T07:59:59-00:00,2013-04-01T00:00:00,2030-12-31T23:59:59
AS_NP15_EXP,RUSSELL_2_SOLANO1-APND,AS_NP15_EXP,,2023-10-05T07:00:00-00:00,2031-01-01T07:59:59-00:00,2023-10-05T00:00:00,2030-12-31T23:59:59
AS_NP15_EXP,RUSSEL_7_NSMUD,AS_NP15_EXP,,2023-10-04T07:00:00-00:00,2031-01-01T07:59:59-00:00,2023-10-04T00:00:00,2030-12-31T23:59:59
AS_NP15_EXP,RUSSEL_7_NSMUD2,AS_NP15_EXP,,2023-10-04T07:00:00-00:00,2031-01-01T07:59:59-00:00,2023-10-04T00:00:00,2030-12-31T23:59:59
AS_NP15_EXP,RUSSRCH_6_N001,AS_NP15_EXP,,2009-03-31T07:00:00-00:00,2031-01-01T07:59:59-00:00,2009-03-31T00:00:00,2030-12-31T23:59:59
AS_NP15_EXP,RVRBANK_1_N001,AS_NP15_EXP,,2009-03-31T07:00:00-00:00,2031-01-01T07:59:59-00:00,2009-03-31T00:00:00,2030-12-31T23:59:59
AS_NP15_EXP,RVRBANK_1_N005,AS_NP15_EXP,,2009-03-31T07:00:00-00:00,2031-01-01T07:59:59-00:00,2009-03-31T00:00:00,2030-12-31T23:59:59
AS_NP15_EXP,RVRBANK_1_N010,AS_NP15_EXP,,2023-05-05T07:00:00-00:00,2031-01-01T07:59:59-00:00,2023-05-05T00:00:00,2030-12-31T23:59:59
AS_NP15_EXP,S625_7_N001,AS_NP15_EXP,,2025-05-13T07:00:00-00:00,2031-01-01T07:59:59-00:00,2025-05-13T00:00:00,2030-12-31T23:59:59
AS_NP15_EXP,S632_6_B1,AS_NP15_EXP,,2017-08-17T07:00:00-00:00,2031-01-01T07:59:59-00:00,2017-08-17T00:00:00,2030-12-31T23:59:59
AS_NP15_EXP,S632_7_N001,AS_NP15_EXP,,2014-08-28T07:00:00-00:00,2031-01-01T07:59:59-00:00,2014-08-28T00:00:00,2030-12-31T23:59:59
AS_NP15_EXP,S636_7_N001,AS_NP15_EXP,,2025-05-13T07:00:00-00:00,2031-01-01T07:59:59-00:00,2025-05-13T00:00:00,2030-12-31T23:59:59
AS_NP15_EXP,S650ABS_7_NSR1,AS_NP15_EXP,,2025-05-13T07:00:00-00:00,2031-01-01T07:59:59-00:00,2025-05-13T00:00:00,2030-12-31T23:59:59
AS_NP15_EXP,S650AB_7_N001,AS_NP15_EXP,,2025-05-13T07:00:00-00:00,2031-01-01T07:59:59-00:00,2025-05-13T00:00:00,2030-12-31T23:59:59
AS_NP15_EXP,SAFEWAY_1_N001,AS_NP15_EXP,,2009-03-31T07:00:00-00:00,2031-01-01T07:59:59-00:00,2009-03-31T00:00:00,2030-12-31T23:59:59
AS_NP15_EXP,SALINAS_1_N001,AS_NP15_EXP,,2009-03-31T07:00:00-00:00,2031-01-01T07:59:59-00:00,2009-03-31T00:00:00,2030-12-31T23:59:59
AS_NP15_EXP,SALINAS_1_N024,AS_NP15_EXP,,2009-03-31T07:00:00-00:00,2031-01-01T07:59:59-00:00,2009-03-31T00:00:00,2030-12-31T23:59:59
AS_NP15_EXP,SALNRGN_7_B1,AS_NP15_EXP,,2009-06-25T07:00:00-00:00,2031-01-01T07:59:59-00:00,2009-06-25T00:00:00,2030-12-31T23:59:59
AS_NP15_EXP,SALTSPRG_7_N001,AS_NP15_EXP,,2009-03-31T07:00:00-00:00,2031-01-01T07:59:59-00:00,2009-03-31T00:00:00,2030-12-31T23:59:59
AS_NP15_EXP,SALTSPS_7_B1,AS_NP15_EXP,,2023-05-05T07:00:00-00:00,2031-01-01T07:59:59-00:00,2023-05-05T00:00:00,2030-12-31T23:59:59
AS_NP15_EXP,SALTSPS_7_B3,AS_NP15_EXP,,2023-05-05T07:00:00-00:00,2031-01-01T07:59:59-00:00,2023-05-05T00:00:00,2030-12-31T23:59:59
AS_NP15_EXP,SALTSP_7_UNITS-APND,AS_NP15_EXP,,2009-03-31T07:00:00-00:00,2031-01-01T07:59:59-00:00,2009-03-31T00:00:00,2030-12-31T23:59:59
AS_NP15_EXP,SANARDO_6_N001,AS_NP15_EXP,,2009-03-31T07:00:00-00:00,2031-01-01T07:59:59-00:00,2009-03-31T00:00:00,2030-12-31T23:59:59
AS_NP15_EXP,SANCRLS_6_N001,AS_NP15_EXP,,2009-03-31T07:00:00-00:00,2031-01-01T07:59:59-00:00,2009-03-31T00:00:00,2030-12-31T23:59:59
AS_NP15_EXP,SANCRLS_6_N002,AS_NP15_EXP,,2009-03-31T07:00:00-00:00,2031-01-01T07:59:59-00:00,2009-03-31T00:00:00,2030-12-31T23:59:59
AS_NP15_EXP,SANCRLS_6_N004,AS_NP15_EXP,,2009-03-31T07:00:00-00:00,2031-01-01T07:59:59-00:00,2009-03-31T00:00:00,2030-12-31T23:59:59
AS_NP15_EXP,SANDBAR_7_B1,AS_NP15_EXP,,2009-03-31T07:00:00-00:00,2031-01-01T07:59:59-00:00,2009-03-31T00:00:00,2030-12-31T23:59:59
AS_NP15_EXP,SANDCRK_6_N001,AS_NP15_EXP,,2009-03-31T07:00:00-00:00,2031-01-01T07:59:59-00:00,2009-03-31T00:00:00,2030-12-31T23:59:59
AS_NP15_EXP,SANGERCO_7_B1,AS_NP15_EXP,,2012-03-22T07:00:00-00:00,2031-01-01T07:59:59-00:00,2012-03-22T00:00:00,2030-12-31T23:59:59
AS_NP15_EXP,SANGER_1_N001,AS_NP15_EXP,,2022-01-14T08:00:00-00:00,2031-01-01T07:59:59-00:00,2022-01-14T00:00:00,2030-12-31T23:59:59
AS_NP15_EXP,SANGER_1_N009,AS_NP15_EXP,,2022-01-14T08:00:00-00:00,2031-01-01T07:59:59-00:00,2022-01-14T00:00:00,2030-12-31T23:59:59
AS_NP15_EXP,SANJOQN_6_N001,AS_NP15_EXP,,2009-03-31T07:00:00-00:00,2031-01-01T07:59:59-00:00,2009-03-31T00:00:00,2030-12-31T23:59:59
AS_NP15_EXP,SANJOQN_6_N006,AS_NP15_EXP,,2022-06-15T07:00:00-00:00,2031-01-01T07:59:59-00:00,2022-06-15T00:00:00,2030-12-31T23:59:59
AS_NP15_EXP,SANJOQN_7_N001,AS_NP15_EXP,,2025-05-13T07:00:00-00:00,2031-01-01T07:59:59-00:00,2025-05-13T00:00:00,2030-12-31T23:59:59
AS_NP15_EXP,SANLEA_7_N001,AS_NP15_EXP,,2025-10-15T07:00:00-00:00,2031-01-01T07:59:59-00:00,2025-10-15T00:00:00,2030-12-31T23:59:59
AS_NP15_EXP,SANLUIS2_7_B1,AS_NP15_EXP,,2009-03-31T07:00:00-00:00,2031-01-01T07:59:59-00:00,2009-03-31T00:00:00,2030-12-31T23:59:59
AS_NP15_EXP,SANLUIS2_7_B3,AS_NP15_EXP,,2009-03-31T07:00:00-00:00,2031-01-01T07:59:59-00:00,2009-03-31T00:00:00,2030-12-31T23:59:59
AS_NP15_EXP,SANLUIS2_7_N001,AS_NP15_EXP,,2011-12-21T08:00:00-00:00,2031-01-01T07:59:59-00:00,2011-12-21T00:00:00,2030-12-31T23:59:59
AS_NP15_EXP,SANLUIS2_7_N002,AS_NP15_EXP,,2011-12-21T08:00:00-00:00,2031-01-01T07:59:59-00:00,2011-12-21T00:00:00,2030-12-31T23:59:59
AS_NP15_EXP,SANLUIS4_7_B1,AS_NP15_EXP,,2009-03-31T07:00:00-00:00,2031-01-01T07:59:59-00:00,2009-03-31T00:00:00,2030-12-31T23:59:59
AS_NP15_EXP,SANLUIS4_7_B3,AS_NP15_EXP,,2009-03-31T07:00:00-00:00,2031-01-01T07:59:59-00:00,2009-03-31T00:00:00,2030-12-31T23:59:59
AS_NP15_EXP,SANLUIS4_7_N001,AS_NP15_EXP,,2011-12-21T08:00:00-00:00,2031-01-01T07:59:59-00:00,2011-12-21T00:00:00,2030-12-31T23:59:59
AS_NP15_EXP,SANLUIS4_7_N002,AS_NP15_EXP,,2011-12-21T08:00:00-00:00,2031-01-01T07:59:59-00:00,2011-12-21T00:00:00,2030-12-31T23:59:59
AS_NP15_EXP,SANLUIS6_7_B1,AS_NP15_EXP,,2009-03-31T07:00:00-00:00,2031-01-01T07:59:59-00:00,2009-03-31T00:00:00,2030-12-31T23:59:59
AS_NP15_EXP,SANLUIS6_7_B3,AS_NP15_EXP,,2009-03-31T07:00:00-00:00,2031-01-01T07:59:59-00:00,2009-03-31T00:00:00,2030-12-31T23:59:59
AS_NP15_EXP,SANLUIS6_7_N001,AS_NP15_EXP,,2011-12-21T08:00:00-00:00,2031-01-01T07:59:59-00:00,2011-12-21T00:00:00,2030-12-31T23:59:59
AS_NP15_EXP,SANLUIS6_7_N002,AS_NP15_EXP,,2011-12-21T08:00:00-00:00,2031-01-01T07:59:59-00:00,2011-12-21T00:00:00,2030-12-31T23:59:59
AS_NP15_EXP,SANLUIS8_7_B1,AS_NP15_EXP,,2009-03-31T07:00:00-00:00,2031-01-01T07:59:59-00:00,2009-03-31T00:00:00,2030-12-31T23:59:59
AS_NP15_EXP,SANLUIS8_7_B3,AS_NP15_EXP,,2009-03-31T07:00:00-00:00,2031-01-01T07:59:59-00:00,2009-03-31T00:00:00,2030-12-31T23:59:59
AS_NP15_EXP,SANLUIS8_7_N001,AS_NP15_EXP,,2011-12-21T08:00:00-00:00,2031-01-01T07:59:59-00:00,2011-12-21T00:00:00,2030-12-31T23:59:59
AS_NP15_EXP,SANLUIS8_7_N002,AS_NP15_EXP,,2011-12-21T08:00:00-00:00,2031-01-01T07:59:59-00:00,2011-12-21T00:00:00,2030-12-31T23:59:59
AS_NP15_EXP,SANMATEO_1_N001A,AS_NP15_EXP,,2016-05-19T07:00:00-00:00,2031-01-01T07:59:59-00:00,2016-05-19T00:00:00,2030-12-31T23:59:59
AS_NP15_EXP,SANMATO_6_N001,AS_NP15_EXP,,2009-03-31T07:00:00-00:00,2031-01-01T07:59:59-00:00,2009-03-31T00:00:00,2030-12-31T23:59:59
AS_NP15_EXP,SANPBLO_1_N001,AS_NP15_EXP,,2009-03-31T07:00:00-00:00,2031-01-01T07:59:59-00:00,2009-03-31T00:00:00,2030-12-31T23:59:59
AS_NP15_EXP,SANRAFL_1_N001,AS_NP15_EXP,,2009-03-31T07:00:00-00:00,2031-01-01T07:59:59-00:00,2009-03-31T00:00:00,2030-12-31T23:59:59
AS_NP15_EXP,SANRAFL_1_N006,AS_NP15_EXP,,2009-03-31T07:00:00-00:00,2031-01-01T07:59:59-00:00,2009-03-31T00:00:00,2030-12-31T23:59:59
AS_NP15_EXP,SANRAFL_1_N007,AS_NP15_EXP,,2009-03-31T07:00:00-00:00,2031-01-01T07:59:59-00:00,2009-03-31T00:00:00,2030-12-31T23:59:59
AS_NP15_EXP,SANRAMON_2_N001,AS_NP15_EXP,,2009-03-31T07:00:00-00:00,2031-01-01T07:59:59-00:00,2009-03-31T00:00:00,2030-12-31T23:59:59
AS_NP15_EXP,SANRAMON_2_N004,AS_NP15_EXP,,2009-03-31T07:00:00-00:00,2031-01-01T07:59:59-00:00,2009-03-31T00:00:00,2030-12-31T23:59:59
AS_NP15_EXP,SANRAMON_2_N023,AS_NP15_EXP,,2009-03-31T07:00:00-00:00,2031-01-01T07:59:59-00:00,2009-03-31T00:00:00,2030-12-31T23:59:59
AS_NP15_EXP,SANRAMON_2_N024,AS_NP15_EXP,,2009-03-31T07:00:00-00:00,2031-01-01T07:59:59-00:00,2009-03-31T00:00:00,2030-12-31T23:59:59
AS_NP15_EXP,SANTAFE_7_B1,AS_NP15_EXP,,2009-03-31T07:00:00-00:00,2031-01-01T07:59:59-00:00,2009-03-31T00:00:00,2030-12-31T23:59:59
AS_NP15_EXP,SANTAFE_7_B11,AS_NP15_EXP,,2009-03-31T07:00:00-00:00,2031-01-01T07:59:59-00:00,2009-03-31T00:00:00,2030-12-31T23:59:59
AS_NP15_EXP,SANTFG_7_UNITS-APND,AS_NP15_EXP,,2009-03-31T07:00:00-00:00,2031-01-01T07:59:59-00:00,2009-03-31T00:00:00,2030-12-31T23:59:59
AS_NP15_EXP,SANTOMAS_6_N001,AS_NP15_EXP,,2024-08-28T07:00:00-00:00,2031-01-01T07:59:59-00:00,2024-08-28T00:00:00,2030-12-31T23:59:59
AS_NP15_EXP,SANTOMAS_6_N002,AS_NP15_EXP,,2024-08-28T07:00:00-00:00,2031-01-01T07:59:59-00:00,2024-08-28T00:00:00,2030-12-31T23:59:59
AS_NP15_EXP,SANTOMAS_6_N003,AS_NP15_EXP,,2024-08-28T07:00:00-00:00,2031-01-01T07:59:59-00:00,2024-08-28T00:00:00,2030-12-31T23:59:59
AS_NP15_EXP,SARATOGA_2_N001,AS_NP15_EXP,,2009-03-31T07:00:00-00:00,2031-01-01T07:59:59-00:00,2009-03-31T00:00:00,2030-12-31T23:59:59
AS_NP15_EXP,SARATOGA_2_N006,AS_NP15_EXP,,2009-03-31T07:00:00-00:00,2031-01-01T07:59:59-00:00,2009-03-31T00:00:00,2030-12-31T23:59:59
AS_NP15_EXP,SARATOGA_2_N011,AS_NP15_EXP,,2009-03-31T07:00:00-00:00,2031-01-01T07:59:59-00:00,2009-03-31T00:00:00,2030-12-31T23:59:59
AS_NP15_EXP,SAUSALTO_6_N001,AS_NP15_EXP,,2009-03-31T07:00:00-00:00,2031-01-01T07:59:59-00:00,2009-03-31T00:00:00,2030-12-31T23:59:59
AS_NP15_EXP,SAUSALTO_6_N002,AS_NP15_EXP,,2009-03-31T07:00:00-00:00,2031-01-01T07:59:59-00:00,2009-03-31T00:00:00,2030-12-31T23:59:59
AS_NP15_EXP,SAXONCRK_6_N001,AS_NP15_EXP,,2009-03-31T07:00:00-00:00,2031-01-01T07:59:59-00:00,2009-03-31T00:00:00,2030-12-31T23:59:59
AS_NP15_EXP,SC21ATP_6_B1,AS_NP15_EXP,,2017-08-17T07:00:00-00:00,2031-01-01T07:59:59-00:00,2017-08-17T00:00:00,2030-12-31T23:59:59
AS_NP15_EXP,SCARLT_7_CN1,AS_NP15_EXP,,2025-05-13T07:00:00-00:00,2031-01-01T07:59:59-00:00,2025-05-13T00:00:00,2030-12-31T23:59:59
AS_NP15_EXP,SCARLT_7_CN2,AS_NP15_EXP,,2025-05-13T07:00:00-00:00,2031-01-01T07:59:59-00:00,2025-05-13T00:00:00,2030-12-31T23:59:59
AS_NP15_EXP,SCARLT_7_N001,AS_NP15_EXP,,2025-05-13T07:00:00-00:00,2031-01-01T07:59:59-00:00,2025-05-13T00:00:00,2030-12-31T23:59:59
AS_NP15_EXP,SCARLT_7_N002,AS_NP15_EXP,,2025-05-13T07:00:00-00:00,2031-01-01T07:59:59-00:00,2025-05-13T00:00:00,2030-12-31T23:59:59
AS_NP15_EXP,SCARLT_7_N005,AS_NP15_EXP,,2025-05-13T07:00:00-00:00,2031-01-01T07:59:59-00:00,2025-05-13T00:00:00,2030-12-31T23:59:59
AS_NP15_EXP,SCARLT_7_N010,AS_NP15_EXP,,2025-05-13T07:00:00-00:00,2031-01-01T07:59:59-00:00,2025-05-13T00:00:00,2030-12-31T23:59:59
AS_NP15_EXP,SCHINDLR_1_N005,AS_NP15_EXP,,2015-04-23T07:00:00-00:00,2031-01-01T07:59:59-00:00,2015-04-23T00:00:00,2030-12-31T23:59:59
AS_NP15_EXP,SCHINDLR_1_N021,AS_NP15_EXP,,2023-05-05T07:00:00-00:00,2031-01-01T07:59:59-00:00,2023-05-05T00:00:00,2030-12-31T23:59:59
AS_NP15_EXP,SCHINDLR_1_N030,AS_NP15_EXP,,2018-05-24T07:00:00-00:00,2031-01-01T07:59:59-00:00,2018-05-24T00:00:00,2030-12-31T23:59:59
AS_NP15_EXP,SCHLNDLR_7_N001,AS_NP15_EXP,,2011-08-12T07:00:00-00:00,2031-01-01T07:59:59-00:00,2011-08-12T00:00:00,2030-12-31T23:59:59
AS_NP15_EXP,SCHLNDLR_7_N002,AS_NP15_EXP,,2025-05-13T07:00:00-00:00,2031-01-01T07:59:59-00:00,2025-05-13T00:00:00,2030-12-31T23:59:59
AS_NP15_EXP,SCHLNDLR_7_N003,AS_NP15_EXP,,2025-05-13T07:00:00-00:00,2031-01-01T07:59:59-00:00,2025-05-13T00:00:00,2030-12-31T23:59:59
AS_NP15_EXP,SCHLTE_1_PL1X3-APND,AS_NP15_EXP,,2012-06-16T07:00:00-00:00,2031-01-01T07:59:59-00:00,2012-06-16T00:00:00,2030-12-31T23:59:59
AS_NP15_EXP,SCHMLBCH_1_N001,AS_NP15_EXP,,2009-03-31T07:00:00-00:00,2031-01-01T07:59:59-00:00,2009-03-31T00:00:00,2030-12-31T23:59:59
AS_NP15_EXP,SCOTT_6_N001,AS_NP15_EXP,,2009-03-31T07:00:00-00:00,2031-01-01T07:59:59-00:00,2009-03-31T00:00:00,2030-12-31T23:59:59
AS_NP15_EXP,SCOTT_6_N008,AS_NP15_EXP,,2017-02-16T08:00:00-00:00,2031-01-01T07:59:59-00:00,2017-02-16T00:00:00,2030-12-31T23:59:59
AS_NP15_EXP,SCWAX_1_N001,AS_NP15_EXP,,2009-03-31T07:00:00-00:00,2031-01-01T07:59:59-00:00,2009-03-31T00:00:00,2030-12-31T23:59:59
AS_NP15_EXP,SEAWEST_6_N001,AS_NP15_EXP,,2009-03-31T07:00:00-00:00,2031-01-01T07:59:59-00:00,2009-03-31T00:00:00,2030-12-31T23:59:59
AS_NP15_EXP,SEBASTIA_6_N001,AS_NP15_EXP,,2009-03-31T07:00:00-00:00,2031-01-01T07:59:59-00:00,2009-03-31T00:00:00,2030-12-31T23:59:59
AS_NP15_EXP,SEFTAP_6_N003,AS_NP15_EXP,,2017-08-17T07:00:00-00:00,2031-01-01T07:59:59-00:00,2017-08-17T00:00:00,2030-12-31T23:59:59
AS_NP15_EXP,SERRA_6_N001,AS_NP15_EXP,,2017-02-16T08:00:00-00:00,2031-01-01T07:59:59-00:00,2017-02-16T00:00:00,2030-12-31T23:59:59
AS_NP15_EXP,SERRA_7_N004,AS_NP15_EXP,,2023-07-27T07:00:00-00:00,2031-01-01T07:59:59-00:00,2023-07-27T00:00:00,2030-12-31T23:59:59
AS_NP15_EXP,SERRMNTE_1_N011,AS_NP15_EXP,,2009-03-31T07:00:00-00:00,2031-01-01T07:59:59-00:00,2009-03-31T00:00:00,2030-12-31T23:59:59
AS_NP15_EXP,SESWTF_1_N001,AS_NP15_EXP,,2018-02-22T08:00:00-00:00,2031-01-01T07:59:59-00:00,2018-02-22T00:00:00,2030-12-31T23:59:59
AS_NP15_EXP,SFIA-MA_1_N001,AS_NP15_EXP,,2009-03-31T07:00:00-00:00,2031-01-01T07:59:59-00:00,2009-03-31T00:00:00,2030-12-31T23:59:59
AS_NP15_EXP,SFIA_1_N001,AS_NP15_EXP,,2009-03-31T07:00:00-00:00,2031-01-01T07:59:59-00:00,2009-03-31T00:00:00,2030-12-31T23:59:59
AS_NP15_EXP,SFIA_1_N007,AS_NP15_EXP,,2009-03-31T07:00:00-00:00,2031-01-01T07:59:59-00:00,2009-03-31T00:00:00,2030-12-31T23:59:59
AS_NP15_EXP,SFPPCNC_6_N001,AS_NP15_EXP,,2009-03-31T07:00:00-00:00,2031-01-01T07:59:59-00:00,2009-03-31T00:00:00,2030-12-31T23:59:59
AS_NP15_EXP,SHADYGLN_6_N001,AS_NP15_EXP,,2009-03-31T07:00:00-00:00,2031-01-01T07:59:59-00:00,2009-03-31T00:00:00,2030-12-31T23:59:59
AS_NP15_EXP,SHARON_1_N001,AS_NP15_EXP,,2009-03-31T07:00:00-00:00,2031-01-01T07:59:59-00:00,2009-03-31T00:00:00,2030-12-31T23:59:59
AS_NP15_EXP,SHASTA_2_N050,AS_NP15_EXP,,2020-09-18T07:00:00-00:00,2031-01-01T07:59:59-00:00,2020-09-18T00:00:00,2030-12-31T23:59:59
AS_NP15_EXP,SHASTA_2_N051,AS_NP15_EXP,,2020-09-18T07:00:00-00:00,2031-01-01T07:59:59-00:00,2020-09-18T00:00:00,2030-12-31T23:59:59
AS_NP15_EXP,SHASTA_2_N052,AS_NP15_EXP,,2020-09-18T07:00:00-00:00,2031-01-01T07:59:59-00:00,2020-09-18T00:00:00,2030-12-31T23:59:59
AS_NP15_EXP,SHASTA_2_N053,AS_NP15_EXP,,2020-09-18T07:00:00-00:00,2031-01-01T07:59:59-00:00,2020-09-18T00:00:00,2030-12-31T23:59:59
AS_NP15_EXP,SHASTA_2_N054,AS_NP15_EXP,,2020-09-18T07:00:00-00:00,2031-01-01T07:59:59-00:00,2020-09-18T00:00:00,2030-12-31T23:59:59
AS_NP15_EXP,SHASTA_2_N055,AS_NP15_EXP,,2020-09-18T07:00:00-00:00,2031-01-01T07:59:59-00:00,2020-09-18T00:00:00,2030-12-31T23:59:59
AS_NP15_EXP,SHASTA_2_N056,AS_NP15_EXP,,2020-09-18T07:00:00-00:00,2031-01-01T07:59:59-00:00,2020-09-18T00:00:00,2030-12-31T23:59:59
AS_NP15_EXP,SHASTA_2_N057,AS_NP15_EXP,,2020-09-18T07:00:00-00:00,2031-01-01T07:59:59-00:00,2020-09-18T00:00:00,2030-12-31T23:59:59
AS_NP15_EXP,SHAWROAD_1_N001,AS_NP15_EXP,,2009-03-31T07:00:00-00:00,2031-01-01T07:59:59-00:00,2009-03-31T00:00:00,2030-12-31T23:59:59
AS_NP15_EXP,SHELL1_7_B2,AS_NP15_EXP,,2023-05-05T07:00:00-00:00,2031-01-01T07:59:59-00:00,2023-05-05T00:00:00,2030-12-31T23:59:59
AS_NP15_EXP,SHELL1_7_N001,AS_NP15_EXP,,2009-03-31T07:00:00-00:00,2031-01-01T07:59:59-00:00,2009-03-31T00:00:00,2030-12-31T23:59:59
AS_NP15_EXP,SHELL2_7_B2,AS_NP15_EXP,,2023-05-05T07:00:00-00:00,2031-01-01T07:59:59-00:00,2023-05-05T00:00:00,2030-12-31T23:59:59
AS_NP15_EXP,SHELL2_7_N001,AS_NP15_EXP,,2009-03-31T07:00:00-00:00,2031-01-01T07:59:59-00:00,2009-03-31T00:00:00,2030-12-31T23:59:59
AS_NP15_EXP,SHELL3_7_B2,AS_NP15_EXP,,2023-05-05T07:00:00-00:00,2031-01-01T07:59:59-00:00,2023-05-05T00:00:00,2030-12-31T23:59:59
AS_NP15_EXP,SHELL3_7_N001,AS_NP15_EXP,,2009-03-31T07:00:00-00:00,2031-01-01T07:59:59-00:00,2009-03-31T00:00:00,2030-12-31T23:59:59
AS_NP15_EXP,SHELRF_1_UNITS-APND,AS_NP15_EXP,,2009-03-31T07:00:00-00:00,2031-01-01T07:59:59-00:00,2009-03-31T00:00:00,2030-12-31T23:59:59
AS_NP15_EXP,SHEPHERD_1_N003,AS_NP15_EXP,,2015-04-23T07:00:00-00:00,2031-01-01T07:59:59-00:00,2015-04-23T00:00:00,2030-12-31T23:59:59
AS_NP15_EXP,SHILOH3B_7_N001,AS_NP15_EXP,,2025-05-13T07:00:00-00:00,2031-01-01T07:59:59-00:00,2025-05-13T00:00:00,2030-12-31T23:59:59
AS_NP15_EXP,SHILOH3_7_N002,AS_NP15_EXP,,2025-05-13T07:00:00-00:00,2031-01-01T07:59:59-00:00,2025-05-13T00:00:00,2030-12-31T23:59:59
AS_NP15_EXP,SHILOH_7_B1,AS_NP15_EXP,,2025-05-13T07:00:00-00:00,2031-01-01T07:59:59-00:00,2025-05-13T00:00:00,2030-12-31T23:59:59
AS_NP15_EXP,SHILO_7_N002,AS_NP15_EXP,,2025-05-13T07:00:00-00:00,2031-01-01T07:59:59-00:00,2025-05-13T00:00:00,2030-12-31T23:59:59
AS_NP15_EXP,SHLLCHM_6_N001,AS_NP15_EXP,,2009-03-31T07:00:00-00:00,2031-01-01T07:59:59-00:00,2009-03-31T00:00:00,2030-12-31T23:59:59
AS_NP15_EXP,SHNGLESR_1_N001,AS_NP15_EXP,,2009-03-31T07:00:00-00:00,2031-01-01T07:59:59-00:00,2009-03-31T00:00:00,2030-12-31T23:59:59
AS_NP15_EXP,SHNGLESR_1_N004,AS_NP15_EXP,,2009-03-31T07:00:00-00:00,2031-01-01T07:59:59-00:00,2009-03-31T00:00:00,2030-12-31T23:59:59
AS_NP15_EXP,SHNGLESR_1_N103,AS_NP15_EXP,,2009-03-31T07:00:00-00:00,2031-01-01T07:59:59-00:00,2009-03-31T00:00:00,2030-12-31T23:59:59
AS_NP15_EXP,SHREDDER_1_N001,AS_NP15_EXP,,2009-03-31T07:00:00-00:00,2031-01-01T07:59:59-00:00,2009-03-31T00:00:00,2030-12-31T23:59:59
AS_NP15_EXP,SIERAPC_6_N001,AS_NP15_EXP,,2009-03-31T07:00:00-00:00,2031-01-01T07:59:59-00:00,2009-03-31T00:00:00,2030-12-31T23:59:59
AS_NP15_EXP,SILVERDO_1_N001,AS_NP15_EXP,,2009-03-31T07:00:00-00:00,2031-01-01T07:59:59-00:00,2009-03-31T00:00:00,2030-12-31T23:59:59
AS_NP15_EXP,SILVERDO_1_N002,AS_NP15_EXP,,2009-03-31T07:00:00-00:00,2031-01-01T07:59:59-00:00,2009-03-31T00:00:00,2030-12-31T23:59:59
AS_NP15_EXP,SJ1B12_7_N003,AS_NP15_EXP,,2025-05-13T07:00:00-00:00,2031-01-01T07:59:59-00:00,2025-05-13T00:00:00,2030-12-31T23:59:59
AS_NP15_EXP,SJNO2_6_B1,AS_NP15_EXP,,2017-08-17T07:00:00-00:00,2031-01-01T07:59:59-00:00,2017-08-17T00:00:00,2030-12-31T23:59:59
AS_NP15_EXP,SJNO2_6_N001,AS_NP15_EXP,,2009-03-31T07:00:00-00:00,2031-01-01T07:59:59-00:00,2009-03-31T00:00:00,2030-12-31T23:59:59
AS_NP15_EXP,SJNO2_6_N002,AS_NP15_EXP,,2025-05-13T07:00:00-00:00,2031-01-01T07:59:59-00:00,2025-05-13T00:00:00,2030-12-31T23:59:59
AS_NP15_EXP,SKAGGS_1_N001,AS_NP15_EXP,,2018-08-23T07:00:00-00:00,2031-01-01T07:59:59-00:00,2018-08-23T00:00:00,2030-12-31T23:59:59
AS_NP15_EXP,SLATE_7_N001,AS_NP15_EXP,,2025-05-13T07:00:00-00:00,2031-01-01T07:59:59-00:00,2025-05-13T00:00:00,2030-12-31T23:59:59
AS_NP15_EXP,SLATE_7_N002,AS_NP15_EXP,,2025-05-13T07:00:00-00:00,2031-01-01T07:59:59-00:00,2025-05-13T00:00:00,2030-12-31T23:59:59
AS_NP15_EXP,SLATE_7_N003,AS_NP15_EXP,,2025-05-13T07:00:00-00:00,2031-01-01T07:59:59-00:00,2025-05-13T00:00:00,2030-12-31T23:59:59
AS_NP15_EXP,SLATE_7_N004,AS_NP15_EXP,,2025-05-13T07:00:00-00:00,2031-01-01T07:59:59-00:00,2025-05-13T00:00:00,2030-12-31T23:59:59
AS_NP15_EXP,SLATE_7_N005,AS_NP15_EXP,,2025-05-13T07:00:00-00:00,2031-01-01T07:59:59-00:00,2025-05-13T00:00:00,2030-12-31T23:59:59
AS_NP15_EXP,SLA_2_N001,AS_NP15_EXP,,2009-03-31T07:00:00-00:00,2031-01-01T07:59:59-00:00,2009-03-31T00:00:00,2030-12-31T23:59:59
AS_NP15_EXP,SLA_2_N004,AS_NP15_EXP,,2009-03-31T07:00:00-00:00,2031-01-01T07:59:59-00:00,2009-03-31T00:00:00,2030-12-31T23:59:59
AS_NP15_EXP,SLA_6_N001,AS_NP15_EXP,,2009-03-31T07:00:00-00:00,2031-01-01T07:59:59-00:00,2009-03-31T00:00:00,2030-12-31T23:59:59
AS_NP15_EXP,SLA_6_N005,AS_NP15_EXP,,2009-03-31T07:00:00-00:00,2031-01-01T07:59:59-00:00,2009-03-31T00:00:00,2030-12-31T23:59:59
AS_NP15_EXP,SLMNCRK_6_N001,AS_NP15_EXP,,2009-03-31T07:00:00-00:00,2031-01-01T07:59:59-00:00,2009-03-31T00:00:00,2030-12-31T23:59:59
AS_NP15_EXP,SLTSPRG_1_B1,AS_NP15_EXP,,2017-08-17T07:00:00-00:00,2031-01-01T07:59:59-00:00,2017-08-17T00:00:00,2030-12-31T23:59:59
AS_NP15_EXP,SLUISP_2_UNITS-APND,AS_NP15_EXP,,2012-12-05T08:00:00-00:00,2031-01-01T07:59:59-00:00,2012-12-05T00:00:00,2030-12-31T23:59:59
AS_NP15_EXP,SLYCREEK_7_B1,AS_NP15_EXP,,2025-05-13T07:00:00-00:00,2031-01-01T07:59:59-00:00,2025-05-13T00:00:00,2030-12-31T23:59:59
AS_NP15_EXP,SMPSN-AN_7_B1,AS_NP15_EXP,,2009-03-31T07:00:00-00:00,2031-01-01T07:59:59-00:00,2009-03-31T00:00:00,2030-12-31T23:59:59
AS_NP15_EXP,SMRTVLTP_6_N101,AS_NP15_EXP,,2009-03-31T07:00:00-00:00,2031-01-01T07:59:59-00:00,2009-03-31T00:00:00,2030-12-31T23:59:59
AS_NP15_EXP,SMUDGEO1_2_N006,AS_NP15_EXP,,2009-06-25T07:00:00-00:00,2031-01-01T07:59:59-00:00,2009-06-25T00:00:00,2030-12-31T23:59:59
AS_NP15_EXP,SMUDGEO1_7_B1,AS_NP15_EXP,,2009-03-31T07:00:00-00:00,2031-01-01T07:59:59-00:00,2009-03-31T00:00:00,2030-12-31T23:59:59
AS_NP15_EXP,SNANDRES_6_N001,AS_NP15_EXP,,2009-03-31T07:00:00-00:00,2031-01-01T07:59:59-00:00,2009-03-31T00:00:00,2030-12-31T23:59:59
AS_NP15_EXP,SNBENITO_1_N001,AS_NP15_EXP,,2012-03-22T07:00:00-00:00,2031-01-01T07:59:59-00:00,2012-03-22T00:00:00,2030-12-31T23:59:59
AS_NP15_EXP,SNBRNOT_6_N001,AS_NP15_EXP,,2009-03-31T07:00:00-00:00,2031-01-01T07:59:59-00:00,2009-03-31T00:00:00,2030-12-31T23:59:59
AS_NP15_EXP,SNDBRJT_1_B1,AS_NP15_EXP,,2017-08-17T07:00:00-00:00,2031-01-01T07:59:59-00:00,2017-08-17T00:00:00,2030-12-31T23:59:59
AS_NP15_EXP,SNGRJCT_6_B1,AS_NP15_EXP,,2017-08-17T07:00:00-00:00,2031-01-01T07:59:59-00:00,2017-08-17T00:00:00,2030-12-31T23:59:59
AS_NP15_EXP,SNJOSEB_1_N001,AS_NP15_EXP,,2009-03-31T07:00:00-00:00,2031-01-01T07:59:59-00:00,2009-03-31T00:00:00,2030-12-31T23:59:59
AS_NP15_EXP,SNJOSEB_1_N005,AS_NP15_EXP,,2009-03-31T07:00:00-00:00,2031-01-01T07:59:59-00:00,2009-03-31T00:00:00,2030-12-31T23:59:59
AS_NP15_EXP,SNJOSEB_1_N009,AS_NP15_EXP,,2009-03-31T07:00:00-00:00,2031-01-01T07:59:59-00:00,2009-03-31T00:00:00,2030-12-31T23:59:59
AS_NP15_EXP,SNJOSEB_1_N013,AS_NP15_EXP,,2009-03-31T07:00:00-00:00,2031-01-01T07:59:59-00:00,2009-03-31T00:00:00,2030-12-31T23:59:59
AS_NP15_EXP,SNJSEA_1_N001,AS_NP15_EXP,,2009-03-31T07:00:00-00:00,2031-01-01T07:59:59-00:00,2009-03-31T00:00:00,2030-12-31T23:59:59
AS_NP15_EXP,SNJSEA_1_N005,AS_NP15_EXP,,2009-03-31T07:00:00-00:00,2031-01-01T07:59:59-00:00,2009-03-31T00:00:00,2030-12-31T23:59:59
AS_NP15_EXP,SNJSEA_1_N101,AS_NP15_EXP,,2009-03-31T07:00:00-00:00,2031-01-01T07:59:59-00:00,2009-03-31T00:00:00,2030-12-31T23:59:59
AS_NP15_EXP,SNLNDRO_1_N001,AS_NP15_EXP,,2009-03-31T07:00:00-00:00,2031-01-01T07:59:59-00:00,2009-03-31T00:00:00,2030-12-31T23:59:59
AS_NP15_EXP,SNLNDRO_1_N014,AS_NP15_EXP,,2009-03-31T07:00:00-00:00,2031-01-01T07:59:59-00:00,2009-03-31T00:00:00,2030-12-31T23:59:59
AS_NP15_EXP,SNLNDRO_1_N017,AS_NP15_EXP,,2025-10-15T07:00:00-00:00,2031-01-01T07:59:59-00:00,2025-10-15T00:00:00,2030-12-31T23:59:59
AS_NP15_EXP,SNLNDRO_1_N027,AS_NP15_EXP,,2013-05-09T07:00:00-00:00,2031-01-01T07:59:59-00:00,2013-05-09T00:00:00,2030-12-31T23:59:59
AS_NP15_EXP,SNLSPP_2_N023,AS_NP15_EXP,,2009-03-31T07:00:00-00:00,2031-01-01T07:59:59-00:00,2009-03-31T00:00:00,2030-12-31T23:59:59
AS_NP15_EXP,SNTANLA_6_N001,AS_NP15_EXP,,2009-03-31T07:00:00-00:00,2031-01-01T07:59:59-00:00,2009-03-31T00:00:00,2030-12-31T23:59:59
AS_NP15_EXP,SNTANLA_6_N004,AS_NP15_EXP,,2009-03-31T07:00:00-00:00,2031-01-01T07:59:59-00:00,2009-03-31T00:00:00,2030-12-31T23:59:59
AS_NP15_EXP,SNTARSA_1_GN010,AS_NP15_EXP,,2017-08-17T07:00:00-00:00,2031-01-01T07:59:59-00:00,2017-08-17T00:00:00,2030-12-31T23:59:59
AS_NP15_EXP,SNTARSA_1_N001,AS_NP15_EXP,,2009-03-31T07:00:00-00:00,2031-01-01T07:59:59-00:00,2009-03-31T00:00:00,2030-12-31T23:59:59
AS_NP15_EXP,SNTARSA_1_N002,AS_NP15_EXP,,2009-03-31T07:00:00-00:00,2031-01-01T07:59:59-00:00,2009-03-31T00:00:00,2030-12-31T23:59:59
AS_NP15_EXP,SNTARSA_1_N006,AS_NP15_EXP,,2009-03-31T07:00:00-00:00,2031-01-01T07:59:59-00:00,2009-03-31T00:00:00,2030-12-31T23:59:59
AS_NP15_EXP,SNTARTA_6_N001,AS_NP15_EXP,,2015-01-15T08:00:00-00:00,2031-01-01T07:59:59-00:00,2015-01-15T00:00:00,2030-12-31T23:59:59
AS_NP15_EXP,SNTHLNE_6_N001,AS_NP15_EXP,,2013-11-21T08:00:00-00:00,2031-01-01T07:59:59-00:00,2013-11-21T00:00:00,2030-12-31T23:59:59
AS_NP15_EXP,SNTHLNE_6_N002,AS_NP15_EXP,,2013-11-21T08:00:00-00:00,2031-01-01T07:59:59-00:00,2013-11-21T00:00:00,2030-12-31T23:59:59
AS_NP15_EXP,SOBRANTE_1_N001,AS_NP15_EXP,,2009-03-31T07:00:00-00:00,2031-01-01T07:59:59-00:00,2009-03-31T00:00:00,2030-12-31T23:59:59
AS_NP15_EXP,SOLBGEN_7_N001,AS_NP15_EXP,,2025-05-13T07:00:00-00:00,2031-01-01T07:59:59-00:00,2025-05-13T00:00:00,2030-12-31T23:59:59
AS_NP15_EXP,SOLBGEN_7_N002,AS_NP15_EXP,,2015-10-22T07:00:00-00:00,2031-01-01T07:59:59-00:00,2015-10-22T00:00:00,2030-12-31T23:59:59
AS_NP15_EXP,SOLEDAD_1_LN001,AS_NP15_EXP,,2010-02-24T08:00:00-00:00,2031-01-01T07:59:59-00:00,2010-02-24T00:00:00,2030-12-31T23:59:59
AS_NP15_EXP,SOLEDAD_1_N018,AS_NP15_EXP,,2024-01-24T08:00:00-00:00,2031-01-01T07:59:59-00:00,2024-01-24T00:00:00,2030-12-31T23:59:59
AS_NP15_EXP,SOLEDAD_6_N001,AS_NP15_EXP,,2009-03-31T07:00:00-00:00,2031-01-01T07:59:59-00:00,2009-03-31T00:00:00,2030-12-31T23:59:59
AS_NP15_EXP,SONMALF_7_B1,AS_NP15_EXP,,2009-03-31T07:00:00-00:00,2031-01-01T07:59:59-00:00,2009-03-31T00:00:00,2030-12-31T23:59:59
AS_NP15_EXP,SONOMA_1_N002,AS_NP15_EXP,,2017-08-17T07:00:00-00:00,2031-01-01T07:59:59-00:00,2017-08-17T00:00:00,2030-12-31T23:59:59
AS_NP15_EXP,SONOMA_1_N007,AS_NP15_EXP,,2009-03-31T07:00:00-00:00,2031-01-01T07:59:59-00:00,2009-03-31T00:00:00,2030-12-31T23:59:59
AS_NP15_EXP,SOUTHBY_6_N001,AS_NP15_EXP,,2009-03-31T07:00:00-00:00,2031-01-01T07:59:59-00:00,2009-03-31T00:00:00,2030-12-31T23:59:59
AS_NP15_EXP,SOUTHG_7_B1,AS_NP15_EXP,,2025-05-13T07:00:00-00:00,2031-01-01T07:59:59-00:00,2025-05-13T00:00:00,2030-12-31T23:59:59
AS_NP15_EXP,SPANSHCK_6_N001,AS_NP15_EXP,,2009-03-31T07:00:00-00:00,2031-01-01T07:59:59-00:00,2009-03-31T00:00:00,2030-12-31T23:59:59
AS_NP15_EXP,SPANSHCK_6_N012,AS_NP15_EXP,,2025-06-12T07:00:00-00:00,2031-01-01T07:59:59-00:00,2025-06-12T00:00:00,2030-12-31T23:59:59
AS_NP15_EXP,SPAUL1-2_7_B2,AS_NP15_EXP,,2023-05-05T07:00:00-00:00,2031-01-01T07:59:59-00:00,2023-05-05T00:00:00,2030-12-31T23:59:59
AS_NP15_EXP,SPAUL1-2_7_B3,AS_NP15_EXP,,2023-05-05T07:00:00-00:00,2031-01-01T07:59:59-00:00,2023-05-05T00:00:00,2030-12-31T23:59:59
AS_NP15_EXP,SPAUL1-2_7_N001,AS_NP15_EXP,,2009-03-31T07:00:00-00:00,2031-01-01T07:59:59-00:00,2009-03-31T00:00:00,2030-12-31T23:59:59
AS_NP15_EXP,SPAULD3_7_B1,AS_NP15_EXP,,2025-05-13T07:00:00-00:00,2031-01-01T07:59:59-00:00,2025-05-13T00:00:00,2030-12-31T23:59:59
AS_NP15_EXP,SPAULD_6_UNIT12-APND,AS_NP15_EXP,,2009-03-31T07:00:00-00:00,2031-01-01T07:59:59-00:00,2009-03-31T00:00:00,2030-12-31T23:59:59
AS_NP15_EXP,SPCJCT_1_B1,AS_NP15_EXP,,2017-08-17T07:00:00-00:00,2031-01-01T07:59:59-00:00,2017-08-17T00:00:00,2030-12-31T23:59:59
AS_NP15_EXP,SPCMPNY_7_B1,AS_NP15_EXP,,2009-03-31T07:00:00-00:00,2031-01-01T07:59:59-00:00,2009-03-31T00:00:00,2030-12-31T23:59:59
AS_NP15_EXP,SPENCE_6_N001,AS_NP15_EXP,,2009-03-31T07:00:00-00:00,2031-01-01T07:59:59-00:00,2009-03-31T00:00:00,2030-12-31T23:59:59
AS_NP15_EXP,SPENCE_6_N009,AS_NP15_EXP,,2019-09-19T07:00:00-00:00,2031-01-01T07:59:59-00:00,2019-09-19T00:00:00,2030-12-31T23:59:59
AS_NP15_EXP,SPI-BURN_7_N003,AS_NP15_EXP,,2025-05-13T07:00:00-00:00,2031-01-01T07:59:59-00:00,2025-05-13T00:00:00,2030-12-31T23:59:59
AS_NP15_EXP,SPI-QUCY_7_N001,AS_NP15_EXP,,2009-03-31T07:00:00-00:00,2031-01-01T07:59:59-00:00,2009-03-31T00:00:00,2030-12-31T23:59:59
AS_NP15_EXP,SPI-QUCY_7_N002,AS_NP15_EXP,,2025-05-13T07:00:00-00:00,2031-01-01T07:59:59-00:00,2025-05-13T00:00:00,2030-12-31T23:59:59
AS_NP15_EXP,SPIBURN_7_N004,AS_NP15_EXP,,2025-05-13T07:00:00-00:00,2031-01-01T07:59:59-00:00,2025-05-13T00:00:00,2030-12-31T23:59:59
AS_NP15_EXP,SPICAMIN_1_N001,AS_NP15_EXP,,2009-03-31T07:00:00-00:00,2031-01-01T07:59:59-00:00,2009-03-31T00:00:00,2030-12-31T23:59:59
AS_NP15_EXP,SPICER_1_UNITS-APND,AS_NP15_EXP,,2009-03-31T07:00:00-00:00,2031-01-01T07:59:59-00:00,2009-03-31T00:00:00,2030-12-31T23:59:59
AS_NP15_EXP,SPIJCT_6_B1,AS_NP15_EXP,,2017-08-17T07:00:00-00:00,2031-01-01T07:59:59-00:00,2017-08-17T00:00:00,2030-12-31T23:59:59
AS_NP15_EXP,SPILINCF_7_N001,AS_NP15_EXP,,2009-03-31T07:00:00-00:00,2031-01-01T07:59:59-00:00,2009-03-31T00:00:00,2030-12-31T23:59:59
AS_NP15_EXP,SPILINCF_7_N002,AS_NP15_EXP,,2009-03-31T07:00:00-00:00,2031-01-01T07:59:59-00:00,2009-03-31T00:00:00,2030-12-31T23:59:59
AS_NP15_EXP,SPRNGGP_7_B1,AS_NP15_EXP,,2025-05-13T07:00:00-00:00,2031-01-01T07:59:59-00:00,2025-05-13T00:00:00,2030-12-31T23:59:59
AS_NP15_EXP,SRI_6_N001,AS_NP15_EXP,,2009-03-31T07:00:00-00:00,2031-01-01T07:59:59-00:00,2009-03-31T00:00:00,2030-12-31T23:59:59
AS_NP15_EXP,SRI_6_N004,AS_NP15_EXP,,2025-05-13T07:00:00-00:00,2031-01-01T07:59:59-00:00,2025-05-13T00:00:00,2030-12-31T23:59:59
AS_NP15_EXP,SRRCSUB_2_N001,AS_NP15_EXP,,2009-03-31T07:00:00-00:00,2031-01-01T07:59:59-00:00,2009-03-31T00:00:00,2030-12-31T23:59:59
AS_NP15_EXP,STACKS_1_N001,AS_NP15_EXP,,2025-10-15T07:00:00-00:00,2031-01-01T07:59:59-00:00,2025-10-15T00:00:00,2030-12-31T23:59:59
AS_NP15_EXP,STAFFORD_6_N002,AS_NP15_EXP,,2009-03-31T07:00:00-00:00,2031-01-01T07:59:59-00:00,2009-03-31T00:00:00,2030-12-31T23:59:59
AS_NP15_EXP,STAFFORD_6_N101,AS_NP15_EXP,,2009-03-31T07:00:00-00:00,2031-01-01T07:59:59-00:00,2009-03-31T00:00:00,2030-12-31T23:59:59
AS_NP15_EXP,STAGG_2_N001,AS_NP15_EXP,,2009-03-31T07:00:00-00:00,2031-01-01T07:59:59-00:00,2009-03-31T00:00:00,2030-12-31T23:59:59
AS_NP15_EXP,STAGG_2_N014,AS_NP15_EXP,,2009-03-31T07:00:00-00:00,2031-01-01T07:59:59-00:00,2009-03-31T00:00:00,2030-12-31T23:59:59
AS_NP15_EXP,STAGG_6_N001,AS_NP15_EXP,,2009-03-31T07:00:00-00:00,2031-01-01T07:59:59-00:00,2009-03-31T00:00:00,2030-12-31T23:59:59
AS_NP15_EXP,STAGG_6_N003,AS_NP15_EXP,,2009-03-31T07:00:00-00:00,2031-01-01T07:59:59-00:00,2009-03-31T00:00:00,2030-12-31T23:59:59
AS_NP15_EXP,STANDFD2_1_N011,AS_NP15_EXP,,2025-05-13T07:00:00-00:00,2031-01-01T07:59:59-00:00,2025-05-13T00:00:00,2030-12-31T23:59:59
AS_NP15_EXP,STANFRD_6_N013,AS_NP15_EXP,,2016-08-18T07:00:00-00:00,2031-01-01T07:59:59-00:00,2016-08-18T00:00:00,2030-12-31T23:59:59
AS_NP15_EXP,STANFRD_6_N015,AS_NP15_EXP,,2016-08-18T07:00:00-00:00,2031-01-01T07:59:59-00:00,2016-08-18T00:00:00,2030-12-31T23:59:59
AS_NP15_EXP,STANFRD_6_N016,AS_NP15_EXP,,2016-08-18T07:00:00-00:00,2031-01-01T07:59:59-00:00,2016-08-18T00:00:00,2030-12-31T23:59:59
AS_NP15_EXP,STANFRD_6_N025,AS_NP15_EXP,,2016-08-18T07:00:00-00:00,2031-01-01T07:59:59-00:00,2016-08-18T00:00:00,2030-12-31T23:59:59
AS_NP15_EXP,STANFRD_6_N026,AS_NP15_EXP,,2016-08-18T07:00:00-00:00,2031-01-01T07:59:59-00:00,2016-08-18T00:00:00,2030-12-31T23:59:59
AS_NP15_EXP,STANISLS_1_B1,AS_NP15_EXP,,2017-08-17T07:00:00-00:00,2031-01-01T07:59:59-00:00,2017-08-17T00:00:00,2030-12-31T23:59:59
AS_NP15_EXP,STANISLS_1_N001,AS_NP15_EXP,,2009-03-31T07:00:00-00:00,2031-01-01T07:59:59-00:00,2009-03-31T00:00:00,2030-12-31T23:59:59
AS_NP15_EXP,STANISLS_7_B1,AS_NP15_EXP,,2023-05-05T07:00:00-00:00,2031-01-01T07:59:59-00:00,2023-05-05T00:00:00,2030-12-31T23:59:59
AS_NP15_EXP,STATIN-L_7_N001,AS_NP15_EXP,,2009-03-31T07:00:00-00:00,2031-01-01T07:59:59-00:00,2009-03-31T00:00:00,2030-12-31T23:59:59
AS_NP15_EXP,STATIND_1_N001,AS_NP15_EXP,,2009-03-31T07:00:00-00:00,2031-01-01T07:59:59-00:00,2009-03-31T00:00:00,2030-12-31T23:59:59
AS_NP15_EXP,STATIND_1_N010,AS_NP15_EXP,,2009-03-31T07:00:00-00:00,2031-01-01T07:59:59-00:00,2009-03-31T00:00:00,2030-12-31T23:59:59
AS_NP15_EXP,STATIND_1_N013,AS_NP15_EXP,,2009-03-31T07:00:00-00:00,2031-01-01T07:59:59-00:00,2009-03-31T00:00:00,2030-12-31T23:59:59
AS_NP15_EXP,STATIND_1_N033,AS_NP15_EXP,,2014-02-13T08:00:00-00:00,2031-01-01T07:59:59-00:00,2014-02-13T00:00:00,2030-12-31T23:59:59
AS_NP15_EXP,STATINJ_1_N001,AS_NP15_EXP,,2009-03-31T07:00:00-00:00,2031-01-01T07:59:59-00:00,2009-03-31T00:00:00,2030-12-31T23:59:59
AS_NP15_EXP,STATINJ_1_N012,AS_NP15_EXP,,2009-03-31T07:00:00-00:00,2031-01-01T07:59:59-00:00,2009-03-31T00:00:00,2030-12-31T23:59:59
AS_NP15_EXP,STATINJ_1_N027,AS_NP15_EXP,,2009-03-31T07:00:00-00:00,2031-01-01T07:59:59-00:00,2009-03-31T00:00:00,2030-12-31T23:59:59
AS_NP15_EXP,STATINL_1_N001,AS_NP15_EXP,,2009-03-31T07:00:00-00:00,2031-01-01T07:59:59-00:00,2009-03-31T00:00:00,2030-12-31T23:59:59
AS_NP15_EXP,STATINL_7_GN001,AS_NP15_EXP,,2025-05-13T07:00:00-00:00,2031-01-01T07:59:59-00:00,2025-05-13T00:00:00,2030-12-31T23:59:59
AS_NP15_EXP,STATINX_1_N001,AS_NP15_EXP,,2009-03-31T07:00:00-00:00,2031-01-01T07:59:59-00:00,2009-03-31T00:00:00,2030-12-31T23:59:59
AS_NP15_EXP,STATINX_1_N012,AS_NP15_EXP,,2009-03-31T07:00:00-00:00,2031-01-01T07:59:59-00:00,2009-03-31T00:00:00,2030-12-31T23:59:59
AS_NP15_EXP,STATINX_1_N014,AS_NP15_EXP,,2009-03-31T07:00:00-00:00,2031-01-01T07:59:59-00:00,2009-03-31T00:00:00,2030-12-31T23:59:59
AS_NP15_EXP,STATINX_1_N024,AS_NP15_EXP,,2012-10-11T07:00:00-00:00,2031-01-01T07:59:59-00:00,2012-10-11T00:00:00,2030-12-31T23:59:59
AS_NP15_EXP,STCKTNAR_6_N001,AS_NP15_EXP,,2009-03-31T07:00:00-00:00,2031-01-01T07:59:59-00:00,2009-03-31T00:00:00,2030-12-31T23:59:59
AS_NP15_EXP,STDOIL_1_N009,AS_NP15_EXP,,2009-03-31T07:00:00-00:00,2031-01-01T07:59:59-00:00,2009-03-31T00:00:00,2030-12-31T23:59:59
AS_NP15_EXP,STELLING_1_N001,AS_NP15_EXP,,2009-03-31T07:00:00-00:00,2031-01-01T07:59:59-00:00,2009-03-31T00:00:00,2030-12-31T23:59:59
AS_NP15_EXP,STELLING_1_N004,AS_NP15_EXP,,2009-03-31T07:00:00-00:00,2031-01-01T07:59:59-00:00,2009-03-31T00:00:00,2030-12-31T23:59:59
AS_NP15_EXP,STELLING_1_N007,AS_NP15_EXP,,2009-03-31T07:00:00-00:00,2031-01-01T07:59:59-00:00,2009-03-31T00:00:00,2030-12-31T23:59:59
AS_NP15_EXP,STENWJ_6_N001,AS_NP15_EXP,,2025-04-16T07:00:00-00:00,2031-01-01T07:59:59-00:00,2025-04-16T00:00:00,2030-12-31T23:59:59
AS_NP15_EXP,STENWJ_6_N002,AS_NP15_EXP,,2025-04-16T07:00:00-00:00,2031-01-01T07:59:59-00:00,2025-04-16T00:00:00,2030-12-31T23:59:59
AS_NP15_EXP,STERESA_1_CN12,AS_NP15_EXP,,2020-12-09T08:00:00-00:00,2031-01-01T07:59:59-00:00,2020-12-09T00:00:00,2030-12-31T23:59:59
AS_NP15_EXP,STIGCC_7_B1,AS_NP15_EXP,,2025-05-13T07:00:00-00:00,2031-01-01T07:59:59-00:00,2025-05-13T00:00:00,2030-12-31T23:59:59
AS_NP15_EXP,STKTNWW_6_N001,AS_NP15_EXP,,2010-08-26T07:00:00-00:00,2031-01-01T07:59:59-00:00,2010-08-26T00:00:00,2030-12-31T23:59:59
AS_NP15_EXP,STKTONA_1_LN001,AS_NP15_EXP,,2009-09-10T07:00:00-00:00,2031-01-01T07:59:59-00:00,2009-09-10T00:00:00,2030-12-31T23:59:59
AS_NP15_EXP,STKTONA_1_N001,AS_NP15_EXP,,2009-03-31T07:00:00-00:00,2031-01-01T07:59:59-00:00,2009-03-31T00:00:00,2030-12-31T23:59:59
AS_NP15_EXP,STKTONA_1_N003,AS_NP15_EXP,,2009-03-31T07:00:00-00:00,2031-01-01T07:59:59-00:00,2009-03-31T00:00:00,2030-12-31T23:59:59
AS_NP15_EXP,STKTONA_6_N001,AS_NP15_EXP,,2009-03-31T07:00:00-00:00,2031-01-01T07:59:59-00:00,2009-03-31T00:00:00,2030-12-31T23:59:59
AS_NP15_EXP,STKTONA_6_N004,AS_NP15_EXP,,2009-03-31T07:00:00-00:00,2031-01-01T07:59:59-00:00,2009-03-31T00:00:00,2030-12-31T23:59:59
AS_NP15_EXP,STLLWATR_6_N001,AS_NP15_EXP,,2009-03-31T07:00:00-00:00,2031-01-01T07:59:59-00:00,2009-03-31T00:00:00,2030-12-31T23:59:59
AS_NP15_EXP,STNSLSRP_7_B1,AS_NP15_EXP,,2009-03-31T07:00:00-00:00,2031-01-01T07:59:59-00:00,2009-03-31T00:00:00,2030-12-31T23:59:59
AS_NP15_EXP,STOILS_1_UNITS-APND,AS_NP15_EXP,,2009-03-31T07:00:00-00:00,2031-01-01T07:59:59-00:00,2009-03-31T00:00:00,2030-12-31T23:59:59
AS_NP15_EXP,STONCRRL_6_N001,AS_NP15_EXP,,2017-08-17T07:00:00-00:00,2031-01-01T07:59:59-00:00,2017-08-17T00:00:00,2030-12-31T23:59:59
AS_NP15_EXP,STONCRRL_6_N003,AS_NP15_EXP,,2017-08-17T07:00:00-00:00,2031-01-01T07:59:59-00:00,2017-08-17T00:00:00,2030-12-31T23:59:59
AS_NP15_EXP,STONE_1_N001,AS_NP15_EXP,,2009-03-31T07:00:00-00:00,2031-01-01T07:59:59-00:00,2009-03-31T00:00:00,2030-12-31T23:59:59
AS_NP15_EXP,STONE_1_N005,AS_NP15_EXP,,2009-03-31T07:00:00-00:00,2031-01-01T07:59:59-00:00,2009-03-31T00:00:00,2030-12-31T23:59:59
AS_NP15_EXP,STONYPT_1_N001,AS_NP15_EXP,,2009-03-31T07:00:00-00:00,2031-01-01T07:59:59-00:00,2009-03-31T00:00:00,2030-12-31T23:59:59
AS_NP15_EXP,STOREY1_2_N001,AS_NP15_EXP,,2009-03-31T07:00:00-00:00,2031-01-01T07:59:59-00:00,2009-03-31T00:00:00,2030-12-31T23:59:59
AS_NP15_EXP,STOREY1_2_N003,AS_NP15_EXP,,2025-05-13T07:00:00-00:00,2031-01-01T07:59:59-00:00,2025-05-13T00:00:00,2030-12-31T23:59:59
AS_NP15_EXP,STOREY1_2_N006,AS_NP15_EXP,,2025-05-13T07:00:00-00:00,2031-01-01T07:59:59-00:00,2025-05-13T00:00:00,2030-12-31T23:59:59
AS_NP15_EXP,STOREY1_2_N007,AS_NP15_EXP,,2025-05-13T07:00:00-00:00,2031-01-01T07:59:59-00:00,2025-05-13T00:00:00,2030-12-31T23:59:59
AS_NP15_EXP,STOREY1_2_N008,AS_NP15_EXP,,2025-05-13T07:00:00-00:00,2031-01-01T07:59:59-00:00,2025-05-13T00:00:00,2030-12-31T23:59:59
AS_NP15_EXP,STOREY1_2_N011,AS_NP15_EXP,,2025-12-17T08:00:00-00:00,2031-01-01T07:59:59-00:00,2025-12-17T00:00:00,2030-12-31T23:59:59
AS_NP15_EXP,STOREY2_2_N001,AS_NP15_EXP,,2009-03-31T07:00:00-00:00,2031-01-01T07:59:59-00:00,2009-03-31T00:00:00,2030-12-31T23:59:59
AS_NP15_EXP,STROUD_6_N001,AS_NP15_EXP,,2011-08-11T07:00:00-00:00,2031-01-01T07:59:59-00:00,2011-08-11T00:00:00,2030-12-31T23:59:59
AS_NP15_EXP,STROUD_6_N003,AS_NP15_EXP,,2025-05-13T07:00:00-00:00,2031-01-01T07:59:59-00:00,2025-05-13T00:00:00,2030-12-31T23:59:59
AS_NP15_EXP,STROUD_6_N005,AS_NP15_EXP,,2011-08-12T07:00:00-00:00,2031-01-01T07:59:59-00:00,2011-08-12T00:00:00,2030-12-31T23:59:59
AS_NP15_EXP,SUBS34KV_7_N002,AS_NP15_EXP,,2025-10-15T07:00:00-00:00,2031-01-01T07:59:59-00:00,2025-10-15T00:00:00,2030-12-31T23:59:59
AS_NP15_EXP,SUISUN_1_N001,AS_NP15_EXP,,2009-03-31T07:00:00-00:00,2031-01-01T07:59:59-00:00,2009-03-31T00:00:00,2030-12-31T23:59:59
AS_NP15_EXP,SUISUN_1_N008,AS_NP15_EXP,,2009-03-31T07:00:00-00:00,2031-01-01T07:59:59-00:00,2009-03-31T00:00:00,2030-12-31T23:59:59
AS_NP15_EXP,SUISUN_1_N009,AS_NP15_EXP,,2009-03-31T07:00:00-00:00,2031-01-01T07:59:59-00:00,2009-03-31T00:00:00,2030-12-31T23:59:59
AS_NP15_EXP,SUISUN_1_N010,AS_NP15_EXP,,2009-03-31T07:00:00-00:00,2031-01-01T07:59:59-00:00,2009-03-31T00:00:00,2030-12-31T23:59:59
AS_NP15_EXP,SUMIDEN_6_N001,AS_NP15_EXP,,2009-03-31T07:00:00-00:00,2031-01-01T07:59:59-00:00,2009-03-31T00:00:00,2030-12-31T23:59:59
AS_NP15_EXP,SUMMIT1_1_N101,AS_NP15_EXP,,2016-08-18T07:00:00-00:00,2031-01-01T07:59:59-00:00,2016-08-18T00:00:00,2030-12-31T23:59:59
AS_NP15_EXP,SUMMIT2_1_N101,AS_NP15_EXP,,2015-07-23T07:00:00-00:00,2031-01-01T07:59:59-00:00,2015-07-23T00:00:00,2030-12-31T23:59:59
AS_NP15_EXP,SUMMIT3_6_N101,AS_NP15_EXP,,2016-08-18T07:00:00-00:00,2031-01-01T07:59:59-00:00,2016-08-18T00:00:00,2030-12-31T23:59:59
AS_NP15_EXP,SUMMIT_6_N001,AS_NP15_EXP,,2009-03-31T07:00:00-00:00,2031-01-01T07:59:59-00:00,2009-03-31T00:00:00,2030-12-31T23:59:59
AS_NP15_EXP,SUNHRVST_7_N001,AS_NP15_EXP,,2025-05-13T07:00:00-00:00,2031-01-01T07:59:59-00:00,2025-05-13T00:00:00,2030-12-31T23:59:59
AS_NP15_EXP,SUNOL_6_N001,AS_NP15_EXP,,2009-03-31T07:00:00-00:00,2031-01-01T07:59:59-00:00,2009-03-31T00:00:00,2030-12-31T23:59:59
AS_NP15_EXP,SUTTRHM1_6_N001,AS_NP15_EXP,,2015-07-23T07:00:00-00:00,2031-01-01T07:59:59-00:00,2015-07-23T00:00:00,2030-12-31T23:59:59
AS_NP15_EXP,SUT_CISO_2_N001,AS_NP15_EXP,,2025-05-13T07:00:00-00:00,2031-01-01T07:59:59-00:00,2025-05-13T00:00:00,2030-12-31T23:59:59
AS_NP15_EXP,SUWSOF70_6_B1,AS_NP15_EXP,,2018-05-29T07:00:00-00:00,2031-01-01T07:59:59-00:00,2018-05-29T00:00:00,2030-12-31T23:59:59
AS_NP15_EXP,SUWSOFGN_7_N001,AS_NP15_EXP,,2018-02-22T08:00:00-00:00,2031-01-01T07:59:59-00:00,2018-02-22T00:00:00,2030-12-31T23:59:59
AS_NP15_EXP,SWIFT_1_GN001,AS_NP15_EXP,,2011-01-21T08:00:00-00:00,2031-01-01T07:59:59-00:00,2011-01-21T00:00:00,2030-12-31T23:59:59
AS_NP15_EXP,SWIFT_1_N001,AS_NP15_EXP,,2009-03-31T07:00:00-00:00,2031-01-01T07:59:59-00:00,2009-03-31T00:00:00,2030-12-31T23:59:59
AS_NP15_EXP,SWIFT_1_N003,AS_NP15_EXP,,2009-03-31T07:00:00-00:00,2031-01-01T07:59:59-00:00,2009-03-31T00:00:00,2030-12-31T23:59:59
AS_NP15_EXP,SWIFT_1_N006,AS_NP15_EXP,,2009-03-31T07:00:00-00:00,2031-01-01T07:59:59-00:00,2009-03-31T00:00:00,2030-12-31T23:59:59
AS_NP15_EXP,SWSDPR_1_N003,AS_NP15_EXP,,2017-08-17T07:00:00-00:00,2031-01-01T07:59:59-00:00,2017-08-17T00:00:00,2030-12-31T23:59:59
AS_NP15_EXP,SYCAMORE_1_N101,AS_NP15_EXP,,2009-03-31T07:00:00-00:00,2031-01-01T07:59:59-00:00,2009-03-31T00:00:00,2030-12-31T23:59:59
AS_NP15_EXP,SYCAMORE_1_N201,AS_NP15_EXP,,2009-03-31T07:00:00-00:00,2031-01-01T07:59:59-00:00,2009-03-31T00:00:00,2030-12-31T23:59:59
AS_NP15_EXP,SYCAMORE_1_N301,AS_NP15_EXP,,2015-10-22T07:00:00-00:00,2031-01-01T07:59:59-00:00,2015-10-22T00:00:00,2030-12-31T23:59:59
AS_NP15_EXP,T320BS1_7_B1,AS_NP15_EXP,,2025-05-13T07:00:00-00:00,2031-01-01T07:59:59-00:00,2025-05-13T00:00:00,2030-12-31T23:59:59
AS_NP15_EXP,T320BS2_7_B1,AS_NP15_EXP,,2025-05-13T07:00:00-00:00,2031-01-01T07:59:59-00:00,2025-05-13T00:00:00,2030-12-31T23:59:59
AS_NP15_EXP,T320BS3_7_B1,AS_NP15_EXP,,2025-05-13T07:00:00-00:00,2031-01-01T07:59:59-00:00,2025-05-13T00:00:00,2030-12-31T23:59:59
AS_NP15_EXP,T320BS4_7_B1,AS_NP15_EXP,,2025-05-13T07:00:00-00:00,2031-01-01T07:59:59-00:00,2025-05-13T00:00:00,2030-12-31T23:59:59
AS_NP15_EXP,T320_2_N001,AS_NP15_EXP,,2012-10-11T07:00:00-00:00,2031-01-01T07:59:59-00:00,2012-10-11T00:00:00,2030-12-31T23:59:59
AS_NP15_EXP,T320_2_N002,AS_NP15_EXP,,2012-10-11T07:00:00-00:00,2031-01-01T07:59:59-00:00,2012-10-11T00:00:00,2030-12-31T23:59:59
AS_NP15_EXP,TABLMTN_2_B1,AS_NP15_EXP,,2017-08-17T07:00:00-00:00,2031-01-01T07:59:59-00:00,2017-08-17T00:00:00,2030-12-31T23:59:59
AS_NP15_EXP,TAMARACK_6_N001,AS_NP15_EXP,,2009-03-31T07:00:00-00:00,2031-01-01T07:59:59-00:00,2009-03-31T00:00:00,2030-12-31T23:59:59
AS_NP15_EXP,TASSAJAR_2_N001,AS_NP15_EXP,,2009-03-31T07:00:00-00:00,2031-01-01T07:59:59-00:00,2009-03-31T00:00:00,2030-12-31T23:59:59
AS_NP15_EXP,TASSAJAR_2_N002,AS_NP15_EXP,,2009-03-31T07:00:00-00:00,2031-01-01T07:59:59-00:00,2009-03-31T00:00:00,2030-12-31T23:59:59
AS_NP15_EXP,TASSAJAR_2_N016,AS_NP15_EXP,,2011-12-21T08:00:00-00:00,2031-01-01T07:59:59-00:00,2011-12-21T00:00:00,2030-12-31T23:59:59
AS_NP15_EXP,TAYLOR_6_N001,AS_NP15_EXP,,2009-03-31T07:00:00-00:00,2031-01-01T07:59:59-00:00,2009-03-31T00:00:00,2030-12-31T23:59:59
AS_NP15_EXP,TBCPOT1_1_GN002,AS_NP15_EXP,,2025-05-13T07:00:00-00:00,2031-01-01T07:59:59-00:00,2025-05-13T00:00:00,2030-12-31T23:59:59
AS_NP15_EXP,TBCPTB1_2_GN002,AS_NP15_EXP,,2025-05-13T07:00:00-00:00,2031-01-01T07:59:59-00:00,2025-05-13T00:00:00,2030-12-31T23:59:59
AS_NP15_EXP,TBLEMTN_6_B1,AS_NP15_EXP,,2017-08-17T07:00:00-00:00,2031-01-01T07:59:59-00:00,2017-08-17T00:00:00,2030-12-31T23:59:59
AS_NP15_EXP,TBLEMTN_6_N005,AS_NP15_EXP,,2009-03-31T07:00:00-00:00,2031-01-01T07:59:59-00:00,2009-03-31T00:00:00,2030-12-31T23:59:59
AS_NP15_EXP,TEICHERT_1_N001,AS_NP15_EXP,,2009-03-31T07:00:00-00:00,2031-01-01T07:59:59-00:00,2009-03-31T00:00:00,2030-12-31T23:59:59
AS_NP15_EXP,TERMNOUS_6_N001,AS_NP15_EXP,,2009-03-31T07:00:00-00:00,2031-01-01T07:59:59-00:00,2009-03-31T00:00:00,2030-12-31T23:59:59
AS_NP15_EXP,TESLAMTR_1_N003,AS_NP15_EXP,,2017-08-17T07:00:00-00:00,2031-01-01T07:59:59-00:00,2017-08-17T00:00:00,2030-12-31T23:59:59
AS_NP15_EXP,TESLA_1_B1,AS_NP15_EXP,,2017-08-17T07:00:00-00:00,2031-01-01T07:59:59-00:00,2017-08-17T00:00:00,2030-12-31T23:59:59
AS_NP15_EXP,TESLA_1_N027,AS_NP15_EXP,,2025-05-13T07:00:00-00:00,2031-01-01T07:59:59-00:00,2025-05-13T00:00:00,2030-12-31T23:59:59
AS_NP15_EXP,TESORO_2_N014,AS_NP15_EXP,,2010-02-24T08:00:00-00:00,2031-01-01T07:59:59-00:00,2010-02-24T00:00:00,2030-12-31T23:59:59
AS_NP15_EXP,TESORO_2_N020,AS_NP15_EXP,,2010-02-24T08:00:00-00:00,2031-01-01T07:59:59-00:00,2010-02-24T00:00:00,2030-12-31T23:59:59
AS_NP15_EXP,TESSUB_2_N001,AS_NP15_EXP,,2009-03-31T07:00:00-00:00,2031-01-01T07:59:59-00:00,2009-03-31T00:00:00,2030-12-31T23:59:59
AS_NP15_EXP,TEXACO_6_N019,AS_NP15_EXP,,2009-03-31T07:00:00-00:00,2031-01-01T07:59:59-00:00,2009-03-31T00:00:00,2030-12-31T23:59:59
AS_NP15_EXP,THERMLT1_7_B1,AS_NP15_EXP,,2023-05-05T07:00:00-00:00,2031-01-01T07:59:59-00:00,2023-05-05T00:00:00,2030-12-31T23:59:59
AS_NP15_EXP,THERMLT2_7_B1,AS_NP15_EXP,,2023-05-05T07:00:00-00:00,2031-01-01T07:59:59-00:00,2023-05-05T00:00:00,2030-12-31T23:59:59
AS_NP15_EXP,THERMLT3_7_B1,AS_NP15_EXP,,2023-05-05T07:00:00-00:00,2031-01-01T07:59:59-00:00,2023-05-05T00:00:00,2030-12-31T23:59:59
AS_NP15_EXP,THERMLT4_7_B1,AS_NP15_EXP,,2023-05-05T07:00:00-00:00,2031-01-01T07:59:59-00:00,2023-05-05T00:00:00,2030-12-31T23:59:59
AS_NP15_EXP,THERMLTO_2_N109,AS_NP15_EXP,,2009-03-31T07:00:00-00:00,2031-01-01T07:59:59-00:00,2009-03-31T00:00:00,2030-12-31T23:59:59
AS_NP15_EXP,TIDEWATR_2_N001,AS_NP15_EXP,,2009-03-31T07:00:00-00:00,2031-01-01T07:59:59-00:00,2009-03-31T00:00:00,2030-12-31T23:59:59
AS_NP15_EXP,TIDEWATR_2_N014,AS_NP15_EXP,,2009-03-31T07:00:00-00:00,2031-01-01T07:59:59-00:00,2009-03-31T00:00:00,2030-12-31T23:59:59
AS_NP15_EXP,TIGRCK_7_UNITS-APND,AS_NP15_EXP,,2009-03-31T07:00:00-00:00,2031-01-01T07:59:59-00:00,2009-03-31T00:00:00,2030-12-31T23:59:59
AS_NP15_EXP,TIGRCRK_2_B1,AS_NP15_EXP,,2017-08-17T07:00:00-00:00,2031-01-01T07:59:59-00:00,2017-08-17T00:00:00,2030-12-31T23:59:59
AS_NP15_EXP,TIGRCRK_7_B2,AS_NP15_EXP,,2023-05-05T07:00:00-00:00,2031-01-01T07:59:59-00:00,2023-05-05T00:00:00,2030-12-31T23:59:59
AS_NP15_EXP,TIGRCRK_7_B3,AS_NP15_EXP,,2023-05-05T07:00:00-00:00,2031-01-01T07:59:59-00:00,2023-05-05T00:00:00,2030-12-31T23:59:59
AS_NP15_EXP,TOADTWN_7_N001,AS_NP15_EXP,,2009-03-31T07:00:00-00:00,2031-01-01T07:59:59-00:00,2009-03-31T00:00:00,2030-12-31T23:59:59
AS_NP15_EXP,TOADTWN_7_N002,AS_NP15_EXP,,2025-05-13T07:00:00-00:00,2031-01-01T07:59:59-00:00,2025-05-13T00:00:00,2030-12-31T23:59:59
AS_NP15_EXP,TOCALOMA_6_N001,AS_NP15_EXP,,2009-03-31T07:00:00-00:00,2031-01-01T07:59:59-00:00,2009-03-31T00:00:00,2030-12-31T23:59:59
AS_NP15_EXP,TOMATAK_6_N001,AS_NP15_EXP,,2009-03-31T07:00:00-00:00,2031-01-01T07:59:59-00:00,2009-03-31T00:00:00,2030-12-31T23:59:59
AS_NP15_EXP,TOSCO-PP_6_N001,AS_NP15_EXP,,2009-03-31T07:00:00-00:00,2031-01-01T07:59:59-00:00,2009-03-31T00:00:00,2030-12-31T23:59:59
AS_NP15_EXP,TRACY_1_N001,AS_NP15_EXP,,2009-03-31T07:00:00-00:00,2031-01-01T07:59:59-00:00,2009-03-31T00:00:00,2030-12-31T23:59:59
AS_NP15_EXP,TRACY_1_N002,AS_NP15_EXP,,2009-03-31T07:00:00-00:00,2031-01-01T07:59:59-00:00,2009-03-31T00:00:00,2030-12-31T23:59:59
AS_NP15_EXP,TRACY_1_N007,AS_NP15_EXP,,2024-07-10T07:00:00-00:00,2031-01-01T07:59:59-00:00,2024-07-10T00:00:00,2030-12-31T23:59:59
AS_NP15_EXP,TRACY_1_N101,AS_NP15_EXP,,2009-03-31T07:00:00-00:00,2031-01-01T07:59:59-00:00,2009-03-31T00:00:00,2030-12-31T23:59:59
AS_NP15_EXP,TRACY_5_B1,AS_NP15_EXP,,2020-09-18T07:00:00-00:00,2031-01-01T07:59:59-00:00,2020-09-18T00:00:00,2030-12-31T23:59:59
AS_NP15_EXP,TRACY_7_CN2,AS_NP15_EXP,,2024-07-10T07:00:00-00:00,2031-01-01T07:59:59-00:00,2024-07-10T00:00:00,2030-12-31T23:59:59
AS_NP15_EXP,TRAVIS_6_B1,AS_NP15_EXP,,2009-03-31T07:00:00-00:00,2031-01-01T07:59:59-00:00,2009-03-31T00:00:00,2030-12-31T23:59:59
AS_NP15_EXP,TRCYPMP_2_B2,AS_NP15_EXP,,2020-09-18T07:00:00-00:00,2031-01-01T07:59:59-00:00,2020-09-18T00:00:00,2030-12-31T23:59:59
AS_NP15_EXP,TRCYPMP_2_N063,AS_NP15_EXP,,2020-09-18T07:00:00-00:00,2031-01-01T07:59:59-00:00,2020-09-18T00:00:00,2030-12-31T23:59:59
AS_NP15_EXP,TRESVIS_6_N001,AS_NP15_EXP,,2009-03-31T07:00:00-00:00,2031-01-01T07:59:59-00:00,2009-03-31T00:00:00,2030-12-31T23:59:59
AS_NP15_EXP,TRIMBLE_1_N004,AS_NP15_EXP,,2009-03-31T07:00:00-00:00,2031-01-01T07:59:59-00:00,2009-03-31T00:00:00,2030-12-31T23:59:59
AS_NP15_EXP,TRIMBLE_1_N010,AS_NP15_EXP,,2009-03-31T07:00:00-00:00,2031-01-01T07:59:59-00:00,2009-03-31T00:00:00,2030-12-31T23:59:59
AS_NP15_EXP,TRIMBLE_1_N016,AS_NP15_EXP,,2009-03-31T07:00:00-00:00,2031-01-01T07:59:59-00:00,2009-03-31T00:00:00,2030-12-31T23:59:59
AS_NP15_EXP,TRIMBLE_1_N020,AS_NP15_EXP,,2009-03-31T07:00:00-00:00,2031-01-01T07:59:59-00:00,2009-03-31T00:00:00,2030-12-31T23:59:59
AS_NP15_EXP,TRINIDAD_6_N001,AS_NP15_EXP,,2009-03-31T07:00:00-00:00,2031-01-01T07:59:59-00:00,2009-03-31T00:00:00,2030-12-31T23:59:59
AS_NP15_EXP,TRNLTYSS_2_B1,AS_NP15_EXP,,2017-08-17T07:00:00-00:00,2031-01-01T07:59:59-00:00,2017-08-17T00:00:00,2030-12-31T23:59:59
AS_NP15_EXP,TRVSHPT_6_B1,AS_NP15_EXP,,2009-03-31T07:00:00-00:00,2031-01-01T07:59:59-00:00,2009-03-31T00:00:00,2030-12-31T23:59:59
AS_NP15_EXP,TUDOR_6_N001,AS_NP15_EXP,,2009-03-31T07:00:00-00:00,2031-01-01T07:59:59-00:00,2009-03-31T00:00:00,2030-12-31T23:59:59
AS_NP15_EXP,TULLCK_7_UNITS-APND,AS_NP15_EXP,,2009-03-31T07:00:00-00:00,2031-01-01T07:59:59-00:00,2009-03-31T00:00:00,2030-12-31T23:59:59
AS_NP15_EXP,TULLOCH_7_B1,AS_NP15_EXP,,2023-05-05T07:00:00-00:00,2031-01-01T07:59:59-00:00,2023-05-05T00:00:00,2030-12-31T23:59:59
AS_NP15_EXP,TULLOCH_7_B2,AS_NP15_EXP,,2023-05-05T07:00:00-00:00,2031-01-01T07:59:59-00:00,2023-05-05T00:00:00,2030-12-31T23:59:59
AS_NP15_EXP,TULLOCH_7_B4,AS_NP15_EXP,,2023-05-05T07:00:00-00:00,2031-01-01T07:59:59-00:00,2023-05-05T00:00:00,2030-12-31T23:59:59
AS_NP15_EXP,TULUCAY_6_N001,AS_NP15_EXP,,2009-03-31T07:00:00-00:00,2031-01-01T07:59:59-00:00,2009-03-31T00:00:00,2030-12-31T23:59:59
AS_NP15_EXP,TVYVLLY_6_N001,AS_NP15_EXP,,2009-03-31T07:00:00-00:00,2031-01-01T07:59:59-00:00,2009-03-31T00:00:00,2030-12-31T23:59:59
AS_NP15_EXP,TVYVLLY_6_N008,AS_NP15_EXP,,2025-05-13T07:00:00-00:00,2031-01-01T07:59:59-00:00,2025-05-13T00:00:00,2030-12-31T23:59:59
AS_NP15_EXP,TYLER_6_N001,AS_NP15_EXP,,2009-03-31T07:00:00-00:00,2031-01-01T07:59:59-00:00,2009-03-31T00:00:00,2030-12-31T23:59:59
AS_NP15_EXP,TYLER_6_N002,AS_NP15_EXP,,2009-03-31T07:00:00-00:00,2031-01-01T07:59:59-00:00,2009-03-31T00:00:00,2030-12-31T23:59:59
AS_NP15_EXP,UKIAH_1_N001,AS_NP15_EXP,,2009-03-31T07:00:00-00:00,2031-01-01T07:59:59-00:00,2009-03-31T00:00:00,2030-12-31T23:59:59
AS_NP15_EXP,UKIAH_1_N005,AS_NP15_EXP,,2009-03-31T07:00:00-00:00,2031-01-01T07:59:59-00:00,2009-03-31T00:00:00,2030-12-31T23:59:59
AS_NP15_EXP,ULTPWRJ_1_N001,AS_NP15_EXP,,2009-03-31T07:00:00-00:00,2031-01-01T07:59:59-00:00,2009-03-31T00:00:00,2030-12-31T23:59:59
AS_NP15_EXP,ULTRAJT_6_B1,AS_NP15_EXP,,2017-08-17T07:00:00-00:00,2031-01-01T07:59:59-00:00,2017-08-17T00:00:00,2030-12-31T23:59:59
AS_NP15_EXP,ULTRRCK_7_N001,AS_NP15_EXP,,2011-03-30T07:00:00-00:00,2031-01-01T07:59:59-00:00,2011-03-30T00:00:00,2030-12-31T23:59:59
AS_NP15_EXP,UNIONCH_7_B1,AS_NP15_EXP,,2009-03-31T07:00:00-00:00,2031-01-01T07:59:59-00:00,2009-03-31T00:00:00,2030-12-31T23:59:59
AS_NP15_EXP,UNOCAL_7_N001,AS_NP15_EXP,,2009-03-31T07:00:00-00:00,2031-01-01T07:59:59-00:00,2009-03-31T00:00:00,2030-12-31T23:59:59
AS_NP15_EXP,UNOCAL_7_N002,AS_NP15_EXP,,2009-03-31T07:00:00-00:00,2031-01-01T07:59:59-00:00,2009-03-31T00:00:00,2030-12-31T23:59:59
AS_NP15_EXP,UOP_6_N001,AS_NP15_EXP,,2009-03-31T07:00:00-00:00,2031-01-01T07:59:59-00:00,2009-03-31T00:00:00,2030-12-31T23:59:59
AS_NP15_EXP,UPPRLKE_6_N001,AS_NP15_EXP,,2009-03-31T07:00:00-00:00,2031-01-01T07:59:59-00:00,2009-03-31T00:00:00,2030-12-31T23:59:59
AS_NP15_EXP,URANIUM_6_N001,AS_NP15_EXP,,2017-02-16T08:00:00-00:00,2031-01-01T07:59:59-00:00,2017-02-16T00:00:00,2030-12-31T23:59:59
AS_NP15_EXP,URANIUM_6_N002,AS_NP15_EXP,,2017-02-16T08:00:00-00:00,2031-01-01T07:59:59-00:00,2017-02-16T00:00:00,2030-12-31T23:59:59
AS_NP15_EXP,URANIUM_6_N003,AS_NP15_EXP,,2017-02-16T08:00:00-00:00,2031-01-01T07:59:59-00:00,2017-02-16T00:00:00,2030-12-31T23:59:59
AS_NP15_EXP,URICH_6_N001,AS_NP15_EXP,,2009-03-31T07:00:00-00:00,2031-01-01T07:59:59-00:00,2009-03-31T00:00:00,2030-12-31T23:59:59
AS_NP15_EXP,USWINDPW_7_N001,AS_NP15_EXP,,2009-03-31T07:00:00-00:00,2031-01-01T07:59:59-00:00,2009-03-31T00:00:00,2030-12-31T23:59:59
AS_NP15_EXP,USWINDPW_7_N009,AS_NP15_EXP,,2025-05-13T07:00:00-00:00,2031-01-01T07:59:59-00:00,2025-05-13T00:00:00,2030-12-31T23:59:59
AS_NP15_EXP,USWP-FRK_6_N001,AS_NP15_EXP,,2025-05-13T07:00:00-00:00,2031-01-01T07:59:59-00:00,2025-05-13T00:00:00,2030-12-31T23:59:59
AS_NP15_EXP,USWP-JRW_2_N001,AS_NP15_EXP,,2025-05-13T07:00:00-00:00,2031-01-01T07:59:59-00:00,2025-05-13T00:00:00,2030-12-31T23:59:59
AS_NP15_EXP,USWP-PAT_1_B1,AS_NP15_EXP,,2009-03-31T07:00:00-00:00,2031-01-01T07:59:59-00:00,2009-03-31T00:00:00,2030-12-31T23:59:59
AS_NP15_EXP,USWPRLF_2_N004,AS_NP15_EXP,,2025-05-13T07:00:00-00:00,2031-01-01T07:59:59-00:00,2025-05-13T00:00:00,2030-12-31T23:59:59
AS_NP15_EXP,VACA-DIX_1_B1,AS_NP15_EXP,,2017-08-17T07:00:00-00:00,2031-01-01T07:59:59-00:00,2017-08-17T00:00:00,2030-12-31T23:59:59
AS_NP15_EXP,VACA-DIX_1_N001,AS_NP15_EXP,,2009-03-31T07:00:00-00:00,2031-01-01T07:59:59-00:00,2009-03-31T00:00:00,2030-12-31T23:59:59
AS_NP15_EXP,VACA-DIX_1_N014,AS_NP15_EXP,,2009-03-31T07:00:00-00:00,2031-01-01T07:59:59-00:00,2009-03-31T00:00:00,2030-12-31T23:59:59
AS_NP15_EXP,VACA-DIX_1_N083,AS_NP15_EXP,,2009-06-25T07:00:00-00:00,2031-01-01T07:59:59-00:00,2009-06-25T00:00:00,2030-12-31T23:59:59
AS_NP15_EXP,VACADIX_1_GN001,AS_NP15_EXP,,2025-05-13T07:00:00-00:00,2031-01-01T07:59:59-00:00,2025-05-13T00:00:00,2030-12-31T23:59:59
AS_NP15_EXP,VACADIX_1_N015,AS_NP15_EXP,,2019-02-21T08:00:00-00:00,2031-01-01T07:59:59-00:00,2019-02-21T00:00:00,2030-12-31T23:59:59
AS_NP15_EXP,VACADIX_1_N085,AS_NP15_EXP,,2011-08-12T07:00:00-00:00,2031-01-01T07:59:59-00:00,2011-08-12T00:00:00,2030-12-31T23:59:59
AS_NP15_EXP,VACADIX_1_N300,AS_NP15_EXP,,2019-02-21T08:00:00-00:00,2031-01-01T07:59:59-00:00,2019-02-21T00:00:00,2030-12-31T23:59:59
AS_NP15_EXP,VACAVIL_1_N001,AS_NP15_EXP,,2009-03-31T07:00:00-00:00,2031-01-01T07:59:59-00:00,2009-03-31T00:00:00,2030-12-31T23:59:59
AS_NP15_EXP,VACAVIL_1_N101,AS_NP15_EXP,,2009-03-31T07:00:00-00:00,2031-01-01T07:59:59-00:00,2009-03-31T00:00:00,2030-12-31T23:59:59
AS_NP15_EXP,VACAVIL_1_N102,AS_NP15_EXP,,2009-03-31T07:00:00-00:00,2031-01-01T07:59:59-00:00,2009-03-31T00:00:00,2030-12-31T23:59:59
AS_NP15_EXP,VALLECTS_6_B1,AS_NP15_EXP,,2009-06-25T07:00:00-00:00,2031-01-01T07:59:59-00:00,2009-06-25T00:00:00,2030-12-31T23:59:59
AS_NP15_EXP,VALLYHM_1_N001,AS_NP15_EXP,,2009-03-31T07:00:00-00:00,2031-01-01T07:59:59-00:00,2009-03-31T00:00:00,2030-12-31T23:59:59
AS_NP15_EXP,VALLYHM_1_N004,AS_NP15_EXP,,2025-05-13T07:00:00-00:00,2031-01-01T07:59:59-00:00,2025-05-13T00:00:00,2030-12-31T23:59:59
AS_NP15_EXP,VALLYHM_1_N005,AS_NP15_EXP,,2015-04-23T07:00:00-00:00,2031-01-01T07:59:59-00:00,2015-04-23T00:00:00,2030-12-31T23:59:59
AS_NP15_EXP,VALLYVW_1_N001,AS_NP15_EXP,,2009-03-31T07:00:00-00:00,2031-01-01T07:59:59-00:00,2009-03-31T00:00:00,2030-12-31T23:59:59
AS_NP15_EXP,VALLYVW_1_N003,AS_NP15_EXP,,2009-03-31T07:00:00-00:00,2031-01-01T07:59:59-00:00,2009-03-31T00:00:00,2030-12-31T23:59:59
AS_NP15_EXP,VASCJCT_6_B1,AS_NP15_EXP,,2017-08-17T07:00:00-00:00,2031-01-01T07:59:59-00:00,2017-08-17T00:00:00,2030-12-31T23:59:59
AS_NP15_EXP,VASCO_6_N001,AS_NP15_EXP,,2009-03-31T07:00:00-00:00,2031-01-01T07:59:59-00:00,2009-03-31T00:00:00,2030-12-31T23:59:59
AS_NP15_EXP,VASCO_6_N003,AS_NP15_EXP,,2009-03-31T07:00:00-00:00,2031-01-01T07:59:59-00:00,2009-03-31T00:00:00,2030-12-31T23:59:59
AS_NP15_EXP,VASONA_2_N001,AS_NP15_EXP,,2009-03-31T07:00:00-00:00,2031-01-01T07:59:59-00:00,2009-03-31T00:00:00,2030-12-31T23:59:59
AS_NP15_EXP,VASONA_2_N010,AS_NP15_EXP,,2009-03-31T07:00:00-00:00,2031-01-01T07:59:59-00:00,2009-03-31T00:00:00,2030-12-31T23:59:59
AS_NP15_EXP,VICTOR_6_N001,AS_NP15_EXP,,2009-03-31T07:00:00-00:00,2031-01-01T07:59:59-00:00,2009-03-31T00:00:00,2030-12-31T23:59:59
AS_NP15_EXP,VICTOR_6_N002,AS_NP15_EXP,,2011-12-21T08:00:00-00:00,2031-01-01T07:59:59-00:00,2011-12-21T00:00:00,2030-12-31T23:59:59
AS_NP15_EXP,VIEJO_6_N001,AS_NP15_EXP,,2012-10-11T07:00:00-00:00,2031-01-01T07:59:59-00:00,2012-10-11T00:00:00,2030-12-31T23:59:59
AS_NP15_EXP,VIEJO_6_N003,AS_NP15_EXP,,2012-10-11T07:00:00-00:00,2031-01-01T07:59:59-00:00,2012-10-11T00:00:00,2030-12-31T23:59:59
AS_NP15_EXP,VIERRA_1_N001,AS_NP15_EXP,,2025-06-12T07:00:00-00:00,2031-01-01T07:59:59-00:00,2025-06-12T00:00:00,2030-12-31T23:59:59
AS_NP15_EXP,VIERRA_1_N009,AS_NP15_EXP,,2025-06-12T07:00:00-00:00,2031-01-01T07:59:59-00:00,2025-06-12T00:00:00,2030-12-31T23:59:59
AS_NP15_EXP,VINA_6_N001,AS_NP15_EXP,,2009-03-31T07:00:00-00:00,2031-01-01T07:59:59-00:00,2009-03-31T00:00:00,2030-12-31T23:59:59
AS_NP15_EXP,VINEYARD_2_N001,AS_NP15_EXP,,2009-03-31T07:00:00-00:00,2031-01-01T07:59:59-00:00,2009-03-31T00:00:00,2030-12-31T23:59:59
AS_NP15_EXP,VINEYARD_2_N002,AS_NP15_EXP,,2009-03-31T07:00:00-00:00,2031-01-01T07:59:59-00:00,2009-03-31T00:00:00,2030-12-31T23:59:59
AS_NP15_EXP,VINEYARD_6_N001,AS_NP15_EXP,,2009-03-31T07:00:00-00:00,2031-01-01T07:59:59-00:00,2009-03-31T00:00:00,2030-12-31T23:59:59
AS_NP15_EXP,VISTRA3_7_N001,AS_NP15_EXP,,2025-05-13T07:00:00-00:00,2031-01-01T07:59:59-00:00,2025-05-13T00:00:00,2030-12-31T23:59:59
AS_NP15_EXP,VISTRA3_7_N002,AS_NP15_EXP,,2025-05-13T07:00:00-00:00,2031-01-01T07:59:59-00:00,2025-05-13T00:00:00,2030-12-31T23:59:59
AS_NP15_EXP,VISTRA3_7_N003,AS_NP15_EXP,,2025-05-13T07:00:00-00:00,2031-01-01T07:59:59-00:00,2025-05-13T00:00:00,2030-12-31T23:59:59
AS_NP15_EXP,VISTRA_7_N004,AS_NP15_EXP,,2025-05-13T07:00:00-00:00,2031-01-01T07:59:59-00:00,2025-05-13T00:00:00,2030-12-31T23:59:59
AS_NP15_EXP,VISTRA_7_N005,AS_NP15_EXP,,2025-05-13T07:00:00-00:00,2031-01-01T07:59:59-00:00,2025-05-13T00:00:00,2030-12-31T23:59:59
AS_NP15_EXP,VISTRA_7_N006,AS_NP15_EXP,,2025-05-13T07:00:00-00:00,2031-01-01T07:59:59-00:00,2025-05-13T00:00:00,2030-12-31T23:59:59
AS_NP15_EXP,VISTRA_7_N008,AS_NP15_EXP,,2025-05-13T07:00:00-00:00,2031-01-01T07:59:59-00:00,2025-05-13T00:00:00,2030-12-31T23:59:59
AS_NP15_EXP,VISTRA_7_N009,AS_NP15_EXP,,2025-05-13T07:00:00-00:00,2031-01-01T07:59:59-00:00,2025-05-13T00:00:00,2030-12-31T23:59:59
AS_NP15_EXP,VLLYSPS_6_B1,AS_NP15_EXP,,2017-08-17T07:00:00-00:00,2031-01-01T07:59:59-00:00,2017-08-17T00:00:00,2030-12-31T23:59:59
AS_NP15_EXP,VLLYSPS_6_CN6,AS_NP15_EXP,,2021-11-17T08:00:00-00:00,2031-01-01T07:59:59-00:00,2021-11-17T00:00:00,2030-12-31T23:59:59
AS_NP15_EXP,VOLTA1_7_B1,AS_NP15_EXP,,2025-05-13T07:00:00-00:00,2031-01-01T07:59:59-00:00,2025-05-13T00:00:00,2030-12-31T23:59:59
AS_NP15_EXP,VOLTA2_7_N001,AS_NP15_EXP,,2025-05-13T07:00:00-00:00,2031-01-01T07:59:59-00:00,2025-05-13T00:00:00,2030-12-31T23:59:59
AS_NP15_EXP,VOLTA2_7_N002,AS_NP15_EXP,,2025-05-13T07:00:00-00:00,2031-01-01T07:59:59-00:00,2025-05-13T00:00:00,2030-12-31T23:59:59
AS_NP15_EXP,VOLTA2_7_N009,AS_NP15_EXP,,2009-03-31T07:00:00-00:00,2031-01-01T07:59:59-00:00,2009-03-31T00:00:00,2030-12-31T23:59:59
AS_NP15_EXP,VOLTA2_7_N010,AS_NP15_EXP,,2025-05-13T07:00:00-00:00,2031-01-01T07:59:59-00:00,2025-05-13T00:00:00,2030-12-31T23:59:59
AS_NP15_EXP,VOLTA_6_N009,AS_NP15_EXP,,2025-05-13T07:00:00-00:00,2031-01-01T07:59:59-00:00,2025-05-13T00:00:00,2030-12-31T23:59:59
AS_NP15_EXP,VOLTA_6_N010,AS_NP15_EXP,,2025-05-13T07:00:00-00:00,2031-01-01T07:59:59-00:00,2025-05-13T00:00:00,2030-12-31T23:59:59
AS_NP15_EXP,WADHAM_7_B1,AS_NP15_EXP,,2025-05-13T07:00:00-00:00,2031-01-01T07:59:59-00:00,2025-05-13T00:00:00,2030-12-31T23:59:59
AS_NP15_EXP,WAHTOKE_1_N001,AS_NP15_EXP,,2009-03-31T07:00:00-00:00,2031-01-01T07:59:59-00:00,2009-03-31T00:00:00,2030-12-31T23:59:59
AS_NP15_EXP,WAHTOKE_1_N002,AS_NP15_EXP,,2009-03-31T07:00:00-00:00,2031-01-01T07:59:59-00:00,2009-03-31T00:00:00,2030-12-31T23:59:59
AS_NP15_EXP,WALSH_6_N001,AS_NP15_EXP,,2017-02-16T08:00:00-00:00,2031-01-01T07:59:59-00:00,2017-02-16T00:00:00,2030-12-31T23:59:59
AS_NP15_EXP,WALSH_6_N002,AS_NP15_EXP,,2017-02-16T08:00:00-00:00,2031-01-01T07:59:59-00:00,2017-02-16T00:00:00,2030-12-31T23:59:59
AS_NP15_EXP,WARNERVL_2_B1,AS_NP15_EXP,,2017-08-17T07:00:00-00:00,2031-01-01T07:59:59-00:00,2017-08-17T00:00:00,2030-12-31T23:59:59
AS_NP15_EXP,WATERLOO_6_N001,AS_NP15_EXP,,2009-03-31T07:00:00-00:00,2031-01-01T07:59:59-00:00,2009-03-31T00:00:00,2030-12-31T23:59:59
AS_NP15_EXP,WATRSHED_6_N001,AS_NP15_EXP,,2009-03-31T07:00:00-00:00,2031-01-01T07:59:59-00:00,2009-03-31T00:00:00,2030-12-31T23:59:59
AS_NP15_EXP,WAUKENA_1_B1,AS_NP15_EXP,,2017-08-17T07:00:00-00:00,2031-01-01T07:59:59-00:00,2017-08-17T00:00:00,2030-12-31T23:59:59
AS_NP15_EXP,WAUKENA_7_N003,AS_NP15_EXP,,2025-05-13T07:00:00-00:00,2031-01-01T07:59:59-00:00,2025-05-13T00:00:00,2030-12-31T23:59:59
AS_NP15_EXP,WDFRDF_7_N001,AS_NP15_EXP,,2025-05-13T07:00:00-00:00,2031-01-01T07:59:59-00:00,2025-05-13T00:00:00,2030-12-31T23:59:59
AS_NP15_EXP,WDLNDBM_1_B1,AS_NP15_EXP,,2017-08-17T07:00:00-00:00,2031-01-01T07:59:59-00:00,2017-08-17T00:00:00,2030-12-31T23:59:59
AS_NP15_EXP,WDWRGEN_7_N001,AS_NP15_EXP,,2016-02-11T08:00:00-00:00,2031-01-01T07:59:59-00:00,2016-02-11T00:00:00,2030-12-31T23:59:59
AS_NP15_EXP,WDWRGEN_7_N002,AS_NP15_EXP,,2025-05-13T07:00:00-00:00,2031-01-01T07:59:59-00:00,2025-05-13T00:00:00,2030-12-31T23:59:59
AS_NP15_EXP,WEBER1_6_N002,AS_NP15_EXP,,2025-05-13T07:00:00-00:00,2031-01-01T07:59:59-00:00,2025-05-13T00:00:00,2030-12-31T23:59:59
AS_NP15_EXP,WEBER1_6_N003,AS_NP15_EXP,,2015-10-22T07:00:00-00:00,2031-01-01T07:59:59-00:00,2015-10-22T00:00:00,2030-12-31T23:59:59
AS_NP15_EXP,WEBERGEN_7_N002,AS_NP15_EXP,,2018-08-23T07:00:00-00:00,2031-01-01T07:59:59-00:00,2018-08-23T00:00:00,2030-12-31T23:59:59
AS_NP15_EXP,WEBER_2_N021,AS_NP15_EXP,,2012-03-22T07:00:00-00:00,2031-01-01T07:59:59-00:00,2012-03-22T00:00:00,2030-12-31T23:59:59
AS_NP15_EXP,WEBER_6_N001,AS_NP15_EXP,,2012-10-11T07:00:00-00:00,2031-01-01T07:59:59-00:00,2012-10-11T00:00:00,2030-12-31T23:59:59
AS_NP15_EXP,WEBER_6_N041,AS_NP15_EXP,,2015-10-22T07:00:00-00:00,2031-01-01T07:59:59-00:00,2015-10-22T00:00:00,2030-12-31T23:59:59
AS_NP15_EXP,WEMRSWS_6_N001,AS_NP15_EXP,,2009-03-31T07:00:00-00:00,2031-01-01T07:59:59-00:00,2009-03-31T00:00:00,2030-12-31T23:59:59
AS_NP15_EXP,WESIX_6_N001,AS_NP15_EXP,,2009-03-31T07:00:00-00:00,2031-01-01T07:59:59-00:00,2009-03-31T00:00:00,2030-12-31T23:59:59
AS_NP15_EXP,WESTJCT_6_B1,AS_NP15_EXP,,2024-08-28T07:00:00-00:00,2031-01-01T07:59:59-00:00,2024-08-28T00:00:00,2030-12-31T23:59:59
AS_NP15_EXP,WESTLAND_6_N001,AS_NP15_EXP,,2009-03-31T07:00:00-00:00,2031-01-01T07:59:59-00:00,2009-03-31T00:00:00,2030-12-31T23:59:59
AS_NP15_EXP,WESTLANE_6_N001,AS_NP15_EXP,,2009-03-31T07:00:00-00:00,2031-01-01T07:59:59-00:00,2009-03-31T00:00:00,2030-12-31T23:59:59
AS_NP15_EXP,WESTLEY_6_N001,AS_NP15_EXP,,2009-03-31T07:00:00-00:00,2031-01-01T07:59:59-00:00,2009-03-31T00:00:00,2030-12-31T23:59:59
AS_NP15_EXP,WESTLEY_6_N004,AS_NP15_EXP,,2009-03-31T07:00:00-00:00,2031-01-01T07:59:59-00:00,2009-03-31T00:00:00,2030-12-31T23:59:59
AS_NP15_EXP,WESTLNDS_1_N001,AS_NP15_EXP,,2009-03-31T07:00:00-00:00,2031-01-01T07:59:59-00:00,2009-03-31T00:00:00,2030-12-31T23:59:59
AS_NP15_EXP,WESTLNDS_1_N019,AS_NP15_EXP,,2009-03-31T07:00:00-00:00,2031-01-01T07:59:59-00:00,2009-03-31T00:00:00,2030-12-31T23:59:59
AS_NP15_EXP,WESTPNT_6_N001,AS_NP15_EXP,,2009-03-31T07:00:00-00:00,2031-01-01T07:59:59-00:00,2009-03-31T00:00:00,2030-12-31T23:59:59
AS_NP15_EXP,WESTPNT_7_B2,AS_NP15_EXP,,2009-03-31T07:00:00-00:00,2031-01-01T07:59:59-00:00,2009-03-31T00:00:00,2030-12-31T23:59:59
AS_NP15_EXP,WESTPNT_7_N001,AS_NP15_EXP,,2009-03-31T07:00:00-00:00,2031-01-01T07:59:59-00:00,2009-03-31T00:00:00,2030-12-31T23:59:59
AS_NP15_EXP,WESTSDE_6_N001,AS_NP15_EXP,,2009-03-31T07:00:00-00:00,2031-01-01T07:59:59-00:00,2009-03-31T00:00:00,2030-12-31T23:59:59
AS_NP15_EXP,WESTWOOD_6_B1,AS_NP15_EXP,,2017-08-17T07:00:00-00:00,2031-01-01T07:59:59-00:00,2017-08-17T00:00:00,2030-12-31T23:59:59
AS_NP15_EXP,WHDPAN2_7_N101,AS_NP15_EXP,,2009-03-31T07:00:00-00:00,2031-01-01T07:59:59-00:00,2009-03-31T00:00:00,2030-12-31T23:59:59
AS_NP15_EXP,WHDPAN2_7_N102,AS_NP15_EXP,,2023-05-05T07:00:00-00:00,2031-01-01T07:59:59-00:00,2023-05-05T00:00:00,2030-12-31T23:59:59
AS_NP15_EXP,WHEATLND_6_N001,AS_NP15_EXP,,2009-03-31T07:00:00-00:00,2031-01-01T07:59:59-00:00,2009-03-31T00:00:00,2030-12-31T23:59:59
AS_NP15_EXP,WHEATLND_6_N005,AS_NP15_EXP,,2009-03-31T07:00:00-00:00,2031-01-01T07:59:59-00:00,2009-03-31T00:00:00,2030-12-31T23:59:59
AS_NP15_EXP,WHEATLND_6_N006,AS_NP15_EXP,,2025-05-13T07:00:00-00:00,2031-01-01T07:59:59-00:00,2025-05-13T00:00:00,2030-12-31T23:59:59
AS_NP15_EXP,WHEELBR1_7_B1,AS_NP15_EXP,,2025-05-13T07:00:00-00:00,2031-01-01T07:59:59-00:00,2025-05-13T00:00:00,2030-12-31T23:59:59
AS_NP15_EXP,WHEELBR2_7_B1,AS_NP15_EXP,,2009-03-31T07:00:00-00:00,2031-01-01T07:59:59-00:00,2009-03-31T00:00:00,2030-12-31T23:59:59
AS_NP15_EXP,WHISMAN_1_N001,AS_NP15_EXP,,2009-03-31T07:00:00-00:00,2031-01-01T07:59:59-00:00,2009-03-31T00:00:00,2030-12-31T23:59:59
AS_NP15_EXP,WHISMAN_1_N004,AS_NP15_EXP,,2009-03-31T07:00:00-00:00,2031-01-01T07:59:59-00:00,2009-03-31T00:00:00,2030-12-31T23:59:59
AS_NP15_EXP,WHISMAN_1_N009,AS_NP15_EXP,,2009-03-31T07:00:00-00:00,2031-01-01T07:59:59-00:00,2009-03-31T00:00:00,2030-12-31T23:59:59
AS_NP15_EXP,WHITMORE_6_N001,AS_NP15_EXP,,2009-03-31T07:00:00-00:00,2031-01-01T07:59:59-00:00,2009-03-31T00:00:00,2030-12-31T23:59:59
AS_NP15_EXP,WILDWOOD_1_N001,AS_NP15_EXP,,2017-11-16T08:00:00-00:00,2031-01-01T07:59:59-00:00,2017-11-16T00:00:00,2030-12-31T23:59:59
AS_NP15_EXP,WILKINS_6_N001,AS_NP15_EXP,,2009-03-31T07:00:00-00:00,2031-01-01T07:59:59-00:00,2009-03-31T00:00:00,2030-12-31T23:59:59
AS_NP15_EXP,WILLIAMS_6_N002,AS_NP15_EXP,,2009-03-31T07:00:00-00:00,2031-01-01T07:59:59-00:00,2009-03-31T00:00:00,2030-12-31T23:59:59
AS_NP15_EXP,WILLIAMS_7_N001,AS_NP15_EXP,,2025-05-13T07:00:00-00:00,2031-01-01T07:59:59-00:00,2025-05-13T00:00:00,2030-12-31T23:59:59
AS_NP15_EXP,WILLIAMS_7_N002,AS_NP15_EXP,,2021-08-25T07:00:00-00:00,2031-01-01T07:59:59-00:00,2021-08-25T00:00:00,2030-12-31T23:59:59
AS_NP15_EXP,WILLITS_6_N001,AS_NP15_EXP,,2009-03-31T07:00:00-00:00,2031-01-01T07:59:59-00:00,2009-03-31T00:00:00,2030-12-31T23:59:59
AS_NP15_EXP,WILLOWS_6_N001,AS_NP15_EXP,,2009-03-31T07:00:00-00:00,2031-01-01T07:59:59-00:00,2009-03-31T00:00:00,2030-12-31T23:59:59
AS_NP15_EXP,WILLWCRK_6_N001,AS_NP15_EXP,,2009-03-31T07:00:00-00:00,2031-01-01T07:59:59-00:00,2009-03-31T00:00:00,2030-12-31T23:59:59
AS_NP15_EXP,WILLWCRK_6_N003,AS_NP15_EXP,,2009-03-31T07:00:00-00:00,2031-01-01T07:59:59-00:00,2009-03-31T00:00:00,2030-12-31T23:59:59
AS_NP15_EXP,WINDSOR_6_N001,AS_NP15_EXP,,2018-05-24T07:00:00-00:00,2031-01-01T07:59:59-00:00,2018-05-24T00:00:00,2030-12-31T23:59:59
AS_NP15_EXP,WINTERS_6_N001,AS_NP15_EXP,,2009-03-31T07:00:00-00:00,2031-01-01T07:59:59-00:00,2009-03-31T00:00:00,2030-12-31T23:59:59
AS_NP15_EXP,WISE1_7_B1,AS_NP15_EXP,,2025-05-13T07:00:00-00:00,2031-01-01T07:59:59-00:00,2025-05-13T00:00:00,2030-12-31T23:59:59
AS_NP15_EXP,WISE2_7_B1,AS_NP15_EXP,,2025-05-13T07:00:00-00:00,2031-01-01T07:59:59-00:00,2025-05-13T00:00:00,2030-12-31T23:59:59
AS_NP15_EXP,WISHON1_7_B2,AS_NP15_EXP,,2023-05-05T07:00:00-00:00,2031-01-01T07:59:59-00:00,2023-05-05T00:00:00,2030-12-31T23:59:59
AS_NP15_EXP,WISHON1_7_B3,AS_NP15_EXP,,2023-05-05T07:00:00-00:00,2031-01-01T07:59:59-00:00,2023-05-05T00:00:00,2030-12-31T23:59:59
AS_NP15_EXP,WISHON2_7_B2,AS_NP15_EXP,,2023-05-05T07:00:00-00:00,2031-01-01T07:59:59-00:00,2023-05-05T00:00:00,2030-12-31T23:59:59
AS_NP15_EXP,WISHON2_7_B3,AS_NP15_EXP,,2023-05-05T07:00:00-00:00,2031-01-01T07:59:59-00:00,2023-05-05T00:00:00,2030-12-31T23:59:59
AS_NP15_EXP,WISHON_6_UNITS-APND,AS_NP15_EXP,,2009-03-31T07:00:00-00:00,2031-01-01T07:59:59-00:00,2009-03-31T00:00:00,2030-12-31T23:59:59
AS_NP15_EXP,WLFSKIL1_1_N004,AS_NP15_EXP,,2009-06-25T07:00:00-00:00,2031-01-01T07:59:59-00:00,2009-06-25T00:00:00,2030-12-31T23:59:59
AS_NP15_EXP,WLLWPSS_6_N001,AS_NP15_EXP,,2009-03-31T07:00:00-00:00,2031-01-01T07:59:59-00:00,2009-03-31T00:00:00,2030-12-31T23:59:59
AS_NP15_EXP,WNDMSTR_2_N001,AS_NP15_EXP,,2025-05-13T07:00:00-00:00,2031-01-01T07:59:59-00:00,2025-05-13T00:00:00,2030-12-31T23:59:59
AS_NP15_EXP,WNTUPMS_6_N001,AS_NP15_EXP,,2009-03-31T07:00:00-00:00,2031-01-01T07:59:59-00:00,2009-03-31T00:00:00,2030-12-31T23:59:59
AS_NP15_EXP,WOHLER_6_N001,AS_NP15_EXP,,2009-03-31T07:00:00-00:00,2031-01-01T07:59:59-00:00,2009-03-31T00:00:00,2030-12-31T23:59:59
AS_NP15_EXP,WOLFE_1_N001,AS_NP15_EXP,,2009-03-31T07:00:00-00:00,2031-01-01T07:59:59-00:00,2009-03-31T00:00:00,2030-12-31T23:59:59
AS_NP15_EXP,WOLFE_1_N002,AS_NP15_EXP,,2009-03-31T07:00:00-00:00,2031-01-01T07:59:59-00:00,2009-03-31T00:00:00,2030-12-31T23:59:59
AS_NP15_EXP,WOLFE_1_N007,AS_NP15_EXP,,2009-03-31T07:00:00-00:00,2031-01-01T07:59:59-00:00,2009-03-31T00:00:00,2030-12-31T23:59:59
AS_NP15_EXP,WOLFSKIL_7_B1,AS_NP15_EXP,,2025-05-13T07:00:00-00:00,2031-01-01T07:59:59-00:00,2025-05-13T00:00:00,2030-12-31T23:59:59
AS_NP15_EXP,WOODACRE_6_N001,AS_NP15_EXP,,2009-03-31T07:00:00-00:00,2031-01-01T07:59:59-00:00,2009-03-31T00:00:00,2030-12-31T23:59:59
AS_NP15_EXP,WOODLAND_7_B1,AS_NP15_EXP,,2025-10-15T07:00:00-00:00,2031-01-01T07:59:59-00:00,2025-10-15T00:00:00,2030-12-31T23:59:59
AS_NP15_EXP,WOODLD_1_N001,AS_NP15_EXP,,2009-03-31T07:00:00-00:00,2031-01-01T07:59:59-00:00,2009-03-31T00:00:00,2030-12-31T23:59:59
AS_NP15_EXP,WOODLD_1_N005,AS_NP15_EXP,,2009-03-31T07:00:00-00:00,2031-01-01T07:59:59-00:00,2009-03-31T00:00:00,2030-12-31T23:59:59
AS_NP15_EXP,WOODLD_1_N012,AS_NP15_EXP,,2009-03-31T07:00:00-00:00,2031-01-01T07:59:59-00:00,2009-03-31T00:00:00,2030-12-31T23:59:59
AS_NP15_EXP,WOODLEAF_7_B1,AS_NP15_EXP,,2009-03-31T07:00:00-00:00,2031-01-01T07:59:59-00:00,2009-03-31T00:00:00,2030-12-31T23:59:59
AS_NP15_EXP,WOODSIDE_6_N003,AS_NP15_EXP,,2009-03-31T07:00:00-00:00,2031-01-01T07:59:59-00:00,2009-03-31T00:00:00,2030-12-31T23:59:59
AS_NP15_EXP,WOODSIDE_6_N004,AS_NP15_EXP,,2009-03-31T07:00:00-00:00,2031-01-01T07:59:59-00:00,2009-03-31T00:00:00,2030-12-31T23:59:59
AS_NP15_EXP,WOODSIDE_6_N006,AS_NP15_EXP,,2014-11-13T08:00:00-00:00,2031-01-01T07:59:59-00:00,2014-11-13T00:00:00,2030-12-31T23:59:59
AS_NP15_EXP,WOODWARD_1_N005,AS_NP15_EXP,,2009-03-31T07:00:00-00:00,2031-01-01T07:59:59-00:00,2009-03-31T00:00:00,2030-12-31T23:59:59
AS_NP15_EXP,WOODWARD_1_N006,AS_NP15_EXP,,2009-03-31T07:00:00-00:00,2031-01-01T07:59:59-00:00,2009-03-31T00:00:00,2030-12-31T23:59:59
AS_NP15_EXP,WPBART_1_GN001,AS_NP15_EXP,,2025-05-13T07:00:00-00:00,2031-01-01T07:59:59-00:00,2025-05-13T00:00:00,2030-12-31T23:59:59
AS_NP15_EXP,WPBART_1_N001,AS_NP15_EXP,,2009-03-31T07:00:00-00:00,2031-01-01T07:59:59-00:00,2009-03-31T00:00:00,2030-12-31T23:59:59
AS_NP15_EXP,WPBART_1_N004,AS_NP15_EXP,,2026-02-11T08:00:00-00:00,2031-01-01T07:59:59-00:00,2026-02-11T00:00:00,2030-12-31T23:59:59
AS_NP15_EXP,WPBART_1_N026,AS_NP15_EXP,,2026-02-11T08:00:00-00:00,2031-01-01T07:59:59-00:00,2026-02-11T00:00:00,2030-12-31T23:59:59
AS_NP15_EXP,WRGHTPP_6_N001,AS_NP15_EXP,,2009-03-31T07:00:00-00:00,2031-01-01T07:59:59-00:00,2009-03-31T00:00:00,2030-12-31T23:59:59
AS_NP15_EXP,WRGHTPP_6_N002,AS_NP15_EXP,,2009-03-31T07:00:00-00:00,2031-01-01T07:59:59-00:00,2009-03-31T00:00:00,2030-12-31T23:59:59
AS_NP15_EXP,WRGTSRGN_7_N001,AS_NP15_EXP,,2025-05-13T07:00:00-00:00,2031-01-01T07:59:59-00:00,2025-05-13T00:00:00,2030-12-31T23:59:59
AS_NP15_EXP,WSCRMNO_1_N004,AS_NP15_EXP,,2009-03-31T07:00:00-00:00,2031-01-01T07:59:59-00:00,2009-03-31T00:00:00,2030-12-31T23:59:59
AS_NP15_EXP,WSCRMNO_1_N013,AS_NP15_EXP,,2009-03-31T07:00:00-00:00,2031-01-01T07:59:59-00:00,2009-03-31T00:00:00,2030-12-31T23:59:59
AS_NP15_EXP,WSCRMNO_1_N201,AS_NP15_EXP,,2009-03-31T07:00:00-00:00,2031-01-01T07:59:59-00:00,2009-03-31T00:00:00,2030-12-31T23:59:59
AS_NP15_EXP,WSTFRSO_1_N001,AS_NP15_EXP,,2009-03-31T07:00:00-00:00,2031-01-01T07:59:59-00:00,2009-03-31T00:00:00,2030-12-31T23:59:59
AS_NP15_EXP,WSTFRSO_1_N004,AS_NP15_EXP,,2009-03-31T07:00:00-00:00,2031-01-01T07:59:59-00:00,2009-03-31T00:00:00,2030-12-31T23:59:59
AS_NP15_EXP,WSTFRSO_1_N015,AS_NP15_EXP,,2011-03-31T07:00:00-00:00,2031-01-01T07:59:59-00:00,2011-03-31T00:00:00,2030-12-31T23:59:59
AS_NP15_EXP,WSTFRSO_1_N017,AS_NP15_EXP,,2025-05-13T07:00:00-00:00,2031-01-01T07:59:59-00:00,2025-05-13T00:00:00,2030-12-31T23:59:59
AS_NP15_EXP,WSTLD1RA_1_N001,AS_NP15_EXP,,2009-03-31T07:00:00-00:00,2031-01-01T07:59:59-00:00,2009-03-31T00:00:00,2030-12-31T23:59:59
AS_NP15_EXP,WTSNVLLE_6_N001,AS_NP15_EXP,,2009-03-31T07:00:00-00:00,2031-01-01T07:59:59-00:00,2009-03-31T00:00:00,2030-12-31T23:59:59
AS_NP15_EXP,WTSNVLLE_6_N003,AS_NP15_EXP,,2009-03-31T07:00:00-00:00,2031-01-01T07:59:59-00:00,2009-03-31T00:00:00,2030-12-31T23:59:59
AS_NP15_EXP,WYANDTTE_1_N001,AS_NP15_EXP,,2022-07-28T07:00:00-00:00,2031-01-01T07:59:59-00:00,2022-07-28T00:00:00,2030-12-31T23:59:59
AS_NP15_EXP,WYANDTTE_1_N003,AS_NP15_EXP,,2022-07-28T07:00:00-00:00,2031-01-01T07:59:59-00:00,2022-07-28T00:00:00,2030-12-31T23:59:59
AS_NP15_EXP,WYANDTTE_1_N102,AS_NP15_EXP,,2022-07-28T07:00:00-00:00,2031-01-01T07:59:59-00:00,2022-07-28T00:00:00,2030-12-31T23:59:59
AS_NP15_EXP,YCCOGEN_7_B1,AS_NP15_EXP,,2009-03-31T07:00:00-00:00,2031-01-01T07:59:59-00:00,2009-03-31T00:00:00,2030-12-31T23:59:59
AS_NP15_EXP,YOSEMITE_6_N001,AS_NP15_EXP,,2009-03-31T07:00:00-00:00,2031-01-01T07:59:59-00:00,2009-03-31T00:00:00,2030-12-31T23:59:59
AS_NP15_EXP,YUBACITY_6_N010,AS_NP15_EXP,,2009-06-25T07:00:00-00:00,2031-01-01T07:59:59-00:00,2009-06-25T00:00:00,2030-12-31T23:59:59
AS_NP15_EXP,YUBACTY_7_B1,AS_NP15_EXP,,2009-03-31T07:00:00-00:00,2031-01-01T07:59:59-00:00,2009-03-31T00:00:00,2030-12-31T23:59:59
AS_NP15_EXP,YUBAGOLD_6_N001,AS_NP15_EXP,,2011-08-11T07:00:00-00:00,2031-01-01T07:59:59-00:00,2011-08-11T00:00:00,2030-12-31T23:59:59
AS_NP15_EXP,ZAMORA_1_LN001,AS_NP15_EXP,,2010-08-26T07:00:00-00:00,2031-01-01T07:59:59-00:00,2010-08-26T00:00:00,2030-12-31T23:59:59
AS_NP15_EXP,ZAMORA_1_N001,AS_NP15_EXP,,2025-06-12T07:00:00-00:00,2031-01-01T07:59:59-00:00,2025-06-12T00:00:00,2030-12-31T23:59:59
AS_NP15_EXP,ZANKER_1_N001,AS_NP15_EXP,,2009-03-31T07:00:00-00:00,2031-01-01T07:59:59-00:00,2009-03-31T00:00:00,2030-12-31T23:59:59
AS_NP15_EXP,ZANKER_1_N003,AS_NP15_EXP,,2009-03-31T07:00:00-00:00,2031-01-01T07:59:59-00:00,2009-03-31T00:00:00,2030-12-31T23:59:59
AS_NP15_EXP,ZENO_6_N001,AS_NP15_EXP,,2017-02-16T08:00:00-00:00,2031-01-01T07:59:59-00:00,2017-02-16T00:00:00,2030-12-31T23:59:59
AS_NP15_EXP,ZENO_6_N002,AS_NP15_EXP,,2017-02-16T08:00:00-00:00,2031-01-01T07:59:59-00:00,2017-02-16T00:00:00,2030-12-31T23:59:59
AS_NP15_EXP,ZEROWST_7_N002,AS_NP15_EXP,,2025-05-13T07:00:00-00:00,2031-01-01T07:59:59-00:00,2025-05-13T00:00:00,2030-12-31T23:59:59
AS_NP15_EXP,ZONDWD_6_B1,AS_NP15_EXP,,2022-11-16T08:00:00-00:00,2031-01-01T07:59:59-00:00,2022-11-16T00:00:00,2030-12-31T23:59:59
