AS_REGION_ID,PNODE_ID,DESCRIPTION,COMMENTS,EFF_START_DT_GMT,EFF_END_DT_GMT,EFF_START_DT,EFF_END_DT
AS_NP15,2C577C1_7_N001,AS_NP15,,2014-11-13T08:00:00-00:00,2031-01-01T07:59:59-00:00,2014-11-13T00:00:00,2030-12-31T23:59:59
AS_NP15,4C687C2_7_N001,AS_NP15,,2014-08-28T07:00:00-00:00,2031-01-01T07:59:59-00:00,2014-08-28T00:00:00,2030-12-31T23:59:59
AS_NP15,4C687_1_B1,AS_NP15,,2017-08-17T07:00:00-00:00,2031-01-01T07:59:59-00:00,2017-08-17T00:00:00,2030-12-31T23:59:59
AS_NP15,A100US_1_B1,AS_NP15,,2013-02-28T08:00:00-00:00,2031-01-01T07:59:59-00:00,2013-02-28T00:00:00,2030-12-31T23:59:59
AS_NP15,ADCC_2_N001,AS_NP15,,2009-03-31T07:00:00-00:00,2031-01-01T07:59:59-00:00,2009-03-31T00:00:00,2030-12-31T23:59:59
AS_NP15,ADERAG1_7_N001,AS_NP15,,2015-10-22T07:00:00-00:00,2031-01-01T07:59:59-00:00,2015-10-22T00:00:00,2030-12-31T23:59:59
AS_NP15,ADRATAP_1_B1,AS_NP15,,2017-08-17T07:00:00-00:00,2031-01-01T07:59:59-00:00,2017-08-17T00:00:00,2030-12-31T23:59:59
AS_NP15,AEC300_1_N001,AS_NP15,,2009-03-31T07:00:00-00:00,2031-01-01T07:59:59-00:00,2009-03-31T00:00:00,2030-12-31T23:59:59
AS_NP15,AERA12_7_N001,AS_NP15,,2016-02-11T08:00:00-00:00,2031-01-01T07:59:59-00:00,2016-02-11T00:00:00,2030-12-31T23:59:59
AS_NP15,AERAVIC2_1_N003,AS_NP15,,2020-01-17T08:00:00-00:00,2031-01-01T07:59:59-00:00,2020-01-17T00:00:00,2030-12-31T23:59:59
AS_NP15,AGNEW_1_N003,AS_NP15,,2009-03-31T07:00:00-00:00,2031-01-01T07:59:59-00:00,2009-03-31T00:00:00,2030-12-31T23:59:59
AS_NP15,AGNEW_6_N001,AS_NP15,,2017-02-16T08:00:00-00:00,2031-01-01T07:59:59-00:00,2017-02-16T00:00:00,2030-12-31T23:59:59
AS_NP15,AGNEW_6_N002,AS_NP15,,2017-02-16T08:00:00-00:00,2031-01-01T07:59:59-00:00,2017-02-16T00:00:00,2030-12-31T23:59:59
AS_NP15,AGRCJCT_6_B1,AS_NP15,,2017-08-17T07:00:00-00:00,2031-01-01T07:59:59-00:00,2017-08-17T00:00:00,2030-12-31T23:59:59
AS_NP15,AGRICO_6_PL3N5-APND,AS_NP15,,2009-03-31T07:00:00-00:00,2031-01-01T07:59:59-00:00,2009-03-31T00:00:00,2030-12-31T23:59:59
AS_NP15,AGRICO_7_B1,AS_NP15,,2023-05-05T07:00:00-00:00,2031-01-01T07:59:59-00:00,2023-05-05T00:00:00,2030-12-31T23:59:59
AS_NP15,AGRICO_7_B3,AS_NP15,,2023-05-05T07:00:00-00:00,2031-01-01T07:59:59-00:00,2023-05-05T00:00:00,2030-12-31T23:59:59
AS_NP15,AGRICO_7_B4,AS_NP15,,2023-05-05T07:00:00-00:00,2031-01-01T07:59:59-00:00,2023-05-05T00:00:00,2030-12-31T23:59:59
AS_NP15,AGRICO_7_NBT1,AS_NP15,,2022-07-28T07:00:00-00:00,2031-01-01T07:59:59-00:00,2022-07-28T00:00:00,2030-12-31T23:59:59
AS_NP15,AGRICO_7_UNIT-APND,AS_NP15,,2009-03-31T07:00:00-00:00,2031-01-01T07:59:59-00:00,2009-03-31T00:00:00,2030-12-31T23:59:59
AS_NP15,AIRPROD_1_N001,AS_NP15,,2009-03-31T07:00:00-00:00,2031-01-01T07:59:59-00:00,2009-03-31T00:00:00,2030-12-31T23:59:59
AS_NP15,AIRWAYS_1_N001,AS_NP15,,2009-09-10T07:00:00-00:00,2031-01-01T07:59:59-00:00,2009-09-10T00:00:00,2030-12-31T23:59:59
AS_NP15,AIRWAYS_1_N004,AS_NP15,,2009-09-10T07:00:00-00:00,2031-01-01T07:59:59-00:00,2009-09-10T00:00:00,2030-12-31T23:59:59
AS_NP15,AKINGS02_7_N001,AS_NP15,,2025-05-13T07:00:00-00:00,2031-01-01T07:59:59-00:00,2025-05-13T00:00:00,2030-12-31T23:59:59
AS_NP15,ALHAMBRA_1_N001,AS_NP15,,2009-03-31T07:00:00-00:00,2031-01-01T07:59:59-00:00,2009-03-31T00:00:00,2030-12-31T23:59:59
AS_NP15,ALHAMBRA_1_N002,AS_NP15,,2009-03-31T07:00:00-00:00,2031-01-01T07:59:59-00:00,2009-03-31T00:00:00,2030-12-31T23:59:59
AS_NP15,ALLEGHNY_6_N001,AS_NP15,,2009-03-31T07:00:00-00:00,2031-01-01T07:59:59-00:00,2009-03-31T00:00:00,2030-12-31T23:59:59
AS_NP15,ALLEGHNY_6_N002,AS_NP15,,2025-05-13T07:00:00-00:00,2031-01-01T07:59:59-00:00,2025-05-13T00:00:00,2030-12-31T23:59:59
AS_NP15,ALMADEN_6_N001,AS_NP15,,2009-06-25T07:00:00-00:00,2031-01-01T07:59:59-00:00,2009-06-25T00:00:00,2030-12-31T23:59:59
AS_NP15,ALMADEN_6_N009,AS_NP15,,2009-06-25T07:00:00-00:00,2031-01-01T07:59:59-00:00,2009-06-25T00:00:00,2030-12-31T23:59:59
AS_NP15,ALMDACT1_7_B1,AS_NP15,,2025-05-13T07:00:00-00:00,2031-01-01T07:59:59-00:00,2025-05-13T00:00:00,2030-12-31T23:59:59
AS_NP15,ALMDACT2_7_B1,AS_NP15,,2025-05-13T07:00:00-00:00,2031-01-01T07:59:59-00:00,2025-05-13T00:00:00,2030-12-31T23:59:59
AS_NP15,ALTO_6_N001,AS_NP15,,2014-11-13T08:00:00-00:00,2031-01-01T07:59:59-00:00,2014-11-13T00:00:00,2030-12-31T23:59:59
AS_NP15,ALTO_6_N101,AS_NP15,,2009-03-31T07:00:00-00:00,2031-01-01T07:59:59-00:00,2009-03-31T00:00:00,2030-12-31T23:59:59
AS_NP15,AMERIGAS_1_GN001,AS_NP15,,2009-12-17T08:00:00-00:00,2031-01-01T07:59:59-00:00,2009-12-17T00:00:00,2030-12-31T23:59:59
AS_NP15,AMERIGAS_1_N001,AS_NP15,,2009-03-31T07:00:00-00:00,2031-01-01T07:59:59-00:00,2009-03-31T00:00:00,2030-12-31T23:59:59
AS_NP15,AMESBS_1_N004,AS_NP15,,2009-03-31T07:00:00-00:00,2031-01-01T07:59:59-00:00,2009-03-31T00:00:00,2030-12-31T23:59:59
AS_NP15,AMESBS_1_N101,AS_NP15,,2009-03-31T07:00:00-00:00,2031-01-01T07:59:59-00:00,2009-03-31T00:00:00,2030-12-31T23:59:59
AS_NP15,AMESDST_1_N001,AS_NP15,,2009-03-31T07:00:00-00:00,2031-01-01T07:59:59-00:00,2009-03-31T00:00:00,2030-12-31T23:59:59
AS_NP15,AMFORST_6_N001,AS_NP15,,2009-03-31T07:00:00-00:00,2031-01-01T07:59:59-00:00,2009-03-31T00:00:00,2030-12-31T23:59:59
AS_NP15,ANDERSON_6_N001,AS_NP15,,2009-03-31T07:00:00-00:00,2031-01-01T07:59:59-00:00,2009-03-31T00:00:00,2030-12-31T23:59:59
AS_NP15,ANGIOLA_6_N001,AS_NP15,,2009-03-31T07:00:00-00:00,2031-01-01T07:59:59-00:00,2009-03-31T00:00:00,2030-12-31T23:59:59
AS_NP15,ANITA_6_N001,AS_NP15,,2009-03-31T07:00:00-00:00,2031-01-01T07:59:59-00:00,2009-03-31T00:00:00,2030-12-31T23:59:59
AS_NP15,ANITA_6_N006,AS_NP15,,2014-02-13T08:00:00-00:00,2031-01-01T07:59:59-00:00,2014-02-13T00:00:00,2030-12-31T23:59:59
AS_NP15,ANNAPOLS_6_N001,AS_NP15,,2009-03-31T07:00:00-00:00,2031-01-01T07:59:59-00:00,2009-03-31T00:00:00,2030-12-31T23:59:59
AS_NP15,ANTLER_6_N001,AS_NP15,,2009-03-31T07:00:00-00:00,2031-01-01T07:59:59-00:00,2009-03-31T00:00:00,2030-12-31T23:59:59
AS_NP15,APLHILGN_7_N002,AS_NP15,,2025-05-13T07:00:00-00:00,2031-01-01T07:59:59-00:00,2025-05-13T00:00:00,2030-12-31T23:59:59
AS_NP15,APPLEHL_1_N001,AS_NP15,,2009-03-31T07:00:00-00:00,2031-01-01T07:59:59-00:00,2009-03-31T00:00:00,2030-12-31T23:59:59
AS_NP15,APPLEHL_1_N002,AS_NP15,,2019-09-19T07:00:00-00:00,2031-01-01T07:59:59-00:00,2019-09-19T00:00:00,2030-12-31T23:59:59
AS_NP15,APPLEHL_1_N004,AS_NP15,,2009-03-31T07:00:00-00:00,2031-01-01T07:59:59-00:00,2009-03-31T00:00:00,2030-12-31T23:59:59
AS_NP15,APPMAT_1_N001,AS_NP15,,2009-03-31T07:00:00-00:00,2031-01-01T07:59:59-00:00,2009-03-31T00:00:00,2030-12-31T23:59:59
AS_NP15,APPMAT_1_N010,AS_NP15,,2009-03-31T07:00:00-00:00,2031-01-01T07:59:59-00:00,2009-03-31T00:00:00,2030-12-31T23:59:59
AS_NP15,APTORVC_6_N002,AS_NP15,,2009-03-31T07:00:00-00:00,2031-01-01T07:59:59-00:00,2009-03-31T00:00:00,2030-12-31T23:59:59
AS_NP15,ARAMIS_7_N001,AS_NP15,,2025-08-13T07:00:00-00:00,2031-01-01T07:59:59-00:00,2025-08-13T00:00:00,2030-12-31T23:59:59
AS_NP15,ARAMIS_7_N002,AS_NP15,,2025-08-13T07:00:00-00:00,2031-01-01T07:59:59-00:00,2025-08-13T00:00:00,2030-12-31T23:59:59
AS_NP15,ARAMIS_7_N003,AS_NP15,,2025-08-13T07:00:00-00:00,2031-01-01T07:59:59-00:00,2025-08-13T00:00:00,2030-12-31T23:59:59
AS_NP15,ARAMIS_7_N004,AS_NP15,,2025-08-13T07:00:00-00:00,2031-01-01T07:59:59-00:00,2025-08-13T00:00:00,2030-12-31T23:59:59
AS_NP15,ARBUCKLE_6_LN001,AS_NP15,,2009-09-10T07:00:00-00:00,2031-01-01T07:59:59-00:00,2009-09-10T00:00:00,2030-12-31T23:59:59
AS_NP15,ARBUCKLE_6_N001,AS_NP15,,2009-03-31T07:00:00-00:00,2031-01-01T07:59:59-00:00,2009-03-31T00:00:00,2030-12-31T23:59:59
AS_NP15,ARBURUA_6_N001,AS_NP15,,2009-03-31T07:00:00-00:00,2031-01-01T07:59:59-00:00,2009-03-31T00:00:00,2030-12-31T23:59:59
AS_NP15,ARCATA_6_LN001,AS_NP15,,2010-11-01T07:00:00-00:00,2031-01-01T07:59:59-00:00,2010-11-01T00:00:00,2030-12-31T23:59:59
AS_NP15,ARCATA_6_N001,AS_NP15,,2024-08-28T07:00:00-00:00,2031-01-01T07:59:59-00:00,2024-08-28T00:00:00,2030-12-31T23:59:59
AS_NP15,ARCATA_7_N001,AS_NP15,,2025-05-13T07:00:00-00:00,2031-01-01T07:59:59-00:00,2025-05-13T00:00:00,2030-12-31T23:59:59
AS_NP15,ARCATA_7_N003,AS_NP15,,2025-05-13T07:00:00-00:00,2031-01-01T07:59:59-00:00,2025-05-13T00:00:00,2030-12-31T23:59:59
AS_NP15,ARMSTRNG_6_N001,AS_NP15,,2009-03-31T07:00:00-00:00,2031-01-01T07:59:59-00:00,2009-03-31T00:00:00,2030-12-31T23:59:59
AS_NP15,ASHLAN_2_N001,AS_NP15,,2021-09-25T07:00:00-00:00,2031-01-01T07:59:59-00:00,2021-09-25T00:00:00,2030-12-31T23:59:59
AS_NP15,ASHLAN_2_N007,AS_NP15,,2021-09-25T07:00:00-00:00,2031-01-01T07:59:59-00:00,2021-09-25T00:00:00,2030-12-31T23:59:59
AS_NP15,ASHLAN_2_N008,AS_NP15,,2009-03-31T07:00:00-00:00,2031-01-01T07:59:59-00:00,2009-03-31T00:00:00,2030-12-31T23:59:59
AS_NP15,ATWATER_1_B2,AS_NP15,,2009-09-10T07:00:00-00:00,2031-01-01T07:59:59-00:00,2009-09-10T00:00:00,2030-12-31T23:59:59
AS_NP15,ATWATER_1_N001,AS_NP15,,2009-09-10T07:00:00-00:00,2031-01-01T07:59:59-00:00,2009-09-10T00:00:00,2030-12-31T23:59:59
AS_NP15,AUBERRY_6_N001,AS_NP15,,2009-03-31T07:00:00-00:00,2031-01-01T07:59:59-00:00,2009-03-31T00:00:00,2030-12-31T23:59:59
AS_NP15,AUBERRY_6_N003,AS_NP15,,2009-03-31T07:00:00-00:00,2031-01-01T07:59:59-00:00,2009-03-31T00:00:00,2030-12-31T23:59:59
AS_NP15,AUBURN_6_N001,AS_NP15,,2009-03-31T07:00:00-00:00,2031-01-01T07:59:59-00:00,2009-03-31T00:00:00,2030-12-31T23:59:59
AS_NP15,AVENA_1_N001,AS_NP15,,2009-03-31T07:00:00-00:00,2031-01-01T07:59:59-00:00,2009-03-31T00:00:00,2030-12-31T23:59:59
AS_NP15,BAFCOG12_7_B1,AS_NP15,,2025-08-13T07:00:00-00:00,2031-01-01T07:59:59-00:00,2025-08-13T00:00:00,2030-12-31T23:59:59
AS_NP15,BAFOOD1_6_N001,AS_NP15,,2009-03-31T07:00:00-00:00,2031-01-01T07:59:59-00:00,2009-03-31T00:00:00,2030-12-31T23:59:59
AS_NP15,BAHIA_2_N001,AS_NP15,,2009-03-31T07:00:00-00:00,2031-01-01T07:59:59-00:00,2009-03-31T00:00:00,2030-12-31T23:59:59
AS_NP15,BAHIA_2_N011,AS_NP15,,2009-03-31T07:00:00-00:00,2031-01-01T07:59:59-00:00,2009-03-31T00:00:00,2030-12-31T23:59:59
AS_NP15,BAILYJ1_1_N010,AS_NP15,,2014-11-13T08:00:00-00:00,2031-01-01T07:59:59-00:00,2014-11-13T00:00:00,2030-12-31T23:59:59
AS_NP15,BAILYJ1_1_N011,AS_NP15,,2014-11-13T08:00:00-00:00,2031-01-01T07:59:59-00:00,2014-11-13T00:00:00,2030-12-31T23:59:59
AS_NP15,BAIR_1_LN001,AS_NP15,,2010-11-01T07:00:00-00:00,2031-01-01T07:59:59-00:00,2010-11-01T00:00:00,2030-12-31T23:59:59
AS_NP15,BAIR_1_N001,AS_NP15,,2009-03-31T07:00:00-00:00,2031-01-01T07:59:59-00:00,2009-03-31T00:00:00,2030-12-31T23:59:59
AS_NP15,BALCH1_7_B2,AS_NP15,,2009-03-31T07:00:00-00:00,2031-01-01T07:59:59-00:00,2009-03-31T00:00:00,2030-12-31T23:59:59
AS_NP15,BALCH1_7_N001,AS_NP15,,2010-02-24T08:00:00-00:00,2031-01-01T07:59:59-00:00,2010-02-24T00:00:00,2030-12-31T23:59:59
AS_NP15,BALCH3TP_2_B1,AS_NP15,,2017-08-17T07:00:00-00:00,2031-01-01T07:59:59-00:00,2017-08-17T00:00:00,2030-12-31T23:59:59
AS_NP15,BALFOUR_6_N001,AS_NP15,,2009-03-31T07:00:00-00:00,2031-01-01T07:59:59-00:00,2009-03-31T00:00:00,2030-12-31T23:59:59
AS_NP15,BANGOR_6_N001,AS_NP15,,2009-03-31T07:00:00-00:00,2031-01-01T07:59:59-00:00,2009-03-31T00:00:00,2030-12-31T23:59:59
AS_NP15,BANGOR_6_N004,AS_NP15,,2012-06-14T07:00:00-00:00,2031-01-01T07:59:59-00:00,2012-06-14T00:00:00,2030-12-31T23:59:59
AS_NP15,BANTA_6_N001,AS_NP15,,2009-03-31T07:00:00-00:00,2031-01-01T07:59:59-00:00,2009-03-31T00:00:00,2030-12-31T23:59:59
AS_NP15,BARRY_6_N001,AS_NP15,,2009-03-31T07:00:00-00:00,2031-01-01T07:59:59-00:00,2009-03-31T00:00:00,2030-12-31T23:59:59
AS_NP15,BARTLP_1_N003,AS_NP15,,2017-02-16T08:00:00-00:00,2031-01-01T07:59:59-00:00,2017-02-16T00:00:00,2030-12-31T23:59:59
AS_NP15,BARTON_1_N001,AS_NP15,,2009-03-31T07:00:00-00:00,2031-01-01T07:59:59-00:00,2009-03-31T00:00:00,2030-12-31T23:59:59
AS_NP15,BARTON_1_N007,AS_NP15,,2009-03-31T07:00:00-00:00,2031-01-01T07:59:59-00:00,2009-03-31T00:00:00,2030-12-31T23:59:59
AS_NP15,BARTON_1_N008,AS_NP15,,2009-03-31T07:00:00-00:00,2031-01-01T07:59:59-00:00,2009-03-31T00:00:00,2030-12-31T23:59:59
AS_NP15,BASALT_6_N002,AS_NP15,,2009-03-31T07:00:00-00:00,2031-01-01T07:59:59-00:00,2009-03-31T00:00:00,2030-12-31T23:59:59
AS_NP15,BASALT_6_N101,AS_NP15,,2009-03-31T07:00:00-00:00,2031-01-01T07:59:59-00:00,2009-03-31T00:00:00,2030-12-31T23:59:59
AS_NP15,BATAVIA_6_N001,AS_NP15,,2009-03-31T07:00:00-00:00,2031-01-01T07:59:59-00:00,2009-03-31T00:00:00,2030-12-31T23:59:59
AS_NP15,BAYMDWS_1_N001,AS_NP15,,2009-03-31T07:00:00-00:00,2031-01-01T07:59:59-00:00,2009-03-31T00:00:00,2030-12-31T23:59:59
AS_NP15,BAYMDWS_1_N004,AS_NP15,,2009-03-31T07:00:00-00:00,2031-01-01T07:59:59-00:00,2009-03-31T00:00:00,2030-12-31T23:59:59
AS_NP15,BAYMDWS_1_N008,AS_NP15,,2009-03-31T07:00:00-00:00,2031-01-01T07:59:59-00:00,2009-03-31T00:00:00,2030-12-31T23:59:59
AS_NP15,BAYMDWS_1_N012,AS_NP15,,2009-03-31T07:00:00-00:00,2031-01-01T07:59:59-00:00,2009-03-31T00:00:00,2030-12-31T23:59:59
AS_NP15,BAYSHOR1_1_N001,AS_NP15,,2009-03-31T07:00:00-00:00,2031-01-01T07:59:59-00:00,2009-03-31T00:00:00,2030-12-31T23:59:59
AS_NP15,BAYSHOR2_1_N001,AS_NP15,,2009-03-31T07:00:00-00:00,2031-01-01T07:59:59-00:00,2009-03-31T00:00:00,2030-12-31T23:59:59
AS_NP15,BCHIPMIL_6_N001,AS_NP15,,2009-03-31T07:00:00-00:00,2031-01-01T07:59:59-00:00,2009-03-31T00:00:00,2030-12-31T23:59:59
AS_NP15,BCKSCRK_2_B1,AS_NP15,,2017-08-17T07:00:00-00:00,2031-01-01T07:59:59-00:00,2017-08-17T00:00:00,2030-12-31T23:59:59
AS_NP15,BCKSCRK_2_N004,AS_NP15,,2025-05-13T07:00:00-00:00,2031-01-01T07:59:59-00:00,2025-05-13T00:00:00,2030-12-31T23:59:59
AS_NP15,BCKSCRK_7_B2,AS_NP15,,2023-05-05T07:00:00-00:00,2031-01-01T07:59:59-00:00,2023-05-05T00:00:00,2030-12-31T23:59:59
AS_NP15,BCKSCRK_7_B3,AS_NP15,,2023-05-05T07:00:00-00:00,2031-01-01T07:59:59-00:00,2023-05-05T00:00:00,2030-12-31T23:59:59
AS_NP15,BCKSCRK_7_N001,AS_NP15,,2009-03-31T07:00:00-00:00,2031-01-01T07:59:59-00:00,2009-03-31T00:00:00,2030-12-31T23:59:59
AS_NP15,BCKSCRK_7_N002,AS_NP15,,2025-05-13T07:00:00-00:00,2031-01-01T07:59:59-00:00,2025-05-13T00:00:00,2030-12-31T23:59:59
AS_NP15,BEALE1_6_N001,AS_NP15,,2009-03-31T07:00:00-00:00,2031-01-01T07:59:59-00:00,2009-03-31T00:00:00,2030-12-31T23:59:59
AS_NP15,BEALE2_6_N001,AS_NP15,,2009-03-31T07:00:00-00:00,2031-01-01T07:59:59-00:00,2009-03-31T00:00:00,2030-12-31T23:59:59
AS_NP15,BEARCRK_6_N001,AS_NP15,,2009-03-31T07:00:00-00:00,2031-01-01T07:59:59-00:00,2009-03-31T00:00:00,2030-12-31T23:59:59
AS_NP15,BEARCRK_6_N010,AS_NP15,,2023-05-05T07:00:00-00:00,2031-01-01T07:59:59-00:00,2023-05-05T00:00:00,2030-12-31T23:59:59
AS_NP15,BEARDSLY_7_B1,AS_NP15,,2025-05-13T07:00:00-00:00,2031-01-01T07:59:59-00:00,2025-05-13T00:00:00,2030-12-31T23:59:59
AS_NP15,BELDEN_7_B1,AS_NP15,,2025-05-13T07:00:00-00:00,2031-01-01T07:59:59-00:00,2025-05-13T00:00:00,2030-12-31T23:59:59
AS_NP15,BELLOTA_2_B1,AS_NP15,,2017-08-17T07:00:00-00:00,2031-01-01T07:59:59-00:00,2017-08-17T00:00:00,2030-12-31T23:59:59
AS_NP15,BELLPGE_1_N001,AS_NP15,,2009-03-31T07:00:00-00:00,2031-01-01T07:59:59-00:00,2009-03-31T00:00:00,2030-12-31T23:59:59
AS_NP15,BELLPGE_1_N005,AS_NP15,,2009-03-31T07:00:00-00:00,2031-01-01T07:59:59-00:00,2009-03-31T00:00:00,2030-12-31T23:59:59
AS_NP15,BELLVUE_1_N001,AS_NP15,,2009-03-31T07:00:00-00:00,2031-01-01T07:59:59-00:00,2009-03-31T00:00:00,2030-12-31T23:59:59
AS_NP15,BELLVUE_1_N003,AS_NP15,,2009-03-31T07:00:00-00:00,2031-01-01T07:59:59-00:00,2009-03-31T00:00:00,2030-12-31T23:59:59
AS_NP15,BELLVUE_1_N005,AS_NP15,,2009-03-31T07:00:00-00:00,2031-01-01T07:59:59-00:00,2009-03-31T00:00:00,2030-12-31T23:59:59
AS_NP15,BELMONT_1_N001,AS_NP15,,2009-03-31T07:00:00-00:00,2031-01-01T07:59:59-00:00,2009-03-31T00:00:00,2030-12-31T23:59:59
AS_NP15,BELMONT_1_N006,AS_NP15,,2009-03-31T07:00:00-00:00,2031-01-01T07:59:59-00:00,2009-03-31T00:00:00,2030-12-31T23:59:59
AS_NP15,BELMONT_1_N008,AS_NP15,,2009-03-31T07:00:00-00:00,2031-01-01T07:59:59-00:00,2009-03-31T00:00:00,2030-12-31T23:59:59
AS_NP15,BERCYN_7_N001,AS_NP15,,2025-05-13T07:00:00-00:00,2031-01-01T07:59:59-00:00,2025-05-13T00:00:00,2030-12-31T23:59:59
AS_NP15,BERESFRD_6_N001,AS_NP15,,2009-03-31T07:00:00-00:00,2031-01-01T07:59:59-00:00,2009-03-31T00:00:00,2030-12-31T23:59:59
AS_NP15,BERESFRD_6_N002,AS_NP15,,2009-03-31T07:00:00-00:00,2031-01-01T07:59:59-00:00,2009-03-31T00:00:00,2030-12-31T23:59:59
AS_NP15,BERVLLY_6_N001,AS_NP15,,2009-03-31T07:00:00-00:00,2031-01-01T07:59:59-00:00,2009-03-31T00:00:00,2030-12-31T23:59:59
AS_NP15,BIGBAR_6_N001,AS_NP15,,2009-03-31T07:00:00-00:00,2031-01-01T07:59:59-00:00,2009-03-31T00:00:00,2030-12-31T23:59:59
AS_NP15,BIGBASN_6_N001,AS_NP15,,2009-03-31T07:00:00-00:00,2031-01-01T07:59:59-00:00,2009-03-31T00:00:00,2030-12-31T23:59:59
AS_NP15,BIGGS_6_N001,AS_NP15,,2009-03-31T07:00:00-00:00,2031-01-01T07:59:59-00:00,2009-03-31T00:00:00,2030-12-31T23:59:59
AS_NP15,BIGLAGN_6_N001,AS_NP15,,2009-03-31T07:00:00-00:00,2031-01-01T07:59:59-00:00,2009-03-31T00:00:00,2030-12-31T23:59:59
AS_NP15,BIGMDWS_6_N001,AS_NP15,,2009-03-31T07:00:00-00:00,2031-01-01T07:59:59-00:00,2009-03-31T00:00:00,2030-12-31T23:59:59
AS_NP15,BIGRIVR_6_N001,AS_NP15,,2009-03-31T07:00:00-00:00,2031-01-01T07:59:59-00:00,2009-03-31T00:00:00,2030-12-31T23:59:59
AS_NP15,BIOLA_6_N001,AS_NP15,,2009-03-31T07:00:00-00:00,2031-01-01T07:59:59-00:00,2009-03-31T00:00:00,2030-12-31T23:59:59
AS_NP15,BIOMSJCT_6_B1,AS_NP15,,2017-08-17T07:00:00-00:00,2031-01-01T07:59:59-00:00,2017-08-17T00:00:00,2030-12-31T23:59:59
AS_NP15,BIOMSJCT_6_GN001,AS_NP15,,2025-05-13T07:00:00-00:00,2031-01-01T07:59:59-00:00,2025-05-13T00:00:00,2030-12-31T23:59:59
AS_NP15,BIXLER_6_N001,AS_NP15,,2009-03-31T07:00:00-00:00,2031-01-01T07:59:59-00:00,2009-03-31T00:00:00,2030-12-31T23:59:59
AS_NP15,BLCH38750_7_B1,AS_NP15,,2009-03-31T07:00:00-00:00,2031-01-01T07:59:59-00:00,2009-03-31T00:00:00,2030-12-31T23:59:59
AS_NP15,BLCH38751_7_B1,AS_NP15,,2009-03-31T07:00:00-00:00,2031-01-01T07:59:59-00:00,2009-03-31T00:00:00,2030-12-31T23:59:59
AS_NP15,BLCKBUTT_7_B1,AS_NP15,,2025-05-13T07:00:00-00:00,2031-01-01T07:59:59-00:00,2025-05-13T00:00:00,2030-12-31T23:59:59
AS_NP15,BLKDIA_7_N001,AS_NP15,,2025-05-13T07:00:00-00:00,2031-01-01T07:59:59-00:00,2025-05-13T00:00:00,2030-12-31T23:59:59
AS_NP15,BLKDMDBT_7_N002,AS_NP15,,2016-08-18T07:00:00-00:00,2031-01-01T07:59:59-00:00,2016-08-18T00:00:00,2030-12-31T23:59:59
AS_NP15,BLKDMDBT_7_N004,AS_NP15,,2025-05-13T07:00:00-00:00,2031-01-01T07:59:59-00:00,2025-05-13T00:00:00,2030-12-31T23:59:59
AS_NP15,BLLEHVN_6_N001,AS_NP15,,2009-03-31T07:00:00-00:00,2031-01-01T07:59:59-00:00,2009-03-31T00:00:00,2030-12-31T23:59:59
AS_NP15,BLLEHVN_6_N002,AS_NP15,,2009-03-31T07:00:00-00:00,2031-01-01T07:59:59-00:00,2009-03-31T00:00:00,2030-12-31T23:59:59
AS_NP15,BLLEHVN_6_N004,AS_NP15,,2009-03-31T07:00:00-00:00,2031-01-01T07:59:59-00:00,2009-03-31T00:00:00,2030-12-31T23:59:59
AS_NP15,BLLEHVN_6_N006,AS_NP15,,2009-03-31T07:00:00-00:00,2031-01-01T07:59:59-00:00,2009-03-31T00:00:00,2030-12-31T23:59:59
AS_NP15,BLLEHVN_6_N007,AS_NP15,,2009-03-31T07:00:00-00:00,2031-01-01T07:59:59-00:00,2009-03-31T00:00:00,2030-12-31T23:59:59
AS_NP15,BLLEHVN_6_N009,AS_NP15,,2009-03-31T07:00:00-00:00,2031-01-01T07:59:59-00:00,2009-03-31T00:00:00,2030-12-31T23:59:59
AS_NP15,BLUELAKE_7_GN001,AS_NP15,,2023-05-05T07:00:00-00:00,2031-01-01T07:59:59-00:00,2023-05-05T00:00:00,2030-12-31T23:59:59
AS_NP15,BLUELKE_6_N001,AS_NP15,,2009-03-31T07:00:00-00:00,2031-01-01T07:59:59-00:00,2009-03-31T00:00:00,2030-12-31T23:59:59
AS_NP15,BLUELKE_6_N010,AS_NP15,,2018-08-23T07:00:00-00:00,2031-01-01T07:59:59-00:00,2018-08-23T00:00:00,2030-12-31T23:59:59
AS_NP15,BLUSTNPP_6_N003,AS_NP15,,2009-03-31T07:00:00-00:00,2031-01-01T07:59:59-00:00,2009-03-31T00:00:00,2030-12-31T23:59:59
AS_NP15,BNAVSTA_6_N001,AS_NP15,,2009-03-31T07:00:00-00:00,2031-01-01T07:59:59-00:00,2009-03-31T00:00:00,2030-12-31T23:59:59
AS_NP15,BNAVSTA_6_N002,AS_NP15,,2009-03-31T07:00:00-00:00,2031-01-01T07:59:59-00:00,2009-03-31T00:00:00,2030-12-31T23:59:59
AS_NP15,BNTACRB_6_N001,AS_NP15,,2009-03-31T07:00:00-00:00,2031-01-01T07:59:59-00:00,2009-03-31T00:00:00,2030-12-31T23:59:59
AS_NP15,BOGARD_6_N001,AS_NP15,,2009-03-31T07:00:00-00:00,2031-01-01T07:59:59-00:00,2009-03-31T00:00:00,2030-12-31T23:59:59
AS_NP15,BOGUE_1_N001,AS_NP15,,2009-03-31T07:00:00-00:00,2031-01-01T07:59:59-00:00,2009-03-31T00:00:00,2030-12-31T23:59:59
AS_NP15,BOGUE_1_N015,AS_NP15,,2009-06-25T07:00:00-00:00,2031-01-01T07:59:59-00:00,2009-06-25T00:00:00,2030-12-31T23:59:59
AS_NP15,BOGUE_1_N201,AS_NP15,,2009-03-31T07:00:00-00:00,2031-01-01T07:59:59-00:00,2009-03-31T00:00:00,2030-12-31T23:59:59
AS_NP15,BOLINAS_6_N001,AS_NP15,,2009-03-31T07:00:00-00:00,2031-01-01T07:59:59-00:00,2009-03-31T00:00:00,2030-12-31T23:59:59
AS_NP15,BOLLMAN_1_N003,AS_NP15,,2009-03-31T07:00:00-00:00,2031-01-01T07:59:59-00:00,2009-03-31T00:00:00,2030-12-31T23:59:59
AS_NP15,BONITA_6_N001,AS_NP15,,2009-03-31T07:00:00-00:00,2031-01-01T07:59:59-00:00,2009-03-31T00:00:00,2030-12-31T23:59:59
AS_NP15,BONNIEN_7_N001,AS_NP15,,2009-03-31T07:00:00-00:00,2031-01-01T07:59:59-00:00,2009-03-31T00:00:00,2030-12-31T23:59:59
AS_NP15,BONNIEN_7_N002,AS_NP15,,2025-05-13T07:00:00-00:00,2031-01-01T07:59:59-00:00,2025-05-13T00:00:00,2030-12-31T23:59:59
AS_NP15,BORDEN_2_N007,AS_NP15,,2010-04-22T07:00:00-00:00,2031-01-01T07:59:59-00:00,2010-04-22T00:00:00,2030-12-31T23:59:59
AS_NP15,BORDEN_2_N008,AS_NP15,,2009-03-31T07:00:00-00:00,2031-01-01T07:59:59-00:00,2009-03-31T00:00:00,2030-12-31T23:59:59
AS_NP15,BORONDA_6_N001,AS_NP15,,2009-03-31T07:00:00-00:00,2031-01-01T07:59:59-00:00,2009-03-31T00:00:00,2030-12-31T23:59:59
AS_NP15,BOSWELL_6_N001,AS_NP15,,2009-03-31T07:00:00-00:00,2031-01-01T07:59:59-00:00,2009-03-31T00:00:00,2030-12-31T23:59:59
AS_NP15,BOTTLERK_7_N001,AS_NP15,,2023-05-05T07:00:00-00:00,2031-01-01T07:59:59-00:00,2023-05-05T00:00:00,2030-12-31T23:59:59
AS_NP15,BOWERSJ_6_N001,AS_NP15,,2024-08-28T07:00:00-00:00,2031-01-01T07:59:59-00:00,2024-08-28T00:00:00,2030-12-31T23:59:59
AS_NP15,BOWERSJ_6_N002,AS_NP15,,2024-08-28T07:00:00-00:00,2031-01-01T07:59:59-00:00,2024-08-28T00:00:00,2030-12-31T23:59:59
AS_NP15,BOWLES_6_N001,AS_NP15,,2009-03-31T07:00:00-00:00,2031-01-01T07:59:59-00:00,2009-03-31T00:00:00,2030-12-31T23:59:59
AS_NP15,BOWMAN_7_N002,AS_NP15,,2025-05-13T07:00:00-00:00,2031-01-01T07:59:59-00:00,2025-05-13T00:00:00,2030-12-31T23:59:59
AS_NP15,BOWMNTAP_6_B1,AS_NP15,,2017-08-17T07:00:00-00:00,2031-01-01T07:59:59-00:00,2017-08-17T00:00:00,2030-12-31T23:59:59
AS_NP15,BRDGVLLE_6_B1,AS_NP15,,2017-08-17T07:00:00-00:00,2031-01-01T07:59:59-00:00,2017-08-17T00:00:00,2030-12-31T23:59:59
AS_NP15,BRDGVLT_7_N001,AS_NP15,,2009-03-31T07:00:00-00:00,2031-01-01T07:59:59-00:00,2009-03-31T00:00:00,2030-12-31T23:59:59
AS_NP15,BRDGVLT_7_N002,AS_NP15,,2009-03-31T07:00:00-00:00,2031-01-01T07:59:59-00:00,2009-03-31T00:00:00,2030-12-31T23:59:59
AS_NP15,BRDGVLT_7_N003,AS_NP15,,2012-10-11T07:00:00-00:00,2031-01-01T07:59:59-00:00,2012-10-11T00:00:00,2030-12-31T23:59:59
AS_NP15,BRENTWOD_2_N001,AS_NP15,,2009-03-31T07:00:00-00:00,2031-01-01T07:59:59-00:00,2009-03-31T00:00:00,2030-12-31T23:59:59
AS_NP15,BRENTWOD_2_N006,AS_NP15,,2009-03-31T07:00:00-00:00,2031-01-01T07:59:59-00:00,2009-03-31T00:00:00,2030-12-31T23:59:59
AS_NP15,BRENTWOD_2_N011,AS_NP15,,2023-07-27T07:00:00-00:00,2031-01-01T07:59:59-00:00,2023-07-27T00:00:00,2030-12-31T23:59:59
AS_NP15,BRIGTANO_6_N001,AS_NP15,,2009-03-31T07:00:00-00:00,2031-01-01T07:59:59-00:00,2009-03-31T00:00:00,2030-12-31T23:59:59
AS_NP15,BRIONES_6_N001,AS_NP15,,2009-03-31T07:00:00-00:00,2031-01-01T07:59:59-00:00,2009-03-31T00:00:00,2030-12-31T23:59:59
AS_NP15,BRITTN_1_N001,AS_NP15,,2009-03-31T07:00:00-00:00,2031-01-01T07:59:59-00:00,2009-03-31T00:00:00,2030-12-31T23:59:59
AS_NP15,BRITTN_1_N005,AS_NP15,,2009-03-31T07:00:00-00:00,2031-01-01T07:59:59-00:00,2009-03-31T00:00:00,2030-12-31T23:59:59
AS_NP15,BRITTN_1_N006,AS_NP15,,2009-03-31T07:00:00-00:00,2031-01-01T07:59:59-00:00,2009-03-31T00:00:00,2030-12-31T23:59:59
AS_NP15,BRKRSLG_1_N005,AS_NP15,,2009-03-31T07:00:00-00:00,2031-01-01T07:59:59-00:00,2009-03-31T00:00:00,2030-12-31T23:59:59
AS_NP15,BRNYFRST_7_B1,AS_NP15,,2025-05-13T07:00:00-00:00,2031-01-01T07:59:59-00:00,2025-05-13T00:00:00,2030-12-31T23:59:59
AS_NP15,BRODIE_2_WIND-APND,AS_NP15,,2012-03-29T07:00:00-00:00,2031-01-01T07:59:59-00:00,2012-03-29T00:00:00,2030-12-31T23:59:59
AS_NP15,BROKAW_6_N001,AS_NP15,,2017-02-16T08:00:00-00:00,2031-01-01T07:59:59-00:00,2017-02-16T00:00:00,2030-12-31T23:59:59
AS_NP15,BROKAW_6_N002,AS_NP15,,2017-02-16T08:00:00-00:00,2031-01-01T07:59:59-00:00,2017-02-16T00:00:00,2030-12-31T23:59:59
AS_NP15,BRUNSWCK_1_N003,AS_NP15,,2009-03-31T07:00:00-00:00,2031-01-01T07:59:59-00:00,2009-03-31T00:00:00,2030-12-31T23:59:59
AS_NP15,BRUNSWCK_1_N008,AS_NP15,,2009-03-31T07:00:00-00:00,2031-01-01T07:59:59-00:00,2009-03-31T00:00:00,2030-12-31T23:59:59
AS_NP15,BRUNSWCK_1_N101,AS_NP15,,2009-03-31T07:00:00-00:00,2031-01-01T07:59:59-00:00,2009-03-31T00:00:00,2030-12-31T23:59:59
AS_NP15,BRWNSVY_6_N001,AS_NP15,,2009-03-31T07:00:00-00:00,2031-01-01T07:59:59-00:00,2009-03-31T00:00:00,2030-12-31T23:59:59
AS_NP15,BUCKCK_7_PL1X2-APND,AS_NP15,,2009-03-31T07:00:00-00:00,2031-01-01T07:59:59-00:00,2009-03-31T00:00:00,2030-12-31T23:59:59
AS_NP15,BULLARD_1_N001,AS_NP15,,2009-03-31T07:00:00-00:00,2031-01-01T07:59:59-00:00,2009-03-31T00:00:00,2030-12-31T23:59:59
AS_NP15,BULLARD_1_N004,AS_NP15,,2009-03-31T07:00:00-00:00,2031-01-01T07:59:59-00:00,2009-03-31T00:00:00,2030-12-31T23:59:59
AS_NP15,BULLARD_1_N005,AS_NP15,,2009-03-31T07:00:00-00:00,2031-01-01T07:59:59-00:00,2009-03-31T00:00:00,2030-12-31T23:59:59
AS_NP15,BULLARD_1_N006,AS_NP15,,2009-03-31T07:00:00-00:00,2031-01-01T07:59:59-00:00,2009-03-31T00:00:00,2030-12-31T23:59:59
AS_NP15,BULLARD_1_N009,AS_NP15,,2017-08-17T07:00:00-00:00,2031-01-01T07:59:59-00:00,2017-08-17T00:00:00,2030-12-31T23:59:59
AS_NP15,BURLNGME_1_N001,AS_NP15,,2009-03-31T07:00:00-00:00,2031-01-01T07:59:59-00:00,2009-03-31T00:00:00,2030-12-31T23:59:59
AS_NP15,BURNEY_6_N002,AS_NP15,,2009-03-31T07:00:00-00:00,2031-01-01T07:59:59-00:00,2009-03-31T00:00:00,2030-12-31T23:59:59
AS_NP15,BURNEY_7_N001,AS_NP15,,2025-05-13T07:00:00-00:00,2031-01-01T07:59:59-00:00,2025-05-13T00:00:00,2030-12-31T23:59:59
AS_NP15,BURNEY_7_N002,AS_NP15,,2024-05-15T07:00:00-00:00,2031-01-01T07:59:59-00:00,2024-05-15T00:00:00,2030-12-31T23:59:59
AS_NP15,BURNSJ1_6_N003,AS_NP15,,2011-10-14T07:00:00-00:00,2031-01-01T07:59:59-00:00,2011-10-14T00:00:00,2030-12-31T23:59:59
AS_NP15,BUTTE_1_N010,AS_NP15,,2009-03-31T07:00:00-00:00,2031-01-01T07:59:59-00:00,2009-03-31T00:00:00,2030-12-31T23:59:59
AS_NP15,BUTTE_1_N101,AS_NP15,,2009-03-31T07:00:00-00:00,2031-01-01T07:59:59-00:00,2009-03-31T00:00:00,2030-12-31T23:59:59
AS_NP15,BUTTVLLY_7_B1,AS_NP15,,2009-03-31T07:00:00-00:00,2031-01-01T07:59:59-00:00,2009-03-31T00:00:00,2030-12-31T23:59:59
AS_NP15,C877P1C2_7_N001,AS_NP15,,2018-05-24T07:00:00-00:00,2031-01-01T07:59:59-00:00,2018-05-24T00:00:00,2030-12-31T23:59:59
AS_NP15,CALAVE_1_N001,AS_NP15,,2009-03-31T07:00:00-00:00,2031-01-01T07:59:59-00:00,2009-03-31T00:00:00,2030-12-31T23:59:59
AS_NP15,CALAVE_1_N002,AS_NP15,,2009-03-31T07:00:00-00:00,2031-01-01T07:59:59-00:00,2009-03-31T00:00:00,2030-12-31T23:59:59
AS_NP15,CALAVE_1_N004,AS_NP15,,2009-03-31T07:00:00-00:00,2031-01-01T07:59:59-00:00,2009-03-31T00:00:00,2030-12-31T23:59:59
AS_NP15,CALCEDA_6_N001,AS_NP15,,2009-03-31T07:00:00-00:00,2031-01-01T07:59:59-00:00,2009-03-31T00:00:00,2030-12-31T23:59:59
AS_NP15,CALCMNT_6_N001,AS_NP15,,2009-03-31T07:00:00-00:00,2031-01-01T07:59:59-00:00,2009-03-31T00:00:00,2030-12-31T23:59:59
AS_NP15,CALEVRAS_1_N001,AS_NP15,,2021-10-06T07:00:00-00:00,2031-01-01T07:59:59-00:00,2021-10-06T00:00:00,2030-12-31T23:59:59
AS_NP15,CALFLAX_6_N001,AS_NP15,,2024-05-15T07:00:00-00:00,2031-01-01T07:59:59-00:00,2024-05-15T00:00:00,2030-12-31T23:59:59
AS_NP15,CALFLAX_6_N024,AS_NP15,,2024-03-20T07:00:00-00:00,2031-01-01T07:59:59-00:00,2024-03-20T00:00:00,2030-12-31T23:59:59
AS_NP15,CALISTGA_6_N001,AS_NP15,,2009-03-31T07:00:00-00:00,2031-01-01T07:59:59-00:00,2009-03-31T00:00:00,2030-12-31T23:59:59
AS_NP15,CALISTGA_6_N004,AS_NP15,,2014-04-17T07:00:00-00:00,2031-01-01T07:59:59-00:00,2014-04-17T00:00:00,2030-12-31T23:59:59
AS_NP15,CALMAT60_6_N001,AS_NP15,,2009-03-31T07:00:00-00:00,2031-01-01T07:59:59-00:00,2009-03-31T00:00:00,2030-12-31T23:59:59
AS_NP15,CALPELLA_1_N001,AS_NP15,,2025-08-13T07:00:00-00:00,2031-01-01T07:59:59-00:00,2025-08-13T00:00:00,2030-12-31T23:59:59
AS_NP15,CALPELLA_7_NBT1,AS_NP15,,2025-08-13T07:00:00-00:00,2031-01-01T07:59:59-00:00,2025-08-13T00:00:00,2030-12-31T23:59:59
AS_NP15,CALPELLA_7_NSR1,AS_NP15,,2025-08-13T07:00:00-00:00,2031-01-01T07:59:59-00:00,2025-08-13T00:00:00,2030-12-31T23:59:59
AS_NP15,CALTRSF_1_N001,AS_NP15,,2019-02-21T08:00:00-00:00,2031-01-01T07:59:59-00:00,2019-02-21T00:00:00,2030-12-31T23:59:59
AS_NP15,CALTRSF_1_N002,AS_NP15,,2019-02-21T08:00:00-00:00,2031-01-01T07:59:59-00:00,2019-02-21T00:00:00,2030-12-31T23:59:59
AS_NP15,CALTRSJ_1_N001,AS_NP15,,2019-02-21T08:00:00-00:00,2031-01-01T07:59:59-00:00,2019-02-21T00:00:00,2030-12-31T23:59:59
AS_NP15,CALTRSJ_1_N002,AS_NP15,,2019-02-21T08:00:00-00:00,2031-01-01T07:59:59-00:00,2019-02-21T00:00:00,2030-12-31T23:59:59
AS_NP15,CALVO_6_N001,AS_NP15,,2009-03-31T07:00:00-00:00,2031-01-01T07:59:59-00:00,2009-03-31T00:00:00,2030-12-31T23:59:59
AS_NP15,CAMANCHE_7_N001,AS_NP15,,2023-05-05T07:00:00-00:00,2031-01-01T07:59:59-00:00,2023-05-05T00:00:00,2030-12-31T23:59:59
AS_NP15,CAMANCHE_7_N002,AS_NP15,,2023-05-05T07:00:00-00:00,2031-01-01T07:59:59-00:00,2023-05-05T00:00:00,2030-12-31T23:59:59
AS_NP15,CAMANCHE_7_N003,AS_NP15,,2023-05-05T07:00:00-00:00,2031-01-01T07:59:59-00:00,2023-05-05T00:00:00,2030-12-31T23:59:59
AS_NP15,CAMANCPP_2_N001,AS_NP15,,2009-03-31T07:00:00-00:00,2031-01-01T07:59:59-00:00,2009-03-31T00:00:00,2030-12-31T23:59:59
AS_NP15,CAMCHE_1_PL1X3-APND,AS_NP15,,2009-03-31T07:00:00-00:00,2031-01-01T07:59:59-00:00,2009-03-31T00:00:00,2030-12-31T23:59:59
AS_NP15,CAMDEN_6_N001,AS_NP15,,2009-06-25T07:00:00-00:00,2031-01-01T07:59:59-00:00,2009-06-25T00:00:00,2030-12-31T23:59:59
AS_NP15,CAMDEN_6_N002,AS_NP15,,2009-06-25T07:00:00-00:00,2031-01-01T07:59:59-00:00,2009-06-25T00:00:00,2030-12-31T23:59:59
AS_NP15,CAMPHORA_6_N001,AS_NP15,,2009-03-31T07:00:00-00:00,2031-01-01T07:59:59-00:00,2009-03-31T00:00:00,2030-12-31T23:59:59
AS_NP15,CAMPHORA_6_N003,AS_NP15,,2009-03-31T07:00:00-00:00,2031-01-01T07:59:59-00:00,2009-03-31T00:00:00,2030-12-31T23:59:59
AS_NP15,CAMPUS_1_LN001,AS_NP15,,2009-09-10T07:00:00-00:00,2031-01-01T07:59:59-00:00,2009-09-10T00:00:00,2030-12-31T23:59:59
AS_NP15,CAMPUS_1_N003,AS_NP15,,2009-09-10T07:00:00-00:00,2031-01-01T07:59:59-00:00,2009-09-10T00:00:00,2030-12-31T23:59:59
AS_NP15,CANAL_6_N001,AS_NP15,,2025-08-13T07:00:00-00:00,2031-01-01T07:59:59-00:00,2025-08-13T00:00:00,2030-12-31T23:59:59
AS_NP15,CANAL_6_N006,AS_NP15,,2009-03-31T07:00:00-00:00,2031-01-01T07:59:59-00:00,2009-03-31T00:00:00,2030-12-31T23:59:59
AS_NP15,CANAL_7_N001,AS_NP15,,2026-01-09T08:00:00-00:00,2031-01-01T07:59:59-00:00,2026-01-09T00:00:00,2030-12-31T23:59:59
AS_NP15,CANANDGA_6_N001,AS_NP15,,2009-03-31T07:00:00-00:00,2031-01-01T07:59:59-00:00,2009-03-31T00:00:00,2030-12-31T23:59:59
AS_NP15,CANTGEN_7_N001,AS_NP15,,2019-02-21T08:00:00-00:00,2031-01-01T07:59:59-00:00,2019-02-21T00:00:00,2030-12-31T23:59:59
AS_NP15,CANTGEN_7_N002,AS_NP15,,2025-05-13T07:00:00-00:00,2031-01-01T07:59:59-00:00,2025-05-13T00:00:00,2030-12-31T23:59:59
AS_NP15,CAPAY_6_N001,AS_NP15,,2024-08-28T07:00:00-00:00,2031-01-01T07:59:59-00:00,2024-08-28T00:00:00,2030-12-31T23:59:59
AS_NP15,CAPEHORN_6_N001,AS_NP15,,2009-03-31T07:00:00-00:00,2031-01-01T07:59:59-00:00,2009-03-31T00:00:00,2030-12-31T23:59:59
AS_NP15,CARABOU_7_B1,AS_NP15,,2023-05-05T07:00:00-00:00,2031-01-01T07:59:59-00:00,2023-05-05T00:00:00,2030-12-31T23:59:59
AS_NP15,CARABOU_7_B12,AS_NP15,,2025-05-13T07:00:00-00:00,2031-01-01T07:59:59-00:00,2025-05-13T00:00:00,2030-12-31T23:59:59
AS_NP15,CARABOU_7_B3,AS_NP15,,2023-05-05T07:00:00-00:00,2031-01-01T07:59:59-00:00,2023-05-05T00:00:00,2030-12-31T23:59:59
AS_NP15,CARBERRY_2_B1,AS_NP15,,2010-07-01T07:00:00-00:00,2031-01-01T07:59:59-00:00,2010-07-01T00:00:00,2030-12-31T23:59:59
AS_NP15,CARBONA_6_N003,AS_NP15,,2009-03-31T07:00:00-00:00,2031-01-01T07:59:59-00:00,2009-03-31T00:00:00,2030-12-31T23:59:59
AS_NP15,CARBONA_6_N101,AS_NP15,,2009-03-31T07:00:00-00:00,2031-01-01T07:59:59-00:00,2009-03-31T00:00:00,2030-12-31T23:59:59
AS_NP15,CARBOU_7_PL2X3-APND,AS_NP15,,2009-03-31T07:00:00-00:00,2031-01-01T07:59:59-00:00,2009-03-31T00:00:00,2030-12-31T23:59:59
AS_NP15,CARBOU_7_PL4X5-APND,AS_NP15,,2009-03-31T07:00:00-00:00,2031-01-01T07:59:59-00:00,2009-03-31T00:00:00,2030-12-31T23:59:59
AS_NP15,CARGILL_6_N001,AS_NP15,,2009-03-31T07:00:00-00:00,2031-01-01T07:59:59-00:00,2009-03-31T00:00:00,2030-12-31T23:59:59
AS_NP15,CARIBOU_1_B1,AS_NP15,,2017-08-17T07:00:00-00:00,2031-01-01T07:59:59-00:00,2017-08-17T00:00:00,2030-12-31T23:59:59
AS_NP15,CARIBOU_2_B1,AS_NP15,,2017-08-17T07:00:00-00:00,2031-01-01T07:59:59-00:00,2017-08-17T00:00:00,2030-12-31T23:59:59
AS_NP15,CARLOTTA_6_N001,AS_NP15,,2009-03-31T07:00:00-00:00,2031-01-01T07:59:59-00:00,2009-03-31T00:00:00,2030-12-31T23:59:59
AS_NP15,CARLOTTA_6_N003,AS_NP15,,2009-03-31T07:00:00-00:00,2031-01-01T07:59:59-00:00,2009-03-31T00:00:00,2030-12-31T23:59:59
AS_NP15,CAROLNDS_6_N001,AS_NP15,,2009-03-31T07:00:00-00:00,2031-01-01T07:59:59-00:00,2009-03-31T00:00:00,2030-12-31T23:59:59
AS_NP15,CAROLNDS_6_N002,AS_NP15,,2009-03-31T07:00:00-00:00,2031-01-01T07:59:59-00:00,2009-03-31T00:00:00,2030-12-31T23:59:59
AS_NP15,CARQUINZ_1_N001,AS_NP15,,2009-03-31T07:00:00-00:00,2031-01-01T07:59:59-00:00,2009-03-31T00:00:00,2030-12-31T23:59:59
AS_NP15,CARQUINZ_1_N002,AS_NP15,,2009-03-31T07:00:00-00:00,2031-01-01T07:59:59-00:00,2009-03-31T00:00:00,2030-12-31T23:59:59
AS_NP15,CARTWRT_1_N001,AS_NP15,,2009-03-31T07:00:00-00:00,2031-01-01T07:59:59-00:00,2009-03-31T00:00:00,2030-12-31T23:59:59
AS_NP15,CARTWRT_1_N010,AS_NP15,,2009-03-31T07:00:00-00:00,2031-01-01T07:59:59-00:00,2009-03-31T00:00:00,2030-12-31T23:59:59
AS_NP15,CARUTHRS_6_LN001,AS_NP15,,2010-11-01T07:00:00-00:00,2031-01-01T07:59:59-00:00,2010-11-01T00:00:00,2030-12-31T23:59:59
AS_NP15,CARUTHRS_6_N001,AS_NP15,,2010-11-01T07:00:00-00:00,2031-01-01T07:59:59-00:00,2010-11-01T00:00:00,2030-12-31T23:59:59
AS_NP15,CASCES_7_N008,AS_NP15,,2025-05-13T07:00:00-00:00,2031-01-01T07:59:59-00:00,2025-05-13T00:00:00,2030-12-31T23:59:59
AS_NP15,CASCES_7_N009,AS_NP15,,2025-05-13T07:00:00-00:00,2031-01-01T07:59:59-00:00,2025-05-13T00:00:00,2030-12-31T23:59:59
AS_NP15,CASSIDY_6_N004,AS_NP15,,2011-03-31T07:00:00-00:00,2031-01-01T07:59:59-00:00,2011-03-31T00:00:00,2030-12-31T23:59:59
AS_NP15,CASTROVL_2_N001,AS_NP15,,2009-03-31T07:00:00-00:00,2031-01-01T07:59:59-00:00,2009-03-31T00:00:00,2030-12-31T23:59:59
AS_NP15,CASTROVL_2_N003,AS_NP15,,2009-03-31T07:00:00-00:00,2031-01-01T07:59:59-00:00,2009-03-31T00:00:00,2030-12-31T23:59:59
AS_NP15,CASTROVL_2_N006,AS_NP15,,2009-03-31T07:00:00-00:00,2031-01-01T07:59:59-00:00,2009-03-31T00:00:00,2030-12-31T23:59:59
AS_NP15,CATALYST_7_N001,AS_NP15,,2009-03-31T07:00:00-00:00,2031-01-01T07:59:59-00:00,2009-03-31T00:00:00,2030-12-31T23:59:59
AS_NP15,CATALYST_7_N002,AS_NP15,,2009-03-31T07:00:00-00:00,2031-01-01T07:59:59-00:00,2009-03-31T00:00:00,2030-12-31T23:59:59
AS_NP15,CATLETT_6_N001,AS_NP15,,2017-02-16T08:00:00-00:00,2031-01-01T07:59:59-00:00,2017-02-16T00:00:00,2030-12-31T23:59:59
AS_NP15,CATLETT_6_N005,AS_NP15,,2015-10-22T07:00:00-00:00,2031-01-01T07:59:59-00:00,2015-10-22T00:00:00,2030-12-31T23:59:59
AS_NP15,CAYETANO_2_N001,AS_NP15,,2012-10-11T07:00:00-00:00,2031-01-01T07:59:59-00:00,2012-10-11T00:00:00,2030-12-31T23:59:59
AS_NP15,CAYETNO_2_N002,AS_NP15,,2025-05-13T07:00:00-00:00,2031-01-01T07:59:59-00:00,2025-05-13T00:00:00,2030-12-31T23:59:59
AS_NP15,CAYETNO_2_N003,AS_NP15,,2017-08-17T07:00:00-00:00,2031-01-01T07:59:59-00:00,2017-08-17T00:00:00,2030-12-31T23:59:59
AS_NP15,CCJCT1_1_B1,AS_NP15,,2017-08-17T07:00:00-00:00,2031-01-01T07:59:59-00:00,2017-08-17T00:00:00,2030-12-31T23:59:59
AS_NP15,CCOSTA_2_B1,AS_NP15,,2017-08-17T07:00:00-00:00,2031-01-01T07:59:59-00:00,2017-08-17T00:00:00,2030-12-31T23:59:59
AS_NP15,CCOSTA_2_N001,AS_NP15,,2009-03-31T07:00:00-00:00,2031-01-01T07:59:59-00:00,2009-03-31T00:00:00,2030-12-31T23:59:59
AS_NP15,CCSUB_1_N001,AS_NP15,,2014-02-13T08:00:00-00:00,2031-01-01T07:59:59-00:00,2014-02-13T00:00:00,2030-12-31T23:59:59
AS_NP15,CCSUB_2_N001,AS_NP15,,2012-10-11T07:00:00-00:00,2031-01-01T07:59:59-00:00,2012-10-11T00:00:00,2030-12-31T23:59:59
AS_NP15,CCSUB_2_N010,AS_NP15,,2012-10-11T07:00:00-00:00,2031-01-01T07:59:59-00:00,2012-10-11T00:00:00,2030-12-31T23:59:59
AS_NP15,CCSUB_2_N025,AS_NP15,,2012-10-11T07:00:00-00:00,2031-01-01T07:59:59-00:00,2012-10-11T00:00:00,2030-12-31T23:59:59
AS_NP15,CCSUB_6_N024,AS_NP15,,2025-05-13T07:00:00-00:00,2031-01-01T07:59:59-00:00,2025-05-13T00:00:00,2030-12-31T23:59:59
AS_NP15,CEDRCRK_6_N001,AS_NP15,,2025-05-13T07:00:00-00:00,2031-01-01T07:59:59-00:00,2025-05-13T00:00:00,2030-12-31T23:59:59
AS_NP15,CEDRCRK_6_N101,AS_NP15,,2009-03-31T07:00:00-00:00,2031-01-01T07:59:59-00:00,2009-03-31T00:00:00,2030-12-31T23:59:59
AS_NP15,CENT403_7_N006,AS_NP15,,2025-05-13T07:00:00-00:00,2031-01-01T07:59:59-00:00,2025-05-13T00:00:00,2030-12-31T23:59:59
AS_NP15,CENTRAL_6_N001,AS_NP15,,2017-02-16T08:00:00-00:00,2031-01-01T07:59:59-00:00,2017-02-16T00:00:00,2030-12-31T23:59:59
AS_NP15,CENTRAL_6_N002,AS_NP15,,2017-02-16T08:00:00-00:00,2031-01-01T07:59:59-00:00,2017-02-16T00:00:00,2030-12-31T23:59:59
AS_NP15,CERTTEED_1_N001,AS_NP15,,2009-03-31T07:00:00-00:00,2031-01-01T07:59:59-00:00,2009-03-31T00:00:00,2030-12-31T23:59:59
AS_NP15,CERTTEED_1_N002,AS_NP15,,2009-03-31T07:00:00-00:00,2031-01-01T07:59:59-00:00,2009-03-31T00:00:00,2030-12-31T23:59:59
AS_NP15,CH.STN._7_N001,AS_NP15,,2025-05-13T07:00:00-00:00,2031-01-01T07:59:59-00:00,2025-05-13T00:00:00,2030-12-31T23:59:59
AS_NP15,CHALLNGE_6_N001,AS_NP15,,2009-03-31T07:00:00-00:00,2031-01-01T07:59:59-00:00,2009-03-31T00:00:00,2030-12-31T23:59:59
AS_NP15,CHANNEL_6_N001,AS_NP15,,2009-03-31T07:00:00-00:00,2031-01-01T07:59:59-00:00,2009-03-31T00:00:00,2030-12-31T23:59:59
AS_NP15,CHCF_1_N002,AS_NP15,,2025-10-15T07:00:00-00:00,2031-01-01T07:59:59-00:00,2025-10-15T00:00:00,2030-12-31T23:59:59
AS_NP15,CHCGOPK_1_B1,AS_NP15,,2017-08-17T07:00:00-00:00,2031-01-01T07:59:59-00:00,2017-08-17T00:00:00,2030-12-31T23:59:59
AS_NP15,CHEROKEE_6_N001,AS_NP15,,2009-03-31T07:00:00-00:00,2031-01-01T07:59:59-00:00,2009-03-31T00:00:00,2030-12-31T23:59:59
AS_NP15,CHESTER_6_N001,AS_NP15,,2009-03-31T07:00:00-00:00,2031-01-01T07:59:59-00:00,2009-03-31T00:00:00,2030-12-31T23:59:59
AS_NP15,CHEVGEN1_7_B1,AS_NP15,,2009-03-31T07:00:00-00:00,2031-01-01T07:59:59-00:00,2009-03-31T00:00:00,2030-12-31T23:59:59
AS_NP15,CHEVGEN2_7_B1,AS_NP15,,2009-03-31T07:00:00-00:00,2031-01-01T07:59:59-00:00,2009-03-31T00:00:00,2030-12-31T23:59:59
AS_NP15,CHEVPIPE_6_N001,AS_NP15,,2009-03-31T07:00:00-00:00,2031-01-01T07:59:59-00:00,2009-03-31T00:00:00,2030-12-31T23:59:59
AS_NP15,CHEVPLIN_6_N001,AS_NP15,,2017-08-17T07:00:00-00:00,2031-01-01T07:59:59-00:00,2017-08-17T00:00:00,2030-12-31T23:59:59
AS_NP15,CHICOA_6_N001,AS_NP15,,2009-03-31T07:00:00-00:00,2031-01-01T07:59:59-00:00,2009-03-31T00:00:00,2030-12-31T23:59:59
AS_NP15,CHICOA_6_N010,AS_NP15,,2009-03-31T07:00:00-00:00,2031-01-01T07:59:59-00:00,2009-03-31T00:00:00,2030-12-31T23:59:59
AS_NP15,CHICOB_1_N001,AS_NP15,,2009-03-31T07:00:00-00:00,2031-01-01T07:59:59-00:00,2009-03-31T00:00:00,2030-12-31T23:59:59
AS_NP15,CHICOB_1_N002,AS_NP15,,2009-03-31T07:00:00-00:00,2031-01-01T07:59:59-00:00,2009-03-31T00:00:00,2030-12-31T23:59:59
AS_NP15,CHIPARK_7_B1,AS_NP15,,2009-03-31T07:00:00-00:00,2031-01-01T07:59:59-00:00,2009-03-31T00:00:00,2030-12-31T23:59:59
AS_NP15,CHLDHOSP_1_N001,AS_NP15,,2009-03-31T07:00:00-00:00,2031-01-01T07:59:59-00:00,2009-03-31T00:00:00,2030-12-31T23:59:59
AS_NP15,CHOWCOGN_7_N001,AS_NP15,,2009-03-31T07:00:00-00:00,2031-01-01T07:59:59-00:00,2009-03-31T00:00:00,2030-12-31T23:59:59
AS_NP15,CHRISTIE_6_B1,AS_NP15,,2017-08-17T07:00:00-00:00,2031-01-01T07:59:59-00:00,2017-08-17T00:00:00,2030-12-31T23:59:59
AS_NP15,CHSTN_1_N001,AS_NP15,,2021-07-21T07:00:00-00:00,2031-01-01T07:59:59-00:00,2021-07-21T00:00:00,2030-12-31T23:59:59
AS_NP15,CHSTN_7_B1,AS_NP15,,2025-06-12T07:00:00-00:00,2031-01-01T07:59:59-00:00,2025-06-12T00:00:00,2030-12-31T23:59:59
AS_NP15,CHWCGN_1_B1,AS_NP15,,2017-08-17T07:00:00-00:00,2031-01-01T07:59:59-00:00,2017-08-17T00:00:00,2030-12-31T23:59:59
AS_NP15,CHWCHLA2_7_N001,AS_NP15,,2009-03-31T07:00:00-00:00,2031-01-01T07:59:59-00:00,2009-03-31T00:00:00,2030-12-31T23:59:59
AS_NP15,CHWCHLLA_1_N001,AS_NP15,,2009-03-31T07:00:00-00:00,2031-01-01T07:59:59-00:00,2009-03-31T00:00:00,2030-12-31T23:59:59
AS_NP15,CHWCHLLA_1_N002,AS_NP15,,2024-01-24T08:00:00-00:00,2031-01-01T07:59:59-00:00,2024-01-24T00:00:00,2030-12-31T23:59:59
AS_NP15,CHWCHL_7_N001,AS_NP15,,2025-05-13T07:00:00-00:00,2031-01-01T07:59:59-00:00,2025-05-13T00:00:00,2030-12-31T23:59:59
AS_NP15,CHWCHL_7_N002,AS_NP15,,2025-05-13T07:00:00-00:00,2031-01-01T07:59:59-00:00,2025-05-13T00:00:00,2030-12-31T23:59:59
AS_NP15,CISCOTAP_6_N001,AS_NP15,,2009-03-31T07:00:00-00:00,2031-01-01T07:59:59-00:00,2009-03-31T00:00:00,2030-12-31T23:59:59
AS_NP15,CITYUKH_1_B1,AS_NP15,,2009-03-31T07:00:00-00:00,2031-01-01T07:59:59-00:00,2009-03-31T00:00:00,2030-12-31T23:59:59
AS_NP15,CITYUKH_1_N001,AS_NP15,,2025-05-13T07:00:00-00:00,2031-01-01T07:59:59-00:00,2025-05-13T00:00:00,2030-12-31T23:59:59
AS_NP15,CLAMMNA_1_N001,AS_NP15,,2009-03-31T07:00:00-00:00,2031-01-01T07:59:59-00:00,2009-03-31T00:00:00,2030-12-31T23:59:59
AS_NP15,CLARKRD_7_N001,AS_NP15,,2009-03-31T07:00:00-00:00,2031-01-01T07:59:59-00:00,2009-03-31T00:00:00,2030-12-31T23:59:59
AS_NP15,CLARKRD_7_N002,AS_NP15,,2009-03-31T07:00:00-00:00,2031-01-01T07:59:59-00:00,2009-03-31T00:00:00,2030-12-31T23:59:59
AS_NP15,CLARKRD_7_N003,AS_NP15,,2009-03-31T07:00:00-00:00,2031-01-01T07:59:59-00:00,2009-03-31T00:00:00,2030-12-31T23:59:59
AS_NP15,CLARMNT_1_N001,AS_NP15,,2025-08-13T07:00:00-00:00,2031-01-01T07:59:59-00:00,2025-08-13T00:00:00,2030-12-31T23:59:59
AS_NP15,CLARMNT_1_N028,AS_NP15,,2025-05-13T07:00:00-00:00,2031-01-01T07:59:59-00:00,2025-05-13T00:00:00,2030-12-31T23:59:59
AS_NP15,CLAYTN_1_N001,AS_NP15,,2009-03-31T07:00:00-00:00,2031-01-01T07:59:59-00:00,2009-03-31T00:00:00,2030-12-31T23:59:59
AS_NP15,CLAYTN_1_N004,AS_NP15,,2009-03-31T07:00:00-00:00,2031-01-01T07:59:59-00:00,2009-03-31T00:00:00,2030-12-31T23:59:59
AS_NP15,CLAYTN_1_N029,AS_NP15,,2009-03-31T07:00:00-00:00,2031-01-01T07:59:59-00:00,2009-03-31T00:00:00,2030-12-31T23:59:59
AS_NP15,CLAYTN_1_N030,AS_NP15,,2009-03-31T07:00:00-00:00,2031-01-01T07:59:59-00:00,2009-03-31T00:00:00,2030-12-31T23:59:59
AS_NP15,CLAY_6_N001,AS_NP15,,2009-03-31T07:00:00-00:00,2031-01-01T07:59:59-00:00,2009-03-31T00:00:00,2030-12-31T23:59:59
AS_NP15,CLAY_6_N005,AS_NP15,,2014-02-13T08:00:00-00:00,2031-01-01T07:59:59-00:00,2014-02-13T00:00:00,2030-12-31T23:59:59
AS_NP15,CLERLKE_6_N001,AS_NP15,,2009-03-31T07:00:00-00:00,2031-01-01T07:59:59-00:00,2009-03-31T00:00:00,2030-12-31T23:59:59
AS_NP15,CLERLKE_6_N012,AS_NP15,,2009-03-31T07:00:00-00:00,2031-01-01T07:59:59-00:00,2009-03-31T00:00:00,2030-12-31T23:59:59
AS_NP15,CLLCTR2A_7_N001,AS_NP15,,2015-10-22T07:00:00-00:00,2031-01-01T07:59:59-00:00,2015-10-22T00:00:00,2030-12-31T23:59:59
AS_NP15,CLLCTR2B_7_N001,AS_NP15,,2015-10-22T07:00:00-00:00,2031-01-01T07:59:59-00:00,2015-10-22T00:00:00,2030-12-31T23:59:59
AS_NP15,CLMBAHL_6_N001,AS_NP15,,2009-03-31T07:00:00-00:00,2031-01-01T07:59:59-00:00,2009-03-31T00:00:00,2030-12-31T23:59:59
AS_NP15,CLMBAST_1_LN001,AS_NP15,,2010-11-01T07:00:00-00:00,2031-01-01T07:59:59-00:00,2010-11-01T00:00:00,2030-12-31T23:59:59
AS_NP15,CLOVER_6_N001,AS_NP15,,2025-05-13T07:00:00-00:00,2031-01-01T07:59:59-00:00,2025-05-13T00:00:00,2030-12-31T23:59:59
AS_NP15,CLOVIS_1_N001,AS_NP15,,2009-03-31T07:00:00-00:00,2031-01-01T07:59:59-00:00,2009-03-31T00:00:00,2030-12-31T23:59:59
AS_NP15,CLOVIS_1_N004,AS_NP15,,2009-03-31T07:00:00-00:00,2031-01-01T07:59:59-00:00,2009-03-31T00:00:00,2030-12-31T23:59:59
AS_NP15,CLOVIS_1_N101,AS_NP15,,2009-03-31T07:00:00-00:00,2031-01-01T07:59:59-00:00,2009-03-31T00:00:00,2030-12-31T23:59:59
AS_NP15,CLOVRDLE_1_N001,AS_NP15,,2014-04-17T07:00:00-00:00,2031-01-01T07:59:59-00:00,2014-04-17T00:00:00,2030-12-31T23:59:59
AS_NP15,CLOVRDLE_7_N001,AS_NP15,,2025-05-13T07:00:00-00:00,2031-01-01T07:59:59-00:00,2025-05-13T00:00:00,2030-12-31T23:59:59
AS_NP15,CLRKSVLE_1_N001,AS_NP15,,2009-03-31T07:00:00-00:00,2031-01-01T07:59:59-00:00,2009-03-31T00:00:00,2030-12-31T23:59:59
AS_NP15,CLRKSVLE_1_N003,AS_NP15,,2009-03-31T07:00:00-00:00,2031-01-01T07:59:59-00:00,2009-03-31T00:00:00,2030-12-31T23:59:59
AS_NP15,CLRKSVLE_1_N004,AS_NP15,,2009-03-31T07:00:00-00:00,2031-01-01T07:59:59-00:00,2009-03-31T00:00:00,2030-12-31T23:59:59
AS_NP15,CLSAJCT_6_N001,AS_NP15,,2009-03-31T07:00:00-00:00,2031-01-01T07:59:59-00:00,2009-03-31T00:00:00,2030-12-31T23:59:59
AS_NP15,CLWTER_2_N003,AS_NP15,,2023-03-15T07:00:00-00:00,2031-01-01T07:59:59-00:00,2023-03-15T00:00:00,2030-12-31T23:59:59
AS_NP15,CMPEVRS_1_N001,AS_NP15,,2009-03-31T07:00:00-00:00,2031-01-01T07:59:59-00:00,2009-03-31T00:00:00,2030-12-31T23:59:59
AS_NP15,CMPEVRS_1_N002,AS_NP15,,2009-03-31T07:00:00-00:00,2031-01-01T07:59:59-00:00,2009-03-31T00:00:00,2030-12-31T23:59:59
AS_NP15,CMPFARW_7_B1,AS_NP15,,2025-08-13T07:00:00-00:00,2031-01-01T07:59:59-00:00,2025-08-13T00:00:00,2030-12-31T23:59:59
AS_NP15,CNTRVL12_7_N001,AS_NP15,,2009-03-31T07:00:00-00:00,2031-01-01T07:59:59-00:00,2009-03-31T00:00:00,2030-12-31T23:59:59
AS_NP15,CNTRVL12_7_N002,AS_NP15,,2023-05-05T07:00:00-00:00,2031-01-01T07:59:59-00:00,2023-05-05T00:00:00,2030-12-31T23:59:59
AS_NP15,CNTRYCB_6_N001,AS_NP15,,2009-03-31T07:00:00-00:00,2031-01-01T07:59:59-00:00,2009-03-31T00:00:00,2030-12-31T23:59:59
AS_NP15,CNTRYCB_6_N002,AS_NP15,,2009-03-31T07:00:00-00:00,2031-01-01T07:59:59-00:00,2009-03-31T00:00:00,2030-12-31T23:59:59
AS_NP15,CNTRYCB_6_N004,AS_NP15,,2009-03-31T07:00:00-00:00,2031-01-01T07:59:59-00:00,2009-03-31T00:00:00,2030-12-31T23:59:59
AS_NP15,CNTRYCB_6_N006,AS_NP15,,2009-03-31T07:00:00-00:00,2031-01-01T07:59:59-00:00,2009-03-31T00:00:00,2030-12-31T23:59:59
AS_NP15,COBURN_2_B1,AS_NP15,,2017-08-17T07:00:00-00:00,2031-01-01T07:59:59-00:00,2017-08-17T00:00:00,2030-12-31T23:59:59
AS_NP15,COGNTNL_7_B1,AS_NP15,,2025-05-13T07:00:00-00:00,2031-01-01T07:59:59-00:00,2025-05-13T00:00:00,2030-12-31T23:59:59
AS_NP15,COLEMAN_6_B1,AS_NP15,,2017-08-17T07:00:00-00:00,2031-01-01T07:59:59-00:00,2017-08-17T00:00:00,2030-12-31T23:59:59
AS_NP15,COLEMAN_7_B1,AS_NP15,,2023-05-05T07:00:00-00:00,2031-01-01T07:59:59-00:00,2023-05-05T00:00:00,2030-12-31T23:59:59
AS_NP15,COLGATE1_7_B1,AS_NP15,,2009-03-31T07:00:00-00:00,2031-01-01T07:59:59-00:00,2009-03-31T00:00:00,2030-12-31T23:59:59
AS_NP15,COLGATE2_7_B1,AS_NP15,,2009-03-31T07:00:00-00:00,2031-01-01T07:59:59-00:00,2009-03-31T00:00:00,2030-12-31T23:59:59
AS_NP15,COLGATE_2_B1,AS_NP15,,2017-08-17T07:00:00-00:00,2031-01-01T07:59:59-00:00,2017-08-17T00:00:00,2030-12-31T23:59:59
AS_NP15,COLHAT_6_N001,AS_NP15,,2009-03-31T07:00:00-00:00,2031-01-01T07:59:59-00:00,2009-03-31T00:00:00,2030-12-31T23:59:59
AS_NP15,COLLINS_7_N001,AS_NP15,,2009-03-31T07:00:00-00:00,2031-01-01T07:59:59-00:00,2009-03-31T00:00:00,2030-12-31T23:59:59
AS_NP15,COLLINS_7_N002,AS_NP15,,2025-05-13T07:00:00-00:00,2031-01-01T07:59:59-00:00,2025-05-13T00:00:00,2030-12-31T23:59:59
AS_NP15,COLLRVL1_7_B1,AS_NP15,,2009-03-31T07:00:00-00:00,2031-01-01T07:59:59-00:00,2009-03-31T00:00:00,2030-12-31T23:59:59
AS_NP15,COLLRVL2_7_B1,AS_NP15,,2009-03-31T07:00:00-00:00,2031-01-01T07:59:59-00:00,2009-03-31T00:00:00,2030-12-31T23:59:59
AS_NP15,COLNGA2_6_N001,AS_NP15,,2024-01-24T08:00:00-00:00,2031-01-01T07:59:59-00:00,2024-01-24T00:00:00,2030-12-31T23:59:59
AS_NP15,COLONY_6_N001,AS_NP15,,2009-03-31T07:00:00-00:00,2031-01-01T07:59:59-00:00,2009-03-31T00:00:00,2030-12-31T23:59:59
AS_NP15,COLUSAG1_2_LN001,AS_NP15,,2010-04-22T07:00:00-00:00,2031-01-01T07:59:59-00:00,2010-04-22T00:00:00,2030-12-31T23:59:59
AS_NP15,COLUSAG2_2_LN001,AS_NP15,,2010-04-22T07:00:00-00:00,2031-01-01T07:59:59-00:00,2010-04-22T00:00:00,2030-12-31T23:59:59
AS_NP15,COLUSA_2_PL1X3-APND,AS_NP15,,2010-08-18T07:00:00-00:00,2031-01-01T07:59:59-00:00,2010-08-18T00:00:00,2030-12-31T23:59:59
AS_NP15,COLUSA_6_N001,AS_NP15,,2024-07-10T07:00:00-00:00,2031-01-01T07:59:59-00:00,2024-07-10T00:00:00,2030-12-31T23:59:59
AS_NP15,COLUSA_6_N004,AS_NP15,,2024-07-10T07:00:00-00:00,2031-01-01T07:59:59-00:00,2024-07-10T00:00:00,2030-12-31T23:59:59
AS_NP15,COLUSCT1_7_GN001,AS_NP15,,2010-04-22T07:00:00-00:00,2031-01-01T07:59:59-00:00,2010-04-22T00:00:00,2030-12-31T23:59:59
AS_NP15,COLUSCT2_7_GN001,AS_NP15,,2010-04-22T07:00:00-00:00,2031-01-01T07:59:59-00:00,2010-04-22T00:00:00,2030-12-31T23:59:59
AS_NP15,COLUSST_7_GN001,AS_NP15,,2010-04-22T07:00:00-00:00,2031-01-01T07:59:59-00:00,2010-04-22T00:00:00,2030-12-31T23:59:59
AS_NP15,COLVIL_7_PL1X2-APND,AS_NP15,,2009-03-31T07:00:00-00:00,2031-01-01T07:59:59-00:00,2009-03-31T00:00:00,2030-12-31T23:59:59
AS_NP15,CON25_1_N001,AS_NP15,,2009-03-31T07:00:00-00:00,2031-01-01T07:59:59-00:00,2009-03-31T00:00:00,2030-12-31T23:59:59
AS_NP15,CON25_1_N002,AS_NP15,,2009-03-31T07:00:00-00:00,2031-01-01T07:59:59-00:00,2009-03-31T00:00:00,2030-12-31T23:59:59
AS_NP15,CONTADNA_1_N001,AS_NP15,,2009-03-31T07:00:00-00:00,2031-01-01T07:59:59-00:00,2009-03-31T00:00:00,2030-12-31T23:59:59
AS_NP15,COPPRMNE_6_N001,AS_NP15,,2013-11-21T08:00:00-00:00,2031-01-01T07:59:59-00:00,2013-11-21T00:00:00,2030-12-31T23:59:59
AS_NP15,CORCCITY_7_N002,AS_NP15,,2025-05-13T07:00:00-00:00,2031-01-01T07:59:59-00:00,2025-05-13T00:00:00,2030-12-31T23:59:59
AS_NP15,CORCORAN_1_N001,AS_NP15,,2014-08-28T07:00:00-00:00,2031-01-01T07:59:59-00:00,2014-08-28T00:00:00,2030-12-31T23:59:59
AS_NP15,CORCORAN_1_N005,AS_NP15,,2014-11-13T08:00:00-00:00,2031-01-01T07:59:59-00:00,2014-11-13T00:00:00,2030-12-31T23:59:59
AS_NP15,CORCORAN_7_N001,AS_NP15,,2025-05-13T07:00:00-00:00,2031-01-01T07:59:59-00:00,2025-05-13T00:00:00,2030-12-31T23:59:59
AS_NP15,CORCRAN2_7_N001,AS_NP15,,2015-01-15T08:00:00-00:00,2031-01-01T07:59:59-00:00,2015-01-15T00:00:00,2030-12-31T23:59:59
AS_NP15,CORDELIA_1_N186,AS_NP15,,2016-11-17T08:00:00-00:00,2031-01-01T07:59:59-00:00,2016-11-17T00:00:00,2030-12-31T23:59:59
AS_NP15,CORDELIA_6_N001,AS_NP15,,2009-03-31T07:00:00-00:00,2031-01-01T07:59:59-00:00,2009-03-31T00:00:00,2030-12-31T23:59:59
AS_NP15,CORDPMP_6_N003,AS_NP15,,2009-03-31T07:00:00-00:00,2031-01-01T07:59:59-00:00,2009-03-31T00:00:00,2030-12-31T23:59:59
AS_NP15,CORNING_6_N004,AS_NP15,,2009-03-31T07:00:00-00:00,2031-01-01T07:59:59-00:00,2009-03-31T00:00:00,2030-12-31T23:59:59
AS_NP15,CORNING_6_N006,AS_NP15,,2009-03-31T07:00:00-00:00,2031-01-01T07:59:59-00:00,2009-03-31T00:00:00,2030-12-31T23:59:59
AS_NP15,CORONA_1_N001,AS_NP15,,2009-03-31T07:00:00-00:00,2031-01-01T07:59:59-00:00,2009-03-31T00:00:00,2030-12-31T23:59:59
AS_NP15,CORRAL1_6_N002,AS_NP15,,2025-05-13T07:00:00-00:00,2031-01-01T07:59:59-00:00,2025-05-13T00:00:00,2030-12-31T23:59:59
AS_NP15,CORRAL_6_N001,AS_NP15,,2009-03-31T07:00:00-00:00,2031-01-01T07:59:59-00:00,2009-03-31T00:00:00,2030-12-31T23:59:59
AS_NP15,CORRAL_6_N003,AS_NP15,,2012-10-11T07:00:00-00:00,2031-01-01T07:59:59-00:00,2012-10-11T00:00:00,2030-12-31T23:59:59
AS_NP15,CORSGOLD_1_N001,AS_NP15,,2009-03-31T07:00:00-00:00,2031-01-01T07:59:59-00:00,2009-03-31T00:00:00,2030-12-31T23:59:59
AS_NP15,CORSGOLD_1_N003,AS_NP15,,2009-03-31T07:00:00-00:00,2031-01-01T07:59:59-00:00,2009-03-31T00:00:00,2030-12-31T23:59:59
AS_NP15,CORTINA_1_N106,AS_NP15,,2009-03-31T07:00:00-00:00,2031-01-01T07:59:59-00:00,2009-03-31T00:00:00,2030-12-31T23:59:59
AS_NP15,COTATI_6_B1,AS_NP15,,2017-08-17T07:00:00-00:00,2031-01-01T07:59:59-00:00,2017-08-17T00:00:00,2030-12-31T23:59:59
AS_NP15,COTATI_6_N101,AS_NP15,,2009-03-31T07:00:00-00:00,2031-01-01T07:59:59-00:00,2009-03-31T00:00:00,2030-12-31T23:59:59
AS_NP15,COTATI_6_N102,AS_NP15,,2009-03-31T07:00:00-00:00,2031-01-01T07:59:59-00:00,2009-03-31T00:00:00,2030-12-31T23:59:59
AS_NP15,COTTLEA_2_N001,AS_NP15,,2009-03-31T07:00:00-00:00,2031-01-01T07:59:59-00:00,2009-03-31T00:00:00,2030-12-31T23:59:59
AS_NP15,COTTLEA_2_N016,AS_NP15,,2017-11-16T08:00:00-00:00,2031-01-01T07:59:59-00:00,2017-11-16T00:00:00,2030-12-31T23:59:59
AS_NP15,COTTLE_7_N001,AS_NP15,,2009-03-31T07:00:00-00:00,2031-01-01T07:59:59-00:00,2009-03-31T00:00:00,2030-12-31T23:59:59
AS_NP15,COTTLE_7_N002,AS_NP15,,2025-05-13T07:00:00-00:00,2031-01-01T07:59:59-00:00,2025-05-13T00:00:00,2030-12-31T23:59:59
AS_NP15,COTWDPGE_1_N001,AS_NP15,,2009-03-31T07:00:00-00:00,2031-01-01T07:59:59-00:00,2009-03-31T00:00:00,2030-12-31T23:59:59
AS_NP15,COTWDPGE_1_N024,AS_NP15,,2025-05-13T07:00:00-00:00,2031-01-01T07:59:59-00:00,2025-05-13T00:00:00,2030-12-31T23:59:59
AS_NP15,COTWDPGE_1_N030,AS_NP15,,2011-12-21T08:00:00-00:00,2031-01-01T07:59:59-00:00,2011-12-21T00:00:00,2030-12-31T23:59:59
AS_NP15,COVELO6_6_N001,AS_NP15,,2009-03-31T07:00:00-00:00,2031-01-01T07:59:59-00:00,2009-03-31T00:00:00,2030-12-31T23:59:59
AS_NP15,COVERD_7_B1,AS_NP15,,2025-05-13T07:00:00-00:00,2031-01-01T07:59:59-00:00,2025-05-13T00:00:00,2030-12-31T23:59:59
AS_NP15,COVERD_7_N002,AS_NP15,,2016-11-17T08:00:00-00:00,2031-01-01T07:59:59-00:00,2016-11-17T00:00:00,2030-12-31T23:59:59
AS_NP15,COVERD_7_N004,AS_NP15,,2025-05-13T07:00:00-00:00,2031-01-01T07:59:59-00:00,2025-05-13T00:00:00,2030-12-31T23:59:59
AS_NP15,COVERD_7_N005,AS_NP15,,2016-11-17T08:00:00-00:00,2031-01-01T07:59:59-00:00,2016-11-17T00:00:00,2030-12-31T23:59:59
AS_NP15,COWCREEK_6_N001,AS_NP15,,2025-05-13T07:00:00-00:00,2031-01-01T07:59:59-00:00,2025-05-13T00:00:00,2030-12-31T23:59:59
AS_NP15,CPCSTCN_7_B1,AS_NP15,,2009-03-31T07:00:00-00:00,2031-01-01T07:59:59-00:00,2009-03-31T00:00:00,2030-12-31T23:59:59
AS_NP15,CPLECEF_1_B1,AS_NP15,,2017-08-17T07:00:00-00:00,2031-01-01T07:59:59-00:00,2017-08-17T00:00:00,2030-12-31T23:59:59
AS_NP15,CPLECEF_1_N001,AS_NP15,,2016-05-19T07:00:00-00:00,2031-01-01T07:59:59-00:00,2016-05-19T00:00:00,2030-12-31T23:59:59
AS_NP15,CPLECEF_1_N005,AS_NP15,,2016-05-19T07:00:00-00:00,2031-01-01T07:59:59-00:00,2016-05-19T00:00:00,2030-12-31T23:59:59
AS_NP15,CPMTAP_1_B1,AS_NP15,,2017-02-16T08:00:00-00:00,2031-01-01T07:59:59-00:00,2017-02-16T00:00:00,2030-12-31T23:59:59
AS_NP15,CRANEVLY_6_N001,AS_NP15,,2009-03-31T07:00:00-00:00,2031-01-01T07:59:59-00:00,2009-03-31T00:00:00,2030-12-31T23:59:59
AS_NP15,CRANEVLY_6_N002,AS_NP15,,2023-05-05T07:00:00-00:00,2031-01-01T07:59:59-00:00,2023-05-05T00:00:00,2030-12-31T23:59:59
AS_NP15,CRANEVLY_6_N003,AS_NP15,,2025-05-13T07:00:00-00:00,2031-01-01T07:59:59-00:00,2025-05-13T00:00:00,2030-12-31T23:59:59
AS_NP15,CRBU38812_7_B1,AS_NP15,,2009-03-31T07:00:00-00:00,2031-01-01T07:59:59-00:00,2009-03-31T00:00:00,2030-12-31T23:59:59
AS_NP15,CRBU38812_7_B3,AS_NP15,,2009-03-31T07:00:00-00:00,2031-01-01T07:59:59-00:00,2009-03-31T00:00:00,2030-12-31T23:59:59
AS_NP15,CRCANAL_6_N001,AS_NP15,,2009-03-31T07:00:00-00:00,2031-01-01T07:59:59-00:00,2009-03-31T00:00:00,2030-12-31T23:59:59
AS_NP15,CRCKTCOG_7_N001,AS_NP15,,2009-11-03T08:00:00-00:00,2031-01-01T07:59:59-00:00,2009-11-03T00:00:00,2030-12-31T23:59:59
AS_NP15,CREEDGT1_7_GN001,AS_NP15,,2009-06-25T07:00:00-00:00,2031-01-01T07:59:59-00:00,2009-06-25T00:00:00,2030-12-31T23:59:59
AS_NP15,CRESSEY_1_N001,AS_NP15,,2009-03-31T07:00:00-00:00,2031-01-01T07:59:59-00:00,2009-03-31T00:00:00,2030-12-31T23:59:59
AS_NP15,CRESSEY_1_N003,AS_NP15,,2025-05-13T07:00:00-00:00,2031-01-01T07:59:59-00:00,2025-05-13T00:00:00,2030-12-31T23:59:59
AS_NP15,CRESTA_2_B1,AS_NP15,,2017-08-17T07:00:00-00:00,2031-01-01T07:59:59-00:00,2017-08-17T00:00:00,2030-12-31T23:59:59
AS_NP15,CRESTA_7_B1,AS_NP15,,2023-05-05T07:00:00-00:00,2031-01-01T07:59:59-00:00,2023-05-05T00:00:00,2030-12-31T23:59:59
AS_NP15,CRESTA_7_B3,AS_NP15,,2023-05-05T07:00:00-00:00,2031-01-01T07:59:59-00:00,2023-05-05T00:00:00,2030-12-31T23:59:59
AS_NP15,CRESTA_7_PL1X2-APND,AS_NP15,,2009-03-31T07:00:00-00:00,2031-01-01T07:59:59-00:00,2009-03-31T00:00:00,2030-12-31T23:59:59
AS_NP15,CROCKTAP_2_B1,AS_NP15,,2017-08-17T07:00:00-00:00,2031-01-01T07:59:59-00:00,2017-08-17T00:00:00,2030-12-31T23:59:59
AS_NP15,CRUSHER_6_N001,AS_NP15,,2009-03-31T07:00:00-00:00,2031-01-01T07:59:59-00:00,2009-03-31T00:00:00,2030-12-31T23:59:59
AS_NP15,CRWCRKGN_7_N001,AS_NP15,,2025-05-13T07:00:00-00:00,2031-01-01T07:59:59-00:00,2025-05-13T00:00:00,2030-12-31T23:59:59
AS_NP15,CRWSLDG_6_N001,AS_NP15,,2009-03-31T07:00:00-00:00,2031-01-01T07:59:59-00:00,2009-03-31T00:00:00,2030-12-31T23:59:59
AS_NP15,CRYSTLSG_6_N001,AS_NP15,,2009-03-31T07:00:00-00:00,2031-01-01T07:59:59-00:00,2009-03-31T00:00:00,2030-12-31T23:59:59
AS_NP15,CSCCCA_7_N001,AS_NP15,,2009-03-31T07:00:00-00:00,2031-01-01T07:59:59-00:00,2009-03-31T00:00:00,2030-12-31T23:59:59
AS_NP15,CSCCOG_6_N001,AS_NP15,,2023-05-05T07:00:00-00:00,2031-01-01T07:59:59-00:00,2023-05-05T00:00:00,2030-12-31T23:59:59
AS_NP15,CSCGNRA1_7_N101,AS_NP15,,2025-05-13T07:00:00-00:00,2031-01-01T07:59:59-00:00,2025-05-13T00:00:00,2030-12-31T23:59:59
AS_NP15,CSCGNRA2_7_N101,AS_NP15,,2025-05-13T07:00:00-00:00,2031-01-01T07:59:59-00:00,2025-05-13T00:00:00,2030-12-31T23:59:59
AS_NP15,CSTRVLLE_1_N001,AS_NP15,,2009-03-31T07:00:00-00:00,2031-01-01T07:59:59-00:00,2009-03-31T00:00:00,2030-12-31T23:59:59
AS_NP15,CSTRVLLE_1_N003,AS_NP15,,2025-05-13T07:00:00-00:00,2031-01-01T07:59:59-00:00,2025-05-13T00:00:00,2030-12-31T23:59:59
AS_NP15,CSTRVLLE_1_N004,AS_NP15,,2025-05-13T07:00:00-00:00,2031-01-01T07:59:59-00:00,2025-05-13T00:00:00,2030-12-31T23:59:59
AS_NP15,CSTRVLLE_1_N005,AS_NP15,,2013-11-21T08:00:00-00:00,2031-01-01T07:59:59-00:00,2013-11-21T00:00:00,2030-12-31T23:59:59
AS_NP15,CURTIS1_7_N001,AS_NP15,,2009-03-31T07:00:00-00:00,2031-01-01T07:59:59-00:00,2009-03-31T00:00:00,2030-12-31T23:59:59
AS_NP15,CURTISS_1_N010,AS_NP15,,2009-03-31T07:00:00-00:00,2031-01-01T07:59:59-00:00,2009-03-31T00:00:00,2030-12-31T23:59:59
AS_NP15,CURTISS_1_N101,AS_NP15,,2009-03-31T07:00:00-00:00,2031-01-01T07:59:59-00:00,2009-03-31T00:00:00,2030-12-31T23:59:59
AS_NP15,CURTISS_1_N102,AS_NP15,,2025-05-13T07:00:00-00:00,2031-01-01T07:59:59-00:00,2025-05-13T00:00:00,2030-12-31T23:59:59
AS_NP15,CURTISS_1_N103,AS_NP15,,2025-05-13T07:00:00-00:00,2031-01-01T07:59:59-00:00,2025-05-13T00:00:00,2030-12-31T23:59:59
AS_NP15,DAIRYLND_1_N001,AS_NP15,,2014-08-28T07:00:00-00:00,2031-01-01T07:59:59-00:00,2014-08-28T00:00:00,2030-12-31T23:59:59
AS_NP15,DAIRYLND_1_N011,AS_NP15,,2017-02-16T08:00:00-00:00,2031-01-01T07:59:59-00:00,2017-02-16T00:00:00,2030-12-31T23:59:59
AS_NP15,DAIRYLND_1_N013,AS_NP15,,2025-05-13T07:00:00-00:00,2031-01-01T07:59:59-00:00,2025-05-13T00:00:00,2030-12-31T23:59:59
AS_NP15,DALYCTY_1_N001,AS_NP15,,2012-10-11T07:00:00-00:00,2031-01-01T07:59:59-00:00,2012-10-11T00:00:00,2030-12-31T23:59:59
AS_NP15,DALYCTY_1_N005,AS_NP15,,2012-10-11T07:00:00-00:00,2031-01-01T07:59:59-00:00,2012-10-11T00:00:00,2030-12-31T23:59:59
AS_NP15,DANA_6_N001,AS_NP15,,2009-03-31T07:00:00-00:00,2031-01-01T07:59:59-00:00,2009-03-31T00:00:00,2030-12-31T23:59:59
AS_NP15,DANISHCM_1_N001,AS_NP15,,2009-03-31T07:00:00-00:00,2031-01-01T07:59:59-00:00,2009-03-31T00:00:00,2030-12-31T23:59:59
AS_NP15,DARYLDGN_7_N002,AS_NP15,,2025-05-13T07:00:00-00:00,2031-01-01T07:59:59-00:00,2025-05-13T00:00:00,2030-12-31T23:59:59
AS_NP15,DARYLDGN_7_N003,AS_NP15,,2025-05-13T07:00:00-00:00,2031-01-01T07:59:59-00:00,2025-05-13T00:00:00,2030-12-31T23:59:59
AS_NP15,DAVIS_1_N001,AS_NP15,,2009-03-31T07:00:00-00:00,2031-01-01T07:59:59-00:00,2009-03-31T00:00:00,2030-12-31T23:59:59
AS_NP15,DAVIS_1_N007,AS_NP15,,2009-03-31T07:00:00-00:00,2031-01-01T07:59:59-00:00,2009-03-31T00:00:00,2030-12-31T23:59:59
AS_NP15,DAVIS_1_N012,AS_NP15,,2009-03-31T07:00:00-00:00,2031-01-01T07:59:59-00:00,2009-03-31T00:00:00,2030-12-31T23:59:59
AS_NP15,DAVIS_1_N018,AS_NP15,,2025-05-13T07:00:00-00:00,2031-01-01T07:59:59-00:00,2025-05-13T00:00:00,2030-12-31T23:59:59
AS_NP15,DAVIS_1_N029,AS_NP15,,2025-05-13T07:00:00-00:00,2031-01-01T07:59:59-00:00,2025-05-13T00:00:00,2030-12-31T23:59:59
AS_NP15,DAVIS_1_N030,AS_NP15,,2025-05-13T07:00:00-00:00,2031-01-01T07:59:59-00:00,2025-05-13T00:00:00,2030-12-31T23:59:59
AS_NP15,DCJ_6_N001,AS_NP15,,2017-02-16T08:00:00-00:00,2031-01-01T07:59:59-00:00,2017-02-16T00:00:00,2030-12-31T23:59:59
AS_NP15,DCJ_6_N002,AS_NP15,,2017-02-16T08:00:00-00:00,2031-01-01T07:59:59-00:00,2017-02-16T00:00:00,2030-12-31T23:59:59
AS_NP15,DCJ_6_N003,AS_NP15,,2017-02-16T08:00:00-00:00,2031-01-01T07:59:59-00:00,2017-02-16T00:00:00,2030-12-31T23:59:59
AS_NP15,DEADWOOD_1_N001,AS_NP15,,2023-05-05T07:00:00-00:00,2031-01-01T07:59:59-00:00,2023-05-05T00:00:00,2030-12-31T23:59:59
AS_NP15,DECCTG1_7_B1,AS_NP15,,2009-03-31T07:00:00-00:00,2031-01-01T07:59:59-00:00,2009-03-31T00:00:00,2030-12-31T23:59:59
AS_NP15,DECCTG2_7_B1,AS_NP15,,2009-03-31T07:00:00-00:00,2031-01-01T07:59:59-00:00,2009-03-31T00:00:00,2030-12-31T23:59:59
AS_NP15,DECCTG3_7_B1,AS_NP15,,2009-03-31T07:00:00-00:00,2031-01-01T07:59:59-00:00,2009-03-31T00:00:00,2030-12-31T23:59:59
AS_NP15,DECPTSG_2_N001,AS_NP15,,2009-03-31T07:00:00-00:00,2031-01-01T07:59:59-00:00,2009-03-31T00:00:00,2030-12-31T23:59:59
AS_NP15,DECPTSG_2_N018,AS_NP15,,2009-03-31T07:00:00-00:00,2031-01-01T07:59:59-00:00,2009-03-31T00:00:00,2030-12-31T23:59:59
AS_NP15,DECSTG1_7_B1,AS_NP15,,2009-03-31T07:00:00-00:00,2031-01-01T07:59:59-00:00,2009-03-31T00:00:00,2030-12-31T23:59:59
AS_NP15,DEEPWATR_1_N101,AS_NP15,,2009-03-31T07:00:00-00:00,2031-01-01T07:59:59-00:00,2009-03-31T00:00:00,2030-12-31T23:59:59
AS_NP15,DEEPWATR_1_N104,AS_NP15,,2009-03-31T07:00:00-00:00,2031-01-01T07:59:59-00:00,2009-03-31T00:00:00,2030-12-31T23:59:59
AS_NP15,DEERCRK_7_B1,AS_NP15,,2023-05-05T07:00:00-00:00,2031-01-01T07:59:59-00:00,2023-05-05T00:00:00,2030-12-31T23:59:59
AS_NP15,DELEVAN_2_B1,AS_NP15,,2010-08-18T07:00:00-00:00,2031-01-01T07:59:59-00:00,2010-08-18T00:00:00,2030-12-31T23:59:59
AS_NP15,DELEVAN_2_LN001,AS_NP15,,2010-04-22T07:00:00-00:00,2031-01-01T07:59:59-00:00,2010-04-22T00:00:00,2030-12-31T23:59:59
AS_NP15,DELEVAN_2_LN002,AS_NP15,,2010-04-22T07:00:00-00:00,2031-01-01T07:59:59-00:00,2010-04-22T00:00:00,2030-12-31T23:59:59
AS_NP15,DELMAR_6_N001A,AS_NP15,,2009-03-31T07:00:00-00:00,2031-01-01T07:59:59-00:00,2009-03-31T00:00:00,2030-12-31T23:59:59
AS_NP15,DELMAR_6_N005,AS_NP15,,2009-03-31T07:00:00-00:00,2031-01-01T07:59:59-00:00,2009-03-31T00:00:00,2030-12-31T23:59:59
AS_NP15,DELMAR_6_N008,AS_NP15,,2009-06-25T07:00:00-00:00,2031-01-01T07:59:59-00:00,2009-06-25T00:00:00,2030-12-31T23:59:59
AS_NP15,DELMNTE_1_N010,AS_NP15,,2009-03-31T07:00:00-00:00,2031-01-01T07:59:59-00:00,2009-03-31T00:00:00,2030-12-31T23:59:59
AS_NP15,DELMNTE_1_N201,AS_NP15,,2009-03-31T07:00:00-00:00,2031-01-01T07:59:59-00:00,2009-03-31T00:00:00,2030-12-31T23:59:59
AS_NP15,DELTAA_7_B1,AS_NP15,,2009-03-31T07:00:00-00:00,2031-01-01T07:59:59-00:00,2009-03-31T00:00:00,2030-12-31T23:59:59
AS_NP15,DELTAA_7_B3,AS_NP15,,2009-03-31T07:00:00-00:00,2031-01-01T07:59:59-00:00,2009-03-31T00:00:00,2030-12-31T23:59:59
AS_NP15,DELTAA_7_B4,AS_NP15,,2009-03-31T07:00:00-00:00,2031-01-01T07:59:59-00:00,2009-03-31T00:00:00,2030-12-31T23:59:59
AS_NP15,DELTAB_7_B1,AS_NP15,,2009-03-31T07:00:00-00:00,2031-01-01T07:59:59-00:00,2009-03-31T00:00:00,2030-12-31T23:59:59
AS_NP15,DELTAB_7_B3,AS_NP15,,2009-03-31T07:00:00-00:00,2031-01-01T07:59:59-00:00,2009-03-31T00:00:00,2030-12-31T23:59:59
AS_NP15,DELTAC_7_B1,AS_NP15,,2009-03-31T07:00:00-00:00,2031-01-01T07:59:59-00:00,2009-03-31T00:00:00,2030-12-31T23:59:59
AS_NP15,DELTAC_7_B3,AS_NP15,,2009-03-31T07:00:00-00:00,2031-01-01T07:59:59-00:00,2009-03-31T00:00:00,2030-12-31T23:59:59
AS_NP15,DELTAD_7_B1,AS_NP15,,2009-03-31T07:00:00-00:00,2031-01-01T07:59:59-00:00,2009-03-31T00:00:00,2030-12-31T23:59:59
AS_NP15,DELTAD_7_B3,AS_NP15,,2009-03-31T07:00:00-00:00,2031-01-01T07:59:59-00:00,2009-03-31T00:00:00,2030-12-31T23:59:59
AS_NP15,DELTAE_7_B1,AS_NP15,,2009-03-31T07:00:00-00:00,2031-01-01T07:59:59-00:00,2009-03-31T00:00:00,2030-12-31T23:59:59
AS_NP15,DELTAE_7_B3,AS_NP15,,2009-03-31T07:00:00-00:00,2031-01-01T07:59:59-00:00,2009-03-31T00:00:00,2030-12-31T23:59:59
AS_NP15,DELTAPMP_2_N008,AS_NP15,,2025-05-13T07:00:00-00:00,2031-01-01T07:59:59-00:00,2025-05-13T00:00:00,2030-12-31T23:59:59
AS_NP15,DELTA_2_PL1X4-APND,AS_NP15,,2009-03-31T07:00:00-00:00,2031-01-01T07:59:59-00:00,2009-03-31T00:00:00,2030-12-31T23:59:59
AS_NP15,DESABLA_6_B1,AS_NP15,,2017-08-17T07:00:00-00:00,2031-01-01T07:59:59-00:00,2017-08-17T00:00:00,2030-12-31T23:59:59
AS_NP15,DESABLA_7_B1,AS_NP15,,2009-03-31T07:00:00-00:00,2031-01-01T07:59:59-00:00,2009-03-31T00:00:00,2030-12-31T23:59:59
AS_NP15,DESCHTP1_6_B1,AS_NP15,,2017-08-17T07:00:00-00:00,2031-01-01T07:59:59-00:00,2017-08-17T00:00:00,2030-12-31T23:59:59
AS_NP15,DESCHUTS_6_N001,AS_NP15,,2009-03-31T07:00:00-00:00,2031-01-01T07:59:59-00:00,2009-03-31T00:00:00,2030-12-31T23:59:59
AS_NP15,DESCHUTS_6_N015,AS_NP15,,2013-02-28T08:00:00-00:00,2031-01-01T07:59:59-00:00,2013-02-28T00:00:00,2030-12-31T23:59:59
AS_NP15,DEVLDNPP_6_N003,AS_NP15,,2009-03-31T07:00:00-00:00,2031-01-01T07:59:59-00:00,2009-03-31T00:00:00,2030-12-31T23:59:59
AS_NP15,DFS_1_N001,AS_NP15,,2009-03-31T07:00:00-00:00,2031-01-01T07:59:59-00:00,2009-03-31T00:00:00,2030-12-31T23:59:59
AS_NP15,DGLSCTY_6_N001,AS_NP15,,2009-03-31T07:00:00-00:00,2031-01-01T07:59:59-00:00,2009-03-31T00:00:00,2030-12-31T23:59:59
AS_NP15,DGPAN1_7_B1,AS_NP15,,2025-10-15T07:00:00-00:00,2031-01-01T07:59:59-00:00,2025-10-15T00:00:00,2030-12-31T23:59:59
AS_NP15,DGPAN1_7_CN1,AS_NP15,,2025-10-15T07:00:00-00:00,2031-01-01T07:59:59-00:00,2025-10-15T00:00:00,2030-12-31T23:59:59
AS_NP15,DGVADIX_7_B1,AS_NP15,,2009-03-31T07:00:00-00:00,2031-01-01T07:59:59-00:00,2009-03-31T00:00:00,2030-12-31T23:59:59
AS_NP15,DINUBAE_7_B2,AS_NP15,,2009-03-31T07:00:00-00:00,2031-01-01T07:59:59-00:00,2009-03-31T00:00:00,2030-12-31T23:59:59
AS_NP15,DINUBAE_7_N001,AS_NP15,,2009-03-31T07:00:00-00:00,2031-01-01T07:59:59-00:00,2009-03-31T00:00:00,2030-12-31T23:59:59
AS_NP15,DINUBA_6_N001,AS_NP15,,2011-03-30T07:00:00-00:00,2031-01-01T07:59:59-00:00,2011-03-30T00:00:00,2030-12-31T23:59:59
AS_NP15,DINUBA_6_N005,AS_NP15,,2025-04-16T07:00:00-00:00,2031-01-01T07:59:59-00:00,2025-04-16T00:00:00,2030-12-31T23:59:59
AS_NP15,DIRYVLLE_6_N001,AS_NP15,,2009-03-31T07:00:00-00:00,2031-01-01T07:59:59-00:00,2009-03-31T00:00:00,2030-12-31T23:59:59
AS_NP15,DIST1500_6_N101,AS_NP15,,2009-03-31T07:00:00-00:00,2031-01-01T07:59:59-00:00,2009-03-31T00:00:00,2030-12-31T23:59:59
AS_NP15,DIST2047_6_N201,AS_NP15,,2009-03-31T07:00:00-00:00,2031-01-01T07:59:59-00:00,2009-03-31T00:00:00,2030-12-31T23:59:59
AS_NP15,DIST2047_6_N204,AS_NP15,,2009-03-31T07:00:00-00:00,2031-01-01T07:59:59-00:00,2009-03-31T00:00:00,2030-12-31T23:59:59
AS_NP15,DIXON-J1_6_N101,AS_NP15,,2018-08-23T07:00:00-00:00,2031-01-01T07:59:59-00:00,2018-08-23T00:00:00,2030-12-31T23:59:59
AS_NP15,DIXONLD_1_N001,AS_NP15,,2009-03-31T07:00:00-00:00,2031-01-01T07:59:59-00:00,2009-03-31T00:00:00,2030-12-31T23:59:59
AS_NP15,DIXONLD_1_N002,AS_NP15,,2009-03-31T07:00:00-00:00,2031-01-01T07:59:59-00:00,2009-03-31T00:00:00,2030-12-31T23:59:59
AS_NP15,DIXONLD_1_N008,AS_NP15,,2015-07-23T07:00:00-00:00,2031-01-01T07:59:59-00:00,2015-07-23T00:00:00,2030-12-31T23:59:59
AS_NP15,DIXON_6_B1,AS_NP15,,2009-03-31T07:00:00-00:00,2031-01-01T07:59:59-00:00,2009-03-31T00:00:00,2030-12-31T23:59:59
AS_NP15,DIXON_6_N002,AS_NP15,,2009-03-31T07:00:00-00:00,2031-01-01T07:59:59-00:00,2009-03-31T00:00:00,2030-12-31T23:59:59
AS_NP15,DLYCTYP_1_N001,AS_NP15,,2016-11-17T08:00:00-00:00,2031-01-01T07:59:59-00:00,2016-11-17T00:00:00,2030-12-31T23:59:59
AS_NP15,DMNDSPR_1_N001,AS_NP15,,2009-03-31T07:00:00-00:00,2031-01-01T07:59:59-00:00,2009-03-31T00:00:00,2030-12-31T23:59:59
AS_NP15,DMNDSPR_1_N003,AS_NP15,,2009-03-31T07:00:00-00:00,2031-01-01T07:59:59-00:00,2009-03-31T00:00:00,2030-12-31T23:59:59
AS_NP15,DNUBAJCT_6_B1,AS_NP15,,2017-08-17T07:00:00-00:00,2031-01-01T07:59:59-00:00,2017-08-17T00:00:00,2030-12-31T23:59:59
AS_NP15,DOBBINS_6_N001,AS_NP15,,2009-03-31T07:00:00-00:00,2031-01-01T07:59:59-00:00,2009-03-31T00:00:00,2030-12-31T23:59:59
AS_NP15,DOLANRD_1_N001,AS_NP15,,2009-03-31T07:00:00-00:00,2031-01-01T07:59:59-00:00,2009-03-31T00:00:00,2030-12-31T23:59:59
AS_NP15,DOLANRD_1_ND006,AS_NP15,,2023-11-15T08:00:00-00:00,2031-01-01T07:59:59-00:00,2023-11-15T00:00:00,2030-12-31T23:59:59
AS_NP15,DOMTAR_1_N001,AS_NP15,,2009-03-31T07:00:00-00:00,2031-01-01T07:59:59-00:00,2009-03-31T00:00:00,2030-12-31T23:59:59
AS_NP15,DONNELLS_7_B1,AS_NP15,,2025-05-13T07:00:00-00:00,2031-01-01T07:59:59-00:00,2025-05-13T00:00:00,2030-12-31T23:59:59
AS_NP15,DOSAMG1_7_B1,AS_NP15,,2009-03-31T07:00:00-00:00,2031-01-01T07:59:59-00:00,2009-03-31T00:00:00,2030-12-31T23:59:59
AS_NP15,DOSAMG1_7_B3,AS_NP15,,2009-03-31T07:00:00-00:00,2031-01-01T07:59:59-00:00,2009-03-31T00:00:00,2030-12-31T23:59:59
AS_NP15,DOSAMG1_7_B4,AS_NP15,,2009-03-31T07:00:00-00:00,2031-01-01T07:59:59-00:00,2009-03-31T00:00:00,2030-12-31T23:59:59
AS_NP15,DOSAMG2_7_B1,AS_NP15,,2009-03-31T07:00:00-00:00,2031-01-01T07:59:59-00:00,2009-03-31T00:00:00,2030-12-31T23:59:59
AS_NP15,DOSAMG2_7_B3,AS_NP15,,2009-03-31T07:00:00-00:00,2031-01-01T07:59:59-00:00,2009-03-31T00:00:00,2030-12-31T23:59:59
AS_NP15,DOSAMG2_7_B4,AS_NP15,,2009-03-31T07:00:00-00:00,2031-01-01T07:59:59-00:00,2009-03-31T00:00:00,2030-12-31T23:59:59
AS_NP15,DOSPALS_6_N001,AS_NP15,,2024-07-10T07:00:00-00:00,2031-01-01T07:59:59-00:00,2024-07-10T00:00:00,2030-12-31T23:59:59
AS_NP15,DOSPALS_7_N002,AS_NP15,,2025-05-13T07:00:00-00:00,2031-01-01T07:59:59-00:00,2025-05-13T00:00:00,2030-12-31T23:59:59
AS_NP15,DOSPAL_7_N003,AS_NP15,,2025-06-12T07:00:00-00:00,2031-01-01T07:59:59-00:00,2025-06-12T00:00:00,2030-12-31T23:59:59
AS_NP15,DRUM38780_7_B1,AS_NP15,,2023-05-05T07:00:00-00:00,2031-01-01T07:59:59-00:00,2023-05-05T00:00:00,2030-12-31T23:59:59
AS_NP15,DRUM38780_7_B3,AS_NP15,,2023-05-05T07:00:00-00:00,2031-01-01T07:59:59-00:00,2023-05-05T00:00:00,2030-12-31T23:59:59
AS_NP15,DRUM38780_7_B4,AS_NP15,,2023-05-05T07:00:00-00:00,2031-01-01T07:59:59-00:00,2023-05-05T00:00:00,2030-12-31T23:59:59
AS_NP15,DRUM38780_7_B7,AS_NP15,,2023-05-05T07:00:00-00:00,2031-01-01T07:59:59-00:00,2023-05-05T00:00:00,2030-12-31T23:59:59
AS_NP15,DRUM5_7_B1,AS_NP15,,2009-03-31T07:00:00-00:00,2031-01-01T07:59:59-00:00,2009-03-31T00:00:00,2030-12-31T23:59:59
AS_NP15,DRUM_1_B1,AS_NP15,,2017-08-17T07:00:00-00:00,2031-01-01T07:59:59-00:00,2017-08-17T00:00:00,2030-12-31T23:59:59
AS_NP15,DRUM_6_B1,AS_NP15,,2017-08-17T07:00:00-00:00,2031-01-01T07:59:59-00:00,2017-08-17T00:00:00,2030-12-31T23:59:59
AS_NP15,DRUM_7_PL1X2-APND,AS_NP15,,2009-03-31T07:00:00-00:00,2031-01-01T07:59:59-00:00,2009-03-31T00:00:00,2030-12-31T23:59:59
AS_NP15,DRUM_7_PL3X4-APND,AS_NP15,,2009-03-31T07:00:00-00:00,2031-01-01T07:59:59-00:00,2009-03-31T00:00:00,2030-12-31T23:59:59
AS_NP15,DSAMIGO_2_N011,AS_NP15,,2025-05-13T07:00:00-00:00,2031-01-01T07:59:59-00:00,2025-05-13T00:00:00,2030-12-31T23:59:59
AS_NP15,DTCHFL1_1_B1,AS_NP15,,2017-08-17T07:00:00-00:00,2031-01-01T07:59:59-00:00,2017-08-17T00:00:00,2030-12-31T23:59:59
AS_NP15,DTCHFL2_1_B1,AS_NP15,,2017-08-17T07:00:00-00:00,2031-01-01T07:59:59-00:00,2017-08-17T00:00:00,2030-12-31T23:59:59
AS_NP15,DTCHFLT1_7_B1,AS_NP15,,2009-03-31T07:00:00-00:00,2031-01-01T07:59:59-00:00,2009-03-31T00:00:00,2030-12-31T23:59:59
AS_NP15,DTCHFLT2_7_B1,AS_NP15,,2009-03-31T07:00:00-00:00,2031-01-01T07:59:59-00:00,2009-03-31T00:00:00,2030-12-31T23:59:59
AS_NP15,DUANECT1_7_N001,AS_NP15,,2009-03-31T07:00:00-00:00,2031-01-01T07:59:59-00:00,2009-03-31T00:00:00,2030-12-31T23:59:59
AS_NP15,DUANECT1_7_N002,AS_NP15,,2023-05-05T07:00:00-00:00,2031-01-01T07:59:59-00:00,2023-05-05T00:00:00,2030-12-31T23:59:59
AS_NP15,DUANECT2_7_N001,AS_NP15,,2009-03-31T07:00:00-00:00,2031-01-01T07:59:59-00:00,2009-03-31T00:00:00,2030-12-31T23:59:59
AS_NP15,DUANECT2_7_N002,AS_NP15,,2023-05-05T07:00:00-00:00,2031-01-01T07:59:59-00:00,2023-05-05T00:00:00,2030-12-31T23:59:59
AS_NP15,DUANEST3_7_N001,AS_NP15,,2009-03-31T07:00:00-00:00,2031-01-01T07:59:59-00:00,2009-03-31T00:00:00,2030-12-31T23:59:59
AS_NP15,DUANEST3_7_N002,AS_NP15,,2023-05-05T07:00:00-00:00,2031-01-01T07:59:59-00:00,2023-05-05T00:00:00,2030-12-31T23:59:59
AS_NP15,DUANE_1_PL1X3-APND,AS_NP15,,2009-03-31T07:00:00-00:00,2031-01-01T07:59:59-00:00,2009-03-31T00:00:00,2030-12-31T23:59:59
AS_NP15,DUKMOSS1_7_B1,AS_NP15,,2009-03-31T07:00:00-00:00,2031-01-01T07:59:59-00:00,2009-03-31T00:00:00,2030-12-31T23:59:59
AS_NP15,DUKMOSS1_7_N001,AS_NP15,,2009-03-31T07:00:00-00:00,2031-01-01T07:59:59-00:00,2009-03-31T00:00:00,2030-12-31T23:59:59
AS_NP15,DUKMOSS2_7_B1,AS_NP15,,2009-03-31T07:00:00-00:00,2031-01-01T07:59:59-00:00,2009-03-31T00:00:00,2030-12-31T23:59:59
AS_NP15,DUKMOSS2_7_N001,AS_NP15,,2009-03-31T07:00:00-00:00,2031-01-01T07:59:59-00:00,2009-03-31T00:00:00,2030-12-31T23:59:59
AS_NP15,DUKMOSS3_7_B2,AS_NP15,,2009-03-31T07:00:00-00:00,2031-01-01T07:59:59-00:00,2009-03-31T00:00:00,2030-12-31T23:59:59
AS_NP15,DUKMOSS3_7_N001,AS_NP15,,2009-03-31T07:00:00-00:00,2031-01-01T07:59:59-00:00,2009-03-31T00:00:00,2030-12-31T23:59:59
AS_NP15,DUKMOSS3_7_N002,AS_NP15,,2009-03-31T07:00:00-00:00,2031-01-01T07:59:59-00:00,2009-03-31T00:00:00,2030-12-31T23:59:59
AS_NP15,DUKMOSS4_7_B1,AS_NP15,,2009-03-31T07:00:00-00:00,2031-01-01T07:59:59-00:00,2009-03-31T00:00:00,2030-12-31T23:59:59
AS_NP15,DUKMOSS4_7_N001,AS_NP15,,2009-03-31T07:00:00-00:00,2031-01-01T07:59:59-00:00,2009-03-31T00:00:00,2030-12-31T23:59:59
AS_NP15,DUKMOSS5_7_B1,AS_NP15,,2009-03-31T07:00:00-00:00,2031-01-01T07:59:59-00:00,2009-03-31T00:00:00,2030-12-31T23:59:59
AS_NP15,DUKMOSS5_7_N001,AS_NP15,,2009-03-31T07:00:00-00:00,2031-01-01T07:59:59-00:00,2009-03-31T00:00:00,2030-12-31T23:59:59
AS_NP15,DUKMOSS6_7_B2,AS_NP15,,2009-03-31T07:00:00-00:00,2031-01-01T07:59:59-00:00,2009-03-31T00:00:00,2030-12-31T23:59:59
AS_NP15,DUKMOSS6_7_N001,AS_NP15,,2009-03-31T07:00:00-00:00,2031-01-01T07:59:59-00:00,2009-03-31T00:00:00,2030-12-31T23:59:59
AS_NP15,DUKMOSS6_7_N002,AS_NP15,,2009-03-31T07:00:00-00:00,2031-01-01T07:59:59-00:00,2009-03-31T00:00:00,2030-12-31T23:59:59
AS_NP15,DUMBARTN_1_N001,AS_NP15,,2009-03-31T07:00:00-00:00,2031-01-01T07:59:59-00:00,2009-03-31T00:00:00,2030-12-31T23:59:59
AS_NP15,DUMBARTN_1_N003,AS_NP15,,2009-03-31T07:00:00-00:00,2031-01-01T07:59:59-00:00,2009-03-31T00:00:00,2030-12-31T23:59:59
AS_NP15,DUMBARTN_1_N011,AS_NP15,,2009-03-31T07:00:00-00:00,2031-01-01T07:59:59-00:00,2009-03-31T00:00:00,2030-12-31T23:59:59
AS_NP15,DUNBAR_6_N001,AS_NP15,,2009-03-31T07:00:00-00:00,2031-01-01T07:59:59-00:00,2009-03-31T00:00:00,2030-12-31T23:59:59
AS_NP15,DUNBAR_6_N002,AS_NP15,,2009-03-31T07:00:00-00:00,2031-01-01T07:59:59-00:00,2009-03-31T00:00:00,2030-12-31T23:59:59
AS_NP15,DUNLAP_6_N001,AS_NP15,,2009-03-31T07:00:00-00:00,2031-01-01T07:59:59-00:00,2009-03-31T00:00:00,2030-12-31T23:59:59
AS_NP15,DUNNIGAN_6_N001,AS_NP15,,2009-03-31T07:00:00-00:00,2031-01-01T07:59:59-00:00,2009-03-31T00:00:00,2030-12-31T23:59:59
AS_NP15,DUPONT_6_N001,AS_NP15,,2009-03-31T07:00:00-00:00,2031-01-01T07:59:59-00:00,2009-03-31T00:00:00,2030-12-31T23:59:59
AS_NP15,DYERSM3_7_N001,AS_NP15,,2025-05-13T07:00:00-00:00,2031-01-01T07:59:59-00:00,2025-05-13T00:00:00,2030-12-31T23:59:59
AS_NP15,EBMUDGRY_1_N001,AS_NP15,,2009-03-31T07:00:00-00:00,2031-01-01T07:59:59-00:00,2009-03-31T00:00:00,2030-12-31T23:59:59
AS_NP15,EDENVALE_1_N001,AS_NP15,,2009-03-31T07:00:00-00:00,2031-01-01T07:59:59-00:00,2009-03-31T00:00:00,2030-12-31T23:59:59
AS_NP15,EDENVALE_1_N004,AS_NP15,,2009-03-31T07:00:00-00:00,2031-01-01T07:59:59-00:00,2009-03-31T00:00:00,2030-12-31T23:59:59
AS_NP15,EDENVALE_1_N006,AS_NP15,,2009-03-31T07:00:00-00:00,2031-01-01T07:59:59-00:00,2009-03-31T00:00:00,2030-12-31T23:59:59
AS_NP15,EDENVALE_1_N008,AS_NP15,,2009-03-31T07:00:00-00:00,2031-01-01T07:59:59-00:00,2009-03-31T00:00:00,2030-12-31T23:59:59
AS_NP15,EDES_1_N001,AS_NP15,,2009-03-31T07:00:00-00:00,2031-01-01T07:59:59-00:00,2009-03-31T00:00:00,2030-12-31T23:59:59
AS_NP15,EDES_1_N003,AS_NP15,,2025-10-15T07:00:00-00:00,2031-01-01T07:59:59-00:00,2025-10-15T00:00:00,2030-12-31T23:59:59
AS_NP15,EDES_7_N002,AS_NP15,,2025-10-15T07:00:00-00:00,2031-01-01T07:59:59-00:00,2025-10-15T00:00:00,2030-12-31T23:59:59
AS_NP15,EDUBLIN_6_N001,AS_NP15,,2009-03-31T07:00:00-00:00,2031-01-01T07:59:59-00:00,2009-03-31T00:00:00,2030-12-31T23:59:59
AS_NP15,EDUBLIN_6_N101,AS_NP15,,2009-03-31T07:00:00-00:00,2031-01-01T07:59:59-00:00,2009-03-31T00:00:00,2030-12-31T23:59:59
AS_NP15,EELRIVR_6_N001,AS_NP15,,2017-11-16T08:00:00-00:00,2031-01-01T07:59:59-00:00,2017-11-16T00:00:00,2030-12-31T23:59:59
AS_NP15,EELRIVR_6_N005,AS_NP15,,2015-10-22T07:00:00-00:00,2031-01-01T07:59:59-00:00,2015-10-22T00:00:00,2030-12-31T23:59:59
AS_NP15,EGLERCK_1_B1,AS_NP15,,2017-08-17T07:00:00-00:00,2031-01-01T07:59:59-00:00,2017-08-17T00:00:00,2030-12-31T23:59:59
AS_NP15,EIGHTMI_2_N017,AS_NP15,,2009-03-31T07:00:00-00:00,2031-01-01T07:59:59-00:00,2009-03-31T00:00:00,2030-12-31T23:59:59
AS_NP15,EIGHTMI_2_N020,AS_NP15,,2009-06-25T07:00:00-00:00,2031-01-01T07:59:59-00:00,2009-06-25T00:00:00,2030-12-31T23:59:59
AS_NP15,ELCAPTN_1_N001,AS_NP15,,2013-07-18T07:00:00-00:00,2031-01-01T07:59:59-00:00,2013-07-18T00:00:00,2030-12-31T23:59:59
AS_NP15,ELCAPTN_1_N004,AS_NP15,,2013-07-18T07:00:00-00:00,2031-01-01T07:59:59-00:00,2013-07-18T00:00:00,2030-12-31T23:59:59
AS_NP15,ELCAPTN_1_N005,AS_NP15,,2013-07-18T07:00:00-00:00,2031-01-01T07:59:59-00:00,2013-07-18T00:00:00,2030-12-31T23:59:59
AS_NP15,ELCAPTN_1_N008,AS_NP15,,2011-08-12T07:00:00-00:00,2031-01-01T07:59:59-00:00,2011-08-12T00:00:00,2030-12-31T23:59:59
AS_NP15,ELCAPTN_7_N004,AS_NP15,,2025-05-13T07:00:00-00:00,2031-01-01T07:59:59-00:00,2025-05-13T00:00:00,2030-12-31T23:59:59
AS_NP15,ELCRRTO_1_N001,AS_NP15,,2009-03-31T07:00:00-00:00,2031-01-01T07:59:59-00:00,2009-03-31T00:00:00,2030-12-31T23:59:59
AS_NP15,ELCRRTO_1_N023,AS_NP15,,2023-11-15T08:00:00-00:00,2031-01-01T07:59:59-00:00,2023-11-15T00:00:00,2030-12-31T23:59:59
AS_NP15,ELCRTLD1_1_N001,AS_NP15,,2009-03-31T07:00:00-00:00,2031-01-01T07:59:59-00:00,2009-03-31T00:00:00,2030-12-31T23:59:59
AS_NP15,ELCRTLD2_1_N001,AS_NP15,,2009-03-31T07:00:00-00:00,2031-01-01T07:59:59-00:00,2009-03-31T00:00:00,2030-12-31T23:59:59
AS_NP15,ELCRTLD4_1_N001,AS_NP15,,2009-03-31T07:00:00-00:00,2031-01-01T07:59:59-00:00,2009-03-31T00:00:00,2030-12-31T23:59:59
AS_NP15,ELDORU1_7_B2,AS_NP15,,2025-05-13T07:00:00-00:00,2031-01-01T07:59:59-00:00,2025-05-13T00:00:00,2030-12-31T23:59:59
AS_NP15,ELDORU1_7_N001,AS_NP15,,2009-03-31T07:00:00-00:00,2031-01-01T07:59:59-00:00,2009-03-31T00:00:00,2030-12-31T23:59:59
AS_NP15,ELDORU2_7_B2,AS_NP15,,2025-05-13T07:00:00-00:00,2031-01-01T07:59:59-00:00,2025-05-13T00:00:00,2030-12-31T23:59:59
AS_NP15,ELDORU2_7_N001,AS_NP15,,2009-03-31T07:00:00-00:00,2031-01-01T07:59:59-00:00,2009-03-31T00:00:00,2030-12-31T23:59:59
AS_NP15,ELECTRAJ_6_N009,AS_NP15,,2009-03-31T07:00:00-00:00,2031-01-01T07:59:59-00:00,2009-03-31T00:00:00,2030-12-31T23:59:59
AS_NP15,ELECTRA_2_B1,AS_NP15,,2017-08-17T07:00:00-00:00,2031-01-01T07:59:59-00:00,2017-08-17T00:00:00,2030-12-31T23:59:59
AS_NP15,ELECTRA_7_B1,AS_NP15,,2023-05-05T07:00:00-00:00,2031-01-01T07:59:59-00:00,2023-05-05T00:00:00,2030-12-31T23:59:59
AS_NP15,ELECTRA_7_B3,AS_NP15,,2023-05-05T07:00:00-00:00,2031-01-01T07:59:59-00:00,2023-05-05T00:00:00,2030-12-31T23:59:59
AS_NP15,ELECTRA_7_B4,AS_NP15,,2023-05-05T07:00:00-00:00,2031-01-01T07:59:59-00:00,2023-05-05T00:00:00,2030-12-31T23:59:59
AS_NP15,ELECTR_7_PL1X3-APND,AS_NP15,,2009-03-31T07:00:00-00:00,2031-01-01T07:59:59-00:00,2009-03-31T00:00:00,2030-12-31T23:59:59
AS_NP15,ELGNJCT_6_B1,AS_NP15,,2017-08-17T07:00:00-00:00,2031-01-01T07:59:59-00:00,2017-08-17T00:00:00,2030-12-31T23:59:59
AS_NP15,ELKCREEK_6_N001,AS_NP15,,2009-03-31T07:00:00-00:00,2031-01-01T07:59:59-00:00,2009-03-31T00:00:00,2030-12-31T23:59:59
AS_NP15,ELKCREEK_6_N003,AS_NP15,,2009-03-31T07:00:00-00:00,2031-01-01T07:59:59-00:00,2009-03-31T00:00:00,2030-12-31T23:59:59
AS_NP15,ELKCRKJT_6_B1,AS_NP15,,2017-08-17T07:00:00-00:00,2031-01-01T07:59:59-00:00,2017-08-17T00:00:00,2030-12-31T23:59:59
AS_NP15,ELKHRN_1_EESX3-APND,AS_NP15,,2021-06-17T07:00:00-00:00,2031-01-01T07:59:59-00:00,2021-06-17T00:00:00,2030-12-31T23:59:59
AS_NP15,ELKHRN_7_N001,AS_NP15,,2021-04-28T07:00:00-00:00,2031-01-01T07:59:59-00:00,2021-04-28T00:00:00,2030-12-31T23:59:59
AS_NP15,ELKHRN_7_N002,AS_NP15,,2020-12-09T08:00:00-00:00,2031-01-01T07:59:59-00:00,2020-12-09T00:00:00,2030-12-31T23:59:59
AS_NP15,ELKHRN_7_N003,AS_NP15,,2020-12-09T08:00:00-00:00,2031-01-01T07:59:59-00:00,2020-12-09T00:00:00,2030-12-31T23:59:59
AS_NP15,ELK_6_N001,AS_NP15,,2009-03-31T07:00:00-00:00,2031-01-01T07:59:59-00:00,2009-03-31T00:00:00,2030-12-31T23:59:59
AS_NP15,ELLSGTY_1_N001,AS_NP15,,2009-03-31T07:00:00-00:00,2031-01-01T07:59:59-00:00,2009-03-31T00:00:00,2030-12-31T23:59:59
AS_NP15,ELNIDBIO_6_N001,AS_NP15,,2009-03-31T07:00:00-00:00,2031-01-01T07:59:59-00:00,2009-03-31T00:00:00,2030-12-31T23:59:59
AS_NP15,ELNIDO_1_N004,AS_NP15,,2009-03-31T07:00:00-00:00,2031-01-01T07:59:59-00:00,2009-03-31T00:00:00,2030-12-31T23:59:59
AS_NP15,ELNIDO_7_N001,AS_NP15,,2024-05-15T07:00:00-00:00,2031-01-01T07:59:59-00:00,2024-05-15T00:00:00,2030-12-31T23:59:59
AS_NP15,ELNIDO_7_N002,AS_NP15,,2025-05-13T07:00:00-00:00,2031-01-01T07:59:59-00:00,2025-05-13T00:00:00,2030-12-31T23:59:59
AS_NP15,ELPATIO_1_N001,AS_NP15,,2009-03-31T07:00:00-00:00,2031-01-01T07:59:59-00:00,2009-03-31T00:00:00,2030-12-31T23:59:59
AS_NP15,ELPATIO_1_N006,AS_NP15,,2009-03-31T07:00:00-00:00,2031-01-01T07:59:59-00:00,2009-03-31T00:00:00,2030-12-31T23:59:59
AS_NP15,ELPATIO_1_N015,AS_NP15,,2009-03-31T07:00:00-00:00,2031-01-01T07:59:59-00:00,2009-03-31T00:00:00,2030-12-31T23:59:59
AS_NP15,ELPATIO_1_N029,AS_NP15,,2014-02-13T08:00:00-00:00,2031-01-01T07:59:59-00:00,2014-02-13T00:00:00,2030-12-31T23:59:59
AS_NP15,ELPECO_6_N004,AS_NP15,,2009-03-31T07:00:00-00:00,2031-01-01T07:59:59-00:00,2009-03-31T00:00:00,2030-12-31T23:59:59
AS_NP15,ELPECO_6_N005,AS_NP15,,2009-03-31T07:00:00-00:00,2031-01-01T07:59:59-00:00,2009-03-31T00:00:00,2030-12-31T23:59:59
AS_NP15,EMBRCDR_2_N001,AS_NP15,,2009-03-31T07:00:00-00:00,2031-01-01T07:59:59-00:00,2009-03-31T00:00:00,2030-12-31T23:59:59
AS_NP15,EMBRCDR_2_N008,AS_NP15,,2009-03-31T07:00:00-00:00,2031-01-01T07:59:59-00:00,2009-03-31T00:00:00,2030-12-31T23:59:59
AS_NP15,EMBRCDR_2_N101,AS_NP15,,2009-03-31T07:00:00-00:00,2031-01-01T07:59:59-00:00,2009-03-31T00:00:00,2030-12-31T23:59:59
AS_NP15,EMBRCDR_2_N104,AS_NP15,,2009-03-31T07:00:00-00:00,2031-01-01T07:59:59-00:00,2009-03-31T00:00:00,2030-12-31T23:59:59
AS_NP15,EMRLDLE_6_N001,AS_NP15,,2009-03-31T07:00:00-00:00,2031-01-01T07:59:59-00:00,2009-03-31T00:00:00,2030-12-31T23:59:59
AS_NP15,EMRYSVE_1_N001,AS_NP15,,2009-03-31T07:00:00-00:00,2031-01-01T07:59:59-00:00,2009-03-31T00:00:00,2030-12-31T23:59:59
AS_NP15,EMRYSVE_1_N003,AS_NP15,,2009-03-31T07:00:00-00:00,2031-01-01T07:59:59-00:00,2009-03-31T00:00:00,2030-12-31T23:59:59
AS_NP15,ENCINAL_6_N001,AS_NP15,,2009-03-31T07:00:00-00:00,2031-01-01T07:59:59-00:00,2009-03-31T00:00:00,2030-12-31T23:59:59
AS_NP15,ENICOLS_1_N023,AS_NP15,,2015-01-15T08:00:00-00:00,2031-01-01T07:59:59-00:00,2015-01-15T00:00:00,2030-12-31T23:59:59
AS_NP15,ERTA_6_N001,AS_NP15,,2009-03-31T07:00:00-00:00,2031-01-01T07:59:59-00:00,2009-03-31T00:00:00,2030-12-31T23:59:59
AS_NP15,ESHORE_2_B1,AS_NP15,,2017-08-17T07:00:00-00:00,2031-01-01T07:59:59-00:00,2017-08-17T00:00:00,2030-12-31T23:59:59
AS_NP15,ESQUON_6_N001,AS_NP15,,2009-03-31T07:00:00-00:00,2031-01-01T07:59:59-00:00,2009-03-31T00:00:00,2030-12-31T23:59:59
AS_NP15,ESTCKTN_6_N002,AS_NP15,,2009-03-31T07:00:00-00:00,2031-01-01T07:59:59-00:00,2009-03-31T00:00:00,2030-12-31T23:59:59
AS_NP15,ESTCKTN_6_N101,AS_NP15,,2010-08-26T07:00:00-00:00,2031-01-01T07:59:59-00:00,2010-08-26T00:00:00,2030-12-31T23:59:59
AS_NP15,ESTGRND_1_LN001,AS_NP15,,2022-09-01T07:00:00-00:00,2031-01-01T07:59:59-00:00,2022-09-01T00:00:00,2030-12-31T23:59:59
AS_NP15,ESTGRND_1_N001,AS_NP15,,2022-09-01T07:00:00-00:00,2031-01-01T07:59:59-00:00,2022-09-01T00:00:00,2030-12-31T23:59:59
AS_NP15,ESTGRND_1_N005,AS_NP15,,2022-09-01T07:00:00-00:00,2031-01-01T07:59:59-00:00,2022-09-01T00:00:00,2030-12-31T23:59:59
AS_NP15,ESTGRND_1_N009,AS_NP15,,2022-09-01T07:00:00-00:00,2031-01-01T07:59:59-00:00,2022-09-01T00:00:00,2030-12-31T23:59:59
AS_NP15,ESTPRTL_1_N001,AS_NP15,,2009-03-31T07:00:00-00:00,2031-01-01T07:59:59-00:00,2009-03-31T00:00:00,2030-12-31T23:59:59
AS_NP15,ESTQNCY_6_B1,AS_NP15,,2017-08-17T07:00:00-00:00,2031-01-01T07:59:59-00:00,2017-08-17T00:00:00,2030-12-31T23:59:59
AS_NP15,ESTQNCY_6_N001,AS_NP15,,2009-03-31T07:00:00-00:00,2031-01-01T07:59:59-00:00,2009-03-31T00:00:00,2030-12-31T23:59:59
AS_NP15,EUREKAA_6_N001,AS_NP15,,2009-03-31T07:00:00-00:00,2031-01-01T07:59:59-00:00,2009-03-31T00:00:00,2030-12-31T23:59:59
AS_NP15,EUREKA_6_N001,AS_NP15,,2016-08-18T07:00:00-00:00,2031-01-01T07:59:59-00:00,2016-08-18T00:00:00,2030-12-31T23:59:59
AS_NP15,EVRGREEN_1_N001,AS_NP15,,2009-03-31T07:00:00-00:00,2031-01-01T07:59:59-00:00,2009-03-31T00:00:00,2030-12-31T23:59:59
AS_NP15,EVRGREEN_1_N019,AS_NP15,,2009-03-31T07:00:00-00:00,2031-01-01T07:59:59-00:00,2009-03-31T00:00:00,2030-12-31T23:59:59
AS_NP15,EXCHQRTP_7_B1,AS_NP15,,2017-08-17T07:00:00-00:00,2031-01-01T07:59:59-00:00,2017-08-17T00:00:00,2030-12-31T23:59:59
AS_NP15,EXCHQUER_7_B1,AS_NP15,,2009-03-31T07:00:00-00:00,2031-01-01T07:59:59-00:00,2009-03-31T00:00:00,2030-12-31T23:59:59
AS_NP15,EXXONBH_7_B2,AS_NP15,,2010-02-24T08:00:00-00:00,2031-01-01T07:59:59-00:00,2010-02-24T00:00:00,2030-12-31T23:59:59
AS_NP15,EXXONBH_7_N001,AS_NP15,,2009-03-31T07:00:00-00:00,2031-01-01T07:59:59-00:00,2009-03-31T00:00:00,2030-12-31T23:59:59
AS_NP15,EXXONBH_7_N005,AS_NP15,,2025-05-13T07:00:00-00:00,2031-01-01T07:59:59-00:00,2025-05-13T00:00:00,2030-12-31T23:59:59
AS_NP15,FAIRHAVN_6_N001,AS_NP15,,2023-11-15T08:00:00-00:00,2031-01-01T07:59:59-00:00,2023-11-15T00:00:00,2030-12-31T23:59:59
AS_NP15,FAIRVIEW_6_N001,AS_NP15,,2017-11-16T08:00:00-00:00,2031-01-01T07:59:59-00:00,2017-11-16T00:00:00,2030-12-31T23:59:59
AS_NP15,FAIRVIEW_6_N002,AS_NP15,,2017-11-16T08:00:00-00:00,2031-01-01T07:59:59-00:00,2017-11-16T00:00:00,2030-12-31T23:59:59
AS_NP15,FAIRVIEW_7_N005,AS_NP15,,2023-07-27T07:00:00-00:00,2031-01-01T07:59:59-00:00,2023-07-27T00:00:00,2030-12-31T23:59:59
AS_NP15,FAYETTE_1_B1,AS_NP15,,2009-03-31T07:00:00-00:00,2031-01-01T07:59:59-00:00,2009-03-31T00:00:00,2030-12-31T23:59:59
AS_NP15,FBERBORD_1_N001,AS_NP15,,2025-05-13T07:00:00-00:00,2031-01-01T07:59:59-00:00,2025-05-13T00:00:00,2030-12-31T23:59:59
AS_NP15,FIGARDN_2_LN001,AS_NP15,,2011-03-30T07:00:00-00:00,2031-01-01T07:59:59-00:00,2011-03-30T00:00:00,2030-12-31T23:59:59
AS_NP15,FIGARDN_2_N001,AS_NP15,,2009-03-31T07:00:00-00:00,2031-01-01T07:59:59-00:00,2009-03-31T00:00:00,2030-12-31T23:59:59
AS_NP15,FIGARDN_2_N101,AS_NP15,,2009-03-31T07:00:00-00:00,2031-01-01T07:59:59-00:00,2009-03-31T00:00:00,2030-12-31T23:59:59
AS_NP15,FIREBAGH_6_N001,AS_NP15,,2009-03-31T07:00:00-00:00,2031-01-01T07:59:59-00:00,2009-03-31T00:00:00,2030-12-31T23:59:59
AS_NP15,FLINT_1_N001,AS_NP15,,2009-03-31T07:00:00-00:00,2031-01-01T07:59:59-00:00,2009-03-31T00:00:00,2030-12-31T23:59:59
AS_NP15,FLOWD3-6_7_N100,AS_NP15,,2025-05-13T07:00:00-00:00,2031-01-01T07:59:59-00:00,2025-05-13T00:00:00,2030-12-31T23:59:59
AS_NP15,FLOWD3-6_7_N101,AS_NP15,,2009-03-31T07:00:00-00:00,2031-01-01T07:59:59-00:00,2009-03-31T00:00:00,2030-12-31T23:59:59
AS_NP15,FLOWND1_1_N01,AS_NP15,,2009-03-31T07:00:00-00:00,2031-01-01T07:59:59-00:00,2009-03-31T00:00:00,2030-12-31T23:59:59
AS_NP15,FMC_1_N001,AS_NP15,,2022-09-01T07:00:00-00:00,2031-01-01T07:59:59-00:00,2022-09-01T00:00:00,2030-12-31T23:59:59
AS_NP15,FMC_1_N003,AS_NP15,,2022-09-01T07:00:00-00:00,2031-01-01T07:59:59-00:00,2022-09-01T00:00:00,2030-12-31T23:59:59
AS_NP15,FORBSTWN_7_B1,AS_NP15,,2025-05-13T07:00:00-00:00,2031-01-01T07:59:59-00:00,2025-05-13T00:00:00,2030-12-31T23:59:59
AS_NP15,FORKBUTT_7_B1,AS_NP15,,2025-05-13T07:00:00-00:00,2031-01-01T07:59:59-00:00,2025-05-13T00:00:00,2030-12-31T23:59:59
AS_NP15,FORSTHL_6_N001,AS_NP15,,2009-03-31T07:00:00-00:00,2031-01-01T07:59:59-00:00,2009-03-31T00:00:00,2030-12-31T23:59:59
AS_NP15,FORTORD_6_N001,AS_NP15,,2009-03-31T07:00:00-00:00,2031-01-01T07:59:59-00:00,2009-03-31T00:00:00,2030-12-31T23:59:59
AS_NP15,FORTORD_6_N025,AS_NP15,,2011-12-21T08:00:00-00:00,2031-01-01T07:59:59-00:00,2011-12-21T00:00:00,2030-12-31T23:59:59
AS_NP15,FORTRSS_6_N001,AS_NP15,,2009-03-31T07:00:00-00:00,2031-01-01T07:59:59-00:00,2009-03-31T00:00:00,2030-12-31T23:59:59
AS_NP15,FOSTERW_7_N001,AS_NP15,,2009-03-31T07:00:00-00:00,2031-01-01T07:59:59-00:00,2009-03-31T00:00:00,2030-12-31T23:59:59
AS_NP15,FOSTERW_7_N004,AS_NP15,,2025-05-13T07:00:00-00:00,2031-01-01T07:59:59-00:00,2025-05-13T00:00:00,2030-12-31T23:59:59
AS_NP15,FRANKLIN_6_N003,AS_NP15,,2009-03-31T07:00:00-00:00,2031-01-01T07:59:59-00:00,2009-03-31T00:00:00,2030-12-31T23:59:59
AS_NP15,FRANKLIN_6_N004,AS_NP15,,2009-03-31T07:00:00-00:00,2031-01-01T07:59:59-00:00,2009-03-31T00:00:00,2030-12-31T23:59:59
AS_NP15,FRBSTNTP_1_B1,AS_NP15,,2017-08-17T07:00:00-00:00,2031-01-01T07:59:59-00:00,2017-08-17T00:00:00,2030-12-31T23:59:59
AS_NP15,FRDCIR_6_N005,AS_NP15,,2024-03-20T07:00:00-00:00,2031-01-01T07:59:59-00:00,2024-03-20T00:00:00,2030-12-31T23:59:59
AS_NP15,FRDCIR_6_N007,AS_NP15,,2024-03-20T07:00:00-00:00,2031-01-01T07:59:59-00:00,2024-03-20T00:00:00,2030-12-31T23:59:59
AS_NP15,FREC_7_B1,AS_NP15,,2025-05-13T07:00:00-00:00,2031-01-01T07:59:59-00:00,2025-05-13T00:00:00,2030-12-31T23:59:59
AS_NP15,FREMNT_1_N001,AS_NP15,,2009-03-31T07:00:00-00:00,2031-01-01T07:59:59-00:00,2009-03-31T00:00:00,2030-12-31T23:59:59
AS_NP15,FREMNT_1_N007,AS_NP15,,2009-03-31T07:00:00-00:00,2031-01-01T07:59:59-00:00,2009-03-31T00:00:00,2030-12-31T23:59:59
AS_NP15,FREMNT_1_N013,AS_NP15,,2009-03-31T07:00:00-00:00,2031-01-01T07:59:59-00:00,2009-03-31T00:00:00,2030-12-31T23:59:59
AS_NP15,FRESNOWW_6_N001,AS_NP15,,2017-08-17T07:00:00-00:00,2031-01-01T07:59:59-00:00,2017-08-17T00:00:00,2030-12-31T23:59:59
AS_NP15,FRIANTDM_7_B1,AS_NP15,,2025-05-13T07:00:00-00:00,2031-01-01T07:59:59-00:00,2025-05-13T00:00:00,2030-12-31T23:59:59
AS_NP15,FRNCHCP_6_LN001,AS_NP15,,2010-08-26T07:00:00-00:00,2031-01-01T07:59:59-00:00,2010-08-26T00:00:00,2030-12-31T23:59:59
AS_NP15,FRNCHCP_6_N001,AS_NP15,,2010-08-26T07:00:00-00:00,2031-01-01T07:59:59-00:00,2010-08-26T00:00:00,2030-12-31T23:59:59
AS_NP15,FRNCHGLH_6_N001,AS_NP15,,2009-03-31T07:00:00-00:00,2031-01-01T07:59:59-00:00,2009-03-31T00:00:00,2030-12-31T23:59:59
AS_NP15,FRNCHMD_7_B1,AS_NP15,,2009-03-31T07:00:00-00:00,2031-01-01T07:59:59-00:00,2009-03-31T00:00:00,2030-12-31T23:59:59
AS_NP15,FRNCHMS_6_B1,AS_NP15,,2017-08-17T07:00:00-00:00,2031-01-01T07:59:59-00:00,2017-08-17T00:00:00,2030-12-31T23:59:59
AS_NP15,FRNCHMS_6_N005,AS_NP15,,2025-05-13T07:00:00-00:00,2031-01-01T07:59:59-00:00,2025-05-13T00:00:00,2030-12-31T23:59:59
AS_NP15,FROGTOWN_7_N001,AS_NP15,,2009-03-31T07:00:00-00:00,2031-01-01T07:59:59-00:00,2009-03-31T00:00:00,2030-12-31T23:59:59
AS_NP15,FROGTOWN_7_N004,AS_NP15,,2025-05-13T07:00:00-00:00,2031-01-01T07:59:59-00:00,2025-05-13T00:00:00,2030-12-31T23:59:59
AS_NP15,FROGTOWN_7_N005,AS_NP15,,2025-05-13T07:00:00-00:00,2031-01-01T07:59:59-00:00,2025-05-13T00:00:00,2030-12-31T23:59:59
AS_NP15,FRSHXPRS_6_B1,AS_NP15,,2009-03-31T07:00:00-00:00,2031-01-01T07:59:59-00:00,2009-03-31T00:00:00,2030-12-31T23:59:59
AS_NP15,FRSTGLEN_1_N001,AS_NP15,,2009-03-31T07:00:00-00:00,2031-01-01T07:59:59-00:00,2009-03-31T00:00:00,2030-12-31T23:59:59
AS_NP15,FRTSWRD_6_GN001,AS_NP15,,2025-05-13T07:00:00-00:00,2031-01-01T07:59:59-00:00,2025-05-13T00:00:00,2030-12-31T23:59:59
AS_NP15,FRTSWRD_6_N001,AS_NP15,,2009-03-31T07:00:00-00:00,2031-01-01T07:59:59-00:00,2009-03-31T00:00:00,2030-12-31T23:59:59
AS_NP15,FRTSWRD_6_N004,AS_NP15,,2025-05-13T07:00:00-00:00,2031-01-01T07:59:59-00:00,2025-05-13T00:00:00,2030-12-31T23:59:59
AS_NP15,FRUITLND_6_N001,AS_NP15,,2009-03-31T07:00:00-00:00,2031-01-01T07:59:59-00:00,2009-03-31T00:00:00,2030-12-31T23:59:59
AS_NP15,FRWTG1_7_N001,AS_NP15,,2025-05-13T07:00:00-00:00,2031-01-01T07:59:59-00:00,2025-05-13T00:00:00,2030-12-31T23:59:59
AS_NP15,FTBRGD1_7_N003,AS_NP15,,2013-07-18T07:00:00-00:00,2031-01-01T07:59:59-00:00,2013-07-18T00:00:00,2030-12-31T23:59:59
AS_NP15,FTBRGD2_7_N003,AS_NP15,,2013-07-18T07:00:00-00:00,2031-01-01T07:59:59-00:00,2013-07-18T00:00:00,2030-12-31T23:59:59
AS_NP15,FTCHMTN_6_N001,AS_NP15,,2009-03-31T07:00:00-00:00,2031-01-01T07:59:59-00:00,2009-03-31T00:00:00,2030-12-31T23:59:59
AS_NP15,FTCHMTN_6_N003,AS_NP15,,2009-03-31T07:00:00-00:00,2031-01-01T07:59:59-00:00,2009-03-31T00:00:00,2030-12-31T23:59:59
AS_NP15,FULTON_1_N020,AS_NP15,,2025-05-13T07:00:00-00:00,2031-01-01T07:59:59-00:00,2025-05-13T00:00:00,2030-12-31T23:59:59
AS_NP15,FULTON_2_B1,AS_NP15,,2017-08-17T07:00:00-00:00,2031-01-01T07:59:59-00:00,2017-08-17T00:00:00,2030-12-31T23:59:59
AS_NP15,FULTON_2_N010,AS_NP15,,2009-03-31T07:00:00-00:00,2031-01-01T07:59:59-00:00,2009-03-31T00:00:00,2030-12-31T23:59:59
AS_NP15,FULTON_2_N049,AS_NP15,,2009-03-31T07:00:00-00:00,2031-01-01T07:59:59-00:00,2009-03-31T00:00:00,2030-12-31T23:59:59
AS_NP15,GABILAN_6_N001,AS_NP15,,2009-03-31T07:00:00-00:00,2031-01-01T07:59:59-00:00,2009-03-31T00:00:00,2030-12-31T23:59:59
AS_NP15,GALLO_1_N009,AS_NP15,,2015-04-23T07:00:00-00:00,2031-01-01T07:59:59-00:00,2015-04-23T00:00:00,2030-12-31T23:59:59
AS_NP15,GANSNER_6_N101,AS_NP15,,2009-03-31T07:00:00-00:00,2031-01-01T07:59:59-00:00,2009-03-31T00:00:00,2030-12-31T23:59:59
AS_NP15,GARCIA_6_N001,AS_NP15,,2009-03-31T07:00:00-00:00,2031-01-01T07:59:59-00:00,2009-03-31T00:00:00,2030-12-31T23:59:59
AS_NP15,GATEWAY1_7_N001,AS_NP15,,2010-08-26T07:00:00-00:00,2031-01-01T07:59:59-00:00,2010-08-26T00:00:00,2030-12-31T23:59:59
AS_NP15,GATEWAY2_7_N001,AS_NP15,,2010-08-26T07:00:00-00:00,2031-01-01T07:59:59-00:00,2010-08-26T00:00:00,2030-12-31T23:59:59
AS_NP15,GATEWAY2_7_N002,AS_NP15,,2009-03-31T07:00:00-00:00,2031-01-01T07:59:59-00:00,2009-03-31T00:00:00,2030-12-31T23:59:59
AS_NP15,GATEWAY3_7_N001,AS_NP15,,2010-08-26T07:00:00-00:00,2031-01-01T07:59:59-00:00,2010-08-26T00:00:00,2030-12-31T23:59:59
AS_NP15,GATEWAY3_7_N002,AS_NP15,,2009-03-31T07:00:00-00:00,2031-01-01T07:59:59-00:00,2009-03-31T00:00:00,2030-12-31T23:59:59
AS_NP15,GATWAY_2_PL1X3-APND,AS_NP15,,2009-03-31T07:00:00-00:00,2031-01-01T07:59:59-00:00,2009-03-31T00:00:00,2030-12-31T23:59:59
AS_NP15,GEN_BUS_7_N003,AS_NP15,,2025-05-13T07:00:00-00:00,2031-01-01T07:59:59-00:00,2025-05-13T00:00:00,2030-12-31T23:59:59
AS_NP15,GEOENGY_7_B3,AS_NP15,,2009-03-31T07:00:00-00:00,2031-01-01T07:59:59-00:00,2009-03-31T00:00:00,2030-12-31T23:59:59
AS_NP15,GERBER_6_N101,AS_NP15,,2009-03-31T07:00:00-00:00,2031-01-01T07:59:59-00:00,2009-03-31T00:00:00,2030-12-31T23:59:59
AS_NP15,GEYERS56_1_B1,AS_NP15,,2017-08-17T07:00:00-00:00,2031-01-01T07:59:59-00:00,2017-08-17T00:00:00,2030-12-31T23:59:59
AS_NP15,GEYSER11_7_B1,AS_NP15,,2009-03-31T07:00:00-00:00,2031-01-01T07:59:59-00:00,2009-03-31T00:00:00,2030-12-31T23:59:59
AS_NP15,GEYSER12_7_B1,AS_NP15,,2009-03-31T07:00:00-00:00,2031-01-01T07:59:59-00:00,2009-03-31T00:00:00,2030-12-31T23:59:59
AS_NP15,GEYSER13_7_N001,AS_NP15,,2010-02-24T08:00:00-00:00,2031-01-01T07:59:59-00:00,2010-02-24T00:00:00,2030-12-31T23:59:59
AS_NP15,GEYSER14_7_N001,AS_NP15,,2010-02-24T08:00:00-00:00,2031-01-01T07:59:59-00:00,2010-02-24T00:00:00,2030-12-31T23:59:59
AS_NP15,GEYSER16_7_B1,AS_NP15,,2009-03-31T07:00:00-00:00,2031-01-01T07:59:59-00:00,2009-03-31T00:00:00,2030-12-31T23:59:59
AS_NP15,GEYSER17_7_B1,AS_NP15,,2009-03-31T07:00:00-00:00,2031-01-01T07:59:59-00:00,2009-03-31T00:00:00,2030-12-31T23:59:59
AS_NP15,GEYSER18_7_B1,AS_NP15,,2009-03-31T07:00:00-00:00,2031-01-01T07:59:59-00:00,2009-03-31T00:00:00,2030-12-31T23:59:59
AS_NP15,GEYSER20_7_B1,AS_NP15,,2009-03-31T07:00:00-00:00,2031-01-01T07:59:59-00:00,2009-03-31T00:00:00,2030-12-31T23:59:59
AS_NP15,GEYSER78_7_B1,AS_NP15,,2009-03-31T07:00:00-00:00,2031-01-01T07:59:59-00:00,2009-03-31T00:00:00,2030-12-31T23:59:59
AS_NP15,GEYSER78_7_B3,AS_NP15,,2009-03-31T07:00:00-00:00,2031-01-01T07:59:59-00:00,2009-03-31T00:00:00,2030-12-31T23:59:59
AS_NP15,GEYSR16_2_N006,AS_NP15,,2009-06-25T07:00:00-00:00,2031-01-01T07:59:59-00:00,2009-06-25T00:00:00,2030-12-31T23:59:59
AS_NP15,GEYSR17_2_N005,AS_NP15,,2009-06-25T07:00:00-00:00,2031-01-01T07:59:59-00:00,2009-06-25T00:00:00,2030-12-31T23:59:59
AS_NP15,GEYSR18_2_N002,AS_NP15,,2009-06-25T07:00:00-00:00,2031-01-01T07:59:59-00:00,2009-06-25T00:00:00,2030-12-31T23:59:59
AS_NP15,GEYSR20_2_N002,AS_NP15,,2009-06-25T07:00:00-00:00,2031-01-01T07:59:59-00:00,2009-06-25T00:00:00,2030-12-31T23:59:59
AS_NP15,GEYSR5-6_7_B2,AS_NP15,,2009-03-31T07:00:00-00:00,2031-01-01T07:59:59-00:00,2009-03-31T00:00:00,2030-12-31T23:59:59
AS_NP15,GEYSR5-6_7_B3,AS_NP15,,2009-03-31T07:00:00-00:00,2031-01-01T07:59:59-00:00,2009-03-31T00:00:00,2030-12-31T23:59:59
AS_NP15,GEYSR5-6_7_N001,AS_NP15,,2009-03-31T07:00:00-00:00,2031-01-01T07:59:59-00:00,2009-03-31T00:00:00,2030-12-31T23:59:59
AS_NP15,GIFFEN_6_B1,AS_NP15,,2017-08-17T07:00:00-00:00,2031-01-01T07:59:59-00:00,2017-08-17T00:00:00,2030-12-31T23:59:59
AS_NP15,GIFFEN_6_N001,AS_NP15,,2016-05-19T07:00:00-00:00,2031-01-01T07:59:59-00:00,2016-05-19T00:00:00,2030-12-31T23:59:59
AS_NP15,GIFFGEN_7_N001,AS_NP15,,2025-05-13T07:00:00-00:00,2031-01-01T07:59:59-00:00,2025-05-13T00:00:00,2030-12-31T23:59:59
AS_NP15,GIFFGEN_7_N002,AS_NP15,,2025-05-13T07:00:00-00:00,2031-01-01T07:59:59-00:00,2025-05-13T00:00:00,2030-12-31T23:59:59
AS_NP15,GILLRAN_1_LN001,AS_NP15,,2010-08-26T07:00:00-00:00,2031-01-01T07:59:59-00:00,2010-08-26T00:00:00,2030-12-31T23:59:59
AS_NP15,GILROYF_1_B1,AS_NP15,,2017-08-17T07:00:00-00:00,2031-01-01T07:59:59-00:00,2017-08-17T00:00:00,2030-12-31T23:59:59
AS_NP15,GILROYF_1_N001,AS_NP15,,2009-03-31T07:00:00-00:00,2031-01-01T07:59:59-00:00,2009-03-31T00:00:00,2030-12-31T23:59:59
AS_NP15,GILROY_1_UNIT-APND,AS_NP15,,2009-03-31T07:00:00-00:00,2031-01-01T07:59:59-00:00,2009-03-31T00:00:00,2030-12-31T23:59:59
AS_NP15,GILRPP_1_PL1X2-APND,AS_NP15,,2009-03-31T07:00:00-00:00,2031-01-01T07:59:59-00:00,2009-03-31T00:00:00,2030-12-31T23:59:59
AS_NP15,GIRVAN_6_N001,AS_NP15,,2009-03-31T07:00:00-00:00,2031-01-01T07:59:59-00:00,2009-03-31T00:00:00,2030-12-31T23:59:59
AS_NP15,GLASS_6_N001,AS_NP15,,2009-03-31T07:00:00-00:00,2031-01-01T07:59:59-00:00,2009-03-31T00:00:00,2030-12-31T23:59:59
AS_NP15,GLASS_6_N008,AS_NP15,,2024-03-20T07:00:00-00:00,2031-01-01T07:59:59-00:00,2024-03-20T00:00:00,2030-12-31T23:59:59
AS_NP15,GLDHLGNC_7_N001,AS_NP15,,2017-08-17T07:00:00-00:00,2031-01-01T07:59:59-00:00,2017-08-17T00:00:00,2030-12-31T23:59:59
AS_NP15,GLEAFTP_1_B1,AS_NP15,,2017-08-17T07:00:00-00:00,2031-01-01T07:59:59-00:00,2017-08-17T00:00:00,2030-12-31T23:59:59
AS_NP15,GLENN_6_N024,AS_NP15,,2011-08-12T07:00:00-00:00,2031-01-01T07:59:59-00:00,2011-08-12T00:00:00,2030-12-31T23:59:59
AS_NP15,GLENWOOD_6_N001,AS_NP15,,2009-03-31T07:00:00-00:00,2031-01-01T07:59:59-00:00,2009-03-31T00:00:00,2030-12-31T23:59:59
AS_NP15,GLENWOOD_6_N004,AS_NP15,,2009-03-31T07:00:00-00:00,2031-01-01T07:59:59-00:00,2009-03-31T00:00:00,2030-12-31T23:59:59
AS_NP15,GLENWOOD_6_N005,AS_NP15,,2009-03-31T07:00:00-00:00,2031-01-01T07:59:59-00:00,2009-03-31T00:00:00,2030-12-31T23:59:59
AS_NP15,GLRYCGG1_7_B2,AS_NP15,,2009-03-31T07:00:00-00:00,2031-01-01T07:59:59-00:00,2009-03-31T00:00:00,2030-12-31T23:59:59
AS_NP15,GLRYCGG1_7_N001,AS_NP15,,2009-03-31T07:00:00-00:00,2031-01-01T07:59:59-00:00,2009-03-31T00:00:00,2030-12-31T23:59:59
AS_NP15,GLRYCGS2_7_B1,AS_NP15,,2023-05-05T07:00:00-00:00,2031-01-01T07:59:59-00:00,2023-05-05T00:00:00,2030-12-31T23:59:59
AS_NP15,GNSOLAR_7_N002,AS_NP15,,2017-05-18T07:00:00-00:00,2031-01-01T07:59:59-00:00,2017-05-18T00:00:00,2030-12-31T23:59:59
AS_NP15,GOLDHILL_1_N033,AS_NP15,,2009-03-31T07:00:00-00:00,2031-01-01T07:59:59-00:00,2009-03-31T00:00:00,2030-12-31T23:59:59
AS_NP15,GONZAGA_7_CN1,AS_NP15,,2025-12-17T08:00:00-00:00,2031-01-01T07:59:59-00:00,2025-12-17T00:00:00,2030-12-31T23:59:59
AS_NP15,GONZAGA_7_N13,AS_NP15,,2025-10-15T07:00:00-00:00,2031-01-01T07:59:59-00:00,2025-10-15T00:00:00,2030-12-31T23:59:59
AS_NP15,GONZAGA_7_NWD1,AS_NP15,,2025-08-13T07:00:00-00:00,2031-01-01T07:59:59-00:00,2025-08-13T00:00:00,2030-12-31T23:59:59
AS_NP15,GONZAGA_7_NWD2,AS_NP15,,2025-08-13T07:00:00-00:00,2031-01-01T07:59:59-00:00,2025-08-13T00:00:00,2030-12-31T23:59:59
AS_NP15,GONZALES_6_N001,AS_NP15,,2009-03-31T07:00:00-00:00,2031-01-01T07:59:59-00:00,2009-03-31T00:00:00,2030-12-31T23:59:59
AS_NP15,GONZALES_6_N003,AS_NP15,,2009-03-31T07:00:00-00:00,2031-01-01T07:59:59-00:00,2009-03-31T00:00:00,2030-12-31T23:59:59
AS_NP15,GONZALES_6_N004,AS_NP15,,2025-05-13T07:00:00-00:00,2031-01-01T07:59:59-00:00,2025-05-13T00:00:00,2030-12-31T23:59:59
AS_NP15,GOOSEHGT_7_GN001,AS_NP15,,2009-06-25T07:00:00-00:00,2031-01-01T07:59:59-00:00,2009-06-25T00:00:00,2030-12-31T23:59:59
AS_NP15,GRANDIS_1_N004,AS_NP15,,2009-03-31T07:00:00-00:00,2031-01-01T07:59:59-00:00,2009-03-31T00:00:00,2030-12-31T23:59:59
AS_NP15,GRANDIS_1_N009,AS_NP15,,2009-03-31T07:00:00-00:00,2031-01-01T07:59:59-00:00,2009-03-31T00:00:00,2030-12-31T23:59:59
AS_NP15,GRANDIS_7_N001,AS_NP15,,2025-05-13T07:00:00-00:00,2031-01-01T07:59:59-00:00,2025-05-13T00:00:00,2030-12-31T23:59:59
AS_NP15,GRANITE_6_N001A,AS_NP15,,2009-03-31T07:00:00-00:00,2031-01-01T07:59:59-00:00,2009-03-31T00:00:00,2030-12-31T23:59:59
AS_NP15,GRANTRK_6_N001,AS_NP15,,2009-03-31T07:00:00-00:00,2031-01-01T07:59:59-00:00,2009-03-31T00:00:00,2030-12-31T23:59:59
AS_NP15,GRANT_1_N001,AS_NP15,,2009-03-31T07:00:00-00:00,2031-01-01T07:59:59-00:00,2009-03-31T00:00:00,2030-12-31T23:59:59
AS_NP15,GRANT_1_N005,AS_NP15,,2025-10-15T07:00:00-00:00,2031-01-01T07:59:59-00:00,2025-10-15T00:00:00,2030-12-31T23:59:59
AS_NP15,GRANT_7_N002,AS_NP15,,2025-10-15T07:00:00-00:00,2031-01-01T07:59:59-00:00,2025-10-15T00:00:00,2030-12-31T23:59:59
AS_NP15,GRBRVLLE_6_N001,AS_NP15,,2009-03-31T07:00:00-00:00,2031-01-01T07:59:59-00:00,2009-03-31T00:00:00,2030-12-31T23:59:59
AS_NP15,GRDNEAST_1_N101,AS_NP15,,2009-03-31T07:00:00-00:00,2031-01-01T07:59:59-00:00,2009-03-31T00:00:00,2030-12-31T23:59:59
AS_NP15,GRDNEAST_1_N102,AS_NP15,,2009-03-31T07:00:00-00:00,2031-01-01T07:59:59-00:00,2009-03-31T00:00:00,2030-12-31T23:59:59
AS_NP15,GRDNWEST_1_N001,AS_NP15,,2009-03-31T07:00:00-00:00,2031-01-01T07:59:59-00:00,2009-03-31T00:00:00,2030-12-31T23:59:59
AS_NP15,GREENBRE_6_N001,AS_NP15,,2009-03-31T07:00:00-00:00,2031-01-01T07:59:59-00:00,2009-03-31T00:00:00,2030-12-31T23:59:59
AS_NP15,GREENBRE_6_N003,AS_NP15,,2009-03-31T07:00:00-00:00,2031-01-01T07:59:59-00:00,2009-03-31T00:00:00,2030-12-31T23:59:59
AS_NP15,GREGG_2_B1,AS_NP15,,2017-08-17T07:00:00-00:00,2031-01-01T07:59:59-00:00,2017-08-17T00:00:00,2030-12-31T23:59:59
AS_NP15,GRIDLEY_6_N001,AS_NP15,,2009-03-31T07:00:00-00:00,2031-01-01T07:59:59-00:00,2009-03-31T00:00:00,2030-12-31T23:59:59
AS_NP15,GRIDLEY_6_N004,AS_NP15,,2025-05-13T07:00:00-00:00,2031-01-01T07:59:59-00:00,2025-05-13T00:00:00,2030-12-31T23:59:59
AS_NP15,GRIZZLY1_1_B1,AS_NP15,,2017-08-17T07:00:00-00:00,2031-01-01T07:59:59-00:00,2017-08-17T00:00:00,2030-12-31T23:59:59
AS_NP15,GRIZZLYG_7_B1,AS_NP15,,2009-03-31T07:00:00-00:00,2031-01-01T07:59:59-00:00,2009-03-31T00:00:00,2030-12-31T23:59:59
AS_NP15,GRIZZLY_7_N001,AS_NP15,,2009-03-31T07:00:00-00:00,2031-01-01T07:59:59-00:00,2009-03-31T00:00:00,2030-12-31T23:59:59
AS_NP15,GRIZZLY_7_N101,AS_NP15,,2025-05-13T07:00:00-00:00,2031-01-01T07:59:59-00:00,2025-05-13T00:00:00,2030-12-31T23:59:59
AS_NP15,GRNLEAF1_1_N001,AS_NP15,,2021-08-25T07:00:00-00:00,2031-01-01T07:59:59-00:00,2021-08-25T00:00:00,2030-12-31T23:59:59
AS_NP15,GRNLEAF1_1_N002,AS_NP15,,2021-08-25T07:00:00-00:00,2031-01-01T07:59:59-00:00,2021-08-25T00:00:00,2030-12-31T23:59:59
AS_NP15,GRNLEAF2_7_N001,AS_NP15,,2010-02-24T08:00:00-00:00,2031-01-01T07:59:59-00:00,2010-02-24T00:00:00,2030-12-31T23:59:59
AS_NP15,GRNTVRNL_1_LN001,AS_NP15,,2010-06-17T07:00:00-00:00,2031-01-01T07:59:59-00:00,2010-06-17T00:00:00,2030-12-31T23:59:59
AS_NP15,GRNVALY_1_N001,AS_NP15,,2021-02-04T08:00:00-00:00,2031-01-01T07:59:59-00:00,2021-02-04T00:00:00,2030-12-31T23:59:59
AS_NP15,GRNVALY_1_N011,AS_NP15,,2021-02-04T08:00:00-00:00,2031-01-01T07:59:59-00:00,2021-02-04T00:00:00,2030-12-31T23:59:59
AS_NP15,GRNVALY_1_N025,AS_NP15,,2025-05-13T07:00:00-00:00,2031-01-01T07:59:59-00:00,2025-05-13T00:00:00,2030-12-31T23:59:59
AS_NP15,GRNVALY_1_N035,AS_NP15,,2017-08-17T07:00:00-00:00,2031-01-01T07:59:59-00:00,2017-08-17T00:00:00,2030-12-31T23:59:59
AS_NP15,GRONMYER_6_N001,AS_NP15,,2009-03-31T07:00:00-00:00,2031-01-01T07:59:59-00:00,2009-03-31T00:00:00,2030-12-31T23:59:59
AS_NP15,GROUSCRK_6_N001,AS_NP15,,2009-03-31T07:00:00-00:00,2031-01-01T07:59:59-00:00,2009-03-31T00:00:00,2030-12-31T23:59:59
AS_NP15,GROUSCRK_6_N002,AS_NP15,,2025-05-13T07:00:00-00:00,2031-01-01T07:59:59-00:00,2025-05-13T00:00:00,2030-12-31T23:59:59
AS_NP15,GROYPKR1_7_B1,AS_NP15,,2023-05-05T07:00:00-00:00,2031-01-01T07:59:59-00:00,2023-05-05T00:00:00,2030-12-31T23:59:59
AS_NP15,GROYPKR2_7_B1,AS_NP15,,2023-05-05T07:00:00-00:00,2031-01-01T07:59:59-00:00,2023-05-05T00:00:00,2030-12-31T23:59:59
AS_NP15,GROYPKR3_7_B1,AS_NP15,,2009-03-31T07:00:00-00:00,2031-01-01T07:59:59-00:00,2009-03-31T00:00:00,2030-12-31T23:59:59
AS_NP15,GROYPKR_1_N005,AS_NP15,,2009-06-25T07:00:00-00:00,2031-01-01T07:59:59-00:00,2009-06-25T00:00:00,2030-12-31T23:59:59
AS_NP15,GRSSVLY_6_N101,AS_NP15,,2009-03-31T07:00:00-00:00,2031-01-01T07:59:59-00:00,2009-03-31T00:00:00,2030-12-31T23:59:59
AS_NP15,GRYSFLT_6_N001,AS_NP15,,2009-03-31T07:00:00-00:00,2031-01-01T07:59:59-00:00,2009-03-31T00:00:00,2030-12-31T23:59:59
AS_NP15,GUALALA_6_N001,AS_NP15,,2025-08-13T07:00:00-00:00,2031-01-01T07:59:59-00:00,2025-08-13T00:00:00,2030-12-31T23:59:59
AS_NP15,GUALALA_6_N003,AS_NP15,,2009-03-31T07:00:00-00:00,2031-01-01T07:59:59-00:00,2009-03-31T00:00:00,2030-12-31T23:59:59
AS_NP15,GUERNSEY_6_N007,AS_NP15,,2025-05-13T07:00:00-00:00,2031-01-01T07:59:59-00:00,2025-05-13T00:00:00,2030-12-31T23:59:59
AS_NP15,GUERSEY_7_B1,AS_NP15,,2015-10-22T07:00:00-00:00,2031-01-01T07:59:59-00:00,2015-10-22T00:00:00,2030-12-31T23:59:59
AS_NP15,GUERSEY_7_N001,AS_NP15,,2025-05-13T07:00:00-00:00,2031-01-01T07:59:59-00:00,2025-05-13T00:00:00,2030-12-31T23:59:59
AS_NP15,GUERSEY_7_N003,AS_NP15,,2025-05-13T07:00:00-00:00,2031-01-01T07:59:59-00:00,2025-05-13T00:00:00,2030-12-31T23:59:59
AS_NP15,GUSTINE_6_N001,AS_NP15,,2009-03-31T07:00:00-00:00,2031-01-01T07:59:59-00:00,2009-03-31T00:00:00,2030-12-31T23:59:59
AS_NP15,GUSTINE_6_N002,AS_NP15,,2009-03-31T07:00:00-00:00,2031-01-01T07:59:59-00:00,2009-03-31T00:00:00,2030-12-31T23:59:59
AS_NP15,GWFCT1_7_B1,AS_NP15,,2023-05-05T07:00:00-00:00,2031-01-01T07:59:59-00:00,2023-05-05T00:00:00,2030-12-31T23:59:59
AS_NP15,GWFCT2_7_B1,AS_NP15,,2023-05-05T07:00:00-00:00,2031-01-01T07:59:59-00:00,2023-05-05T00:00:00,2030-12-31T23:59:59
AS_NP15,GWFGT1_7_B1,AS_NP15,,2023-05-05T07:00:00-00:00,2031-01-01T07:59:59-00:00,2023-05-05T00:00:00,2030-12-31T23:59:59
AS_NP15,GWFGT1_7_N003,AS_NP15,,2025-05-13T07:00:00-00:00,2031-01-01T07:59:59-00:00,2025-05-13T00:00:00,2030-12-31T23:59:59
AS_NP15,GWFGT2_7_B1,AS_NP15,,2009-03-31T07:00:00-00:00,2031-01-01T07:59:59-00:00,2009-03-31T00:00:00,2030-12-31T23:59:59
AS_NP15,GWFTRCY1_7_B1,AS_NP15,,2009-03-31T07:00:00-00:00,2031-01-01T07:59:59-00:00,2009-03-31T00:00:00,2030-12-31T23:59:59
AS_NP15,GWFTRCY2_7_B1,AS_NP15,,2009-03-31T07:00:00-00:00,2031-01-01T07:59:59-00:00,2009-03-31T00:00:00,2030-12-31T23:59:59
AS_NP15,GWFTRCY3_7_B1,AS_NP15,,2011-12-21T08:00:00-00:00,2031-01-01T07:59:59-00:00,2011-12-21T00:00:00,2030-12-31T23:59:59
AS_NP15,GYS5X6_7_UNITS-APND,AS_NP15,,2009-03-31T07:00:00-00:00,2031-01-01T07:59:59-00:00,2009-03-31T00:00:00,2030-12-31T23:59:59
AS_NP15,GYS7X8_7_UNITS-APND,AS_NP15,,2009-03-31T07:00:00-00:00,2031-01-01T07:59:59-00:00,2009-03-31T00:00:00,2030-12-31T23:59:59
AS_NP15,GYSR78TP_1_N005,AS_NP15,,2009-06-25T07:00:00-00:00,2031-01-01T07:59:59-00:00,2009-06-25T00:00:00,2030-12-31T23:59:59
AS_NP15,GYSRVLLE_6_N001,AS_NP15,,2009-03-31T07:00:00-00:00,2031-01-01T07:59:59-00:00,2009-03-31T00:00:00,2030-12-31T23:59:59
AS_NP15,GYSRVLLE_6_N003,AS_NP15,,2009-03-31T07:00:00-00:00,2031-01-01T07:59:59-00:00,2009-03-31T00:00:00,2030-12-31T23:59:59
AS_NP15,GYSRVLLE_6_N005,AS_NP15,,2009-03-31T07:00:00-00:00,2031-01-01T07:59:59-00:00,2009-03-31T00:00:00,2030-12-31T23:59:59
AS_NP15,HAASPH_7_PL1X2-APND,AS_NP15,,2009-03-31T07:00:00-00:00,2031-01-01T07:59:59-00:00,2009-03-31T00:00:00,2030-12-31T23:59:59
AS_NP15,HAAS_2_B1,AS_NP15,,2017-08-17T07:00:00-00:00,2031-01-01T07:59:59-00:00,2017-08-17T00:00:00,2030-12-31T23:59:59
AS_NP15,HAAS_7_B1,AS_NP15,,2009-03-31T07:00:00-00:00,2031-01-01T07:59:59-00:00,2009-03-31T00:00:00,2030-12-31T23:59:59
AS_NP15,HAAS_7_B11,AS_NP15,,2009-03-31T07:00:00-00:00,2031-01-01T07:59:59-00:00,2009-03-31T00:00:00,2030-12-31T23:59:59
AS_NP15,HAAS_7_N002,AS_NP15,,2009-09-10T07:00:00-00:00,2031-01-01T07:59:59-00:00,2009-09-10T00:00:00,2030-12-31T23:59:59
AS_NP15,HALEJ1_1_LN001,AS_NP15,,2009-12-17T08:00:00-00:00,2031-01-01T07:59:59-00:00,2009-12-17T00:00:00,2030-12-31T23:59:59
AS_NP15,HALEJ2_1_LN001,AS_NP15,,2009-12-17T08:00:00-00:00,2031-01-01T07:59:59-00:00,2009-12-17T00:00:00,2030-12-31T23:59:59
AS_NP15,HALLSFLT_6_N001,AS_NP15,,2009-03-31T07:00:00-00:00,2031-01-01T07:59:59-00:00,2009-03-31T00:00:00,2030-12-31T23:59:59
AS_NP15,HALSEYF_7_B1,AS_NP15,,2025-05-13T07:00:00-00:00,2031-01-01T07:59:59-00:00,2025-05-13T00:00:00,2030-12-31T23:59:59
AS_NP15,HALSEYF_7_N001,AS_NP15,,2009-03-31T07:00:00-00:00,2031-01-01T07:59:59-00:00,2009-03-31T00:00:00,2030-12-31T23:59:59
AS_NP15,HAMILBR_7_N001,AS_NP15,,2009-03-31T07:00:00-00:00,2031-01-01T07:59:59-00:00,2009-03-31T00:00:00,2030-12-31T23:59:59
AS_NP15,HAMILBR_7_N002,AS_NP15,,2023-05-05T07:00:00-00:00,2031-01-01T07:59:59-00:00,2023-05-05T00:00:00,2030-12-31T23:59:59
AS_NP15,HAMILTON_6_N001,AS_NP15,,2009-03-31T07:00:00-00:00,2031-01-01T07:59:59-00:00,2009-03-31T00:00:00,2030-12-31T23:59:59
AS_NP15,HAMMER_6_N001,AS_NP15,,2009-03-31T07:00:00-00:00,2031-01-01T07:59:59-00:00,2009-03-31T00:00:00,2030-12-31T23:59:59
AS_NP15,HAMMER_6_N003,AS_NP15,,2009-03-31T07:00:00-00:00,2031-01-01T07:59:59-00:00,2009-03-31T00:00:00,2030-12-31T23:59:59
AS_NP15,HAMMER_6_N004,AS_NP15,,2009-03-31T07:00:00-00:00,2031-01-01T07:59:59-00:00,2009-03-31T00:00:00,2030-12-31T23:59:59
AS_NP15,HAMMONDS_1_N001,AS_NP15,,2009-03-31T07:00:00-00:00,2031-01-01T07:59:59-00:00,2009-03-31T00:00:00,2030-12-31T23:59:59
AS_NP15,HARDING_6_N001,AS_NP15,,2026-02-11T08:00:00-00:00,2031-01-01T07:59:59-00:00,2026-02-11T00:00:00,2030-12-31T23:59:59
AS_NP15,HARDING_6_N004,AS_NP15,,2026-02-11T08:00:00-00:00,2031-01-01T07:59:59-00:00,2026-02-11T00:00:00,2030-12-31T23:59:59
AS_NP15,HARDWICK_6_N001,AS_NP15,,2020-04-22T07:00:00-00:00,2031-01-01T07:59:59-00:00,2020-04-22T00:00:00,2030-12-31T23:59:59
AS_NP15,HARRIS_6_N001,AS_NP15,,2009-03-31T07:00:00-00:00,2031-01-01T07:59:59-00:00,2009-03-31T00:00:00,2030-12-31T23:59:59
AS_NP15,HARRIS_6_N003,AS_NP15,,2009-03-31T07:00:00-00:00,2031-01-01T07:59:59-00:00,2009-03-31T00:00:00,2030-12-31T23:59:59
AS_NP15,HARTERTP_6_B1,AS_NP15,,2017-08-17T07:00:00-00:00,2031-01-01T07:59:59-00:00,2017-08-17T00:00:00,2030-12-31T23:59:59
AS_NP15,HARTER_6_N001,AS_NP15,,2009-03-31T07:00:00-00:00,2031-01-01T07:59:59-00:00,2009-03-31T00:00:00,2030-12-31T23:59:59
AS_NP15,HARTER_6_N003,AS_NP15,,2009-03-31T07:00:00-00:00,2031-01-01T07:59:59-00:00,2009-03-31T00:00:00,2030-12-31T23:59:59
AS_NP15,HARTLEY_6_N001,AS_NP15,,2009-03-31T07:00:00-00:00,2031-01-01T07:59:59-00:00,2009-03-31T00:00:00,2030-12-31T23:59:59
AS_NP15,HARTLEY_6_N004,AS_NP15,,2009-03-31T07:00:00-00:00,2031-01-01T07:59:59-00:00,2009-03-31T00:00:00,2030-12-31T23:59:59
AS_NP15,HATCRK1_6_B1,AS_NP15,,2017-08-17T07:00:00-00:00,2031-01-01T07:59:59-00:00,2017-08-17T00:00:00,2030-12-31T23:59:59
AS_NP15,HATCRK1_6_N001,AS_NP15,,2009-03-31T07:00:00-00:00,2031-01-01T07:59:59-00:00,2009-03-31T00:00:00,2030-12-31T23:59:59
AS_NP15,HATCRK1_7_B1,AS_NP15,,2023-05-05T07:00:00-00:00,2031-01-01T07:59:59-00:00,2023-05-05T00:00:00,2030-12-31T23:59:59
AS_NP15,HATCRK2_6_B1,AS_NP15,,2017-08-17T07:00:00-00:00,2031-01-01T07:59:59-00:00,2017-08-17T00:00:00,2030-12-31T23:59:59
AS_NP15,HATCRK2_7_B1,AS_NP15,,2023-05-05T07:00:00-00:00,2031-01-01T07:59:59-00:00,2023-05-05T00:00:00,2030-12-31T23:59:59
AS_NP15,HATLOSCK_6_GN001,AS_NP15,,2025-05-13T07:00:00-00:00,2031-01-01T07:59:59-00:00,2025-05-13T00:00:00,2030-12-31T23:59:59
AS_NP15,HATLOSCK_6_N001,AS_NP15,,2009-03-31T07:00:00-00:00,2031-01-01T07:59:59-00:00,2009-03-31T00:00:00,2030-12-31T23:59:59
AS_NP15,HATLOSCK_6_N011,AS_NP15,,2025-05-13T07:00:00-00:00,2031-01-01T07:59:59-00:00,2025-05-13T00:00:00,2030-12-31T23:59:59
AS_NP15,HATTON_6_N001,AS_NP15,,2009-03-31T07:00:00-00:00,2031-01-01T07:59:59-00:00,2009-03-31T00:00:00,2030-12-31T23:59:59
AS_NP15,HAYFORK_6_N001,AS_NP15,,2009-03-31T07:00:00-00:00,2031-01-01T07:59:59-00:00,2009-03-31T00:00:00,2030-12-31T23:59:59
AS_NP15,HAYPRESS_6_N002,AS_NP15,,2025-05-13T07:00:00-00:00,2031-01-01T07:59:59-00:00,2025-05-13T00:00:00,2030-12-31T23:59:59
AS_NP15,HAYPRESS_6_N003,AS_NP15,,2025-05-13T07:00:00-00:00,2031-01-01T07:59:59-00:00,2025-05-13T00:00:00,2030-12-31T23:59:59
AS_NP15,HAYPRES_7_B1,AS_NP15,,2009-03-31T07:00:00-00:00,2031-01-01T07:59:59-00:00,2009-03-31T00:00:00,2030-12-31T23:59:59
AS_NP15,HEADGATE_6_N001,AS_NP15,,2009-03-31T07:00:00-00:00,2031-01-01T07:59:59-00:00,2009-03-31T00:00:00,2030-12-31T23:59:59
AS_NP15,HELDSBRG_6_N001,AS_NP15,,2020-06-04T07:00:00-00:00,2031-01-01T07:59:59-00:00,2020-06-04T00:00:00,2030-12-31T23:59:59
AS_NP15,HELDSBRG_6_N009,AS_NP15,,2020-06-04T07:00:00-00:00,2031-01-01T07:59:59-00:00,2020-06-04T00:00:00,2030-12-31T23:59:59
AS_NP15,HELMS1_7_B1,AS_NP15,,2009-03-31T07:00:00-00:00,2031-01-01T07:59:59-00:00,2009-03-31T00:00:00,2030-12-31T23:59:59
AS_NP15,HELMS2_7_B1,AS_NP15,,2009-03-31T07:00:00-00:00,2031-01-01T07:59:59-00:00,2009-03-31T00:00:00,2030-12-31T23:59:59
AS_NP15,HELMS3_7_B1,AS_NP15,,2009-03-31T07:00:00-00:00,2031-01-01T07:59:59-00:00,2009-03-31T00:00:00,2030-12-31T23:59:59
AS_NP15,HENRITTA_6_LN001,AS_NP15,,2015-10-22T07:00:00-00:00,2031-01-01T07:59:59-00:00,2015-10-22T00:00:00,2030-12-31T23:59:59
AS_NP15,HENRITTA_6_N101,AS_NP15,,2025-04-16T07:00:00-00:00,2031-01-01T07:59:59-00:00,2025-04-16T00:00:00,2030-12-31T23:59:59
AS_NP15,HENRTGEN_7_N001,AS_NP15,,2017-08-17T07:00:00-00:00,2031-01-01T07:59:59-00:00,2017-08-17T00:00:00,2030-12-31T23:59:59
AS_NP15,HERDLYN_6_N001,AS_NP15,,2026-02-11T08:00:00-00:00,2031-01-01T07:59:59-00:00,2026-02-11T00:00:00,2030-12-31T23:59:59
AS_NP15,HERDLYN_6_N007,AS_NP15,,2009-03-31T07:00:00-00:00,2031-01-01T07:59:59-00:00,2009-03-31T00:00:00,2030-12-31T23:59:59
AS_NP15,HERDLYN_7_N001,AS_NP15,,2025-05-13T07:00:00-00:00,2031-01-01T07:59:59-00:00,2025-05-13T00:00:00,2030-12-31T23:59:59
AS_NP15,HICKS_2_N001,AS_NP15,,2017-05-18T07:00:00-00:00,2031-01-01T07:59:59-00:00,2017-05-18T00:00:00,2030-12-31T23:59:59
AS_NP15,HICKS_2_N002,AS_NP15,,2017-05-18T07:00:00-00:00,2031-01-01T07:59:59-00:00,2017-05-18T00:00:00,2030-12-31T23:59:59
AS_NP15,HICKS_2_N007,AS_NP15,,2017-05-18T07:00:00-00:00,2031-01-01T07:59:59-00:00,2017-05-18T00:00:00,2030-12-31T23:59:59
AS_NP15,HICKS_2_N012,AS_NP15,,2009-03-31T07:00:00-00:00,2031-01-01T07:59:59-00:00,2009-03-31T00:00:00,2030-12-31T23:59:59
AS_NP15,HICKS_2_N013,AS_NP15,,2017-05-18T07:00:00-00:00,2031-01-01T07:59:59-00:00,2017-05-18T00:00:00,2030-12-31T23:59:59
AS_NP15,HIGGINS_1_GN001,AS_NP15,,2025-05-13T07:00:00-00:00,2031-01-01T07:59:59-00:00,2025-05-13T00:00:00,2030-12-31T23:59:59
AS_NP15,HIGGINS_1_N001,AS_NP15,,2009-03-31T07:00:00-00:00,2031-01-01T07:59:59-00:00,2009-03-31T00:00:00,2030-12-31T23:59:59
AS_NP15,HIGGINS_1_N002,AS_NP15,,2009-03-31T07:00:00-00:00,2031-01-01T07:59:59-00:00,2009-03-31T00:00:00,2030-12-31T23:59:59
AS_NP15,HIGGINS_1_N004,AS_NP15,,2009-03-31T07:00:00-00:00,2031-01-01T07:59:59-00:00,2009-03-31T00:00:00,2030-12-31T23:59:59
AS_NP15,HIGGINS_1_N007,AS_NP15,,2009-03-31T07:00:00-00:00,2031-01-01T07:59:59-00:00,2009-03-31T00:00:00,2030-12-31T23:59:59
AS_NP15,HIGHLD_1_N001,AS_NP15,,2009-03-31T07:00:00-00:00,2031-01-01T07:59:59-00:00,2009-03-31T00:00:00,2030-12-31T23:59:59
AS_NP15,HIGHLD_1_N004,AS_NP15,,2025-05-13T07:00:00-00:00,2031-01-01T07:59:59-00:00,2025-05-13T00:00:00,2030-12-31T23:59:59
AS_NP15,HIGHLD_1_N005,AS_NP15,,2009-03-31T07:00:00-00:00,2031-01-01T07:59:59-00:00,2009-03-31T00:00:00,2030-12-31T23:59:59
AS_NP15,HIGHWAY_1_N001,AS_NP15,,2009-03-31T07:00:00-00:00,2031-01-01T07:59:59-00:00,2009-03-31T00:00:00,2030-12-31T23:59:59
AS_NP15,HIGHWAY_1_N002,AS_NP15,,2009-03-31T07:00:00-00:00,2031-01-01T07:59:59-00:00,2009-03-31T00:00:00,2030-12-31T23:59:59
AS_NP15,HIGHWAY_1_N003,AS_NP15,,2009-03-31T07:00:00-00:00,2031-01-01T07:59:59-00:00,2009-03-31T00:00:00,2030-12-31T23:59:59
AS_NP15,HIGHWND3_7_GN001,AS_NP15,,2025-05-13T07:00:00-00:00,2031-01-01T07:59:59-00:00,2025-05-13T00:00:00,2030-12-31T23:59:59
AS_NP15,HIGHWNDS_7_B1,AS_NP15,,2025-05-13T07:00:00-00:00,2031-01-01T07:59:59-00:00,2025-05-13T00:00:00,2030-12-31T23:59:59
AS_NP15,HILLSDLE_6_N001,AS_NP15,,2009-03-31T07:00:00-00:00,2031-01-01T07:59:59-00:00,2009-03-31T00:00:00,2030-12-31T23:59:59
AS_NP15,HILLSIDE_1_N001,AS_NP15,,2009-03-31T07:00:00-00:00,2031-01-01T07:59:59-00:00,2009-03-31T00:00:00,2030-12-31T23:59:59
AS_NP15,HILLSIDE_1_N004,AS_NP15,,2009-03-31T07:00:00-00:00,2031-01-01T07:59:59-00:00,2009-03-31T00:00:00,2030-12-31T23:59:59
AS_NP15,HLFMNBY_6_N002,AS_NP15,,2009-03-31T07:00:00-00:00,2031-01-01T07:59:59-00:00,2009-03-31T00:00:00,2030-12-31T23:59:59
AS_NP15,HLFMNBY_6_N004,AS_NP15,,2009-03-31T07:00:00-00:00,2031-01-01T07:59:59-00:00,2009-03-31T00:00:00,2030-12-31T23:59:59
AS_NP15,HLFMNBY_6_N101,AS_NP15,,2009-03-31T07:00:00-00:00,2031-01-01T07:59:59-00:00,2009-03-31T00:00:00,2030-12-31T23:59:59
AS_NP15,HMBBT1_7_N001,AS_NP15,,2025-05-13T07:00:00-00:00,2031-01-01T07:59:59-00:00,2025-05-13T00:00:00,2030-12-31T23:59:59
AS_NP15,HMBLDTB_1_N08,AS_NP15,,2009-03-31T07:00:00-00:00,2031-01-01T07:59:59-00:00,2009-03-31T00:00:00,2030-12-31T23:59:59
AS_NP15,HMBLTBY_6_N003,AS_NP15,,2014-02-13T08:00:00-00:00,2031-01-01T07:59:59-00:00,2014-02-13T00:00:00,2030-12-31T23:59:59
AS_NP15,HMBUNIT1_7_GN010,AS_NP15,,2022-04-27T07:00:00-00:00,2031-01-01T07:59:59-00:00,2022-04-27T00:00:00,2030-12-31T23:59:59
AS_NP15,HMBUNIT2_7_GN010,AS_NP15,,2022-04-27T07:00:00-00:00,2031-01-01T07:59:59-00:00,2022-04-27T00:00:00,2030-12-31T23:59:59
AS_NP15,HMBUNIT3_7_GN010,AS_NP15,,2023-05-05T07:00:00-00:00,2031-01-01T07:59:59-00:00,2023-05-05T00:00:00,2030-12-31T23:59:59
AS_NP15,HNTRSPT_1_LN001,AS_NP15,,2009-09-10T07:00:00-00:00,2031-01-01T07:59:59-00:00,2009-09-10T00:00:00,2030-12-31T23:59:59
AS_NP15,HNTRSPT_1_LN002,AS_NP15,,2009-09-10T07:00:00-00:00,2031-01-01T07:59:59-00:00,2009-09-10T00:00:00,2030-12-31T23:59:59
AS_NP15,HOLLISTR_1_N001,AS_NP15,,2013-11-21T08:00:00-00:00,2031-01-01T07:59:59-00:00,2013-11-21T00:00:00,2030-12-31T23:59:59
AS_NP15,HOLLISTR_1_N004,AS_NP15,,2009-03-31T07:00:00-00:00,2031-01-01T07:59:59-00:00,2009-03-31T00:00:00,2030-12-31T23:59:59
AS_NP15,HOLLISTR_1_N101,AS_NP15,,2013-11-21T08:00:00-00:00,2031-01-01T07:59:59-00:00,2013-11-21T00:00:00,2030-12-31T23:59:59
AS_NP15,HOLLISTR_7_N001,AS_NP15,,2025-05-13T07:00:00-00:00,2031-01-01T07:59:59-00:00,2025-05-13T00:00:00,2030-12-31T23:59:59
AS_NP15,HOLLISTR_7_N004,AS_NP15,,2025-05-13T07:00:00-00:00,2031-01-01T07:59:59-00:00,2025-05-13T00:00:00,2030-12-31T23:59:59
AS_NP15,HOLM1_7_B1,AS_NP15,,2019-05-23T07:00:00-00:00,2031-01-01T07:59:59-00:00,2019-05-23T00:00:00,2030-12-31T23:59:59
AS_NP15,HOLM2_7_B1,AS_NP15,,2019-05-23T07:00:00-00:00,2031-01-01T07:59:59-00:00,2019-05-23T00:00:00,2030-12-31T23:59:59
AS_NP15,HOMEGRND_1_N001,AS_NP15,,2009-03-31T07:00:00-00:00,2031-01-01T07:59:59-00:00,2009-03-31T00:00:00,2030-12-31T23:59:59
AS_NP15,HOMEPROC_1_N001,AS_NP15,,2009-03-31T07:00:00-00:00,2031-01-01T07:59:59-00:00,2009-03-31T00:00:00,2030-12-31T23:59:59
AS_NP15,HOMESTEA_6_N001,AS_NP15,,2017-02-16T08:00:00-00:00,2031-01-01T07:59:59-00:00,2017-02-16T00:00:00,2030-12-31T23:59:59
AS_NP15,HOMESTEA_6_N002,AS_NP15,,2017-02-16T08:00:00-00:00,2031-01-01T07:59:59-00:00,2017-02-16T00:00:00,2030-12-31T23:59:59
AS_NP15,HONCUT_1_N001,AS_NP15,,2009-03-31T07:00:00-00:00,2031-01-01T07:59:59-00:00,2009-03-31T00:00:00,2030-12-31T23:59:59
AS_NP15,HOOPA_6_N001,AS_NP15,,2009-03-31T07:00:00-00:00,2031-01-01T07:59:59-00:00,2009-03-31T00:00:00,2030-12-31T23:59:59
AS_NP15,HORSESHE_1_N001,AS_NP15,,2009-03-31T07:00:00-00:00,2031-01-01T07:59:59-00:00,2009-03-31T00:00:00,2030-12-31T23:59:59
AS_NP15,HORSESHE_1_N002,AS_NP15,,2009-03-31T07:00:00-00:00,2031-01-01T07:59:59-00:00,2009-03-31T00:00:00,2030-12-31T23:59:59
AS_NP15,HPLNDJT_6_N001,AS_NP15,,2009-03-31T07:00:00-00:00,2031-01-01T07:59:59-00:00,2009-03-31T00:00:00,2030-12-31T23:59:59
AS_NP15,HRIDGEGT_6_GN001,AS_NP15,,2010-04-22T07:00:00-00:00,2031-01-01T07:59:59-00:00,2010-04-22T00:00:00,2030-12-31T23:59:59
AS_NP15,HUMBOLDT_1_B1,AS_NP15,,2017-08-17T07:00:00-00:00,2031-01-01T07:59:59-00:00,2017-08-17T00:00:00,2030-12-31T23:59:59
AS_NP15,HUMBOLDT_6_B1,AS_NP15,,2015-04-23T07:00:00-00:00,2031-01-01T07:59:59-00:00,2015-04-23T00:00:00,2030-12-31T23:59:59
AS_NP15,HUMBPP_6_UNITS-APND,AS_NP15,,2015-03-28T07:00:00-00:00,2031-01-01T07:59:59-00:00,2015-03-28T00:00:00,2030-12-31T23:59:59
AS_NP15,HYATT1_7_B1,AS_NP15,,2009-03-31T07:00:00-00:00,2031-01-01T07:59:59-00:00,2009-03-31T00:00:00,2030-12-31T23:59:59
AS_NP15,HYATT2_7_B1,AS_NP15,,2009-03-31T07:00:00-00:00,2031-01-01T07:59:59-00:00,2009-03-31T00:00:00,2030-12-31T23:59:59
AS_NP15,HYATT3_7_B1,AS_NP15,,2009-03-31T07:00:00-00:00,2031-01-01T07:59:59-00:00,2009-03-31T00:00:00,2030-12-31T23:59:59
AS_NP15,HYATT4_7_B1,AS_NP15,,2009-03-31T07:00:00-00:00,2031-01-01T07:59:59-00:00,2009-03-31T00:00:00,2030-12-31T23:59:59
AS_NP15,HYATT5_7_B1,AS_NP15,,2009-03-31T07:00:00-00:00,2031-01-01T07:59:59-00:00,2009-03-31T00:00:00,2030-12-31T23:59:59
AS_NP15,HYATT6_7_B1,AS_NP15,,2009-03-31T07:00:00-00:00,2031-01-01T07:59:59-00:00,2009-03-31T00:00:00,2030-12-31T23:59:59
AS_NP15,HYATT_2_N212,AS_NP15,,2009-03-31T07:00:00-00:00,2031-01-01T07:59:59-00:00,2009-03-31T00:00:00,2030-12-31T23:59:59
AS_NP15,HYMPOMJT_6_N005,AS_NP15,,2009-03-31T07:00:00-00:00,2031-01-01T07:59:59-00:00,2009-03-31T00:00:00,2030-12-31T23:59:59
AS_NP15,HYTTHM_2_UNITS-APND,AS_NP15,,2009-03-31T07:00:00-00:00,2031-01-01T07:59:59-00:00,2009-03-31T00:00:00,2030-12-31T23:59:59
AS_NP15,IBM-CTLE_1_N001,AS_NP15,,2009-03-31T07:00:00-00:00,2031-01-01T07:59:59-00:00,2009-03-31T00:00:00,2030-12-31T23:59:59
AS_NP15,IBM-HRRS_1_N001,AS_NP15,,2009-03-31T07:00:00-00:00,2031-01-01T07:59:59-00:00,2009-03-31T00:00:00,2030-12-31T23:59:59
AS_NP15,IBM-HRRS_1_N101,AS_NP15,,2009-03-31T07:00:00-00:00,2031-01-01T07:59:59-00:00,2009-03-31T00:00:00,2030-12-31T23:59:59
AS_NP15,IBMCTLE_1_GN001,AS_NP15,,2009-12-17T08:00:00-00:00,2031-01-01T07:59:59-00:00,2009-12-17T00:00:00,2030-12-31T23:59:59
AS_NP15,IENERGY_7_B1,AS_NP15,,2011-10-13T07:00:00-00:00,2031-01-01T07:59:59-00:00,2011-10-13T00:00:00,2030-12-31T23:59:59
AS_NP15,IGNACIO_1_N028,AS_NP15,,2025-05-13T07:00:00-00:00,2031-01-01T07:59:59-00:00,2025-05-13T00:00:00,2030-12-31T23:59:59
AS_NP15,IGNACIO_1_N102,AS_NP15,,2009-03-31T07:00:00-00:00,2031-01-01T07:59:59-00:00,2009-03-31T00:00:00,2030-12-31T23:59:59
AS_NP15,IMHOFF_1_N001,AS_NP15,,2009-03-31T07:00:00-00:00,2031-01-01T07:59:59-00:00,2009-03-31T00:00:00,2030-12-31T23:59:59
AS_NP15,INDACRE_6_N001,AS_NP15,,2009-03-31T07:00:00-00:00,2031-01-01T07:59:59-00:00,2009-03-31T00:00:00,2030-12-31T23:59:59
AS_NP15,INDIANV_7_B1,AS_NP15,,2025-05-13T07:00:00-00:00,2031-01-01T07:59:59-00:00,2025-05-13T00:00:00,2030-12-31T23:59:59
AS_NP15,INDNFLT_6_N001,AS_NP15,,2009-03-31T07:00:00-00:00,2031-01-01T07:59:59-00:00,2009-03-31T00:00:00,2030-12-31T23:59:59
AS_NP15,INEPRSN_6_N001,AS_NP15,,2009-03-31T07:00:00-00:00,2031-01-01T07:59:59-00:00,2009-03-31T00:00:00,2030-12-31T23:59:59
AS_NP15,INGRMC_1_N001,AS_NP15,,2009-03-31T07:00:00-00:00,2031-01-01T07:59:59-00:00,2009-03-31T00:00:00,2030-12-31T23:59:59
AS_NP15,INSKIP_6_B1,AS_NP15,,2017-08-17T07:00:00-00:00,2031-01-01T07:59:59-00:00,2017-08-17T00:00:00,2030-12-31T23:59:59
AS_NP15,INSKIP_7_B1,AS_NP15,,2023-05-05T07:00:00-00:00,2031-01-01T07:59:59-00:00,2023-05-05T00:00:00,2030-12-31T23:59:59
AS_NP15,INTAKE_2_N029,AS_NP15,,2009-03-31T07:00:00-00:00,2031-01-01T07:59:59-00:00,2009-03-31T00:00:00,2030-12-31T23:59:59
AS_NP15,INTKEP_2_UNITS-APND,AS_NP15,,2009-03-31T07:00:00-00:00,2031-01-01T07:59:59-00:00,2009-03-31T00:00:00,2030-12-31T23:59:59
AS_NP15,INTLTUR_6_B1,AS_NP15,,2026-02-11T08:00:00-00:00,2031-01-01T07:59:59-00:00,2026-02-11T00:00:00,2030-12-31T23:59:59
AS_NP15,INTLTUR_6_N003,AS_NP15,,2026-02-11T08:00:00-00:00,2031-01-01T07:59:59-00:00,2026-02-11T00:00:00,2030-12-31T23:59:59
AS_NP15,IUKA_6_N001,AS_NP15,,2009-03-31T07:00:00-00:00,2031-01-01T07:59:59-00:00,2009-03-31T00:00:00,2030-12-31T23:59:59
AS_NP15,JACALITO_6_N001,AS_NP15,,2009-03-31T07:00:00-00:00,2031-01-01T07:59:59-00:00,2009-03-31T00:00:00,2030-12-31T23:59:59
AS_NP15,JACINTO_6_N001,AS_NP15,,2009-03-31T07:00:00-00:00,2031-01-01T07:59:59-00:00,2009-03-31T00:00:00,2030-12-31T23:59:59
AS_NP15,JAMESON_1_N001,AS_NP15,,2009-03-31T07:00:00-00:00,2031-01-01T07:59:59-00:00,2009-03-31T00:00:00,2030-12-31T23:59:59
AS_NP15,JAMESON_1_N009,AS_NP15,,2011-12-21T08:00:00-00:00,2031-01-01T07:59:59-00:00,2011-12-21T00:00:00,2030-12-31T23:59:59
AS_NP15,JANSCRK_6_N001,AS_NP15,,2021-10-06T07:00:00-00:00,2031-01-01T07:59:59-00:00,2021-10-06T00:00:00,2030-12-31T23:59:59
AS_NP15,JANSCRK_6_N003,AS_NP15,,2009-03-31T07:00:00-00:00,2031-01-01T07:59:59-00:00,2009-03-31T00:00:00,2030-12-31T23:59:59
AS_NP15,JARVIS_1_GN001,AS_NP15,,2009-12-17T08:00:00-00:00,2031-01-01T07:59:59-00:00,2009-12-17T00:00:00,2030-12-31T23:59:59
AS_NP15,JARVIS_1_N014,AS_NP15,,2009-03-31T07:00:00-00:00,2031-01-01T07:59:59-00:00,2009-03-31T00:00:00,2030-12-31T23:59:59
AS_NP15,JARVIS_1_N016,AS_NP15,,2009-03-31T07:00:00-00:00,2031-01-01T07:59:59-00:00,2009-03-31T00:00:00,2030-12-31T23:59:59
AS_NP15,JARVIS_1_N017,AS_NP15,,2009-03-31T07:00:00-00:00,2031-01-01T07:59:59-00:00,2009-03-31T00:00:00,2030-12-31T23:59:59
AS_NP15,JARVIS_1_N101,AS_NP15,,2009-03-31T07:00:00-00:00,2031-01-01T07:59:59-00:00,2009-03-31T00:00:00,2030-12-31T23:59:59
AS_NP15,JBBLACK1_7_B1,AS_NP15,,2009-03-31T07:00:00-00:00,2031-01-01T07:59:59-00:00,2009-03-31T00:00:00,2030-12-31T23:59:59
AS_NP15,JBBLACK2_7_B1,AS_NP15,,2009-03-31T07:00:00-00:00,2031-01-01T07:59:59-00:00,2009-03-31T00:00:00,2030-12-31T23:59:59
AS_NP15,JCBSCRNR_6_N001,AS_NP15,,2009-03-31T07:00:00-00:00,2031-01-01T07:59:59-00:00,2009-03-31T00:00:00,2030-12-31T23:59:59
AS_NP15,JCBSCRNR_6_N003,AS_NP15,,2009-03-31T07:00:00-00:00,2031-01-01T07:59:59-00:00,2009-03-31T00:00:00,2030-12-31T23:59:59
AS_NP15,JENNINGS_6_N001,AS_NP15,,2009-03-31T07:00:00-00:00,2031-01-01T07:59:59-00:00,2009-03-31T00:00:00,2030-12-31T23:59:59
AS_NP15,JENNY_1_N001,AS_NP15,,2009-03-31T07:00:00-00:00,2031-01-01T07:59:59-00:00,2009-03-31T00:00:00,2030-12-31T23:59:59
AS_NP15,JENNY_1_N008,AS_NP15,,2009-03-31T07:00:00-00:00,2031-01-01T07:59:59-00:00,2009-03-31T00:00:00,2030-12-31T23:59:59
AS_NP15,JESSUP_1_GN001,AS_NP15,,2011-03-31T07:00:00-00:00,2031-01-01T07:59:59-00:00,2011-03-31T00:00:00,2030-12-31T23:59:59
AS_NP15,JESSUP_1_N001,AS_NP15,,2009-03-31T07:00:00-00:00,2031-01-01T07:59:59-00:00,2009-03-31T00:00:00,2030-12-31T23:59:59
AS_NP15,JMEAGLE_6_N002,AS_NP15,,2024-12-18T08:00:00-00:00,2031-01-01T07:59:59-00:00,2024-12-18T00:00:00,2030-12-31T23:59:59
AS_NP15,JMSCNPMP_1_N001,AS_NP15,,2009-03-31T07:00:00-00:00,2031-01-01T07:59:59-00:00,2009-03-31T00:00:00,2030-12-31T23:59:59
AS_NP15,JM_6_GN001,AS_NP15,,2009-12-17T08:00:00-00:00,2031-01-01T07:59:59-00:00,2009-12-17T00:00:00,2030-12-31T23:59:59
AS_NP15,JM_6_N001,AS_NP15,,2009-03-31T07:00:00-00:00,2031-01-01T07:59:59-00:00,2009-03-31T00:00:00,2030-12-31T23:59:59
AS_NP15,JOLON_6_N001,AS_NP15,,2009-03-31T07:00:00-00:00,2031-01-01T07:59:59-00:00,2009-03-31T00:00:00,2030-12-31T23:59:59
AS_NP15,JOLON_6_N002,AS_NP15,,2015-10-22T07:00:00-00:00,2031-01-01T07:59:59-00:00,2015-10-22T00:00:00,2030-12-31T23:59:59
AS_NP15,JULIETTE_6_N001,AS_NP15,,2017-02-16T08:00:00-00:00,2031-01-01T07:59:59-00:00,2017-02-16T00:00:00,2030-12-31T23:59:59
AS_NP15,JULIETTE_6_N002,AS_NP15,,2017-02-16T08:00:00-00:00,2031-01-01T07:59:59-00:00,2017-02-16T00:00:00,2030-12-31T23:59:59
AS_NP15,JVENTER_2_N001,AS_NP15,,2009-03-31T07:00:00-00:00,2031-01-01T07:59:59-00:00,2009-03-31T00:00:00,2030-12-31T23:59:59
AS_NP15,KAMM_1_N001,AS_NP15,,2009-03-31T07:00:00-00:00,2031-01-01T07:59:59-00:00,2009-03-31T00:00:00,2030-12-31T23:59:59
AS_NP15,KANAKAJT_1_B1,AS_NP15,,2017-08-17T07:00:00-00:00,2031-01-01T07:59:59-00:00,2017-08-17T00:00:00,2030-12-31T23:59:59
AS_NP15,KANAKA_1_N001,AS_NP15,,2009-03-31T07:00:00-00:00,2031-01-01T07:59:59-00:00,2009-03-31T00:00:00,2030-12-31T23:59:59
AS_NP15,KANAKA_1_N003,AS_NP15,,2009-03-31T07:00:00-00:00,2031-01-01T07:59:59-00:00,2009-03-31T00:00:00,2030-12-31T23:59:59
AS_NP15,KANSASGN_7_N001,AS_NP15,,2013-01-03T08:00:00-00:00,2031-01-01T07:59:59-00:00,2013-01-03T00:00:00,2030-12-31T23:59:59
AS_NP15,KANSASGN_7_N002,AS_NP15,,2025-05-13T07:00:00-00:00,2031-01-01T07:59:59-00:00,2025-05-13T00:00:00,2030-12-31T23:59:59
AS_NP15,KCTYPKER_7_B1,AS_NP15,,2025-05-13T07:00:00-00:00,2031-01-01T07:59:59-00:00,2025-05-13T00:00:00,2030-12-31T23:59:59
AS_NP15,KCTYTAP_6_N005,AS_NP15,,2009-06-25T07:00:00-00:00,2031-01-01T07:59:59-00:00,2009-06-25T00:00:00,2030-12-31T23:59:59
AS_NP15,KEARNEY_6_N001,AS_NP15,,2023-03-15T07:00:00-00:00,2031-01-01T07:59:59-00:00,2023-03-15T00:00:00,2030-12-31T23:59:59
AS_NP15,KEARNEY_6_N099,AS_NP15,,2009-03-31T07:00:00-00:00,2031-01-01T07:59:59-00:00,2009-03-31T00:00:00,2030-12-31T23:59:59
AS_NP15,KEARNEY_7_N002,AS_NP15,,2025-05-13T07:00:00-00:00,2031-01-01T07:59:59-00:00,2025-05-13T00:00:00,2030-12-31T23:59:59
AS_NP15,KEKAWAKA_6_N001,AS_NP15,,2025-05-13T07:00:00-00:00,2031-01-01T07:59:59-00:00,2025-05-13T00:00:00,2030-12-31T23:59:59
AS_NP15,KELLYRDG_7_B1,AS_NP15,,2023-05-05T07:00:00-00:00,2031-01-01T07:59:59-00:00,2023-05-05T00:00:00,2030-12-31T23:59:59
AS_NP15,KELSO1_7_N001,AS_NP15,,2012-03-22T07:00:00-00:00,2031-01-01T07:59:59-00:00,2012-03-22T00:00:00,2030-12-31T23:59:59
AS_NP15,KELSO2_7_N001,AS_NP15,,2012-03-22T07:00:00-00:00,2031-01-01T07:59:59-00:00,2012-03-22T00:00:00,2030-12-31T23:59:59
AS_NP15,KELSO2_7_N002,AS_NP15,,2012-03-22T07:00:00-00:00,2031-01-01T07:59:59-00:00,2012-03-22T00:00:00,2030-12-31T23:59:59
AS_NP15,KELSO3_7_N001,AS_NP15,,2012-03-22T07:00:00-00:00,2031-01-01T07:59:59-00:00,2012-03-22T00:00:00,2030-12-31T23:59:59
AS_NP15,KELSO3_7_N002,AS_NP15,,2012-03-22T07:00:00-00:00,2031-01-01T07:59:59-00:00,2012-03-22T00:00:00,2030-12-31T23:59:59
AS_NP15,KELSO4_7_N001,AS_NP15,,2012-03-22T07:00:00-00:00,2031-01-01T07:59:59-00:00,2012-03-22T00:00:00,2030-12-31T23:59:59
AS_NP15,KELSO_2_N001,AS_NP15,,2009-12-17T08:00:00-00:00,2031-01-01T07:59:59-00:00,2009-12-17T00:00:00,2030-12-31T23:59:59
AS_NP15,KELSO_2_UNITS-APND,AS_NP15,,2012-05-22T07:00:00-00:00,2031-01-01T07:59:59-00:00,2012-05-22T00:00:00,2030-12-31T23:59:59
AS_NP15,KENNETH_6_N001,AS_NP15,,2017-02-16T08:00:00-00:00,2031-01-01T07:59:59-00:00,2017-02-16T00:00:00,2030-12-31T23:59:59
AS_NP15,KENNETH_6_N002,AS_NP15,,2017-02-16T08:00:00-00:00,2031-01-01T07:59:59-00:00,2017-02-16T00:00:00,2030-12-31T23:59:59
AS_NP15,KERCK1G1_7_B2,AS_NP15,,2009-03-31T07:00:00-00:00,2031-01-01T07:59:59-00:00,2009-03-31T00:00:00,2030-12-31T23:59:59
AS_NP15,KERCK1G1_7_N001,AS_NP15,,2009-03-31T07:00:00-00:00,2031-01-01T07:59:59-00:00,2009-03-31T00:00:00,2030-12-31T23:59:59
AS_NP15,KERCK1G2_7_B1,AS_NP15,,2009-03-31T07:00:00-00:00,2031-01-01T07:59:59-00:00,2009-03-31T00:00:00,2030-12-31T23:59:59
AS_NP15,KERCK1G3_7_B1,AS_NP15,,2009-03-31T07:00:00-00:00,2031-01-01T07:59:59-00:00,2009-03-31T00:00:00,2030-12-31T23:59:59
AS_NP15,KERCKHOF_7_B1,AS_NP15,,2025-05-13T07:00:00-00:00,2031-01-01T07:59:59-00:00,2025-05-13T00:00:00,2030-12-31T23:59:59
AS_NP15,KERMAN_6_N001,AS_NP15,,2016-11-17T08:00:00-00:00,2031-01-01T07:59:59-00:00,2016-11-17T00:00:00,2030-12-31T23:59:59
AS_NP15,KERMAN_6_N002,AS_NP15,,2015-07-23T07:00:00-00:00,2031-01-01T07:59:59-00:00,2015-07-23T00:00:00,2030-12-31T23:59:59
AS_NP15,KESWICK_6_N001,AS_NP15,,2009-03-31T07:00:00-00:00,2031-01-01T07:59:59-00:00,2009-03-31T00:00:00,2030-12-31T23:59:59
AS_NP15,KETTLEMN_6_N001,AS_NP15,,2017-08-17T07:00:00-00:00,2031-01-01T07:59:59-00:00,2017-08-17T00:00:00,2030-12-31T23:59:59
AS_NP15,KIFER_1_B1,AS_NP15,,2017-08-17T07:00:00-00:00,2031-01-01T07:59:59-00:00,2017-08-17T00:00:00,2030-12-31T23:59:59
AS_NP15,KIFER_1_N022,AS_NP15,,2018-08-23T07:00:00-00:00,2031-01-01T07:59:59-00:00,2018-08-23T00:00:00,2030-12-31T23:59:59
AS_NP15,KIFER_6_N001,AS_NP15,,2018-08-23T07:00:00-00:00,2031-01-01T07:59:59-00:00,2018-08-23T00:00:00,2030-12-31T23:59:59
AS_NP15,KIFER_6_N020,AS_NP15,,2018-08-23T07:00:00-00:00,2031-01-01T07:59:59-00:00,2018-08-23T00:00:00,2030-12-31T23:59:59
AS_NP15,KILRC1-2_7_B1,AS_NP15,,2023-05-05T07:00:00-00:00,2031-01-01T07:59:59-00:00,2023-05-05T00:00:00,2030-12-31T23:59:59
AS_NP15,KINGCTY_6_N001,AS_NP15,,2009-03-31T07:00:00-00:00,2031-01-01T07:59:59-00:00,2009-03-31T00:00:00,2030-12-31T23:59:59
AS_NP15,KINGCTY_6_N002,AS_NP15,,2009-03-31T07:00:00-00:00,2031-01-01T07:59:59-00:00,2009-03-31T00:00:00,2030-12-31T23:59:59
AS_NP15,KINGCTY_6_N005,AS_NP15,,2014-11-13T08:00:00-00:00,2031-01-01T07:59:59-00:00,2014-11-13T00:00:00,2030-12-31T23:59:59
AS_NP15,KINGSBRG_1_N001,AS_NP15,,2013-11-21T08:00:00-00:00,2031-01-01T07:59:59-00:00,2013-11-21T00:00:00,2030-12-31T23:59:59
AS_NP15,KINGSBRG_1_N008,AS_NP15,,2013-11-21T08:00:00-00:00,2031-01-01T07:59:59-00:00,2013-11-21T00:00:00,2030-12-31T23:59:59
AS_NP15,KINGSBRG_7_N002,AS_NP15,,2025-05-13T07:00:00-00:00,2031-01-01T07:59:59-00:00,2025-05-13T00:00:00,2030-12-31T23:59:59
AS_NP15,KINGSBRG_7_N003,AS_NP15,,2025-05-13T07:00:00-00:00,2031-01-01T07:59:59-00:00,2025-05-13T00:00:00,2030-12-31T23:59:59
AS_NP15,KINGSBUR_7_B1,AS_NP15,,2025-05-13T07:00:00-00:00,2031-01-01T07:59:59-00:00,2025-05-13T00:00:00,2030-12-31T23:59:59
AS_NP15,KINGSRIV_7_B1,AS_NP15,,2025-05-13T07:00:00-00:00,2031-01-01T07:59:59-00:00,2025-05-13T00:00:00,2030-12-31T23:59:59
AS_NP15,KIRKER_1_N001,AS_NP15,,2024-12-18T08:00:00-00:00,2031-01-01T07:59:59-00:00,2024-12-18T00:00:00,2030-12-31T23:59:59
AS_NP15,KIRKER_1_N005,AS_NP15,,2009-03-31T07:00:00-00:00,2031-01-01T07:59:59-00:00,2009-03-31T00:00:00,2030-12-31T23:59:59
AS_NP15,KIRKER_1_N006,AS_NP15,,2016-08-18T07:00:00-00:00,2031-01-01T07:59:59-00:00,2016-08-18T00:00:00,2030-12-31T23:59:59
AS_NP15,KIRKWD1_7_B1,AS_NP15,,2023-05-05T07:00:00-00:00,2031-01-01T07:59:59-00:00,2023-05-05T00:00:00,2030-12-31T23:59:59
AS_NP15,KIRKWD2_7_B1,AS_NP15,,2023-05-05T07:00:00-00:00,2031-01-01T07:59:59-00:00,2023-05-05T00:00:00,2030-12-31T23:59:59
AS_NP15,KIRKWD3_7_B1,AS_NP15,,2023-05-05T07:00:00-00:00,2031-01-01T07:59:59-00:00,2023-05-05T00:00:00,2030-12-31T23:59:59
AS_NP15,KMPUD_7_N001,AS_NP15,,2014-11-13T08:00:00-00:00,2031-01-01T07:59:59-00:00,2014-11-13T00:00:00,2030-12-31T23:59:59
AS_NP15,KNGHTSLD_1_N001,AS_NP15,,2009-03-31T07:00:00-00:00,2031-01-01T07:59:59-00:00,2009-03-31T00:00:00,2030-12-31T23:59:59
AS_NP15,KNGSRVR_1_B1,AS_NP15,,2017-08-17T07:00:00-00:00,2031-01-01T07:59:59-00:00,2017-08-17T00:00:00,2030-12-31T23:59:59
AS_NP15,KOLA_2_KLBBT1-APND,AS_NP15,,2025-11-15T08:00:00-00:00,2031-01-01T07:59:59-00:00,2025-11-15T00:00:00,2030-12-31T23:59:59
AS_NP15,KOLA_7_B1N004,AS_NP15,,2024-12-18T08:00:00-00:00,2031-01-01T07:59:59-00:00,2024-12-18T00:00:00,2030-12-31T23:59:59
AS_NP15,KOLA_7_B2N001,AS_NP15,,2025-05-13T07:00:00-00:00,2031-01-01T07:59:59-00:00,2025-05-13T00:00:00,2030-12-31T23:59:59
AS_NP15,KOLA_7_B3N001,AS_NP15,,2024-12-18T08:00:00-00:00,2031-01-01T07:59:59-00:00,2024-12-18T00:00:00,2030-12-31T23:59:59
AS_NP15,KONOCTI6_6_N001,AS_NP15,,2021-08-25T07:00:00-00:00,2031-01-01T07:59:59-00:00,2021-08-25T00:00:00,2030-12-31T23:59:59
AS_NP15,KONOCTI6_6_N0027,AS_NP15,,2021-08-25T07:00:00-00:00,2031-01-01T07:59:59-00:00,2021-08-25T00:00:00,2030-12-31T23:59:59
AS_NP15,KRMNFCP_7_N002,AS_NP15,,2025-05-13T07:00:00-00:00,2031-01-01T07:59:59-00:00,2025-05-13T00:00:00,2030-12-31T23:59:59
AS_NP15,KRMNFCP_7_N003,AS_NP15,,2025-05-13T07:00:00-00:00,2031-01-01T07:59:59-00:00,2025-05-13T00:00:00,2030-12-31T23:59:59
AS_NP15,KYOHO_1_LN001,AS_NP15,,2009-11-03T08:00:00-00:00,2031-01-01T07:59:59-00:00,2009-11-03T00:00:00,2030-12-31T23:59:59
AS_NP15,LAGUNATP_6_N001,AS_NP15,,2009-03-31T07:00:00-00:00,2031-01-01T07:59:59-00:00,2009-03-31T00:00:00,2030-12-31T23:59:59
AS_NP15,LAGUNITS_6_N001,AS_NP15,,2009-03-31T07:00:00-00:00,2031-01-01T07:59:59-00:00,2009-03-31T00:00:00,2030-12-31T23:59:59
AS_NP15,LAKEVILE_2_B1,AS_NP15,,2017-08-17T07:00:00-00:00,2031-01-01T07:59:59-00:00,2017-08-17T00:00:00,2030-12-31T23:59:59
AS_NP15,LAKEVLLE_1_N001,AS_NP15,,2014-02-13T08:00:00-00:00,2031-01-01T07:59:59-00:00,2014-02-13T00:00:00,2030-12-31T23:59:59
AS_NP15,LAKEVLLE_1_N028,AS_NP15,,2012-10-11T07:00:00-00:00,2031-01-01T07:59:59-00:00,2012-10-11T00:00:00,2030-12-31T23:59:59
AS_NP15,LAKEWOOD_1_N001,AS_NP15,,2009-03-31T07:00:00-00:00,2031-01-01T07:59:59-00:00,2009-03-31T00:00:00,2030-12-31T23:59:59
AS_NP15,LAKEWOOD_1_N003,AS_NP15,,2009-03-31T07:00:00-00:00,2031-01-01T07:59:59-00:00,2009-03-31T00:00:00,2030-12-31T23:59:59
AS_NP15,LAKEWOOD_1_N004,AS_NP15,,2009-03-31T07:00:00-00:00,2031-01-01T07:59:59-00:00,2009-03-31T00:00:00,2030-12-31T23:59:59
AS_NP15,LAKEWOOD_1_N006,AS_NP15,,2009-03-31T07:00:00-00:00,2031-01-01T07:59:59-00:00,2009-03-31T00:00:00,2030-12-31T23:59:59
AS_NP15,LAKEWOOD_1_N007,AS_NP15,,2009-03-31T07:00:00-00:00,2031-01-01T07:59:59-00:00,2009-03-31T00:00:00,2030-12-31T23:59:59
AS_NP15,LAKEWOOD_1_N009,AS_NP15,,2009-03-31T07:00:00-00:00,2031-01-01T07:59:59-00:00,2009-03-31T00:00:00,2030-12-31T23:59:59
AS_NP15,LAMBGT1_7_B1,AS_NP15,,2009-03-31T07:00:00-00:00,2031-01-01T07:59:59-00:00,2009-03-31T00:00:00,2030-12-31T23:59:59
AS_NP15,LAMBIE_2_B1,AS_NP15,,2017-08-17T07:00:00-00:00,2031-01-01T07:59:59-00:00,2017-08-17T00:00:00,2030-12-31T23:59:59
AS_NP15,LAMBIE_2_N010,AS_NP15,,2009-06-25T07:00:00-00:00,2031-01-01T07:59:59-00:00,2009-06-25T00:00:00,2030-12-31T23:59:59
AS_NP15,LAMMERS_1_N001,AS_NP15,,2009-03-31T07:00:00-00:00,2031-01-01T07:59:59-00:00,2009-03-31T00:00:00,2030-12-31T23:59:59
AS_NP15,LAMMERS_1_N004,AS_NP15,,2009-03-31T07:00:00-00:00,2031-01-01T07:59:59-00:00,2009-03-31T00:00:00,2030-12-31T23:59:59
AS_NP15,LARKIN12_7_LN001,AS_NP15,,2010-04-22T07:00:00-00:00,2031-01-01T07:59:59-00:00,2010-04-22T00:00:00,2030-12-31T23:59:59
AS_NP15,LARKIN12_7_LN002,AS_NP15,,2010-04-22T07:00:00-00:00,2031-01-01T07:59:59-00:00,2010-04-22T00:00:00,2030-12-31T23:59:59
AS_NP15,LARKIN12_7_LN003,AS_NP15,,2010-04-22T07:00:00-00:00,2031-01-01T07:59:59-00:00,2010-04-22T00:00:00,2030-12-31T23:59:59
AS_NP15,LASAGUIL_2_B1,AS_NP15,,2017-10-09T07:00:00-00:00,2031-01-01T07:59:59-00:00,2017-10-09T00:00:00,2030-12-31T23:59:59
AS_NP15,LASPALMS_1_N001,AS_NP15,,2009-03-31T07:00:00-00:00,2031-01-01T07:59:59-00:00,2009-03-31T00:00:00,2030-12-31T23:59:59
AS_NP15,LASPLGS_6_N001,AS_NP15,,2009-03-31T07:00:00-00:00,2031-01-01T07:59:59-00:00,2009-03-31T00:00:00,2030-12-31T23:59:59
AS_NP15,LASPLGS_6_N004,AS_NP15,,2009-03-31T07:00:00-00:00,2031-01-01T07:59:59-00:00,2009-03-31T00:00:00,2030-12-31T23:59:59
AS_NP15,LASSEN_6_N001,AS_NP15,,2009-03-31T07:00:00-00:00,2031-01-01T07:59:59-00:00,2009-03-31T00:00:00,2030-12-31T23:59:59
AS_NP15,LASSEN_6_N003,AS_NP15,,2009-03-31T07:00:00-00:00,2031-01-01T07:59:59-00:00,2009-03-31T00:00:00,2030-12-31T23:59:59
AS_NP15,LASSEN_6_N004,AS_NP15,,2023-05-05T07:00:00-00:00,2031-01-01T07:59:59-00:00,2023-05-05T00:00:00,2030-12-31T23:59:59
AS_NP15,LAURELES_6_N001,AS_NP15,,2009-03-31T07:00:00-00:00,2031-01-01T07:59:59-00:00,2009-03-31T00:00:00,2030-12-31T23:59:59
AS_NP15,LAWRENCE_1_N001,AS_NP15,,2009-03-31T07:00:00-00:00,2031-01-01T07:59:59-00:00,2009-03-31T00:00:00,2030-12-31T23:59:59
AS_NP15,LAWRENCE_1_N003,AS_NP15,,2009-03-31T07:00:00-00:00,2031-01-01T07:59:59-00:00,2009-03-31T00:00:00,2030-12-31T23:59:59
AS_NP15,LAWRENCE_1_N004,AS_NP15,,2009-03-31T07:00:00-00:00,2031-01-01T07:59:59-00:00,2009-03-31T00:00:00,2030-12-31T23:59:59
AS_NP15,LAWRENCE_1_N006,AS_NP15,,2025-05-13T07:00:00-00:00,2031-01-01T07:59:59-00:00,2025-05-13T00:00:00,2030-12-31T23:59:59
AS_NP15,LECEFBGN_7_N003,AS_NP15,,2016-05-19T07:00:00-00:00,2031-01-01T07:59:59-00:00,2016-05-19T00:00:00,2030-12-31T23:59:59
AS_NP15,LECEFGT1_7_B1,AS_NP15,,2009-03-31T07:00:00-00:00,2031-01-01T07:59:59-00:00,2009-03-31T00:00:00,2030-12-31T23:59:59
AS_NP15,LECEFGT2_7_B1,AS_NP15,,2023-05-05T07:00:00-00:00,2031-01-01T07:59:59-00:00,2023-05-05T00:00:00,2030-12-31T23:59:59
AS_NP15,LECEFGT3_7_B1,AS_NP15,,2023-05-05T07:00:00-00:00,2031-01-01T07:59:59-00:00,2023-05-05T00:00:00,2030-12-31T23:59:59
AS_NP15,LECEFGT4_7_B1,AS_NP15,,2023-05-05T07:00:00-00:00,2031-01-01T07:59:59-00:00,2023-05-05T00:00:00,2030-12-31T23:59:59
AS_NP15,LECEFST1_7_B1,AS_NP15,,2013-02-28T08:00:00-00:00,2031-01-01T07:59:59-00:00,2013-02-28T00:00:00,2030-12-31T23:59:59
AS_NP15,LECEF_1_UNITS-APND,AS_NP15,,2009-03-31T07:00:00-00:00,2031-01-01T07:59:59-00:00,2009-03-31T00:00:00,2030-12-31T23:59:59
AS_NP15,LEGRAND_1_N001,AS_NP15,,2017-08-17T07:00:00-00:00,2031-01-01T07:59:59-00:00,2017-08-17T00:00:00,2030-12-31T23:59:59
AS_NP15,LEGRAND_1_N018,AS_NP15,,2011-08-12T07:00:00-00:00,2031-01-01T07:59:59-00:00,2011-08-12T00:00:00,2030-12-31T23:59:59
AS_NP15,LEMOORE_6_N002,AS_NP15,,2009-03-31T07:00:00-00:00,2031-01-01T07:59:59-00:00,2009-03-31T00:00:00,2030-12-31T23:59:59
AS_NP15,LEMOORE_6_N101,AS_NP15,,2009-03-31T07:00:00-00:00,2031-01-01T07:59:59-00:00,2009-03-31T00:00:00,2030-12-31T23:59:59
AS_NP15,LEMORSLR_7_N001,AS_NP15,,2025-05-13T07:00:00-00:00,2031-01-01T07:59:59-00:00,2025-05-13T00:00:00,2030-12-31T23:59:59
AS_NP15,LEMORSLR_7_N003,AS_NP15,,2025-05-13T07:00:00-00:00,2031-01-01T07:59:59-00:00,2025-05-13T00:00:00,2030-12-31T23:59:59
AS_NP15,LEMORSLR_7_N004,AS_NP15,,2025-05-13T07:00:00-00:00,2031-01-01T07:59:59-00:00,2025-05-13T00:00:00,2030-12-31T23:59:59
AS_NP15,LEPRINO_1_N001,AS_NP15,,2009-03-31T07:00:00-00:00,2031-01-01T07:59:59-00:00,2009-03-31T00:00:00,2030-12-31T23:59:59
AS_NP15,LEPRINO_6_N001,AS_NP15,,2009-03-31T07:00:00-00:00,2031-01-01T07:59:59-00:00,2009-03-31T00:00:00,2030-12-31T23:59:59
AS_NP15,LEPRNOFD_1_N001,AS_NP15,,2014-08-28T07:00:00-00:00,2031-01-01T07:59:59-00:00,2014-08-28T00:00:00,2030-12-31T23:59:59
AS_NP15,LEWISTON_7_N001,AS_NP15,,2009-03-31T07:00:00-00:00,2031-01-01T07:59:59-00:00,2009-03-31T00:00:00,2030-12-31T23:59:59
AS_NP15,LEWISTON_7_N003,AS_NP15,,2009-03-31T07:00:00-00:00,2031-01-01T07:59:59-00:00,2009-03-31T00:00:00,2030-12-31T23:59:59
AS_NP15,LIDSUB_6_N002,AS_NP15,,2016-11-17T08:00:00-00:00,2031-01-01T07:59:59-00:00,2016-11-17T00:00:00,2030-12-31T23:59:59
AS_NP15,LIDTAP_1_N001,AS_NP15,,2019-02-21T08:00:00-00:00,2031-01-01T07:59:59-00:00,2019-02-21T00:00:00,2030-12-31T23:59:59
AS_NP15,LIMESTNE_6_N001,AS_NP15,,2009-03-31T07:00:00-00:00,2031-01-01T07:59:59-00:00,2009-03-31T00:00:00,2030-12-31T23:59:59
AS_NP15,LINCLN_1_N001,AS_NP15,,2011-03-31T07:00:00-00:00,2031-01-01T07:59:59-00:00,2011-03-31T00:00:00,2030-12-31T23:59:59
AS_NP15,LINCLN_1_N002,AS_NP15,,2011-03-31T07:00:00-00:00,2031-01-01T07:59:59-00:00,2011-03-31T00:00:00,2030-12-31T23:59:59
AS_NP15,LINCLN_1_N003,AS_NP15,,2011-03-31T07:00:00-00:00,2031-01-01T07:59:59-00:00,2011-03-31T00:00:00,2030-12-31T23:59:59
AS_NP15,LINDEN_6_N101,AS_NP15,,2009-03-31T07:00:00-00:00,2031-01-01T07:59:59-00:00,2009-03-31T00:00:00,2030-12-31T23:59:59
AS_NP15,LIPTON_6_N001,AS_NP15,,2009-03-31T07:00:00-00:00,2031-01-01T07:59:59-00:00,2009-03-31T00:00:00,2030-12-31T23:59:59
AS_NP15,LIVEOAK_7_N003,AS_NP15,,2025-05-13T07:00:00-00:00,2031-01-01T07:59:59-00:00,2025-05-13T00:00:00,2030-12-31T23:59:59
AS_NP15,LIVEOAK_7_N004,AS_NP15,,2013-05-09T07:00:00-00:00,2031-01-01T07:59:59-00:00,2013-05-09T00:00:00,2030-12-31T23:59:59
AS_NP15,LIVEOAK_7_N005,AS_NP15,,2013-05-09T07:00:00-00:00,2031-01-01T07:59:59-00:00,2013-05-09T00:00:00,2030-12-31T23:59:59
AS_NP15,LIVERMRE_6_N001,AS_NP15,,2024-03-20T07:00:00-00:00,2031-01-01T07:59:59-00:00,2024-03-20T00:00:00,2030-12-31T23:59:59
AS_NP15,LIVERMRE_6_N003,AS_NP15,,2009-03-31T07:00:00-00:00,2031-01-01T07:59:59-00:00,2009-03-31T00:00:00,2030-12-31T23:59:59
AS_NP15,LIVNGSTN_6_N001,AS_NP15,,2009-03-31T07:00:00-00:00,2031-01-01T07:59:59-00:00,2009-03-31T00:00:00,2030-12-31T23:59:59
AS_NP15,LLAGAS_1_N001,AS_NP15,,2009-03-31T07:00:00-00:00,2031-01-01T07:59:59-00:00,2009-03-31T00:00:00,2030-12-31T23:59:59
AS_NP15,LLAGAS_1_N003,AS_NP15,,2009-03-31T07:00:00-00:00,2031-01-01T07:59:59-00:00,2009-03-31T00:00:00,2030-12-31T23:59:59
AS_NP15,LLAGAS_1_N005,AS_NP15,,2009-03-31T07:00:00-00:00,2031-01-01T07:59:59-00:00,2009-03-31T00:00:00,2030-12-31T23:59:59
AS_NP15,LMBIGENT_2_N003,AS_NP15,,2009-06-25T07:00:00-00:00,2031-01-01T07:59:59-00:00,2009-06-25T00:00:00,2030-12-31T23:59:59
AS_NP15,LMBIGENT_2_N004,AS_NP15,,2009-06-25T07:00:00-00:00,2031-01-01T07:59:59-00:00,2009-06-25T00:00:00,2030-12-31T23:59:59
AS_NP15,LMEC1_1_LN001,AS_NP15,,2010-04-22T07:00:00-00:00,2031-01-01T07:59:59-00:00,2010-04-22T00:00:00,2030-12-31T23:59:59
AS_NP15,LMEC1_1_LN002,AS_NP15,,2010-04-22T07:00:00-00:00,2031-01-01T07:59:59-00:00,2010-04-22T00:00:00,2030-12-31T23:59:59
AS_NP15,LMEC1_1_N001,AS_NP15,,2009-03-31T07:00:00-00:00,2031-01-01T07:59:59-00:00,2009-03-31T00:00:00,2030-12-31T23:59:59
AS_NP15,LMEC1_1_N101,AS_NP15,,2009-03-31T07:00:00-00:00,2031-01-01T07:59:59-00:00,2009-03-31T00:00:00,2030-12-31T23:59:59
AS_NP15,LMEC1_1_N601,AS_NP15,,2009-03-31T07:00:00-00:00,2031-01-01T07:59:59-00:00,2009-03-31T00:00:00,2030-12-31T23:59:59
AS_NP15,LMEC1_1_N801,AS_NP15,,2009-03-31T07:00:00-00:00,2031-01-01T07:59:59-00:00,2009-03-31T00:00:00,2030-12-31T23:59:59
AS_NP15,LMECCT1_7_B1,AS_NP15,,2009-03-31T07:00:00-00:00,2031-01-01T07:59:59-00:00,2009-03-31T00:00:00,2030-12-31T23:59:59
AS_NP15,LMECCT1_7_N001,AS_NP15,,2009-03-31T07:00:00-00:00,2031-01-01T07:59:59-00:00,2009-03-31T00:00:00,2030-12-31T23:59:59
AS_NP15,LMECCT2_7_B1,AS_NP15,,2009-03-31T07:00:00-00:00,2031-01-01T07:59:59-00:00,2009-03-31T00:00:00,2030-12-31T23:59:59
AS_NP15,LMECCT2_7_N001,AS_NP15,,2009-03-31T07:00:00-00:00,2031-01-01T07:59:59-00:00,2009-03-31T00:00:00,2030-12-31T23:59:59
AS_NP15,LMECST1_7_B1,AS_NP15,,2009-03-31T07:00:00-00:00,2031-01-01T07:59:59-00:00,2009-03-31T00:00:00,2030-12-31T23:59:59
AS_NP15,LMECST1_7_N001,AS_NP15,,2009-03-31T07:00:00-00:00,2031-01-01T07:59:59-00:00,2009-03-31T00:00:00,2030-12-31T23:59:59
AS_NP15,LMEC_1_PL1X3-APND,AS_NP15,,2009-03-31T07:00:00-00:00,2031-01-01T07:59:59-00:00,2009-03-31T00:00:00,2030-12-31T23:59:59
AS_NP15,LMPC-CTY_1_N001,AS_NP15,,2017-08-17T07:00:00-00:00,2031-01-01T07:59:59-00:00,2017-08-17T00:00:00,2030-12-31T23:59:59
AS_NP15,LOCKFORD_7_N001,AS_NP15,,2013-07-18T07:00:00-00:00,2031-01-01T07:59:59-00:00,2013-07-18T00:00:00,2030-12-31T23:59:59
AS_NP15,LOCKFORD_7_N002,AS_NP15,,2013-07-18T07:00:00-00:00,2031-01-01T07:59:59-00:00,2013-07-18T00:00:00,2030-12-31T23:59:59
AS_NP15,LOCKFORD_7_N003,AS_NP15,,2025-05-13T07:00:00-00:00,2031-01-01T07:59:59-00:00,2025-05-13T00:00:00,2030-12-31T23:59:59
AS_NP15,LOCKFORD_7_N004,AS_NP15,,2025-05-13T07:00:00-00:00,2031-01-01T07:59:59-00:00,2025-05-13T00:00:00,2030-12-31T23:59:59
AS_NP15,LOCKHD1_1_N001,AS_NP15,,2016-08-18T07:00:00-00:00,2031-01-01T07:59:59-00:00,2016-08-18T00:00:00,2030-12-31T23:59:59
AS_NP15,LOCKHD1_1_N025,AS_NP15,,2016-08-18T07:00:00-00:00,2031-01-01T07:59:59-00:00,2016-08-18T00:00:00,2030-12-31T23:59:59
AS_NP15,LOCKHD1_1_N026,AS_NP15,,2016-08-18T07:00:00-00:00,2031-01-01T07:59:59-00:00,2016-08-18T00:00:00,2030-12-31T23:59:59
AS_NP15,LOCKHD2_1_N001,AS_NP15,,2009-03-31T07:00:00-00:00,2031-01-01T07:59:59-00:00,2009-03-31T00:00:00,2030-12-31T23:59:59
AS_NP15,LOCKHD2_1_N004,AS_NP15,,2009-03-31T07:00:00-00:00,2031-01-01T07:59:59-00:00,2009-03-31T00:00:00,2030-12-31T23:59:59
AS_NP15,LOCKHD2_1_N005,AS_NP15,,2009-03-31T07:00:00-00:00,2031-01-01T07:59:59-00:00,2009-03-31T00:00:00,2030-12-31T23:59:59
AS_NP15,LODI25CT_7_B1,AS_NP15,,2025-05-13T07:00:00-00:00,2031-01-01T07:59:59-00:00,2025-05-13T00:00:00,2030-12-31T23:59:59
AS_NP15,LODICITY_6_N001,AS_NP15,,2009-03-31T07:00:00-00:00,2031-01-01T07:59:59-00:00,2009-03-31T00:00:00,2030-12-31T23:59:59
AS_NP15,LODICITY_6_NNG1,AS_NP15,,2025-05-13T07:00:00-00:00,2031-01-01T07:59:59-00:00,2025-05-13T00:00:00,2030-12-31T23:59:59
AS_NP15,LODICTG_7_B1,AS_NP15,,2023-05-05T07:00:00-00:00,2031-01-01T07:59:59-00:00,2023-05-05T00:00:00,2030-12-31T23:59:59
AS_NP15,LODICTG_7_N001,AS_NP15,,2011-12-21T08:00:00-00:00,2031-01-01T07:59:59-00:00,2011-12-21T00:00:00,2030-12-31T23:59:59
AS_NP15,LODIEC_2_PL1X2-APND,AS_NP15,,2012-06-25T07:00:00-00:00,2031-01-01T07:59:59-00:00,2012-06-25T00:00:00,2030-12-31T23:59:59
AS_NP15,LODISTG_7_B1,AS_NP15,,2023-05-05T07:00:00-00:00,2031-01-01T07:59:59-00:00,2023-05-05T00:00:00,2030-12-31T23:59:59
AS_NP15,LODISTG_7_N001,AS_NP15,,2011-12-21T08:00:00-00:00,2031-01-01T07:59:59-00:00,2011-12-21T00:00:00,2030-12-31T23:59:59
AS_NP15,LODI_6_N001,AS_NP15,,2023-11-15T08:00:00-00:00,2031-01-01T07:59:59-00:00,2023-11-15T00:00:00,2030-12-31T23:59:59
AS_NP15,LOGANCR_2_N001,AS_NP15,,2009-03-31T07:00:00-00:00,2031-01-01T07:59:59-00:00,2009-03-31T00:00:00,2030-12-31T23:59:59
AS_NP15,LOGANCR_2_N010,AS_NP15,,2009-03-31T07:00:00-00:00,2031-01-01T07:59:59-00:00,2009-03-31T00:00:00,2030-12-31T23:59:59
AS_NP15,LONESTAR_1_N001,AS_NP15,,2009-03-31T07:00:00-00:00,2031-01-01T07:59:59-00:00,2009-03-31T00:00:00,2030-12-31T23:59:59
AS_NP15,LONESTR_6_N001,AS_NP15,,2009-03-31T07:00:00-00:00,2031-01-01T07:59:59-00:00,2009-03-31T00:00:00,2030-12-31T23:59:59
AS_NP15,LONETREE_2_N001,AS_NP15,,2009-03-31T07:00:00-00:00,2031-01-01T07:59:59-00:00,2009-03-31T00:00:00,2030-12-31T23:59:59
AS_NP15,LONETREE_2_N014,AS_NP15,,2009-06-25T07:00:00-00:00,2031-01-01T07:59:59-00:00,2009-06-25T00:00:00,2030-12-31T23:59:59
AS_NP15,LOSALTS_6_N004,AS_NP15,,2009-06-25T07:00:00-00:00,2031-01-01T07:59:59-00:00,2009-06-25T00:00:00,2030-12-31T23:59:59
AS_NP15,LOSALTS_6_N005,AS_NP15,,2009-03-31T07:00:00-00:00,2031-01-01T07:59:59-00:00,2009-03-31T00:00:00,2030-12-31T23:59:59
AS_NP15,LOSALTS_6_N101,AS_NP15,,2009-06-25T07:00:00-00:00,2031-01-01T07:59:59-00:00,2009-06-25T00:00:00,2030-12-31T23:59:59
AS_NP15,LOSCCHS_6_N001,AS_NP15,,2009-03-31T07:00:00-00:00,2031-01-01T07:59:59-00:00,2009-03-31T00:00:00,2030-12-31T23:59:59
AS_NP15,LOSGATS_6_N002,AS_NP15,,2009-03-31T07:00:00-00:00,2031-01-01T07:59:59-00:00,2009-03-31T00:00:00,2030-12-31T23:59:59
AS_NP15,LOSGATS_6_N201,AS_NP15,,2009-03-31T07:00:00-00:00,2031-01-01T07:59:59-00:00,2009-03-31T00:00:00,2030-12-31T23:59:59
AS_NP15,LOSOSTS_6_N001,AS_NP15,,2009-03-31T07:00:00-00:00,2031-01-01T07:59:59-00:00,2009-03-31T00:00:00,2030-12-31T23:59:59
AS_NP15,LOSOSTS_6_N005,AS_NP15,,2009-03-31T07:00:00-00:00,2031-01-01T07:59:59-00:00,2009-03-31T00:00:00,2030-12-31T23:59:59
AS_NP15,LOUISE_6_N001,AS_NP15,,2009-03-31T07:00:00-00:00,2031-01-01T07:59:59-00:00,2009-03-31T00:00:00,2030-12-31T23:59:59
AS_NP15,LOUISE_6_N002,AS_NP15,,2009-03-31T07:00:00-00:00,2031-01-01T07:59:59-00:00,2009-03-31T00:00:00,2030-12-31T23:59:59
AS_NP15,LOWGAP1_1_N004,AS_NP15,,2025-05-13T07:00:00-00:00,2031-01-01T07:59:59-00:00,2025-05-13T00:00:00,2030-12-31T23:59:59
AS_NP15,LOWGAP_7_N001,AS_NP15,,2009-03-31T07:00:00-00:00,2031-01-01T07:59:59-00:00,2009-03-31T00:00:00,2030-12-31T23:59:59
AS_NP15,LOWGAP_7_N002,AS_NP15,,2025-05-13T07:00:00-00:00,2031-01-01T07:59:59-00:00,2025-05-13T00:00:00,2030-12-31T23:59:59
AS_NP15,LOYOLA_6_N001,AS_NP15,,2009-03-31T07:00:00-00:00,2031-01-01T07:59:59-00:00,2009-03-31T00:00:00,2030-12-31T23:59:59
AS_NP15,LOYOLA_6_N004,AS_NP15,,2009-03-31T07:00:00-00:00,2031-01-01T07:59:59-00:00,2009-03-31T00:00:00,2030-12-31T23:59:59
AS_NP15,LPFBSP_6_N001,AS_NP15,,2009-03-31T07:00:00-00:00,2031-01-01T07:59:59-00:00,2009-03-31T00:00:00,2030-12-31T23:59:59
AS_NP15,LPFBSP_6_N003,AS_NP15,,2009-03-31T07:00:00-00:00,2031-01-01T07:59:59-00:00,2009-03-31T00:00:00,2030-12-31T23:59:59
AS_NP15,LPFLKBD_6_N001,AS_NP15,,2009-03-31T07:00:00-00:00,2031-01-01T07:59:59-00:00,2009-03-31T00:00:00,2030-12-31T23:59:59
AS_NP15,LPNJCTSS_1_B1,AS_NP15,,2017-08-17T07:00:00-00:00,2031-01-01T07:59:59-00:00,2017-08-17T00:00:00,2030-12-31T23:59:59
AS_NP15,LPSAMOA_7_N001,AS_NP15,,2009-03-31T07:00:00-00:00,2031-01-01T07:59:59-00:00,2009-03-31T00:00:00,2030-12-31T23:59:59
AS_NP15,LPSAMOA_7_N002,AS_NP15,,2009-03-31T07:00:00-00:00,2031-01-01T07:59:59-00:00,2009-03-31T00:00:00,2030-12-31T23:59:59
AS_NP15,LSGLLNS_1_N001,AS_NP15,,2009-03-31T07:00:00-00:00,2031-01-01T07:59:59-00:00,2009-03-31T00:00:00,2030-12-31T23:59:59
AS_NP15,LSGLLNS_1_N002,AS_NP15,,2009-03-31T07:00:00-00:00,2031-01-01T07:59:59-00:00,2009-03-31T00:00:00,2030-12-31T23:59:59
AS_NP15,LSGLLNS_1_N003,AS_NP15,,2009-03-31T07:00:00-00:00,2031-01-01T07:59:59-00:00,2009-03-31T00:00:00,2030-12-31T23:59:59
AS_NP15,LSMOLNO_6_N001,AS_NP15,,2009-03-31T07:00:00-00:00,2031-01-01T07:59:59-00:00,2009-03-31T00:00:00,2030-12-31T23:59:59
AS_NP15,LSNAPCC_6_N001,AS_NP15,,2009-03-31T07:00:00-00:00,2031-01-01T07:59:59-00:00,2009-03-31T00:00:00,2030-12-31T23:59:59
AS_NP15,LSPSTAS_2_N001,AS_NP15,,2025-04-16T07:00:00-00:00,2031-01-01T07:59:59-00:00,2025-04-16T00:00:00,2030-12-31T23:59:59
AS_NP15,LSPSTAS_2_N002,AS_NP15,,2025-04-16T07:00:00-00:00,2031-01-01T07:59:59-00:00,2025-04-16T00:00:00,2030-12-31T23:59:59
AS_NP15,LSPSTAS_2_N010,AS_NP15,,2025-04-16T07:00:00-00:00,2031-01-01T07:59:59-00:00,2025-04-16T00:00:00,2030-12-31T23:59:59
AS_NP15,LSPSTAS_2_N011,AS_NP15,,2009-03-31T07:00:00-00:00,2031-01-01T07:59:59-00:00,2009-03-31T00:00:00,2030-12-31T23:59:59
AS_NP15,LTBERA03_7_N001,AS_NP15,,2025-05-13T07:00:00-00:00,2031-01-01T07:59:59-00:00,2025-05-13T00:00:00,2030-12-31T23:59:59
AS_NP15,LTBERA04_7_N001,AS_NP15,,2025-05-13T07:00:00-00:00,2031-01-01T07:59:59-00:00,2025-05-13T00:00:00,2030-12-31T23:59:59
AS_NP15,LTBERA05_7_N002,AS_NP15,,2025-05-13T07:00:00-00:00,2031-01-01T07:59:59-00:00,2025-05-13T00:00:00,2030-12-31T23:59:59
AS_NP15,LTBERA06_7_N003,AS_NP15,,2025-05-13T07:00:00-00:00,2031-01-01T07:59:59-00:00,2025-05-13T00:00:00,2030-12-31T23:59:59
AS_NP15,LUCERNE_1_N001,AS_NP15,,2009-03-31T07:00:00-00:00,2031-01-01T07:59:59-00:00,2009-03-31T00:00:00,2030-12-31T23:59:59
AS_NP15,LUCERNE_1_N004,AS_NP15,,2009-03-31T07:00:00-00:00,2031-01-01T07:59:59-00:00,2009-03-31T00:00:00,2030-12-31T23:59:59
AS_NP15,LUIS#3_1_N001,AS_NP15,,2009-03-31T07:00:00-00:00,2031-01-01T07:59:59-00:00,2009-03-31T00:00:00,2030-12-31T23:59:59
AS_NP15,LUIS#5_1_N001,AS_NP15,,2009-03-31T07:00:00-00:00,2031-01-01T07:59:59-00:00,2009-03-31T00:00:00,2030-12-31T23:59:59
AS_NP15,LUNAVL_7_ND001,AS_NP15,,2025-05-13T07:00:00-00:00,2031-01-01T07:59:59-00:00,2025-05-13T00:00:00,2030-12-31T23:59:59
AS_NP15,LUNAVL_7_ND002,AS_NP15,,2025-10-15T07:00:00-00:00,2031-01-01T07:59:59-00:00,2025-10-15T00:00:00,2030-12-31T23:59:59
AS_NP15,LUNAVL_7_ND003,AS_NP15,,2025-10-15T07:00:00-00:00,2031-01-01T07:59:59-00:00,2025-10-15T00:00:00,2030-12-31T23:59:59
AS_NP15,LVNGSTN_7_N001,AS_NP15,,2025-05-13T07:00:00-00:00,2031-01-01T07:59:59-00:00,2025-05-13T00:00:00,2030-12-31T23:59:59
AS_NP15,LVNGSTN_7_N002,AS_NP15,,2023-08-31T07:00:00-00:00,2031-01-01T07:59:59-00:00,2023-08-31T00:00:00,2030-12-31T23:59:59
AS_NP15,LWDJCT_6_N003,AS_NP15,,2025-06-12T07:00:00-00:00,2031-01-01T07:59:59-00:00,2025-06-12T00:00:00,2030-12-31T23:59:59
AS_NP15,LWDJCT_6_N004,AS_NP15,,2025-06-12T07:00:00-00:00,2031-01-01T07:59:59-00:00,2025-06-12T00:00:00,2030-12-31T23:59:59
AS_NP15,LWDJCT_6_N006,AS_NP15,,2025-06-12T07:00:00-00:00,2031-01-01T07:59:59-00:00,2025-06-12T00:00:00,2030-12-31T23:59:59
AS_NP15,LYOTH-SP_6_N001,AS_NP15,,2009-03-31T07:00:00-00:00,2031-01-01T07:59:59-00:00,2009-03-31T00:00:00,2030-12-31T23:59:59
AS_NP15,LYTNVLLE_6_N001,AS_NP15,,2009-03-31T07:00:00-00:00,2031-01-01T07:59:59-00:00,2009-03-31T00:00:00,2030-12-31T23:59:59
AS_NP15,MABURY_1_N001,AS_NP15,,2009-03-31T07:00:00-00:00,2031-01-01T07:59:59-00:00,2009-03-31T00:00:00,2030-12-31T23:59:59
AS_NP15,MABURY_6_N001,AS_NP15,,2009-03-31T07:00:00-00:00,2031-01-01T07:59:59-00:00,2009-03-31T00:00:00,2030-12-31T23:59:59
AS_NP15,MADERA_6_N001,AS_NP15,,2009-03-31T07:00:00-00:00,2031-01-01T07:59:59-00:00,2009-03-31T00:00:00,2030-12-31T23:59:59
AS_NP15,MADERA_6_N004,AS_NP15,,2009-03-31T07:00:00-00:00,2031-01-01T07:59:59-00:00,2009-03-31T00:00:00,2030-12-31T23:59:59
AS_NP15,MADERA_6_N014,AS_NP15,,2011-03-31T07:00:00-00:00,2031-01-01T07:59:59-00:00,2011-03-31T00:00:00,2030-12-31T23:59:59
AS_NP15,MADISON_1_N001,AS_NP15,,2009-03-31T07:00:00-00:00,2031-01-01T07:59:59-00:00,2009-03-31T00:00:00,2030-12-31T23:59:59
AS_NP15,MADISON_1_N002,AS_NP15,,2009-03-31T07:00:00-00:00,2031-01-01T07:59:59-00:00,2009-03-31T00:00:00,2030-12-31T23:59:59
AS_NP15,MADISON_1_N201,AS_NP15,,2009-03-31T07:00:00-00:00,2031-01-01T07:59:59-00:00,2009-03-31T00:00:00,2030-12-31T23:59:59
AS_NP15,MAINE-PR_6_N001,AS_NP15,,2009-03-31T07:00:00-00:00,2031-01-01T07:59:59-00:00,2009-03-31T00:00:00,2030-12-31T23:59:59
AS_NP15,MALAGA_1_N001,AS_NP15,,2009-03-31T07:00:00-00:00,2031-01-01T07:59:59-00:00,2009-03-31T00:00:00,2030-12-31T23:59:59
AS_NP15,MALAGA_1_N004,AS_NP15,,2009-03-31T07:00:00-00:00,2031-01-01T07:59:59-00:00,2009-03-31T00:00:00,2030-12-31T23:59:59
AS_NP15,MALAGA_1_N005,AS_NP15,,2009-03-31T07:00:00-00:00,2031-01-01T07:59:59-00:00,2009-03-31T00:00:00,2030-12-31T23:59:59
AS_NP15,MALAGA_1_N206,AS_NP15,,2009-03-31T07:00:00-00:00,2031-01-01T07:59:59-00:00,2009-03-31T00:00:00,2030-12-31T23:59:59
AS_NP15,MALCHA_7_B1,AS_NP15,,2009-03-31T07:00:00-00:00,2031-01-01T07:59:59-00:00,2009-03-31T00:00:00,2030-12-31T23:59:59
AS_NP15,MANCHSTR_1_N001,AS_NP15,,2014-02-13T08:00:00-00:00,2031-01-01T07:59:59-00:00,2014-02-13T00:00:00,2030-12-31T23:59:59
AS_NP15,MANCHSTR_1_N002,AS_NP15,,2014-02-13T08:00:00-00:00,2031-01-01T07:59:59-00:00,2014-02-13T00:00:00,2030-12-31T23:59:59
AS_NP15,MANCHSTR_1_N005,AS_NP15,,2014-02-13T08:00:00-00:00,2031-01-01T07:59:59-00:00,2014-02-13T00:00:00,2030-12-31T23:59:59
AS_NP15,MANTECA_1_N001,AS_NP15,,2009-03-31T07:00:00-00:00,2031-01-01T07:59:59-00:00,2009-03-31T00:00:00,2030-12-31T23:59:59
AS_NP15,MANTECA_1_N002,AS_NP15,,2009-03-31T07:00:00-00:00,2031-01-01T07:59:59-00:00,2009-03-31T00:00:00,2030-12-31T23:59:59
AS_NP15,MANTECA_1_N012,AS_NP15,,2009-03-31T07:00:00-00:00,2031-01-01T07:59:59-00:00,2009-03-31T00:00:00,2030-12-31T23:59:59
AS_NP15,MANTECA_1_N013,AS_NP15,,2009-03-31T07:00:00-00:00,2031-01-01T07:59:59-00:00,2009-03-31T00:00:00,2030-12-31T23:59:59
AS_NP15,MANTECA_1_N033,AS_NP15,,2025-05-13T07:00:00-00:00,2031-01-01T07:59:59-00:00,2025-05-13T00:00:00,2030-12-31T23:59:59
AS_NP15,MARBLE_6_N001,AS_NP15,,2009-03-31T07:00:00-00:00,2031-01-01T07:59:59-00:00,2009-03-31T00:00:00,2030-12-31T23:59:59
AS_NP15,MARIPOS2_6_N001,AS_NP15,,2017-11-16T08:00:00-00:00,2031-01-01T07:59:59-00:00,2017-11-16T00:00:00,2030-12-31T23:59:59
AS_NP15,MARIPOS2_6_N003,AS_NP15,,2017-11-16T08:00:00-00:00,2031-01-01T07:59:59-00:00,2017-11-16T00:00:00,2030-12-31T23:59:59
AS_NP15,MARTELL_6_N001,AS_NP15,,2009-03-31T07:00:00-00:00,2031-01-01T07:59:59-00:00,2009-03-31T00:00:00,2030-12-31T23:59:59
AS_NP15,MARTINC_1_GN001,AS_NP15,,2025-05-13T07:00:00-00:00,2031-01-01T07:59:59-00:00,2025-05-13T00:00:00,2030-12-31T23:59:59
AS_NP15,MARTINC_1_LN001,AS_NP15,,2009-11-03T08:00:00-00:00,2031-01-01T07:59:59-00:00,2009-11-03T00:00:00,2030-12-31T23:59:59
AS_NP15,MARTINC_1_N715,AS_NP15,,2014-04-17T07:00:00-00:00,2031-01-01T07:59:59-00:00,2014-04-17T00:00:00,2030-12-31T23:59:59
AS_NP15,MARTINEZ_1_N001,AS_NP15,,2009-03-31T07:00:00-00:00,2031-01-01T07:59:59-00:00,2009-03-31T00:00:00,2030-12-31T23:59:59
AS_NP15,MATHEW_6_N001,AS_NP15,,2017-02-16T08:00:00-00:00,2031-01-01T07:59:59-00:00,2017-02-16T00:00:00,2030-12-31T23:59:59
AS_NP15,MATHEW_6_N002,AS_NP15,,2017-02-16T08:00:00-00:00,2031-01-01T07:59:59-00:00,2017-02-16T00:00:00,2030-12-31T23:59:59
AS_NP15,MAXWELL_6_N001,AS_NP15,,2009-03-31T07:00:00-00:00,2031-01-01T07:59:59-00:00,2009-03-31T00:00:00,2030-12-31T23:59:59
AS_NP15,MAXWELL_6_N002,AS_NP15,,2009-03-31T07:00:00-00:00,2031-01-01T07:59:59-00:00,2009-03-31T00:00:00,2030-12-31T23:59:59
AS_NP15,MCARTHR_6_N001,AS_NP15,,2009-03-31T07:00:00-00:00,2031-01-01T07:59:59-00:00,2009-03-31T00:00:00,2030-12-31T23:59:59
AS_NP15,MCARTHR_6_N002,AS_NP15,,2009-03-31T07:00:00-00:00,2031-01-01T07:59:59-00:00,2009-03-31T00:00:00,2030-12-31T23:59:59
AS_NP15,MCARTHR_6_N003,AS_NP15,,2025-05-13T07:00:00-00:00,2031-01-01T07:59:59-00:00,2025-05-13T00:00:00,2030-12-31T23:59:59
AS_NP15,MCCALL_1_N026,AS_NP15,,2009-03-31T07:00:00-00:00,2031-01-01T07:59:59-00:00,2009-03-31T00:00:00,2030-12-31T23:59:59
AS_NP15,MCCALL_1_N030,AS_NP15,,2009-03-31T07:00:00-00:00,2031-01-01T07:59:59-00:00,2009-03-31T00:00:00,2030-12-31T23:59:59
AS_NP15,MCCALL_1_N093,AS_NP15,,2025-05-13T07:00:00-00:00,2031-01-01T07:59:59-00:00,2025-05-13T00:00:00,2030-12-31T23:59:59
AS_NP15,MCDISLE_6_N001,AS_NP15,,2009-03-31T07:00:00-00:00,2031-01-01T07:59:59-00:00,2009-03-31T00:00:00,2030-12-31T23:59:59
AS_NP15,MCKEE_1_N001,AS_NP15,,2009-03-31T07:00:00-00:00,2031-01-01T07:59:59-00:00,2009-03-31T00:00:00,2030-12-31T23:59:59
AS_NP15,MCKEE_1_N005,AS_NP15,,2009-03-31T07:00:00-00:00,2031-01-01T07:59:59-00:00,2009-03-31T00:00:00,2030-12-31T23:59:59
AS_NP15,MCKEE_1_N101,AS_NP15,,2009-03-31T07:00:00-00:00,2031-01-01T07:59:59-00:00,2009-03-31T00:00:00,2030-12-31T23:59:59
AS_NP15,MCMULLN1_2_N001,AS_NP15,,2017-11-16T08:00:00-00:00,2031-01-01T07:59:59-00:00,2017-11-16T00:00:00,2030-12-31T23:59:59
AS_NP15,MCMULLN2_7_N002,AS_NP15,,2017-11-16T08:00:00-00:00,2031-01-01T07:59:59-00:00,2017-11-16T00:00:00,2030-12-31T23:59:59
AS_NP15,MCSNCK1_7_B1,AS_NP15,,2009-03-31T07:00:00-00:00,2031-01-01T07:59:59-00:00,2009-03-31T00:00:00,2030-12-31T23:59:59
AS_NP15,MCSNCK2_7_B1,AS_NP15,,2009-03-31T07:00:00-00:00,2031-01-01T07:59:59-00:00,2009-03-31T00:00:00,2030-12-31T23:59:59
AS_NP15,MCSP_6_B1,AS_NP15,,2015-10-22T07:00:00-00:00,2031-01-01T07:59:59-00:00,2015-10-22T00:00:00,2030-12-31T23:59:59
AS_NP15,MCSWAIN_6_N001,AS_NP15,,2025-05-13T07:00:00-00:00,2031-01-01T07:59:59-00:00,2025-05-13T00:00:00,2030-12-31T23:59:59
AS_NP15,MDFKRL_2_PROJCT-APND,AS_NP15,,2009-03-31T07:00:00-00:00,2031-01-01T07:59:59-00:00,2009-03-31T00:00:00,2030-12-31T23:59:59
AS_NP15,MDLRIVR_6_N001,AS_NP15,,2009-03-31T07:00:00-00:00,2031-01-01T07:59:59-00:00,2009-03-31T00:00:00,2030-12-31T23:59:59
AS_NP15,MECCTG1_7_B1,AS_NP15,,2009-03-31T07:00:00-00:00,2031-01-01T07:59:59-00:00,2009-03-31T00:00:00,2030-12-31T23:59:59
AS_NP15,MECCTG1_7_N100,AS_NP15,,2009-03-31T07:00:00-00:00,2031-01-01T07:59:59-00:00,2009-03-31T00:00:00,2030-12-31T23:59:59
AS_NP15,MECCTG2_7_B2,AS_NP15,,2009-03-31T07:00:00-00:00,2031-01-01T07:59:59-00:00,2009-03-31T00:00:00,2030-12-31T23:59:59
AS_NP15,MECCTG2_7_N100,AS_NP15,,2009-03-31T07:00:00-00:00,2031-01-01T07:59:59-00:00,2009-03-31T00:00:00,2030-12-31T23:59:59
AS_NP15,MECSTG3_7_B1,AS_NP15,,2009-03-31T07:00:00-00:00,2031-01-01T07:59:59-00:00,2009-03-31T00:00:00,2030-12-31T23:59:59
AS_NP15,MEDWLNE_1_N001,AS_NP15,,2009-03-31T07:00:00-00:00,2031-01-01T07:59:59-00:00,2009-03-31T00:00:00,2030-12-31T23:59:59
AS_NP15,MEDWLNE_1_N002,AS_NP15,,2009-03-31T07:00:00-00:00,2031-01-01T07:59:59-00:00,2009-03-31T00:00:00,2030-12-31T23:59:59
AS_NP15,MEDWLNE_1_N006,AS_NP15,,2009-03-31T07:00:00-00:00,2031-01-01T07:59:59-00:00,2009-03-31T00:00:00,2030-12-31T23:59:59
AS_NP15,MEMOREX_6_N001,AS_NP15,,2024-08-28T07:00:00-00:00,2031-01-01T07:59:59-00:00,2024-08-28T00:00:00,2030-12-31T23:59:59
AS_NP15,MEMOREX_6_N002,AS_NP15,,2024-08-28T07:00:00-00:00,2031-01-01T07:59:59-00:00,2024-08-28T00:00:00,2030-12-31T23:59:59
AS_NP15,MEMOREX_6_N003,AS_NP15,,2024-08-28T07:00:00-00:00,2031-01-01T07:59:59-00:00,2024-08-28T00:00:00,2030-12-31T23:59:59
AS_NP15,MENDOTA_1_B1,AS_NP15,,2017-08-17T07:00:00-00:00,2031-01-01T07:59:59-00:00,2017-08-17T00:00:00,2030-12-31T23:59:59
AS_NP15,MENLO_6_N001,AS_NP15,,2009-03-31T07:00:00-00:00,2031-01-01T07:59:59-00:00,2009-03-31T00:00:00,2030-12-31T23:59:59
AS_NP15,MENLO_6_N002,AS_NP15,,2009-03-31T07:00:00-00:00,2031-01-01T07:59:59-00:00,2009-03-31T00:00:00,2030-12-31T23:59:59
AS_NP15,MENLO_6_N003,AS_NP15,,2009-03-31T07:00:00-00:00,2031-01-01T07:59:59-00:00,2009-03-31T00:00:00,2030-12-31T23:59:59
AS_NP15,MENLO_6_N004,AS_NP15,,2009-03-31T07:00:00-00:00,2031-01-01T07:59:59-00:00,2009-03-31T00:00:00,2030-12-31T23:59:59
AS_NP15,MERCEDFL_7_N001,AS_NP15,,2009-03-31T07:00:00-00:00,2031-01-01T07:59:59-00:00,2009-03-31T00:00:00,2030-12-31T23:59:59
AS_NP15,MERCEDFL_7_N002,AS_NP15,,2025-05-13T07:00:00-00:00,2031-01-01T07:59:59-00:00,2025-05-13T00:00:00,2030-12-31T23:59:59
AS_NP15,MERCED_1_N001,AS_NP15,,2009-03-31T07:00:00-00:00,2031-01-01T07:59:59-00:00,2009-03-31T00:00:00,2030-12-31T23:59:59
AS_NP15,MERCED_1_N002,AS_NP15,,2014-08-28T07:00:00-00:00,2031-01-01T07:59:59-00:00,2014-08-28T00:00:00,2030-12-31T23:59:59
AS_NP15,MERCED_7_N002,AS_NP15,,2025-05-13T07:00:00-00:00,2031-01-01T07:59:59-00:00,2025-05-13T00:00:00,2030-12-31T23:59:59
AS_NP15,MERCED_7_N003,AS_NP15,,2025-05-13T07:00:00-00:00,2031-01-01T07:59:59-00:00,2025-05-13T00:00:00,2030-12-31T23:59:59
AS_NP15,MERIDIAN_6_N101,AS_NP15,,2013-05-09T07:00:00-00:00,2031-01-01T07:59:59-00:00,2013-05-09T00:00:00,2030-12-31T23:59:59
AS_NP15,METCALF_1_N018,AS_NP15,,2009-03-31T07:00:00-00:00,2031-01-01T07:59:59-00:00,2009-03-31T00:00:00,2030-12-31T23:59:59
AS_NP15,METCALF_1_N044,AS_NP15,,2009-03-31T07:00:00-00:00,2031-01-01T07:59:59-00:00,2009-03-31T00:00:00,2030-12-31T23:59:59
AS_NP15,METEC_2_PL1X3-APND,AS_NP15,,2009-03-31T07:00:00-00:00,2031-01-01T07:59:59-00:00,2009-03-31T00:00:00,2030-12-31T23:59:59
AS_NP15,METTLER_6_N001,AS_NP15,,2009-03-31T07:00:00-00:00,2031-01-01T07:59:59-00:00,2009-03-31T00:00:00,2030-12-31T23:59:59
AS_NP15,MI-WUK_1_N001,AS_NP15,,2020-03-18T07:00:00-00:00,2031-01-01T07:59:59-00:00,2020-03-18T00:00:00,2030-12-31T23:59:59
AS_NP15,MIDDLTWN_6_N002,AS_NP15,,2009-03-31T07:00:00-00:00,2031-01-01T07:59:59-00:00,2009-03-31T00:00:00,2030-12-31T23:59:59
AS_NP15,MIDDLTWN_6_N101,AS_NP15,,2009-03-31T07:00:00-00:00,2031-01-01T07:59:59-00:00,2009-03-31T00:00:00,2030-12-31T23:59:59
AS_NP15,MIDLFORK_2_B1,AS_NP15,,2017-08-17T07:00:00-00:00,2031-01-01T07:59:59-00:00,2017-08-17T00:00:00,2030-12-31T23:59:59
AS_NP15,MIDLFORK_7_B1,AS_NP15,,2009-03-31T07:00:00-00:00,2031-01-01T07:59:59-00:00,2009-03-31T00:00:00,2030-12-31T23:59:59
AS_NP15,MIDLFORK_7_B3,AS_NP15,,2009-03-31T07:00:00-00:00,2031-01-01T07:59:59-00:00,2009-03-31T00:00:00,2030-12-31T23:59:59
AS_NP15,MILLBRAE_1_N001,AS_NP15,,2009-03-31T07:00:00-00:00,2031-01-01T07:59:59-00:00,2009-03-31T00:00:00,2030-12-31T23:59:59
AS_NP15,MILLBRAE_1_N004,AS_NP15,,2009-03-31T07:00:00-00:00,2031-01-01T07:59:59-00:00,2009-03-31T00:00:00,2030-12-31T23:59:59
AS_NP15,MILLBRAE_1_N007,AS_NP15,,2009-03-31T07:00:00-00:00,2031-01-01T07:59:59-00:00,2009-03-31T00:00:00,2030-12-31T23:59:59
AS_NP15,MILLBRAE_1_N201,AS_NP15,,2009-03-31T07:00:00-00:00,2031-01-01T07:59:59-00:00,2009-03-31T00:00:00,2030-12-31T23:59:59
AS_NP15,MILLBRAE_6_N001,AS_NP15,,2009-03-31T07:00:00-00:00,2031-01-01T07:59:59-00:00,2009-03-31T00:00:00,2030-12-31T23:59:59
AS_NP15,MILLER_1_N001,AS_NP15,,2009-03-31T07:00:00-00:00,2031-01-01T07:59:59-00:00,2009-03-31T00:00:00,2030-12-31T23:59:59
AS_NP15,MILPITAS_1_N001,AS_NP15,,2009-03-31T07:00:00-00:00,2031-01-01T07:59:59-00:00,2009-03-31T00:00:00,2030-12-31T23:59:59
AS_NP15,MILPITAS_1_N003,AS_NP15,,2009-03-31T07:00:00-00:00,2031-01-01T07:59:59-00:00,2009-03-31T00:00:00,2030-12-31T23:59:59
AS_NP15,MILPITAS_1_N005,AS_NP15,,2009-03-31T07:00:00-00:00,2031-01-01T07:59:59-00:00,2009-03-31T00:00:00,2030-12-31T23:59:59
AS_NP15,MILPITAS_1_N006,AS_NP15,,2009-03-31T07:00:00-00:00,2031-01-01T07:59:59-00:00,2009-03-31T00:00:00,2030-12-31T23:59:59
AS_NP15,MILPITAS_1_N008,AS_NP15,,2025-05-13T07:00:00-00:00,2031-01-01T07:59:59-00:00,2025-05-13T00:00:00,2030-12-31T23:59:59
AS_NP15,MIRABEL_6_N001,AS_NP15,,2009-03-31T07:00:00-00:00,2031-01-01T07:59:59-00:00,2009-03-31T00:00:00,2030-12-31T23:59:59
AS_NP15,MISSION_6_N002,AS_NP15,,2017-02-16T08:00:00-00:00,2031-01-01T07:59:59-00:00,2017-02-16T00:00:00,2030-12-31T23:59:59
AS_NP15,MISSION_6_N003,AS_NP15,,2017-02-16T08:00:00-00:00,2031-01-01T07:59:59-00:00,2017-02-16T00:00:00,2030-12-31T23:59:59
AS_NP15,MISSION_6_N004,AS_NP15,,2017-02-16T08:00:00-00:00,2031-01-01T07:59:59-00:00,2017-02-16T00:00:00,2030-12-31T23:59:59
AS_NP15,MISSIX_7_N006,AS_NP15,,2013-02-28T08:00:00-00:00,2031-01-01T07:59:59-00:00,2013-02-28T00:00:00,2030-12-31T23:59:59
AS_NP15,MISSIX_7_N007,AS_NP15,,2013-02-28T08:00:00-00:00,2031-01-01T07:59:59-00:00,2013-02-28T00:00:00,2030-12-31T23:59:59
AS_NP15,MISSIX_7_N008,AS_NP15,,2013-02-28T08:00:00-00:00,2031-01-01T07:59:59-00:00,2013-02-28T00:00:00,2030-12-31T23:59:59
AS_NP15,MISSON_1_N015,AS_NP15,,2025-05-13T07:00:00-00:00,2031-01-01T07:59:59-00:00,2025-05-13T00:00:00,2030-12-31T23:59:59
AS_NP15,MNDCTP_6_N001,AS_NP15,,2012-06-14T07:00:00-00:00,2031-01-01T07:59:59-00:00,2012-06-14T00:00:00,2030-12-31T23:59:59
AS_NP15,MOCCASIN_1_N009,AS_NP15,,2009-03-31T07:00:00-00:00,2031-01-01T07:59:59-00:00,2009-03-31T00:00:00,2030-12-31T23:59:59
AS_NP15,MOFTFLD_1_N002,AS_NP15,,2009-03-31T07:00:00-00:00,2031-01-01T07:59:59-00:00,2009-03-31T00:00:00,2030-12-31T23:59:59
AS_NP15,MOLINO_6_N002,AS_NP15,,2009-03-31T07:00:00-00:00,2031-01-01T07:59:59-00:00,2009-03-31T00:00:00,2030-12-31T23:59:59
AS_NP15,MOLINO_6_N101,AS_NP15,,2009-03-31T07:00:00-00:00,2031-01-01T07:59:59-00:00,2009-03-31T00:00:00,2030-12-31T23:59:59
AS_NP15,MONARCH_6_N001,AS_NP15,,2009-03-31T07:00:00-00:00,2031-01-01T07:59:59-00:00,2009-03-31T00:00:00,2030-12-31T23:59:59
AS_NP15,MONDAVI_6_N001,AS_NP15,,2009-03-31T07:00:00-00:00,2031-01-01T07:59:59-00:00,2009-03-31T00:00:00,2030-12-31T23:59:59
AS_NP15,MONROE_1_N001,AS_NP15,,2009-03-31T07:00:00-00:00,2031-01-01T07:59:59-00:00,2009-03-31T00:00:00,2030-12-31T23:59:59
AS_NP15,MONROE_1_N002,AS_NP15,,2009-03-31T07:00:00-00:00,2031-01-01T07:59:59-00:00,2009-03-31T00:00:00,2030-12-31T23:59:59
AS_NP15,MONROE_1_N101,AS_NP15,,2009-03-31T07:00:00-00:00,2031-01-01T07:59:59-00:00,2009-03-31T00:00:00,2030-12-31T23:59:59
AS_NP15,MONTAGUE_1_N001,AS_NP15,,2009-03-31T07:00:00-00:00,2031-01-01T07:59:59-00:00,2009-03-31T00:00:00,2030-12-31T23:59:59
AS_NP15,MONTAGUE_1_N006,AS_NP15,,2009-03-31T07:00:00-00:00,2031-01-01T07:59:59-00:00,2009-03-31T00:00:00,2030-12-31T23:59:59
AS_NP15,MONTAGUE_1_N007,AS_NP15,,2009-03-31T07:00:00-00:00,2031-01-01T07:59:59-00:00,2009-03-31T00:00:00,2030-12-31T23:59:59
AS_NP15,MONTAGUE_1_N011,AS_NP15,,2023-05-05T07:00:00-00:00,2031-01-01T07:59:59-00:00,2023-05-05T00:00:00,2030-12-31T23:59:59
AS_NP15,MONTCLLO_1_N008,AS_NP15,,2009-03-31T07:00:00-00:00,2031-01-01T07:59:59-00:00,2009-03-31T00:00:00,2030-12-31T23:59:59
AS_NP15,MONTEREY_6_N001,AS_NP15,,2009-03-31T07:00:00-00:00,2031-01-01T07:59:59-00:00,2009-03-31T00:00:00,2030-12-31T23:59:59
AS_NP15,MONTEREY_6_N004,AS_NP15,,2025-08-13T07:00:00-00:00,2031-01-01T07:59:59-00:00,2025-08-13T00:00:00,2030-12-31T23:59:59
AS_NP15,MONTEREY_6_NLD2,AS_NP15,,2025-08-13T07:00:00-00:00,2031-01-01T07:59:59-00:00,2025-08-13T00:00:00,2030-12-31T23:59:59
AS_NP15,MONTERO_6_N001,AS_NP15,,2009-03-31T07:00:00-00:00,2031-01-01T07:59:59-00:00,2009-03-31T00:00:00,2030-12-31T23:59:59
AS_NP15,MONTERO_6_N004,AS_NP15,,2009-03-31T07:00:00-00:00,2031-01-01T07:59:59-00:00,2009-03-31T00:00:00,2030-12-31T23:59:59
AS_NP15,MONTICLO_7_N001,AS_NP15,,2023-05-05T07:00:00-00:00,2031-01-01T07:59:59-00:00,2023-05-05T00:00:00,2030-12-31T23:59:59
AS_NP15,MONTICLO_7_N002,AS_NP15,,2023-05-05T07:00:00-00:00,2031-01-01T07:59:59-00:00,2023-05-05T00:00:00,2030-12-31T23:59:59
AS_NP15,MONTICLO_7_N003,AS_NP15,,2023-05-05T07:00:00-00:00,2031-01-01T07:59:59-00:00,2023-05-05T00:00:00,2030-12-31T23:59:59
AS_NP15,MONTPH_7_UNITS-APND,AS_NP15,,2009-03-31T07:00:00-00:00,2031-01-01T07:59:59-00:00,2009-03-31T00:00:00,2030-12-31T23:59:59
AS_NP15,MORAGA_1_N001,AS_NP15,,2009-03-31T07:00:00-00:00,2031-01-01T07:59:59-00:00,2009-03-31T00:00:00,2030-12-31T23:59:59
AS_NP15,MORMON_6_N001,AS_NP15,,2009-03-31T07:00:00-00:00,2031-01-01T07:59:59-00:00,2009-03-31T00:00:00,2030-12-31T23:59:59
AS_NP15,MOSSLDB_2_B1,AS_NP15,,2017-08-17T07:00:00-00:00,2031-01-01T07:59:59-00:00,2017-08-17T00:00:00,2030-12-31T23:59:59
AS_NP15,MOSSLD_1_N001,AS_NP15,,2020-07-09T07:00:00-00:00,2031-01-01T07:59:59-00:00,2020-07-09T00:00:00,2030-12-31T23:59:59
AS_NP15,MOSSLD_1_N055,AS_NP15,,2009-03-31T07:00:00-00:00,2031-01-01T07:59:59-00:00,2009-03-31T00:00:00,2030-12-31T23:59:59
AS_NP15,MOSSLD_2_PSP1-APND,AS_NP15,,2009-03-31T07:00:00-00:00,2031-01-01T07:59:59-00:00,2009-03-31T00:00:00,2030-12-31T23:59:59
AS_NP15,MOSSLD_2_PSP2-APND,AS_NP15,,2009-03-31T07:00:00-00:00,2031-01-01T07:59:59-00:00,2009-03-31T00:00:00,2030-12-31T23:59:59
AS_NP15,MOSSLND6_7_B2,AS_NP15,,2014-04-17T07:00:00-00:00,2031-01-01T07:59:59-00:00,2014-04-17T00:00:00,2030-12-31T23:59:59
AS_NP15,MOSSLND6_7_ND001,AS_NP15,,2009-03-31T07:00:00-00:00,2031-01-01T07:59:59-00:00,2009-03-31T00:00:00,2030-12-31T23:59:59
AS_NP15,MOSSLND7_7_B2,AS_NP15,,2014-04-17T07:00:00-00:00,2031-01-01T07:59:59-00:00,2014-04-17T00:00:00,2030-12-31T23:59:59
AS_NP15,MOSSLND7_7_ND001,AS_NP15,,2009-03-31T07:00:00-00:00,2031-01-01T07:59:59-00:00,2009-03-31T00:00:00,2030-12-31T23:59:59
AS_NP15,MPETAP_1_B1,AS_NP15,,2017-08-17T07:00:00-00:00,2031-01-01T07:59:59-00:00,2017-08-17T00:00:00,2030-12-31T23:59:59
AS_NP15,MPLECRK_6_N001,AS_NP15,,2009-03-31T07:00:00-00:00,2031-01-01T07:59:59-00:00,2009-03-31T00:00:00,2030-12-31T23:59:59
AS_NP15,MREIS-Q_1_N001,AS_NP15,,2014-04-17T07:00:00-00:00,2031-01-01T07:59:59-00:00,2014-04-17T00:00:00,2030-12-31T23:59:59
AS_NP15,MREISQ_1_N007,AS_NP15,,2014-04-17T07:00:00-00:00,2031-01-01T07:59:59-00:00,2014-04-17T00:00:00,2030-12-31T23:59:59
AS_NP15,MRGNHIL_1_N001,AS_NP15,,2009-03-31T07:00:00-00:00,2031-01-01T07:59:59-00:00,2009-03-31T00:00:00,2030-12-31T23:59:59
AS_NP15,MRGNHIL_1_N004,AS_NP15,,2009-03-31T07:00:00-00:00,2031-01-01T07:59:59-00:00,2009-03-31T00:00:00,2030-12-31T23:59:59
AS_NP15,MRGNHIL_1_N007,AS_NP15,,2009-03-31T07:00:00-00:00,2031-01-01T07:59:59-00:00,2009-03-31T00:00:00,2030-12-31T23:59:59
AS_NP15,MRYSVLLE_6_N001,AS_NP15,,2019-05-23T07:00:00-00:00,2031-01-01T07:59:59-00:00,2019-05-23T00:00:00,2030-12-31T23:59:59
AS_NP15,MRYSVLLE_6_N003,AS_NP15,,2019-05-23T07:00:00-00:00,2031-01-01T07:59:59-00:00,2019-05-23T00:00:00,2030-12-31T23:59:59
AS_NP15,MSHR60V_6_N001,AS_NP15,,2014-11-13T08:00:00-00:00,2031-01-01T07:59:59-00:00,2014-11-13T00:00:00,2030-12-31T23:59:59
AS_NP15,MSHR60V_6_N006,AS_NP15,,2014-11-13T08:00:00-00:00,2031-01-01T07:59:59-00:00,2014-11-13T00:00:00,2030-12-31T23:59:59
AS_NP15,MSHR60V_6_N014,AS_NP15,,2013-11-21T08:00:00-00:00,2031-01-01T07:59:59-00:00,2013-11-21T00:00:00,2030-12-31T23:59:59
AS_NP15,MTEDEN_1_N001,AS_NP15,,2009-03-31T07:00:00-00:00,2031-01-01T07:59:59-00:00,2009-03-31T00:00:00,2030-12-31T23:59:59
AS_NP15,MTEDEN_1_N005,AS_NP15,,2009-03-31T07:00:00-00:00,2031-01-01T07:59:59-00:00,2009-03-31T00:00:00,2030-12-31T23:59:59
AS_NP15,MTEDEN_1_N009,AS_NP15,,2009-03-31T07:00:00-00:00,2031-01-01T07:59:59-00:00,2009-03-31T00:00:00,2030-12-31T23:59:59
AS_NP15,MTNGATE_6_N001,AS_NP15,,2009-03-31T07:00:00-00:00,2031-01-01T07:59:59-00:00,2009-03-31T00:00:00,2030-12-31T23:59:59
AS_NP15,MTNQUAR_6_N001,AS_NP15,,2009-03-31T07:00:00-00:00,2031-01-01T07:59:59-00:00,2009-03-31T00:00:00,2030-12-31T23:59:59
AS_NP15,MTVIEW_1_GN001,AS_NP15,,2009-12-17T08:00:00-00:00,2031-01-01T07:59:59-00:00,2009-12-17T00:00:00,2030-12-31T23:59:59
AS_NP15,MTVIEW_1_N001,AS_NP15,,2009-03-31T07:00:00-00:00,2031-01-01T07:59:59-00:00,2009-03-31T00:00:00,2030-12-31T23:59:59
AS_NP15,MTVIEW_1_N004,AS_NP15,,2009-03-31T07:00:00-00:00,2031-01-01T07:59:59-00:00,2009-03-31T00:00:00,2030-12-31T23:59:59
AS_NP15,MTVIEW_1_N005,AS_NP15,,2009-03-31T07:00:00-00:00,2031-01-01T07:59:59-00:00,2009-03-31T00:00:00,2030-12-31T23:59:59
AS_NP15,MTZUMA2_7_B1,AS_NP15,,2025-05-13T07:00:00-00:00,2031-01-01T07:59:59-00:00,2025-05-13T00:00:00,2030-12-31T23:59:59
AS_NP15,MUSLSLGH_6_N001,AS_NP15,,2009-03-31T07:00:00-00:00,2031-01-01T07:59:59-00:00,2009-03-31T00:00:00,2030-12-31T23:59:59
AS_NP15,MUSTANGS_2_B1,AS_NP15,,2017-08-17T07:00:00-00:00,2031-01-01T07:59:59-00:00,2017-08-17T00:00:00,2030-12-31T23:59:59
AS_NP15,NAJ_6_N003,AS_NP15,,2017-02-16T08:00:00-00:00,2031-01-01T07:59:59-00:00,2017-02-16T00:00:00,2030-12-31T23:59:59
AS_NP15,NAPA_6_N002,AS_NP15,,2017-02-16T08:00:00-00:00,2031-01-01T07:59:59-00:00,2017-02-16T00:00:00,2030-12-31T23:59:59
AS_NP15,NAPA_6_N003,AS_NP15,,2009-03-31T07:00:00-00:00,2031-01-01T07:59:59-00:00,2009-03-31T00:00:00,2030-12-31T23:59:59
AS_NP15,NAPA_6_N004,AS_NP15,,2009-03-31T07:00:00-00:00,2031-01-01T07:59:59-00:00,2009-03-31T00:00:00,2030-12-31T23:59:59
AS_NP15,NAPA_6_N005,AS_NP15,,2009-03-31T07:00:00-00:00,2031-01-01T07:59:59-00:00,2009-03-31T00:00:00,2030-12-31T23:59:59
AS_NP15,NARROWS1_7_B1,AS_NP15,,2009-03-31T07:00:00-00:00,2031-01-01T07:59:59-00:00,2009-03-31T00:00:00,2030-12-31T23:59:59
AS_NP15,NARROWS1_7_N001,AS_NP15,,2009-03-31T07:00:00-00:00,2031-01-01T07:59:59-00:00,2009-03-31T00:00:00,2030-12-31T23:59:59
AS_NP15,NARROWS2_7_B1,AS_NP15,,2009-03-31T07:00:00-00:00,2031-01-01T07:59:59-00:00,2009-03-31T00:00:00,2030-12-31T23:59:59
AS_NP15,NAVYLAB_6_N101,AS_NP15,,2017-11-16T08:00:00-00:00,2031-01-01T07:59:59-00:00,2017-11-16T00:00:00,2030-12-31T23:59:59
AS_NP15,NBRANCH_6_N001,AS_NP15,,2021-11-17T08:00:00-00:00,2031-01-01T07:59:59-00:00,2021-11-17T00:00:00,2030-12-31T23:59:59
AS_NP15,NCPA1GY1_7_B2,AS_NP15,,2009-03-31T07:00:00-00:00,2031-01-01T07:59:59-00:00,2009-03-31T00:00:00,2030-12-31T23:59:59
AS_NP15,NCPA1GY1_7_N001,AS_NP15,,2009-03-31T07:00:00-00:00,2031-01-01T07:59:59-00:00,2009-03-31T00:00:00,2030-12-31T23:59:59
AS_NP15,NCPA1GY2_7_B2,AS_NP15,,2009-03-31T07:00:00-00:00,2031-01-01T07:59:59-00:00,2009-03-31T00:00:00,2030-12-31T23:59:59
AS_NP15,NCPA1GY2_7_N001,AS_NP15,,2009-03-31T07:00:00-00:00,2031-01-01T07:59:59-00:00,2009-03-31T00:00:00,2030-12-31T23:59:59
AS_NP15,NCPA2GY1_7_B2,AS_NP15,,2009-03-31T07:00:00-00:00,2031-01-01T07:59:59-00:00,2009-03-31T00:00:00,2030-12-31T23:59:59
AS_NP15,NCPA2GY1_7_N001,AS_NP15,,2009-03-31T07:00:00-00:00,2031-01-01T07:59:59-00:00,2009-03-31T00:00:00,2030-12-31T23:59:59
AS_NP15,NCPA2GY2_7_B2,AS_NP15,,2009-03-31T07:00:00-00:00,2031-01-01T07:59:59-00:00,2009-03-31T00:00:00,2030-12-31T23:59:59
AS_NP15,NCPA2GY2_7_N001,AS_NP15,,2009-03-31T07:00:00-00:00,2031-01-01T07:59:59-00:00,2009-03-31T00:00:00,2030-12-31T23:59:59
AS_NP15,NDUBLIN_2_N002,AS_NP15,,2009-03-31T07:00:00-00:00,2031-01-01T07:59:59-00:00,2009-03-31T00:00:00,2030-12-31T23:59:59
AS_NP15,NEORBLF_7_B1,AS_NP15,,2025-05-13T07:00:00-00:00,2031-01-01T07:59:59-00:00,2025-05-13T00:00:00,2030-12-31T23:59:59
AS_NP15,NEWARKD_1_N001,AS_NP15,,2009-03-31T07:00:00-00:00,2031-01-01T07:59:59-00:00,2009-03-31T00:00:00,2030-12-31T23:59:59
AS_NP15,NEWARKD_1_N012,AS_NP15,,2009-03-31T07:00:00-00:00,2031-01-01T07:59:59-00:00,2009-03-31T00:00:00,2030-12-31T23:59:59
AS_NP15,NEWARKD_1_N126,AS_NP15,,2025-05-13T07:00:00-00:00,2031-01-01T07:59:59-00:00,2025-05-13T00:00:00,2030-12-31T23:59:59
AS_NP15,NEWBURG_6_N001,AS_NP15,,2009-03-31T07:00:00-00:00,2031-01-01T07:59:59-00:00,2009-03-31T00:00:00,2030-12-31T23:59:59
AS_NP15,NEWBURG_6_N003,AS_NP15,,2009-03-31T07:00:00-00:00,2031-01-01T07:59:59-00:00,2009-03-31T00:00:00,2030-12-31T23:59:59
AS_NP15,NEWCJ1_1_B1,AS_NP15,,2017-08-17T07:00:00-00:00,2031-01-01T07:59:59-00:00,2017-08-17T00:00:00,2030-12-31T23:59:59
AS_NP15,NEWCSTLE_7_B1,AS_NP15,,2023-05-05T07:00:00-00:00,2031-01-01T07:59:59-00:00,2023-05-05T00:00:00,2030-12-31T23:59:59
AS_NP15,NEWHALL_1_N001,AS_NP15,,2009-03-31T07:00:00-00:00,2031-01-01T07:59:59-00:00,2009-03-31T00:00:00,2030-12-31T23:59:59
AS_NP15,NEWHALL_1_N002,AS_NP15,,2009-03-31T07:00:00-00:00,2031-01-01T07:59:59-00:00,2009-03-31T00:00:00,2030-12-31T23:59:59
AS_NP15,NEWHOPE_6_N001,AS_NP15,,2009-03-31T07:00:00-00:00,2031-01-01T07:59:59-00:00,2009-03-31T00:00:00,2030-12-31T23:59:59
AS_NP15,NEWMAN_6_B2,AS_NP15,,2012-03-22T07:00:00-00:00,2031-01-01T07:59:59-00:00,2012-03-22T00:00:00,2030-12-31T23:59:59
AS_NP15,NEWMAN_6_N001,AS_NP15,,2009-03-31T07:00:00-00:00,2031-01-01T07:59:59-00:00,2009-03-31T00:00:00,2030-12-31T23:59:59
AS_NP15,NEWSPICE_7_B1,AS_NP15,,2023-05-05T07:00:00-00:00,2031-01-01T07:59:59-00:00,2023-05-05T00:00:00,2030-12-31T23:59:59
AS_NP15,NEWSPICE_7_B3,AS_NP15,,2023-05-05T07:00:00-00:00,2031-01-01T07:59:59-00:00,2023-05-05T00:00:00,2030-12-31T23:59:59
AS_NP15,NEWSPICE_7_B4,AS_NP15,,2023-05-05T07:00:00-00:00,2031-01-01T07:59:59-00:00,2023-05-05T00:00:00,2030-12-31T23:59:59
AS_NP15,NHGNDM_7_N001,AS_NP15,,2023-05-05T07:00:00-00:00,2031-01-01T07:59:59-00:00,2023-05-05T00:00:00,2030-12-31T23:59:59
AS_NP15,NHGNDM_7_N002,AS_NP15,,2023-05-05T07:00:00-00:00,2031-01-01T07:59:59-00:00,2023-05-05T00:00:00,2030-12-31T23:59:59
AS_NP15,NHOGAN_6_UNITS-APND,AS_NP15,,2009-03-31T07:00:00-00:00,2031-01-01T07:59:59-00:00,2009-03-31T00:00:00,2030-12-31T23:59:59
AS_NP15,NOOSA_7_N001,AS_NP15,,2024-12-18T08:00:00-00:00,2031-01-01T07:59:59-00:00,2024-12-18T00:00:00,2030-12-31T23:59:59
AS_NP15,NORCNV_7_ND002,AS_NP15,,2025-05-13T07:00:00-00:00,2031-01-01T07:59:59-00:00,2025-05-13T00:00:00,2030-12-31T23:59:59
AS_NP15,NORD1_1_N001,AS_NP15,,2009-03-31T07:00:00-00:00,2031-01-01T07:59:59-00:00,2009-03-31T00:00:00,2030-12-31T23:59:59
AS_NP15,NORD1_1_N003,AS_NP15,,2009-03-31T07:00:00-00:00,2031-01-01T07:59:59-00:00,2009-03-31T00:00:00,2030-12-31T23:59:59
AS_NP15,NORTECH_1_N001,AS_NP15,,2009-03-31T07:00:00-00:00,2031-01-01T07:59:59-00:00,2009-03-31T00:00:00,2030-12-31T23:59:59
AS_NP15,NORTECH_1_N008,AS_NP15,,2015-04-23T07:00:00-00:00,2031-01-01T07:59:59-00:00,2015-04-23T00:00:00,2030-12-31T23:59:59
AS_NP15,NORTHWES_6_N001,AS_NP15,,2017-02-16T08:00:00-00:00,2031-01-01T07:59:59-00:00,2017-02-16T00:00:00,2030-12-31T23:59:59
AS_NP15,NORTHWES_6_N002,AS_NP15,,2017-02-16T08:00:00-00:00,2031-01-01T07:59:59-00:00,2017-02-16T00:00:00,2030-12-31T23:59:59
AS_NP15,NORTHWES_7_N005,AS_NP15,,2023-07-27T07:00:00-00:00,2031-01-01T07:59:59-00:00,2023-07-27T00:00:00,2030-12-31T23:59:59
AS_NP15,NOTRDAME_1_N001,AS_NP15,,2009-03-31T07:00:00-00:00,2031-01-01T07:59:59-00:00,2009-03-31T00:00:00,2030-12-31T23:59:59
AS_NP15,NOVATO_6_N001,AS_NP15,,2009-03-31T07:00:00-00:00,2031-01-01T07:59:59-00:00,2009-03-31T00:00:00,2030-12-31T23:59:59
AS_NP15,NOVATO_6_N002,AS_NP15,,2016-08-18T07:00:00-00:00,2031-01-01T07:59:59-00:00,2016-08-18T00:00:00,2030-12-31T23:59:59
AS_NP15,NRRW2TP1_6_N002,AS_NP15,,2009-03-31T07:00:00-00:00,2031-01-01T07:59:59-00:00,2009-03-31T00:00:00,2030-12-31T23:59:59
AS_NP15,NRRWS1TP_6_B1,AS_NP15,,2017-08-17T07:00:00-00:00,2031-01-01T07:59:59-00:00,2017-08-17T00:00:00,2030-12-31T23:59:59
AS_NP15,NRRWS2TP_6_B1,AS_NP15,,2017-08-17T07:00:00-00:00,2031-01-01T07:59:59-00:00,2017-08-17T00:00:00,2030-12-31T23:59:59
AS_NP15,NRTHGRUM_6_N001,AS_NP15,,2009-03-31T07:00:00-00:00,2031-01-01T07:59:59-00:00,2009-03-31T00:00:00,2030-12-31T23:59:59
AS_NP15,NRTHTWR_1_N001,AS_NP15,,2009-03-31T07:00:00-00:00,2031-01-01T07:59:59-00:00,2009-03-31T00:00:00,2030-12-31T23:59:59
AS_NP15,NRTHTWR_1_N002,AS_NP15,,2009-03-31T07:00:00-00:00,2031-01-01T07:59:59-00:00,2009-03-31T00:00:00,2030-12-31T23:59:59
AS_NP15,NRTHTWR_1_N004,AS_NP15,,2009-03-31T07:00:00-00:00,2031-01-01T07:59:59-00:00,2009-03-31T00:00:00,2030-12-31T23:59:59
AS_NP15,NRTHTWR_1_N010,AS_NP15,,2013-09-19T07:00:00-00:00,2031-01-01T07:59:59-00:00,2013-09-19T00:00:00,2030-12-31T23:59:59
AS_NP15,NUMITAP_1_N003,AS_NP15,,2009-03-31T07:00:00-00:00,2031-01-01T07:59:59-00:00,2009-03-31T00:00:00,2030-12-31T23:59:59
AS_NP15,NVYSCHL_6_N001,AS_NP15,,2017-11-16T08:00:00-00:00,2031-01-01T07:59:59-00:00,2017-11-16T00:00:00,2030-12-31T23:59:59
AS_NP15,NWKDIST_2_N001,AS_NP15,,2009-03-31T07:00:00-00:00,2031-01-01T07:59:59-00:00,2009-03-31T00:00:00,2030-12-31T23:59:59
AS_NP15,NWKDIST_2_N004,AS_NP15,,2009-03-31T07:00:00-00:00,2031-01-01T07:59:59-00:00,2009-03-31T00:00:00,2030-12-31T23:59:59
AS_NP15,NWKDIST_2_N017,AS_NP15,,2026-02-11T08:00:00-00:00,2031-01-01T07:59:59-00:00,2026-02-11T00:00:00,2030-12-31T23:59:59
AS_NP15,OAKC12_7_N002,AS_NP15,,2009-03-31T07:00:00-00:00,2031-01-01T07:59:59-00:00,2009-03-31T00:00:00,2030-12-31T23:59:59
AS_NP15,OAKC12_7_N008,AS_NP15,,2011-12-21T08:00:00-00:00,2031-01-01T07:59:59-00:00,2011-12-21T00:00:00,2030-12-31T23:59:59
AS_NP15,OAKC12_7_N009,AS_NP15,,2011-12-21T08:00:00-00:00,2031-01-01T07:59:59-00:00,2011-12-21T00:00:00,2030-12-31T23:59:59
AS_NP15,OAKC12_7_N010,AS_NP15,,2011-12-21T08:00:00-00:00,2031-01-01T07:59:59-00:00,2011-12-21T00:00:00,2030-12-31T23:59:59
AS_NP15,OAKC12_7_N012,AS_NP15,,2025-05-13T07:00:00-00:00,2031-01-01T07:59:59-00:00,2025-05-13T00:00:00,2030-12-31T23:59:59
AS_NP15,OAKHURST_1_N001,AS_NP15,,2009-03-31T07:00:00-00:00,2031-01-01T07:59:59-00:00,2009-03-31T00:00:00,2030-12-31T23:59:59
AS_NP15,OAKHURST_1_N002,AS_NP15,,2012-06-14T07:00:00-00:00,2031-01-01T07:59:59-00:00,2012-06-14T00:00:00,2030-12-31T23:59:59
AS_NP15,OAKLAND_1_N001,AS_NP15,,2019-05-23T07:00:00-00:00,2031-01-01T07:59:59-00:00,2019-05-23T00:00:00,2030-12-31T23:59:59
AS_NP15,OAKLAND_1_N006,AS_NP15,,2009-03-31T07:00:00-00:00,2031-01-01T07:59:59-00:00,2009-03-31T00:00:00,2030-12-31T23:59:59
AS_NP15,OAKLAND_1_N033,AS_NP15,,2009-03-31T07:00:00-00:00,2031-01-01T07:59:59-00:00,2009-03-31T00:00:00,2030-12-31T23:59:59
AS_NP15,OAKLND12_7_N001,AS_NP15,,2025-10-15T07:00:00-00:00,2031-01-01T07:59:59-00:00,2025-10-15T00:00:00,2030-12-31T23:59:59
AS_NP15,OAKLND3_7_N001,AS_NP15,,2025-10-15T07:00:00-00:00,2031-01-01T07:59:59-00:00,2025-10-15T00:00:00,2030-12-31T23:59:59
AS_NP15,OAKLND3_7_N002,AS_NP15,,2022-07-28T07:00:00-00:00,2031-01-01T07:59:59-00:00,2022-07-28T00:00:00,2030-12-31T23:59:59
AS_NP15,OAKPARK_6_N001,AS_NP15,,2009-03-31T07:00:00-00:00,2031-01-01T07:59:59-00:00,2009-03-31T00:00:00,2030-12-31T23:59:59
AS_NP15,OAKSJCT_7_N001,AS_NP15,,2023-07-27T07:00:00-00:00,2031-01-01T07:59:59-00:00,2023-07-27T00:00:00,2030-12-31T23:59:59
AS_NP15,OAKSJCT_7_N002,AS_NP15,,2023-07-27T07:00:00-00:00,2031-01-01T07:59:59-00:00,2023-07-27T00:00:00,2030-12-31T23:59:59
AS_NP15,OIGLASS_1_N001,AS_NP15,,2009-03-31T07:00:00-00:00,2031-01-01T07:59:59-00:00,2009-03-31T00:00:00,2030-12-31T23:59:59
AS_NP15,OILFLDS_6_N001,AS_NP15,,2009-03-31T07:00:00-00:00,2031-01-01T07:59:59-00:00,2009-03-31T00:00:00,2030-12-31T23:59:59
AS_NP15,OILFLDS_6_N007,AS_NP15,,2009-03-31T07:00:00-00:00,2031-01-01T07:59:59-00:00,2009-03-31T00:00:00,2030-12-31T23:59:59
AS_NP15,OILFLDS_6_N009,AS_NP15,,2025-05-13T07:00:00-00:00,2031-01-01T07:59:59-00:00,2025-05-13T00:00:00,2030-12-31T23:59:59
AS_NP15,OLEMA_6_N001,AS_NP15,,2009-03-31T07:00:00-00:00,2031-01-01T07:59:59-00:00,2009-03-31T00:00:00,2030-12-31T23:59:59
AS_NP15,OLETA_6_N001,AS_NP15,,2009-03-31T07:00:00-00:00,2031-01-01T07:59:59-00:00,2009-03-31T00:00:00,2030-12-31T23:59:59
AS_NP15,OLETA_6_N003,AS_NP15,,2009-03-31T07:00:00-00:00,2031-01-01T07:59:59-00:00,2009-03-31T00:00:00,2030-12-31T23:59:59
AS_NP15,OLEUM_1_B1,AS_NP15,,2017-08-17T07:00:00-00:00,2031-01-01T07:59:59-00:00,2017-08-17T00:00:00,2030-12-31T23:59:59
AS_NP15,OLIVHRST_1_N001,AS_NP15,,2009-03-31T07:00:00-00:00,2031-01-01T07:59:59-00:00,2009-03-31T00:00:00,2030-12-31T23:59:59
AS_NP15,OLIVHRST_1_N002,AS_NP15,,2009-03-31T07:00:00-00:00,2031-01-01T07:59:59-00:00,2009-03-31T00:00:00,2030-12-31T23:59:59
AS_NP15,OLS-AGNE_7_N001,AS_NP15,,2025-05-13T07:00:00-00:00,2031-01-01T07:59:59-00:00,2025-05-13T00:00:00,2030-12-31T23:59:59
AS_NP15,OLSEN_6_N001,AS_NP15,,2025-05-13T07:00:00-00:00,2031-01-01T07:59:59-00:00,2025-05-13T00:00:00,2030-12-31T23:59:59
AS_NP15,ONEILPMP_7_LN001,AS_NP15,,2009-09-10T07:00:00-00:00,2031-01-01T07:59:59-00:00,2009-09-10T00:00:00,2030-12-31T23:59:59
AS_NP15,ONEILPMP_7_N001,AS_NP15,,2023-05-05T07:00:00-00:00,2031-01-01T07:59:59-00:00,2023-05-05T00:00:00,2030-12-31T23:59:59
AS_NP15,ONEILPMP_7_N002,AS_NP15,,2023-05-05T07:00:00-00:00,2031-01-01T07:59:59-00:00,2023-05-05T00:00:00,2030-12-31T23:59:59
AS_NP15,ONEILPMP_7_N003,AS_NP15,,2023-05-05T07:00:00-00:00,2031-01-01T07:59:59-00:00,2023-05-05T00:00:00,2030-12-31T23:59:59
AS_NP15,ONEILPMP_7_N004,AS_NP15,,2023-05-05T07:00:00-00:00,2031-01-01T07:59:59-00:00,2023-05-05T00:00:00,2030-12-31T23:59:59
AS_NP15,ONEILPMP_7_N005,AS_NP15,,2023-05-05T07:00:00-00:00,2031-01-01T07:59:59-00:00,2023-05-05T00:00:00,2030-12-31T23:59:59
AS_NP15,ONEILPMP_7_N006,AS_NP15,,2023-05-05T07:00:00-00:00,2031-01-01T07:59:59-00:00,2023-05-05T00:00:00,2030-12-31T23:59:59
AS_NP15,ONLLPP_6_UNITS-APND,AS_NP15,,2009-03-31T07:00:00-00:00,2031-01-01T07:59:59-00:00,2009-03-31T00:00:00,2030-12-31T23:59:59
AS_NP15,ORACLE60_6_N001,AS_NP15,,2009-03-31T07:00:00-00:00,2031-01-01T07:59:59-00:00,2009-03-31T00:00:00,2030-12-31T23:59:59
AS_NP15,OREGNTRL_1_N001,AS_NP15,,2009-03-31T07:00:00-00:00,2031-01-01T07:59:59-00:00,2009-03-31T00:00:00,2030-12-31T23:59:59
AS_NP15,OREGNTRL_6_N001,AS_NP15,,2009-03-31T07:00:00-00:00,2031-01-01T07:59:59-00:00,2009-03-31T00:00:00,2030-12-31T23:59:59
AS_NP15,ORICK_6_N001,AS_NP15,,2009-03-31T07:00:00-00:00,2031-01-01T07:59:59-00:00,2009-03-31T00:00:00,2030-12-31T23:59:59
AS_NP15,ORLANDB_6_N001,AS_NP15,,2009-03-31T07:00:00-00:00,2031-01-01T07:59:59-00:00,2009-03-31T00:00:00,2030-12-31T23:59:59
AS_NP15,ORLANDB_6_N004,AS_NP15,,2013-11-21T08:00:00-00:00,2031-01-01T07:59:59-00:00,2013-11-21T00:00:00,2030-12-31T23:59:59
AS_NP15,ORLNDB_7_N001,AS_NP15,,2025-05-13T07:00:00-00:00,2031-01-01T07:59:59-00:00,2025-05-13T00:00:00,2030-12-31T23:59:59
AS_NP15,ORLNDB_7_N002,AS_NP15,,2015-04-23T07:00:00-00:00,2031-01-01T07:59:59-00:00,2015-04-23T00:00:00,2030-12-31T23:59:59
AS_NP15,OROENGY_7_B1,AS_NP15,,2025-05-13T07:00:00-00:00,2031-01-01T07:59:59-00:00,2025-05-13T00:00:00,2030-12-31T23:59:59
AS_NP15,OROLMGN_7_N004,AS_NP15,,2025-05-13T07:00:00-00:00,2031-01-01T07:59:59-00:00,2025-05-13T00:00:00,2030-12-31T23:59:59
AS_NP15,OROLMGN_7_N005,AS_NP15,,2025-05-13T07:00:00-00:00,2031-01-01T07:59:59-00:00,2025-05-13T00:00:00,2030-12-31T23:59:59
AS_NP15,OROLOMA_1_N005,AS_NP15,,2016-08-18T07:00:00-00:00,2031-01-01T07:59:59-00:00,2016-08-18T00:00:00,2030-12-31T23:59:59
AS_NP15,OROLOMA_6_N001,AS_NP15,,2025-10-15T07:00:00-00:00,2031-01-01T07:59:59-00:00,2025-10-15T00:00:00,2030-12-31T23:59:59
AS_NP15,OROLOM_7_N001,AS_NP15,,2025-10-15T07:00:00-00:00,2031-01-01T07:59:59-00:00,2025-10-15T00:00:00,2030-12-31T23:59:59
AS_NP15,OROLOM_7_N002,AS_NP15,,2025-10-15T07:00:00-00:00,2031-01-01T07:59:59-00:00,2025-10-15T00:00:00,2030-12-31T23:59:59
AS_NP15,OROSI_6_N006,AS_NP15,,2013-07-18T07:00:00-00:00,2031-01-01T07:59:59-00:00,2013-07-18T00:00:00,2030-12-31T23:59:59
AS_NP15,OROSI_7_N002,AS_NP15,,2015-04-23T07:00:00-00:00,2031-01-01T07:59:59-00:00,2015-04-23T00:00:00,2030-12-31T23:59:59
AS_NP15,OROVILLE_6_N001,AS_NP15,,2009-03-31T07:00:00-00:00,2031-01-01T07:59:59-00:00,2009-03-31T00:00:00,2030-12-31T23:59:59
AS_NP15,OROVILLE_6_N005,AS_NP15,,2009-03-31T07:00:00-00:00,2031-01-01T07:59:59-00:00,2009-03-31T00:00:00,2030-12-31T23:59:59
AS_NP15,OROVILLE_6_N102,AS_NP15,,2009-03-31T07:00:00-00:00,2031-01-01T07:59:59-00:00,2009-03-31T00:00:00,2030-12-31T23:59:59
AS_NP15,ORTIGAGN_7_N001,AS_NP15,,2025-05-13T07:00:00-00:00,2031-01-01T07:59:59-00:00,2025-05-13T00:00:00,2030-12-31T23:59:59
AS_NP15,ORTIGAGN_7_N002,AS_NP15,,2017-02-16T08:00:00-00:00,2031-01-01T07:59:59-00:00,2017-02-16T00:00:00,2030-12-31T23:59:59
AS_NP15,ORTIGAGN_7_N003,AS_NP15,,2025-05-13T07:00:00-00:00,2031-01-01T07:59:59-00:00,2025-05-13T00:00:00,2030-12-31T23:59:59
AS_NP15,ORTIGAGN_7_N004,AS_NP15,,2025-05-13T07:00:00-00:00,2031-01-01T07:59:59-00:00,2025-05-13T00:00:00,2030-12-31T23:59:59
AS_NP15,OTTER_6_N001,AS_NP15,,2009-03-31T07:00:00-00:00,2031-01-01T07:59:59-00:00,2009-03-31T00:00:00,2030-12-31T23:59:59
AS_NP15,OXBOWF_7_B1,AS_NP15,,2025-05-13T07:00:00-00:00,2031-01-01T07:59:59-00:00,2025-05-13T00:00:00,2030-12-31T23:59:59
AS_NP15,OXFORD_1_N001,AS_NP15,,2009-03-31T07:00:00-00:00,2031-01-01T07:59:59-00:00,2009-03-31T00:00:00,2030-12-31T23:59:59
AS_NP15,OXMOUNTN_6_N001,AS_NP15,,2025-05-13T07:00:00-00:00,2031-01-01T07:59:59-00:00,2025-05-13T00:00:00,2030-12-31T23:59:59
AS_NP15,P0504GT1_7_B1,AS_NP15,,2026-02-11T08:00:00-00:00,2031-01-01T07:59:59-00:00,2026-02-11T00:00:00,2030-12-31T23:59:59
AS_NP15,P0504GT1_7_CN1,AS_NP15,,2026-02-11T08:00:00-00:00,2031-01-01T07:59:59-00:00,2026-02-11T00:00:00,2030-12-31T23:59:59
AS_NP15,P0504GT1_7_N001,AS_NP15,,2009-03-31T07:00:00-00:00,2031-01-01T07:59:59-00:00,2009-03-31T00:00:00,2030-12-31T23:59:59
AS_NP15,P0504GT1_7_NBT1,AS_NP15,,2026-02-11T08:00:00-00:00,2031-01-01T07:59:59-00:00,2026-02-11T00:00:00,2030-12-31T23:59:59
AS_NP15,P0504GT1_7_NBT2,AS_NP15,,2026-02-11T08:00:00-00:00,2031-01-01T07:59:59-00:00,2026-02-11T00:00:00,2030-12-31T23:59:59
AS_NP15,P0504GT2_7_B1,AS_NP15,,2026-02-11T08:00:00-00:00,2031-01-01T07:59:59-00:00,2026-02-11T00:00:00,2030-12-31T23:59:59
AS_NP15,P0504GT2_7_N001,AS_NP15,,2009-03-31T07:00:00-00:00,2031-01-01T07:59:59-00:00,2009-03-31T00:00:00,2030-12-31T23:59:59
AS_NP15,PACIFICA_6_N001,AS_NP15,,2009-03-31T07:00:00-00:00,2031-01-01T07:59:59-00:00,2009-03-31T00:00:00,2030-12-31T23:59:59
AS_NP15,PACIFICA_6_N003,AS_NP15,,2009-03-31T07:00:00-00:00,2031-01-01T07:59:59-00:00,2009-03-31T00:00:00,2030-12-31T23:59:59
AS_NP15,PACLUMB_7_N001,AS_NP15,,2009-03-31T07:00:00-00:00,2031-01-01T07:59:59-00:00,2009-03-31T00:00:00,2030-12-31T23:59:59
AS_NP15,PACLUMB_7_N002,AS_NP15,,2009-03-31T07:00:00-00:00,2031-01-01T07:59:59-00:00,2009-03-31T00:00:00,2030-12-31T23:59:59
AS_NP15,PALM_6_N001,AS_NP15,,2017-02-16T08:00:00-00:00,2031-01-01T07:59:59-00:00,2017-02-16T00:00:00,2030-12-31T23:59:59
AS_NP15,PALM_6_N002,AS_NP15,,2017-02-16T08:00:00-00:00,2031-01-01T07:59:59-00:00,2017-02-16T00:00:00,2030-12-31T23:59:59
AS_NP15,PALSEL_7_N005,AS_NP15,,2025-05-13T07:00:00-00:00,2031-01-01T07:59:59-00:00,2025-05-13T00:00:00,2030-12-31T23:59:59
AS_NP15,PALSEL_7_N006,AS_NP15,,2025-05-13T07:00:00-00:00,2031-01-01T07:59:59-00:00,2025-05-13T00:00:00,2030-12-31T23:59:59
AS_NP15,PAN2TAP_1_B1,AS_NP15,,2017-08-17T07:00:00-00:00,2031-01-01T07:59:59-00:00,2017-08-17T00:00:00,2030-12-31T23:59:59
AS_NP15,PANOBS1_7_B1,AS_NP15,,2009-03-31T07:00:00-00:00,2031-01-01T07:59:59-00:00,2009-03-31T00:00:00,2030-12-31T23:59:59
AS_NP15,PANOBS2_7_B1,AS_NP15,,2009-03-31T07:00:00-00:00,2031-01-01T07:59:59-00:00,2009-03-31T00:00:00,2030-12-31T23:59:59
AS_NP15,PANOBS2_7_N002,AS_NP15,,2009-03-31T07:00:00-00:00,2031-01-01T07:59:59-00:00,2009-03-31T00:00:00,2030-12-31T23:59:59
AS_NP15,PANOBS3_7_B1,AS_NP15,,2009-03-31T07:00:00-00:00,2031-01-01T07:59:59-00:00,2009-03-31T00:00:00,2030-12-31T23:59:59
AS_NP15,PANOBS3_7_N002,AS_NP15,,2009-03-31T07:00:00-00:00,2031-01-01T07:59:59-00:00,2009-03-31T00:00:00,2030-12-31T23:59:59
AS_NP15,PANOBS4_7_B1,AS_NP15,,2009-03-31T07:00:00-00:00,2031-01-01T07:59:59-00:00,2009-03-31T00:00:00,2030-12-31T23:59:59
AS_NP15,PANOCHE_1_B1,AS_NP15,,2017-08-17T07:00:00-00:00,2031-01-01T07:59:59-00:00,2017-08-17T00:00:00,2030-12-31T23:59:59
AS_NP15,PANOCHE_1_N001,AS_NP15,,2021-08-25T07:00:00-00:00,2031-01-01T07:59:59-00:00,2021-08-25T00:00:00,2030-12-31T23:59:59
AS_NP15,PANOCHE_1_N024,AS_NP15,,2009-06-25T07:00:00-00:00,2031-01-01T07:59:59-00:00,2009-06-25T00:00:00,2030-12-31T23:59:59
AS_NP15,PANOCHE_2_N055,AS_NP15,,2024-01-24T08:00:00-00:00,2031-01-01T07:59:59-00:00,2024-01-24T00:00:00,2030-12-31T23:59:59
AS_NP15,PANOCHE_7_N001,AS_NP15,,2025-12-17T08:00:00-00:00,2031-01-01T07:59:59-00:00,2025-12-17T00:00:00,2030-12-31T23:59:59
AS_NP15,PANOCHE_7_N002,AS_NP15,,2026-01-02T08:00:00-00:00,2031-01-01T07:59:59-00:00,2026-01-02T00:00:00,2030-12-31T23:59:59
AS_NP15,PANRAMA_1_N001,AS_NP15,,2009-03-31T07:00:00-00:00,2031-01-01T07:59:59-00:00,2009-03-31T00:00:00,2030-12-31T23:59:59
AS_NP15,PARADISE_1_N001,AS_NP15,,2009-03-31T07:00:00-00:00,2031-01-01T07:59:59-00:00,2009-03-31T00:00:00,2030-12-31T23:59:59
AS_NP15,PARADISE_1_N004,AS_NP15,,2009-03-31T07:00:00-00:00,2031-01-01T07:59:59-00:00,2009-03-31T00:00:00,2030-12-31T23:59:59
AS_NP15,PARDEB_6_UNITS-APND,AS_NP15,,2009-03-31T07:00:00-00:00,2031-01-01T07:59:59-00:00,2009-03-31T00:00:00,2030-12-31T23:59:59
AS_NP15,PARDEE1_7_B1,AS_NP15,,2023-05-05T07:00:00-00:00,2031-01-01T07:59:59-00:00,2023-05-05T00:00:00,2030-12-31T23:59:59
AS_NP15,PARDEE2_7_B1,AS_NP15,,2023-05-05T07:00:00-00:00,2031-01-01T07:59:59-00:00,2023-05-05T00:00:00,2030-12-31T23:59:59
AS_NP15,PARDEE3_7_B1,AS_NP15,,2023-05-05T07:00:00-00:00,2031-01-01T07:59:59-00:00,2023-05-05T00:00:00,2030-12-31T23:59:59
AS_NP15,PARKR_6_N009,AS_NP15,,2022-07-28T07:00:00-00:00,2031-01-01T07:59:59-00:00,2022-07-28T00:00:00,2030-12-31T23:59:59
AS_NP15,PARKR_6_N010,AS_NP15,,2022-07-28T07:00:00-00:00,2031-01-01T07:59:59-00:00,2022-07-28T00:00:00,2030-12-31T23:59:59
AS_NP15,PARKR_6_N011,AS_NP15,,2022-07-28T07:00:00-00:00,2031-01-01T07:59:59-00:00,2022-07-28T00:00:00,2030-12-31T23:59:59
AS_NP15,PARKWAY_2_N001,AS_NP15,,2009-03-31T07:00:00-00:00,2031-01-01T07:59:59-00:00,2009-03-31T00:00:00,2030-12-31T23:59:59
AS_NP15,PARLIER1_1_N001,AS_NP15,,2012-03-22T07:00:00-00:00,2031-01-01T07:59:59-00:00,2012-03-22T00:00:00,2030-12-31T23:59:59
AS_NP15,PAULSWT_1_GN002,AS_NP15,,2025-05-13T07:00:00-00:00,2031-01-01T07:59:59-00:00,2025-05-13T00:00:00,2030-12-31T23:59:59
AS_NP15,PAULSWT_1_N001,AS_NP15,,2009-03-31T07:00:00-00:00,2031-01-01T07:59:59-00:00,2009-03-31T00:00:00,2030-12-31T23:59:59
AS_NP15,PAULSWT_1_N004,AS_NP15,,2009-03-31T07:00:00-00:00,2031-01-01T07:59:59-00:00,2009-03-31T00:00:00,2030-12-31T23:59:59
AS_NP15,PAULSWT_1_N013,AS_NP15,,2009-03-31T07:00:00-00:00,2031-01-01T07:59:59-00:00,2009-03-31T00:00:00,2030-12-31T23:59:59
AS_NP15,PAULSWT_1_N101,AS_NP15,,2009-03-31T07:00:00-00:00,2031-01-01T07:59:59-00:00,2009-03-31T00:00:00,2030-12-31T23:59:59
AS_NP15,PCBRICK_6_B1,AS_NP15,,2017-08-17T07:00:00-00:00,2031-01-01T07:59:59-00:00,2017-08-17T00:00:00,2030-12-31T23:59:59
AS_NP15,PCHCOPP_6_B1,AS_NP15,,2017-08-17T07:00:00-00:00,2031-01-01T07:59:59-00:00,2017-08-17T00:00:00,2030-12-31T23:59:59
AS_NP15,PCHCOPP_6_N001,AS_NP15,,2009-03-31T07:00:00-00:00,2031-01-01T07:59:59-00:00,2009-03-31T00:00:00,2030-12-31T23:59:59
AS_NP15,PEABODY_2_N002,AS_NP15,,2009-03-31T07:00:00-00:00,2031-01-01T07:59:59-00:00,2009-03-31T00:00:00,2030-12-31T23:59:59
AS_NP15,PEABODY_2_N006,AS_NP15,,2009-03-31T07:00:00-00:00,2031-01-01T07:59:59-00:00,2009-03-31T00:00:00,2030-12-31T23:59:59
AS_NP15,PEABODY_2_N024,AS_NP15,,2025-05-13T07:00:00-00:00,2031-01-01T07:59:59-00:00,2025-05-13T00:00:00,2030-12-31T23:59:59
AS_NP15,PEACHTON_6_N001,AS_NP15,,2009-03-31T07:00:00-00:00,2031-01-01T07:59:59-00:00,2009-03-31T00:00:00,2030-12-31T23:59:59
AS_NP15,PEACHTON_6_N004,AS_NP15,,2009-03-31T07:00:00-00:00,2031-01-01T07:59:59-00:00,2009-03-31T00:00:00,2030-12-31T23:59:59
AS_NP15,PEASE_1_N001,AS_NP15,,2022-06-15T07:00:00-00:00,2031-01-01T07:59:59-00:00,2022-06-15T00:00:00,2030-12-31T23:59:59
AS_NP15,PEASE_1_N009,AS_NP15,,2022-06-15T07:00:00-00:00,2031-01-01T07:59:59-00:00,2022-06-15T00:00:00,2030-12-31T23:59:59
AS_NP15,PEASE_7_N001,AS_NP15,,2025-05-13T07:00:00-00:00,2031-01-01T07:59:59-00:00,2025-05-13T00:00:00,2030-12-31T23:59:59
AS_NP15,PEASE_7_N002,AS_NP15,,2021-08-25T07:00:00-00:00,2031-01-01T07:59:59-00:00,2021-08-25T00:00:00,2030-12-31T23:59:59
AS_NP15,PENNGRVE_1_N001,AS_NP15,,2009-03-31T07:00:00-00:00,2031-01-01T07:59:59-00:00,2009-03-31T00:00:00,2030-12-31T23:59:59
AS_NP15,PENRYN_6_N001,AS_NP15,,2009-03-31T07:00:00-00:00,2031-01-01T07:59:59-00:00,2009-03-31T00:00:00,2030-12-31T23:59:59
AS_NP15,PENRYN_6_N004,AS_NP15,,2009-03-31T07:00:00-00:00,2031-01-01T07:59:59-00:00,2009-03-31T00:00:00,2030-12-31T23:59:59
AS_NP15,PEORIA_7_N001,AS_NP15,,2013-07-18T07:00:00-00:00,2031-01-01T07:59:59-00:00,2013-07-18T00:00:00,2030-12-31T23:59:59
AS_NP15,PEORIA_7_N002,AS_NP15,,2013-07-18T07:00:00-00:00,2031-01-01T07:59:59-00:00,2013-07-18T00:00:00,2030-12-31T23:59:59
AS_NP15,PEORIA_7_N003,AS_NP15,,2025-05-13T07:00:00-00:00,2031-01-01T07:59:59-00:00,2025-05-13T00:00:00,2030-12-31T23:59:59
AS_NP15,PERMNNTE_6_GN001,AS_NP15,,2009-12-17T08:00:00-00:00,2031-01-01T07:59:59-00:00,2009-12-17T00:00:00,2030-12-31T23:59:59
AS_NP15,PERMNNTE_6_N002,AS_NP15,,2009-03-31T07:00:00-00:00,2031-01-01T07:59:59-00:00,2009-03-31T00:00:00,2030-12-31T23:59:59
AS_NP15,PETLMAA_6_N001,AS_NP15,,2009-03-31T07:00:00-00:00,2031-01-01T07:59:59-00:00,2009-03-31T00:00:00,2030-12-31T23:59:59
AS_NP15,PETLMAC_6_N002,AS_NP15,,2009-03-31T07:00:00-00:00,2031-01-01T07:59:59-00:00,2009-03-31T00:00:00,2030-12-31T23:59:59
AS_NP15,PETLMAC_6_N003,AS_NP15,,2009-03-31T07:00:00-00:00,2031-01-01T07:59:59-00:00,2009-03-31T00:00:00,2030-12-31T23:59:59
AS_NP15,PETLMAC_6_N004,AS_NP15,,2009-03-31T07:00:00-00:00,2031-01-01T07:59:59-00:00,2009-03-31T00:00:00,2030-12-31T23:59:59
AS_NP15,PEWWOOD_7_B1,AS_NP15,,2023-05-05T07:00:00-00:00,2031-01-01T07:59:59-00:00,2023-05-05T00:00:00,2030-12-31T23:59:59
AS_NP15,PGCC_1_PDRP02-APND,AS_NP15,,2016-05-09T07:00:00-00:00,2031-01-01T07:59:59-00:00,2016-05-09T00:00:00,2030-12-31T23:59:59
AS_NP15,PGCC_1_PDRP04-APND,AS_NP15,,2017-01-04T08:00:00-00:00,2031-01-01T07:59:59-00:00,2017-01-04T00:00:00,2030-12-31T23:59:59
AS_NP15,PGCC_1_PDRP08-APND,AS_NP15,,2018-04-23T07:00:00-00:00,2031-01-01T07:59:59-00:00,2018-04-23T00:00:00,2030-12-31T23:59:59
AS_NP15,PGCC_1_PDRP100-APND,AS_NP15,,2024-07-12T07:00:00-00:00,2031-01-01T07:59:59-00:00,2024-07-12T00:00:00,2030-12-31T23:59:59
AS_NP15,PGCC_1_PDRP12-APND,AS_NP15,,2018-05-25T07:00:00-00:00,2031-01-01T07:59:59-00:00,2018-05-25T00:00:00,2030-12-31T23:59:59
AS_NP15,PGCC_1_PDRP13-APND,AS_NP15,,2018-05-25T07:00:00-00:00,2031-01-01T07:59:59-00:00,2018-05-25T00:00:00,2030-12-31T23:59:59
AS_NP15,PGCC_1_PDRP16-APND,AS_NP15,,2020-03-10T07:00:00-00:00,2031-01-01T07:59:59-00:00,2020-03-10T00:00:00,2030-12-31T23:59:59
AS_NP15,PGCC_1_PDRP17-APND,AS_NP15,,2020-03-10T07:00:00-00:00,2031-01-01T07:59:59-00:00,2020-03-10T00:00:00,2030-12-31T23:59:59
AS_NP15,PGCC_1_PDRP18-APND,AS_NP15,,2019-05-30T07:00:00-00:00,2031-01-01T07:59:59-00:00,2019-05-30T00:00:00,2030-12-31T23:59:59
AS_NP15,PGCC_1_PDRP19-APND,AS_NP15,,2022-06-27T07:00:00-00:00,2031-01-01T07:59:59-00:00,2022-06-27T00:00:00,2030-12-31T23:59:59
AS_NP15,PGCC_1_PDRP20-APND,AS_NP15,,2020-03-10T07:00:00-00:00,2031-01-01T07:59:59-00:00,2020-03-10T00:00:00,2030-12-31T23:59:59
AS_NP15,PGCC_1_PDRP21-APND,AS_NP15,,2019-09-24T07:00:00-00:00,2031-01-01T07:59:59-00:00,2019-09-24T00:00:00,2030-12-31T23:59:59
AS_NP15,PGCC_1_PDRP22-APND,AS_NP15,,2019-06-10T07:00:00-00:00,2031-01-01T07:59:59-00:00,2019-06-10T00:00:00,2030-12-31T23:59:59
AS_NP15,PGCC_1_PDRP24-APND,AS_NP15,,2020-06-01T07:00:00-00:00,2031-01-01T07:59:59-00:00,2020-06-01T00:00:00,2030-12-31T23:59:59
AS_NP15,PGCC_1_PDRP25-APND,AS_NP15,,2020-04-24T07:00:00-00:00,2031-01-01T07:59:59-00:00,2020-04-24T00:00:00,2030-12-31T23:59:59
AS_NP15,PGCC_1_PDRP26-APND,AS_NP15,,2020-11-23T08:00:00-00:00,2031-01-01T07:59:59-00:00,2020-11-23T00:00:00,2030-12-31T23:59:59
AS_NP15,PGCC_1_PDRP27-APND,AS_NP15,,2020-11-23T08:00:00-00:00,2031-01-01T07:59:59-00:00,2020-11-23T00:00:00,2030-12-31T23:59:59
AS_NP15,PGCC_1_PDRP28-APND,AS_NP15,,2020-11-23T08:00:00-00:00,2031-01-01T07:59:59-00:00,2020-11-23T00:00:00,2030-12-31T23:59:59
AS_NP15,PGCC_1_PDRP29-APND,AS_NP15,,2020-11-23T08:00:00-00:00,2031-01-01T07:59:59-00:00,2020-11-23T00:00:00,2030-12-31T23:59:59
AS_NP15,PGCC_1_PDRP31-APND,AS_NP15,,2020-09-28T07:00:00-00:00,2031-01-01T07:59:59-00:00,2020-09-28T00:00:00,2030-12-31T23:59:59
AS_NP15,PGCC_1_PDRP32-APND,AS_NP15,,2020-09-28T07:00:00-00:00,2031-01-01T07:59:59-00:00,2020-09-28T00:00:00,2030-12-31T23:59:59
AS_NP15,PGCC_1_PDRP33-APND,AS_NP15,,2020-09-28T07:00:00-00:00,2031-01-01T07:59:59-00:00,2020-09-28T00:00:00,2030-12-31T23:59:59
AS_NP15,PGCC_1_PDRP34-APND,AS_NP15,,2020-09-28T07:00:00-00:00,2031-01-01T07:59:59-00:00,2020-09-28T00:00:00,2030-12-31T23:59:59
AS_NP15,PGCC_1_PDRP35-APND,AS_NP15,,2020-09-28T07:00:00-00:00,2031-01-01T07:59:59-00:00,2020-09-28T00:00:00,2030-12-31T23:59:59
AS_NP15,PGCC_1_PDRP36-APND,AS_NP15,,2020-11-23T08:00:00-00:00,2031-01-01T07:59:59-00:00,2020-11-23T00:00:00,2030-12-31T23:59:59
AS_NP15,PGCC_1_PDRP38-APND,AS_NP15,,2025-12-23T08:00:00-00:00,2031-01-01T07:59:59-00:00,2025-12-23T00:00:00,2030-12-31T23:59:59
AS_NP15,PGCC_1_PDRP41-APND,AS_NP15,,2023-02-06T08:00:00-00:00,2031-01-01T07:59:59-00:00,2023-02-06T00:00:00,2030-12-31T23:59:59
AS_NP15,PGCC_1_PDRP45-APND,AS_NP15,,2020-04-24T07:00:00-00:00,2031-01-01T07:59:59-00:00,2020-04-24T00:00:00,2030-12-31T23:59:59
AS_NP15,PGCC_1_PDRP60-APND,AS_NP15,,2024-05-01T07:00:00-00:00,2031-01-01T07:59:59-00:00,2024-05-01T00:00:00,2030-12-31T23:59:59
AS_NP15,PGCC_1_PDRP98-APND,AS_NP15,,2024-07-12T07:00:00-00:00,2031-01-01T07:59:59-00:00,2024-07-12T00:00:00,2030-12-31T23:59:59
AS_NP15,PGCC_1_PDRP99-APND,AS_NP15,,2024-07-12T07:00:00-00:00,2031-01-01T07:59:59-00:00,2024-07-12T00:00:00,2030-12-31T23:59:59
AS_NP15,PGCC_1_RDRR01-APND,AS_NP15,,2025-02-03T08:00:00-00:00,2031-01-01T07:59:59-00:00,2025-02-03T00:00:00,2030-12-31T23:59:59
AS_NP15,PGEB_2_PDRP04-APND,AS_NP15,,2016-05-09T07:00:00-00:00,2031-01-01T07:59:59-00:00,2016-05-09T00:00:00,2030-12-31T23:59:59
AS_NP15,PGEB_2_PDRP05-APND,AS_NP15,,2016-09-27T07:00:00-00:00,2031-01-01T07:59:59-00:00,2016-09-27T00:00:00,2030-12-31T23:59:59
AS_NP15,PGEB_2_PDRP08-APND,AS_NP15,,2017-07-26T07:00:00-00:00,2031-01-01T07:59:59-00:00,2017-07-26T00:00:00,2030-12-31T23:59:59
AS_NP15,PGEB_2_PDRP09-APND,AS_NP15,,2017-01-04T08:00:00-00:00,2031-01-01T07:59:59-00:00,2017-01-04T00:00:00,2030-12-31T23:59:59
AS_NP15,PGEB_2_PDRP10-APND,AS_NP15,,2017-01-04T08:00:00-00:00,2031-01-01T07:59:59-00:00,2017-01-04T00:00:00,2030-12-31T23:59:59
AS_NP15,PGEB_2_PDRP100-APND,AS_NP15,,2019-06-10T07:00:00-00:00,2031-01-01T07:59:59-00:00,2019-06-10T00:00:00,2030-12-31T23:59:59
AS_NP15,PGEB_2_PDRP101-APND,AS_NP15,,2022-04-21T07:00:00-00:00,2031-01-01T07:59:59-00:00,2022-04-21T00:00:00,2030-12-31T23:59:59
AS_NP15,PGEB_2_PDRP102-APND,AS_NP15,,2020-03-10T07:00:00-00:00,2031-01-01T07:59:59-00:00,2020-03-10T00:00:00,2030-12-31T23:59:59
AS_NP15,PGEB_2_PDRP103-APND,AS_NP15,,2020-03-10T07:00:00-00:00,2031-01-01T07:59:59-00:00,2020-03-10T00:00:00,2030-12-31T23:59:59
AS_NP15,PGEB_2_PDRP104-APND,AS_NP15,,2020-03-10T07:00:00-00:00,2031-01-01T07:59:59-00:00,2020-03-10T00:00:00,2030-12-31T23:59:59
AS_NP15,PGEB_2_PDRP105-APND,AS_NP15,,2020-03-10T07:00:00-00:00,2031-01-01T07:59:59-00:00,2020-03-10T00:00:00,2030-12-31T23:59:59
AS_NP15,PGEB_2_PDRP107-APND,AS_NP15,,2021-06-01T07:00:00-00:00,2031-01-01T07:59:59-00:00,2021-06-01T00:00:00,2030-12-31T23:59:59
AS_NP15,PGEB_2_PDRP108-APND,AS_NP15,,2025-12-23T08:00:00-00:00,2031-01-01T07:59:59-00:00,2025-12-23T00:00:00,2030-12-31T23:59:59
AS_NP15,PGEB_2_PDRP111-APND,AS_NP15,,2022-11-19T08:00:00-00:00,2031-01-01T07:59:59-00:00,2022-11-19T00:00:00,2030-12-31T23:59:59
AS_NP15,PGEB_2_PDRP112-APND,AS_NP15,,2022-03-30T07:00:00-00:00,2031-01-01T07:59:59-00:00,2022-03-30T00:00:00,2030-12-31T23:59:59
AS_NP15,PGEB_2_PDRP113-APND,AS_NP15,,2022-03-30T07:00:00-00:00,2031-01-01T07:59:59-00:00,2022-03-30T00:00:00,2030-12-31T23:59:59
AS_NP15,PGEB_2_PDRP21-APND,AS_NP15,,2018-03-26T07:00:00-00:00,2031-01-01T07:59:59-00:00,2018-03-26T00:00:00,2030-12-31T23:59:59
AS_NP15,PGEB_2_PDRP22-APND,AS_NP15,,2018-03-26T07:00:00-00:00,2031-01-01T07:59:59-00:00,2018-03-26T00:00:00,2030-12-31T23:59:59
AS_NP15,PGEB_2_PDRP23-APND,AS_NP15,,2018-03-26T07:00:00-00:00,2031-01-01T07:59:59-00:00,2018-03-26T00:00:00,2030-12-31T23:59:59
AS_NP15,PGEB_2_PDRP24-APND,AS_NP15,,2018-03-26T07:00:00-00:00,2031-01-01T07:59:59-00:00,2018-03-26T00:00:00,2030-12-31T23:59:59
AS_NP15,PGEB_2_PDRP25-APND,AS_NP15,,2018-03-26T07:00:00-00:00,2031-01-01T07:59:59-00:00,2018-03-26T00:00:00,2030-12-31T23:59:59
AS_NP15,PGEB_2_PDRP26-APND,AS_NP15,,2018-03-26T07:00:00-00:00,2031-01-01T07:59:59-00:00,2018-03-26T00:00:00,2030-12-31T23:59:59
AS_NP15,PGEB_2_PDRP27-APND,AS_NP15,,2018-04-23T07:00:00-00:00,2031-01-01T07:59:59-00:00,2018-04-23T00:00:00,2030-12-31T23:59:59
AS_NP15,PGEB_2_PDRP28-APND,AS_NP15,,2018-04-23T07:00:00-00:00,2031-01-01T07:59:59-00:00,2018-04-23T00:00:00,2030-12-31T23:59:59
AS_NP15,PGEB_2_PDRP29-APND,AS_NP15,,2018-04-23T07:00:00-00:00,2031-01-01T07:59:59-00:00,2018-04-23T00:00:00,2030-12-31T23:59:59
AS_NP15,PGEB_2_PDRP30-APND,AS_NP15,,2018-04-23T07:00:00-00:00,2031-01-01T07:59:59-00:00,2018-04-23T00:00:00,2030-12-31T23:59:59
AS_NP15,PGEB_2_PDRP31-APND,AS_NP15,,2018-04-23T07:00:00-00:00,2031-01-01T07:59:59-00:00,2018-04-23T00:00:00,2030-12-31T23:59:59
AS_NP15,PGEB_2_PDRP34-APND,AS_NP15,,2018-05-25T07:00:00-00:00,2031-01-01T07:59:59-00:00,2018-05-25T00:00:00,2030-12-31T23:59:59
AS_NP15,PGEB_2_PDRP35-APND,AS_NP15,,2018-05-25T07:00:00-00:00,2031-01-01T07:59:59-00:00,2018-05-25T00:00:00,2030-12-31T23:59:59
AS_NP15,PGEB_2_PDRP36-APND,AS_NP15,,2018-05-25T07:00:00-00:00,2031-01-01T07:59:59-00:00,2018-05-25T00:00:00,2030-12-31T23:59:59
AS_NP15,PGEB_2_PDRP37-APND,AS_NP15,,2018-05-25T07:00:00-00:00,2031-01-01T07:59:59-00:00,2018-05-25T00:00:00,2030-12-31T23:59:59
AS_NP15,PGEB_2_PDRP40-APND,AS_NP15,,2018-10-19T07:00:00-00:00,2031-01-01T07:59:59-00:00,2018-10-19T00:00:00,2030-12-31T23:59:59
AS_NP15,PGEB_2_PDRP41-APND,AS_NP15,,2018-10-19T07:00:00-00:00,2031-01-01T07:59:59-00:00,2018-10-19T00:00:00,2030-12-31T23:59:59
AS_NP15,PGEB_2_PDRP42-APND,AS_NP15,,2018-10-19T07:00:00-00:00,2031-01-01T07:59:59-00:00,2018-10-19T00:00:00,2030-12-31T23:59:59
AS_NP15,PGEB_2_PDRP43-APND,AS_NP15,,2018-10-19T07:00:00-00:00,2031-01-01T07:59:59-00:00,2018-10-19T00:00:00,2030-12-31T23:59:59
AS_NP15,PGEB_2_PDRP44-APND,AS_NP15,,2018-10-19T07:00:00-00:00,2031-01-01T07:59:59-00:00,2018-10-19T00:00:00,2030-12-31T23:59:59
AS_NP15,PGEB_2_PDRP45-APND,AS_NP15,,2018-10-19T07:00:00-00:00,2031-01-01T07:59:59-00:00,2018-10-19T00:00:00,2030-12-31T23:59:59
AS_NP15,PGEB_2_PDRP46-APND,AS_NP15,,2018-10-19T07:00:00-00:00,2031-01-01T07:59:59-00:00,2018-10-19T00:00:00,2030-12-31T23:59:59
AS_NP15,PGEB_2_PDRP47-APND,AS_NP15,,2018-10-19T07:00:00-00:00,2031-01-01T07:59:59-00:00,2018-10-19T00:00:00,2030-12-31T23:59:59
AS_NP15,PGEB_2_PDRP48-APND,AS_NP15,,2018-10-19T07:00:00-00:00,2031-01-01T07:59:59-00:00,2018-10-19T00:00:00,2030-12-31T23:59:59
AS_NP15,PGEB_2_PDRP49-APND,AS_NP15,,2018-10-19T07:00:00-00:00,2031-01-01T07:59:59-00:00,2018-10-19T00:00:00,2030-12-31T23:59:59
AS_NP15,PGEB_2_PDRP50-APND,AS_NP15,,2018-10-19T07:00:00-00:00,2031-01-01T07:59:59-00:00,2018-10-19T00:00:00,2030-12-31T23:59:59
AS_NP15,PGEB_2_PDRP51-APND,AS_NP15,,2018-10-19T07:00:00-00:00,2031-01-01T07:59:59-00:00,2018-10-19T00:00:00,2030-12-31T23:59:59
AS_NP15,PGEB_2_PDRP52-APND,AS_NP15,,2018-10-19T07:00:00-00:00,2031-01-01T07:59:59-00:00,2018-10-19T00:00:00,2030-12-31T23:59:59
AS_NP15,PGEB_2_PDRP53-APND,AS_NP15,,2018-10-19T07:00:00-00:00,2031-01-01T07:59:59-00:00,2018-10-19T00:00:00,2030-12-31T23:59:59
AS_NP15,PGEB_2_PDRP54-APND,AS_NP15,,2018-10-19T07:00:00-00:00,2031-01-01T07:59:59-00:00,2018-10-19T00:00:00,2030-12-31T23:59:59
AS_NP15,PGEB_2_PDRP55-APND,AS_NP15,,2018-10-19T07:00:00-00:00,2031-01-01T07:59:59-00:00,2018-10-19T00:00:00,2030-12-31T23:59:59
AS_NP15,PGEB_2_PDRP56-APND,AS_NP15,,2018-10-19T07:00:00-00:00,2031-01-01T07:59:59-00:00,2018-10-19T00:00:00,2030-12-31T23:59:59
AS_NP15,PGEB_2_PDRP57-APND,AS_NP15,,2018-10-19T07:00:00-00:00,2031-01-01T07:59:59-00:00,2018-10-19T00:00:00,2030-12-31T23:59:59
AS_NP15,PGEB_2_PDRP58-APND,AS_NP15,,2023-02-24T08:00:00-00:00,2031-01-01T07:59:59-00:00,2023-02-24T00:00:00,2030-12-31T23:59:59
AS_NP15,PGEB_2_PDRP60-APND,AS_NP15,,2019-01-22T08:00:00-00:00,2031-01-01T07:59:59-00:00,2019-01-22T00:00:00,2030-12-31T23:59:59
AS_NP15,PGEB_2_PDRP61-APND,AS_NP15,,2020-09-28T07:00:00-00:00,2031-01-01T07:59:59-00:00,2020-09-28T00:00:00,2030-12-31T23:59:59
AS_NP15,PGEB_2_PDRP62-APND,AS_NP15,,2018-11-13T08:00:00-00:00,2031-01-01T07:59:59-00:00,2018-11-13T00:00:00,2030-12-31T23:59:59
AS_NP15,PGEB_2_PDRP63-APND,AS_NP15,,2020-04-17T07:00:00-00:00,2031-01-01T07:59:59-00:00,2020-04-17T00:00:00,2030-12-31T23:59:59
AS_NP15,PGEB_2_PDRP64-APND,AS_NP15,,2020-09-28T07:00:00-00:00,2031-01-01T07:59:59-00:00,2020-09-28T00:00:00,2030-12-31T23:59:59
AS_NP15,PGEB_2_PDRP65-APND,AS_NP15,,2020-04-17T07:00:00-00:00,2031-01-01T07:59:59-00:00,2020-04-17T00:00:00,2030-12-31T23:59:59
AS_NP15,PGEB_2_PDRP66-APND,AS_NP15,,2020-04-17T07:00:00-00:00,2031-01-01T07:59:59-00:00,2020-04-17T00:00:00,2030-12-31T23:59:59
AS_NP15,PGEB_2_PDRP67-APND,AS_NP15,,2020-09-28T07:00:00-00:00,2031-01-01T07:59:59-00:00,2020-09-28T00:00:00,2030-12-31T23:59:59
AS_NP15,PGEB_2_PDRP68-APND,AS_NP15,,2020-09-28T07:00:00-00:00,2031-01-01T07:59:59-00:00,2020-09-28T00:00:00,2030-12-31T23:59:59
AS_NP15,PGEB_2_PDRP69-APND,AS_NP15,,2020-09-28T07:00:00-00:00,2031-01-01T07:59:59-00:00,2020-09-28T00:00:00,2030-12-31T23:59:59
AS_NP15,PGEB_2_PDRP70-APND,AS_NP15,,2022-11-01T07:00:00-00:00,2031-01-01T07:59:59-00:00,2022-11-01T00:00:00,2030-12-31T23:59:59
AS_NP15,PGEB_2_PDRP71-APND,AS_NP15,,2022-11-01T07:00:00-00:00,2031-01-01T07:59:59-00:00,2022-11-01T00:00:00,2030-12-31T23:59:59
AS_NP15,PGEB_2_PDRP73-APND,AS_NP15,,2022-11-01T07:00:00-00:00,2031-01-01T07:59:59-00:00,2022-11-01T00:00:00,2030-12-31T23:59:59
AS_NP15,PGEB_2_PDRP74-APND,AS_NP15,,2023-08-22T07:00:00-00:00,2031-01-01T07:59:59-00:00,2023-08-22T00:00:00,2030-12-31T23:59:59
AS_NP15,PGEB_2_PDRP76-APND,AS_NP15,,2025-03-01T08:00:00-00:00,2031-01-01T07:59:59-00:00,2025-03-01T00:00:00,2030-12-31T23:59:59
AS_NP15,PGEB_2_PDRP77-APND,AS_NP15,,2022-12-22T08:00:00-00:00,2031-01-01T07:59:59-00:00,2022-12-22T00:00:00,2030-12-31T23:59:59
AS_NP15,PGEB_2_PDRP78-APND,AS_NP15,,2019-05-30T07:00:00-00:00,2031-01-01T07:59:59-00:00,2019-05-30T00:00:00,2030-12-31T23:59:59
AS_NP15,PGEB_2_PDRP79-APND,AS_NP15,,2019-09-24T07:00:00-00:00,2031-01-01T07:59:59-00:00,2019-09-24T00:00:00,2030-12-31T23:59:59
AS_NP15,PGEB_2_PDRP80-APND,AS_NP15,,2019-05-30T07:00:00-00:00,2031-01-01T07:59:59-00:00,2019-05-30T00:00:00,2030-12-31T23:59:59
AS_NP15,PGEB_2_PDRP81-APND,AS_NP15,,2019-05-30T07:00:00-00:00,2031-01-01T07:59:59-00:00,2019-05-30T00:00:00,2030-12-31T23:59:59
AS_NP15,PGEB_2_PDRP82-APND,AS_NP15,,2019-05-30T07:00:00-00:00,2031-01-01T07:59:59-00:00,2019-05-30T00:00:00,2030-12-31T23:59:59
AS_NP15,PGEB_2_PDRP83-APND,AS_NP15,,2022-12-22T08:00:00-00:00,2031-01-01T07:59:59-00:00,2022-12-22T00:00:00,2030-12-31T23:59:59
AS_NP15,PGEB_2_PDRP84-APND,AS_NP15,,2022-12-22T08:00:00-00:00,2031-01-01T07:59:59-00:00,2022-12-22T00:00:00,2030-12-31T23:59:59
AS_NP15,PGEB_2_PDRP85-APND,AS_NP15,,2026-02-01T08:00:00-00:00,2031-01-01T07:59:59-00:00,2026-02-01T00:00:00,2030-12-31T23:59:59
AS_NP15,PGEB_2_PDRP93-APND,AS_NP15,,2020-06-01T07:00:00-00:00,2031-01-01T07:59:59-00:00,2020-06-01T00:00:00,2030-12-31T23:59:59
AS_NP15,PGEB_2_PDRP95-APND,AS_NP15,,2020-04-24T07:00:00-00:00,2031-01-01T07:59:59-00:00,2020-04-24T00:00:00,2030-12-31T23:59:59
AS_NP15,PGEB_2_PDRP96-APND,AS_NP15,,2020-04-24T07:00:00-00:00,2031-01-01T07:59:59-00:00,2020-04-24T00:00:00,2030-12-31T23:59:59
AS_NP15,PGEB_2_PDRP97-APND,AS_NP15,,2020-04-17T07:00:00-00:00,2031-01-01T07:59:59-00:00,2020-04-17T00:00:00,2030-12-31T23:59:59
AS_NP15,PGEB_2_PDRP98-APND,AS_NP15,,2020-04-24T07:00:00-00:00,2031-01-01T07:59:59-00:00,2020-04-24T00:00:00,2030-12-31T23:59:59
AS_NP15,PGEB_2_RDRR01-APND,AS_NP15,,2023-01-06T08:00:00-00:00,2031-01-01T07:59:59-00:00,2023-01-06T00:00:00,2030-12-31T23:59:59
AS_NP15,PGEB_2_RDRR02-APND,AS_NP15,,2024-06-05T07:00:00-00:00,2031-01-01T07:59:59-00:00,2024-06-05T00:00:00,2030-12-31T23:59:59
AS_NP15,PGF1_2_PDRP03-APND,AS_NP15,,2016-05-06T07:00:00-00:00,2031-01-01T07:59:59-00:00,2016-05-06T00:00:00,2030-12-31T23:59:59
AS_NP15,PGF1_2_PDRP04-APND,AS_NP15,,2016-09-27T07:00:00-00:00,2031-01-01T07:59:59-00:00,2016-09-27T00:00:00,2030-12-31T23:59:59
AS_NP15,PGF1_2_PDRP103-APND,AS_NP15,,2025-12-23T08:00:00-00:00,2031-01-01T07:59:59-00:00,2025-12-23T00:00:00,2030-12-31T23:59:59
AS_NP15,PGF1_2_PDRP104-APND,AS_NP15,,2022-03-30T07:00:00-00:00,2031-01-01T07:59:59-00:00,2022-03-30T00:00:00,2030-12-31T23:59:59
AS_NP15,PGF1_2_PDRP105-APND,AS_NP15,,2022-03-30T07:00:00-00:00,2031-01-01T07:59:59-00:00,2022-03-30T00:00:00,2030-12-31T23:59:59
AS_NP15,PGF1_2_PDRP106-APND,AS_NP15,,2022-03-30T07:00:00-00:00,2031-01-01T07:59:59-00:00,2022-03-30T00:00:00,2030-12-31T23:59:59
AS_NP15,PGF1_2_PDRP107-APND,AS_NP15,,2022-03-30T07:00:00-00:00,2031-01-01T07:59:59-00:00,2022-03-30T00:00:00,2030-12-31T23:59:59
AS_NP15,PGF1_2_PDRP108-APND,AS_NP15,,2022-11-19T08:00:00-00:00,2031-01-01T07:59:59-00:00,2022-11-19T00:00:00,2030-12-31T23:59:59
AS_NP15,PGF1_2_PDRP109-APND,AS_NP15,,2022-11-01T07:00:00-00:00,2031-01-01T07:59:59-00:00,2022-11-01T00:00:00,2030-12-31T23:59:59
AS_NP15,PGF1_2_PDRP11-APND,AS_NP15,,2017-01-04T08:00:00-00:00,2031-01-01T07:59:59-00:00,2017-01-04T00:00:00,2030-12-31T23:59:59
AS_NP15,PGF1_2_PDRP110-APND,AS_NP15,,2022-12-22T08:00:00-00:00,2031-01-01T07:59:59-00:00,2022-12-22T00:00:00,2030-12-31T23:59:59
AS_NP15,PGF1_2_PDRP111-APND,AS_NP15,,2023-03-01T08:00:00-00:00,2031-01-01T07:59:59-00:00,2023-03-01T00:00:00,2030-12-31T23:59:59
AS_NP15,PGF1_2_PDRP116-APND,AS_NP15,,2023-06-01T07:00:00-00:00,2031-01-01T07:59:59-00:00,2023-06-01T00:00:00,2030-12-31T23:59:59
AS_NP15,PGF1_2_PDRP120-APND,AS_NP15,,2024-05-01T07:00:00-00:00,2031-01-01T07:59:59-00:00,2024-05-01T00:00:00,2030-12-31T23:59:59
AS_NP15,PGF1_2_PDRP127-APND,AS_NP15,,2025-07-09T07:00:00-00:00,2031-01-01T07:59:59-00:00,2025-07-09T00:00:00,2030-12-31T23:59:59
AS_NP15,PGF1_2_PDRP16-APND,AS_NP15,,2018-03-26T07:00:00-00:00,2031-01-01T07:59:59-00:00,2018-03-26T00:00:00,2030-12-31T23:59:59
AS_NP15,PGF1_2_PDRP17-APND,AS_NP15,,2018-03-26T07:00:00-00:00,2031-01-01T07:59:59-00:00,2018-03-26T00:00:00,2030-12-31T23:59:59
AS_NP15,PGF1_2_PDRP18-APND,AS_NP15,,2018-04-23T07:00:00-00:00,2031-01-01T07:59:59-00:00,2018-04-23T00:00:00,2030-12-31T23:59:59
AS_NP15,PGF1_2_PDRP19-APND,AS_NP15,,2018-04-23T07:00:00-00:00,2031-01-01T07:59:59-00:00,2018-04-23T00:00:00,2030-12-31T23:59:59
AS_NP15,PGF1_2_PDRP20-APND,AS_NP15,,2018-04-23T07:00:00-00:00,2031-01-01T07:59:59-00:00,2018-04-23T00:00:00,2030-12-31T23:59:59
AS_NP15,PGF1_2_PDRP21-APND,AS_NP15,,2018-04-23T07:00:00-00:00,2031-01-01T07:59:59-00:00,2018-04-23T00:00:00,2030-12-31T23:59:59
AS_NP15,PGF1_2_PDRP24-APND,AS_NP15,,2018-05-25T07:00:00-00:00,2031-01-01T07:59:59-00:00,2018-05-25T00:00:00,2030-12-31T23:59:59
AS_NP15,PGF1_2_PDRP25-APND,AS_NP15,,2018-05-25T07:00:00-00:00,2031-01-01T07:59:59-00:00,2018-05-25T00:00:00,2030-12-31T23:59:59
AS_NP15,PGF1_2_PDRP26-APND,AS_NP15,,2018-05-25T07:00:00-00:00,2031-01-01T07:59:59-00:00,2018-05-25T00:00:00,2030-12-31T23:59:59
AS_NP15,PGF1_2_PDRP27-APND,AS_NP15,,2018-05-25T07:00:00-00:00,2031-01-01T07:59:59-00:00,2018-05-25T00:00:00,2030-12-31T23:59:59
AS_NP15,PGF1_2_PDRP28-APND,AS_NP15,,2018-05-25T07:00:00-00:00,2031-01-01T07:59:59-00:00,2018-05-25T00:00:00,2030-12-31T23:59:59
AS_NP15,PGF1_2_PDRP29-APND,AS_NP15,,2018-05-25T07:00:00-00:00,2031-01-01T07:59:59-00:00,2018-05-25T00:00:00,2030-12-31T23:59:59
AS_NP15,PGF1_2_PDRP30-APND,AS_NP15,,2018-05-25T07:00:00-00:00,2031-01-01T07:59:59-00:00,2018-05-25T00:00:00,2030-12-31T23:59:59
AS_NP15,PGF1_2_PDRP36-APND,AS_NP15,,2018-10-19T07:00:00-00:00,2031-01-01T07:59:59-00:00,2018-10-19T00:00:00,2030-12-31T23:59:59
AS_NP15,PGF1_2_PDRP37-APND,AS_NP15,,2018-10-19T07:00:00-00:00,2031-01-01T07:59:59-00:00,2018-10-19T00:00:00,2030-12-31T23:59:59
AS_NP15,PGF1_2_PDRP38-APND,AS_NP15,,2018-10-19T07:00:00-00:00,2031-01-01T07:59:59-00:00,2018-10-19T00:00:00,2030-12-31T23:59:59
AS_NP15,PGF1_2_PDRP39-APND,AS_NP15,,2018-10-19T07:00:00-00:00,2031-01-01T07:59:59-00:00,2018-10-19T00:00:00,2030-12-31T23:59:59
AS_NP15,PGF1_2_PDRP40-APND,AS_NP15,,2018-10-19T07:00:00-00:00,2031-01-01T07:59:59-00:00,2018-10-19T00:00:00,2030-12-31T23:59:59
AS_NP15,PGF1_2_PDRP41-APND,AS_NP15,,2018-10-19T07:00:00-00:00,2031-01-01T07:59:59-00:00,2018-10-19T00:00:00,2030-12-31T23:59:59
AS_NP15,PGF1_2_PDRP42-APND,AS_NP15,,2018-10-19T07:00:00-00:00,2031-01-01T07:59:59-00:00,2018-10-19T00:00:00,2030-12-31T23:59:59
AS_NP15,PGF1_2_PDRP43-APND,AS_NP15,,2018-10-19T07:00:00-00:00,2031-01-01T07:59:59-00:00,2018-10-19T00:00:00,2030-12-31T23:59:59
AS_NP15,PGF1_2_PDRP44-APND,AS_NP15,,2018-10-19T07:00:00-00:00,2031-01-01T07:59:59-00:00,2018-10-19T00:00:00,2030-12-31T23:59:59
AS_NP15,PGF1_2_PDRP45-APND,AS_NP15,,2018-10-19T07:00:00-00:00,2031-01-01T07:59:59-00:00,2018-10-19T00:00:00,2030-12-31T23:59:59
AS_NP15,PGF1_2_PDRP46-APND,AS_NP15,,2018-10-22T07:00:00-00:00,2031-01-01T07:59:59-00:00,2018-10-22T00:00:00,2030-12-31T23:59:59
AS_NP15,PGF1_2_PDRP47-APND,AS_NP15,,2018-10-22T07:00:00-00:00,2031-01-01T07:59:59-00:00,2018-10-22T00:00:00,2030-12-31T23:59:59
AS_NP15,PGF1_2_PDRP48-APND,AS_NP15,,2018-10-22T07:00:00-00:00,2031-01-01T07:59:59-00:00,2018-10-22T00:00:00,2030-12-31T23:59:59
AS_NP15,PGF1_2_PDRP49-APND,AS_NP15,,2018-10-22T07:00:00-00:00,2031-01-01T07:59:59-00:00,2018-10-22T00:00:00,2030-12-31T23:59:59
AS_NP15,PGF1_2_PDRP50-APND,AS_NP15,,2018-10-22T07:00:00-00:00,2031-01-01T07:59:59-00:00,2018-10-22T00:00:00,2030-12-31T23:59:59
AS_NP15,PGF1_2_PDRP51-APND,AS_NP15,,2018-10-22T07:00:00-00:00,2031-01-01T07:59:59-00:00,2018-10-22T00:00:00,2030-12-31T23:59:59
AS_NP15,PGF1_2_PDRP52-APND,AS_NP15,,2018-10-22T07:00:00-00:00,2031-01-01T07:59:59-00:00,2018-10-22T00:00:00,2030-12-31T23:59:59
AS_NP15,PGF1_2_PDRP53-APND,AS_NP15,,2018-10-22T07:00:00-00:00,2031-01-01T07:59:59-00:00,2018-10-22T00:00:00,2030-12-31T23:59:59
AS_NP15,PGF1_2_PDRP54-APND,AS_NP15,,2018-10-22T07:00:00-00:00,2031-01-01T07:59:59-00:00,2018-10-22T00:00:00,2030-12-31T23:59:59
AS_NP15,PGF1_2_PDRP55-APND,AS_NP15,,2018-10-22T07:00:00-00:00,2031-01-01T07:59:59-00:00,2018-10-22T00:00:00,2030-12-31T23:59:59
AS_NP15,PGF1_2_PDRP56-APND,AS_NP15,,2018-10-22T07:00:00-00:00,2031-01-01T07:59:59-00:00,2018-10-22T00:00:00,2030-12-31T23:59:59
AS_NP15,PGF1_2_PDRP57-APND,AS_NP15,,2018-10-22T07:00:00-00:00,2031-01-01T07:59:59-00:00,2018-10-22T00:00:00,2030-12-31T23:59:59
AS_NP15,PGF1_2_PDRP58-APND,AS_NP15,,2018-10-22T07:00:00-00:00,2031-01-01T07:59:59-00:00,2018-10-22T00:00:00,2030-12-31T23:59:59
AS_NP15,PGF1_2_PDRP59-APND,AS_NP15,,2018-10-22T07:00:00-00:00,2031-01-01T07:59:59-00:00,2018-10-22T00:00:00,2030-12-31T23:59:59
AS_NP15,PGF1_2_PDRP60-APND,AS_NP15,,2018-12-06T08:00:00-00:00,2031-01-01T07:59:59-00:00,2018-12-06T00:00:00,2030-12-31T23:59:59
AS_NP15,PGF1_2_PDRP61-APND,AS_NP15,,2018-12-06T08:00:00-00:00,2031-01-01T07:59:59-00:00,2018-12-06T00:00:00,2030-12-31T23:59:59
AS_NP15,PGF1_2_PDRP62-APND,AS_NP15,,2019-03-18T07:00:00-00:00,2031-01-01T07:59:59-00:00,2019-03-18T00:00:00,2030-12-31T23:59:59
AS_NP15,PGF1_2_PDRP63-APND,AS_NP15,,2019-03-18T07:00:00-00:00,2031-01-01T07:59:59-00:00,2019-03-18T00:00:00,2030-12-31T23:59:59
AS_NP15,PGF1_2_PDRP64-APND,AS_NP15,,2019-03-18T07:00:00-00:00,2031-01-01T07:59:59-00:00,2019-03-18T00:00:00,2030-12-31T23:59:59
AS_NP15,PGF1_2_PDRP65-APND,AS_NP15,,2023-02-24T08:00:00-00:00,2031-01-01T07:59:59-00:00,2023-02-24T00:00:00,2030-12-31T23:59:59
AS_NP15,PGF1_2_PDRP66-APND,AS_NP15,,2023-02-24T08:00:00-00:00,2031-01-01T07:59:59-00:00,2023-02-24T00:00:00,2030-12-31T23:59:59
AS_NP15,PGF1_2_PDRP68-APND,AS_NP15,,2020-04-17T07:00:00-00:00,2031-01-01T07:59:59-00:00,2020-04-17T00:00:00,2030-12-31T23:59:59
AS_NP15,PGF1_2_PDRP69-APND,AS_NP15,,2022-12-22T08:00:00-00:00,2031-01-01T07:59:59-00:00,2022-12-22T00:00:00,2030-12-31T23:59:59
AS_NP15,PGF1_2_PDRP70-APND,AS_NP15,,2020-04-17T07:00:00-00:00,2031-01-01T07:59:59-00:00,2020-04-17T00:00:00,2030-12-31T23:59:59
AS_NP15,PGF1_2_PDRP71-APND,AS_NP15,,2020-04-17T07:00:00-00:00,2031-01-01T07:59:59-00:00,2020-04-17T00:00:00,2030-12-31T23:59:59
AS_NP15,PGF1_2_PDRP72-APND,AS_NP15,,2020-04-17T07:00:00-00:00,2031-01-01T07:59:59-00:00,2020-04-17T00:00:00,2030-12-31T23:59:59
AS_NP15,PGF1_2_PDRP73-APND,AS_NP15,,2020-04-17T07:00:00-00:00,2031-01-01T07:59:59-00:00,2020-04-17T00:00:00,2030-12-31T23:59:59
AS_NP15,PGF1_2_PDRP74-APND,AS_NP15,,2020-09-28T07:00:00-00:00,2031-01-01T07:59:59-00:00,2020-09-28T00:00:00,2030-12-31T23:59:59
AS_NP15,PGF1_2_PDRP75-APND,AS_NP15,,2020-09-28T07:00:00-00:00,2031-01-01T07:59:59-00:00,2020-09-28T00:00:00,2030-12-31T23:59:59
AS_NP15,PGF1_2_PDRP76-APND,AS_NP15,,2020-09-28T07:00:00-00:00,2031-01-01T07:59:59-00:00,2020-09-28T00:00:00,2030-12-31T23:59:59
AS_NP15,PGF1_2_PDRP77-APND,AS_NP15,,2019-05-30T07:00:00-00:00,2031-01-01T07:59:59-00:00,2019-05-30T00:00:00,2030-12-31T23:59:59
AS_NP15,PGF1_2_PDRP78-APND,AS_NP15,,2019-05-30T07:00:00-00:00,2031-01-01T07:59:59-00:00,2019-05-30T00:00:00,2030-12-31T23:59:59
AS_NP15,PGF1_2_PDRP79-APND,AS_NP15,,2019-05-30T07:00:00-00:00,2031-01-01T07:59:59-00:00,2019-05-30T00:00:00,2030-12-31T23:59:59
AS_NP15,PGF1_2_PDRP80-APND,AS_NP15,,2020-03-10T07:00:00-00:00,2031-01-01T07:59:59-00:00,2020-03-10T00:00:00,2030-12-31T23:59:59
AS_NP15,PGF1_2_PDRP81-APND,AS_NP15,,2020-03-10T07:00:00-00:00,2031-01-01T07:59:59-00:00,2020-03-10T00:00:00,2030-12-31T23:59:59
AS_NP15,PGF1_2_PDRP82-APND,AS_NP15,,2020-03-10T07:00:00-00:00,2031-01-01T07:59:59-00:00,2020-03-10T00:00:00,2030-12-31T23:59:59
AS_NP15,PGF1_2_PDRP83-APND,AS_NP15,,2022-11-14T08:00:00-00:00,2031-01-01T07:59:59-00:00,2022-11-14T00:00:00,2030-12-31T23:59:59
AS_NP15,PGF1_2_PDRP84-APND,AS_NP15,,2020-03-10T07:00:00-00:00,2031-01-01T07:59:59-00:00,2020-03-10T00:00:00,2030-12-31T23:59:59
AS_NP15,PGF1_2_PDRP85-APND,AS_NP15,,2020-03-10T07:00:00-00:00,2031-01-01T07:59:59-00:00,2020-03-10T00:00:00,2030-12-31T23:59:59
AS_NP15,PGF1_2_PDRP86-APND,AS_NP15,,2020-03-10T07:00:00-00:00,2031-01-01T07:59:59-00:00,2020-03-10T00:00:00,2030-12-31T23:59:59
AS_NP15,PGF1_2_PDRP87-APND,AS_NP15,,2020-03-10T07:00:00-00:00,2031-01-01T07:59:59-00:00,2020-03-10T00:00:00,2030-12-31T23:59:59
AS_NP15,PGF1_2_PDRP88-APND,AS_NP15,,2019-09-24T07:00:00-00:00,2031-01-01T07:59:59-00:00,2019-09-24T00:00:00,2030-12-31T23:59:59
AS_NP15,PGF1_2_PDRP89-APND,AS_NP15,,2020-03-10T07:00:00-00:00,2031-01-01T07:59:59-00:00,2020-03-10T00:00:00,2030-12-31T23:59:59
AS_NP15,PGF1_2_PDRP91-APND,AS_NP15,,2022-11-01T07:00:00-00:00,2031-01-01T07:59:59-00:00,2022-11-01T00:00:00,2030-12-31T23:59:59
AS_NP15,PGF1_2_PDRP93-APND,AS_NP15,,2020-04-17T07:00:00-00:00,2031-01-01T07:59:59-00:00,2020-04-17T00:00:00,2030-12-31T23:59:59
AS_NP15,PGF1_2_PDRP94-APND,AS_NP15,,2020-04-24T07:00:00-00:00,2031-01-01T07:59:59-00:00,2020-04-24T00:00:00,2030-12-31T23:59:59
AS_NP15,PGF1_2_PDRP95-APND,AS_NP15,,2020-04-24T07:00:00-00:00,2031-01-01T07:59:59-00:00,2020-04-24T00:00:00,2030-12-31T23:59:59
AS_NP15,PGF1_2_PDRP96-APND,AS_NP15,,2020-04-24T07:00:00-00:00,2031-01-01T07:59:59-00:00,2020-04-24T00:00:00,2030-12-31T23:59:59
AS_NP15,PGF1_2_PDRP97-APND,AS_NP15,,2020-04-24T07:00:00-00:00,2031-01-01T07:59:59-00:00,2020-04-24T00:00:00,2030-12-31T23:59:59
AS_NP15,PGF1_2_PDRP98-APND,AS_NP15,,2020-04-24T07:00:00-00:00,2031-01-01T07:59:59-00:00,2020-04-24T00:00:00,2030-12-31T23:59:59
AS_NP15,PGF1_2_RDRR01-APND,AS_NP15,,2023-01-06T08:00:00-00:00,2031-01-01T07:59:59-00:00,2023-01-06T00:00:00,2030-12-31T23:59:59
AS_NP15,PGF1_2_RDRR02-APND,AS_NP15,,2025-07-02T07:00:00-00:00,2031-01-01T07:59:59-00:00,2025-07-02T00:00:00,2030-12-31T23:59:59
AS_NP15,PGFG_1_PDRP05-APND,AS_NP15,,2017-07-26T07:00:00-00:00,2031-01-01T07:59:59-00:00,2017-07-26T00:00:00,2030-12-31T23:59:59
AS_NP15,PGFG_1_PDRP13-APND,AS_NP15,,2018-04-23T07:00:00-00:00,2031-01-01T07:59:59-00:00,2018-04-23T00:00:00,2030-12-31T23:59:59
AS_NP15,PGFG_1_PDRP14-APND,AS_NP15,,2018-05-25T07:00:00-00:00,2031-01-01T07:59:59-00:00,2018-05-25T00:00:00,2030-12-31T23:59:59
AS_NP15,PGFG_1_PDRP15-APND,AS_NP15,,2018-05-25T07:00:00-00:00,2031-01-01T07:59:59-00:00,2018-05-25T00:00:00,2030-12-31T23:59:59
AS_NP15,PGFG_1_PDRP17-APND,AS_NP15,,2018-10-19T07:00:00-00:00,2031-01-01T07:59:59-00:00,2018-10-19T00:00:00,2030-12-31T23:59:59
AS_NP15,PGFG_1_PDRP19-APND,AS_NP15,,2019-03-18T07:00:00-00:00,2031-01-01T07:59:59-00:00,2019-03-18T00:00:00,2030-12-31T23:59:59
AS_NP15,PGFG_1_PDRP20-APND,AS_NP15,,2019-06-10T07:00:00-00:00,2031-01-01T07:59:59-00:00,2019-06-10T00:00:00,2030-12-31T23:59:59
AS_NP15,PGFG_1_PDRP21-APND,AS_NP15,,2020-04-24T07:00:00-00:00,2031-01-01T07:59:59-00:00,2020-04-24T00:00:00,2030-12-31T23:59:59
AS_NP15,PGFG_1_PDRP22-APND,AS_NP15,,2020-09-28T07:00:00-00:00,2031-01-01T07:59:59-00:00,2020-09-28T00:00:00,2030-12-31T23:59:59
AS_NP15,PGFG_1_PDRP23-APND,AS_NP15,,2020-09-28T07:00:00-00:00,2031-01-01T07:59:59-00:00,2020-09-28T00:00:00,2030-12-31T23:59:59
AS_NP15,PGFG_1_PDRP24-APND,AS_NP15,,2020-09-28T07:00:00-00:00,2031-01-01T07:59:59-00:00,2020-09-28T00:00:00,2030-12-31T23:59:59
AS_NP15,PGFG_1_PDRP25-APND,AS_NP15,,2019-06-10T07:00:00-00:00,2031-01-01T07:59:59-00:00,2019-06-10T00:00:00,2030-12-31T23:59:59
AS_NP15,PGFG_1_PDRP27-APND,AS_NP15,,2020-11-23T08:00:00-00:00,2031-01-01T07:59:59-00:00,2020-11-23T00:00:00,2030-12-31T23:59:59
AS_NP15,PGFG_1_PDRP28-APND,AS_NP15,,2020-11-23T08:00:00-00:00,2031-01-01T07:59:59-00:00,2020-11-23T00:00:00,2030-12-31T23:59:59
AS_NP15,PGFG_1_PDRP29-APND,AS_NP15,,2020-11-23T08:00:00-00:00,2031-01-01T07:59:59-00:00,2020-11-23T00:00:00,2030-12-31T23:59:59
AS_NP15,PGFG_1_PDRP32-APND,AS_NP15,,2020-03-10T07:00:00-00:00,2031-01-01T07:59:59-00:00,2020-03-10T00:00:00,2030-12-31T23:59:59
AS_NP15,PGFG_1_PDRP33-APND,AS_NP15,,2020-03-10T07:00:00-00:00,2031-01-01T07:59:59-00:00,2020-03-10T00:00:00,2030-12-31T23:59:59
AS_NP15,PGFG_1_PDRP35-APND,AS_NP15,,2020-11-23T08:00:00-00:00,2031-01-01T07:59:59-00:00,2020-11-23T00:00:00,2030-12-31T23:59:59
AS_NP15,PGFG_1_PDRP36-APND,AS_NP15,,2020-11-23T08:00:00-00:00,2031-01-01T07:59:59-00:00,2020-11-23T00:00:00,2030-12-31T23:59:59
AS_NP15,PGFG_1_PDRP38-APND,AS_NP15,,2022-05-24T07:00:00-00:00,2031-01-01T07:59:59-00:00,2022-05-24T00:00:00,2030-12-31T23:59:59
AS_NP15,PGFG_1_PDRP40-APND,AS_NP15,,2025-12-23T08:00:00-00:00,2031-01-01T07:59:59-00:00,2025-12-23T00:00:00,2030-12-31T23:59:59
AS_NP15,PGFG_1_PDRP41-APND,AS_NP15,,2025-02-03T08:00:00-00:00,2031-01-01T07:59:59-00:00,2025-02-03T00:00:00,2030-12-31T23:59:59
AS_NP15,PGFG_1_PDRP77-APND,AS_NP15,,2025-05-01T07:00:00-00:00,2031-01-01T07:59:59-00:00,2025-05-01T00:00:00,2030-12-31T23:59:59
AS_NP15,PGFG_1_RDRR01-APND,AS_NP15,,2026-02-01T08:00:00-00:00,2031-01-01T07:59:59-00:00,2026-02-01T00:00:00,2030-12-31T23:59:59
AS_NP15,PGHB_6_PDRP02-APND,AS_NP15,,2017-01-04T08:00:00-00:00,2031-01-01T07:59:59-00:00,2017-01-04T00:00:00,2030-12-31T23:59:59
AS_NP15,PGHB_6_PDRP04-APND,AS_NP15,,2018-01-03T08:00:00-00:00,2031-01-01T07:59:59-00:00,2018-01-03T00:00:00,2030-12-31T23:59:59
AS_NP15,PGHB_6_PDRP05-APND,AS_NP15,,2018-04-23T07:00:00-00:00,2031-01-01T07:59:59-00:00,2018-04-23T00:00:00,2030-12-31T23:59:59
AS_NP15,PGHB_6_PDRP06-APND,AS_NP15,,2018-05-25T07:00:00-00:00,2031-01-01T07:59:59-00:00,2018-05-25T00:00:00,2030-12-31T23:59:59
AS_NP15,PGHB_6_PDRP07-APND,AS_NP15,,2018-10-19T07:00:00-00:00,2031-01-01T07:59:59-00:00,2018-10-19T00:00:00,2030-12-31T23:59:59
AS_NP15,PGHB_6_PDRP08-APND,AS_NP15,,2020-11-23T08:00:00-00:00,2031-01-01T07:59:59-00:00,2020-11-23T00:00:00,2030-12-31T23:59:59
AS_NP15,PGHB_6_PDRP09-APND,AS_NP15,,2020-11-23T08:00:00-00:00,2031-01-01T07:59:59-00:00,2020-11-23T00:00:00,2030-12-31T23:59:59
AS_NP15,PGHB_6_PDRP10-APND,AS_NP15,,2022-11-01T07:00:00-00:00,2031-01-01T07:59:59-00:00,2022-11-01T00:00:00,2030-12-31T23:59:59
AS_NP15,PGHB_6_PDRP11-APND,AS_NP15,,2020-03-10T07:00:00-00:00,2031-01-01T07:59:59-00:00,2020-03-10T00:00:00,2030-12-31T23:59:59
AS_NP15,PGHB_6_PDRP12-APND,AS_NP15,,2022-11-01T07:00:00-00:00,2031-01-01T07:59:59-00:00,2022-11-01T00:00:00,2030-12-31T23:59:59
AS_NP15,PGHB_6_PDRP14-APND,AS_NP15,,2020-11-23T08:00:00-00:00,2031-01-01T07:59:59-00:00,2020-11-23T00:00:00,2030-12-31T23:59:59
AS_NP15,PGHB_6_PDRP15-APND,AS_NP15,,2020-11-23T08:00:00-00:00,2031-01-01T07:59:59-00:00,2020-11-23T00:00:00,2030-12-31T23:59:59
AS_NP15,PGHB_6_PDRP16-APND,AS_NP15,,2020-11-23T08:00:00-00:00,2031-01-01T07:59:59-00:00,2020-11-23T00:00:00,2030-12-31T23:59:59
AS_NP15,PGHB_6_PDRP19-APND,AS_NP15,,2025-12-23T08:00:00-00:00,2031-01-01T07:59:59-00:00,2025-12-23T00:00:00,2030-12-31T23:59:59
AS_NP15,PGNB_2_PDRP02-APND,AS_NP15,,2017-07-26T07:00:00-00:00,2031-01-01T07:59:59-00:00,2017-07-26T00:00:00,2030-12-31T23:59:59
AS_NP15,PGNB_2_PDRP03-APND,AS_NP15,,2017-01-04T08:00:00-00:00,2031-01-01T07:59:59-00:00,2017-01-04T00:00:00,2030-12-31T23:59:59
AS_NP15,PGNB_2_PDRP101-APND,AS_NP15,,2024-05-01T07:00:00-00:00,2031-01-01T07:59:59-00:00,2024-05-01T00:00:00,2030-12-31T23:59:59
AS_NP15,PGNB_2_PDRP12-APND,AS_NP15,,2018-04-23T07:00:00-00:00,2031-01-01T07:59:59-00:00,2018-04-23T00:00:00,2030-12-31T23:59:59
AS_NP15,PGNB_2_PDRP15-APND,AS_NP15,,2018-05-25T07:00:00-00:00,2031-01-01T07:59:59-00:00,2018-05-25T00:00:00,2030-12-31T23:59:59
AS_NP15,PGNB_2_PDRP16-APND,AS_NP15,,2018-10-19T07:00:00-00:00,2031-01-01T07:59:59-00:00,2018-10-19T00:00:00,2030-12-31T23:59:59
AS_NP15,PGNB_2_PDRP17-APND,AS_NP15,,2018-10-19T07:00:00-00:00,2031-01-01T07:59:59-00:00,2018-10-19T00:00:00,2030-12-31T23:59:59
AS_NP15,PGNB_2_PDRP19-APND,AS_NP15,,2018-11-13T08:00:00-00:00,2031-01-01T07:59:59-00:00,2018-11-13T00:00:00,2030-12-31T23:59:59
AS_NP15,PGNB_2_PDRP20-APND,AS_NP15,,2019-05-30T07:00:00-00:00,2031-01-01T07:59:59-00:00,2019-05-30T00:00:00,2030-12-31T23:59:59
AS_NP15,PGNB_2_PDRP21-APND,AS_NP15,,2019-09-24T07:00:00-00:00,2031-01-01T07:59:59-00:00,2019-09-24T00:00:00,2030-12-31T23:59:59
AS_NP15,PGNB_2_PDRP22-APND,AS_NP15,,2022-12-30T08:00:00-00:00,2031-01-01T07:59:59-00:00,2022-12-30T00:00:00,2030-12-31T23:59:59
AS_NP15,PGNB_2_PDRP25-APND,AS_NP15,,2019-06-07T07:00:00-00:00,2031-01-01T07:59:59-00:00,2019-06-07T00:00:00,2030-12-31T23:59:59
AS_NP15,PGNB_2_PDRP26-APND,AS_NP15,,2020-11-23T08:00:00-00:00,2031-01-01T07:59:59-00:00,2020-11-23T00:00:00,2030-12-31T23:59:59
AS_NP15,PGNB_2_PDRP27-APND,AS_NP15,,2019-06-10T07:00:00-00:00,2031-01-01T07:59:59-00:00,2019-06-10T00:00:00,2030-12-31T23:59:59
AS_NP15,PGNB_2_PDRP28-APND,AS_NP15,,2020-11-23T08:00:00-00:00,2031-01-01T07:59:59-00:00,2020-11-23T00:00:00,2030-12-31T23:59:59
AS_NP15,PGNB_2_PDRP29-APND,AS_NP15,,2020-11-23T08:00:00-00:00,2031-01-01T07:59:59-00:00,2020-11-23T00:00:00,2030-12-31T23:59:59
AS_NP15,PGNB_2_PDRP30-APND,AS_NP15,,2020-03-10T07:00:00-00:00,2031-01-01T07:59:59-00:00,2020-03-10T00:00:00,2030-12-31T23:59:59
AS_NP15,PGNB_2_PDRP31-APND,AS_NP15,,2020-03-10T07:00:00-00:00,2031-01-01T07:59:59-00:00,2020-03-10T00:00:00,2030-12-31T23:59:59
AS_NP15,PGNB_2_PDRP32-APND,AS_NP15,,2020-03-10T07:00:00-00:00,2031-01-01T07:59:59-00:00,2020-03-10T00:00:00,2030-12-31T23:59:59
AS_NP15,PGNB_2_PDRP33-APND,AS_NP15,,2020-03-10T07:00:00-00:00,2031-01-01T07:59:59-00:00,2020-03-10T00:00:00,2030-12-31T23:59:59
AS_NP15,PGNB_2_PDRP34-APND,AS_NP15,,2022-10-17T07:00:00-00:00,2031-01-01T07:59:59-00:00,2022-10-17T00:00:00,2030-12-31T23:59:59
AS_NP15,PGNB_2_PDRP35-APND,AS_NP15,,2020-09-28T07:00:00-00:00,2031-01-01T07:59:59-00:00,2020-09-28T00:00:00,2030-12-31T23:59:59
AS_NP15,PGNB_2_PDRP36-APND,AS_NP15,,2020-09-28T07:00:00-00:00,2031-01-01T07:59:59-00:00,2020-09-28T00:00:00,2030-12-31T23:59:59
AS_NP15,PGNB_2_PDRP37-APND,AS_NP15,,2020-11-23T08:00:00-00:00,2031-01-01T07:59:59-00:00,2020-11-23T00:00:00,2030-12-31T23:59:59
AS_NP15,PGNB_2_PDRP41-APND,AS_NP15,,2025-12-23T08:00:00-00:00,2031-01-01T07:59:59-00:00,2025-12-23T00:00:00,2030-12-31T23:59:59
AS_NP15,PGNB_2_PDRP42-APND,AS_NP15,,2022-11-01T07:00:00-00:00,2031-01-01T07:59:59-00:00,2022-11-01T00:00:00,2030-12-31T23:59:59
AS_NP15,PGNB_2_PDRP43-APND,AS_NP15,,2025-07-01T07:00:00-00:00,2031-01-01T07:59:59-00:00,2025-07-01T00:00:00,2030-12-31T23:59:59
AS_NP15,PGNC_1_PDRP01-APND,AS_NP15,,2017-01-04T08:00:00-00:00,2031-01-01T07:59:59-00:00,2017-01-04T00:00:00,2030-12-31T23:59:59
AS_NP15,PGNC_1_PDRP04-APND,AS_NP15,,2018-04-23T07:00:00-00:00,2031-01-01T07:59:59-00:00,2018-04-23T00:00:00,2030-12-31T23:59:59
AS_NP15,PGNC_1_PDRP05-APND,AS_NP15,,2018-05-25T07:00:00-00:00,2031-01-01T07:59:59-00:00,2018-05-25T00:00:00,2030-12-31T23:59:59
AS_NP15,PGNC_1_PDRP06-APND,AS_NP15,,2018-10-19T07:00:00-00:00,2031-01-01T07:59:59-00:00,2018-10-19T00:00:00,2030-12-31T23:59:59
AS_NP15,PGNC_1_PDRP07-APND,AS_NP15,,2018-10-19T07:00:00-00:00,2031-01-01T07:59:59-00:00,2018-10-19T00:00:00,2030-12-31T23:59:59
AS_NP15,PGNC_1_PDRP09-APND,AS_NP15,,2019-06-06T07:00:00-00:00,2031-01-01T07:59:59-00:00,2019-06-06T00:00:00,2030-12-31T23:59:59
AS_NP15,PGNC_1_PDRP14-APND,AS_NP15,,2020-09-28T07:00:00-00:00,2031-01-01T07:59:59-00:00,2020-09-28T00:00:00,2030-12-31T23:59:59
AS_NP15,PGNC_1_PDRP15-APND,AS_NP15,,2020-09-28T07:00:00-00:00,2031-01-01T07:59:59-00:00,2020-09-28T00:00:00,2030-12-31T23:59:59
AS_NP15,PGNC_1_PDRP16-APND,AS_NP15,,2020-11-23T08:00:00-00:00,2031-01-01T07:59:59-00:00,2020-11-23T00:00:00,2030-12-31T23:59:59
AS_NP15,PGNC_1_PDRP17-APND,AS_NP15,,2020-03-10T07:00:00-00:00,2031-01-01T07:59:59-00:00,2020-03-10T00:00:00,2030-12-31T23:59:59
AS_NP15,PGNC_1_PDRP18-APND,AS_NP15,,2022-11-01T07:00:00-00:00,2031-01-01T07:59:59-00:00,2022-11-01T00:00:00,2030-12-31T23:59:59
AS_NP15,PGNC_1_PDRP19-APND,AS_NP15,,2020-03-10T07:00:00-00:00,2031-01-01T07:59:59-00:00,2020-03-10T00:00:00,2030-12-31T23:59:59
AS_NP15,PGNC_1_PDRP20-APND,AS_NP15,,2020-03-10T07:00:00-00:00,2031-01-01T07:59:59-00:00,2020-03-10T00:00:00,2030-12-31T23:59:59
AS_NP15,PGNC_1_PDRP21-APND,AS_NP15,,2020-03-10T07:00:00-00:00,2031-01-01T07:59:59-00:00,2020-03-10T00:00:00,2030-12-31T23:59:59
AS_NP15,PGNC_1_PDRP22-APND,AS_NP15,,2020-11-23T08:00:00-00:00,2031-01-01T07:59:59-00:00,2020-11-23T00:00:00,2030-12-31T23:59:59
AS_NP15,PGNC_1_PDRP23-APND,AS_NP15,,2025-12-23T08:00:00-00:00,2031-01-01T07:59:59-00:00,2025-12-23T00:00:00,2030-12-31T23:59:59
AS_NP15,PGNC_1_PDRP26-APND,AS_NP15,,2022-11-01T07:00:00-00:00,2031-01-01T07:59:59-00:00,2022-11-01T00:00:00,2030-12-31T23:59:59
AS_NP15,PGNC_1_RDRR02-APND,AS_NP15,,2023-06-28T07:00:00-00:00,2031-01-01T07:59:59-00:00,2023-06-28T00:00:00,2030-12-31T23:59:59
AS_NP15,PGNC_2_PDRP10-APND,AS_NP15,,2020-11-23T08:00:00-00:00,2031-01-01T07:59:59-00:00,2020-11-23T00:00:00,2030-12-31T23:59:59
AS_NP15,PGNC_2_PDRP11-APND,AS_NP15,,2020-11-23T08:00:00-00:00,2031-01-01T07:59:59-00:00,2020-11-23T00:00:00,2030-12-31T23:59:59
AS_NP15,PGNC_2_PDRP12-APND,AS_NP15,,2020-11-23T08:00:00-00:00,2031-01-01T07:59:59-00:00,2020-11-23T00:00:00,2030-12-31T23:59:59
AS_NP15,PGNP_2_PDRP02-APND,AS_NP15,,2017-01-01T08:00:00-00:00,2031-01-01T07:59:59-00:00,2017-01-01T00:00:00,2030-12-31T23:59:59
AS_NP15,PGNP_2_PDRP08-APND,AS_NP15,,2018-03-26T07:00:00-00:00,2031-01-01T07:59:59-00:00,2018-03-26T00:00:00,2030-12-31T23:59:59
AS_NP15,PGNP_2_PDRP09-APND,AS_NP15,,2018-03-26T07:00:00-00:00,2031-01-01T07:59:59-00:00,2018-03-26T00:00:00,2030-12-31T23:59:59
AS_NP15,PGNP_2_PDRP10-APND,AS_NP15,,2018-03-26T07:00:00-00:00,2031-01-01T07:59:59-00:00,2018-03-26T00:00:00,2030-12-31T23:59:59
AS_NP15,PGNP_2_PDRP11-APND,AS_NP15,,2018-04-23T07:00:00-00:00,2031-01-01T07:59:59-00:00,2018-04-23T00:00:00,2030-12-31T23:59:59
AS_NP15,PGNP_2_PDRP16-APND,AS_NP15,,2018-05-25T07:00:00-00:00,2031-01-01T07:59:59-00:00,2018-05-25T00:00:00,2030-12-31T23:59:59
AS_NP15,PGNP_2_PDRP17-APND,AS_NP15,,2018-05-25T07:00:00-00:00,2031-01-01T07:59:59-00:00,2018-05-25T00:00:00,2030-12-31T23:59:59
AS_NP15,PGNP_2_PDRP18-APND,AS_NP15,,2018-05-25T07:00:00-00:00,2031-01-01T07:59:59-00:00,2018-05-25T00:00:00,2030-12-31T23:59:59
AS_NP15,PGNP_2_PDRP19-APND,AS_NP15,,2018-10-19T07:00:00-00:00,2031-01-01T07:59:59-00:00,2018-10-19T00:00:00,2030-12-31T23:59:59
AS_NP15,PGNP_2_PDRP20-APND,AS_NP15,,2018-10-19T07:00:00-00:00,2031-01-01T07:59:59-00:00,2018-10-19T00:00:00,2030-12-31T23:59:59
AS_NP15,PGNP_2_PDRP21-APND,AS_NP15,,2018-10-22T07:00:00-00:00,2031-01-01T07:59:59-00:00,2018-10-22T00:00:00,2030-12-31T23:59:59
AS_NP15,PGNP_2_PDRP22-APND,AS_NP15,,2018-10-22T07:00:00-00:00,2031-01-01T07:59:59-00:00,2018-10-22T00:00:00,2030-12-31T23:59:59
AS_NP15,PGNP_2_PDRP23-APND,AS_NP15,,2018-10-22T07:00:00-00:00,2031-01-01T07:59:59-00:00,2018-10-22T00:00:00,2030-12-31T23:59:59
AS_NP15,PGNP_2_PDRP24-APND,AS_NP15,,2018-10-22T07:00:00-00:00,2031-01-01T07:59:59-00:00,2018-10-22T00:00:00,2030-12-31T23:59:59
AS_NP15,PGNP_2_PDRP25-APND,AS_NP15,,2018-10-22T07:00:00-00:00,2031-01-01T07:59:59-00:00,2018-10-22T00:00:00,2030-12-31T23:59:59
AS_NP15,PGNP_2_PDRP26-APND,AS_NP15,,2018-10-22T07:00:00-00:00,2031-01-01T07:59:59-00:00,2018-10-22T00:00:00,2030-12-31T23:59:59
AS_NP15,PGNP_2_PDRP27-APND,AS_NP15,,2018-10-22T07:00:00-00:00,2031-01-01T07:59:59-00:00,2018-10-22T00:00:00,2030-12-31T23:59:59
AS_NP15,PGNP_2_PDRP28-APND,AS_NP15,,2018-10-22T07:00:00-00:00,2031-01-01T07:59:59-00:00,2018-10-22T00:00:00,2030-12-31T23:59:59
AS_NP15,PGNP_2_PDRP29-APND,AS_NP15,,2018-10-22T07:00:00-00:00,2031-01-01T07:59:59-00:00,2018-10-22T00:00:00,2030-12-31T23:59:59
AS_NP15,PGNP_2_PDRP30-APND,AS_NP15,,2019-06-10T07:00:00-00:00,2031-01-01T07:59:59-00:00,2019-06-10T00:00:00,2030-12-31T23:59:59
AS_NP15,PGNP_2_PDRP31-APND,AS_NP15,,2019-05-30T07:00:00-00:00,2031-01-01T07:59:59-00:00,2019-05-30T00:00:00,2030-12-31T23:59:59
AS_NP15,PGNP_2_PDRP34-APND,AS_NP15,,2019-06-10T07:00:00-00:00,2031-01-01T07:59:59-00:00,2019-06-10T00:00:00,2030-12-31T23:59:59
AS_NP15,PGNP_2_PDRP39-APND,AS_NP15,,2020-06-01T07:00:00-00:00,2031-01-01T07:59:59-00:00,2020-06-01T00:00:00,2030-12-31T23:59:59
AS_NP15,PGNP_2_PDRP40-APND,AS_NP15,,2020-03-10T07:00:00-00:00,2031-01-01T07:59:59-00:00,2020-03-10T00:00:00,2030-12-31T23:59:59
AS_NP15,PGNP_2_PDRP41-APND,AS_NP15,,2020-03-10T07:00:00-00:00,2031-01-01T07:59:59-00:00,2020-03-10T00:00:00,2030-12-31T23:59:59
AS_NP15,PGNP_2_PDRP42-APND,AS_NP15,,2020-03-10T07:00:00-00:00,2031-01-01T07:59:59-00:00,2020-03-10T00:00:00,2030-12-31T23:59:59
AS_NP15,PGNP_2_PDRP43-APND,AS_NP15,,2020-03-10T07:00:00-00:00,2031-01-01T07:59:59-00:00,2020-03-10T00:00:00,2030-12-31T23:59:59
AS_NP15,PGNP_2_PDRP44-APND,AS_NP15,,2020-04-24T07:00:00-00:00,2031-01-01T07:59:59-00:00,2020-04-24T00:00:00,2030-12-31T23:59:59
AS_NP15,PGNP_2_PDRP45-APND,AS_NP15,,2020-04-24T07:00:00-00:00,2031-01-01T07:59:59-00:00,2020-04-24T00:00:00,2030-12-31T23:59:59
AS_NP15,PGNP_2_PDRP46-APND,AS_NP15,,2020-09-28T07:00:00-00:00,2031-01-01T07:59:59-00:00,2020-09-28T00:00:00,2030-12-31T23:59:59
AS_NP15,PGNP_2_PDRP47-APND,AS_NP15,,2020-09-28T07:00:00-00:00,2031-01-01T07:59:59-00:00,2020-09-28T00:00:00,2030-12-31T23:59:59
AS_NP15,PGNP_2_PDRP48-APND,AS_NP15,,2020-09-28T07:00:00-00:00,2031-01-01T07:59:59-00:00,2020-09-28T00:00:00,2030-12-31T23:59:59
AS_NP15,PGNP_2_PDRP49-APND,AS_NP15,,2020-09-28T07:00:00-00:00,2031-01-01T07:59:59-00:00,2020-09-28T00:00:00,2030-12-31T23:59:59
AS_NP15,PGNP_2_PDRP50-APND,AS_NP15,,2020-04-17T07:00:00-00:00,2031-01-01T07:59:59-00:00,2020-04-17T00:00:00,2030-12-31T23:59:59
AS_NP15,PGNP_2_PDRP53-APND,AS_NP15,,2022-11-19T08:00:00-00:00,2031-01-01T07:59:59-00:00,2022-11-19T00:00:00,2030-12-31T23:59:59
AS_NP15,PGNP_2_PDRP54-APND,AS_NP15,,2025-12-23T08:00:00-00:00,2031-01-01T07:59:59-00:00,2025-12-23T00:00:00,2030-12-31T23:59:59
AS_NP15,PGNP_2_PDRP55-APND,AS_NP15,,2022-03-30T07:00:00-00:00,2031-01-01T07:59:59-00:00,2022-03-30T00:00:00,2030-12-31T23:59:59
AS_NP15,PGNP_2_PDRP56-APND,AS_NP15,,2022-03-30T07:00:00-00:00,2031-01-01T07:59:59-00:00,2022-03-30T00:00:00,2030-12-31T23:59:59
AS_NP15,PGNP_2_PDRP60-APND,AS_NP15,,2024-05-01T07:00:00-00:00,2031-01-01T07:59:59-00:00,2024-05-01T00:00:00,2030-12-31T23:59:59
AS_NP15,PGNP_2_RDRR02-APND,AS_NP15,,2023-01-06T08:00:00-00:00,2031-01-01T07:59:59-00:00,2023-01-06T00:00:00,2030-12-31T23:59:59
AS_NP15,PGNP_2_RDRR03-APND,AS_NP15,,2024-06-05T07:00:00-00:00,2031-01-01T07:59:59-00:00,2024-06-05T00:00:00,2030-12-31T23:59:59
AS_NP15,PGP2_2_PDRP05-APND,AS_NP15,,2016-05-06T07:00:00-00:00,2031-01-01T07:59:59-00:00,2016-05-06T00:00:00,2030-12-31T23:59:59
AS_NP15,PGP2_2_PDRP07-APND,AS_NP15,,2017-07-26T07:00:00-00:00,2031-01-01T07:59:59-00:00,2017-07-26T00:00:00,2030-12-31T23:59:59
AS_NP15,PGP2_2_PDRP08-APND,AS_NP15,,2017-01-04T08:00:00-00:00,2031-01-01T07:59:59-00:00,2017-01-04T00:00:00,2030-12-31T23:59:59
AS_NP15,PGP2_2_PDRP101-APND,AS_NP15,,2025-07-01T07:00:00-00:00,2031-01-01T07:59:59-00:00,2025-07-01T00:00:00,2030-12-31T23:59:59
AS_NP15,PGP2_2_PDRP17-APND,AS_NP15,,2018-01-03T08:00:00-00:00,2031-01-01T07:59:59-00:00,2018-01-03T00:00:00,2030-12-31T23:59:59
AS_NP15,PGP2_2_PDRP22-APND,AS_NP15,,2018-04-23T07:00:00-00:00,2031-01-01T07:59:59-00:00,2018-04-23T00:00:00,2030-12-31T23:59:59
AS_NP15,PGP2_2_PDRP23-APND,AS_NP15,,2018-04-23T07:00:00-00:00,2031-01-01T07:59:59-00:00,2018-04-23T00:00:00,2030-12-31T23:59:59
AS_NP15,PGP2_2_PDRP24-APND,AS_NP15,,2018-04-23T07:00:00-00:00,2031-01-01T07:59:59-00:00,2018-04-23T00:00:00,2030-12-31T23:59:59
AS_NP15,PGP2_2_PDRP25-APND,AS_NP15,,2018-04-23T07:00:00-00:00,2031-01-01T07:59:59-00:00,2018-04-23T00:00:00,2030-12-31T23:59:59
AS_NP15,PGP2_2_PDRP26-APND,AS_NP15,,2018-04-23T07:00:00-00:00,2031-01-01T07:59:59-00:00,2018-04-23T00:00:00,2030-12-31T23:59:59
AS_NP15,PGP2_2_PDRP28-APND,AS_NP15,,2018-05-25T07:00:00-00:00,2031-01-01T07:59:59-00:00,2018-05-25T00:00:00,2030-12-31T23:59:59
AS_NP15,PGP2_2_PDRP29-APND,AS_NP15,,2018-05-25T07:00:00-00:00,2031-01-01T07:59:59-00:00,2018-05-25T00:00:00,2030-12-31T23:59:59
AS_NP15,PGP2_2_PDRP30-APND,AS_NP15,,2018-05-25T07:00:00-00:00,2031-01-01T07:59:59-00:00,2018-05-25T00:00:00,2030-12-31T23:59:59
AS_NP15,PGP2_2_PDRP32-APND,AS_NP15,,2018-10-19T07:00:00-00:00,2031-01-01T07:59:59-00:00,2018-10-19T00:00:00,2030-12-31T23:59:59
AS_NP15,PGP2_2_PDRP33-APND,AS_NP15,,2018-10-19T07:00:00-00:00,2031-01-01T07:59:59-00:00,2018-10-19T00:00:00,2030-12-31T23:59:59
AS_NP15,PGP2_2_PDRP35-APND,AS_NP15,,2019-01-22T08:00:00-00:00,2031-01-01T07:59:59-00:00,2019-01-22T00:00:00,2030-12-31T23:59:59
AS_NP15,PGP2_2_PDRP38-APND,AS_NP15,,2019-03-18T07:00:00-00:00,2031-01-01T07:59:59-00:00,2019-03-18T00:00:00,2030-12-31T23:59:59
AS_NP15,PGP2_2_PDRP42-APND,AS_NP15,,2019-09-24T07:00:00-00:00,2031-01-01T07:59:59-00:00,2019-09-24T00:00:00,2030-12-31T23:59:59
AS_NP15,PGP2_2_PDRP43-APND,AS_NP15,,2019-06-10T07:00:00-00:00,2031-01-01T07:59:59-00:00,2019-06-10T00:00:00,2030-12-31T23:59:59
AS_NP15,PGP2_2_PDRP44-APND,AS_NP15,,2019-06-10T07:00:00-00:00,2031-01-01T07:59:59-00:00,2019-06-10T00:00:00,2030-12-31T23:59:59
AS_NP15,PGP2_2_PDRP47-APND,AS_NP15,,2019-06-10T07:00:00-00:00,2031-01-01T07:59:59-00:00,2019-06-10T00:00:00,2030-12-31T23:59:59
AS_NP15,PGP2_2_PDRP48-APND,AS_NP15,,2019-06-07T07:00:00-00:00,2031-01-01T07:59:59-00:00,2019-06-07T00:00:00,2030-12-31T23:59:59
AS_NP15,PGP2_2_PDRP53-APND,AS_NP15,,2020-04-24T07:00:00-00:00,2031-01-01T07:59:59-00:00,2020-04-24T00:00:00,2030-12-31T23:59:59
AS_NP15,PGP2_2_PDRP54-APND,AS_NP15,,2020-04-24T07:00:00-00:00,2031-01-01T07:59:59-00:00,2020-04-24T00:00:00,2030-12-31T23:59:59
AS_NP15,PGP2_2_PDRP55-APND,AS_NP15,,2020-04-24T07:00:00-00:00,2031-01-01T07:59:59-00:00,2020-04-24T00:00:00,2030-12-31T23:59:59
AS_NP15,PGP2_2_PDRP56-APND,AS_NP15,,2021-06-25T07:00:00-00:00,2031-01-01T07:59:59-00:00,2021-06-25T00:00:00,2030-12-31T23:59:59
AS_NP15,PGP2_2_PDRP58-APND,AS_NP15,,2024-05-01T07:00:00-00:00,2031-01-01T07:59:59-00:00,2024-05-01T00:00:00,2030-12-31T23:59:59
AS_NP15,PGP2_2_PDRP60-APND,AS_NP15,,2020-03-10T07:00:00-00:00,2031-01-01T07:59:59-00:00,2020-03-10T00:00:00,2030-12-31T23:59:59
AS_NP15,PGP2_2_PDRP61-APND,AS_NP15,,2020-03-10T07:00:00-00:00,2031-01-01T07:59:59-00:00,2020-03-10T00:00:00,2030-12-31T23:59:59
AS_NP15,PGP2_2_PDRP62-APND,AS_NP15,,2020-03-10T07:00:00-00:00,2031-01-01T07:59:59-00:00,2020-03-10T00:00:00,2030-12-31T23:59:59
AS_NP15,PGP2_2_PDRP63-APND,AS_NP15,,2022-12-23T08:00:00-00:00,2031-01-01T07:59:59-00:00,2022-12-23T00:00:00,2030-12-31T23:59:59
AS_NP15,PGP2_2_PDRP64-APND,AS_NP15,,2024-07-12T07:00:00-00:00,2031-01-01T07:59:59-00:00,2024-07-12T00:00:00,2030-12-31T23:59:59
AS_NP15,PGP2_2_PDRP65-APND,AS_NP15,,2020-09-28T07:00:00-00:00,2031-01-01T07:59:59-00:00,2020-09-28T00:00:00,2030-12-31T23:59:59
AS_NP15,PGP2_2_PDRP66-APND,AS_NP15,,2025-12-23T08:00:00-00:00,2031-01-01T07:59:59-00:00,2025-12-23T00:00:00,2030-12-31T23:59:59
AS_NP15,PGP2_2_PDRP67-APND,AS_NP15,,2020-09-28T07:00:00-00:00,2031-01-01T07:59:59-00:00,2020-09-28T00:00:00,2030-12-31T23:59:59
AS_NP15,PGP2_2_PDRP68-APND,AS_NP15,,2020-09-28T07:00:00-00:00,2031-01-01T07:59:59-00:00,2020-09-28T00:00:00,2030-12-31T23:59:59
AS_NP15,PGP2_2_PDRP69-APND,AS_NP15,,2020-09-28T07:00:00-00:00,2031-01-01T07:59:59-00:00,2020-09-28T00:00:00,2030-12-31T23:59:59
AS_NP15,PGRVEJ_6_B1,AS_NP15,,2017-08-17T07:00:00-00:00,2031-01-01T07:59:59-00:00,2017-08-17T00:00:00,2030-12-31T23:59:59
AS_NP15,PGSB_1_PDRP04-APND,AS_NP15,,2016-05-06T07:00:00-00:00,2031-01-01T07:59:59-00:00,2016-05-06T00:00:00,2030-12-31T23:59:59
AS_NP15,PGSB_1_PDRP08-APND,AS_NP15,,2016-09-27T07:00:00-00:00,2031-01-01T07:59:59-00:00,2016-09-27T00:00:00,2030-12-31T23:59:59
AS_NP15,PGSB_1_PDRP10-APND,AS_NP15,,2017-01-04T08:00:00-00:00,2031-01-01T07:59:59-00:00,2017-01-04T00:00:00,2030-12-31T23:59:59
AS_NP15,PGSB_1_PDRP101-APND,AS_NP15,,2023-02-06T08:00:00-00:00,2031-01-01T07:59:59-00:00,2023-02-06T00:00:00,2030-12-31T23:59:59
AS_NP15,PGSB_1_PDRP102-APND,AS_NP15,,2022-11-01T07:00:00-00:00,2031-01-01T07:59:59-00:00,2022-11-01T00:00:00,2030-12-31T23:59:59
AS_NP15,PGSB_1_PDRP103-APND,AS_NP15,,2022-11-14T08:00:00-00:00,2031-01-01T07:59:59-00:00,2022-11-14T00:00:00,2030-12-31T23:59:59
AS_NP15,PGSB_1_PDRP104-APND,AS_NP15,,2022-12-22T08:00:00-00:00,2031-01-01T07:59:59-00:00,2022-12-22T00:00:00,2030-12-31T23:59:59
AS_NP15,PGSB_1_PDRP106-APND,AS_NP15,,2026-02-01T08:00:00-00:00,2031-01-01T07:59:59-00:00,2026-02-01T00:00:00,2030-12-31T23:59:59
AS_NP15,PGSB_1_PDRP11-APND,AS_NP15,,2017-01-04T08:00:00-00:00,2031-01-01T07:59:59-00:00,2017-01-04T00:00:00,2030-12-31T23:59:59
AS_NP15,PGSB_1_PDRP111-APND,AS_NP15,,2024-07-01T07:00:00-00:00,2031-01-01T07:59:59-00:00,2024-07-01T00:00:00,2030-12-31T23:59:59
AS_NP15,PGSB_1_PDRP17-APND,AS_NP15,,2017-10-26T07:00:00-00:00,2031-01-01T07:59:59-00:00,2017-10-26T00:00:00,2030-12-31T23:59:59
AS_NP15,PGSB_1_PDRP29-APND,AS_NP15,,2018-03-26T07:00:00-00:00,2031-01-01T07:59:59-00:00,2018-03-26T00:00:00,2030-12-31T23:59:59
AS_NP15,PGSB_1_PDRP30-APND,AS_NP15,,2018-03-26T07:00:00-00:00,2031-01-01T07:59:59-00:00,2018-03-26T00:00:00,2030-12-31T23:59:59
AS_NP15,PGSB_1_PDRP31-APND,AS_NP15,,2018-03-26T07:00:00-00:00,2031-01-01T07:59:59-00:00,2018-03-26T00:00:00,2030-12-31T23:59:59
AS_NP15,PGSB_1_PDRP32-APND,AS_NP15,,2018-04-23T07:00:00-00:00,2031-01-01T07:59:59-00:00,2018-04-23T00:00:00,2030-12-31T23:59:59
AS_NP15,PGSB_1_PDRP33-APND,AS_NP15,,2018-04-23T07:00:00-00:00,2031-01-01T07:59:59-00:00,2018-04-23T00:00:00,2030-12-31T23:59:59
AS_NP15,PGSB_1_PDRP34-APND,AS_NP15,,2018-04-23T07:00:00-00:00,2031-01-01T07:59:59-00:00,2018-04-23T00:00:00,2030-12-31T23:59:59
AS_NP15,PGSB_1_PDRP35-APND,AS_NP15,,2018-04-23T07:00:00-00:00,2031-01-01T07:59:59-00:00,2018-04-23T00:00:00,2030-12-31T23:59:59
AS_NP15,PGSB_1_PDRP36-APND,AS_NP15,,2018-04-23T07:00:00-00:00,2031-01-01T07:59:59-00:00,2018-04-23T00:00:00,2030-12-31T23:59:59
AS_NP15,PGSB_1_PDRP42-APND,AS_NP15,,2018-05-25T07:00:00-00:00,2031-01-01T07:59:59-00:00,2018-05-25T00:00:00,2030-12-31T23:59:59
AS_NP15,PGSB_1_PDRP43-APND,AS_NP15,,2018-05-25T07:00:00-00:00,2031-01-01T07:59:59-00:00,2018-05-25T00:00:00,2030-12-31T23:59:59
AS_NP15,PGSB_1_PDRP44-APND,AS_NP15,,2018-05-25T07:00:00-00:00,2031-01-01T07:59:59-00:00,2018-05-25T00:00:00,2030-12-31T23:59:59
AS_NP15,PGSB_1_PDRP45-APND,AS_NP15,,2018-05-25T07:00:00-00:00,2031-01-01T07:59:59-00:00,2018-05-25T00:00:00,2030-12-31T23:59:59
AS_NP15,PGSB_1_PDRP46-APND,AS_NP15,,2018-10-19T07:00:00-00:00,2031-01-01T07:59:59-00:00,2018-10-19T00:00:00,2030-12-31T23:59:59
AS_NP15,PGSB_1_PDRP47-APND,AS_NP15,,2018-10-19T07:00:00-00:00,2031-01-01T07:59:59-00:00,2018-10-19T00:00:00,2030-12-31T23:59:59
AS_NP15,PGSB_1_PDRP48-APND,AS_NP15,,2018-10-19T07:00:00-00:00,2031-01-01T07:59:59-00:00,2018-10-19T00:00:00,2030-12-31T23:59:59
AS_NP15,PGSB_1_PDRP49-APND,AS_NP15,,2018-10-19T07:00:00-00:00,2031-01-01T07:59:59-00:00,2018-10-19T00:00:00,2030-12-31T23:59:59
AS_NP15,PGSB_1_PDRP50-APND,AS_NP15,,2018-10-19T07:00:00-00:00,2031-01-01T07:59:59-00:00,2018-10-19T00:00:00,2030-12-31T23:59:59
AS_NP15,PGSB_1_PDRP51-APND,AS_NP15,,2018-10-19T07:00:00-00:00,2031-01-01T07:59:59-00:00,2018-10-19T00:00:00,2030-12-31T23:59:59
AS_NP15,PGSB_1_PDRP52-APND,AS_NP15,,2018-10-19T07:00:00-00:00,2031-01-01T07:59:59-00:00,2018-10-19T00:00:00,2030-12-31T23:59:59
AS_NP15,PGSB_1_PDRP53-APND,AS_NP15,,2018-10-19T07:00:00-00:00,2031-01-01T07:59:59-00:00,2018-10-19T00:00:00,2030-12-31T23:59:59
AS_NP15,PGSB_1_PDRP54-APND,AS_NP15,,2018-10-19T07:00:00-00:00,2031-01-01T07:59:59-00:00,2018-10-19T00:00:00,2030-12-31T23:59:59
AS_NP15,PGSB_1_PDRP55-APND,AS_NP15,,2018-10-19T07:00:00-00:00,2031-01-01T07:59:59-00:00,2018-10-19T00:00:00,2030-12-31T23:59:59
AS_NP15,PGSB_1_PDRP56-APND,AS_NP15,,2018-10-19T07:00:00-00:00,2031-01-01T07:59:59-00:00,2018-10-19T00:00:00,2030-12-31T23:59:59
AS_NP15,PGSB_1_PDRP57-APND,AS_NP15,,2018-10-19T07:00:00-00:00,2031-01-01T07:59:59-00:00,2018-10-19T00:00:00,2030-12-31T23:59:59
AS_NP15,PGSB_1_PDRP58-APND,AS_NP15,,2018-10-19T07:00:00-00:00,2031-01-01T07:59:59-00:00,2018-10-19T00:00:00,2030-12-31T23:59:59
AS_NP15,PGSB_1_PDRP60-APND,AS_NP15,,2018-12-27T08:00:00-00:00,2031-01-01T07:59:59-00:00,2018-12-27T00:00:00,2030-12-31T23:59:59
AS_NP15,PGSB_1_PDRP63-APND,AS_NP15,,2020-05-19T07:00:00-00:00,2031-01-01T07:59:59-00:00,2020-05-19T00:00:00,2030-12-31T23:59:59
AS_NP15,PGSB_1_PDRP64-APND,AS_NP15,,2020-04-17T07:00:00-00:00,2031-01-01T07:59:59-00:00,2020-04-17T00:00:00,2030-12-31T23:59:59
AS_NP15,PGSB_1_PDRP66-APND,AS_NP15,,2020-09-28T07:00:00-00:00,2031-01-01T07:59:59-00:00,2020-09-28T00:00:00,2030-12-31T23:59:59
AS_NP15,PGSB_1_PDRP67-APND,AS_NP15,,2020-09-28T07:00:00-00:00,2031-01-01T07:59:59-00:00,2020-09-28T00:00:00,2030-12-31T23:59:59
AS_NP15,PGSB_1_PDRP68-APND,AS_NP15,,2018-11-13T08:00:00-00:00,2031-01-01T07:59:59-00:00,2018-11-13T00:00:00,2030-12-31T23:59:59
AS_NP15,PGSB_1_PDRP69-APND,AS_NP15,,2019-06-10T07:00:00-00:00,2031-01-01T07:59:59-00:00,2019-06-10T00:00:00,2030-12-31T23:59:59
AS_NP15,PGSB_1_PDRP70-APND,AS_NP15,,2019-06-10T07:00:00-00:00,2031-01-01T07:59:59-00:00,2019-06-10T00:00:00,2030-12-31T23:59:59
AS_NP15,PGSB_1_PDRP71-APND,AS_NP15,,2019-09-24T07:00:00-00:00,2031-01-01T07:59:59-00:00,2019-09-24T00:00:00,2030-12-31T23:59:59
AS_NP15,PGSB_1_PDRP72-APND,AS_NP15,,2020-09-28T07:00:00-00:00,2031-01-01T07:59:59-00:00,2020-09-28T00:00:00,2030-12-31T23:59:59
AS_NP15,PGSB_1_PDRP73-APND,AS_NP15,,2019-06-10T07:00:00-00:00,2031-01-01T07:59:59-00:00,2019-06-10T00:00:00,2030-12-31T23:59:59
AS_NP15,PGSB_1_PDRP74-APND,AS_NP15,,2019-05-31T07:00:00-00:00,2031-01-01T07:59:59-00:00,2019-05-31T00:00:00,2030-12-31T23:59:59
AS_NP15,PGSB_1_PDRP76-APND,AS_NP15,,2019-05-30T07:00:00-00:00,2031-01-01T07:59:59-00:00,2019-05-30T00:00:00,2030-12-31T23:59:59
AS_NP15,PGSB_1_PDRP77-APND,AS_NP15,,2019-05-30T07:00:00-00:00,2031-01-01T07:59:59-00:00,2019-05-30T00:00:00,2030-12-31T23:59:59
AS_NP15,PGSB_1_PDRP78-APND,AS_NP15,,2020-04-17T07:00:00-00:00,2031-01-01T07:59:59-00:00,2020-04-17T00:00:00,2030-12-31T23:59:59
AS_NP15,PGSB_1_PDRP83-APND,AS_NP15,,2022-12-22T08:00:00-00:00,2031-01-01T07:59:59-00:00,2022-12-22T00:00:00,2030-12-31T23:59:59
AS_NP15,PGSB_1_PDRP87-APND,AS_NP15,,2020-06-01T07:00:00-00:00,2031-01-01T07:59:59-00:00,2020-06-01T00:00:00,2030-12-31T23:59:59
AS_NP15,PGSB_1_PDRP89-APND,AS_NP15,,2020-04-24T07:00:00-00:00,2031-01-01T07:59:59-00:00,2020-04-24T00:00:00,2030-12-31T23:59:59
AS_NP15,PGSB_1_PDRP90-APND,AS_NP15,,2020-03-10T07:00:00-00:00,2031-01-01T07:59:59-00:00,2020-03-10T00:00:00,2030-12-31T23:59:59
AS_NP15,PGSB_1_PDRP91-APND,AS_NP15,,2020-03-10T07:00:00-00:00,2031-01-01T07:59:59-00:00,2020-03-10T00:00:00,2030-12-31T23:59:59
AS_NP15,PGSB_1_PDRP92-APND,AS_NP15,,2020-03-10T07:00:00-00:00,2031-01-01T07:59:59-00:00,2020-03-10T00:00:00,2030-12-31T23:59:59
AS_NP15,PGSB_1_PDRP93-APND,AS_NP15,,2020-03-10T07:00:00-00:00,2031-01-01T07:59:59-00:00,2020-03-10T00:00:00,2030-12-31T23:59:59
AS_NP15,PGSB_1_PDRP94-APND,AS_NP15,,2020-03-10T07:00:00-00:00,2031-01-01T07:59:59-00:00,2020-03-10T00:00:00,2030-12-31T23:59:59
AS_NP15,PGSB_1_PDRP95-APND,AS_NP15,,2020-04-17T07:00:00-00:00,2031-01-01T07:59:59-00:00,2020-04-17T00:00:00,2030-12-31T23:59:59
AS_NP15,PGSB_1_PDRP96-APND,AS_NP15,,2020-04-17T07:00:00-00:00,2031-01-01T07:59:59-00:00,2020-04-17T00:00:00,2030-12-31T23:59:59
AS_NP15,PGSB_1_PDRP97-APND,AS_NP15,,2022-11-19T08:00:00-00:00,2031-01-01T07:59:59-00:00,2022-11-19T00:00:00,2030-12-31T23:59:59
AS_NP15,PGSB_1_PDRP99-APND,AS_NP15,,2025-12-23T08:00:00-00:00,2031-01-01T07:59:59-00:00,2025-12-23T00:00:00,2030-12-31T23:59:59
AS_NP15,PGSB_1_PDRPCON01-APND,AS_NP15,,2023-05-15T07:00:00-00:00,2031-01-01T07:59:59-00:00,2023-05-15T00:00:00,2030-12-31T23:59:59
AS_NP15,PGSB_1_PDRPCUR01-APND,AS_NP15,,2023-05-15T07:00:00-00:00,2031-01-01T07:59:59-00:00,2023-05-15T00:00:00,2030-12-31T23:59:59
AS_NP15,PGSB_1_RDRR02-APND,AS_NP15,,2023-01-06T08:00:00-00:00,2031-01-01T07:59:59-00:00,2023-01-06T00:00:00,2030-12-31T23:59:59
AS_NP15,PGSF_2_PDRP03-APND,AS_NP15,,2016-05-09T07:00:00-00:00,2031-01-01T07:59:59-00:00,2016-05-09T00:00:00,2030-12-31T23:59:59
AS_NP15,PGSF_2_PDRP04-APND,AS_NP15,,2016-09-27T07:00:00-00:00,2031-01-01T07:59:59-00:00,2016-09-27T00:00:00,2030-12-31T23:59:59
AS_NP15,PGSF_2_PDRP08-APND,AS_NP15,,2017-01-04T08:00:00-00:00,2031-01-01T07:59:59-00:00,2017-01-04T00:00:00,2030-12-31T23:59:59
AS_NP15,PGSF_2_PDRP100-APND,AS_NP15,,2024-05-01T07:00:00-00:00,2031-01-01T07:59:59-00:00,2024-05-01T00:00:00,2030-12-31T23:59:59
AS_NP15,PGSF_2_PDRP12-APND,AS_NP15,,2017-07-26T07:00:00-00:00,2031-01-01T07:59:59-00:00,2017-07-26T00:00:00,2030-12-31T23:59:59
AS_NP15,PGSF_2_PDRP18-APND,AS_NP15,,2018-01-03T08:00:00-00:00,2031-01-01T07:59:59-00:00,2018-01-03T00:00:00,2030-12-31T23:59:59
AS_NP15,PGSF_2_PDRP19-APND,AS_NP15,,2018-03-26T07:00:00-00:00,2031-01-01T07:59:59-00:00,2018-03-26T00:00:00,2030-12-31T23:59:59
AS_NP15,PGSF_2_PDRP20-APND,AS_NP15,,2018-04-23T07:00:00-00:00,2031-01-01T07:59:59-00:00,2018-04-23T00:00:00,2030-12-31T23:59:59
AS_NP15,PGSF_2_PDRP21-APND,AS_NP15,,2018-04-23T07:00:00-00:00,2031-01-01T07:59:59-00:00,2018-04-23T00:00:00,2030-12-31T23:59:59
AS_NP15,PGSF_2_PDRP22-APND,AS_NP15,,2018-04-23T07:00:00-00:00,2031-01-01T07:59:59-00:00,2018-04-23T00:00:00,2030-12-31T23:59:59
AS_NP15,PGSF_2_PDRP23-APND,AS_NP15,,2018-04-23T07:00:00-00:00,2031-01-01T07:59:59-00:00,2018-04-23T00:00:00,2030-12-31T23:59:59
AS_NP15,PGSF_2_PDRP26-APND,AS_NP15,,2018-05-25T07:00:00-00:00,2031-01-01T07:59:59-00:00,2018-05-25T00:00:00,2030-12-31T23:59:59
AS_NP15,PGSF_2_PDRP27-APND,AS_NP15,,2018-05-25T07:00:00-00:00,2031-01-01T07:59:59-00:00,2018-05-25T00:00:00,2030-12-31T23:59:59
AS_NP15,PGSF_2_PDRP28-APND,AS_NP15,,2018-05-25T07:00:00-00:00,2031-01-01T07:59:59-00:00,2018-05-25T00:00:00,2030-12-31T23:59:59
AS_NP15,PGSF_2_PDRP29-APND,AS_NP15,,2018-05-25T07:00:00-00:00,2031-01-01T07:59:59-00:00,2018-05-25T00:00:00,2030-12-31T23:59:59
AS_NP15,PGSF_2_PDRP33-APND,AS_NP15,,2018-12-27T08:00:00-00:00,2031-01-01T07:59:59-00:00,2018-12-27T00:00:00,2030-12-31T23:59:59
AS_NP15,PGSF_2_PDRP34-APND,AS_NP15,,2019-02-28T08:00:00-00:00,2031-01-01T07:59:59-00:00,2019-02-28T00:00:00,2030-12-31T23:59:59
AS_NP15,PGSF_2_PDRP35-APND,AS_NP15,,2019-02-28T08:00:00-00:00,2031-01-01T07:59:59-00:00,2019-02-28T00:00:00,2030-12-31T23:59:59
AS_NP15,PGSF_2_PDRP36-APND,AS_NP15,,2020-09-28T07:00:00-00:00,2031-01-01T07:59:59-00:00,2020-09-28T00:00:00,2030-12-31T23:59:59
AS_NP15,PGSF_2_PDRP37-APND,AS_NP15,,2020-09-28T07:00:00-00:00,2031-01-01T07:59:59-00:00,2020-09-28T00:00:00,2030-12-31T23:59:59
AS_NP15,PGSF_2_PDRP38-APND,AS_NP15,,2020-09-28T07:00:00-00:00,2031-01-01T07:59:59-00:00,2020-09-28T00:00:00,2030-12-31T23:59:59
AS_NP15,PGSF_2_PDRP39-APND,AS_NP15,,2022-12-22T08:00:00-00:00,2031-01-01T07:59:59-00:00,2022-12-22T00:00:00,2030-12-31T23:59:59
AS_NP15,PGSF_2_PDRP46-APND,AS_NP15,,2019-09-24T07:00:00-00:00,2031-01-01T07:59:59-00:00,2019-09-24T00:00:00,2030-12-31T23:59:59
AS_NP15,PGSF_2_PDRP49-APND,AS_NP15,,2020-06-01T07:00:00-00:00,2031-01-01T07:59:59-00:00,2020-06-01T00:00:00,2030-12-31T23:59:59
AS_NP15,PGSF_2_PDRP50-APND,AS_NP15,,2025-03-01T08:00:00-00:00,2031-01-01T07:59:59-00:00,2025-03-01T00:00:00,2030-12-31T23:59:59
AS_NP15,PGSF_2_PDRP51-APND,AS_NP15,,2020-03-10T07:00:00-00:00,2031-01-01T07:59:59-00:00,2020-03-10T00:00:00,2030-12-31T23:59:59
AS_NP15,PGSF_2_PDRP52-APND,AS_NP15,,2020-03-10T07:00:00-00:00,2031-01-01T07:59:59-00:00,2020-03-10T00:00:00,2030-12-31T23:59:59
AS_NP15,PGSF_2_PDRP53-APND,AS_NP15,,2020-03-10T07:00:00-00:00,2031-01-01T07:59:59-00:00,2020-03-10T00:00:00,2030-12-31T23:59:59
AS_NP15,PGSF_2_PDRP54-APND,AS_NP15,,2020-03-10T07:00:00-00:00,2031-01-01T07:59:59-00:00,2020-03-10T00:00:00,2030-12-31T23:59:59
AS_NP15,PGSF_2_PDRP56-APND,AS_NP15,,2022-11-01T07:00:00-00:00,2031-01-01T07:59:59-00:00,2022-11-01T00:00:00,2030-12-31T23:59:59
AS_NP15,PGSF_2_PDRP57-APND,AS_NP15,,2022-11-01T07:00:00-00:00,2031-01-01T07:59:59-00:00,2022-11-01T00:00:00,2030-12-31T23:59:59
AS_NP15,PGSF_2_PDRP58-APND,AS_NP15,,2022-11-19T08:00:00-00:00,2031-01-01T07:59:59-00:00,2022-11-19T00:00:00,2030-12-31T23:59:59
AS_NP15,PGSF_2_RDRR01-APND,AS_NP15,,2025-11-01T07:00:00-00:00,2031-01-01T07:59:59-00:00,2025-11-01T00:00:00,2030-12-31T23:59:59
AS_NP15,PGSI_1_PDRP02-APND,AS_NP15,,2017-01-01T08:00:00-00:00,2031-01-01T07:59:59-00:00,2017-01-01T00:00:00,2030-12-31T23:59:59
AS_NP15,PGSI_1_PDRP09-APND,AS_NP15,,2018-03-26T07:00:00-00:00,2031-01-01T07:59:59-00:00,2018-03-26T00:00:00,2030-12-31T23:59:59
AS_NP15,PGSI_1_PDRP10-APND,AS_NP15,,2018-03-26T07:00:00-00:00,2031-01-01T07:59:59-00:00,2018-03-26T00:00:00,2030-12-31T23:59:59
AS_NP15,PGSI_1_PDRP100-APND,AS_NP15,,2024-05-01T07:00:00-00:00,2031-01-01T07:59:59-00:00,2024-05-01T00:00:00,2030-12-31T23:59:59
AS_NP15,PGSI_1_PDRP101-APND,AS_NP15,,2025-02-03T08:00:00-00:00,2031-01-01T07:59:59-00:00,2025-02-03T00:00:00,2030-12-31T23:59:59
AS_NP15,PGSI_1_PDRP11-APND,AS_NP15,,2018-04-23T07:00:00-00:00,2031-01-01T07:59:59-00:00,2018-04-23T00:00:00,2030-12-31T23:59:59
AS_NP15,PGSI_1_PDRP12-APND,AS_NP15,,2018-04-23T07:00:00-00:00,2031-01-01T07:59:59-00:00,2018-04-23T00:00:00,2030-12-31T23:59:59
AS_NP15,PGSI_1_PDRP15-APND,AS_NP15,,2018-05-25T07:00:00-00:00,2031-01-01T07:59:59-00:00,2018-05-25T00:00:00,2030-12-31T23:59:59
AS_NP15,PGSI_1_PDRP16-APND,AS_NP15,,2018-05-25T07:00:00-00:00,2031-01-01T07:59:59-00:00,2018-05-25T00:00:00,2030-12-31T23:59:59
AS_NP15,PGSI_1_PDRP17-APND,AS_NP15,,2018-05-25T07:00:00-00:00,2031-01-01T07:59:59-00:00,2018-05-25T00:00:00,2030-12-31T23:59:59
AS_NP15,PGSI_1_PDRP20-APND,AS_NP15,,2018-10-19T07:00:00-00:00,2031-01-01T07:59:59-00:00,2018-10-19T00:00:00,2030-12-31T23:59:59
AS_NP15,PGSI_1_PDRP21-APND,AS_NP15,,2018-10-19T07:00:00-00:00,2031-01-01T07:59:59-00:00,2018-10-19T00:00:00,2030-12-31T23:59:59
AS_NP15,PGSI_1_PDRP22-APND,AS_NP15,,2018-10-19T07:00:00-00:00,2031-01-01T07:59:59-00:00,2018-10-19T00:00:00,2030-12-31T23:59:59
AS_NP15,PGSI_1_PDRP23-APND,AS_NP15,,2018-10-19T07:00:00-00:00,2031-01-01T07:59:59-00:00,2018-10-19T00:00:00,2030-12-31T23:59:59
AS_NP15,PGSI_1_PDRP24-APND,AS_NP15,,2018-10-19T07:00:00-00:00,2031-01-01T07:59:59-00:00,2018-10-19T00:00:00,2030-12-31T23:59:59
AS_NP15,PGSI_1_PDRP25-APND,AS_NP15,,2018-10-19T07:00:00-00:00,2031-01-01T07:59:59-00:00,2018-10-19T00:00:00,2030-12-31T23:59:59
AS_NP15,PGSI_1_PDRP26-APND,AS_NP15,,2018-10-19T07:00:00-00:00,2031-01-01T07:59:59-00:00,2018-10-19T00:00:00,2030-12-31T23:59:59
AS_NP15,PGSI_1_PDRP27-APND,AS_NP15,,2018-10-19T07:00:00-00:00,2031-01-01T07:59:59-00:00,2018-10-19T00:00:00,2030-12-31T23:59:59
AS_NP15,PGSI_1_PDRP28-APND,AS_NP15,,2018-10-19T07:00:00-00:00,2031-01-01T07:59:59-00:00,2018-10-19T00:00:00,2030-12-31T23:59:59
AS_NP15,PGSI_1_PDRP29-APND,AS_NP15,,2018-10-19T07:00:00-00:00,2031-01-01T07:59:59-00:00,2018-10-19T00:00:00,2030-12-31T23:59:59
AS_NP15,PGSI_1_PDRP31-APND,AS_NP15,,2018-12-27T08:00:00-00:00,2031-01-01T07:59:59-00:00,2018-12-27T00:00:00,2030-12-31T23:59:59
AS_NP15,PGSI_1_PDRP33-APND,AS_NP15,,2019-06-07T07:00:00-00:00,2031-01-01T07:59:59-00:00,2019-06-07T00:00:00,2030-12-31T23:59:59
AS_NP15,PGSI_1_PDRP35-APND,AS_NP15,,2020-09-28T07:00:00-00:00,2031-01-01T07:59:59-00:00,2020-09-28T00:00:00,2030-12-31T23:59:59
AS_NP15,PGSI_1_PDRP36-APND,AS_NP15,,2020-09-28T07:00:00-00:00,2031-01-01T07:59:59-00:00,2020-09-28T00:00:00,2030-12-31T23:59:59
AS_NP15,PGSI_1_PDRP37-APND,AS_NP15,,2020-09-28T07:00:00-00:00,2031-01-01T07:59:59-00:00,2020-09-28T00:00:00,2030-12-31T23:59:59
AS_NP15,PGSI_1_PDRP40-APND,AS_NP15,,2020-03-10T07:00:00-00:00,2031-01-01T07:59:59-00:00,2020-03-10T00:00:00,2030-12-31T23:59:59
AS_NP15,PGSI_1_PDRP42-APND,AS_NP15,,2020-03-10T07:00:00-00:00,2031-01-01T07:59:59-00:00,2020-03-10T00:00:00,2030-12-31T23:59:59
AS_NP15,PGSI_1_PDRP43-APND,AS_NP15,,2020-03-10T07:00:00-00:00,2031-01-01T07:59:59-00:00,2020-03-10T00:00:00,2030-12-31T23:59:59
AS_NP15,PGSI_1_PDRP44-APND,AS_NP15,,2020-03-10T07:00:00-00:00,2031-01-01T07:59:59-00:00,2020-03-10T00:00:00,2030-12-31T23:59:59
AS_NP15,PGSI_1_PDRP45-APND,AS_NP15,,2020-04-24T07:00:00-00:00,2031-01-01T07:59:59-00:00,2020-04-24T00:00:00,2030-12-31T23:59:59
AS_NP15,PGSI_1_PDRP46-APND,AS_NP15,,2020-05-19T07:00:00-00:00,2031-01-01T07:59:59-00:00,2020-05-19T00:00:00,2030-12-31T23:59:59
AS_NP15,PGSI_1_PDRP48-APND,AS_NP15,,2020-09-28T07:00:00-00:00,2031-01-01T07:59:59-00:00,2020-09-28T00:00:00,2030-12-31T23:59:59
AS_NP15,PGSI_1_PDRP49-APND,AS_NP15,,2020-09-28T07:00:00-00:00,2031-01-01T07:59:59-00:00,2020-09-28T00:00:00,2030-12-31T23:59:59
AS_NP15,PGSI_1_PDRP52-APND,AS_NP15,,2025-12-23T08:00:00-00:00,2031-01-01T07:59:59-00:00,2025-12-23T00:00:00,2030-12-31T23:59:59
AS_NP15,PGSI_1_PDRP59-APND,AS_NP15,,2024-03-01T08:00:00-00:00,2031-01-01T07:59:59-00:00,2024-03-01T00:00:00,2030-12-31T23:59:59
AS_NP15,PGSI_1_RDRR02-APND,AS_NP15,,2023-01-06T08:00:00-00:00,2031-01-01T07:59:59-00:00,2023-01-06T00:00:00,2030-12-31T23:59:59
AS_NP15,PGSI_1_RDRR03-APND,AS_NP15,,2025-09-22T07:00:00-00:00,2031-01-01T07:59:59-00:00,2025-09-22T00:00:00,2030-12-31T23:59:59
AS_NP15,PGST_2_PDRP01-APND,AS_NP15,,2016-05-06T07:00:00-00:00,2031-01-01T07:59:59-00:00,2016-05-06T00:00:00,2030-12-31T23:59:59
AS_NP15,PGST_2_PDRP03-APND,AS_NP15,,2017-01-04T08:00:00-00:00,2031-01-01T07:59:59-00:00,2017-01-04T00:00:00,2030-12-31T23:59:59
AS_NP15,PGST_2_PDRP07-APND,AS_NP15,,2018-04-23T07:00:00-00:00,2031-01-01T07:59:59-00:00,2018-04-23T00:00:00,2030-12-31T23:59:59
AS_NP15,PGST_2_PDRP08-APND,AS_NP15,,2018-04-23T07:00:00-00:00,2031-01-01T07:59:59-00:00,2018-04-23T00:00:00,2030-12-31T23:59:59
AS_NP15,PGST_2_PDRP09-APND,AS_NP15,,2018-05-25T07:00:00-00:00,2031-01-01T07:59:59-00:00,2018-05-25T00:00:00,2030-12-31T23:59:59
AS_NP15,PGST_2_PDRP10-APND,AS_NP15,,2018-05-25T07:00:00-00:00,2031-01-01T07:59:59-00:00,2018-05-25T00:00:00,2030-12-31T23:59:59
AS_NP15,PGST_2_PDRP11-APND,AS_NP15,,2018-05-25T07:00:00-00:00,2031-01-01T07:59:59-00:00,2018-05-25T00:00:00,2030-12-31T23:59:59
AS_NP15,PGST_2_PDRP13-APND,AS_NP15,,2018-10-22T07:00:00-00:00,2031-01-01T07:59:59-00:00,2018-10-22T00:00:00,2030-12-31T23:59:59
AS_NP15,PGST_2_PDRP14-APND,AS_NP15,,2018-10-22T07:00:00-00:00,2031-01-01T07:59:59-00:00,2018-10-22T00:00:00,2030-12-31T23:59:59
AS_NP15,PGST_2_PDRP15-APND,AS_NP15,,2018-10-22T07:00:00-00:00,2031-01-01T07:59:59-00:00,2018-10-22T00:00:00,2030-12-31T23:59:59
AS_NP15,PGST_2_PDRP16-APND,AS_NP15,,2019-03-29T07:00:00-00:00,2031-01-01T07:59:59-00:00,2019-03-29T00:00:00,2030-12-31T23:59:59
AS_NP15,PGST_2_PDRP17-APND,AS_NP15,,2019-05-30T07:00:00-00:00,2031-01-01T07:59:59-00:00,2019-05-30T00:00:00,2030-12-31T23:59:59
AS_NP15,PGST_2_PDRP30-APND,AS_NP15,,2020-03-10T07:00:00-00:00,2031-01-01T07:59:59-00:00,2020-03-10T00:00:00,2030-12-31T23:59:59
AS_NP15,PGST_2_PDRP31-APND,AS_NP15,,2020-03-10T07:00:00-00:00,2031-01-01T07:59:59-00:00,2020-03-10T00:00:00,2030-12-31T23:59:59
AS_NP15,PGST_2_PDRP32-APND,AS_NP15,,2020-03-10T07:00:00-00:00,2031-01-01T07:59:59-00:00,2020-03-10T00:00:00,2030-12-31T23:59:59
AS_NP15,PGST_2_PDRP33-APND,AS_NP15,,2020-03-10T07:00:00-00:00,2031-01-01T07:59:59-00:00,2020-03-10T00:00:00,2030-12-31T23:59:59
AS_NP15,PGST_2_PDRP34-APND,AS_NP15,,2020-03-10T07:00:00-00:00,2031-01-01T07:59:59-00:00,2020-03-10T00:00:00,2030-12-31T23:59:59
AS_NP15,PGST_2_PDRP35-APND,AS_NP15,,2020-09-28T07:00:00-00:00,2031-01-01T07:59:59-00:00,2020-09-28T00:00:00,2030-12-31T23:59:59
AS_NP15,PGST_2_PDRP36-APND,AS_NP15,,2020-09-28T07:00:00-00:00,2031-01-01T07:59:59-00:00,2020-09-28T00:00:00,2030-12-31T23:59:59
AS_NP15,PGST_2_PDRP37-APND,AS_NP15,,2020-09-28T07:00:00-00:00,2031-01-01T07:59:59-00:00,2020-09-28T00:00:00,2030-12-31T23:59:59
AS_NP15,PGST_2_PDRP38-APND,AS_NP15,,2022-05-26T07:00:00-00:00,2031-01-01T07:59:59-00:00,2022-05-26T00:00:00,2030-12-31T23:59:59
AS_NP15,PGST_2_PDRP39-APND,AS_NP15,,2020-09-28T07:00:00-00:00,2031-01-01T07:59:59-00:00,2020-09-28T00:00:00,2030-12-31T23:59:59
AS_NP15,PGST_2_PDRP40-APND,AS_NP15,,2024-06-01T07:00:00-00:00,2031-01-01T07:59:59-00:00,2024-06-01T00:00:00,2030-12-31T23:59:59
AS_NP15,PGST_2_PDRP49-APND,AS_NP15,,2025-12-23T08:00:00-00:00,2031-01-01T07:59:59-00:00,2025-12-23T00:00:00,2030-12-31T23:59:59
AS_NP15,PGST_2_RDRR01-APND,AS_NP15,,2023-01-06T08:00:00-00:00,2031-01-01T07:59:59-00:00,2023-01-06T00:00:00,2030-12-31T23:59:59
AS_NP15,PHILLIPS_1_N001,AS_NP15,,2009-03-31T07:00:00-00:00,2031-01-01T07:59:59-00:00,2009-03-31T00:00:00,2030-12-31T23:59:59
AS_NP15,PHILO_6_N001,AS_NP15,,2009-03-31T07:00:00-00:00,2031-01-01T07:59:59-00:00,2009-03-31T00:00:00,2030-12-31T23:59:59
AS_NP15,PHOENIX_7_N001,AS_NP15,,2025-05-13T07:00:00-00:00,2031-01-01T07:59:59-00:00,2025-05-13T00:00:00,2030-12-31T23:59:59
AS_NP15,PIERCY_1_N201,AS_NP15,,2009-03-31T07:00:00-00:00,2031-01-01T07:59:59-00:00,2009-03-31T00:00:00,2030-12-31T23:59:59
AS_NP15,PIKECTY_6_N001,AS_NP15,,2009-03-31T07:00:00-00:00,2031-01-01T07:59:59-00:00,2009-03-31T00:00:00,2030-12-31T23:59:59
AS_NP15,PINEFLT_2_B1,AS_NP15,,2017-08-17T07:00:00-00:00,2031-01-01T07:59:59-00:00,2017-08-17T00:00:00,2030-12-31T23:59:59
AS_NP15,PINEFLT_7_B1,AS_NP15,,2009-03-31T07:00:00-00:00,2031-01-01T07:59:59-00:00,2009-03-31T00:00:00,2030-12-31T23:59:59
AS_NP15,PINEFLT_7_B3,AS_NP15,,2009-03-31T07:00:00-00:00,2031-01-01T07:59:59-00:00,2009-03-31T00:00:00,2030-12-31T23:59:59
AS_NP15,PINEFLT_7_B4,AS_NP15,,2009-03-31T07:00:00-00:00,2031-01-01T07:59:59-00:00,2009-03-31T00:00:00,2030-12-31T23:59:59
AS_NP15,PINFLT_7_UNITS-APND,AS_NP15,,2009-03-31T07:00:00-00:00,2031-01-01T07:59:59-00:00,2009-03-31T00:00:00,2030-12-31T23:59:59
AS_NP15,PIT1U1_7_B1,AS_NP15,,2009-03-31T07:00:00-00:00,2031-01-01T07:59:59-00:00,2009-03-31T00:00:00,2030-12-31T23:59:59
AS_NP15,PIT1U1_7_B2,AS_NP15,,2009-03-31T07:00:00-00:00,2031-01-01T07:59:59-00:00,2009-03-31T00:00:00,2030-12-31T23:59:59
AS_NP15,PIT1_2_B1,AS_NP15,,2017-08-17T07:00:00-00:00,2031-01-01T07:59:59-00:00,2017-08-17T00:00:00,2030-12-31T23:59:59
AS_NP15,PIT1_6_N001,AS_NP15,,2009-03-31T07:00:00-00:00,2031-01-01T07:59:59-00:00,2009-03-31T00:00:00,2030-12-31T23:59:59
AS_NP15,PIT1_6_N012,AS_NP15,,2025-05-13T07:00:00-00:00,2031-01-01T07:59:59-00:00,2025-05-13T00:00:00,2030-12-31T23:59:59
AS_NP15,PIT3_2_B1,AS_NP15,,2017-08-17T07:00:00-00:00,2031-01-01T07:59:59-00:00,2017-08-17T00:00:00,2030-12-31T23:59:59
AS_NP15,PIT3_7_B2,AS_NP15,,2023-05-05T07:00:00-00:00,2031-01-01T07:59:59-00:00,2023-05-05T00:00:00,2030-12-31T23:59:59
AS_NP15,PIT3_7_B3,AS_NP15,,2023-05-05T07:00:00-00:00,2031-01-01T07:59:59-00:00,2023-05-05T00:00:00,2030-12-31T23:59:59
AS_NP15,PIT3_7_B4,AS_NP15,,2023-05-05T07:00:00-00:00,2031-01-01T07:59:59-00:00,2023-05-05T00:00:00,2030-12-31T23:59:59
AS_NP15,PIT3_7_N001,AS_NP15,,2009-03-31T07:00:00-00:00,2031-01-01T07:59:59-00:00,2009-03-31T00:00:00,2030-12-31T23:59:59
AS_NP15,PIT3_7_PL1X3-APND,AS_NP15,,2009-03-31T07:00:00-00:00,2031-01-01T07:59:59-00:00,2009-03-31T00:00:00,2030-12-31T23:59:59
AS_NP15,PIT4_7_B1,AS_NP15,,2023-05-05T07:00:00-00:00,2031-01-01T07:59:59-00:00,2023-05-05T00:00:00,2030-12-31T23:59:59
AS_NP15,PIT4_7_B3,AS_NP15,,2023-05-05T07:00:00-00:00,2031-01-01T07:59:59-00:00,2023-05-05T00:00:00,2030-12-31T23:59:59
AS_NP15,PIT4_7_PL1X2-APND,AS_NP15,,2009-03-31T07:00:00-00:00,2031-01-01T07:59:59-00:00,2009-03-31T00:00:00,2030-12-31T23:59:59
AS_NP15,PIT5JT2_2_B1,AS_NP15,,2024-08-02T07:00:00-00:00,2031-01-01T07:59:59-00:00,2024-08-02T00:00:00,2030-12-31T23:59:59
AS_NP15,PIT5_7_B1,AS_NP15,,2009-11-03T08:00:00-00:00,2031-01-01T07:59:59-00:00,2009-11-03T00:00:00,2030-12-31T23:59:59
AS_NP15,PIT5_7_B11,AS_NP15,,2023-05-05T07:00:00-00:00,2031-01-01T07:59:59-00:00,2023-05-05T00:00:00,2030-12-31T23:59:59
AS_NP15,PIT5_7_B13,AS_NP15,,2023-05-05T07:00:00-00:00,2031-01-01T07:59:59-00:00,2023-05-05T00:00:00,2030-12-31T23:59:59
AS_NP15,PIT5_7_B3,AS_NP15,,2023-05-05T07:00:00-00:00,2031-01-01T07:59:59-00:00,2023-05-05T00:00:00,2030-12-31T23:59:59
AS_NP15,PIT5_7_B4,AS_NP15,,2023-05-05T07:00:00-00:00,2031-01-01T07:59:59-00:00,2023-05-05T00:00:00,2030-12-31T23:59:59
AS_NP15,PIT5_7_N001,AS_NP15,,2025-05-13T07:00:00-00:00,2031-01-01T07:59:59-00:00,2025-05-13T00:00:00,2030-12-31T23:59:59
AS_NP15,PIT5_7_PL1X2-APND,AS_NP15,,2009-03-31T07:00:00-00:00,2031-01-01T07:59:59-00:00,2009-03-31T00:00:00,2030-12-31T23:59:59
AS_NP15,PIT5_7_PL3X4-APND,AS_NP15,,2009-03-31T07:00:00-00:00,2031-01-01T07:59:59-00:00,2009-03-31T00:00:00,2030-12-31T23:59:59
AS_NP15,PIT6U1_7_B1,AS_NP15,,2009-03-31T07:00:00-00:00,2031-01-01T07:59:59-00:00,2009-03-31T00:00:00,2030-12-31T23:59:59
AS_NP15,PIT6U2_7_B1,AS_NP15,,2009-03-31T07:00:00-00:00,2031-01-01T07:59:59-00:00,2009-03-31T00:00:00,2030-12-31T23:59:59
AS_NP15,PIT7U1_7_B1,AS_NP15,,2009-03-31T07:00:00-00:00,2031-01-01T07:59:59-00:00,2009-03-31T00:00:00,2030-12-31T23:59:59
AS_NP15,PIT7U2_7_B1,AS_NP15,,2009-03-31T07:00:00-00:00,2031-01-01T07:59:59-00:00,2009-03-31T00:00:00,2030-12-31T23:59:59
AS_NP15,PITSBRG_2_B1,AS_NP15,,2017-08-17T07:00:00-00:00,2031-01-01T07:59:59-00:00,2017-08-17T00:00:00,2030-12-31T23:59:59
AS_NP15,PITSBRG_2_N058,AS_NP15,,2009-06-25T07:00:00-00:00,2031-01-01T07:59:59-00:00,2009-06-25T00:00:00,2030-12-31T23:59:59
AS_NP15,PITSBURG_1_B1,AS_NP15,,2017-08-17T07:00:00-00:00,2031-01-01T07:59:59-00:00,2017-08-17T00:00:00,2030-12-31T23:59:59
AS_NP15,PITSBURG_1_N001,AS_NP15,,2009-03-31T07:00:00-00:00,2031-01-01T07:59:59-00:00,2009-03-31T00:00:00,2030-12-31T23:59:59
AS_NP15,PITTES1_2_N007,AS_NP15,,2018-08-23T07:00:00-00:00,2031-01-01T07:59:59-00:00,2018-08-23T00:00:00,2030-12-31T23:59:59
AS_NP15,PITTSBRG_6_N101,AS_NP15,,2009-03-31T07:00:00-00:00,2031-01-01T07:59:59-00:00,2009-03-31T00:00:00,2030-12-31T23:59:59
AS_NP15,PLACERVL_1_N001,AS_NP15,,2009-03-31T07:00:00-00:00,2031-01-01T07:59:59-00:00,2009-03-31T00:00:00,2030-12-31T23:59:59
AS_NP15,PLACER_1_N001,AS_NP15,,2009-03-31T07:00:00-00:00,2031-01-01T07:59:59-00:00,2009-03-31T00:00:00,2030-12-31T23:59:59
AS_NP15,PLACER_7_N009,AS_NP15,,2009-03-31T07:00:00-00:00,2031-01-01T07:59:59-00:00,2009-03-31T00:00:00,2030-12-31T23:59:59
AS_NP15,PLAINFLD_6_N001,AS_NP15,,2024-03-20T07:00:00-00:00,2031-01-01T07:59:59-00:00,2024-03-20T00:00:00,2030-12-31T23:59:59
AS_NP15,PLAINFLD_6_N003,AS_NP15,,2024-03-20T07:00:00-00:00,2031-01-01T07:59:59-00:00,2024-03-20T00:00:00,2030-12-31T23:59:59
AS_NP15,PLCRVLB2_7_N001,AS_NP15,,2025-05-13T07:00:00-00:00,2031-01-01T07:59:59-00:00,2025-05-13T00:00:00,2030-12-31T23:59:59
AS_NP15,PLCRVLB2_7_N002,AS_NP15,,2025-05-13T07:00:00-00:00,2031-01-01T07:59:59-00:00,2025-05-13T00:00:00,2030-12-31T23:59:59
AS_NP15,PLOALTO_1_N001,AS_NP15,,2009-03-31T07:00:00-00:00,2031-01-01T07:59:59-00:00,2009-03-31T00:00:00,2030-12-31T23:59:59
AS_NP15,PLOALTO_1_N007,AS_NP15,,2025-12-17T08:00:00-00:00,2031-01-01T07:59:59-00:00,2025-12-17T00:00:00,2030-12-31T23:59:59
AS_NP15,PLOALTO_1_N013,AS_NP15,,2009-03-31T07:00:00-00:00,2031-01-01T07:59:59-00:00,2009-03-31T00:00:00,2030-12-31T23:59:59
AS_NP15,PLOALTO_1_N019,AS_NP15,,2009-03-31T07:00:00-00:00,2031-01-01T07:59:59-00:00,2009-03-31T00:00:00,2030-12-31T23:59:59
AS_NP15,PLSNTGR_1_N001,AS_NP15,,2011-03-31T07:00:00-00:00,2031-01-01T07:59:59-00:00,2011-03-31T00:00:00,2030-12-31T23:59:59
AS_NP15,PLSNTGR_1_N005,AS_NP15,,2011-03-31T07:00:00-00:00,2031-01-01T07:59:59-00:00,2011-03-31T00:00:00,2030-12-31T23:59:59
AS_NP15,PLSNTGR_1_N009,AS_NP15,,2011-03-31T07:00:00-00:00,2031-01-01T07:59:59-00:00,2011-03-31T00:00:00,2030-12-31T23:59:59
AS_NP15,PLSNTGR_6_N013,AS_NP15,,2025-05-13T07:00:00-00:00,2031-01-01T07:59:59-00:00,2025-05-13T00:00:00,2030-12-31T23:59:59
AS_NP15,PLSNTVLY_6_N001,AS_NP15,,2009-03-31T07:00:00-00:00,2031-01-01T07:59:59-00:00,2009-03-31T00:00:00,2030-12-31T23:59:59
AS_NP15,PLUMAS_6_LN001,AS_NP15,,2010-06-17T07:00:00-00:00,2031-01-01T07:59:59-00:00,2010-06-17T00:00:00,2030-12-31T23:59:59
AS_NP15,PLUMAS_6_N001,AS_NP15,,2009-03-31T07:00:00-00:00,2031-01-01T07:59:59-00:00,2009-03-31T00:00:00,2030-12-31T23:59:59
AS_NP15,PMTFMPP_1_N001,AS_NP15,,2014-11-13T08:00:00-00:00,2031-01-01T07:59:59-00:00,2014-11-13T00:00:00,2030-12-31T23:59:59
AS_NP15,PNCHEG_2_PL1X4-APND,AS_NP15,,2009-03-31T07:00:00-00:00,2031-01-01T07:59:59-00:00,2009-03-31T00:00:00,2030-12-31T23:59:59
AS_NP15,PNCHPP_1_PL1X2-APND,AS_NP15,,2009-03-31T07:00:00-00:00,2031-01-01T07:59:59-00:00,2009-03-31T00:00:00,2030-12-31T23:59:59
AS_NP15,PNCHVS_2_SOLAR-APND,AS_NP15,,2017-10-09T07:00:00-00:00,2031-01-01T07:59:59-00:00,2017-10-09T00:00:00,2030-12-31T23:59:59
AS_NP15,PNEDLE_1_N001,AS_NP15,,2009-03-31T07:00:00-00:00,2031-01-01T07:59:59-00:00,2009-03-31T00:00:00,2030-12-31T23:59:59
AS_NP15,PNEDLE_1_N002,AS_NP15,,2009-03-31T07:00:00-00:00,2031-01-01T07:59:59-00:00,2009-03-31T00:00:00,2030-12-31T23:59:59
AS_NP15,PNEDLE_1_N009,AS_NP15,,2009-03-31T07:00:00-00:00,2031-01-01T07:59:59-00:00,2009-03-31T00:00:00,2030-12-31T23:59:59
AS_NP15,PNEGRVE_6_N001,AS_NP15,,2009-03-31T07:00:00-00:00,2031-01-01T07:59:59-00:00,2009-03-31T00:00:00,2030-12-31T23:59:59
AS_NP15,PNEGRVE_6_N002,AS_NP15,,2009-03-31T07:00:00-00:00,2031-01-01T07:59:59-00:00,2009-03-31T00:00:00,2030-12-31T23:59:59
AS_NP15,PNOCHE_1_PL1X2-APND,AS_NP15,,2009-03-31T07:00:00-00:00,2031-01-01T07:59:59-00:00,2009-03-31T00:00:00,2030-12-31T23:59:59
AS_NP15,PNTARNA_6_N001,AS_NP15,,2009-03-31T07:00:00-00:00,2031-01-01T07:59:59-00:00,2009-03-31T00:00:00,2030-12-31T23:59:59
AS_NP15,POD_ADERA_1_SOLAR1-APND,AS_NP15,,2015-11-10T08:00:00-00:00,2031-01-01T07:59:59-00:00,2015-11-10T00:00:00,2030-12-31T23:59:59
AS_NP15,POD_ADLIN_1_UNITS-APND,AS_NP15,,2009-03-31T07:00:00-00:00,2031-01-01T07:59:59-00:00,2009-03-31T00:00:00,2030-12-31T23:59:59
AS_NP15,POD_ADMEST_6_SOLAR-APND,AS_NP15,,2014-10-27T07:00:00-00:00,2031-01-01T07:59:59-00:00,2014-10-27T00:00:00,2030-12-31T23:59:59
AS_NP15,POD_AGRICO_6_PL3N5-APND,AS_NP15,,2009-03-31T07:00:00-00:00,2031-01-01T07:59:59-00:00,2009-03-31T00:00:00,2030-12-31T23:59:59
AS_NP15,POD_AGRICO_7_UNIT-APND,AS_NP15,,2009-03-31T07:00:00-00:00,2031-01-01T07:59:59-00:00,2009-03-31T00:00:00,2030-12-31T23:59:59
AS_NP15,POD_ARVINN_6_ORION1-APND,AS_NP15,,2014-03-12T07:00:00-00:00,2031-01-01T07:59:59-00:00,2014-03-12T00:00:00,2030-12-31T23:59:59
AS_NP15,POD_ARVINN_6_ORION2-APND,AS_NP15,,2014-04-23T07:00:00-00:00,2031-01-01T07:59:59-00:00,2014-04-23T00:00:00,2030-12-31T23:59:59
AS_NP15,POD_ASTORA_2_SOLAR1-APND,AS_NP15,,2016-06-22T07:00:00-00:00,2031-01-01T07:59:59-00:00,2016-06-22T00:00:00,2030-12-31T23:59:59
AS_NP15,POD_ASTORA_2_SOLAR2-APND,AS_NP15,,2016-06-22T07:00:00-00:00,2031-01-01T07:59:59-00:00,2016-06-22T00:00:00,2030-12-31T23:59:59
AS_NP15,POD_BALCHS_7_UNIT 1-APND,AS_NP15,,2009-03-31T07:00:00-00:00,2031-01-01T07:59:59-00:00,2009-03-31T00:00:00,2030-12-31T23:59:59
AS_NP15,POD_BALCHS_7_UNIT 2-APND,AS_NP15,,2009-03-31T07:00:00-00:00,2031-01-01T07:59:59-00:00,2009-03-31T00:00:00,2030-12-31T23:59:59
AS_NP15,POD_BALCHS_7_UNIT 3-APND,AS_NP15,,2009-03-31T07:00:00-00:00,2031-01-01T07:59:59-00:00,2009-03-31T00:00:00,2030-12-31T23:59:59
AS_NP15,POD_BASICE_2_UNITS-APND,AS_NP15,,2009-03-31T07:00:00-00:00,2031-01-01T07:59:59-00:00,2009-03-31T00:00:00,2030-12-31T23:59:59
AS_NP15,POD_BIOMAS_1_UNIT 1-APND,AS_NP15,,2009-03-31T07:00:00-00:00,2031-01-01T07:59:59-00:00,2009-03-31T00:00:00,2030-12-31T23:59:59
AS_NP15,POD_BLACK_7_UNIT 1-APND,AS_NP15,,2009-03-31T07:00:00-00:00,2031-01-01T07:59:59-00:00,2009-03-31T00:00:00,2030-12-31T23:59:59
AS_NP15,POD_BLACK_7_UNIT 2-APND,AS_NP15,,2009-03-31T07:00:00-00:00,2031-01-01T07:59:59-00:00,2009-03-31T00:00:00,2030-12-31T23:59:59
AS_NP15,POD_BRDGVL_7_BAKER-APND,AS_NP15,,2014-10-01T07:00:00-00:00,2031-01-01T07:59:59-00:00,2014-10-01T00:00:00,2030-12-31T23:59:59
AS_NP15,POD_BUCKCK_7_PL1X2-APND,AS_NP15,,2009-03-31T07:00:00-00:00,2031-01-01T07:59:59-00:00,2009-03-31T00:00:00,2030-12-31T23:59:59
AS_NP15,POD_BUTTVL_7_UNIT 1-APND,AS_NP15,,2009-03-31T07:00:00-00:00,2031-01-01T07:59:59-00:00,2009-03-31T00:00:00,2030-12-31T23:59:59
AS_NP15,POD_CALFTS_2_CFSSR1-APND,AS_NP15,,2018-09-16T07:00:00-00:00,2031-01-01T07:59:59-00:00,2018-09-16T00:00:00,2030-12-31T23:59:59
AS_NP15,POD_CAMPFW_7_FARWST-APND,AS_NP15,,2009-03-31T07:00:00-00:00,2031-01-01T07:59:59-00:00,2009-03-31T00:00:00,2030-12-31T23:59:59
AS_NP15,POD_CARBOU_7_PL4X5-APND,AS_NP15,,2009-03-31T07:00:00-00:00,2031-01-01T07:59:59-00:00,2009-03-31T00:00:00,2030-12-31T23:59:59
AS_NP15,POD_CHICPK_7_UNIT 1-APND,AS_NP15,,2009-03-31T07:00:00-00:00,2031-01-01T07:59:59-00:00,2009-03-31T00:00:00,2030-12-31T23:59:59
AS_NP15,POD_CHWCHL_1_UNIT-APND,AS_NP15,,2009-03-31T07:00:00-00:00,2031-01-01T07:59:59-00:00,2009-03-31T00:00:00,2030-12-31T23:59:59
AS_NP15,POD_COLEMN_2_UNIT-APND,AS_NP15,,2009-03-31T07:00:00-00:00,2031-01-01T07:59:59-00:00,2009-03-31T00:00:00,2030-12-31T23:59:59
AS_NP15,POD_COLGAT_7_UNIT 1-APND,AS_NP15,,2009-03-31T07:00:00-00:00,2031-01-01T07:59:59-00:00,2009-03-31T00:00:00,2030-12-31T23:59:59
AS_NP15,POD_COLGAT_7_UNIT 2-APND,AS_NP15,,2009-03-31T07:00:00-00:00,2031-01-01T07:59:59-00:00,2009-03-31T00:00:00,2030-12-31T23:59:59
AS_NP15,POD_COLUSA_2_PL1X3-APND,AS_NP15,,2010-08-18T07:00:00-00:00,2031-01-01T07:59:59-00:00,2010-08-18T00:00:00,2030-12-31T23:59:59
AS_NP15,POD_COLVIL_7_PL1X2-APND,AS_NP15,,2009-03-31T07:00:00-00:00,2031-01-01T07:59:59-00:00,2009-03-31T00:00:00,2030-12-31T23:59:59
AS_NP15,POD_COVERD_2_HCKHY1-APND,AS_NP15,,2017-03-08T08:00:00-00:00,2031-01-01T07:59:59-00:00,2017-03-08T00:00:00,2030-12-31T23:59:59
AS_NP15,POD_COVERD_2_MCKHY1-APND,AS_NP15,,2017-07-31T07:00:00-00:00,2031-01-01T07:59:59-00:00,2017-07-31T00:00:00,2030-12-31T23:59:59
AS_NP15,POD_CRESTA_7_PL1X2-APND,AS_NP15,,2009-03-31T07:00:00-00:00,2031-01-01T07:59:59-00:00,2009-03-31T00:00:00,2030-12-31T23:59:59
AS_NP15,POD_CROKET_7_UNIT-APND,AS_NP15,,2009-03-31T07:00:00-00:00,2031-01-01T07:59:59-00:00,2009-03-31T00:00:00,2030-12-31T23:59:59
AS_NP15,POD_CUMBIA_1_SOLAR-APND,AS_NP15,,2015-04-27T07:00:00-00:00,2031-01-01T07:59:59-00:00,2015-04-27T00:00:00,2030-12-31T23:59:59
AS_NP15,POD_DEADCK_1_UNIT-APND,AS_NP15,,2022-03-08T08:00:00-00:00,2031-01-01T07:59:59-00:00,2022-03-08T00:00:00,2030-12-31T23:59:59
AS_NP15,POD_DEERCR_6_UNIT 1-APND,AS_NP15,,2009-03-31T07:00:00-00:00,2031-01-01T07:59:59-00:00,2009-03-31T00:00:00,2030-12-31T23:59:59
AS_NP15,POD_DELTA_2_PL1X4-APND,AS_NP15,,2009-03-31T07:00:00-00:00,2031-01-01T07:59:59-00:00,2009-03-31T00:00:00,2030-12-31T23:59:59
AS_NP15,POD_DRUM_7_PL1X2-APND,AS_NP15,,2009-03-31T07:00:00-00:00,2031-01-01T07:59:59-00:00,2009-03-31T00:00:00,2030-12-31T23:59:59
AS_NP15,POD_DRUM_7_PL3X4-APND,AS_NP15,,2009-03-31T07:00:00-00:00,2031-01-01T07:59:59-00:00,2009-03-31T00:00:00,2030-12-31T23:59:59
AS_NP15,POD_DRUM_7_UNIT 5-APND,AS_NP15,,2009-03-31T07:00:00-00:00,2031-01-01T07:59:59-00:00,2009-03-31T00:00:00,2030-12-31T23:59:59
AS_NP15,POD_DSABLA_7_UNIT-APND,AS_NP15,,2009-03-31T07:00:00-00:00,2031-01-01T07:59:59-00:00,2009-03-31T00:00:00,2030-12-31T23:59:59
AS_NP15,POD_DUANE_1_PL1X3-APND,AS_NP15,,2009-03-31T07:00:00-00:00,2031-01-01T07:59:59-00:00,2009-03-31T00:00:00,2030-12-31T23:59:59
AS_NP15,POD_DUTCH1_7_UNIT 1-APND,AS_NP15,,2009-03-31T07:00:00-00:00,2031-01-01T07:59:59-00:00,2009-03-31T00:00:00,2030-12-31T23:59:59
AS_NP15,POD_DUTCH2_7_UNIT 1-APND,AS_NP15,,2009-03-31T07:00:00-00:00,2031-01-01T07:59:59-00:00,2009-03-31T00:00:00,2030-12-31T23:59:59
AS_NP15,POD_ELECTR_7_PL1X3-APND,AS_NP15,,2009-03-31T07:00:00-00:00,2031-01-01T07:59:59-00:00,2009-03-31T00:00:00,2030-12-31T23:59:59
AS_NP15,POD_ELKCRK_6_STONYG-APND,AS_NP15,,2009-03-31T07:00:00-00:00,2031-01-01T07:59:59-00:00,2009-03-31T00:00:00,2030-12-31T23:59:59
AS_NP15,POD_EXCHEC_7_UNIT 1-APND,AS_NP15,,2009-03-31T07:00:00-00:00,2031-01-01T07:59:59-00:00,2009-03-31T00:00:00,2030-12-31T23:59:59
AS_NP15,POD_EXCLSG_1_SOLAR-APND,AS_NP15,,2016-07-11T07:00:00-00:00,2031-01-01T07:59:59-00:00,2016-07-11T00:00:00,2030-12-31T23:59:59
AS_NP15,POD_FMEADO_7_UNIT-APND,AS_NP15,,2009-03-31T07:00:00-00:00,2031-01-01T07:59:59-00:00,2009-03-31T00:00:00,2030-12-31T23:59:59
AS_NP15,POD_GATWAY_2_PL1X3-APND,AS_NP15,,2009-03-31T07:00:00-00:00,2031-01-01T07:59:59-00:00,2009-03-31T00:00:00,2030-12-31T23:59:59
AS_NP15,POD_GEYS11_7_UNIT11-APND,AS_NP15,,2009-03-31T07:00:00-00:00,2031-01-01T07:59:59-00:00,2009-03-31T00:00:00,2030-12-31T23:59:59
AS_NP15,POD_GEYS12_7_UNIT12-APND,AS_NP15,,2009-03-31T07:00:00-00:00,2031-01-01T07:59:59-00:00,2009-03-31T00:00:00,2030-12-31T23:59:59
AS_NP15,POD_GEYS13_7_UNIT13-APND,AS_NP15,,2009-03-31T07:00:00-00:00,2031-01-01T07:59:59-00:00,2009-03-31T00:00:00,2030-12-31T23:59:59
AS_NP15,POD_GEYS14_7_UNIT14-APND,AS_NP15,,2009-03-31T07:00:00-00:00,2031-01-01T07:59:59-00:00,2009-03-31T00:00:00,2030-12-31T23:59:59
AS_NP15,POD_GEYS16_7_UNIT16-APND,AS_NP15,,2009-03-31T07:00:00-00:00,2031-01-01T07:59:59-00:00,2009-03-31T00:00:00,2030-12-31T23:59:59
AS_NP15,POD_GEYS17_7_UNIT17-APND,AS_NP15,,2009-03-31T07:00:00-00:00,2031-01-01T07:59:59-00:00,2009-03-31T00:00:00,2030-12-31T23:59:59
AS_NP15,POD_GEYS18_7_UNIT18-APND,AS_NP15,,2009-03-31T07:00:00-00:00,2031-01-01T07:59:59-00:00,2009-03-31T00:00:00,2030-12-31T23:59:59
AS_NP15,POD_GEYS20_7_UNIT20-APND,AS_NP15,,2009-03-31T07:00:00-00:00,2031-01-01T07:59:59-00:00,2009-03-31T00:00:00,2030-12-31T23:59:59
AS_NP15,POD_GIFENS_6_BUGSL1-APND,AS_NP15,,2017-03-10T08:00:00-00:00,2031-01-01T07:59:59-00:00,2017-03-10T00:00:00,2030-12-31T23:59:59
AS_NP15,POD_GILROY_1_UNIT-APND,AS_NP15,,2009-03-31T07:00:00-00:00,2031-01-01T07:59:59-00:00,2009-03-31T00:00:00,2030-12-31T23:59:59
AS_NP15,POD_GILRPP_1_PL1X2-APND,AS_NP15,,2009-03-31T07:00:00-00:00,2031-01-01T07:59:59-00:00,2009-03-31T00:00:00,2030-12-31T23:59:59
AS_NP15,POD_GILRPP_1_PL3X4-APND,AS_NP15,,2009-03-31T07:00:00-00:00,2031-01-01T07:59:59-00:00,2009-03-31T00:00:00,2030-12-31T23:59:59
AS_NP15,POD_GRIZLY_1_UNIT 1-APND,AS_NP15,,2009-03-31T07:00:00-00:00,2031-01-01T07:59:59-00:00,2009-03-31T00:00:00,2030-12-31T23:59:59
AS_NP15,POD_GRNLF2_1_UNIT-APND,AS_NP15,,2021-06-03T07:00:00-00:00,2031-01-01T07:59:59-00:00,2021-06-03T00:00:00,2030-12-31T23:59:59
AS_NP15,POD_GYS5X6_7_UNITS-APND,AS_NP15,,2009-03-31T07:00:00-00:00,2031-01-01T07:59:59-00:00,2009-03-31T00:00:00,2030-12-31T23:59:59
AS_NP15,POD_GYS7X8_7_UNITS-APND,AS_NP15,,2009-03-31T07:00:00-00:00,2031-01-01T07:59:59-00:00,2009-03-31T00:00:00,2030-12-31T23:59:59
AS_NP15,POD_GYSRVL_7_WSPRNG-APND,AS_NP15,,2009-03-31T07:00:00-00:00,2031-01-01T07:59:59-00:00,2009-03-31T00:00:00,2030-12-31T23:59:59
AS_NP15,POD_HAASPH_7_PL1X2-APND,AS_NP15,,2009-03-31T07:00:00-00:00,2031-01-01T07:59:59-00:00,2009-03-31T00:00:00,2030-12-31T23:59:59
AS_NP15,POD_HATCR1_7_UNIT-APND,AS_NP15,,2009-03-31T07:00:00-00:00,2031-01-01T07:59:59-00:00,2009-03-31T00:00:00,2030-12-31T23:59:59
AS_NP15,POD_HATCR2_7_UNIT-APND,AS_NP15,,2009-03-31T07:00:00-00:00,2031-01-01T07:59:59-00:00,2009-03-31T00:00:00,2030-12-31T23:59:59
AS_NP15,POD_HATRDG_2_WIND-APND,AS_NP15,,2010-07-01T07:00:00-00:00,2031-01-01T07:59:59-00:00,2010-07-01T00:00:00,2030-12-31T23:59:59
AS_NP15,POD_HELMPG_7_UNIT 1-APND,AS_NP15,,2009-03-31T07:00:00-00:00,2031-01-01T07:59:59-00:00,2009-03-31T00:00:00,2030-12-31T23:59:59
AS_NP15,POD_HELMPG_7_UNIT 2-APND,AS_NP15,,2009-03-31T07:00:00-00:00,2031-01-01T07:59:59-00:00,2009-03-31T00:00:00,2030-12-31T23:59:59
AS_NP15,POD_HELMPG_7_UNIT 3-APND,AS_NP15,,2009-03-31T07:00:00-00:00,2031-01-01T07:59:59-00:00,2009-03-31T00:00:00,2030-12-31T23:59:59
AS_NP15,POD_HENRTS_1_SOLAR-APND,AS_NP15,,2016-06-08T07:00:00-00:00,2031-01-01T07:59:59-00:00,2016-06-08T00:00:00,2030-12-31T23:59:59
AS_NP15,POD_HUMBPP_1_UNITS3-APND,AS_NP15,,2010-08-19T07:00:00-00:00,2031-01-01T07:59:59-00:00,2010-08-19T00:00:00,2030-12-31T23:59:59
AS_NP15,POD_HYTTHM_2_UNITS-APND,AS_NP15,,2009-03-31T07:00:00-00:00,2031-01-01T07:59:59-00:00,2009-03-31T00:00:00,2030-12-31T23:59:59
AS_NP15,POD_INTKEP_2_UNITS-APND,AS_NP15,,2009-03-31T07:00:00-00:00,2031-01-01T07:59:59-00:00,2009-03-31T00:00:00,2030-12-31T23:59:59
AS_NP15,POD_JAYNE_6_WLSLR-APND,AS_NP15,,2014-01-27T08:00:00-00:00,2031-01-01T07:59:59-00:00,2014-01-27T00:00:00,2030-12-31T23:59:59
AS_NP15,POD_KELYRG_6_UNIT-APND,AS_NP15,,2009-03-31T07:00:00-00:00,2031-01-01T07:59:59-00:00,2009-03-31T00:00:00,2030-12-31T23:59:59
AS_NP15,POD_LAMONT_1_SOLAR1-APND,AS_NP15,,2014-10-27T07:00:00-00:00,2031-01-01T07:59:59-00:00,2014-10-27T00:00:00,2030-12-31T23:59:59
AS_NP15,POD_LAMONT_1_SOLAR2-APND,AS_NP15,,2017-11-20T08:00:00-00:00,2031-01-01T07:59:59-00:00,2017-11-20T00:00:00,2030-12-31T23:59:59
AS_NP15,POD_LAMONT_1_SOLAR3-APND,AS_NP15,,2015-08-16T07:00:00-00:00,2031-01-01T07:59:59-00:00,2015-08-16T00:00:00,2030-12-31T23:59:59
AS_NP15,POD_LAMONT_1_SOLAR4-APND,AS_NP15,,2015-07-13T07:00:00-00:00,2031-01-01T07:59:59-00:00,2015-07-13T00:00:00,2030-12-31T23:59:59
AS_NP15,POD_LAMONT_1_SOLAR5-APND,AS_NP15,,2015-06-22T07:00:00-00:00,2031-01-01T07:59:59-00:00,2015-06-22T00:00:00,2030-12-31T23:59:59
AS_NP15,POD_LASSEN_6_UNITS-APND,AS_NP15,,2009-03-31T07:00:00-00:00,2031-01-01T07:59:59-00:00,2009-03-31T00:00:00,2030-12-31T23:59:59
AS_NP15,POD_LECEF_1_UNITS-APND,AS_NP15,,2009-03-31T07:00:00-00:00,2031-01-01T07:59:59-00:00,2009-03-31T00:00:00,2030-12-31T23:59:59
AS_NP15,POD_LMBEPK_2_UNITA1-APND,AS_NP15,,2009-03-31T07:00:00-00:00,2031-01-01T07:59:59-00:00,2009-03-31T00:00:00,2030-12-31T23:59:59
AS_NP15,POD_LMBEPK_2_UNITA2-APND,AS_NP15,,2009-03-31T07:00:00-00:00,2031-01-01T07:59:59-00:00,2009-03-31T00:00:00,2030-12-31T23:59:59
AS_NP15,POD_LMBEPK_2_UNITA3-APND,AS_NP15,,2009-03-31T07:00:00-00:00,2031-01-01T07:59:59-00:00,2009-03-31T00:00:00,2030-12-31T23:59:59
AS_NP15,POD_LMEC_1_PL1X3-APND,AS_NP15,,2009-03-31T07:00:00-00:00,2031-01-01T07:59:59-00:00,2009-03-31T00:00:00,2030-12-31T23:59:59
AS_NP15,POD_MALCHQ_7_UNIT 1-APND,AS_NP15,,2009-03-31T07:00:00-00:00,2031-01-01T07:59:59-00:00,2009-03-31T00:00:00,2030-12-31T23:59:59
AS_NP15,POD_MDFKRL_2_PROJCT-APND,AS_NP15,,2009-03-31T07:00:00-00:00,2031-01-01T07:59:59-00:00,2009-03-31T00:00:00,2030-12-31T23:59:59
AS_NP15,POD_MNDOTA_1_SOLAR1-APND,AS_NP15,,2015-04-24T07:00:00-00:00,2031-01-01T07:59:59-00:00,2015-04-24T00:00:00,2030-12-31T23:59:59
AS_NP15,POD_MOSSLD_2_PSP1-APND,AS_NP15,,2009-03-31T07:00:00-00:00,2031-01-01T07:59:59-00:00,2009-03-31T00:00:00,2030-12-31T23:59:59
AS_NP15,POD_MOSSLD_2_PSP2-APND,AS_NP15,,2009-03-31T07:00:00-00:00,2031-01-01T07:59:59-00:00,2009-03-31T00:00:00,2030-12-31T23:59:59
AS_NP15,POD_MSTANG_2_SOLAR3-APND,AS_NP15,,2016-02-18T08:00:00-00:00,2031-01-01T07:59:59-00:00,2016-02-18T00:00:00,2030-12-31T23:59:59
AS_NP15,POD_NAROW1_2_UNIT-APND,AS_NP15,,2009-03-31T07:00:00-00:00,2031-01-01T07:59:59-00:00,2009-03-31T00:00:00,2030-12-31T23:59:59
AS_NP15,POD_NAROW2_2_UNIT-APND,AS_NP15,,2009-03-31T07:00:00-00:00,2031-01-01T07:59:59-00:00,2009-03-31T00:00:00,2030-12-31T23:59:59
AS_NP15,POD_NCPA_7_GP1UN1-APND,AS_NP15,,2009-03-31T07:00:00-00:00,2031-01-01T07:59:59-00:00,2009-03-31T00:00:00,2030-12-31T23:59:59
AS_NP15,POD_NCPA_7_GP1UN2-APND,AS_NP15,,2009-03-31T07:00:00-00:00,2031-01-01T07:59:59-00:00,2009-03-31T00:00:00,2030-12-31T23:59:59
AS_NP15,POD_NCPA_7_GP2UN3-APND,AS_NP15,,2009-03-31T07:00:00-00:00,2031-01-01T07:59:59-00:00,2009-03-31T00:00:00,2030-12-31T23:59:59
AS_NP15,POD_NCPA_7_GP2UN4-APND,AS_NP15,,2009-03-31T07:00:00-00:00,2031-01-01T07:59:59-00:00,2009-03-31T00:00:00,2030-12-31T23:59:59
AS_NP15,POD_NWCSTL_7_UNIT 1-APND,AS_NP15,,2009-03-31T07:00:00-00:00,2031-01-01T07:59:59-00:00,2009-03-31T00:00:00,2030-12-31T23:59:59
AS_NP15,POD_OAK C_7_UNIT 1-APND,AS_NP15,,2025-07-02T07:00:00-00:00,2031-01-01T07:59:59-00:00,2025-07-02T00:00:00,2030-12-31T23:59:59
AS_NP15,POD_OAK C_7_UNIT 3-APND,AS_NP15,,2025-07-02T07:00:00-00:00,2031-01-01T07:59:59-00:00,2025-07-02T00:00:00,2030-12-31T23:59:59
AS_NP15,POD_PACLUM_6_UNIT-APND,AS_NP15,,2009-03-31T07:00:00-00:00,2031-01-01T07:59:59-00:00,2009-03-31T00:00:00,2030-12-31T23:59:59
AS_NP15,POD_PAIGES_6_SOLAR-APND,AS_NP15,,2016-10-31T07:00:00-00:00,2031-01-01T07:59:59-00:00,2016-10-31T00:00:00,2030-12-31T23:59:59
AS_NP15,POD_PARDEB_6_UNITS-APND,AS_NP15,,2009-03-31T07:00:00-00:00,2031-01-01T07:59:59-00:00,2009-03-31T00:00:00,2030-12-31T23:59:59
AS_NP15,POD_PIT1_7_UNIT 1-APND,AS_NP15,,2009-03-31T07:00:00-00:00,2031-01-01T07:59:59-00:00,2009-03-31T00:00:00,2030-12-31T23:59:59
AS_NP15,POD_PIT1_7_UNIT 2-APND,AS_NP15,,2009-03-31T07:00:00-00:00,2031-01-01T07:59:59-00:00,2009-03-31T00:00:00,2030-12-31T23:59:59
AS_NP15,POD_PIT3_7_PL1X3-APND,AS_NP15,,2009-03-31T07:00:00-00:00,2031-01-01T07:59:59-00:00,2009-03-31T00:00:00,2030-12-31T23:59:59
AS_NP15,POD_PIT4_7_PL1X2-APND,AS_NP15,,2009-03-31T07:00:00-00:00,2031-01-01T07:59:59-00:00,2009-03-31T00:00:00,2030-12-31T23:59:59
AS_NP15,POD_PIT5_7_PL1X2-APND,AS_NP15,,2009-03-31T07:00:00-00:00,2031-01-01T07:59:59-00:00,2009-03-31T00:00:00,2030-12-31T23:59:59
AS_NP15,POD_PIT5_7_PL3X4-APND,AS_NP15,,2009-03-31T07:00:00-00:00,2031-01-01T07:59:59-00:00,2009-03-31T00:00:00,2030-12-31T23:59:59
AS_NP15,POD_PIT6_7_UNIT 1-APND,AS_NP15,,2009-03-31T07:00:00-00:00,2031-01-01T07:59:59-00:00,2009-03-31T00:00:00,2030-12-31T23:59:59
AS_NP15,POD_PIT6_7_UNIT 2-APND,AS_NP15,,2009-03-31T07:00:00-00:00,2031-01-01T07:59:59-00:00,2009-03-31T00:00:00,2030-12-31T23:59:59
AS_NP15,POD_PIT7_7_UNIT 1-APND,AS_NP15,,2009-03-31T07:00:00-00:00,2031-01-01T07:59:59-00:00,2009-03-31T00:00:00,2030-12-31T23:59:59
AS_NP15,POD_PIT7_7_UNIT 2-APND,AS_NP15,,2009-03-31T07:00:00-00:00,2031-01-01T07:59:59-00:00,2009-03-31T00:00:00,2030-12-31T23:59:59
AS_NP15,POD_PMPJCK_1_SOLAR1-APND,AS_NP15,,2014-12-18T08:00:00-00:00,2031-01-01T07:59:59-00:00,2014-12-18T00:00:00,2030-12-31T23:59:59
AS_NP15,POD_PNCHPP_1_PL1X2-APND,AS_NP15,,2009-03-31T07:00:00-00:00,2031-01-01T07:59:59-00:00,2009-03-31T00:00:00,2030-12-31T23:59:59
AS_NP15,POD_PNCHVS_2_SOLAR-APND,AS_NP15,,2017-10-09T07:00:00-00:00,2031-01-01T07:59:59-00:00,2017-10-09T00:00:00,2030-12-31T23:59:59
AS_NP15,POD_PNOCHE_1_PL1X2-APND,AS_NP15,,2009-03-31T07:00:00-00:00,2031-01-01T07:59:59-00:00,2009-03-31T00:00:00,2030-12-31T23:59:59
AS_NP15,POD_PNOCHE_1_UNITA1-APND,AS_NP15,,2009-03-31T07:00:00-00:00,2031-01-01T07:59:59-00:00,2009-03-31T00:00:00,2030-12-31T23:59:59
AS_NP15,POD_POEPH_7_UNIT 1-APND,AS_NP15,,2009-03-31T07:00:00-00:00,2031-01-01T07:59:59-00:00,2009-03-31T00:00:00,2030-12-31T23:59:59
AS_NP15,POD_POEPH_7_UNIT 2-APND,AS_NP15,,2009-03-31T07:00:00-00:00,2031-01-01T07:59:59-00:00,2009-03-31T00:00:00,2030-12-31T23:59:59
AS_NP15,POD_RCKCRK_7_UNIT 1-APND,AS_NP15,,2009-03-31T07:00:00-00:00,2031-01-01T07:59:59-00:00,2009-03-31T00:00:00,2030-12-31T23:59:59
AS_NP15,POD_RCKCRK_7_UNIT 2-APND,AS_NP15,,2009-03-31T07:00:00-00:00,2031-01-01T07:59:59-00:00,2009-03-31T00:00:00,2030-12-31T23:59:59
AS_NP15,POD_RUSCTY_2_UNITS-APND,AS_NP15,,2013-04-01T07:00:00-00:00,2031-01-01T07:59:59-00:00,2013-04-01T00:00:00,2030-12-31T23:59:59
AS_NP15,POD_RVRVEW_1_UNITA1-APND,AS_NP15,,2009-03-31T07:00:00-00:00,2031-01-01T07:59:59-00:00,2009-03-31T00:00:00,2030-12-31T23:59:59
AS_NP15,POD_SALIRV_2_UNIT-APND,AS_NP15,,2017-09-01T07:00:00-00:00,2031-01-01T07:59:59-00:00,2017-09-01T00:00:00,2030-12-31T23:59:59
AS_NP15,POD_SALTSP_7_UNITS-APND,AS_NP15,,2009-03-31T07:00:00-00:00,2031-01-01T07:59:59-00:00,2009-03-31T00:00:00,2030-12-31T23:59:59
AS_NP15,POD_SANTFG_7_UNITS-APND,AS_NP15,,2009-03-31T07:00:00-00:00,2031-01-01T07:59:59-00:00,2009-03-31T00:00:00,2030-12-31T23:59:59
AS_NP15,POD_SGREGY_6_SANGER-APND,AS_NP15,,2009-03-31T07:00:00-00:00,2031-01-01T07:59:59-00:00,2009-03-31T00:00:00,2030-12-31T23:59:59
AS_NP15,POD_SKERN_6_SOLAR1-APND,AS_NP15,,2015-02-26T08:00:00-00:00,2031-01-01T07:59:59-00:00,2015-02-26T00:00:00,2030-12-31T23:59:59
AS_NP15,POD_SLST13_2_SOLAR1-APND,AS_NP15,,2015-06-19T07:00:00-00:00,2031-01-01T07:59:59-00:00,2015-06-19T00:00:00,2030-12-31T23:59:59
AS_NP15,POD_SMPRIP_1_SMPSON-APND,AS_NP15,,2009-03-31T07:00:00-00:00,2031-01-01T07:59:59-00:00,2009-03-31T00:00:00,2030-12-31T23:59:59
AS_NP15,POD_SMUDGO_7_UNIT 1-APND,AS_NP15,,2009-03-31T07:00:00-00:00,2031-01-01T07:59:59-00:00,2009-03-31T00:00:00,2030-12-31T23:59:59
AS_NP15,POD_SNDBAR_7_UNIT 1-APND,AS_NP15,,2017-01-01T08:00:00-00:00,2031-01-01T07:59:59-00:00,2017-01-01T00:00:00,2030-12-31T23:59:59
AS_NP15,POD_SNMALF_6_UNITS-APND,AS_NP15,,2009-03-31T07:00:00-00:00,2031-01-01T07:59:59-00:00,2009-03-31T00:00:00,2030-12-31T23:59:59
AS_NP15,POD_SPI LI_2_UNIT 1-APND,AS_NP15,,2009-03-31T07:00:00-00:00,2031-01-01T07:59:59-00:00,2009-03-31T00:00:00,2030-12-31T23:59:59
AS_NP15,POD_SPICER_1_UNITS-APND,AS_NP15,,2009-03-31T07:00:00-00:00,2031-01-01T07:59:59-00:00,2009-03-31T00:00:00,2030-12-31T23:59:59
AS_NP15,POD_STANIS_7_UNIT 1-APND,AS_NP15,,2009-03-31T07:00:00-00:00,2031-01-01T07:59:59-00:00,2009-03-31T00:00:00,2030-12-31T23:59:59
AS_NP15,POD_SUMWHT_6_SWSSR1-APND,AS_NP15,,2018-05-29T07:00:00-00:00,2031-01-01T07:59:59-00:00,2018-05-29T00:00:00,2030-12-31T23:59:59
AS_NP15,POD_TBLMTN_6_QF-APND,AS_NP15,,2009-03-31T07:00:00-00:00,2031-01-01T07:59:59-00:00,2009-03-31T00:00:00,2030-12-31T23:59:59
AS_NP15,POD_TIGRCK_7_UNITS-APND,AS_NP15,,2009-03-31T07:00:00-00:00,2031-01-01T07:59:59-00:00,2009-03-31T00:00:00,2030-12-31T23:59:59
AS_NP15,POD_TKOPWR_6_HYDRO-APND,AS_NP15,,2016-04-01T07:00:00-00:00,2031-01-01T07:59:59-00:00,2016-04-01T00:00:00,2030-12-31T23:59:59
AS_NP15,POD_TRNQL8_2_AMASR1-APND,AS_NP15,,2017-10-08T07:00:00-00:00,2031-01-01T07:59:59-00:00,2017-10-08T00:00:00,2030-12-31T23:59:59
AS_NP15,POD_TRNQL8_2_AZUSR1-APND,AS_NP15,,2017-10-23T07:00:00-00:00,2031-01-01T07:59:59-00:00,2017-10-23T00:00:00,2030-12-31T23:59:59
AS_NP15,POD_TRNQL8_2_ROJSR1-APND,AS_NP15,,2017-10-08T07:00:00-00:00,2031-01-01T07:59:59-00:00,2017-10-08T00:00:00,2030-12-31T23:59:59
AS_NP15,POD_TRNQL8_2_VERSR1-APND,AS_NP15,,2017-10-08T07:00:00-00:00,2031-01-01T07:59:59-00:00,2017-10-08T00:00:00,2030-12-31T23:59:59
AS_NP15,POD_TRNQLT_2_SOLAR-APND,AS_NP15,,2016-02-26T08:00:00-00:00,2031-01-01T07:59:59-00:00,2016-02-26T00:00:00,2030-12-31T23:59:59
AS_NP15,POD_ULTPFR_1_UNIT 1-APND,AS_NP15,,2009-03-31T07:00:00-00:00,2031-01-01T07:59:59-00:00,2009-03-31T00:00:00,2030-12-31T23:59:59
AS_NP15,POD_ULTRCK_2_UNIT-APND,AS_NP15,,2009-03-31T07:00:00-00:00,2031-01-01T07:59:59-00:00,2009-03-31T00:00:00,2030-12-31T23:59:59
AS_NP15,POD_UNOCAL_1_UNITS-APND,AS_NP15,,2009-03-31T07:00:00-00:00,2031-01-01T07:59:59-00:00,2009-03-31T00:00:00,2030-12-31T23:59:59
AS_NP15,POD_USWND2_1_WIND1-APND,AS_NP15,,2015-11-08T08:00:00-00:00,2031-01-01T07:59:59-00:00,2015-11-08T00:00:00,2030-12-31T23:59:59
AS_NP15,POD_USWND2_1_WIND2-APND,AS_NP15,,2015-11-08T08:00:00-00:00,2031-01-01T07:59:59-00:00,2015-11-08T00:00:00,2030-12-31T23:59:59
AS_NP15,POD_USWND2_1_WIND3-APND,AS_NP15,,2017-09-18T07:00:00-00:00,2031-01-01T07:59:59-00:00,2017-09-18T00:00:00,2030-12-31T23:59:59
AS_NP15,POD_VACADX_1_UNITA1-APND,AS_NP15,,2009-03-31T07:00:00-00:00,2031-01-01T07:59:59-00:00,2009-03-31T00:00:00,2030-12-31T23:59:59
AS_NP15,POD_WAUKNA_1_SOLAR2-APND,AS_NP15,,2015-04-06T07:00:00-00:00,2031-01-01T07:59:59-00:00,2015-04-06T00:00:00,2030-12-31T23:59:59
AS_NP15,POD_WDLEAF_7_UNIT 1-APND,AS_NP15,,2009-03-31T07:00:00-00:00,2031-01-01T07:59:59-00:00,2009-03-31T00:00:00,2030-12-31T23:59:59
AS_NP15,POD_WESTPT_2_UNIT-APND,AS_NP15,,2009-03-31T07:00:00-00:00,2031-01-01T07:59:59-00:00,2009-03-31T00:00:00,2030-12-31T23:59:59
AS_NP15,POD_WLDWD_1_SOLAR1-APND,AS_NP15,,2015-01-22T08:00:00-00:00,2031-01-01T07:59:59-00:00,2015-01-22T00:00:00,2030-12-31T23:59:59
AS_NP15,POD_YUBACT_1_SUNSWT-APND,AS_NP15,,2009-03-31T07:00:00-00:00,2031-01-01T07:59:59-00:00,2009-03-31T00:00:00,2030-12-31T23:59:59
AS_NP15,POD_YUBACT_6_UNITA1-APND,AS_NP15,,2009-03-31T07:00:00-00:00,2031-01-01T07:59:59-00:00,2009-03-31T00:00:00,2030-12-31T23:59:59
AS_NP15,POD_ZOND_6_UNIT-APND,AS_NP15,,2009-03-31T07:00:00-00:00,2031-01-01T07:59:59-00:00,2009-03-31T00:00:00,2030-12-31T23:59:59
AS_NP15,POE1_7_B1,AS_NP15,,2009-03-31T07:00:00-00:00,2031-01-01T07:59:59-00:00,2009-03-31T00:00:00,2030-12-31T23:59:59
AS_NP15,POE2_7_B1,AS_NP15,,2009-03-31T07:00:00-00:00,2031-01-01T07:59:59-00:00,2009-03-31T00:00:00,2030-12-31T23:59:59
AS_NP15,POE_2_B1,AS_NP15,,2017-08-17T07:00:00-00:00,2031-01-01T07:59:59-00:00,2017-08-17T00:00:00,2030-12-31T23:59:59
AS_NP15,POLPASPP_6_N002,AS_NP15,,2009-03-31T07:00:00-00:00,2031-01-01T07:59:59-00:00,2009-03-31T00:00:00,2030-12-31T23:59:59
AS_NP15,POST_1_N001,AS_NP15,,2009-03-31T07:00:00-00:00,2031-01-01T07:59:59-00:00,2009-03-31T00:00:00,2030-12-31T23:59:59
AS_NP15,POTRERO_1_N001,AS_NP15,,2009-03-31T07:00:00-00:00,2031-01-01T07:59:59-00:00,2009-03-31T00:00:00,2030-12-31T23:59:59
AS_NP15,POTRERO_1_N013,AS_NP15,,2009-03-31T07:00:00-00:00,2031-01-01T07:59:59-00:00,2009-03-31T00:00:00,2030-12-31T23:59:59
AS_NP15,POTRERO_1_N016,AS_NP15,,2009-03-31T07:00:00-00:00,2031-01-01T07:59:59-00:00,2009-03-31T00:00:00,2030-12-31T23:59:59
AS_NP15,POTRERO_1_N049,AS_NP15,,2009-06-25T07:00:00-00:00,2031-01-01T07:59:59-00:00,2009-06-25T00:00:00,2030-12-31T23:59:59
AS_NP15,POTTRVLY_7_N001,AS_NP15,,2009-03-31T07:00:00-00:00,2031-01-01T07:59:59-00:00,2009-03-31T00:00:00,2030-12-31T23:59:59
AS_NP15,POTTRVLY_7_N002,AS_NP15,,2009-03-31T07:00:00-00:00,2031-01-01T07:59:59-00:00,2009-03-31T00:00:00,2030-12-31T23:59:59
AS_NP15,POTTRVLY_7_N003,AS_NP15,,2009-03-31T07:00:00-00:00,2031-01-01T07:59:59-00:00,2009-03-31T00:00:00,2030-12-31T23:59:59
AS_NP15,PPSTLTAP_1_N001,AS_NP15,,2009-03-31T07:00:00-00:00,2031-01-01T07:59:59-00:00,2009-03-31T00:00:00,2030-12-31T23:59:59
AS_NP15,PPSTLTAP_1_N104,AS_NP15,,2009-03-31T07:00:00-00:00,2031-01-01T07:59:59-00:00,2009-03-31T00:00:00,2030-12-31T23:59:59
AS_NP15,PRAXAIR_1_B1,AS_NP15,,2009-03-31T07:00:00-00:00,2031-01-01T07:59:59-00:00,2009-03-31T00:00:00,2030-12-31T23:59:59
AS_NP15,PRAXAIR_1_GN001,AS_NP15,,2009-12-17T08:00:00-00:00,2031-01-01T07:59:59-00:00,2009-12-17T00:00:00,2030-12-31T23:59:59
AS_NP15,PROXSR_7_N003,AS_NP15,,2025-05-13T07:00:00-00:00,2031-01-01T07:59:59-00:00,2025-05-13T00:00:00,2030-12-31T23:59:59
AS_NP15,PROXSR_7_N004,AS_NP15,,2025-05-13T07:00:00-00:00,2031-01-01T07:59:59-00:00,2025-05-13T00:00:00,2030-12-31T23:59:59
AS_NP15,PROXSR_7_N005,AS_NP15,,2025-05-13T07:00:00-00:00,2031-01-01T07:59:59-00:00,2025-05-13T00:00:00,2030-12-31T23:59:59
AS_NP15,PROXSR_7_N006,AS_NP15,,2025-05-13T07:00:00-00:00,2031-01-01T07:59:59-00:00,2025-05-13T00:00:00,2030-12-31T23:59:59
AS_NP15,PROXSR_7_N007,AS_NP15,,2025-05-13T07:00:00-00:00,2031-01-01T07:59:59-00:00,2025-05-13T00:00:00,2030-12-31T23:59:59
AS_NP15,PRTCSTA_6_N001,AS_NP15,,2009-03-31T07:00:00-00:00,2031-01-01T07:59:59-00:00,2009-03-31T00:00:00,2030-12-31T23:59:59
AS_NP15,PRUNEDLE_1_N001,AS_NP15,,2009-03-31T07:00:00-00:00,2031-01-01T07:59:59-00:00,2009-03-31T00:00:00,2030-12-31T23:59:59
AS_NP15,PRUNEDLE_1_N002,AS_NP15,,2009-03-31T07:00:00-00:00,2031-01-01T07:59:59-00:00,2009-03-31T00:00:00,2030-12-31T23:59:59
AS_NP15,PRUNEDLE_1_N004,AS_NP15,,2009-03-31T07:00:00-00:00,2031-01-01T07:59:59-00:00,2009-03-31T00:00:00,2030-12-31T23:59:59
AS_NP15,PSEUDO1B_1_N002,AS_NP15,,2009-03-31T07:00:00-00:00,2031-01-01T07:59:59-00:00,2009-03-31T00:00:00,2030-12-31T23:59:59
AS_NP15,PSEUDO1_1_N001,AS_NP15,,2009-06-25T07:00:00-00:00,2031-01-01T07:59:59-00:00,2009-06-25T00:00:00,2030-12-31T23:59:59
AS_NP15,PSEUDO4_1_N001,AS_NP15,,2009-03-31T07:00:00-00:00,2031-01-01T07:59:59-00:00,2009-03-31T00:00:00,2030-12-31T23:59:59
AS_NP15,PSQUINCY_6_GN001,AS_NP15,,2025-05-13T07:00:00-00:00,2031-01-01T07:59:59-00:00,2025-05-13T00:00:00,2030-12-31T23:59:59
AS_NP15,PSQUINCY_6_N001,AS_NP15,,2009-03-31T07:00:00-00:00,2031-01-01T07:59:59-00:00,2009-03-31T00:00:00,2030-12-31T23:59:59
AS_NP15,PSQUINCY_6_N005,AS_NP15,,2021-10-06T07:00:00-00:00,2031-01-01T07:59:59-00:00,2021-10-06T00:00:00,2030-12-31T23:59:59
AS_NP15,PSTCKTN_6_LN001,AS_NP15,,2014-04-17T07:00:00-00:00,2031-01-01T07:59:59-00:00,2014-04-17T00:00:00,2030-12-31T23:59:59
AS_NP15,PTHLGEN_7_N001,AS_NP15,,2015-10-22T07:00:00-00:00,2031-01-01T07:59:59-00:00,2015-10-22T00:00:00,2030-12-31T23:59:59
AS_NP15,PTHLGEN_7_N002,AS_NP15,,2025-05-13T07:00:00-00:00,2031-01-01T07:59:59-00:00,2025-05-13T00:00:00,2030-12-31T23:59:59
AS_NP15,PTMRTTI_6_N001,AS_NP15,,2009-03-31T07:00:00-00:00,2031-01-01T07:59:59-00:00,2009-03-31T00:00:00,2030-12-31T23:59:59
AS_NP15,PTRRO230_2_LD1CN,AS_NP15,,2021-03-17T07:00:00-00:00,2031-01-01T07:59:59-00:00,2021-03-17T00:00:00,2030-12-31T23:59:59
AS_NP15,PTS7SWNG_7_B2,AS_NP15,,2009-03-31T07:00:00-00:00,2031-01-01T07:59:59-00:00,2009-03-31T00:00:00,2030-12-31T23:59:59
AS_NP15,PTSB5_7_B2,AS_NP15,,2009-03-31T07:00:00-00:00,2031-01-01T07:59:59-00:00,2009-03-31T00:00:00,2030-12-31T23:59:59
AS_NP15,PTSB6_7_B2,AS_NP15,,2009-03-31T07:00:00-00:00,2031-01-01T07:59:59-00:00,2009-03-31T00:00:00,2030-12-31T23:59:59
AS_NP15,PTTRVLY_6_N001,AS_NP15,,2009-03-31T07:00:00-00:00,2031-01-01T07:59:59-00:00,2009-03-31T00:00:00,2030-12-31T23:59:59
AS_NP15,PUEBLOPG_1_N001,AS_NP15,,2023-11-15T08:00:00-00:00,2031-01-01T07:59:59-00:00,2023-11-15T00:00:00,2030-12-31T23:59:59
AS_NP15,PUEBLOPG_1_N010,AS_NP15,,2023-11-15T08:00:00-00:00,2031-01-01T07:59:59-00:00,2023-11-15T00:00:00,2030-12-31T23:59:59
AS_NP15,PUEBLOPG_1_NLD3,AS_NP15,,2022-06-15T07:00:00-00:00,2031-01-01T07:59:59-00:00,2022-06-15T00:00:00,2030-12-31T23:59:59
AS_NP15,PUTCR_7_N001,AS_NP15,,2014-11-13T08:00:00-00:00,2031-01-01T07:59:59-00:00,2014-11-13T00:00:00,2030-12-31T23:59:59
AS_NP15,PUTCR_7_N002,AS_NP15,,2025-05-13T07:00:00-00:00,2031-01-01T07:59:59-00:00,2025-05-13T00:00:00,2030-12-31T23:59:59
AS_NP15,PUTHCRK_1_N011,AS_NP15,,2021-10-06T07:00:00-00:00,2031-01-01T07:59:59-00:00,2021-10-06T00:00:00,2030-12-31T23:59:59
AS_NP15,PUTHCR_7_N004,AS_NP15,,2025-05-13T07:00:00-00:00,2031-01-01T07:59:59-00:00,2025-05-13T00:00:00,2030-12-31T23:59:59
AS_NP15,Q045CTG1_7_N001,AS_NP15,,2012-12-19T08:00:00-00:00,2031-01-01T07:59:59-00:00,2012-12-19T00:00:00,2030-12-31T23:59:59
AS_NP15,Q045CTG1_7_N002,AS_NP15,,2012-12-19T08:00:00-00:00,2031-01-01T07:59:59-00:00,2012-12-19T00:00:00,2030-12-31T23:59:59
AS_NP15,Q045CTG2_7_N001,AS_NP15,,2012-12-19T08:00:00-00:00,2031-01-01T07:59:59-00:00,2012-12-19T00:00:00,2030-12-31T23:59:59
AS_NP15,Q045CTG2_7_N002,AS_NP15,,2012-12-19T08:00:00-00:00,2031-01-01T07:59:59-00:00,2012-12-19T00:00:00,2030-12-31T23:59:59
AS_NP15,Q0577SS_2_B1,AS_NP15,,2015-06-19T07:00:00-00:00,2031-01-01T07:59:59-00:00,2015-06-19T00:00:00,2030-12-31T23:59:59
AS_NP15,Q067STG1_7_N001,AS_NP15,,2012-12-19T08:00:00-00:00,2031-01-01T07:59:59-00:00,2012-12-19T00:00:00,2030-12-31T23:59:59
AS_NP15,Q067STG1_7_N002,AS_NP15,,2012-12-19T08:00:00-00:00,2031-01-01T07:59:59-00:00,2012-12-19T00:00:00,2030-12-31T23:59:59
AS_NP15,Q1032C2_7_N001,AS_NP15,,2017-08-17T07:00:00-00:00,2031-01-01T07:59:59-00:00,2017-08-17T00:00:00,2030-12-31T23:59:59
AS_NP15,Q1032C2_7_N002,AS_NP15,,2017-08-17T07:00:00-00:00,2031-01-01T07:59:59-00:00,2017-08-17T00:00:00,2030-12-31T23:59:59
AS_NP15,Q1032C2_7_N003,AS_NP15,,2017-08-17T07:00:00-00:00,2031-01-01T07:59:59-00:00,2017-08-17T00:00:00,2030-12-31T23:59:59
AS_NP15,Q1032C2_7_N004,AS_NP15,,2017-08-17T07:00:00-00:00,2031-01-01T07:59:59-00:00,2017-08-17T00:00:00,2030-12-31T23:59:59
AS_NP15,Q477_7_B1,AS_NP15,,2025-05-13T07:00:00-00:00,2031-01-01T07:59:59-00:00,2025-05-13T00:00:00,2030-12-31T23:59:59
AS_NP15,Q477_7_ND002,AS_NP15,,2011-10-14T07:00:00-00:00,2031-01-01T07:59:59-00:00,2011-10-14T00:00:00,2030-12-31T23:59:59
AS_NP15,Q481_7_GN001,AS_NP15,,2023-05-05T07:00:00-00:00,2031-01-01T07:59:59-00:00,2023-05-05T00:00:00,2030-12-31T23:59:59
AS_NP15,Q526C2_7_N006,AS_NP15,,2017-08-17T07:00:00-00:00,2031-01-01T07:59:59-00:00,2017-08-17T00:00:00,2030-12-31T23:59:59
AS_NP15,Q526TP_6_B1,AS_NP15,,2017-08-17T07:00:00-00:00,2031-01-01T07:59:59-00:00,2017-08-17T00:00:00,2030-12-31T23:59:59
AS_NP15,Q532C2_7_N001,AS_NP15,,2025-05-13T07:00:00-00:00,2031-01-01T07:59:59-00:00,2025-05-13T00:00:00,2030-12-31T23:59:59
AS_NP15,Q548_7_N001,AS_NP15,,2025-05-13T07:00:00-00:00,2031-01-01T07:59:59-00:00,2025-05-13T00:00:00,2030-12-31T23:59:59
AS_NP15,Q607GEN_7_N002,AS_NP15,,2015-01-15T08:00:00-00:00,2031-01-01T07:59:59-00:00,2015-01-15T00:00:00,2030-12-31T23:59:59
AS_NP15,Q643G_6_N002,AS_NP15,,2014-08-28T07:00:00-00:00,2031-01-01T07:59:59-00:00,2014-08-28T00:00:00,2030-12-31T23:59:59
AS_NP15,Q643G_7_N001,AS_NP15,,2025-05-13T07:00:00-00:00,2031-01-01T07:59:59-00:00,2025-05-13T00:00:00,2030-12-31T23:59:59
AS_NP15,Q643WC2_7_N001,AS_NP15,,2025-05-13T07:00:00-00:00,2031-01-01T07:59:59-00:00,2025-05-13T00:00:00,2030-12-31T23:59:59
AS_NP15,Q643WC2_7_N002,AS_NP15,,2017-05-01T07:00:00-00:00,2031-01-01T07:59:59-00:00,2017-05-01T00:00:00,2030-12-31T23:59:59
AS_NP15,Q643WC2_7_N003,AS_NP15,,2025-05-13T07:00:00-00:00,2031-01-01T07:59:59-00:00,2025-05-13T00:00:00,2030-12-31T23:59:59
AS_NP15,Q643W_7_N004,AS_NP15,,2025-05-13T07:00:00-00:00,2031-01-01T07:59:59-00:00,2025-05-13T00:00:00,2030-12-31T23:59:59
AS_NP15,Q643XC2_7_N001,AS_NP15,,2017-08-17T07:00:00-00:00,2031-01-01T07:59:59-00:00,2017-08-17T00:00:00,2030-12-31T23:59:59
AS_NP15,Q643XC2_7_N002,AS_NP15,,2025-05-13T07:00:00-00:00,2031-01-01T07:59:59-00:00,2025-05-13T00:00:00,2030-12-31T23:59:59
AS_NP15,Q678C2_7_N001,AS_NP15,,2017-08-17T07:00:00-00:00,2031-01-01T07:59:59-00:00,2017-08-17T00:00:00,2030-12-31T23:59:59
AS_NP15,Q678SS_1_B1,AS_NP15,,2017-08-17T07:00:00-00:00,2031-01-01T07:59:59-00:00,2017-08-17T00:00:00,2030-12-31T23:59:59
AS_NP15,Q679C2_7_N001,AS_NP15,,2017-08-17T07:00:00-00:00,2031-01-01T07:59:59-00:00,2017-08-17T00:00:00,2030-12-31T23:59:59
AS_NP15,Q723EQ2_7_N001,AS_NP15,,2025-05-13T07:00:00-00:00,2031-01-01T07:59:59-00:00,2025-05-13T00:00:00,2030-12-31T23:59:59
AS_NP15,Q829GEN_7_N001,AS_NP15,,2016-02-11T08:00:00-00:00,2031-01-01T07:59:59-00:00,2016-02-11T00:00:00,2030-12-31T23:59:59
AS_NP15,Q829GEN_7_N002,AS_NP15,,2016-02-11T08:00:00-00:00,2031-01-01T07:59:59-00:00,2016-02-11T00:00:00,2030-12-31T23:59:59
AS_NP15,Q965C2_7_N001,AS_NP15,,2025-05-13T07:00:00-00:00,2031-01-01T07:59:59-00:00,2025-05-13T00:00:00,2030-12-31T23:59:59
AS_NP15,RADUM_6_N001,AS_NP15,,2009-03-31T07:00:00-00:00,2031-01-01T07:59:59-00:00,2009-03-31T00:00:00,2030-12-31T23:59:59
AS_NP15,RADUM_6_N004,AS_NP15,,2009-03-31T07:00:00-00:00,2031-01-01T07:59:59-00:00,2009-03-31T00:00:00,2030-12-31T23:59:59
AS_NP15,RAILRC_1_B2,AS_NP15,,2022-03-17T07:00:00-00:00,2031-01-01T07:59:59-00:00,2022-03-17T00:00:00,2030-12-31T23:59:59
AS_NP15,RAINBOW_1_N001,AS_NP15,,2009-03-31T07:00:00-00:00,2031-01-01T07:59:59-00:00,2009-03-31T00:00:00,2030-12-31T23:59:59
AS_NP15,RALSTON_2_B1,AS_NP15,,2017-08-17T07:00:00-00:00,2031-01-01T07:59:59-00:00,2017-08-17T00:00:00,2030-12-31T23:59:59
AS_NP15,RALSTON_6_N001,AS_NP15,,2009-03-31T07:00:00-00:00,2031-01-01T07:59:59-00:00,2009-03-31T00:00:00,2030-12-31T23:59:59
AS_NP15,RALSTON_6_N002,AS_NP15,,2009-03-31T07:00:00-00:00,2031-01-01T07:59:59-00:00,2009-03-31T00:00:00,2030-12-31T23:59:59
AS_NP15,RALSTON_7_B1,AS_NP15,,2009-03-31T07:00:00-00:00,2031-01-01T07:59:59-00:00,2009-03-31T00:00:00,2030-12-31T23:59:59
AS_NP15,RALSTTPB_6_N008,AS_NP15,,2011-08-12T07:00:00-00:00,2031-01-01T07:59:59-00:00,2011-08-12T00:00:00,2030-12-31T23:59:59
AS_NP15,RANCHRS_1_N001,AS_NP15,,2009-03-31T07:00:00-00:00,2031-01-01T07:59:59-00:00,2009-03-31T00:00:00,2030-12-31T23:59:59
AS_NP15,RAWSON_6_N001,AS_NP15,,2009-03-31T07:00:00-00:00,2031-01-01T07:59:59-00:00,2009-03-31T00:00:00,2030-12-31T23:59:59
AS_NP15,RAWSON_6_N002,AS_NP15,,2009-03-31T07:00:00-00:00,2031-01-01T07:59:59-00:00,2009-03-31T00:00:00,2030-12-31T23:59:59
AS_NP15,RAYCHEM_6_N001,AS_NP15,,2009-03-31T07:00:00-00:00,2031-01-01T07:59:59-00:00,2009-03-31T00:00:00,2030-12-31T23:59:59
AS_NP15,RDBLFPP_6_N001,AS_NP15,,2012-03-22T07:00:00-00:00,2031-01-01T07:59:59-00:00,2012-03-22T00:00:00,2030-12-31T23:59:59
AS_NP15,RDWDLNDF_7_N001,AS_NP15,,2025-05-13T07:00:00-00:00,2031-01-01T07:59:59-00:00,2025-05-13T00:00:00,2030-12-31T23:59:59
AS_NP15,REDBLFF_6_N001,AS_NP15,,2009-03-31T07:00:00-00:00,2031-01-01T07:59:59-00:00,2009-03-31T00:00:00,2030-12-31T23:59:59
AS_NP15,REDBLFF_6_N004,AS_NP15,,2009-03-31T07:00:00-00:00,2031-01-01T07:59:59-00:00,2009-03-31T00:00:00,2030-12-31T23:59:59
AS_NP15,REDBLFF_6_N005,AS_NP15,,2009-03-31T07:00:00-00:00,2031-01-01T07:59:59-00:00,2009-03-31T00:00:00,2030-12-31T23:59:59
AS_NP15,REDBLFF_6_N008,AS_NP15,,2012-06-14T07:00:00-00:00,2031-01-01T07:59:59-00:00,2012-06-14T00:00:00,2030-12-31T23:59:59
AS_NP15,REDBUD_1_N001,AS_NP15,,2009-03-31T07:00:00-00:00,2031-01-01T07:59:59-00:00,2009-03-31T00:00:00,2030-12-31T23:59:59
AS_NP15,REDBUD_1_N004,AS_NP15,,2009-03-31T07:00:00-00:00,2031-01-01T07:59:59-00:00,2009-03-31T00:00:00,2030-12-31T23:59:59
AS_NP15,REDWOOD_6_N001,AS_NP15,,2009-03-31T07:00:00-00:00,2031-01-01T07:59:59-00:00,2009-03-31T00:00:00,2030-12-31T23:59:59
AS_NP15,REDWOOD_6_N002,AS_NP15,,2009-03-31T07:00:00-00:00,2031-01-01T07:59:59-00:00,2009-03-31T00:00:00,2030-12-31T23:59:59
AS_NP15,REDWOOD_6_N005,AS_NP15,,2009-03-31T07:00:00-00:00,2031-01-01T07:59:59-00:00,2009-03-31T00:00:00,2030-12-31T23:59:59
AS_NP15,REDWOOD_6_N006,AS_NP15,,2009-03-31T07:00:00-00:00,2031-01-01T07:59:59-00:00,2009-03-31T00:00:00,2030-12-31T23:59:59
AS_NP15,REDWOOD_6_N007,AS_NP15,,2009-03-31T07:00:00-00:00,2031-01-01T07:59:59-00:00,2009-03-31T00:00:00,2030-12-31T23:59:59
AS_NP15,REEDLEY_1_N001,AS_NP15,,2012-03-22T07:00:00-00:00,2031-01-01T07:59:59-00:00,2012-03-22T00:00:00,2030-12-31T23:59:59
AS_NP15,REEDLEY_6_N001,AS_NP15,,2013-07-18T07:00:00-00:00,2031-01-01T07:59:59-00:00,2013-07-18T00:00:00,2030-12-31T23:59:59
AS_NP15,REEDLEY_7_N002,AS_NP15,,2025-05-13T07:00:00-00:00,2031-01-01T07:59:59-00:00,2025-05-13T00:00:00,2030-12-31T23:59:59
AS_NP15,RESERVE_6_N001,AS_NP15,,2009-03-31T07:00:00-00:00,2031-01-01T07:59:59-00:00,2009-03-31T00:00:00,2030-12-31T23:59:59
AS_NP15,RICE_6_N002,AS_NP15,,2009-03-31T07:00:00-00:00,2031-01-01T07:59:59-00:00,2009-03-31T00:00:00,2030-12-31T23:59:59
AS_NP15,RICE_6_N101,AS_NP15,,2009-03-31T07:00:00-00:00,2031-01-01T07:59:59-00:00,2009-03-31T00:00:00,2030-12-31T23:59:59
AS_NP15,RICHGEN_7_N001,AS_NP15,,2016-02-11T08:00:00-00:00,2031-01-01T07:59:59-00:00,2016-02-11T00:00:00,2030-12-31T23:59:59
AS_NP15,RICHGEN_7_N002,AS_NP15,,2025-05-13T07:00:00-00:00,2031-01-01T07:59:59-00:00,2025-05-13T00:00:00,2030-12-31T23:59:59
AS_NP15,RICHGN2_7_N001,AS_NP15,,2025-05-13T07:00:00-00:00,2031-01-01T07:59:59-00:00,2025-05-13T00:00:00,2030-12-31T23:59:59
AS_NP15,RICHMOND_1_B1,AS_NP15,,2013-07-18T07:00:00-00:00,2031-01-01T07:59:59-00:00,2013-07-18T00:00:00,2030-12-31T23:59:59
AS_NP15,RICHMOND_1_GN001,AS_NP15,,2009-12-17T08:00:00-00:00,2031-01-01T07:59:59-00:00,2009-12-17T00:00:00,2030-12-31T23:59:59
AS_NP15,RICHMOND_1_N001,AS_NP15,,2013-09-19T07:00:00-00:00,2031-01-01T07:59:59-00:00,2013-09-19T00:00:00,2030-12-31T23:59:59
AS_NP15,RICHMOND_1_N004,AS_NP15,,2025-05-13T07:00:00-00:00,2031-01-01T07:59:59-00:00,2025-05-13T00:00:00,2030-12-31T23:59:59
AS_NP15,RINCON_1_N001,AS_NP15,,2009-03-31T07:00:00-00:00,2031-01-01T07:59:59-00:00,2009-03-31T00:00:00,2030-12-31T23:59:59
AS_NP15,RINCON_1_N003,AS_NP15,,2009-03-31T07:00:00-00:00,2031-01-01T07:59:59-00:00,2009-03-31T00:00:00,2030-12-31T23:59:59
AS_NP15,RIODELL_6_N001,AS_NP15,,2009-03-31T07:00:00-00:00,2031-01-01T07:59:59-00:00,2009-03-31T00:00:00,2030-12-31T23:59:59
AS_NP15,RIODELL_6_N005,AS_NP15,,2024-05-15T07:00:00-00:00,2031-01-01T07:59:59-00:00,2024-05-15T00:00:00,2030-12-31T23:59:59
AS_NP15,RIODELL_6_N009,AS_NP15,,2024-05-15T07:00:00-00:00,2031-01-01T07:59:59-00:00,2024-05-15T00:00:00,2030-12-31T23:59:59
AS_NP15,RIODLLTP_6_B1,AS_NP15,,2017-08-17T07:00:00-00:00,2031-01-01T07:59:59-00:00,2017-08-17T00:00:00,2030-12-31T23:59:59
AS_NP15,RIOOSO_1_N033,AS_NP15,,2025-05-13T07:00:00-00:00,2031-01-01T07:59:59-00:00,2025-05-13T00:00:00,2030-12-31T23:59:59
AS_NP15,RIPONGEN_7_N021,AS_NP15,,2025-12-17T08:00:00-00:00,2031-01-01T07:59:59-00:00,2025-12-17T00:00:00,2030-12-31T23:59:59
AS_NP15,RIPON_1_N001,AS_NP15,,2025-12-17T08:00:00-00:00,2031-01-01T07:59:59-00:00,2025-12-17T00:00:00,2030-12-31T23:59:59
AS_NP15,RIPON_1_N008,AS_NP15,,2016-05-19T07:00:00-00:00,2031-01-01T07:59:59-00:00,2016-05-19T00:00:00,2030-12-31T23:59:59
AS_NP15,RIVERROC_6_N001,AS_NP15,,2009-03-31T07:00:00-00:00,2031-01-01T07:59:59-00:00,2009-03-31T00:00:00,2030-12-31T23:59:59
AS_NP15,RIVERVEW_1_N003,AS_NP15,,2009-06-25T07:00:00-00:00,2031-01-01T07:59:59-00:00,2009-06-25T00:00:00,2030-12-31T23:59:59
AS_NP15,RIVERVG1_7_B1,AS_NP15,,2009-03-31T07:00:00-00:00,2031-01-01T07:59:59-00:00,2009-03-31T00:00:00,2030-12-31T23:59:59
AS_NP15,RIVRBANK_1_N001,AS_NP15,,2009-03-31T07:00:00-00:00,2031-01-01T07:59:59-00:00,2009-03-31T00:00:00,2030-12-31T23:59:59
AS_NP15,ROBROY_1_N001,AS_NP15,,2009-03-31T07:00:00-00:00,2031-01-01T07:59:59-00:00,2009-03-31T00:00:00,2030-12-31T23:59:59
AS_NP15,ROCKCK1_7_B1,AS_NP15,,2022-03-17T07:00:00-00:00,2031-01-01T07:59:59-00:00,2022-03-17T00:00:00,2030-12-31T23:59:59
AS_NP15,ROCKCK2_7_B1,AS_NP15,,2022-03-17T07:00:00-00:00,2031-01-01T07:59:59-00:00,2022-03-17T00:00:00,2030-12-31T23:59:59
AS_NP15,ROCKCRK_2_B1,AS_NP15,,2017-08-17T07:00:00-00:00,2031-01-01T07:59:59-00:00,2017-08-17T00:00:00,2030-12-31T23:59:59
AS_NP15,ROCKCRK_2_B11,AS_NP15,,2017-08-17T07:00:00-00:00,2031-01-01T07:59:59-00:00,2017-08-17T00:00:00,2030-12-31T23:59:59
AS_NP15,ROCKLIN_6_N001,AS_NP15,,2009-03-31T07:00:00-00:00,2031-01-01T07:59:59-00:00,2009-03-31T00:00:00,2030-12-31T23:59:59
AS_NP15,ROCKLIN_6_N003,AS_NP15,,2009-03-31T07:00:00-00:00,2031-01-01T07:59:59-00:00,2009-03-31T00:00:00,2030-12-31T23:59:59
AS_NP15,ROGH-RDY_6_N001,AS_NP15,,2009-03-31T07:00:00-00:00,2031-01-01T07:59:59-00:00,2009-03-31T00:00:00,2030-12-31T23:59:59
AS_NP15,ROLLINSF_7_B1,AS_NP15,,2025-05-13T07:00:00-00:00,2031-01-01T07:59:59-00:00,2025-05-13T00:00:00,2030-12-31T23:59:59
AS_NP15,ROSSMOOR_2_N001,AS_NP15,,2009-03-31T07:00:00-00:00,2031-01-01T07:59:59-00:00,2009-03-31T00:00:00,2030-12-31T23:59:59
AS_NP15,ROSSMOOR_2_N101,AS_NP15,,2009-03-31T07:00:00-00:00,2031-01-01T07:59:59-00:00,2009-03-31T00:00:00,2030-12-31T23:59:59
AS_NP15,ROUNDMT_2_B1,AS_NP15,,2017-08-17T07:00:00-00:00,2031-01-01T07:59:59-00:00,2017-08-17T00:00:00,2030-12-31T23:59:59
AS_NP15,ROUNDMT_2_N034,AS_NP15,,2025-05-13T07:00:00-00:00,2031-01-01T07:59:59-00:00,2025-05-13T00:00:00,2030-12-31T23:59:59
AS_NP15,RSVTNRD_6_N001,AS_NP15,,2009-03-31T07:00:00-00:00,2031-01-01T07:59:59-00:00,2009-03-31T00:00:00,2030-12-31T23:59:59
AS_NP15,RTRACK_1_N001,AS_NP15,,2009-03-31T07:00:00-00:00,2031-01-01T07:59:59-00:00,2009-03-31T00:00:00,2030-12-31T23:59:59
AS_NP15,RUSCTY_2_UNITS-APND,AS_NP15,,2013-04-01T07:00:00-00:00,2031-01-01T07:59:59-00:00,2013-04-01T00:00:00,2030-12-31T23:59:59
AS_NP15,RUSSELL_2_SOLANO1-APND,AS_NP15,,2023-10-05T07:00:00-00:00,2031-01-01T07:59:59-00:00,2023-10-05T00:00:00,2030-12-31T23:59:59
AS_NP15,RUSSEL_7_NSMUD,AS_NP15,,2023-10-04T07:00:00-00:00,2031-01-01T07:59:59-00:00,2023-10-04T00:00:00,2030-12-31T23:59:59
AS_NP15,RUSSEL_7_NSMUD2,AS_NP15,,2023-10-04T07:00:00-00:00,2031-01-01T07:59:59-00:00,2023-10-04T00:00:00,2030-12-31T23:59:59
AS_NP15,RUSSRCH_6_N001,AS_NP15,,2009-03-31T07:00:00-00:00,2031-01-01T07:59:59-00:00,2009-03-31T00:00:00,2030-12-31T23:59:59
AS_NP15,RVRBANK_1_N001,AS_NP15,,2009-03-31T07:00:00-00:00,2031-01-01T07:59:59-00:00,2009-03-31T00:00:00,2030-12-31T23:59:59
AS_NP15,RVRBANK_1_N005,AS_NP15,,2009-03-31T07:00:00-00:00,2031-01-01T07:59:59-00:00,2009-03-31T00:00:00,2030-12-31T23:59:59
AS_NP15,RVRBANK_1_N010,AS_NP15,,2023-05-05T07:00:00-00:00,2031-01-01T07:59:59-00:00,2023-05-05T00:00:00,2030-12-31T23:59:59
AS_NP15,S625_7_N001,AS_NP15,,2025-05-13T07:00:00-00:00,2031-01-01T07:59:59-00:00,2025-05-13T00:00:00,2030-12-31T23:59:59
AS_NP15,S632_6_B1,AS_NP15,,2017-08-17T07:00:00-00:00,2031-01-01T07:59:59-00:00,2017-08-17T00:00:00,2030-12-31T23:59:59
AS_NP15,S632_7_N001,AS_NP15,,2014-08-28T07:00:00-00:00,2031-01-01T07:59:59-00:00,2014-08-28T00:00:00,2030-12-31T23:59:59
AS_NP15,S636_7_N001,AS_NP15,,2025-05-13T07:00:00-00:00,2031-01-01T07:59:59-00:00,2025-05-13T00:00:00,2030-12-31T23:59:59
AS_NP15,S650ABS_7_NSR1,AS_NP15,,2025-05-13T07:00:00-00:00,2031-01-01T07:59:59-00:00,2025-05-13T00:00:00,2030-12-31T23:59:59
AS_NP15,S650AB_7_N001,AS_NP15,,2025-05-13T07:00:00-00:00,2031-01-01T07:59:59-00:00,2025-05-13T00:00:00,2030-12-31T23:59:59
AS_NP15,SAFEWAY_1_N001,AS_NP15,,2009-03-31T07:00:00-00:00,2031-01-01T07:59:59-00:00,2009-03-31T00:00:00,2030-12-31T23:59:59
AS_NP15,SALINAS_1_N001,AS_NP15,,2009-03-31T07:00:00-00:00,2031-01-01T07:59:59-00:00,2009-03-31T00:00:00,2030-12-31T23:59:59
AS_NP15,SALINAS_1_N024,AS_NP15,,2009-03-31T07:00:00-00:00,2031-01-01T07:59:59-00:00,2009-03-31T00:00:00,2030-12-31T23:59:59
AS_NP15,SALNRGN_7_B1,AS_NP15,,2009-06-25T07:00:00-00:00,2031-01-01T07:59:59-00:00,2009-06-25T00:00:00,2030-12-31T23:59:59
AS_NP15,SALTSPRG_7_N001,AS_NP15,,2009-03-31T07:00:00-00:00,2031-01-01T07:59:59-00:00,2009-03-31T00:00:00,2030-12-31T23:59:59
AS_NP15,SALTSPS_7_B1,AS_NP15,,2023-05-05T07:00:00-00:00,2031-01-01T07:59:59-00:00,2023-05-05T00:00:00,2030-12-31T23:59:59
AS_NP15,SALTSPS_7_B3,AS_NP15,,2023-05-05T07:00:00-00:00,2031-01-01T07:59:59-00:00,2023-05-05T00:00:00,2030-12-31T23:59:59
AS_NP15,SALTSP_7_UNITS-APND,AS_NP15,,2009-03-31T07:00:00-00:00,2031-01-01T07:59:59-00:00,2009-03-31T00:00:00,2030-12-31T23:59:59
AS_NP15,SANARDO_6_N001,AS_NP15,,2009-03-31T07:00:00-00:00,2031-01-01T07:59:59-00:00,2009-03-31T00:00:00,2030-12-31T23:59:59
AS_NP15,SANCRLS_6_N001,AS_NP15,,2009-03-31T07:00:00-00:00,2031-01-01T07:59:59-00:00,2009-03-31T00:00:00,2030-12-31T23:59:59
AS_NP15,SANCRLS_6_N002,AS_NP15,,2009-03-31T07:00:00-00:00,2031-01-01T07:59:59-00:00,2009-03-31T00:00:00,2030-12-31T23:59:59
AS_NP15,SANCRLS_6_N004,AS_NP15,,2009-03-31T07:00:00-00:00,2031-01-01T07:59:59-00:00,2009-03-31T00:00:00,2030-12-31T23:59:59
AS_NP15,SANDBAR_7_B1,AS_NP15,,2009-03-31T07:00:00-00:00,2031-01-01T07:59:59-00:00,2009-03-31T00:00:00,2030-12-31T23:59:59
AS_NP15,SANDCRK_6_N001,AS_NP15,,2009-03-31T07:00:00-00:00,2031-01-01T07:59:59-00:00,2009-03-31T00:00:00,2030-12-31T23:59:59
AS_NP15,SANGERCO_7_B1,AS_NP15,,2012-03-22T07:00:00-00:00,2031-01-01T07:59:59-00:00,2012-03-22T00:00:00,2030-12-31T23:59:59
AS_NP15,SANGER_1_N001,AS_NP15,,2022-01-14T08:00:00-00:00,2031-01-01T07:59:59-00:00,2022-01-14T00:00:00,2030-12-31T23:59:59
AS_NP15,SANGER_1_N009,AS_NP15,,2022-01-14T08:00:00-00:00,2031-01-01T07:59:59-00:00,2022-01-14T00:00:00,2030-12-31T23:59:59
AS_NP15,SANJOQN_6_N001,AS_NP15,,2009-03-31T07:00:00-00:00,2031-01-01T07:59:59-00:00,2009-03-31T00:00:00,2030-12-31T23:59:59
AS_NP15,SANJOQN_6_N006,AS_NP15,,2022-06-15T07:00:00-00:00,2031-01-01T07:59:59-00:00,2022-06-15T00:00:00,2030-12-31T23:59:59
AS_NP15,SANJOQN_7_N001,AS_NP15,,2025-05-13T07:00:00-00:00,2031-01-01T07:59:59-00:00,2025-05-13T00:00:00,2030-12-31T23:59:59
AS_NP15,SANLEA_7_N001,AS_NP15,,2025-10-15T07:00:00-00:00,2031-01-01T07:59:59-00:00,2025-10-15T00:00:00,2030-12-31T23:59:59
AS_NP15,SANLUIS2_7_B1,AS_NP15,,2009-03-31T07:00:00-00:00,2031-01-01T07:59:59-00:00,2009-03-31T00:00:00,2030-12-31T23:59:59
AS_NP15,SANLUIS2_7_B3,AS_NP15,,2009-03-31T07:00:00-00:00,2031-01-01T07:59:59-00:00,2009-03-31T00:00:00,2030-12-31T23:59:59
AS_NP15,SANLUIS2_7_N001,AS_NP15,,2011-12-21T08:00:00-00:00,2031-01-01T07:59:59-00:00,2011-12-21T00:00:00,2030-12-31T23:59:59
AS_NP15,SANLUIS2_7_N002,AS_NP15,,2011-12-21T08:00:00-00:00,2031-01-01T07:59:59-00:00,2011-12-21T00:00:00,2030-12-31T23:59:59
AS_NP15,SANLUIS4_7_B1,AS_NP15,,2009-03-31T07:00:00-00:00,2031-01-01T07:59:59-00:00,2009-03-31T00:00:00,2030-12-31T23:59:59
AS_NP15,SANLUIS4_7_B3,AS_NP15,,2009-03-31T07:00:00-00:00,2031-01-01T07:59:59-00:00,2009-03-31T00:00:00,2030-12-31T23:59:59
AS_NP15,SANLUIS4_7_N001,AS_NP15,,2011-12-21T08:00:00-00:00,2031-01-01T07:59:59-00:00,2011-12-21T00:00:00,2030-12-31T23:59:59
AS_NP15,SANLUIS4_7_N002,AS_NP15,,2011-12-21T08:00:00-00:00,2031-01-01T07:59:59-00:00,2011-12-21T00:00:00,2030-12-31T23:59:59
AS_NP15,SANLUIS6_7_B1,AS_NP15,,2009-03-31T07:00:00-00:00,2031-01-01T07:59:59-00:00,2009-03-31T00:00:00,2030-12-31T23:59:59
AS_NP15,SANLUIS6_7_B3,AS_NP15,,2009-03-31T07:00:00-00:00,2031-01-01T07:59:59-00:00,2009-03-31T00:00:00,2030-12-31T23:59:59
AS_NP15,SANLUIS6_7_N001,AS_NP15,,2011-12-21T08:00:00-00:00,2031-01-01T07:59:59-00:00,2011-12-21T00:00:00,2030-12-31T23:59:59
AS_NP15,SANLUIS6_7_N002,AS_NP15,,2011-12-21T08:00:00-00:00,2031-01-01T07:59:59-00:00,2011-12-21T00:00:00,2030-12-31T23:59:59
AS_NP15,SANLUIS8_7_B1,AS_NP15,,2009-03-31T07:00:00-00:00,2031-01-01T07:59:59-00:00,2009-03-31T00:00:00,2030-12-31T23:59:59
AS_NP15,SANLUIS8_7_B3,AS_NP15,,2009-03-31T07:00:00-00:00,2031-01-01T07:59:59-00:00,2009-03-31T00:00:00,2030-12-31T23:59:59
AS_NP15,SANLUIS8_7_N001,AS_NP15,,2011-12-21T08:00:00-00:00,2031-01-01T07:59:59-00:00,2011-12-21T00:00:00,2030-12-31T23:59:59
AS_NP15,SANLUIS8_7_N002,AS_NP15,,2011-12-21T08:00:00-00:00,2031-01-01T07:59:59-00:00,2011-12-21T00:00:00,2030-12-31T23:59:59
AS_NP15,SANMATEO_1_N001A,AS_NP15,,2016-05-19T07:00:00-00:00,2031-01-01T07:59:59-00:00,2016-05-19T00:00:00,2030-12-31T23:59:59
AS_NP15,SANMATO_6_N001,AS_NP15,,2009-03-31T07:00:00-00:00,2031-01-01T07:59:59-00:00,2009-03-31T00:00:00,2030-12-31T23:59:59
AS_NP15,SANPBLO_1_N001,AS_NP15,,2009-03-31T07:00:00-00:00,2031-01-01T07:59:59-00:00,2009-03-31T00:00:00,2030-12-31T23:59:59
AS_NP15,SANRAFL_1_N001,AS_NP15,,2009-03-31T07:00:00-00:00,2031-01-01T07:59:59-00:00,2009-03-31T00:00:00,2030-12-31T23:59:59
AS_NP15,SANRAFL_1_N006,AS_NP15,,2009-03-31T07:00:00-00:00,2031-01-01T07:59:59-00:00,2009-03-31T00:00:00,2030-12-31T23:59:59
AS_NP15,SANRAFL_1_N007,AS_NP15,,2009-03-31T07:00:00-00:00,2031-01-01T07:59:59-00:00,2009-03-31T00:00:00,2030-12-31T23:59:59
AS_NP15,SANRAMON_2_N001,AS_NP15,,2009-03-31T07:00:00-00:00,2031-01-01T07:59:59-00:00,2009-03-31T00:00:00,2030-12-31T23:59:59
AS_NP15,SANRAMON_2_N004,AS_NP15,,2009-03-31T07:00:00-00:00,2031-01-01T07:59:59-00:00,2009-03-31T00:00:00,2030-12-31T23:59:59
AS_NP15,SANRAMON_2_N023,AS_NP15,,2009-03-31T07:00:00-00:00,2031-01-01T07:59:59-00:00,2009-03-31T00:00:00,2030-12-31T23:59:59
AS_NP15,SANRAMON_2_N024,AS_NP15,,2009-03-31T07:00:00-00:00,2031-01-01T07:59:59-00:00,2009-03-31T00:00:00,2030-12-31T23:59:59
AS_NP15,SANTAFE_7_B1,AS_NP15,,2009-03-31T07:00:00-00:00,2031-01-01T07:59:59-00:00,2009-03-31T00:00:00,2030-12-31T23:59:59
AS_NP15,SANTAFE_7_B11,AS_NP15,,2009-03-31T07:00:00-00:00,2031-01-01T07:59:59-00:00,2009-03-31T00:00:00,2030-12-31T23:59:59
AS_NP15,SANTFG_7_UNITS-APND,AS_NP15,,2009-03-31T07:00:00-00:00,2031-01-01T07:59:59-00:00,2009-03-31T00:00:00,2030-12-31T23:59:59
AS_NP15,SANTOMAS_6_N001,AS_NP15,,2024-08-28T07:00:00-00:00,2031-01-01T07:59:59-00:00,2024-08-28T00:00:00,2030-12-31T23:59:59
AS_NP15,SANTOMAS_6_N002,AS_NP15,,2024-08-28T07:00:00-00:00,2031-01-01T07:59:59-00:00,2024-08-28T00:00:00,2030-12-31T23:59:59
AS_NP15,SANTOMAS_6_N003,AS_NP15,,2024-08-28T07:00:00-00:00,2031-01-01T07:59:59-00:00,2024-08-28T00:00:00,2030-12-31T23:59:59
AS_NP15,SARATOGA_2_N001,AS_NP15,,2009-03-31T07:00:00-00:00,2031-01-01T07:59:59-00:00,2009-03-31T00:00:00,2030-12-31T23:59:59
AS_NP15,SARATOGA_2_N006,AS_NP15,,2009-03-31T07:00:00-00:00,2031-01-01T07:59:59-00:00,2009-03-31T00:00:00,2030-12-31T23:59:59
AS_NP15,SARATOGA_2_N011,AS_NP15,,2009-03-31T07:00:00-00:00,2031-01-01T07:59:59-00:00,2009-03-31T00:00:00,2030-12-31T23:59:59
AS_NP15,SAUSALTO_6_N001,AS_NP15,,2009-03-31T07:00:00-00:00,2031-01-01T07:59:59-00:00,2009-03-31T00:00:00,2030-12-31T23:59:59
AS_NP15,SAUSALTO_6_N002,AS_NP15,,2009-03-31T07:00:00-00:00,2031-01-01T07:59:59-00:00,2009-03-31T00:00:00,2030-12-31T23:59:59
AS_NP15,SAXONCRK_6_N001,AS_NP15,,2009-03-31T07:00:00-00:00,2031-01-01T07:59:59-00:00,2009-03-31T00:00:00,2030-12-31T23:59:59
AS_NP15,SC21ATP_6_B1,AS_NP15,,2017-08-17T07:00:00-00:00,2031-01-01T07:59:59-00:00,2017-08-17T00:00:00,2030-12-31T23:59:59
AS_NP15,SCARLT_7_CN1,AS_NP15,,2025-05-13T07:00:00-00:00,2031-01-01T07:59:59-00:00,2025-05-13T00:00:00,2030-12-31T23:59:59
AS_NP15,SCARLT_7_CN2,AS_NP15,,2025-05-13T07:00:00-00:00,2031-01-01T07:59:59-00:00,2025-05-13T00:00:00,2030-12-31T23:59:59
AS_NP15,SCARLT_7_N001,AS_NP15,,2025-05-13T07:00:00-00:00,2031-01-01T07:59:59-00:00,2025-05-13T00:00:00,2030-12-31T23:59:59
AS_NP15,SCARLT_7_N002,AS_NP15,,2025-05-13T07:00:00-00:00,2031-01-01T07:59:59-00:00,2025-05-13T00:00:00,2030-12-31T23:59:59
AS_NP15,SCARLT_7_N005,AS_NP15,,2025-05-13T07:00:00-00:00,2031-01-01T07:59:59-00:00,2025-05-13T00:00:00,2030-12-31T23:59:59
AS_NP15,SCARLT_7_N010,AS_NP15,,2025-05-13T07:00:00-00:00,2031-01-01T07:59:59-00:00,2025-05-13T00:00:00,2030-12-31T23:59:59
AS_NP15,SCHINDLR_1_N005,AS_NP15,,2015-04-23T07:00:00-00:00,2031-01-01T07:59:59-00:00,2015-04-23T00:00:00,2030-12-31T23:59:59
AS_NP15,SCHINDLR_1_N021,AS_NP15,,2023-05-05T07:00:00-00:00,2031-01-01T07:59:59-00:00,2023-05-05T00:00:00,2030-12-31T23:59:59
AS_NP15,SCHINDLR_1_N030,AS_NP15,,2018-05-24T07:00:00-00:00,2031-01-01T07:59:59-00:00,2018-05-24T00:00:00,2030-12-31T23:59:59
AS_NP15,SCHLNDLR_7_N001,AS_NP15,,2011-08-12T07:00:00-00:00,2031-01-01T07:59:59-00:00,2011-08-12T00:00:00,2030-12-31T23:59:59
AS_NP15,SCHLNDLR_7_N002,AS_NP15,,2025-05-13T07:00:00-00:00,2031-01-01T07:59:59-00:00,2025-05-13T00:00:00,2030-12-31T23:59:59
AS_NP15,SCHLNDLR_7_N003,AS_NP15,,2025-05-13T07:00:00-00:00,2031-01-01T07:59:59-00:00,2025-05-13T00:00:00,2030-12-31T23:59:59
AS_NP15,SCHLTE_1_PL1X3-APND,AS_NP15,,2012-06-16T07:00:00-00:00,2031-01-01T07:59:59-00:00,2012-06-16T00:00:00,2030-12-31T23:59:59
AS_NP15,SCHMLBCH_1_N001,AS_NP15,,2009-03-31T07:00:00-00:00,2031-01-01T07:59:59-00:00,2009-03-31T00:00:00,2030-12-31T23:59:59
AS_NP15,SCOTT_6_N001,AS_NP15,,2009-03-31T07:00:00-00:00,2031-01-01T07:59:59-00:00,2009-03-31T00:00:00,2030-12-31T23:59:59
AS_NP15,SCOTT_6_N008,AS_NP15,,2017-02-16T08:00:00-00:00,2031-01-01T07:59:59-00:00,2017-02-16T00:00:00,2030-12-31T23:59:59
AS_NP15,SCWAX_1_N001,AS_NP15,,2009-03-31T07:00:00-00:00,2031-01-01T07:59:59-00:00,2009-03-31T00:00:00,2030-12-31T23:59:59
AS_NP15,SEAWEST_6_N001,AS_NP15,,2009-03-31T07:00:00-00:00,2031-01-01T07:59:59-00:00,2009-03-31T00:00:00,2030-12-31T23:59:59
AS_NP15,SEBASTIA_6_N001,AS_NP15,,2009-03-31T07:00:00-00:00,2031-01-01T07:59:59-00:00,2009-03-31T00:00:00,2030-12-31T23:59:59
AS_NP15,SEFTAP_6_N003,AS_NP15,,2017-08-17T07:00:00-00:00,2031-01-01T07:59:59-00:00,2017-08-17T00:00:00,2030-12-31T23:59:59
AS_NP15,SERRA_6_N001,AS_NP15,,2017-02-16T08:00:00-00:00,2031-01-01T07:59:59-00:00,2017-02-16T00:00:00,2030-12-31T23:59:59
AS_NP15,SERRA_7_N004,AS_NP15,,2023-07-27T07:00:00-00:00,2031-01-01T07:59:59-00:00,2023-07-27T00:00:00,2030-12-31T23:59:59
AS_NP15,SERRMNTE_1_N011,AS_NP15,,2009-03-31T07:00:00-00:00,2031-01-01T07:59:59-00:00,2009-03-31T00:00:00,2030-12-31T23:59:59
AS_NP15,SESWTF_1_N001,AS_NP15,,2018-02-22T08:00:00-00:00,2031-01-01T07:59:59-00:00,2018-02-22T00:00:00,2030-12-31T23:59:59
AS_NP15,SFIA-MA_1_N001,AS_NP15,,2009-03-31T07:00:00-00:00,2031-01-01T07:59:59-00:00,2009-03-31T00:00:00,2030-12-31T23:59:59
AS_NP15,SFIA_1_N001,AS_NP15,,2009-03-31T07:00:00-00:00,2031-01-01T07:59:59-00:00,2009-03-31T00:00:00,2030-12-31T23:59:59
AS_NP15,SFIA_1_N007,AS_NP15,,2009-03-31T07:00:00-00:00,2031-01-01T07:59:59-00:00,2009-03-31T00:00:00,2030-12-31T23:59:59
AS_NP15,SFPPCNC_6_N001,AS_NP15,,2009-03-31T07:00:00-00:00,2031-01-01T07:59:59-00:00,2009-03-31T00:00:00,2030-12-31T23:59:59
AS_NP15,SHADYGLN_6_N001,AS_NP15,,2009-03-31T07:00:00-00:00,2031-01-01T07:59:59-00:00,2009-03-31T00:00:00,2030-12-31T23:59:59
AS_NP15,SHARON_1_N001,AS_NP15,,2009-03-31T07:00:00-00:00,2031-01-01T07:59:59-00:00,2009-03-31T00:00:00,2030-12-31T23:59:59
AS_NP15,SHAWROAD_1_N001,AS_NP15,,2009-03-31T07:00:00-00:00,2031-01-01T07:59:59-00:00,2009-03-31T00:00:00,2030-12-31T23:59:59
AS_NP15,SHELL1_7_B2,AS_NP15,,2023-05-05T07:00:00-00:00,2031-01-01T07:59:59-00:00,2023-05-05T00:00:00,2030-12-31T23:59:59
AS_NP15,SHELL1_7_N001,AS_NP15,,2009-03-31T07:00:00-00:00,2031-01-01T07:59:59-00:00,2009-03-31T00:00:00,2030-12-31T23:59:59
AS_NP15,SHELL2_7_B2,AS_NP15,,2023-05-05T07:00:00-00:00,2031-01-01T07:59:59-00:00,2023-05-05T00:00:00,2030-12-31T23:59:59
AS_NP15,SHELL2_7_N001,AS_NP15,,2009-03-31T07:00:00-00:00,2031-01-01T07:59:59-00:00,2009-03-31T00:00:00,2030-12-31T23:59:59
AS_NP15,SHELL3_7_B2,AS_NP15,,2023-05-05T07:00:00-00:00,2031-01-01T07:59:59-00:00,2023-05-05T00:00:00,2030-12-31T23:59:59
AS_NP15,SHELL3_7_N001,AS_NP15,,2009-03-31T07:00:00-00:00,2031-01-01T07:59:59-00:00,2009-03-31T00:00:00,2030-12-31T23:59:59
AS_NP15,SHELRF_1_UNITS-APND,AS_NP15,,2009-03-31T07:00:00-00:00,2031-01-01T07:59:59-00:00,2009-03-31T00:00:00,2030-12-31T23:59:59
AS_NP15,SHEPHERD_1_N003,AS_NP15,,2015-04-23T07:00:00-00:00,2031-01-01T07:59:59-00:00,2015-04-23T00:00:00,2030-12-31T23:59:59
AS_NP15,SHILOH3B_7_N001,AS_NP15,,2025-05-13T07:00:00-00:00,2031-01-01T07:59:59-00:00,2025-05-13T00:00:00,2030-12-31T23:59:59
AS_NP15,SHILOH3_7_N002,AS_NP15,,2025-05-13T07:00:00-00:00,2031-01-01T07:59:59-00:00,2025-05-13T00:00:00,2030-12-31T23:59:59
AS_NP15,SHILOH_7_B1,AS_NP15,,2025-05-13T07:00:00-00:00,2031-01-01T07:59:59-00:00,2025-05-13T00:00:00,2030-12-31T23:59:59
AS_NP15,SHILO_7_N002,AS_NP15,,2025-05-13T07:00:00-00:00,2031-01-01T07:59:59-00:00,2025-05-13T00:00:00,2030-12-31T23:59:59
AS_NP15,SHLLCHM_6_N001,AS_NP15,,2009-03-31T07:00:00-00:00,2031-01-01T07:59:59-00:00,2009-03-31T00:00:00,2030-12-31T23:59:59
AS_NP15,SHNGLESR_1_N001,AS_NP15,,2009-03-31T07:00:00-00:00,2031-01-01T07:59:59-00:00,2009-03-31T00:00:00,2030-12-31T23:59:59
AS_NP15,SHNGLESR_1_N004,AS_NP15,,2009-03-31T07:00:00-00:00,2031-01-01T07:59:59-00:00,2009-03-31T00:00:00,2030-12-31T23:59:59
AS_NP15,SHNGLESR_1_N103,AS_NP15,,2009-03-31T07:00:00-00:00,2031-01-01T07:59:59-00:00,2009-03-31T00:00:00,2030-12-31T23:59:59
AS_NP15,SHREDDER_1_N001,AS_NP15,,2009-03-31T07:00:00-00:00,2031-01-01T07:59:59-00:00,2009-03-31T00:00:00,2030-12-31T23:59:59
AS_NP15,SIERAPC_6_N001,AS_NP15,,2009-03-31T07:00:00-00:00,2031-01-01T07:59:59-00:00,2009-03-31T00:00:00,2030-12-31T23:59:59
AS_NP15,SILVERDO_1_N001,AS_NP15,,2009-03-31T07:00:00-00:00,2031-01-01T07:59:59-00:00,2009-03-31T00:00:00,2030-12-31T23:59:59
AS_NP15,SILVERDO_1_N002,AS_NP15,,2009-03-31T07:00:00-00:00,2031-01-01T07:59:59-00:00,2009-03-31T00:00:00,2030-12-31T23:59:59
AS_NP15,SJ1B12_7_N003,AS_NP15,,2025-05-13T07:00:00-00:00,2031-01-01T07:59:59-00:00,2025-05-13T00:00:00,2030-12-31T23:59:59
AS_NP15,SJNO2_6_B1,AS_NP15,,2017-08-17T07:00:00-00:00,2031-01-01T07:59:59-00:00,2017-08-17T00:00:00,2030-12-31T23:59:59
AS_NP15,SJNO2_6_N001,AS_NP15,,2009-03-31T07:00:00-00:00,2031-01-01T07:59:59-00:00,2009-03-31T00:00:00,2030-12-31T23:59:59
AS_NP15,SJNO2_6_N002,AS_NP15,,2025-05-13T07:00:00-00:00,2031-01-01T07:59:59-00:00,2025-05-13T00:00:00,2030-12-31T23:59:59
AS_NP15,SKAGGS_1_N001,AS_NP15,,2018-08-23T07:00:00-00:00,2031-01-01T07:59:59-00:00,2018-08-23T00:00:00,2030-12-31T23:59:59
AS_NP15,SLATE_7_N001,AS_NP15,,2025-05-13T07:00:00-00:00,2031-01-01T07:59:59-00:00,2025-05-13T00:00:00,2030-12-31T23:59:59
AS_NP15,SLATE_7_N002,AS_NP15,,2025-05-13T07:00:00-00:00,2031-01-01T07:59:59-00:00,2025-05-13T00:00:00,2030-12-31T23:59:59
AS_NP15,SLATE_7_N003,AS_NP15,,2025-05-13T07:00:00-00:00,2031-01-01T07:59:59-00:00,2025-05-13T00:00:00,2030-12-31T23:59:59
AS_NP15,SLATE_7_N004,AS_NP15,,2025-05-13T07:00:00-00:00,2031-01-01T07:59:59-00:00,2025-05-13T00:00:00,2030-12-31T23:59:59
AS_NP15,SLATE_7_N005,AS_NP15,,2025-05-13T07:00:00-00:00,2031-01-01T07:59:59-00:00,2025-05-13T00:00:00,2030-12-31T23:59:59
AS_NP15,SLA_2_N001,AS_NP15,,2009-03-31T07:00:00-00:00,2031-01-01T07:59:59-00:00,2009-03-31T00:00:00,2030-12-31T23:59:59
AS_NP15,SLA_2_N004,AS_NP15,,2009-03-31T07:00:00-00:00,2031-01-01T07:59:59-00:00,2009-03-31T00:00:00,2030-12-31T23:59:59
AS_NP15,SLA_6_N001,AS_NP15,,2009-03-31T07:00:00-00:00,2031-01-01T07:59:59-00:00,2009-03-31T00:00:00,2030-12-31T23:59:59
AS_NP15,SLA_6_N005,AS_NP15,,2009-03-31T07:00:00-00:00,2031-01-01T07:59:59-00:00,2009-03-31T00:00:00,2030-12-31T23:59:59
AS_NP15,SLMNCRK_6_N001,AS_NP15,,2009-03-31T07:00:00-00:00,2031-01-01T07:59:59-00:00,2009-03-31T00:00:00,2030-12-31T23:59:59
AS_NP15,SLTSPRG_1_B1,AS_NP15,,2017-08-17T07:00:00-00:00,2031-01-01T07:59:59-00:00,2017-08-17T00:00:00,2030-12-31T23:59:59
AS_NP15,SLUISP_2_UNITS-APND,AS_NP15,,2012-12-05T08:00:00-00:00,2031-01-01T07:59:59-00:00,2012-12-05T00:00:00,2030-12-31T23:59:59
AS_NP15,SLYCREEK_7_B1,AS_NP15,,2025-05-13T07:00:00-00:00,2031-01-01T07:59:59-00:00,2025-05-13T00:00:00,2030-12-31T23:59:59
AS_NP15,SMPSN-AN_7_B1,AS_NP15,,2009-03-31T07:00:00-00:00,2031-01-01T07:59:59-00:00,2009-03-31T00:00:00,2030-12-31T23:59:59
AS_NP15,SMRTVLTP_6_N101,AS_NP15,,2009-03-31T07:00:00-00:00,2031-01-01T07:59:59-00:00,2009-03-31T00:00:00,2030-12-31T23:59:59
AS_NP15,SMUDGEO1_2_N006,AS_NP15,,2009-06-25T07:00:00-00:00,2031-01-01T07:59:59-00:00,2009-06-25T00:00:00,2030-12-31T23:59:59
AS_NP15,SMUDGEO1_7_B1,AS_NP15,,2009-03-31T07:00:00-00:00,2031-01-01T07:59:59-00:00,2009-03-31T00:00:00,2030-12-31T23:59:59
AS_NP15,SNANDRES_6_N001,AS_NP15,,2009-03-31T07:00:00-00:00,2031-01-01T07:59:59-00:00,2009-03-31T00:00:00,2030-12-31T23:59:59
AS_NP15,SNBENITO_1_N001,AS_NP15,,2012-03-22T07:00:00-00:00,2031-01-01T07:59:59-00:00,2012-03-22T00:00:00,2030-12-31T23:59:59
AS_NP15,SNBRNOT_6_N001,AS_NP15,,2009-03-31T07:00:00-00:00,2031-01-01T07:59:59-00:00,2009-03-31T00:00:00,2030-12-31T23:59:59
AS_NP15,SNDBRJT_1_B1,AS_NP15,,2017-08-17T07:00:00-00:00,2031-01-01T07:59:59-00:00,2017-08-17T00:00:00,2030-12-31T23:59:59
AS_NP15,SNGRJCT_6_B1,AS_NP15,,2017-08-17T07:00:00-00:00,2031-01-01T07:59:59-00:00,2017-08-17T00:00:00,2030-12-31T23:59:59
AS_NP15,SNJOSEB_1_N001,AS_NP15,,2009-03-31T07:00:00-00:00,2031-01-01T07:59:59-00:00,2009-03-31T00:00:00,2030-12-31T23:59:59
AS_NP15,SNJOSEB_1_N005,AS_NP15,,2009-03-31T07:00:00-00:00,2031-01-01T07:59:59-00:00,2009-03-31T00:00:00,2030-12-31T23:59:59
AS_NP15,SNJOSEB_1_N009,AS_NP15,,2009-03-31T07:00:00-00:00,2031-01-01T07:59:59-00:00,2009-03-31T00:00:00,2030-12-31T23:59:59
AS_NP15,SNJOSEB_1_N013,AS_NP15,,2009-03-31T07:00:00-00:00,2031-01-01T07:59:59-00:00,2009-03-31T00:00:00,2030-12-31T23:59:59
AS_NP15,SNJSEA_1_N001,AS_NP15,,2009-03-31T07:00:00-00:00,2031-01-01T07:59:59-00:00,2009-03-31T00:00:00,2030-12-31T23:59:59
AS_NP15,SNJSEA_1_N005,AS_NP15,,2009-03-31T07:00:00-00:00,2031-01-01T07:59:59-00:00,2009-03-31T00:00:00,2030-12-31T23:59:59
AS_NP15,SNJSEA_1_N101,AS_NP15,,2009-03-31T07:00:00-00:00,2031-01-01T07:59:59-00:00,2009-03-31T00:00:00,2030-12-31T23:59:59
AS_NP15,SNLNDRO_1_N001,AS_NP15,,2009-03-31T07:00:00-00:00,2031-01-01T07:59:59-00:00,2009-03-31T00:00:00,2030-12-31T23:59:59
AS_NP15,SNLNDRO_1_N014,AS_NP15,,2009-03-31T07:00:00-00:00,2031-01-01T07:59:59-00:00,2009-03-31T00:00:00,2030-12-31T23:59:59
AS_NP15,SNLNDRO_1_N017,AS_NP15,,2025-10-15T07:00:00-00:00,2031-01-01T07:59:59-00:00,2025-10-15T00:00:00,2030-12-31T23:59:59
AS_NP15,SNLNDRO_1_N027,AS_NP15,,2013-05-09T07:00:00-00:00,2031-01-01T07:59:59-00:00,2013-05-09T00:00:00,2030-12-31T23:59:59
AS_NP15,SNLSPP_2_N023,AS_NP15,,2009-03-31T07:00:00-00:00,2031-01-01T07:59:59-00:00,2009-03-31T00:00:00,2030-12-31T23:59:59
AS_NP15,SNTANLA_6_N001,AS_NP15,,2009-03-31T07:00:00-00:00,2031-01-01T07:59:59-00:00,2009-03-31T00:00:00,2030-12-31T23:59:59
AS_NP15,SNTANLA_6_N004,AS_NP15,,2009-03-31T07:00:00-00:00,2031-01-01T07:59:59-00:00,2009-03-31T00:00:00,2030-12-31T23:59:59
AS_NP15,SNTARSA_1_GN010,AS_NP15,,2017-08-17T07:00:00-00:00,2031-01-01T07:59:59-00:00,2017-08-17T00:00:00,2030-12-31T23:59:59
AS_NP15,SNTARSA_1_N001,AS_NP15,,2009-03-31T07:00:00-00:00,2031-01-01T07:59:59-00:00,2009-03-31T00:00:00,2030-12-31T23:59:59
AS_NP15,SNTARSA_1_N002,AS_NP15,,2009-03-31T07:00:00-00:00,2031-01-01T07:59:59-00:00,2009-03-31T00:00:00,2030-12-31T23:59:59
AS_NP15,SNTARSA_1_N006,AS_NP15,,2009-03-31T07:00:00-00:00,2031-01-01T07:59:59-00:00,2009-03-31T00:00:00,2030-12-31T23:59:59
AS_NP15,SNTARTA_6_N001,AS_NP15,,2015-01-15T08:00:00-00:00,2031-01-01T07:59:59-00:00,2015-01-15T00:00:00,2030-12-31T23:59:59
AS_NP15,SNTHLNE_6_N001,AS_NP15,,2013-11-21T08:00:00-00:00,2031-01-01T07:59:59-00:00,2013-11-21T00:00:00,2030-12-31T23:59:59
AS_NP15,SNTHLNE_6_N002,AS_NP15,,2013-11-21T08:00:00-00:00,2031-01-01T07:59:59-00:00,2013-11-21T00:00:00,2030-12-31T23:59:59
AS_NP15,SOBRANTE_1_N001,AS_NP15,,2009-03-31T07:00:00-00:00,2031-01-01T07:59:59-00:00,2009-03-31T00:00:00,2030-12-31T23:59:59
AS_NP15,SOLBGEN_7_N001,AS_NP15,,2025-05-13T07:00:00-00:00,2031-01-01T07:59:59-00:00,2025-05-13T00:00:00,2030-12-31T23:59:59
AS_NP15,SOLBGEN_7_N002,AS_NP15,,2015-10-22T07:00:00-00:00,2031-01-01T07:59:59-00:00,2015-10-22T00:00:00,2030-12-31T23:59:59
AS_NP15,SOLEDAD_1_LN001,AS_NP15,,2010-02-24T08:00:00-00:00,2031-01-01T07:59:59-00:00,2010-02-24T00:00:00,2030-12-31T23:59:59
AS_NP15,SOLEDAD_1_N018,AS_NP15,,2024-01-24T08:00:00-00:00,2031-01-01T07:59:59-00:00,2024-01-24T00:00:00,2030-12-31T23:59:59
AS_NP15,SOLEDAD_6_N001,AS_NP15,,2009-03-31T07:00:00-00:00,2031-01-01T07:59:59-00:00,2009-03-31T00:00:00,2030-12-31T23:59:59
AS_NP15,SONMALF_7_B1,AS_NP15,,2009-03-31T07:00:00-00:00,2031-01-01T07:59:59-00:00,2009-03-31T00:00:00,2030-12-31T23:59:59
AS_NP15,SONOMA_1_N002,AS_NP15,,2017-08-17T07:00:00-00:00,2031-01-01T07:59:59-00:00,2017-08-17T00:00:00,2030-12-31T23:59:59
AS_NP15,SONOMA_1_N007,AS_NP15,,2009-03-31T07:00:00-00:00,2031-01-01T07:59:59-00:00,2009-03-31T00:00:00,2030-12-31T23:59:59
AS_NP15,SOUTHBY_6_N001,AS_NP15,,2009-03-31T07:00:00-00:00,2031-01-01T07:59:59-00:00,2009-03-31T00:00:00,2030-12-31T23:59:59
AS_NP15,SOUTHG_7_B1,AS_NP15,,2025-05-13T07:00:00-00:00,2031-01-01T07:59:59-00:00,2025-05-13T00:00:00,2030-12-31T23:59:59
AS_NP15,SPANSHCK_6_N001,AS_NP15,,2009-03-31T07:00:00-00:00,2031-01-01T07:59:59-00:00,2009-03-31T00:00:00,2030-12-31T23:59:59
AS_NP15,SPANSHCK_6_N012,AS_NP15,,2025-06-12T07:00:00-00:00,2031-01-01T07:59:59-00:00,2025-06-12T00:00:00,2030-12-31T23:59:59
AS_NP15,SPAUL1-2_7_B2,AS_NP15,,2023-05-05T07:00:00-00:00,2031-01-01T07:59:59-00:00,2023-05-05T00:00:00,2030-12-31T23:59:59
AS_NP15,SPAUL1-2_7_B3,AS_NP15,,2023-05-05T07:00:00-00:00,2031-01-01T07:59:59-00:00,2023-05-05T00:00:00,2030-12-31T23:59:59
AS_NP15,SPAUL1-2_7_N001,AS_NP15,,2009-03-31T07:00:00-00:00,2031-01-01T07:59:59-00:00,2009-03-31T00:00:00,2030-12-31T23:59:59
AS_NP15,SPAULD3_7_B1,AS_NP15,,2025-05-13T07:00:00-00:00,2031-01-01T07:59:59-00:00,2025-05-13T00:00:00,2030-12-31T23:59:59
AS_NP15,SPAULD_6_UNIT12-APND,AS_NP15,,2009-03-31T07:00:00-00:00,2031-01-01T07:59:59-00:00,2009-03-31T00:00:00,2030-12-31T23:59:59
AS_NP15,SPCJCT_1_B1,AS_NP15,,2017-08-17T07:00:00-00:00,2031-01-01T07:59:59-00:00,2017-08-17T00:00:00,2030-12-31T23:59:59
AS_NP15,SPCMPNY_7_B1,AS_NP15,,2009-03-31T07:00:00-00:00,2031-01-01T07:59:59-00:00,2009-03-31T00:00:00,2030-12-31T23:59:59
AS_NP15,SPENCE_6_N001,AS_NP15,,2009-03-31T07:00:00-00:00,2031-01-01T07:59:59-00:00,2009-03-31T00:00:00,2030-12-31T23:59:59
AS_NP15,SPENCE_6_N009,AS_NP15,,2019-09-19T07:00:00-00:00,2031-01-01T07:59:59-00:00,2019-09-19T00:00:00,2030-12-31T23:59:59
AS_NP15,SPI-BURN_7_N003,AS_NP15,,2025-05-13T07:00:00-00:00,2031-01-01T07:59:59-00:00,2025-05-13T00:00:00,2030-12-31T23:59:59
AS_NP15,SPI-QUCY_7_N001,AS_NP15,,2009-03-31T07:00:00-00:00,2031-01-01T07:59:59-00:00,2009-03-31T00:00:00,2030-12-31T23:59:59
AS_NP15,SPI-QUCY_7_N002,AS_NP15,,2025-05-13T07:00:00-00:00,2031-01-01T07:59:59-00:00,2025-05-13T00:00:00,2030-12-31T23:59:59
AS_NP15,SPIBURN_7_N004,AS_NP15,,2025-05-13T07:00:00-00:00,2031-01-01T07:59:59-00:00,2025-05-13T00:00:00,2030-12-31T23:59:59
AS_NP15,SPICAMIN_1_N001,AS_NP15,,2009-03-31T07:00:00-00:00,2031-01-01T07:59:59-00:00,2009-03-31T00:00:00,2030-12-31T23:59:59
AS_NP15,SPICER_1_UNITS-APND,AS_NP15,,2009-03-31T07:00:00-00:00,2031-01-01T07:59:59-00:00,2009-03-31T00:00:00,2030-12-31T23:59:59
AS_NP15,SPIJCT_6_B1,AS_NP15,,2017-08-17T07:00:00-00:00,2031-01-01T07:59:59-00:00,2017-08-17T00:00:00,2030-12-31T23:59:59
AS_NP15,SPILINCF_7_N001,AS_NP15,,2009-03-31T07:00:00-00:00,2031-01-01T07:59:59-00:00,2009-03-31T00:00:00,2030-12-31T23:59:59
AS_NP15,SPILINCF_7_N002,AS_NP15,,2009-03-31T07:00:00-00:00,2031-01-01T07:59:59-00:00,2009-03-31T00:00:00,2030-12-31T23:59:59
AS_NP15,SPRNGGP_7_B1,AS_NP15,,2025-05-13T07:00:00-00:00,2031-01-01T07:59:59-00:00,2025-05-13T00:00:00,2030-12-31T23:59:59
AS_NP15,SRI_6_N001,AS_NP15,,2009-03-31T07:00:00-00:00,2031-01-01T07:59:59-00:00,2009-03-31T00:00:00,2030-12-31T23:59:59
AS_NP15,SRI_6_N004,AS_NP15,,2025-05-13T07:00:00-00:00,2031-01-01T07:59:59-00:00,2025-05-13T00:00:00,2030-12-31T23:59:59
AS_NP15,SRRCSUB_2_N001,AS_NP15,,2009-03-31T07:00:00-00:00,2031-01-01T07:59:59-00:00,2009-03-31T00:00:00,2030-12-31T23:59:59
AS_NP15,STACKS_1_N001,AS_NP15,,2025-10-15T07:00:00-00:00,2031-01-01T07:59:59-00:00,2025-10-15T00:00:00,2030-12-31T23:59:59
AS_NP15,STAFFORD_6_N002,AS_NP15,,2009-03-31T07:00:00-00:00,2031-01-01T07:59:59-00:00,2009-03-31T00:00:00,2030-12-31T23:59:59
AS_NP15,STAFFORD_6_N101,AS_NP15,,2009-03-31T07:00:00-00:00,2031-01-01T07:59:59-00:00,2009-03-31T00:00:00,2030-12-31T23:59:59
AS_NP15,STAGG_2_N001,AS_NP15,,2009-03-31T07:00:00-00:00,2031-01-01T07:59:59-00:00,2009-03-31T00:00:00,2030-12-31T23:59:59
AS_NP15,STAGG_2_N014,AS_NP15,,2009-03-31T07:00:00-00:00,2031-01-01T07:59:59-00:00,2009-03-31T00:00:00,2030-12-31T23:59:59
AS_NP15,STAGG_6_N001,AS_NP15,,2009-03-31T07:00:00-00:00,2031-01-01T07:59:59-00:00,2009-03-31T00:00:00,2030-12-31T23:59:59
AS_NP15,STAGG_6_N003,AS_NP15,,2009-03-31T07:00:00-00:00,2031-01-01T07:59:59-00:00,2009-03-31T00:00:00,2030-12-31T23:59:59
AS_NP15,STANFRD_6_N013,AS_NP15,,2016-08-18T07:00:00-00:00,2031-01-01T07:59:59-00:00,2016-08-18T00:00:00,2030-12-31T23:59:59
AS_NP15,STANFRD_6_N015,AS_NP15,,2016-08-18T07:00:00-00:00,2031-01-01T07:59:59-00:00,2016-08-18T00:00:00,2030-12-31T23:59:59
AS_NP15,STANFRD_6_N016,AS_NP15,,2016-08-18T07:00:00-00:00,2031-01-01T07:59:59-00:00,2016-08-18T00:00:00,2030-12-31T23:59:59
AS_NP15,STANFRD_6_N025,AS_NP15,,2016-08-18T07:00:00-00:00,2031-01-01T07:59:59-00:00,2016-08-18T00:00:00,2030-12-31T23:59:59
AS_NP15,STANFRD_6_N026,AS_NP15,,2016-08-18T07:00:00-00:00,2031-01-01T07:59:59-00:00,2016-08-18T00:00:00,2030-12-31T23:59:59
AS_NP15,STANISLS_1_B1,AS_NP15,,2017-08-17T07:00:00-00:00,2031-01-01T07:59:59-00:00,2017-08-17T00:00:00,2030-12-31T23:59:59
AS_NP15,STANISLS_1_N001,AS_NP15,,2009-03-31T07:00:00-00:00,2031-01-01T07:59:59-00:00,2009-03-31T00:00:00,2030-12-31T23:59:59
AS_NP15,STANISLS_7_B1,AS_NP15,,2023-05-05T07:00:00-00:00,2031-01-01T07:59:59-00:00,2023-05-05T00:00:00,2030-12-31T23:59:59
AS_NP15,STATIN-L_7_N001,AS_NP15,,2009-03-31T07:00:00-00:00,2031-01-01T07:59:59-00:00,2009-03-31T00:00:00,2030-12-31T23:59:59
AS_NP15,STATIND_1_N001,AS_NP15,,2009-03-31T07:00:00-00:00,2031-01-01T07:59:59-00:00,2009-03-31T00:00:00,2030-12-31T23:59:59
AS_NP15,STATIND_1_N010,AS_NP15,,2009-03-31T07:00:00-00:00,2031-01-01T07:59:59-00:00,2009-03-31T00:00:00,2030-12-31T23:59:59
AS_NP15,STATIND_1_N013,AS_NP15,,2009-03-31T07:00:00-00:00,2031-01-01T07:59:59-00:00,2009-03-31T00:00:00,2030-12-31T23:59:59
AS_NP15,STATIND_1_N033,AS_NP15,,2014-02-13T08:00:00-00:00,2031-01-01T07:59:59-00:00,2014-02-13T00:00:00,2030-12-31T23:59:59
AS_NP15,STATINJ_1_N001,AS_NP15,,2009-03-31T07:00:00-00:00,2031-01-01T07:59:59-00:00,2009-03-31T00:00:00,2030-12-31T23:59:59
AS_NP15,STATINJ_1_N012,AS_NP15,,2009-03-31T07:00:00-00:00,2031-01-01T07:59:59-00:00,2009-03-31T00:00:00,2030-12-31T23:59:59
AS_NP15,STATINJ_1_N027,AS_NP15,,2009-03-31T07:00:00-00:00,2031-01-01T07:59:59-00:00,2009-03-31T00:00:00,2030-12-31T23:59:59
AS_NP15,STATINL_1_N001,AS_NP15,,2009-03-31T07:00:00-00:00,2031-01-01T07:59:59-00:00,2009-03-31T00:00:00,2030-12-31T23:59:59
AS_NP15,STATINL_7_GN001,AS_NP15,,2025-05-13T07:00:00-00:00,2031-01-01T07:59:59-00:00,2025-05-13T00:00:00,2030-12-31T23:59:59
AS_NP15,STATINX_1_N001,AS_NP15,,2009-03-31T07:00:00-00:00,2031-01-01T07:59:59-00:00,2009-03-31T00:00:00,2030-12-31T23:59:59
AS_NP15,STATINX_1_N012,AS_NP15,,2009-03-31T07:00:00-00:00,2031-01-01T07:59:59-00:00,2009-03-31T00:00:00,2030-12-31T23:59:59
AS_NP15,STATINX_1_N014,AS_NP15,,2009-03-31T07:00:00-00:00,2031-01-01T07:59:59-00:00,2009-03-31T00:00:00,2030-12-31T23:59:59
AS_NP15,STATINX_1_N024,AS_NP15,,2012-10-11T07:00:00-00:00,2031-01-01T07:59:59-00:00,2012-10-11T00:00:00,2030-12-31T23:59:59
AS_NP15,STCKTNAR_6_N001,AS_NP15,,2009-03-31T07:00:00-00:00,2031-01-01T07:59:59-00:00,2009-03-31T00:00:00,2030-12-31T23:59:59
AS_NP15,STDOIL_1_N009,AS_NP15,,2009-03-31T07:00:00-00:00,2031-01-01T07:59:59-00:00,2009-03-31T00:00:00,2030-12-31T23:59:59
AS_NP15,STELLING_1_N001,AS_NP15,,2009-03-31T07:00:00-00:00,2031-01-01T07:59:59-00:00,2009-03-31T00:00:00,2030-12-31T23:59:59
AS_NP15,STELLING_1_N004,AS_NP15,,2009-03-31T07:00:00-00:00,2031-01-01T07:59:59-00:00,2009-03-31T00:00:00,2030-12-31T23:59:59
AS_NP15,STELLING_1_N007,AS_NP15,,2009-03-31T07:00:00-00:00,2031-01-01T07:59:59-00:00,2009-03-31T00:00:00,2030-12-31T23:59:59
AS_NP15,STENWJ_6_N001,AS_NP15,,2025-04-16T07:00:00-00:00,2031-01-01T07:59:59-00:00,2025-04-16T00:00:00,2030-12-31T23:59:59
AS_NP15,STENWJ_6_N002,AS_NP15,,2025-04-16T07:00:00-00:00,2031-01-01T07:59:59-00:00,2025-04-16T00:00:00,2030-12-31T23:59:59
AS_NP15,STERESA_1_CN12,AS_NP15,,2020-12-09T08:00:00-00:00,2031-01-01T07:59:59-00:00,2020-12-09T00:00:00,2030-12-31T23:59:59
AS_NP15,STIGCC_7_B1,AS_NP15,,2025-05-13T07:00:00-00:00,2031-01-01T07:59:59-00:00,2025-05-13T00:00:00,2030-12-31T23:59:59
AS_NP15,STKTNWW_6_N001,AS_NP15,,2010-08-26T07:00:00-00:00,2031-01-01T07:59:59-00:00,2010-08-26T00:00:00,2030-12-31T23:59:59
AS_NP15,STKTONA_1_LN001,AS_NP15,,2009-09-10T07:00:00-00:00,2031-01-01T07:59:59-00:00,2009-09-10T00:00:00,2030-12-31T23:59:59
AS_NP15,STKTONA_1_N001,AS_NP15,,2009-03-31T07:00:00-00:00,2031-01-01T07:59:59-00:00,2009-03-31T00:00:00,2030-12-31T23:59:59
AS_NP15,STKTONA_1_N003,AS_NP15,,2009-03-31T07:00:00-00:00,2031-01-01T07:59:59-00:00,2009-03-31T00:00:00,2030-12-31T23:59:59
AS_NP15,STKTONA_6_N001,AS_NP15,,2009-03-31T07:00:00-00:00,2031-01-01T07:59:59-00:00,2009-03-31T00:00:00,2030-12-31T23:59:59
AS_NP15,STKTONA_6_N004,AS_NP15,,2009-03-31T07:00:00-00:00,2031-01-01T07:59:59-00:00,2009-03-31T00:00:00,2030-12-31T23:59:59
AS_NP15,STLLWATR_6_N001,AS_NP15,,2009-03-31T07:00:00-00:00,2031-01-01T07:59:59-00:00,2009-03-31T00:00:00,2030-12-31T23:59:59
AS_NP15,STNSLSRP_7_B1,AS_NP15,,2009-03-31T07:00:00-00:00,2031-01-01T07:59:59-00:00,2009-03-31T00:00:00,2030-12-31T23:59:59
AS_NP15,STOILS_1_UNITS-APND,AS_NP15,,2009-03-31T07:00:00-00:00,2031-01-01T07:59:59-00:00,2009-03-31T00:00:00,2030-12-31T23:59:59
AS_NP15,STONCRRL_6_N001,AS_NP15,,2017-08-17T07:00:00-00:00,2031-01-01T07:59:59-00:00,2017-08-17T00:00:00,2030-12-31T23:59:59
AS_NP15,STONCRRL_6_N003,AS_NP15,,2017-08-17T07:00:00-00:00,2031-01-01T07:59:59-00:00,2017-08-17T00:00:00,2030-12-31T23:59:59
AS_NP15,STONE_1_N001,AS_NP15,,2009-03-31T07:00:00-00:00,2031-01-01T07:59:59-00:00,2009-03-31T00:00:00,2030-12-31T23:59:59
AS_NP15,STONE_1_N005,AS_NP15,,2009-03-31T07:00:00-00:00,2031-01-01T07:59:59-00:00,2009-03-31T00:00:00,2030-12-31T23:59:59
AS_NP15,STONYPT_1_N001,AS_NP15,,2009-03-31T07:00:00-00:00,2031-01-01T07:59:59-00:00,2009-03-31T00:00:00,2030-12-31T23:59:59
AS_NP15,STOREY1_2_N001,AS_NP15,,2009-03-31T07:00:00-00:00,2031-01-01T07:59:59-00:00,2009-03-31T00:00:00,2030-12-31T23:59:59
AS_NP15,STOREY1_2_N003,AS_NP15,,2025-05-13T07:00:00-00:00,2031-01-01T07:59:59-00:00,2025-05-13T00:00:00,2030-12-31T23:59:59
AS_NP15,STOREY1_2_N006,AS_NP15,,2025-05-13T07:00:00-00:00,2031-01-01T07:59:59-00:00,2025-05-13T00:00:00,2030-12-31T23:59:59
AS_NP15,STOREY1_2_N007,AS_NP15,,2025-05-13T07:00:00-00:00,2031-01-01T07:59:59-00:00,2025-05-13T00:00:00,2030-12-31T23:59:59
AS_NP15,STOREY1_2_N008,AS_NP15,,2025-05-13T07:00:00-00:00,2031-01-01T07:59:59-00:00,2025-05-13T00:00:00,2030-12-31T23:59:59
AS_NP15,STOREY1_2_N011,AS_NP15,,2025-12-17T08:00:00-00:00,2031-01-01T07:59:59-00:00,2025-12-17T00:00:00,2030-12-31T23:59:59
AS_NP15,STOREY2_2_N001,AS_NP15,,2009-03-31T07:00:00-00:00,2031-01-01T07:59:59-00:00,2009-03-31T00:00:00,2030-12-31T23:59:59
AS_NP15,STROUD_6_N001,AS_NP15,,2011-08-11T07:00:00-00:00,2031-01-01T07:59:59-00:00,2011-08-11T00:00:00,2030-12-31T23:59:59
AS_NP15,STROUD_6_N003,AS_NP15,,2025-05-13T07:00:00-00:00,2031-01-01T07:59:59-00:00,2025-05-13T00:00:00,2030-12-31T23:59:59
AS_NP15,STROUD_6_N005,AS_NP15,,2011-08-12T07:00:00-00:00,2031-01-01T07:59:59-00:00,2011-08-12T00:00:00,2030-12-31T23:59:59
AS_NP15,SUBS34KV_7_N002,AS_NP15,,2025-10-15T07:00:00-00:00,2031-01-01T07:59:59-00:00,2025-10-15T00:00:00,2030-12-31T23:59:59
AS_NP15,SUISUN_1_N001,AS_NP15,,2009-03-31T07:00:00-00:00,2031-01-01T07:59:59-00:00,2009-03-31T00:00:00,2030-12-31T23:59:59
AS_NP15,SUISUN_1_N008,AS_NP15,,2009-03-31T07:00:00-00:00,2031-01-01T07:59:59-00:00,2009-03-31T00:00:00,2030-12-31T23:59:59
AS_NP15,SUISUN_1_N009,AS_NP15,,2009-03-31T07:00:00-00:00,2031-01-01T07:59:59-00:00,2009-03-31T00:00:00,2030-12-31T23:59:59
AS_NP15,SUISUN_1_N010,AS_NP15,,2009-03-31T07:00:00-00:00,2031-01-01T07:59:59-00:00,2009-03-31T00:00:00,2030-12-31T23:59:59
AS_NP15,SUMIDEN_6_N001,AS_NP15,,2009-03-31T07:00:00-00:00,2031-01-01T07:59:59-00:00,2009-03-31T00:00:00,2030-12-31T23:59:59
AS_NP15,SUMMIT_6_N001,AS_NP15,,2009-03-31T07:00:00-00:00,2031-01-01T07:59:59-00:00,2009-03-31T00:00:00,2030-12-31T23:59:59
AS_NP15,SUNHRVST_7_N001,AS_NP15,,2025-05-13T07:00:00-00:00,2031-01-01T07:59:59-00:00,2025-05-13T00:00:00,2030-12-31T23:59:59
AS_NP15,SUNOL_6_N001,AS_NP15,,2009-03-31T07:00:00-00:00,2031-01-01T07:59:59-00:00,2009-03-31T00:00:00,2030-12-31T23:59:59
AS_NP15,SUTTRHM1_6_N001,AS_NP15,,2015-07-23T07:00:00-00:00,2031-01-01T07:59:59-00:00,2015-07-23T00:00:00,2030-12-31T23:59:59
AS_NP15,SUWSOF70_6_B1,AS_NP15,,2018-05-29T07:00:00-00:00,2031-01-01T07:59:59-00:00,2018-05-29T00:00:00,2030-12-31T23:59:59
AS_NP15,SUWSOFGN_7_N001,AS_NP15,,2018-02-22T08:00:00-00:00,2031-01-01T07:59:59-00:00,2018-02-22T00:00:00,2030-12-31T23:59:59
AS_NP15,SWIFT_1_GN001,AS_NP15,,2011-01-21T08:00:00-00:00,2031-01-01T07:59:59-00:00,2011-01-21T00:00:00,2030-12-31T23:59:59
AS_NP15,SWIFT_1_N001,AS_NP15,,2009-03-31T07:00:00-00:00,2031-01-01T07:59:59-00:00,2009-03-31T00:00:00,2030-12-31T23:59:59
AS_NP15,SWIFT_1_N003,AS_NP15,,2009-03-31T07:00:00-00:00,2031-01-01T07:59:59-00:00,2009-03-31T00:00:00,2030-12-31T23:59:59
AS_NP15,SWIFT_1_N006,AS_NP15,,2009-03-31T07:00:00-00:00,2031-01-01T07:59:59-00:00,2009-03-31T00:00:00,2030-12-31T23:59:59
AS_NP15,SWSDPR_1_N003,AS_NP15,,2017-08-17T07:00:00-00:00,2031-01-01T07:59:59-00:00,2017-08-17T00:00:00,2030-12-31T23:59:59
AS_NP15,SYCAMORE_1_N101,AS_NP15,,2009-03-31T07:00:00-00:00,2031-01-01T07:59:59-00:00,2009-03-31T00:00:00,2030-12-31T23:59:59
AS_NP15,SYCAMORE_1_N201,AS_NP15,,2009-03-31T07:00:00-00:00,2031-01-01T07:59:59-00:00,2009-03-31T00:00:00,2030-12-31T23:59:59
AS_NP15,SYCAMORE_1_N301,AS_NP15,,2015-10-22T07:00:00-00:00,2031-01-01T07:59:59-00:00,2015-10-22T00:00:00,2030-12-31T23:59:59
AS_NP15,T320BS1_7_B1,AS_NP15,,2025-05-13T07:00:00-00:00,2031-01-01T07:59:59-00:00,2025-05-13T00:00:00,2030-12-31T23:59:59
AS_NP15,T320BS2_7_B1,AS_NP15,,2025-05-13T07:00:00-00:00,2031-01-01T07:59:59-00:00,2025-05-13T00:00:00,2030-12-31T23:59:59
AS_NP15,T320BS3_7_B1,AS_NP15,,2025-05-13T07:00:00-00:00,2031-01-01T07:59:59-00:00,2025-05-13T00:00:00,2030-12-31T23:59:59
AS_NP15,T320BS4_7_B1,AS_NP15,,2025-05-13T07:00:00-00:00,2031-01-01T07:59:59-00:00,2025-05-13T00:00:00,2030-12-31T23:59:59
AS_NP15,T320_2_N001,AS_NP15,,2012-10-11T07:00:00-00:00,2031-01-01T07:59:59-00:00,2012-10-11T00:00:00,2030-12-31T23:59:59
AS_NP15,T320_2_N002,AS_NP15,,2012-10-11T07:00:00-00:00,2031-01-01T07:59:59-00:00,2012-10-11T00:00:00,2030-12-31T23:59:59
AS_NP15,TABLMTN_2_B1,AS_NP15,,2017-08-17T07:00:00-00:00,2031-01-01T07:59:59-00:00,2017-08-17T00:00:00,2030-12-31T23:59:59
AS_NP15,TAMARACK_6_N001,AS_NP15,,2009-03-31T07:00:00-00:00,2031-01-01T07:59:59-00:00,2009-03-31T00:00:00,2030-12-31T23:59:59
AS_NP15,TASSAJAR_2_N001,AS_NP15,,2009-03-31T07:00:00-00:00,2031-01-01T07:59:59-00:00,2009-03-31T00:00:00,2030-12-31T23:59:59
AS_NP15,TASSAJAR_2_N002,AS_NP15,,2009-03-31T07:00:00-00:00,2031-01-01T07:59:59-00:00,2009-03-31T00:00:00,2030-12-31T23:59:59
AS_NP15,TASSAJAR_2_N016,AS_NP15,,2011-12-21T08:00:00-00:00,2031-01-01T07:59:59-00:00,2011-12-21T00:00:00,2030-12-31T23:59:59
AS_NP15,TAYLOR_6_N001,AS_NP15,,2009-03-31T07:00:00-00:00,2031-01-01T07:59:59-00:00,2009-03-31T00:00:00,2030-12-31T23:59:59
AS_NP15,TBCPOT1_1_GN002,AS_NP15,,2025-05-13T07:00:00-00:00,2031-01-01T07:59:59-00:00,2025-05-13T00:00:00,2030-12-31T23:59:59
AS_NP15,TBCPTB1_2_GN002,AS_NP15,,2025-05-13T07:00:00-00:00,2031-01-01T07:59:59-00:00,2025-05-13T00:00:00,2030-12-31T23:59:59
AS_NP15,TBLEMTN_6_B1,AS_NP15,,2017-08-17T07:00:00-00:00,2031-01-01T07:59:59-00:00,2017-08-17T00:00:00,2030-12-31T23:59:59
AS_NP15,TBLEMTN_6_N005,AS_NP15,,2009-03-31T07:00:00-00:00,2031-01-01T07:59:59-00:00,2009-03-31T00:00:00,2030-12-31T23:59:59
AS_NP15,TEICHERT_1_N001,AS_NP15,,2009-03-31T07:00:00-00:00,2031-01-01T07:59:59-00:00,2009-03-31T00:00:00,2030-12-31T23:59:59
AS_NP15,TERMNOUS_6_N001,AS_NP15,,2009-03-31T07:00:00-00:00,2031-01-01T07:59:59-00:00,2009-03-31T00:00:00,2030-12-31T23:59:59
AS_NP15,TESLAMTR_1_N003,AS_NP15,,2017-08-17T07:00:00-00:00,2031-01-01T07:59:59-00:00,2017-08-17T00:00:00,2030-12-31T23:59:59
AS_NP15,TESLA_1_B1,AS_NP15,,2017-08-17T07:00:00-00:00,2031-01-01T07:59:59-00:00,2017-08-17T00:00:00,2030-12-31T23:59:59
AS_NP15,TESLA_1_N027,AS_NP15,,2025-05-13T07:00:00-00:00,2031-01-01T07:59:59-00:00,2025-05-13T00:00:00,2030-12-31T23:59:59
AS_NP15,TESORO_2_N014,AS_NP15,,2010-02-24T08:00:00-00:00,2031-01-01T07:59:59-00:00,2010-02-24T00:00:00,2030-12-31T23:59:59
AS_NP15,TESORO_2_N020,AS_NP15,,2010-02-24T08:00:00-00:00,2031-01-01T07:59:59-00:00,2010-02-24T00:00:00,2030-12-31T23:59:59
AS_NP15,TESSUB_2_N001,AS_NP15,,2009-03-31T07:00:00-00:00,2031-01-01T07:59:59-00:00,2009-03-31T00:00:00,2030-12-31T23:59:59
AS_NP15,TEXACO_6_N019,AS_NP15,,2009-03-31T07:00:00-00:00,2031-01-01T07:59:59-00:00,2009-03-31T00:00:00,2030-12-31T23:59:59
AS_NP15,THERMLT1_7_B1,AS_NP15,,2023-05-05T07:00:00-00:00,2031-01-01T07:59:59-00:00,2023-05-05T00:00:00,2030-12-31T23:59:59
AS_NP15,THERMLT2_7_B1,AS_NP15,,2023-05-05T07:00:00-00:00,2031-01-01T07:59:59-00:00,2023-05-05T00:00:00,2030-12-31T23:59:59
AS_NP15,THERMLT3_7_B1,AS_NP15,,2023-05-05T07:00:00-00:00,2031-01-01T07:59:59-00:00,2023-05-05T00:00:00,2030-12-31T23:59:59
AS_NP15,THERMLT4_7_B1,AS_NP15,,2023-05-05T07:00:00-00:00,2031-01-01T07:59:59-00:00,2023-05-05T00:00:00,2030-12-31T23:59:59
AS_NP15,THERMLTO_2_N109,AS_NP15,,2009-03-31T07:00:00-00:00,2031-01-01T07:59:59-00:00,2009-03-31T00:00:00,2030-12-31T23:59:59
AS_NP15,TIDEWATR_2_N001,AS_NP15,,2009-03-31T07:00:00-00:00,2031-01-01T07:59:59-00:00,2009-03-31T00:00:00,2030-12-31T23:59:59
AS_NP15,TIDEWATR_2_N014,AS_NP15,,2009-03-31T07:00:00-00:00,2031-01-01T07:59:59-00:00,2009-03-31T00:00:00,2030-12-31T23:59:59
AS_NP15,TIGRCK_7_UNITS-APND,AS_NP15,,2009-03-31T07:00:00-00:00,2031-01-01T07:59:59-00:00,2009-03-31T00:00:00,2030-12-31T23:59:59
AS_NP15,TIGRCRK_2_B1,AS_NP15,,2017-08-17T07:00:00-00:00,2031-01-01T07:59:59-00:00,2017-08-17T00:00:00,2030-12-31T23:59:59
AS_NP15,TIGRCRK_7_B2,AS_NP15,,2023-05-05T07:00:00-00:00,2031-01-01T07:59:59-00:00,2023-05-05T00:00:00,2030-12-31T23:59:59
AS_NP15,TIGRCRK_7_B3,AS_NP15,,2023-05-05T07:00:00-00:00,2031-01-01T07:59:59-00:00,2023-05-05T00:00:00,2030-12-31T23:59:59
AS_NP15,TOADTWN_7_N001,AS_NP15,,2009-03-31T07:00:00-00:00,2031-01-01T07:59:59-00:00,2009-03-31T00:00:00,2030-12-31T23:59:59
AS_NP15,TOADTWN_7_N002,AS_NP15,,2025-05-13T07:00:00-00:00,2031-01-01T07:59:59-00:00,2025-05-13T00:00:00,2030-12-31T23:59:59
AS_NP15,TOCALOMA_6_N001,AS_NP15,,2009-03-31T07:00:00-00:00,2031-01-01T07:59:59-00:00,2009-03-31T00:00:00,2030-12-31T23:59:59
AS_NP15,TOMATAK_6_N001,AS_NP15,,2009-03-31T07:00:00-00:00,2031-01-01T07:59:59-00:00,2009-03-31T00:00:00,2030-12-31T23:59:59
AS_NP15,TOSCO-PP_6_N001,AS_NP15,,2009-03-31T07:00:00-00:00,2031-01-01T07:59:59-00:00,2009-03-31T00:00:00,2030-12-31T23:59:59
AS_NP15,TRACY_1_N001,AS_NP15,,2009-03-31T07:00:00-00:00,2031-01-01T07:59:59-00:00,2009-03-31T00:00:00,2030-12-31T23:59:59
AS_NP15,TRACY_1_N002,AS_NP15,,2009-03-31T07:00:00-00:00,2031-01-01T07:59:59-00:00,2009-03-31T00:00:00,2030-12-31T23:59:59
AS_NP15,TRACY_1_N007,AS_NP15,,2024-07-10T07:00:00-00:00,2031-01-01T07:59:59-00:00,2024-07-10T00:00:00,2030-12-31T23:59:59
AS_NP15,TRACY_1_N101,AS_NP15,,2009-03-31T07:00:00-00:00,2031-01-01T07:59:59-00:00,2009-03-31T00:00:00,2030-12-31T23:59:59
AS_NP15,TRACY_7_CN2,AS_NP15,,2024-07-10T07:00:00-00:00,2031-01-01T07:59:59-00:00,2024-07-10T00:00:00,2030-12-31T23:59:59
AS_NP15,TRAVIS_6_B1,AS_NP15,,2009-03-31T07:00:00-00:00,2031-01-01T07:59:59-00:00,2009-03-31T00:00:00,2030-12-31T23:59:59
AS_NP15,TRESVIS_6_N001,AS_NP15,,2009-03-31T07:00:00-00:00,2031-01-01T07:59:59-00:00,2009-03-31T00:00:00,2030-12-31T23:59:59
AS_NP15,TRIMBLE_1_N004,AS_NP15,,2009-03-31T07:00:00-00:00,2031-01-01T07:59:59-00:00,2009-03-31T00:00:00,2030-12-31T23:59:59
AS_NP15,TRIMBLE_1_N010,AS_NP15,,2009-03-31T07:00:00-00:00,2031-01-01T07:59:59-00:00,2009-03-31T00:00:00,2030-12-31T23:59:59
AS_NP15,TRIMBLE_1_N016,AS_NP15,,2009-03-31T07:00:00-00:00,2031-01-01T07:59:59-00:00,2009-03-31T00:00:00,2030-12-31T23:59:59
AS_NP15,TRIMBLE_1_N020,AS_NP15,,2009-03-31T07:00:00-00:00,2031-01-01T07:59:59-00:00,2009-03-31T00:00:00,2030-12-31T23:59:59
AS_NP15,TRINIDAD_6_N001,AS_NP15,,2009-03-31T07:00:00-00:00,2031-01-01T07:59:59-00:00,2009-03-31T00:00:00,2030-12-31T23:59:59
AS_NP15,TRNLTYSS_2_B1,AS_NP15,,2017-08-17T07:00:00-00:00,2031-01-01T07:59:59-00:00,2017-08-17T00:00:00,2030-12-31T23:59:59
AS_NP15,TRVSHPT_6_B1,AS_NP15,,2009-03-31T07:00:00-00:00,2031-01-01T07:59:59-00:00,2009-03-31T00:00:00,2030-12-31T23:59:59
AS_NP15,TUDOR_6_N001,AS_NP15,,2009-03-31T07:00:00-00:00,2031-01-01T07:59:59-00:00,2009-03-31T00:00:00,2030-12-31T23:59:59
AS_NP15,TULLCK_7_UNITS-APND,AS_NP15,,2009-03-31T07:00:00-00:00,2031-01-01T07:59:59-00:00,2009-03-31T00:00:00,2030-12-31T23:59:59
AS_NP15,TULLOCH_7_B1,AS_NP15,,2023-05-05T07:00:00-00:00,2031-01-01T07:59:59-00:00,2023-05-05T00:00:00,2030-12-31T23:59:59
AS_NP15,TULLOCH_7_B2,AS_NP15,,2023-05-05T07:00:00-00:00,2031-01-01T07:59:59-00:00,2023-05-05T00:00:00,2030-12-31T23:59:59
AS_NP15,TULLOCH_7_B4,AS_NP15,,2023-05-05T07:00:00-00:00,2031-01-01T07:59:59-00:00,2023-05-05T00:00:00,2030-12-31T23:59:59
AS_NP15,TULUCAY_6_N001,AS_NP15,,2009-03-31T07:00:00-00:00,2031-01-01T07:59:59-00:00,2009-03-31T00:00:00,2030-12-31T23:59:59
AS_NP15,TVYVLLY_6_N001,AS_NP15,,2009-03-31T07:00:00-00:00,2031-01-01T07:59:59-00:00,2009-03-31T00:00:00,2030-12-31T23:59:59
AS_NP15,TVYVLLY_6_N008,AS_NP15,,2025-05-13T07:00:00-00:00,2031-01-01T07:59:59-00:00,2025-05-13T00:00:00,2030-12-31T23:59:59
AS_NP15,TYLER_6_N001,AS_NP15,,2009-03-31T07:00:00-00:00,2031-01-01T07:59:59-00:00,2009-03-31T00:00:00,2030-12-31T23:59:59
AS_NP15,TYLER_6_N002,AS_NP15,,2009-03-31T07:00:00-00:00,2031-01-01T07:59:59-00:00,2009-03-31T00:00:00,2030-12-31T23:59:59
AS_NP15,UKIAH_1_N001,AS_NP15,,2009-03-31T07:00:00-00:00,2031-01-01T07:59:59-00:00,2009-03-31T00:00:00,2030-12-31T23:59:59
AS_NP15,UKIAH_1_N005,AS_NP15,,2009-03-31T07:00:00-00:00,2031-01-01T07:59:59-00:00,2009-03-31T00:00:00,2030-12-31T23:59:59
AS_NP15,ULTPWRJ_1_N001,AS_NP15,,2009-03-31T07:00:00-00:00,2031-01-01T07:59:59-00:00,2009-03-31T00:00:00,2030-12-31T23:59:59
AS_NP15,ULTRAJT_6_B1,AS_NP15,,2017-08-17T07:00:00-00:00,2031-01-01T07:59:59-00:00,2017-08-17T00:00:00,2030-12-31T23:59:59
AS_NP15,ULTRRCK_7_N001,AS_NP15,,2011-03-30T07:00:00-00:00,2031-01-01T07:59:59-00:00,2011-03-30T00:00:00,2030-12-31T23:59:59
AS_NP15,UNIONCH_7_B1,AS_NP15,,2009-03-31T07:00:00-00:00,2031-01-01T07:59:59-00:00,2009-03-31T00:00:00,2030-12-31T23:59:59
AS_NP15,UNOCAL_7_N001,AS_NP15,,2009-03-31T07:00:00-00:00,2031-01-01T07:59:59-00:00,2009-03-31T00:00:00,2030-12-31T23:59:59
AS_NP15,UNOCAL_7_N002,AS_NP15,,2009-03-31T07:00:00-00:00,2031-01-01T07:59:59-00:00,2009-03-31T00:00:00,2030-12-31T23:59:59
AS_NP15,UOP_6_N001,AS_NP15,,2009-03-31T07:00:00-00:00,2031-01-01T07:59:59-00:00,2009-03-31T00:00:00,2030-12-31T23:59:59
AS_NP15,UPPRLKE_6_N001,AS_NP15,,2009-03-31T07:00:00-00:00,2031-01-01T07:59:59-00:00,2009-03-31T00:00:00,2030-12-31T23:59:59
AS_NP15,URANIUM_6_N001,AS_NP15,,2017-02-16T08:00:00-00:00,2031-01-01T07:59:59-00:00,2017-02-16T00:00:00,2030-12-31T23:59:59
AS_NP15,URANIUM_6_N002,AS_NP15,,2017-02-16T08:00:00-00:00,2031-01-01T07:59:59-00:00,2017-02-16T00:00:00,2030-12-31T23:59:59
AS_NP15,URANIUM_6_N003,AS_NP15,,2017-02-16T08:00:00-00:00,2031-01-01T07:59:59-00:00,2017-02-16T00:00:00,2030-12-31T23:59:59
AS_NP15,URICH_6_N001,AS_NP15,,2009-03-31T07:00:00-00:00,2031-01-01T07:59:59-00:00,2009-03-31T00:00:00,2030-12-31T23:59:59
AS_NP15,USWINDPW_7_N001,AS_NP15,,2009-03-31T07:00:00-00:00,2031-01-01T07:59:59-00:00,2009-03-31T00:00:00,2030-12-31T23:59:59
AS_NP15,USWINDPW_7_N009,AS_NP15,,2025-05-13T07:00:00-00:00,2031-01-01T07:59:59-00:00,2025-05-13T00:00:00,2030-12-31T23:59:59
AS_NP15,USWP-FRK_6_N001,AS_NP15,,2025-05-13T07:00:00-00:00,2031-01-01T07:59:59-00:00,2025-05-13T00:00:00,2030-12-31T23:59:59
AS_NP15,USWP-JRW_2_N001,AS_NP15,,2025-05-13T07:00:00-00:00,2031-01-01T07:59:59-00:00,2025-05-13T00:00:00,2030-12-31T23:59:59
AS_NP15,USWP-PAT_1_B1,AS_NP15,,2009-03-31T07:00:00-00:00,2031-01-01T07:59:59-00:00,2009-03-31T00:00:00,2030-12-31T23:59:59
AS_NP15,USWPRLF_2_N004,AS_NP15,,2025-05-13T07:00:00-00:00,2031-01-01T07:59:59-00:00,2025-05-13T00:00:00,2030-12-31T23:59:59
AS_NP15,VACA-DIX_1_B1,AS_NP15,,2017-08-17T07:00:00-00:00,2031-01-01T07:59:59-00:00,2017-08-17T00:00:00,2030-12-31T23:59:59
AS_NP15,VACA-DIX_1_N001,AS_NP15,,2009-03-31T07:00:00-00:00,2031-01-01T07:59:59-00:00,2009-03-31T00:00:00,2030-12-31T23:59:59
AS_NP15,VACA-DIX_1_N014,AS_NP15,,2009-03-31T07:00:00-00:00,2031-01-01T07:59:59-00:00,2009-03-31T00:00:00,2030-12-31T23:59:59
AS_NP15,VACA-DIX_1_N083,AS_NP15,,2009-06-25T07:00:00-00:00,2031-01-01T07:59:59-00:00,2009-06-25T00:00:00,2030-12-31T23:59:59
AS_NP15,VACADIX_1_GN001,AS_NP15,,2025-05-13T07:00:00-00:00,2031-01-01T07:59:59-00:00,2025-05-13T00:00:00,2030-12-31T23:59:59
AS_NP15,VACADIX_1_N015,AS_NP15,,2019-02-21T08:00:00-00:00,2031-01-01T07:59:59-00:00,2019-02-21T00:00:00,2030-12-31T23:59:59
AS_NP15,VACADIX_1_N085,AS_NP15,,2011-08-12T07:00:00-00:00,2031-01-01T07:59:59-00:00,2011-08-12T00:00:00,2030-12-31T23:59:59
AS_NP15,VACADIX_1_N300,AS_NP15,,2019-02-21T08:00:00-00:00,2031-01-01T07:59:59-00:00,2019-02-21T00:00:00,2030-12-31T23:59:59
AS_NP15,VACAVIL_1_N001,AS_NP15,,2009-03-31T07:00:00-00:00,2031-01-01T07:59:59-00:00,2009-03-31T00:00:00,2030-12-31T23:59:59
AS_NP15,VACAVIL_1_N101,AS_NP15,,2009-03-31T07:00:00-00:00,2031-01-01T07:59:59-00:00,2009-03-31T00:00:00,2030-12-31T23:59:59
AS_NP15,VACAVIL_1_N102,AS_NP15,,2009-03-31T07:00:00-00:00,2031-01-01T07:59:59-00:00,2009-03-31T00:00:00,2030-12-31T23:59:59
AS_NP15,VALLECTS_6_B1,AS_NP15,,2009-06-25T07:00:00-00:00,2031-01-01T07:59:59-00:00,2009-06-25T00:00:00,2030-12-31T23:59:59
AS_NP15,VALLYHM_1_N001,AS_NP15,,2009-03-31T07:00:00-00:00,2031-01-01T07:59:59-00:00,2009-03-31T00:00:00,2030-12-31T23:59:59
AS_NP15,VALLYHM_1_N004,AS_NP15,,2025-05-13T07:00:00-00:00,2031-01-01T07:59:59-00:00,2025-05-13T00:00:00,2030-12-31T23:59:59
AS_NP15,VALLYHM_1_N005,AS_NP15,,2015-04-23T07:00:00-00:00,2031-01-01T07:59:59-00:00,2015-04-23T00:00:00,2030-12-31T23:59:59
AS_NP15,VALLYVW_1_N001,AS_NP15,,2009-03-31T07:00:00-00:00,2031-01-01T07:59:59-00:00,2009-03-31T00:00:00,2030-12-31T23:59:59
AS_NP15,VALLYVW_1_N003,AS_NP15,,2009-03-31T07:00:00-00:00,2031-01-01T07:59:59-00:00,2009-03-31T00:00:00,2030-12-31T23:59:59
AS_NP15,VASCJCT_6_B1,AS_NP15,,2017-08-17T07:00:00-00:00,2031-01-01T07:59:59-00:00,2017-08-17T00:00:00,2030-12-31T23:59:59
AS_NP15,VASCO_6_N001,AS_NP15,,2009-03-31T07:00:00-00:00,2031-01-01T07:59:59-00:00,2009-03-31T00:00:00,2030-12-31T23:59:59
AS_NP15,VASCO_6_N003,AS_NP15,,2009-03-31T07:00:00-00:00,2031-01-01T07:59:59-00:00,2009-03-31T00:00:00,2030-12-31T23:59:59
AS_NP15,VASONA_2_N001,AS_NP15,,2009-03-31T07:00:00-00:00,2031-01-01T07:59:59-00:00,2009-03-31T00:00:00,2030-12-31T23:59:59
AS_NP15,VASONA_2_N010,AS_NP15,,2009-03-31T07:00:00-00:00,2031-01-01T07:59:59-00:00,2009-03-31T00:00:00,2030-12-31T23:59:59
AS_NP15,VICTOR_6_N001,AS_NP15,,2009-03-31T07:00:00-00:00,2031-01-01T07:59:59-00:00,2009-03-31T00:00:00,2030-12-31T23:59:59
AS_NP15,VICTOR_6_N002,AS_NP15,,2011-12-21T08:00:00-00:00,2031-01-01T07:59:59-00:00,2011-12-21T00:00:00,2030-12-31T23:59:59
AS_NP15,VIEJO_6_N001,AS_NP15,,2012-10-11T07:00:00-00:00,2031-01-01T07:59:59-00:00,2012-10-11T00:00:00,2030-12-31T23:59:59
AS_NP15,VIEJO_6_N003,AS_NP15,,2012-10-11T07:00:00-00:00,2031-01-01T07:59:59-00:00,2012-10-11T00:00:00,2030-12-31T23:59:59
AS_NP15,VIERRA_1_N001,AS_NP15,,2025-06-12T07:00:00-00:00,2031-01-01T07:59:59-00:00,2025-06-12T00:00:00,2030-12-31T23:59:59
AS_NP15,VIERRA_1_N009,AS_NP15,,2025-06-12T07:00:00-00:00,2031-01-01T07:59:59-00:00,2025-06-12T00:00:00,2030-12-31T23:59:59
AS_NP15,VINA_6_N001,AS_NP15,,2009-03-31T07:00:00-00:00,2031-01-01T07:59:59-00:00,2009-03-31T00:00:00,2030-12-31T23:59:59
AS_NP15,VINEYARD_2_N001,AS_NP15,,2009-03-31T07:00:00-00:00,2031-01-01T07:59:59-00:00,2009-03-31T00:00:00,2030-12-31T23:59:59
AS_NP15,VINEYARD_2_N002,AS_NP15,,2009-03-31T07:00:00-00:00,2031-01-01T07:59:59-00:00,2009-03-31T00:00:00,2030-12-31T23:59:59
AS_NP15,VINEYARD_6_N001,AS_NP15,,2009-03-31T07:00:00-00:00,2031-01-01T07:59:59-00:00,2009-03-31T00:00:00,2030-12-31T23:59:59
AS_NP15,VISTRA3_7_N001,AS_NP15,,2025-05-13T07:00:00-00:00,2031-01-01T07:59:59-00:00,2025-05-13T00:00:00,2030-12-31T23:59:59
AS_NP15,VISTRA3_7_N002,AS_NP15,,2025-05-13T07:00:00-00:00,2031-01-01T07:59:59-00:00,2025-05-13T00:00:00,2030-12-31T23:59:59
AS_NP15,VISTRA3_7_N003,AS_NP15,,2025-05-13T07:00:00-00:00,2031-01-01T07:59:59-00:00,2025-05-13T00:00:00,2030-12-31T23:59:59
AS_NP15,VISTRA_7_N004,AS_NP15,,2025-05-13T07:00:00-00:00,2031-01-01T07:59:59-00:00,2025-05-13T00:00:00,2030-12-31T23:59:59
AS_NP15,VISTRA_7_N005,AS_NP15,,2025-05-13T07:00:00-00:00,2031-01-01T07:59:59-00:00,2025-05-13T00:00:00,2030-12-31T23:59:59
AS_NP15,VISTRA_7_N006,AS_NP15,,2025-05-13T07:00:00-00:00,2031-01-01T07:59:59-00:00,2025-05-13T00:00:00,2030-12-31T23:59:59
AS_NP15,VISTRA_7_N008,AS_NP15,,2025-05-13T07:00:00-00:00,2031-01-01T07:59:59-00:00,2025-05-13T00:00:00,2030-12-31T23:59:59
AS_NP15,VISTRA_7_N009,AS_NP15,,2025-05-13T07:00:00-00:00,2031-01-01T07:59:59-00:00,2025-05-13T00:00:00,2030-12-31T23:59:59
AS_NP15,VLLYSPS_6_B1,AS_NP15,,2017-08-17T07:00:00-00:00,2031-01-01T07:59:59-00:00,2017-08-17T00:00:00,2030-12-31T23:59:59
AS_NP15,VLLYSPS_6_CN6,AS_NP15,,2021-11-17T08:00:00-00:00,2031-01-01T07:59:59-00:00,2021-11-17T00:00:00,2030-12-31T23:59:59
AS_NP15,VOLTA1_7_B1,AS_NP15,,2025-05-13T07:00:00-00:00,2031-01-01T07:59:59-00:00,2025-05-13T00:00:00,2030-12-31T23:59:59
AS_NP15,VOLTA2_7_N001,AS_NP15,,2025-05-13T07:00:00-00:00,2031-01-01T07:59:59-00:00,2025-05-13T00:00:00,2030-12-31T23:59:59
AS_NP15,VOLTA2_7_N002,AS_NP15,,2025-05-13T07:00:00-00:00,2031-01-01T07:59:59-00:00,2025-05-13T00:00:00,2030-12-31T23:59:59
AS_NP15,VOLTA2_7_N009,AS_NP15,,2009-03-31T07:00:00-00:00,2031-01-01T07:59:59-00:00,2009-03-31T00:00:00,2030-12-31T23:59:59
AS_NP15,VOLTA2_7_N010,AS_NP15,,2025-05-13T07:00:00-00:00,2031-01-01T07:59:59-00:00,2025-05-13T00:00:00,2030-12-31T23:59:59
AS_NP15,VOLTA_6_N009,AS_NP15,,2025-05-13T07:00:00-00:00,2031-01-01T07:59:59-00:00,2025-05-13T00:00:00,2030-12-31T23:59:59
AS_NP15,VOLTA_6_N010,AS_NP15,,2025-05-13T07:00:00-00:00,2031-01-01T07:59:59-00:00,2025-05-13T00:00:00,2030-12-31T23:59:59
AS_NP15,WADHAM_7_B1,AS_NP15,,2025-05-13T07:00:00-00:00,2031-01-01T07:59:59-00:00,2025-05-13T00:00:00,2030-12-31T23:59:59
AS_NP15,WAHTOKE_1_N001,AS_NP15,,2009-03-31T07:00:00-00:00,2031-01-01T07:59:59-00:00,2009-03-31T00:00:00,2030-12-31T23:59:59
AS_NP15,WAHTOKE_1_N002,AS_NP15,,2009-03-31T07:00:00-00:00,2031-01-01T07:59:59-00:00,2009-03-31T00:00:00,2030-12-31T23:59:59
AS_NP15,WALSH_6_N001,AS_NP15,,2017-02-16T08:00:00-00:00,2031-01-01T07:59:59-00:00,2017-02-16T00:00:00,2030-12-31T23:59:59
AS_NP15,WALSH_6_N002,AS_NP15,,2017-02-16T08:00:00-00:00,2031-01-01T07:59:59-00:00,2017-02-16T00:00:00,2030-12-31T23:59:59
AS_NP15,WARNERVL_2_B1,AS_NP15,,2017-08-17T07:00:00-00:00,2031-01-01T07:59:59-00:00,2017-08-17T00:00:00,2030-12-31T23:59:59
AS_NP15,WATERLOO_6_N001,AS_NP15,,2009-03-31T07:00:00-00:00,2031-01-01T07:59:59-00:00,2009-03-31T00:00:00,2030-12-31T23:59:59
AS_NP15,WATRSHED_6_N001,AS_NP15,,2009-03-31T07:00:00-00:00,2031-01-01T07:59:59-00:00,2009-03-31T00:00:00,2030-12-31T23:59:59
AS_NP15,WAUKENA_1_B1,AS_NP15,,2017-08-17T07:00:00-00:00,2031-01-01T07:59:59-00:00,2017-08-17T00:00:00,2030-12-31T23:59:59
AS_NP15,WAUKENA_7_N003,AS_NP15,,2025-05-13T07:00:00-00:00,2031-01-01T07:59:59-00:00,2025-05-13T00:00:00,2030-12-31T23:59:59
AS_NP15,WDFRDF_7_N001,AS_NP15,,2025-05-13T07:00:00-00:00,2031-01-01T07:59:59-00:00,2025-05-13T00:00:00,2030-12-31T23:59:59
AS_NP15,WDLNDBM_1_B1,AS_NP15,,2017-08-17T07:00:00-00:00,2031-01-01T07:59:59-00:00,2017-08-17T00:00:00,2030-12-31T23:59:59
AS_NP15,WDWRGEN_7_N001,AS_NP15,,2016-02-11T08:00:00-00:00,2031-01-01T07:59:59-00:00,2016-02-11T00:00:00,2030-12-31T23:59:59
AS_NP15,WDWRGEN_7_N002,AS_NP15,,2025-05-13T07:00:00-00:00,2031-01-01T07:59:59-00:00,2025-05-13T00:00:00,2030-12-31T23:59:59
AS_NP15,WEBER1_6_N002,AS_NP15,,2025-05-13T07:00:00-00:00,2031-01-01T07:59:59-00:00,2025-05-13T00:00:00,2030-12-31T23:59:59
AS_NP15,WEBER1_6_N003,AS_NP15,,2015-10-22T07:00:00-00:00,2031-01-01T07:59:59-00:00,2015-10-22T00:00:00,2030-12-31T23:59:59
AS_NP15,WEBERGEN_7_N002,AS_NP15,,2018-08-23T07:00:00-00:00,2031-01-01T07:59:59-00:00,2018-08-23T00:00:00,2030-12-31T23:59:59
AS_NP15,WEBER_2_N021,AS_NP15,,2012-03-22T07:00:00-00:00,2031-01-01T07:59:59-00:00,2012-03-22T00:00:00,2030-12-31T23:59:59
AS_NP15,WEBER_6_N001,AS_NP15,,2012-10-11T07:00:00-00:00,2031-01-01T07:59:59-00:00,2012-10-11T00:00:00,2030-12-31T23:59:59
AS_NP15,WEBER_6_N041,AS_NP15,,2015-10-22T07:00:00-00:00,2031-01-01T07:59:59-00:00,2015-10-22T00:00:00,2030-12-31T23:59:59
AS_NP15,WEMRSWS_6_N001,AS_NP15,,2009-03-31T07:00:00-00:00,2031-01-01T07:59:59-00:00,2009-03-31T00:00:00,2030-12-31T23:59:59
AS_NP15,WESIX_6_N001,AS_NP15,,2009-03-31T07:00:00-00:00,2031-01-01T07:59:59-00:00,2009-03-31T00:00:00,2030-12-31T23:59:59
AS_NP15,WESTJCT_6_B1,AS_NP15,,2024-08-28T07:00:00-00:00,2031-01-01T07:59:59-00:00,2024-08-28T00:00:00,2030-12-31T23:59:59
AS_NP15,WESTLAND_6_N001,AS_NP15,,2009-03-31T07:00:00-00:00,2031-01-01T07:59:59-00:00,2009-03-31T00:00:00,2030-12-31T23:59:59
AS_NP15,WESTLANE_6_N001,AS_NP15,,2009-03-31T07:00:00-00:00,2031-01-01T07:59:59-00:00,2009-03-31T00:00:00,2030-12-31T23:59:59
AS_NP15,WESTLEY_6_N001,AS_NP15,,2009-03-31T07:00:00-00:00,2031-01-01T07:59:59-00:00,2009-03-31T00:00:00,2030-12-31T23:59:59
AS_NP15,WESTLEY_6_N004,AS_NP15,,2009-03-31T07:00:00-00:00,2031-01-01T07:59:59-00:00,2009-03-31T00:00:00,2030-12-31T23:59:59
AS_NP15,WESTLNDS_1_N001,AS_NP15,,2009-03-31T07:00:00-00:00,2031-01-01T07:59:59-00:00,2009-03-31T00:00:00,2030-12-31T23:59:59
AS_NP15,WESTLNDS_1_N019,AS_NP15,,2009-03-31T07:00:00-00:00,2031-01-01T07:59:59-00:00,2009-03-31T00:00:00,2030-12-31T23:59:59
AS_NP15,WESTPNT_6_N001,AS_NP15,,2009-03-31T07:00:00-00:00,2031-01-01T07:59:59-00:00,2009-03-31T00:00:00,2030-12-31T23:59:59
AS_NP15,WESTPNT_7_B2,AS_NP15,,2009-03-31T07:00:00-00:00,2031-01-01T07:59:59-00:00,2009-03-31T00:00:00,2030-12-31T23:59:59
AS_NP15,WESTPNT_7_N001,AS_NP15,,2009-03-31T07:00:00-00:00,2031-01-01T07:59:59-00:00,2009-03-31T00:00:00,2030-12-31T23:59:59
AS_NP15,WESTSDE_6_N001,AS_NP15,,2009-03-31T07:00:00-00:00,2031-01-01T07:59:59-00:00,2009-03-31T00:00:00,2030-12-31T23:59:59
AS_NP15,WESTWOOD_6_B1,AS_NP15,,2017-08-17T07:00:00-00:00,2031-01-01T07:59:59-00:00,2017-08-17T00:00:00,2030-12-31T23:59:59
AS_NP15,WHDPAN2_7_N101,AS_NP15,,2009-03-31T07:00:00-00:00,2031-01-01T07:59:59-00:00,2009-03-31T00:00:00,2030-12-31T23:59:59
AS_NP15,WHDPAN2_7_N102,AS_NP15,,2023-05-05T07:00:00-00:00,2031-01-01T07:59:59-00:00,2023-05-05T00:00:00,2030-12-31T23:59:59
AS_NP15,WHEATLND_6_N001,AS_NP15,,2009-03-31T07:00:00-00:00,2031-01-01T07:59:59-00:00,2009-03-31T00:00:00,2030-12-31T23:59:59
AS_NP15,WHEATLND_6_N005,AS_NP15,,2009-03-31T07:00:00-00:00,2031-01-01T07:59:59-00:00,2009-03-31T00:00:00,2030-12-31T23:59:59
AS_NP15,WHEATLND_6_N006,AS_NP15,,2025-05-13T07:00:00-00:00,2031-01-01T07:59:59-00:00,2025-05-13T00:00:00,2030-12-31T23:59:59
AS_NP15,WHEELBR1_7_B1,AS_NP15,,2025-05-13T07:00:00-00:00,2031-01-01T07:59:59-00:00,2025-05-13T00:00:00,2030-12-31T23:59:59
AS_NP15,WHEELBR2_7_B1,AS_NP15,,2009-03-31T07:00:00-00:00,2031-01-01T07:59:59-00:00,2009-03-31T00:00:00,2030-12-31T23:59:59
AS_NP15,WHISMAN_1_N001,AS_NP15,,2009-03-31T07:00:00-00:00,2031-01-01T07:59:59-00:00,2009-03-31T00:00:00,2030-12-31T23:59:59
AS_NP15,WHISMAN_1_N004,AS_NP15,,2009-03-31T07:00:00-00:00,2031-01-01T07:59:59-00:00,2009-03-31T00:00:00,2030-12-31T23:59:59
AS_NP15,WHISMAN_1_N009,AS_NP15,,2009-03-31T07:00:00-00:00,2031-01-01T07:59:59-00:00,2009-03-31T00:00:00,2030-12-31T23:59:59
AS_NP15,WHITMORE_6_N001,AS_NP15,,2009-03-31T07:00:00-00:00,2031-01-01T07:59:59-00:00,2009-03-31T00:00:00,2030-12-31T23:59:59
AS_NP15,WILDWOOD_1_N001,AS_NP15,,2017-11-16T08:00:00-00:00,2031-01-01T07:59:59-00:00,2017-11-16T00:00:00,2030-12-31T23:59:59
AS_NP15,WILKINS_6_N001,AS_NP15,,2009-03-31T07:00:00-00:00,2031-01-01T07:59:59-00:00,2009-03-31T00:00:00,2030-12-31T23:59:59
AS_NP15,WILLIAMS_6_N002,AS_NP15,,2009-03-31T07:00:00-00:00,2031-01-01T07:59:59-00:00,2009-03-31T00:00:00,2030-12-31T23:59:59
AS_NP15,WILLIAMS_7_N001,AS_NP15,,2025-05-13T07:00:00-00:00,2031-01-01T07:59:59-00:00,2025-05-13T00:00:00,2030-12-31T23:59:59
AS_NP15,WILLIAMS_7_N002,AS_NP15,,2021-08-25T07:00:00-00:00,2031-01-01T07:59:59-00:00,2021-08-25T00:00:00,2030-12-31T23:59:59
AS_NP15,WILLITS_6_N001,AS_NP15,,2009-03-31T07:00:00-00:00,2031-01-01T07:59:59-00:00,2009-03-31T00:00:00,2030-12-31T23:59:59
AS_NP15,WILLOWS_6_N001,AS_NP15,,2009-03-31T07:00:00-00:00,2031-01-01T07:59:59-00:00,2009-03-31T00:00:00,2030-12-31T23:59:59
AS_NP15,WILLWCRK_6_N001,AS_NP15,,2009-03-31T07:00:00-00:00,2031-01-01T07:59:59-00:00,2009-03-31T00:00:00,2030-12-31T23:59:59
AS_NP15,WILLWCRK_6_N003,AS_NP15,,2009-03-31T07:00:00-00:00,2031-01-01T07:59:59-00:00,2009-03-31T00:00:00,2030-12-31T23:59:59
AS_NP15,WINDSOR_6_N001,AS_NP15,,2018-05-24T07:00:00-00:00,2031-01-01T07:59:59-00:00,2018-05-24T00:00:00,2030-12-31T23:59:59
AS_NP15,WINTERS_6_N001,AS_NP15,,2009-03-31T07:00:00-00:00,2031-01-01T07:59:59-00:00,2009-03-31T00:00:00,2030-12-31T23:59:59
AS_NP15,WISE1_7_B1,AS_NP15,,2025-05-13T07:00:00-00:00,2031-01-01T07:59:59-00:00,2025-05-13T00:00:00,2030-12-31T23:59:59
AS_NP15,WISE2_7_B1,AS_NP15,,2025-05-13T07:00:00-00:00,2031-01-01T07:59:59-00:00,2025-05-13T00:00:00,2030-12-31T23:59:59
AS_NP15,WISHON1_7_B2,AS_NP15,,2023-05-05T07:00:00-00:00,2031-01-01T07:59:59-00:00,2023-05-05T00:00:00,2030-12-31T23:59:59
AS_NP15,WISHON1_7_B3,AS_NP15,,2023-05-05T07:00:00-00:00,2031-01-01T07:59:59-00:00,2023-05-05T00:00:00,2030-12-31T23:59:59
AS_NP15,WISHON2_7_B2,AS_NP15,,2023-05-05T07:00:00-00:00,2031-01-01T07:59:59-00:00,2023-05-05T00:00:00,2030-12-31T23:59:59
AS_NP15,WISHON2_7_B3,AS_NP15,,2023-05-05T07:00:00-00:00,2031-01-01T07:59:59-00:00,2023-05-05T00:00:00,2030-12-31T23:59:59
AS_NP15,WISHON_6_UNITS-APND,AS_NP15,,2009-03-31T07:00:00-00:00,2031-01-01T07:59:59-00:00,2009-03-31T00:00:00,2030-12-31T23:59:59
AS_NP15,WLFSKIL1_1_N004,AS_NP15,,2009-06-25T07:00:00-00:00,2031-01-01T07:59:59-00:00,2009-06-25T00:00:00,2030-12-31T23:59:59
AS_NP15,WLLWPSS_6_N001,AS_NP15,,2009-03-31T07:00:00-00:00,2031-01-01T07:59:59-00:00,2009-03-31T00:00:00,2030-12-31T23:59:59
AS_NP15,WNDMSTR_2_N001,AS_NP15,,2025-05-13T07:00:00-00:00,2031-01-01T07:59:59-00:00,2025-05-13T00:00:00,2030-12-31T23:59:59
AS_NP15,WNTUPMS_6_N001,AS_NP15,,2009-03-31T07:00:00-00:00,2031-01-01T07:59:59-00:00,2009-03-31T00:00:00,2030-12-31T23:59:59
AS_NP15,WOHLER_6_N001,AS_NP15,,2009-03-31T07:00:00-00:00,2031-01-01T07:59:59-00:00,2009-03-31T00:00:00,2030-12-31T23:59:59
AS_NP15,WOLFE_1_N001,AS_NP15,,2009-03-31T07:00:00-00:00,2031-01-01T07:59:59-00:00,2009-03-31T00:00:00,2030-12-31T23:59:59
AS_NP15,WOLFE_1_N002,AS_NP15,,2009-03-31T07:00:00-00:00,2031-01-01T07:59:59-00:00,2009-03-31T00:00:00,2030-12-31T23:59:59
AS_NP15,WOLFE_1_N007,AS_NP15,,2009-03-31T07:00:00-00:00,2031-01-01T07:59:59-00:00,2009-03-31T00:00:00,2030-12-31T23:59:59
AS_NP15,WOLFSKIL_7_B1,AS_NP15,,2025-05-13T07:00:00-00:00,2031-01-01T07:59:59-00:00,2025-05-13T00:00:00,2030-12-31T23:59:59
AS_NP15,WOODACRE_6_N001,AS_NP15,,2009-03-31T07:00:00-00:00,2031-01-01T07:59:59-00:00,2009-03-31T00:00:00,2030-12-31T23:59:59
AS_NP15,WOODLAND_7_B1,AS_NP15,,2025-10-15T07:00:00-00:00,2031-01-01T07:59:59-00:00,2025-10-15T00:00:00,2030-12-31T23:59:59
AS_NP15,WOODLD_1_N001,AS_NP15,,2009-03-31T07:00:00-00:00,2031-01-01T07:59:59-00:00,2009-03-31T00:00:00,2030-12-31T23:59:59
AS_NP15,WOODLD_1_N005,AS_NP15,,2009-03-31T07:00:00-00:00,2031-01-01T07:59:59-00:00,2009-03-31T00:00:00,2030-12-31T23:59:59
AS_NP15,WOODLD_1_N012,AS_NP15,,2009-03-31T07:00:00-00:00,2031-01-01T07:59:59-00:00,2009-03-31T00:00:00,2030-12-31T23:59:59
AS_NP15,WOODLEAF_7_B1,AS_NP15,,2009-03-31T07:00:00-00:00,2031-01-01T07:59:59-00:00,2009-03-31T00:00:00,2030-12-31T23:59:59
AS_NP15,WOODSIDE_6_N003,AS_NP15,,2009-03-31T07:00:00-00:00,2031-01-01T07:59:59-00:00,2009-03-31T00:00:00,2030-12-31T23:59:59
AS_NP15,WOODSIDE_6_N004,AS_NP15,,2009-03-31T07:00:00-00:00,2031-01-01T07:59:59-00:00,2009-03-31T00:00:00,2030-12-31T23:59:59
AS_NP15,WOODSIDE_6_N006,AS_NP15,,2014-11-13T08:00:00-00:00,2031-01-01T07:59:59-00:00,2014-11-13T00:00:00,2030-12-31T23:59:59
AS_NP15,WOODWARD_1_N005,AS_NP15,,2009-03-31T07:00:00-00:00,2031-01-01T07:59:59-00:00,2009-03-31T00:00:00,2030-12-31T23:59:59
AS_NP15,WOODWARD_1_N006,AS_NP15,,2009-03-31T07:00:00-00:00,2031-01-01T07:59:59-00:00,2009-03-31T00:00:00,2030-12-31T23:59:59
AS_NP15,WPBART_1_GN001,AS_NP15,,2025-05-13T07:00:00-00:00,2031-01-01T07:59:59-00:00,2025-05-13T00:00:00,2030-12-31T23:59:59
AS_NP15,WPBART_1_N001,AS_NP15,,2009-03-31T07:00:00-00:00,2031-01-01T07:59:59-00:00,2009-03-31T00:00:00,2030-12-31T23:59:59
AS_NP15,WPBART_1_N004,AS_NP15,,2026-02-11T08:00:00-00:00,2031-01-01T07:59:59-00:00,2026-02-11T00:00:00,2030-12-31T23:59:59
AS_NP15,WPBART_1_N026,AS_NP15,,2026-02-11T08:00:00-00:00,2031-01-01T07:59:59-00:00,2026-02-11T00:00:00,2030-12-31T23:59:59
AS_NP15,WRGHTPP_6_N001,AS_NP15,,2009-03-31T07:00:00-00:00,2031-01-01T07:59:59-00:00,2009-03-31T00:00:00,2030-12-31T23:59:59
AS_NP15,WRGHTPP_6_N002,AS_NP15,,2009-03-31T07:00:00-00:00,2031-01-01T07:59:59-00:00,2009-03-31T00:00:00,2030-12-31T23:59:59
AS_NP15,WRGTSRGN_7_N001,AS_NP15,,2025-05-13T07:00:00-00:00,2031-01-01T07:59:59-00:00,2025-05-13T00:00:00,2030-12-31T23:59:59
AS_NP15,WSCRMNO_1_N004,AS_NP15,,2009-03-31T07:00:00-00:00,2031-01-01T07:59:59-00:00,2009-03-31T00:00:00,2030-12-31T23:59:59
AS_NP15,WSCRMNO_1_N013,AS_NP15,,2009-03-31T07:00:00-00:00,2031-01-01T07:59:59-00:00,2009-03-31T00:00:00,2030-12-31T23:59:59
AS_NP15,WSCRMNO_1_N201,AS_NP15,,2009-03-31T07:00:00-00:00,2031-01-01T07:59:59-00:00,2009-03-31T00:00:00,2030-12-31T23:59:59
AS_NP15,WSTFRSO_1_N001,AS_NP15,,2009-03-31T07:00:00-00:00,2031-01-01T07:59:59-00:00,2009-03-31T00:00:00,2030-12-31T23:59:59
AS_NP15,WSTFRSO_1_N004,AS_NP15,,2009-03-31T07:00:00-00:00,2031-01-01T07:59:59-00:00,2009-03-31T00:00:00,2030-12-31T23:59:59
AS_NP15,WSTFRSO_1_N015,AS_NP15,,2011-03-31T07:00:00-00:00,2031-01-01T07:59:59-00:00,2011-03-31T00:00:00,2030-12-31T23:59:59
AS_NP15,WSTFRSO_1_N017,AS_NP15,,2025-05-13T07:00:00-00:00,2031-01-01T07:59:59-00:00,2025-05-13T00:00:00,2030-12-31T23:59:59
AS_NP15,WSTLD1RA_1_N001,AS_NP15,,2009-03-31T07:00:00-00:00,2031-01-01T07:59:59-00:00,2009-03-31T00:00:00,2030-12-31T23:59:59
AS_NP15,WTSNVLLE_6_N001,AS_NP15,,2009-03-31T07:00:00-00:00,2031-01-01T07:59:59-00:00,2009-03-31T00:00:00,2030-12-31T23:59:59
AS_NP15,WTSNVLLE_6_N003,AS_NP15,,2009-03-31T07:00:00-00:00,2031-01-01T07:59:59-00:00,2009-03-31T00:00:00,2030-12-31T23:59:59
AS_NP15,WYANDTTE_1_N001,AS_NP15,,2022-07-28T07:00:00-00:00,2031-01-01T07:59:59-00:00,2022-07-28T00:00:00,2030-12-31T23:59:59
AS_NP15,WYANDTTE_1_N003,AS_NP15,,2022-07-28T07:00:00-00:00,2031-01-01T07:59:59-00:00,2022-07-28T00:00:00,2030-12-31T23:59:59
AS_NP15,WYANDTTE_1_N102,AS_NP15,,2022-07-28T07:00:00-00:00,2031-01-01T07:59:59-00:00,2022-07-28T00:00:00,2030-12-31T23:59:59
AS_NP15,YCCOGEN_7_B1,AS_NP15,,2009-03-31T07:00:00-00:00,2031-01-01T07:59:59-00:00,2009-03-31T00:00:00,2030-12-31T23:59:59
AS_NP15,YOSEMITE_6_N001,AS_NP15,,2009-03-31T07:00:00-00:00,2031-01-01T07:59:59-00:00,2009-03-31T00:00:00,2030-12-31T23:59:59
AS_NP15,YUBACITY_6_N010,AS_NP15,,2009-06-25T07:00:00-00:00,2031-01-01T07:59:59-00:00,2009-06-25T00:00:00,2030-12-31T23:59:59
AS_NP15,YUBACTY_7_B1,AS_NP15,,2009-03-31T07:00:00-00:00,2031-01-01T07:59:59-00:00,2009-03-31T00:00:00,2030-12-31T23:59:59
AS_NP15,YUBAGOLD_6_N001,AS_NP15,,2011-08-11T07:00:00-00:00,2031-01-01T07:59:59-00:00,2011-08-11T00:00:00,2030-12-31T23:59:59
AS_NP15,ZAMORA_1_LN001,AS_NP15,,2010-08-26T07:00:00-00:00,2031-01-01T07:59:59-00:00,2010-08-26T00:00:00,2030-12-31T23:59:59
AS_NP15,ZAMORA_1_N001,AS_NP15,,2025-06-12T07:00:00-00:00,2031-01-01T07:59:59-00:00,2025-06-12T00:00:00,2030-12-31T23:59:59
AS_NP15,ZANKER_1_N001,AS_NP15,,2009-03-31T07:00:00-00:00,2031-01-01T07:59:59-00:00,2009-03-31T00:00:00,2030-12-31T23:59:59
AS_NP15,ZANKER_1_N003,AS_NP15,,2009-03-31T07:00:00-00:00,2031-01-01T07:59:59-00:00,2009-03-31T00:00:00,2030-12-31T23:59:59
AS_NP15,ZENO_6_N001,AS_NP15,,2017-02-16T08:00:00-00:00,2031-01-01T07:59:59-00:00,2017-02-16T00:00:00,2030-12-31T23:59:59
AS_NP15,ZENO_6_N002,AS_NP15,,2017-02-16T08:00:00-00:00,2031-01-01T07:59:59-00:00,2017-02-16T00:00:00,2030-12-31T23:59:59
AS_NP15,ZEROWST_7_N002,AS_NP15,,2025-05-13T07:00:00-00:00,2031-01-01T07:59:59-00:00,2025-05-13T00:00:00,2030-12-31T23:59:59
AS_NP15,ZONDWD_6_B1,AS_NP15,,2022-11-16T08:00:00-00:00,2031-01-01T07:59:59-00:00,2022-11-16T00:00:00,2030-12-31T23:59:59
