AS_REGION_ID,PNODE_ID,DESCRIPTION,COMMENTS,EFF_START_DT_GMT,EFF_END_DT_GMT,EFF_START_DT,EFF_END_DT
AS_SP15,0096WD_7_N001,AS_SP15,,2025-05-13T07:00:00-00:00,2031-01-01T07:59:59-00:00,2025-05-13T00:00:00,2030-12-31T23:59:59
AS_SP15,0096WD_7_N002,AS_SP15,,2015-01-15T08:00:00-00:00,2031-01-01T07:59:59-00:00,2015-01-15T00:00:00,2030-12-31T23:59:59
AS_SP15,1501WDC2_7_ND001,AS_SP15,,2020-01-17T08:00:00-00:00,2031-01-01T07:59:59-00:00,2020-01-17T00:00:00,2030-12-31T23:59:59
AS_SP15,2C559EQ2_7_N001,AS_SP15,,2017-08-17T07:00:00-00:00,2031-01-01T07:59:59-00:00,2017-08-17T00:00:00,2030-12-31T23:59:59
AS_SP15,2C559_1_B1,AS_SP15,,2017-08-17T07:00:00-00:00,2031-01-01T07:59:59-00:00,2017-08-17T00:00:00,2030-12-31T23:59:59
AS_SP15,2PBLSM34_7_N001,AS_SP15,,2025-05-13T07:00:00-00:00,2031-01-01T07:59:59-00:00,2025-05-13T00:00:00,2030-12-31T23:59:59
AS_SP15,3EMIDIO_6_N001,AS_SP15,,2017-11-16T08:00:00-00:00,2031-01-01T07:59:59-00:00,2017-11-16T00:00:00,2030-12-31T23:59:59
AS_SP15,3EMIDIO_6_N002,AS_SP15,,2017-11-16T08:00:00-00:00,2031-01-01T07:59:59-00:00,2017-11-16T00:00:00,2030-12-31T23:59:59
AS_SP15,3EMIDIO_6_N003,AS_SP15,,2017-11-16T08:00:00-00:00,2031-01-01T07:59:59-00:00,2017-11-16T00:00:00,2030-12-31T23:59:59
AS_SP15,4C744C12_7_N001,AS_SP15,,2015-01-15T08:00:00-00:00,2031-01-01T07:59:59-00:00,2015-01-15T00:00:00,2030-12-31T23:59:59
AS_SP15,4C744C12_7_N002,AS_SP15,,2015-01-15T08:00:00-00:00,2031-01-01T07:59:59-00:00,2015-01-15T00:00:00,2030-12-31T23:59:59
AS_SP15,4C744C22_7_N001,AS_SP15,,2015-01-15T08:00:00-00:00,2031-01-01T07:59:59-00:00,2015-01-15T00:00:00,2030-12-31T23:59:59
AS_SP15,4C744C32_7_N001,AS_SP15,,2015-01-15T08:00:00-00:00,2031-01-01T07:59:59-00:00,2015-01-15T00:00:00,2030-12-31T23:59:59
AS_SP15,4C744C32_7_N002,AS_SP15,,2015-01-15T08:00:00-00:00,2031-01-01T07:59:59-00:00,2015-01-15T00:00:00,2030-12-31T23:59:59
AS_SP15,4C744C42_7_N001,AS_SP15,,2017-08-17T07:00:00-00:00,2031-01-01T07:59:59-00:00,2017-08-17T00:00:00,2030-12-31T23:59:59
AS_SP15,ACACIA_7_N001,AS_SP15,,2014-08-28T07:00:00-00:00,2031-01-01T07:59:59-00:00,2014-08-28T00:00:00,2030-12-31T23:59:59
AS_SP15,ACTONSC_6_N001,AS_SP15,,2011-10-13T07:00:00-00:00,2031-01-01T07:59:59-00:00,2011-10-13T00:00:00,2030-12-31T23:59:59
AS_SP15,AGUAMNSA_7_B1,AS_SP15,,2009-03-31T07:00:00-00:00,2031-01-01T07:59:59-00:00,2009-03-31T00:00:00,2030-12-31T23:59:59
AS_SP15,AGUCALG1_7_B1,AS_SP15,,2025-05-13T07:00:00-00:00,2031-01-01T07:59:59-00:00,2025-05-13T00:00:00,2030-12-31T23:59:59
AS_SP15,ALAMITOS_2_B1,AS_SP15,,2019-09-23T07:00:00-00:00,2031-01-01T07:59:59-00:00,2019-09-23T00:00:00,2030-12-31T23:59:59
AS_SP15,ALAMITOS_2_N001,AS_SP15,,2009-03-31T07:00:00-00:00,2031-01-01T07:59:59-00:00,2009-03-31T00:00:00,2030-12-31T23:59:59
AS_SP15,ALAMITOS_2_N040,AS_SP15,,2009-03-31T07:00:00-00:00,2031-01-01T07:59:59-00:00,2009-03-31T00:00:00,2030-12-31T23:59:59
AS_SP15,ALAMIT_7_NBT2,AS_SP15,,2025-05-13T07:00:00-00:00,2031-01-01T07:59:59-00:00,2025-05-13T00:00:00,2030-12-31T23:59:59
AS_SP15,ALAMOSC_7_N001,AS_SP15,,2025-05-13T07:00:00-00:00,2031-01-01T07:59:59-00:00,2025-05-13T00:00:00,2030-12-31T23:59:59
AS_SP15,ALAMT1G_7_B1,AS_SP15,,2009-03-31T07:00:00-00:00,2031-01-01T07:59:59-00:00,2009-03-31T00:00:00,2030-12-31T23:59:59
AS_SP15,ALAMT1G_7_N002,AS_SP15,,2009-03-31T07:00:00-00:00,2031-01-01T07:59:59-00:00,2009-03-31T00:00:00,2030-12-31T23:59:59
AS_SP15,ALAMT2G_7_B1,AS_SP15,,2009-03-31T07:00:00-00:00,2031-01-01T07:59:59-00:00,2009-03-31T00:00:00,2030-12-31T23:59:59
AS_SP15,ALAMT2G_7_N002,AS_SP15,,2009-03-31T07:00:00-00:00,2031-01-01T07:59:59-00:00,2009-03-31T00:00:00,2030-12-31T23:59:59
AS_SP15,ALAMT3G_7_B1,AS_SP15,,2025-05-13T07:00:00-00:00,2031-01-01T07:59:59-00:00,2025-05-13T00:00:00,2030-12-31T23:59:59
AS_SP15,ALAMT3G_7_N002,AS_SP15,,2009-03-31T07:00:00-00:00,2031-01-01T07:59:59-00:00,2009-03-31T00:00:00,2030-12-31T23:59:59
AS_SP15,ALAMT4G_7_B1,AS_SP15,,2025-05-13T07:00:00-00:00,2031-01-01T07:59:59-00:00,2025-05-13T00:00:00,2030-12-31T23:59:59
AS_SP15,ALAMT4G_7_N002,AS_SP15,,2009-03-31T07:00:00-00:00,2031-01-01T07:59:59-00:00,2009-03-31T00:00:00,2030-12-31T23:59:59
AS_SP15,ALAMT5G_7_B1,AS_SP15,,2009-03-31T07:00:00-00:00,2031-01-01T07:59:59-00:00,2009-03-31T00:00:00,2030-12-31T23:59:59
AS_SP15,ALAMT5G_7_N002,AS_SP15,,2009-03-31T07:00:00-00:00,2031-01-01T07:59:59-00:00,2009-03-31T00:00:00,2030-12-31T23:59:59
AS_SP15,ALAMT6G_7_B1,AS_SP15,,2009-03-31T07:00:00-00:00,2031-01-01T07:59:59-00:00,2009-03-31T00:00:00,2030-12-31T23:59:59
AS_SP15,ALAMT6G_7_N002,AS_SP15,,2009-03-31T07:00:00-00:00,2031-01-01T07:59:59-00:00,2009-03-31T00:00:00,2030-12-31T23:59:59
AS_SP15,ALASB1_7_NSB1,AS_SP15,,2025-05-13T07:00:00-00:00,2031-01-01T07:59:59-00:00,2025-05-13T00:00:00,2030-12-31T23:59:59
AS_SP15,ALASB2_7_NSB2,AS_SP15,,2025-05-13T07:00:00-00:00,2031-01-01T07:59:59-00:00,2025-05-13T00:00:00,2030-12-31T23:59:59
AS_SP15,ALESSAND_1_N003,AS_SP15,,2018-08-23T07:00:00-00:00,2031-01-01T07:59:59-00:00,2018-08-23T00:00:00,2030-12-31T23:59:59
AS_SP15,ALESSAND_1_N005,AS_SP15,,2018-08-23T07:00:00-00:00,2031-01-01T07:59:59-00:00,2018-08-23T00:00:00,2030-12-31T23:59:59
AS_SP15,ALESSAND_1_N007,AS_SP15,,2018-08-23T07:00:00-00:00,2031-01-01T07:59:59-00:00,2018-08-23T00:00:00,2030-12-31T23:59:59
AS_SP15,ALESSAND_1_N009,AS_SP15,,2018-08-23T07:00:00-00:00,2031-01-01T07:59:59-00:00,2018-08-23T00:00:00,2030-12-31T23:59:59
AS_SP15,ALMASL3_7_N001,AS_SP15,,2025-05-13T07:00:00-00:00,2031-01-01T07:59:59-00:00,2025-05-13T00:00:00,2030-12-31T23:59:59
AS_SP15,ALMASL3_7_N002,AS_SP15,,2025-05-13T07:00:00-00:00,2031-01-01T07:59:59-00:00,2025-05-13T00:00:00,2030-12-31T23:59:59
AS_SP15,ALMASL_7_GUB6N,AS_SP15,,2025-05-13T07:00:00-00:00,2031-01-01T07:59:59-00:00,2025-05-13T00:00:00,2030-12-31T23:59:59
AS_SP15,ALMASL_7_GUS6N,AS_SP15,,2025-05-13T07:00:00-00:00,2031-01-01T07:59:59-00:00,2025-05-13T00:00:00,2030-12-31T23:59:59
AS_SP15,ALMASL_7_GUS7N,AS_SP15,,2025-05-13T07:00:00-00:00,2031-01-01T07:59:59-00:00,2025-05-13T00:00:00,2030-12-31T23:59:59
AS_SP15,ALMERGB2_7_N001,AS_SP15,,2025-05-13T07:00:00-00:00,2031-01-01T07:59:59-00:00,2025-05-13T00:00:00,2030-12-31T23:59:59
AS_SP15,ALPAUGH_1_N004,AS_SP15,,2017-08-17T07:00:00-00:00,2031-01-01T07:59:59-00:00,2017-08-17T00:00:00,2030-12-31T23:59:59
AS_SP15,ALPAUGH_7_N001,AS_SP15,,2025-05-13T07:00:00-00:00,2031-01-01T07:59:59-00:00,2025-05-13T00:00:00,2030-12-31T23:59:59
AS_SP15,ALPAUGH_7_N002,AS_SP15,,2023-08-31T07:00:00-00:00,2031-01-01T07:59:59-00:00,2023-08-31T00:00:00,2030-12-31T23:59:59
AS_SP15,ALPINE_6_N001,AS_SP15,,2009-03-31T07:00:00-00:00,2031-01-01T07:59:59-00:00,2009-03-31T00:00:00,2030-12-31T23:59:59
AS_SP15,ALPINE_6_N005,AS_SP15,,2009-03-31T07:00:00-00:00,2031-01-01T07:59:59-00:00,2009-03-31T00:00:00,2030-12-31T23:59:59
AS_SP15,ALTA1G_7_B1,AS_SP15,,2009-03-31T07:00:00-00:00,2031-01-01T07:59:59-00:00,2009-03-31T00:00:00,2030-12-31T23:59:59
AS_SP15,ALTA2G_7_B1,AS_SP15,,2009-03-31T07:00:00-00:00,2031-01-01T07:59:59-00:00,2009-03-31T00:00:00,2030-12-31T23:59:59
AS_SP15,ALTA30ST_7_B1,AS_SP15,,2009-03-31T07:00:00-00:00,2031-01-01T07:59:59-00:00,2009-03-31T00:00:00,2030-12-31T23:59:59
AS_SP15,ALTA31GT_7_B1,AS_SP15,,2009-03-31T07:00:00-00:00,2031-01-01T07:59:59-00:00,2009-03-31T00:00:00,2030-12-31T23:59:59
AS_SP15,ALTA32GT_7_B1,AS_SP15,,2023-05-05T07:00:00-00:00,2031-01-01T07:59:59-00:00,2023-05-05T00:00:00,2030-12-31T23:59:59
AS_SP15,ALTA40ST_7_B1,AS_SP15,,2009-03-31T07:00:00-00:00,2031-01-01T07:59:59-00:00,2009-03-31T00:00:00,2030-12-31T23:59:59
AS_SP15,ALTA41GT_7_B1,AS_SP15,,2009-03-31T07:00:00-00:00,2031-01-01T07:59:59-00:00,2009-03-31T00:00:00,2030-12-31T23:59:59
AS_SP15,ALTA42GT_7_B1,AS_SP15,,2023-05-05T07:00:00-00:00,2031-01-01T07:59:59-00:00,2023-05-05T00:00:00,2030-12-31T23:59:59
AS_SP15,ALTA6B2_7_N003,AS_SP15,,2013-09-19T07:00:00-00:00,2031-01-01T07:59:59-00:00,2013-09-19T00:00:00,2030-12-31T23:59:59
AS_SP15,ALTA6E2_7_N002,AS_SP15,,2013-09-19T07:00:00-00:00,2031-01-01T07:59:59-00:00,2013-09-19T00:00:00,2030-12-31T23:59:59
AS_SP15,ALTAD1_7_N006,AS_SP15,,2025-05-13T07:00:00-00:00,2031-01-01T07:59:59-00:00,2025-05-13T00:00:00,2030-12-31T23:59:59
AS_SP15,ALTAD2_7_N006,AS_SP15,,2025-05-13T07:00:00-00:00,2031-01-01T07:59:59-00:00,2025-05-13T00:00:00,2030-12-31T23:59:59
AS_SP15,ALTAPES_7_N001,AS_SP15,,2025-05-13T07:00:00-00:00,2031-01-01T07:59:59-00:00,2025-05-13T00:00:00,2030-12-31T23:59:59
AS_SP15,ALTWD1_7_N003,AS_SP15,,2025-05-13T07:00:00-00:00,2031-01-01T07:59:59-00:00,2025-05-13T00:00:00,2030-12-31T23:59:59
AS_SP15,ALTWD1_7_N004,AS_SP15,,2025-05-13T07:00:00-00:00,2031-01-01T07:59:59-00:00,2025-05-13T00:00:00,2030-12-31T23:59:59
AS_SP15,AMWWD1_1_NWD1,AS_SP15,,2025-05-13T07:00:00-00:00,2031-01-01T07:59:59-00:00,2025-05-13T00:00:00,2030-12-31T23:59:59
AS_SP15,ANAHEIM_6_N001,AS_SP15,,2009-03-31T07:00:00-00:00,2031-01-01T07:59:59-00:00,2009-03-31T00:00:00,2030-12-31T23:59:59
AS_SP15,ANAVERDE_6_N001,AS_SP15,,2009-06-25T07:00:00-00:00,2031-01-01T07:59:59-00:00,2009-06-25T00:00:00,2030-12-31T23:59:59
AS_SP15,ANGELA_7_N001,AS_SP15,,2025-06-12T07:00:00-00:00,2031-01-01T07:59:59-00:00,2025-06-12T00:00:00,2030-12-31T23:59:59
AS_SP15,ANGELA_7_N002,AS_SP15,,2025-06-12T07:00:00-00:00,2031-01-01T07:59:59-00:00,2025-06-12T00:00:00,2030-12-31T23:59:59
AS_SP15,ANTELOPE_2_B1,AS_SP15,,2017-08-17T07:00:00-00:00,2031-01-01T07:59:59-00:00,2017-08-17T00:00:00,2030-12-31T23:59:59
AS_SP15,ANTELOPE_6_B1,AS_SP15,,2017-08-17T07:00:00-00:00,2031-01-01T07:59:59-00:00,2017-08-17T00:00:00,2030-12-31T23:59:59
AS_SP15,ANTELOPE_6_N001,AS_SP15,,2017-11-16T08:00:00-00:00,2031-01-01T07:59:59-00:00,2017-11-16T00:00:00,2030-12-31T23:59:59
AS_SP15,ANTLPE_2_QF-APND,AS_SP15,,2009-03-31T07:00:00-00:00,2031-01-01T07:59:59-00:00,2009-03-31T00:00:00,2030-12-31T23:59:59
AS_SP15,AQUAWS_2_AQWSR1-APND,AS_SP15,,2022-01-14T08:00:00-00:00,2031-01-01T07:59:59-00:00,2022-01-14T00:00:00,2030-12-31T23:59:59
AS_SP15,AQUAWS_7_CN1,AS_SP15,,2022-01-14T08:00:00-00:00,2031-01-01T07:59:59-00:00,2022-01-14T00:00:00,2030-12-31T23:59:59
AS_SP15,AQUAWS_7_N002,AS_SP15,,2022-01-14T08:00:00-00:00,2031-01-01T07:59:59-00:00,2022-01-14T00:00:00,2030-12-31T23:59:59
AS_SP15,ARBWIND_6_N001,AS_SP15,,2009-03-31T07:00:00-00:00,2031-01-01T07:59:59-00:00,2009-03-31T00:00:00,2030-12-31T23:59:59
AS_SP15,ARCO1G_7_B1,AS_SP15,,2009-03-31T07:00:00-00:00,2031-01-01T07:59:59-00:00,2009-03-31T00:00:00,2030-12-31T23:59:59
AS_SP15,ARLNG1MV_7_N002,AS_SP15,,2025-05-13T07:00:00-00:00,2031-01-01T07:59:59-00:00,2025-05-13T00:00:00,2030-12-31T23:59:59
AS_SP15,ARLNG2MV_7_N001,AS_SP15,,2025-05-13T07:00:00-00:00,2031-01-01T07:59:59-00:00,2025-05-13T00:00:00,2030-12-31T23:59:59
AS_SP15,AROWHEAD_1_N001,AS_SP15,,2019-02-21T08:00:00-00:00,2031-01-01T07:59:59-00:00,2019-02-21T00:00:00,2030-12-31T23:59:59
AS_SP15,AROWHEAD_1_N005,AS_SP15,,2019-02-21T08:00:00-00:00,2031-01-01T07:59:59-00:00,2019-02-21T00:00:00,2030-12-31T23:59:59
AS_SP15,ARTRAN_6_ND001,AS_SP15,,2021-07-21T07:00:00-00:00,2031-01-01T07:59:59-00:00,2021-07-21T00:00:00,2030-12-31T23:59:59
AS_SP15,ARTRAN_6_ND002,AS_SP15,,2021-07-21T07:00:00-00:00,2031-01-01T07:59:59-00:00,2021-07-21T00:00:00,2030-12-31T23:59:59
AS_SP15,ARVINED_1_N001,AS_SP15,,2009-03-31T07:00:00-00:00,2031-01-01T07:59:59-00:00,2009-03-31T00:00:00,2030-12-31T23:59:59
AS_SP15,ARVIN_6_N001,AS_SP15,,2009-03-31T07:00:00-00:00,2031-01-01T07:59:59-00:00,2009-03-31T00:00:00,2030-12-31T23:59:59
AS_SP15,ASH_6_N001,AS_SP15,,2012-12-19T08:00:00-00:00,2031-01-01T07:59:59-00:00,2012-12-19T00:00:00,2030-12-31T23:59:59
AS_SP15,ASH_6_N005,AS_SP15,,2015-12-16T08:00:00-00:00,2031-01-01T07:59:59-00:00,2015-12-16T00:00:00,2030-12-31T23:59:59
AS_SP15,ASH_6_N101,AS_SP15,,2009-03-31T07:00:00-00:00,2031-01-01T07:59:59-00:00,2009-03-31T00:00:00,2030-12-31T23:59:59
AS_SP15,ASTORIA1_7_N001,AS_SP15,,2017-08-17T07:00:00-00:00,2031-01-01T07:59:59-00:00,2017-08-17T00:00:00,2030-12-31T23:59:59
AS_SP15,ASTORIA2_7_N001,AS_SP15,,2017-08-17T07:00:00-00:00,2031-01-01T07:59:59-00:00,2017-08-17T00:00:00,2030-12-31T23:59:59
AS_SP15,ATASCDRO_6_N001,AS_SP15,,2009-03-31T07:00:00-00:00,2031-01-01T07:59:59-00:00,2009-03-31T00:00:00,2030-12-31T23:59:59
AS_SP15,ATHOS_5_AP1X2-APND,AS_SP15,,2021-09-01T07:00:00-00:00,2031-01-01T07:59:59-00:00,2021-09-01T00:00:00,2030-12-31T23:59:59
AS_SP15,ATHOS_5_AP2X2-APND,AS_SP15,,2021-09-01T07:00:00-00:00,2031-01-01T07:59:59-00:00,2021-09-01T00:00:00,2030-12-31T23:59:59
AS_SP15,ATHOS_7_CN1,AS_SP15,,2021-02-04T08:00:00-00:00,2031-01-01T07:59:59-00:00,2021-02-04T00:00:00,2030-12-31T23:59:59
AS_SP15,ATHOS_7_CN13,AS_SP15,,2021-02-04T08:00:00-00:00,2031-01-01T07:59:59-00:00,2021-02-04T00:00:00,2030-12-31T23:59:59
AS_SP15,ATHOS_7_CN5,AS_SP15,,2021-02-04T08:00:00-00:00,2031-01-01T07:59:59-00:00,2021-02-04T00:00:00,2030-12-31T23:59:59
AS_SP15,ATHOS_7_CN6,AS_SP15,,2021-02-04T08:00:00-00:00,2031-01-01T07:59:59-00:00,2021-02-04T00:00:00,2030-12-31T23:59:59
AS_SP15,ATLAS2_6_N019,AS_SP15,,2025-06-12T07:00:00-00:00,2031-01-01T07:59:59-00:00,2025-06-12T00:00:00,2030-12-31T23:59:59
AS_SP15,ATLAS2_6_N020,AS_SP15,,2025-06-12T07:00:00-00:00,2031-01-01T07:59:59-00:00,2025-06-12T00:00:00,2030-12-31T23:59:59
AS_SP15,ATLAS2_6_N021,AS_SP15,,2025-06-12T07:00:00-00:00,2031-01-01T07:59:59-00:00,2025-06-12T00:00:00,2030-12-31T23:59:59
AS_SP15,ATLAS2_6_N022,AS_SP15,,2025-06-12T07:00:00-00:00,2031-01-01T07:59:59-00:00,2025-06-12T00:00:00,2030-12-31T23:59:59
AS_SP15,ATLAS2_6_N023,AS_SP15,,2025-06-12T07:00:00-00:00,2031-01-01T07:59:59-00:00,2025-06-12T00:00:00,2030-12-31T23:59:59
AS_SP15,ATLAS2_6_N024,AS_SP15,,2025-06-12T07:00:00-00:00,2031-01-01T07:59:59-00:00,2025-06-12T00:00:00,2030-12-31T23:59:59
AS_SP15,ATLAS2_6_N025,AS_SP15,,2025-06-12T07:00:00-00:00,2031-01-01T07:59:59-00:00,2025-06-12T00:00:00,2030-12-31T23:59:59
AS_SP15,ATLAS2_6_N026,AS_SP15,,2025-06-12T07:00:00-00:00,2031-01-01T07:59:59-00:00,2025-06-12T00:00:00,2030-12-31T23:59:59
AS_SP15,ATLASC_6_N019,AS_SP15,,2024-12-18T08:00:00-00:00,2031-01-01T07:59:59-00:00,2024-12-18T00:00:00,2030-12-31T23:59:59
AS_SP15,ATLASC_6_N020,AS_SP15,,2025-11-15T08:00:00-00:00,2031-01-01T07:59:59-00:00,2025-11-15T00:00:00,2030-12-31T23:59:59
AS_SP15,ATLASC_6_N021,AS_SP15,,2025-11-15T08:00:00-00:00,2031-01-01T07:59:59-00:00,2025-11-15T00:00:00,2030-12-31T23:59:59
AS_SP15,ATLASC_6_N022,AS_SP15,,2025-11-15T08:00:00-00:00,2031-01-01T07:59:59-00:00,2025-11-15T00:00:00,2030-12-31T23:59:59
AS_SP15,ATLASC_6_N023,AS_SP15,,2024-12-18T08:00:00-00:00,2031-01-01T07:59:59-00:00,2024-12-18T00:00:00,2030-12-31T23:59:59
AS_SP15,ATLASC_6_N024,AS_SP15,,2024-12-18T08:00:00-00:00,2031-01-01T07:59:59-00:00,2024-12-18T00:00:00,2030-12-31T23:59:59
AS_SP15,ATLASC_6_N025,AS_SP15,,2024-12-18T08:00:00-00:00,2031-01-01T07:59:59-00:00,2024-12-18T00:00:00,2030-12-31T23:59:59
AS_SP15,ATLASC_6_N026,AS_SP15,,2024-12-18T08:00:00-00:00,2031-01-01T07:59:59-00:00,2024-12-18T00:00:00,2030-12-31T23:59:59
AS_SP15,ATLASC_6_N027,AS_SP15,,2024-12-18T08:00:00-00:00,2031-01-01T07:59:59-00:00,2024-12-18T00:00:00,2030-12-31T23:59:59
AS_SP15,ATWELL_1_N001,AS_SP15,,2025-05-13T07:00:00-00:00,2031-01-01T07:59:59-00:00,2025-05-13T00:00:00,2030-12-31T23:59:59
AS_SP15,AVENAL_6_GN001,AS_SP15,,2025-05-13T07:00:00-00:00,2031-01-01T07:59:59-00:00,2025-05-13T00:00:00,2030-12-31T23:59:59
AS_SP15,AVENAL_6_GN002,AS_SP15,,2025-05-13T07:00:00-00:00,2031-01-01T07:59:59-00:00,2025-05-13T00:00:00,2030-12-31T23:59:59
AS_SP15,AVENAL_6_GN003,AS_SP15,,2025-05-13T07:00:00-00:00,2031-01-01T07:59:59-00:00,2025-05-13T00:00:00,2030-12-31T23:59:59
AS_SP15,AVENGEN_7_B1,AS_SP15,,2017-11-16T08:00:00-00:00,2031-01-01T07:59:59-00:00,2017-11-16T00:00:00,2030-12-31T23:59:59
AS_SP15,AVENGEN_7_N001,AS_SP15,,2025-05-13T07:00:00-00:00,2031-01-01T07:59:59-00:00,2025-05-13T00:00:00,2030-12-31T23:59:59
AS_SP15,AVENGEN_7_N002,AS_SP15,,2025-05-13T07:00:00-00:00,2031-01-01T07:59:59-00:00,2025-05-13T00:00:00,2030-12-31T23:59:59
AS_SP15,AVEP_7_ND001,AS_SP15,,2025-05-13T07:00:00-00:00,2031-01-01T07:59:59-00:00,2025-05-13T00:00:00,2030-12-31T23:59:59
AS_SP15,AVLYSLR_7_CN1,AS_SP15,,2025-10-15T07:00:00-00:00,2031-01-01T07:59:59-00:00,2025-10-15T00:00:00,2030-12-31T23:59:59
AS_SP15,AVOCADO_6_N001,AS_SP15,,2009-03-31T07:00:00-00:00,2031-01-01T07:59:59-00:00,2009-03-31T00:00:00,2030-12-31T23:59:59
AS_SP15,AVOCADO_6_N002,AS_SP15,,2009-03-31T07:00:00-00:00,2031-01-01T07:59:59-00:00,2009-03-31T00:00:00,2030-12-31T23:59:59
AS_SP15,AVOCADO_6_N009,AS_SP15,,2020-03-18T07:00:00-00:00,2031-01-01T07:59:59-00:00,2020-03-18T00:00:00,2030-12-31T23:59:59
AS_SP15,AVSOLAR_7_N007,AS_SP15,,2012-06-14T07:00:00-00:00,2031-01-01T07:59:59-00:00,2012-06-14T00:00:00,2030-12-31T23:59:59
AS_SP15,AVSOLAR_7_N008,AS_SP15,,2025-05-13T07:00:00-00:00,2031-01-01T07:59:59-00:00,2025-05-13T00:00:00,2030-12-31T23:59:59
AS_SP15,AZALEA_7_N001,AS_SP15,,2026-01-09T08:00:00-00:00,2031-01-01T07:59:59-00:00,2026-01-09T00:00:00,2030-12-31T23:59:59
AS_SP15,AZALEA_7_N002,AS_SP15,,2026-01-09T08:00:00-00:00,2031-01-01T07:59:59-00:00,2026-01-09T00:00:00,2030-12-31T23:59:59
AS_SP15,BADGERCK_7_N001,AS_SP15,,2010-11-01T07:00:00-00:00,2031-01-01T07:59:59-00:00,2010-11-01T00:00:00,2030-12-31T23:59:59
AS_SP15,BAKER_1_N001,AS_SP15,,2009-03-31T07:00:00-00:00,2031-01-01T07:59:59-00:00,2009-03-31T00:00:00,2030-12-31T23:59:59
AS_SP15,BANNING_1_N001,AS_SP15,,2009-03-31T07:00:00-00:00,2031-01-01T07:59:59-00:00,2009-03-31T00:00:00,2030-12-31T23:59:59
AS_SP15,BANNING_1_N004,AS_SP15,,2018-08-23T07:00:00-00:00,2031-01-01T07:59:59-00:00,2018-08-23T00:00:00,2030-12-31T23:59:59
AS_SP15,BANNING_1_N010,AS_SP15,,2018-08-23T07:00:00-00:00,2031-01-01T07:59:59-00:00,2018-08-23T00:00:00,2030-12-31T23:59:59
AS_SP15,BARPKGEN_7_B1,AS_SP15,,2025-05-13T07:00:00-00:00,2031-01-01T07:59:59-00:00,2025-05-13T00:00:00,2030-12-31T23:59:59
AS_SP15,BARRETT_6_N001,AS_SP15,,2009-03-31T07:00:00-00:00,2031-01-01T07:59:59-00:00,2009-03-31T00:00:00,2030-12-31T23:59:59
AS_SP15,BARRE_2_N043,AS_SP15,,2025-05-13T07:00:00-00:00,2031-01-01T07:59:59-00:00,2025-05-13T00:00:00,2030-12-31T23:59:59
AS_SP15,BARRE_6_N001,AS_SP15,,2009-03-31T07:00:00-00:00,2031-01-01T07:59:59-00:00,2009-03-31T00:00:00,2030-12-31T23:59:59
AS_SP15,BARRE_6_N002,AS_SP15,,2009-03-31T07:00:00-00:00,2031-01-01T07:59:59-00:00,2009-03-31T00:00:00,2030-12-31T23:59:59
AS_SP15,BARRE_6_N003,AS_SP15,,2009-03-31T07:00:00-00:00,2031-01-01T07:59:59-00:00,2009-03-31T00:00:00,2030-12-31T23:59:59
AS_SP15,BARRE_6_N010,AS_SP15,,2025-05-13T07:00:00-00:00,2031-01-01T07:59:59-00:00,2025-05-13T00:00:00,2030-12-31T23:59:59
AS_SP15,BARRE_6_N011,AS_SP15,,2025-05-13T07:00:00-00:00,2031-01-01T07:59:59-00:00,2025-05-13T00:00:00,2030-12-31T23:59:59
AS_SP15,BASILONE_6_N004,AS_SP15,,2013-09-19T07:00:00-00:00,2031-01-01T07:59:59-00:00,2013-09-19T00:00:00,2030-12-31T23:59:59
AS_SP15,BATIQTOS_1_N001,AS_SP15,,2009-03-31T07:00:00-00:00,2031-01-01T07:59:59-00:00,2009-03-31T00:00:00,2030-12-31T23:59:59
AS_SP15,BATIQTOS_1_N008,AS_SP15,,2009-03-31T07:00:00-00:00,2031-01-01T07:59:59-00:00,2009-03-31T00:00:00,2030-12-31T23:59:59
AS_SP15,BATIQTOS_1_N015,AS_SP15,,2009-03-31T07:00:00-00:00,2031-01-01T07:59:59-00:00,2009-03-31T00:00:00,2030-12-31T23:59:59
AS_SP15,BAYWOOD_6_N001,AS_SP15,,2009-03-31T07:00:00-00:00,2031-01-01T07:59:59-00:00,2009-03-31T00:00:00,2030-12-31T23:59:59
AS_SP15,BCRK1-1_7_B1,AS_SP15,,2023-05-05T07:00:00-00:00,2031-01-01T07:59:59-00:00,2023-05-05T00:00:00,2030-12-31T23:59:59
AS_SP15,BCRK1-1_7_B3,AS_SP15,,2023-05-05T07:00:00-00:00,2031-01-01T07:59:59-00:00,2023-05-05T00:00:00,2030-12-31T23:59:59
AS_SP15,BCRK1-2_1_N003,AS_SP15,,2025-05-13T07:00:00-00:00,2031-01-01T07:59:59-00:00,2025-05-13T00:00:00,2030-12-31T23:59:59
AS_SP15,BCRK1-2_1_N004,AS_SP15,,2025-05-13T07:00:00-00:00,2031-01-01T07:59:59-00:00,2025-05-13T00:00:00,2030-12-31T23:59:59
AS_SP15,BCRK1-2_7_B1,AS_SP15,,2023-05-05T07:00:00-00:00,2031-01-01T07:59:59-00:00,2023-05-05T00:00:00,2030-12-31T23:59:59
AS_SP15,BCRK1-2_7_B3,AS_SP15,,2023-05-05T07:00:00-00:00,2031-01-01T07:59:59-00:00,2023-05-05T00:00:00,2030-12-31T23:59:59
AS_SP15,BCRK2-1_7_B1,AS_SP15,,2023-05-05T07:00:00-00:00,2031-01-01T07:59:59-00:00,2023-05-05T00:00:00,2030-12-31T23:59:59
AS_SP15,BCRK2-1_7_B3,AS_SP15,,2023-05-05T07:00:00-00:00,2031-01-01T07:59:59-00:00,2023-05-05T00:00:00,2030-12-31T23:59:59
AS_SP15,BCRK2-2_7_B1,AS_SP15,,2023-05-05T07:00:00-00:00,2031-01-01T07:59:59-00:00,2023-05-05T00:00:00,2030-12-31T23:59:59
AS_SP15,BCRK2-2_7_B3,AS_SP15,,2023-05-05T07:00:00-00:00,2031-01-01T07:59:59-00:00,2023-05-05T00:00:00,2030-12-31T23:59:59
AS_SP15,BCRK2-3_7_B1,AS_SP15,,2023-05-05T07:00:00-00:00,2031-01-01T07:59:59-00:00,2023-05-05T00:00:00,2030-12-31T23:59:59
AS_SP15,BCRK2-3_7_B3,AS_SP15,,2023-05-05T07:00:00-00:00,2031-01-01T07:59:59-00:00,2023-05-05T00:00:00,2030-12-31T23:59:59
AS_SP15,BCRK3-1_7_B1,AS_SP15,,2023-05-05T07:00:00-00:00,2031-01-01T07:59:59-00:00,2023-05-05T00:00:00,2030-12-31T23:59:59
AS_SP15,BCRK3-1_7_B3,AS_SP15,,2023-05-05T07:00:00-00:00,2031-01-01T07:59:59-00:00,2023-05-05T00:00:00,2030-12-31T23:59:59
AS_SP15,BCRK3-2_7_B1,AS_SP15,,2023-05-05T07:00:00-00:00,2031-01-01T07:59:59-00:00,2023-05-05T00:00:00,2030-12-31T23:59:59
AS_SP15,BCRK3-2_7_B3,AS_SP15,,2023-05-05T07:00:00-00:00,2031-01-01T07:59:59-00:00,2023-05-05T00:00:00,2030-12-31T23:59:59
AS_SP15,BCRK3-3_7_B1,AS_SP15,,2023-05-05T07:00:00-00:00,2031-01-01T07:59:59-00:00,2023-05-05T00:00:00,2030-12-31T23:59:59
AS_SP15,BCRK4_7_B1,AS_SP15,,2009-03-31T07:00:00-00:00,2031-01-01T07:59:59-00:00,2009-03-31T00:00:00,2030-12-31T23:59:59
AS_SP15,BCRK4_7_B3,AS_SP15,,2009-03-31T07:00:00-00:00,2031-01-01T07:59:59-00:00,2009-03-31T00:00:00,2030-12-31T23:59:59
AS_SP15,BCRK8_7_B1,AS_SP15,,2023-05-05T07:00:00-00:00,2031-01-01T07:59:59-00:00,2023-05-05T00:00:00,2030-12-31T23:59:59
AS_SP15,BCRK8_7_B3,AS_SP15,,2023-05-05T07:00:00-00:00,2031-01-01T07:59:59-00:00,2023-05-05T00:00:00,2030-12-31T23:59:59
AS_SP15,BDGRHLL_6_N001,AS_SP15,,2009-03-31T07:00:00-00:00,2031-01-01T07:59:59-00:00,2009-03-31T00:00:00,2030-12-31T23:59:59
AS_SP15,BDGRHLL_6_N004,AS_SP15,,2009-03-31T07:00:00-00:00,2031-01-01T07:59:59-00:00,2009-03-31T00:00:00,2030-12-31T23:59:59
AS_SP15,BDLARKSP_6_N004,AS_SP15,,2009-06-25T07:00:00-00:00,2031-01-01T07:59:59-00:00,2009-06-25T00:00:00,2030-12-31T23:59:59
AS_SP15,BDLRKSP1_7_B1,AS_SP15,,2009-03-31T07:00:00-00:00,2031-01-01T07:59:59-00:00,2009-03-31T00:00:00,2030-12-31T23:59:59
AS_SP15,BDLRKSP2_7_B1,AS_SP15,,2009-03-31T07:00:00-00:00,2031-01-01T07:59:59-00:00,2009-03-31T00:00:00,2030-12-31T23:59:59
AS_SP15,BEARTAP_1_N001,AS_SP15,,2009-03-31T07:00:00-00:00,2031-01-01T07:59:59-00:00,2009-03-31T00:00:00,2030-12-31T23:59:59
AS_SP15,BEATTY_1_N001,AS_SP15,,2013-01-03T08:00:00-00:00,2031-01-01T07:59:59-00:00,2013-01-03T00:00:00,2030-12-31T23:59:59
AS_SP15,BEATTY_1_N003,AS_SP15,,2013-01-03T08:00:00-00:00,2031-01-01T07:59:59-00:00,2013-01-03T00:00:00,2030-12-31T23:59:59
AS_SP15,BELLEF_2_BSFBX3-APND,AS_SP15,,2025-04-08T07:00:00-00:00,2031-01-01T07:59:59-00:00,2025-04-08T00:00:00,2030-12-31T23:59:59
AS_SP15,BELLEF_2_BSFSX3-APND,AS_SP15,,2025-04-08T07:00:00-00:00,2031-01-01T07:59:59-00:00,2025-04-08T00:00:00,2030-12-31T23:59:59
AS_SP15,BELLEF_7_CN01,AS_SP15,,2024-10-23T07:00:00-00:00,2031-01-01T07:59:59-00:00,2024-10-23T00:00:00,2030-12-31T23:59:59
AS_SP15,BELLEF_7_CN04,AS_SP15,,2024-10-23T07:00:00-00:00,2031-01-01T07:59:59-00:00,2024-10-23T00:00:00,2030-12-31T23:59:59
AS_SP15,BELLEF_7_CN05,AS_SP15,,2024-10-23T07:00:00-00:00,2031-01-01T07:59:59-00:00,2024-10-23T00:00:00,2030-12-31T23:59:59
AS_SP15,BELLEF_7_CN06,AS_SP15,,2024-10-23T07:00:00-00:00,2031-01-01T07:59:59-00:00,2024-10-23T00:00:00,2030-12-31T23:59:59
AS_SP15,BELLEF_7_CN07,AS_SP15,,2024-10-23T07:00:00-00:00,2031-01-01T07:59:59-00:00,2024-10-23T00:00:00,2030-12-31T23:59:59
AS_SP15,BELLEF_7_CN08,AS_SP15,,2024-10-23T07:00:00-00:00,2031-01-01T07:59:59-00:00,2024-10-23T00:00:00,2030-12-31T23:59:59
AS_SP15,BELLEF_7_CN10,AS_SP15,,2024-10-23T07:00:00-00:00,2031-01-01T07:59:59-00:00,2024-10-23T00:00:00,2030-12-31T23:59:59
AS_SP15,BELLEF_7_CN11,AS_SP15,,2024-10-23T07:00:00-00:00,2031-01-01T07:59:59-00:00,2024-10-23T00:00:00,2030-12-31T23:59:59
AS_SP15,BELRIDGE_1_N001,AS_SP15,,2014-08-28T07:00:00-00:00,2031-01-01T07:59:59-00:00,2014-08-28T00:00:00,2030-12-31T23:59:59
AS_SP15,BELRIDGE_1_N002,AS_SP15,,2023-07-27T07:00:00-00:00,2031-01-01T07:59:59-00:00,2023-07-27T00:00:00,2030-12-31T23:59:59
AS_SP15,BERNARDO_6_N001,AS_SP15,,2009-03-31T07:00:00-00:00,2031-01-01T07:59:59-00:00,2009-03-31T00:00:00,2030-12-31T23:59:59
AS_SP15,BERNARDO_6_N002,AS_SP15,,2009-03-31T07:00:00-00:00,2031-01-01T07:59:59-00:00,2009-03-31T00:00:00,2030-12-31T23:59:59
AS_SP15,BERNARDO_6_N009,AS_SP15,,2009-03-31T07:00:00-00:00,2031-01-01T07:59:59-00:00,2009-03-31T00:00:00,2030-12-31T23:59:59
AS_SP15,BERNARDO_6_N013,AS_SP15,,2009-03-31T07:00:00-00:00,2031-01-01T07:59:59-00:00,2009-03-31T00:00:00,2030-12-31T23:59:59
AS_SP15,BERNARDO_6_N014,AS_SP15,,2009-03-31T07:00:00-00:00,2031-01-01T07:59:59-00:00,2009-03-31T00:00:00,2030-12-31T23:59:59
AS_SP15,BESSGEN_7_N001,AS_SP15,,2025-05-13T07:00:00-00:00,2031-01-01T07:59:59-00:00,2025-05-13T00:00:00,2030-12-31T23:59:59
AS_SP15,BESSGEN_7_N002,AS_SP15,,2025-05-13T07:00:00-00:00,2031-01-01T07:59:59-00:00,2025-05-13T00:00:00,2030-12-31T23:59:59
AS_SP15,BESSGEN_7_N003,AS_SP15,,2025-05-13T07:00:00-00:00,2031-01-01T07:59:59-00:00,2025-05-13T00:00:00,2030-12-31T23:59:59
AS_SP15,BESSGEN_7_N004,AS_SP15,,2016-11-17T08:00:00-00:00,2031-01-01T07:59:59-00:00,2016-11-17T00:00:00,2030-12-31T23:59:59
AS_SP15,BESS_G1_7_N002,AS_SP15,,2025-05-13T07:00:00-00:00,2031-01-01T07:59:59-00:00,2025-05-13T00:00:00,2030-12-31T23:59:59
AS_SP15,BGROCK_2_BRFBX2-APND,AS_SP15,,2024-11-08T08:00:00-00:00,2031-01-01T07:59:59-00:00,2024-11-08T00:00:00,2030-12-31T23:59:59
AS_SP15,BGSKYGN3_7_N001,AS_SP15,,2023-05-05T07:00:00-00:00,2031-01-01T07:59:59-00:00,2023-05-05T00:00:00,2030-12-31T23:59:59
AS_SP15,BIGCRK1_2_B1,AS_SP15,,2017-08-17T07:00:00-00:00,2031-01-01T07:59:59-00:00,2017-08-17T00:00:00,2030-12-31T23:59:59
AS_SP15,BIGCRK1_7_B2,AS_SP15,,2023-05-05T07:00:00-00:00,2031-01-01T07:59:59-00:00,2023-05-05T00:00:00,2030-12-31T23:59:59
AS_SP15,BIGCRK1_7_N001,AS_SP15,,2009-03-31T07:00:00-00:00,2031-01-01T07:59:59-00:00,2009-03-31T00:00:00,2030-12-31T23:59:59
AS_SP15,BIGCRK2_2_B1,AS_SP15,,2017-08-17T07:00:00-00:00,2031-01-01T07:59:59-00:00,2017-08-17T00:00:00,2030-12-31T23:59:59
AS_SP15,BIGCRK3_2_B1,AS_SP15,,2017-08-17T07:00:00-00:00,2031-01-01T07:59:59-00:00,2017-08-17T00:00:00,2030-12-31T23:59:59
AS_SP15,BIGCRK4_2_B1,AS_SP15,,2017-08-17T07:00:00-00:00,2031-01-01T07:59:59-00:00,2017-08-17T00:00:00,2030-12-31T23:59:59
AS_SP15,BIGCRK8_2_B1,AS_SP15,,2017-08-17T07:00:00-00:00,2031-01-01T07:59:59-00:00,2017-08-17T00:00:00,2030-12-31T23:59:59
AS_SP15,BIGCRK_2_EXESWD-APND,AS_SP15,,2009-03-31T07:00:00-00:00,2031-01-01T07:59:59-00:00,2009-03-31T00:00:00,2030-12-31T23:59:59
AS_SP15,BIGSK230_2_N022,AS_SP15,,2017-08-17T07:00:00-00:00,2031-01-01T07:59:59-00:00,2017-08-17T00:00:00,2030-12-31T23:59:59
AS_SP15,BIGSK230_2_N023,AS_SP15,,2017-08-17T07:00:00-00:00,2031-01-01T07:59:59-00:00,2017-08-17T00:00:00,2030-12-31T23:59:59
AS_SP15,BIGSK230_2_N024,AS_SP15,,2017-08-17T07:00:00-00:00,2031-01-01T07:59:59-00:00,2017-08-17T00:00:00,2030-12-31T23:59:59
AS_SP15,BIGSK230_2_N025,AS_SP15,,2025-05-13T07:00:00-00:00,2031-01-01T07:59:59-00:00,2025-05-13T00:00:00,2030-12-31T23:59:59
AS_SP15,BIGSKGN1134_7_N026,AS_SP15,,2025-05-13T07:00:00-00:00,2031-01-01T07:59:59-00:00,2025-05-13T00:00:00,2030-12-31T23:59:59
AS_SP15,BIGSKGN1_7_N001,AS_SP15,,2016-05-19T07:00:00-00:00,2031-01-01T07:59:59-00:00,2016-05-19T00:00:00,2030-12-31T23:59:59
AS_SP15,BIGSKGN2_7_N001,AS_SP15,,2016-05-19T07:00:00-00:00,2031-01-01T07:59:59-00:00,2016-05-19T00:00:00,2030-12-31T23:59:59
AS_SP15,BIGSKGN3_7_N001,AS_SP15,,2016-05-19T07:00:00-00:00,2031-01-01T07:59:59-00:00,2016-05-19T00:00:00,2030-12-31T23:59:59
AS_SP15,BIGSKGN4_7_N001,AS_SP15,,2016-05-19T07:00:00-00:00,2031-01-01T07:59:59-00:00,2016-05-19T00:00:00,2030-12-31T23:59:59
AS_SP15,BIGSKGN5_7_N001,AS_SP15,,2025-05-13T07:00:00-00:00,2031-01-01T07:59:59-00:00,2025-05-13T00:00:00,2030-12-31T23:59:59
AS_SP15,BIGSKGN6_7_N001,AS_SP15,,2016-08-18T07:00:00-00:00,2031-01-01T07:59:59-00:00,2016-08-18T00:00:00,2030-12-31T23:59:59
AS_SP15,BIGSKGN7_7_N001,AS_SP15,,2016-08-18T07:00:00-00:00,2031-01-01T07:59:59-00:00,2016-08-18T00:00:00,2030-12-31T23:59:59
AS_SP15,BKBLVDG1_7_GN001,AS_SP15,,2010-04-22T07:00:00-00:00,2031-01-01T07:59:59-00:00,2010-04-22T00:00:00,2030-12-31T23:59:59
AS_SP15,BKBLVDG2_7_GN001,AS_SP15,,2010-04-22T07:00:00-00:00,2031-01-01T07:59:59-00:00,2010-04-22T00:00:00,2030-12-31T23:59:59
AS_SP15,BKBLVDST_7_GN001,AS_SP15,,2010-04-22T07:00:00-00:00,2031-01-01T07:59:59-00:00,2010-04-22T00:00:00,2030-12-31T23:59:59
AS_SP15,BKR111_7_N002,AS_SP15,,2025-05-13T07:00:00-00:00,2031-01-01T07:59:59-00:00,2025-05-13T00:00:00,2030-12-31T23:59:59
AS_SP15,BKR111_7_N003,AS_SP15,,2017-08-17T07:00:00-00:00,2031-01-01T07:59:59-00:00,2017-08-17T00:00:00,2030-12-31T23:59:59
AS_SP15,BKRSFLD_2_N001,AS_SP15,,2009-03-31T07:00:00-00:00,2031-01-01T07:59:59-00:00,2009-03-31T00:00:00,2030-12-31T23:59:59
AS_SP15,BKRSFLD_2_N101,AS_SP15,,2009-03-31T07:00:00-00:00,2031-01-01T07:59:59-00:00,2009-03-31T00:00:00,2030-12-31T23:59:59
AS_SP15,BLACKWLL_7_N002,AS_SP15,,2025-05-13T07:00:00-00:00,2031-01-01T07:59:59-00:00,2025-05-13T00:00:00,2030-12-31T23:59:59
AS_SP15,BLACKWLL_7_N003,AS_SP15,,2017-08-17T07:00:00-00:00,2031-01-01T07:59:59-00:00,2017-08-17T00:00:00,2030-12-31T23:59:59
AS_SP15,BLACKWLL_7_N004,AS_SP15,,2025-05-13T07:00:00-00:00,2031-01-01T07:59:59-00:00,2025-05-13T00:00:00,2030-12-31T23:59:59
AS_SP15,BLAST_7_N005,AS_SP15,,2011-12-13T08:00:00-00:00,2031-01-01T07:59:59-00:00,2011-12-13T00:00:00,2030-12-31T23:59:59
AS_SP15,BLKCRK_2_GMCBT1-APND,AS_SP15,,2022-06-15T07:00:00-00:00,2031-01-01T07:59:59-00:00,2022-06-15T00:00:00,2030-12-31T23:59:59
AS_SP15,BLKCRK_2_SOLAR1-APND,AS_SP15,,2015-06-08T07:00:00-00:00,2031-01-01T07:59:59-00:00,2015-06-08T00:00:00,2030-12-31T23:59:59
AS_SP15,BLM W_2_COSBT1GN,AS_SP15,,2025-05-13T07:00:00-00:00,2031-01-01T07:59:59-00:00,2025-05-13T00:00:00,2030-12-31T23:59:59
AS_SP15,BLME7G_7_B1,AS_SP15,,2023-05-05T07:00:00-00:00,2031-01-01T07:59:59-00:00,2023-05-05T00:00:00,2030-12-31T23:59:59
AS_SP15,BLME8G_7_B1,AS_SP15,,2023-05-05T07:00:00-00:00,2031-01-01T07:59:59-00:00,2023-05-05T00:00:00,2030-12-31T23:59:59
AS_SP15,BLMW9G_7_B1,AS_SP15,,2023-05-05T07:00:00-00:00,2031-01-01T07:59:59-00:00,2023-05-05T00:00:00,2030-12-31T23:59:59
AS_SP15,BLMWEST_7_N001,AS_SP15,,2025-05-13T07:00:00-00:00,2031-01-01T07:59:59-00:00,2025-05-13T00:00:00,2030-12-31T23:59:59
AS_SP15,BLM_2_UNITS-APND,AS_SP15,,2009-03-31T07:00:00-00:00,2031-01-01T07:59:59-00:00,2009-03-31T00:00:00,2030-12-31T23:59:59
AS_SP15,BLUESKY_7_N001,AS_SP15,,2025-05-13T07:00:00-00:00,2031-01-01T07:59:59-00:00,2025-05-13T00:00:00,2030-12-31T23:59:59
AS_SP15,BLYTHES1_7_N001,AS_SP15,,2015-10-22T07:00:00-00:00,2031-01-01T07:59:59-00:00,2015-10-22T00:00:00,2030-12-31T23:59:59
AS_SP15,BLYTHES1_7_N002,AS_SP15,,2025-05-13T07:00:00-00:00,2031-01-01T07:59:59-00:00,2025-05-13T00:00:00,2030-12-31T23:59:59
AS_SP15,BLYTHESC_1_GN001,AS_SP15,,2025-05-13T07:00:00-00:00,2031-01-01T07:59:59-00:00,2025-05-13T00:00:00,2030-12-31T23:59:59
AS_SP15,BLYTHESC_1_N005,AS_SP15,,2009-03-31T07:00:00-00:00,2031-01-01T07:59:59-00:00,2009-03-31T00:00:00,2030-12-31T23:59:59
AS_SP15,BLYTHESC_1_N008,AS_SP15,,2025-05-13T07:00:00-00:00,2031-01-01T07:59:59-00:00,2025-05-13T00:00:00,2030-12-31T23:59:59
AS_SP15,BOLTHSE_1_N009,AS_SP15,,2009-03-31T07:00:00-00:00,2031-01-01T07:59:59-00:00,2009-03-31T00:00:00,2030-12-31T23:59:59
AS_SP15,BORDER_6_B1,AS_SP15,,2017-08-17T07:00:00-00:00,2031-01-01T07:59:59-00:00,2017-08-17T00:00:00,2030-12-31T23:59:59
AS_SP15,BORDER_6_N001,AS_SP15,,2009-03-31T07:00:00-00:00,2031-01-01T07:59:59-00:00,2009-03-31T00:00:00,2030-12-31T23:59:59
AS_SP15,BORDER_6_N0018,AS_SP15,,2025-04-16T07:00:00-00:00,2031-01-01T07:59:59-00:00,2025-04-16T00:00:00,2030-12-31T23:59:59
AS_SP15,BORDER_6_N008,AS_SP15,,2009-03-31T07:00:00-00:00,2031-01-01T07:59:59-00:00,2009-03-31T00:00:00,2030-12-31T23:59:59
AS_SP15,BORDER_6_N013,AS_SP15,,2009-06-25T07:00:00-00:00,2031-01-01T07:59:59-00:00,2009-06-25T00:00:00,2030-12-31T23:59:59
AS_SP15,BORREGO_6_N009,AS_SP15,,2025-05-13T07:00:00-00:00,2031-01-01T07:59:59-00:00,2025-05-13T00:00:00,2030-12-31T23:59:59
AS_SP15,BORREGO_6_N012,AS_SP15,,2025-05-13T07:00:00-00:00,2031-01-01T07:59:59-00:00,2025-05-13T00:00:00,2030-12-31T23:59:59
AS_SP15,BOTTLEG_7_N001,AS_SP15,,2018-08-23T07:00:00-00:00,2031-01-01T07:59:59-00:00,2018-08-23T00:00:00,2030-12-31T23:59:59
AS_SP15,BOULEVRD_7_CN1,AS_SP15,,2024-05-15T07:00:00-00:00,2031-01-01T07:59:59-00:00,2024-05-15T00:00:00,2030-12-31T23:59:59
AS_SP15,BOULEVRD_7_N012,AS_SP15,,2025-05-13T07:00:00-00:00,2031-01-01T07:59:59-00:00,2025-05-13T00:00:00,2030-12-31T23:59:59
AS_SP15,BP21Z_6_N001,AS_SP15,,2017-08-17T07:00:00-00:00,2031-01-01T07:59:59-00:00,2017-08-17T00:00:00,2030-12-31T23:59:59
AS_SP15,BPFFD_1_N001,AS_SP15,,2017-08-17T07:00:00-00:00,2031-01-01T07:59:59-00:00,2017-08-17T00:00:00,2030-12-31T23:59:59
AS_SP15,BRDWAYB3_7_B1,AS_SP15,,2009-03-31T07:00:00-00:00,2031-01-01T07:59:59-00:00,2009-03-31T00:00:00,2030-12-31T23:59:59
AS_SP15,BRDWAY_7_N004,AS_SP15,,2009-03-31T07:00:00-00:00,2031-01-01T07:59:59-00:00,2009-03-31T00:00:00,2030-12-31T23:59:59
AS_SP15,BREEZE_6_N001,AS_SP15,,2009-03-31T07:00:00-00:00,2031-01-01T07:59:59-00:00,2009-03-31T00:00:00,2030-12-31T23:59:59
AS_SP15,BREEZE_6_N002,AS_SP15,,2009-03-31T07:00:00-00:00,2031-01-01T07:59:59-00:00,2009-03-31T00:00:00,2030-12-31T23:59:59
AS_SP15,BREGGEN_7_N001,AS_SP15,,2014-02-13T08:00:00-00:00,2031-01-01T07:59:59-00:00,2014-02-13T00:00:00,2030-12-31T23:59:59
AS_SP15,BREGGEN_7_N002,AS_SP15,,2014-02-13T08:00:00-00:00,2031-01-01T07:59:59-00:00,2014-02-13T00:00:00,2030-12-31T23:59:59
AS_SP15,BREGGEN_7_N006,AS_SP15,,2025-05-13T07:00:00-00:00,2031-01-01T07:59:59-00:00,2025-05-13T00:00:00,2030-12-31T23:59:59
AS_SP15,BRODIE_2_WIND-APND,AS_SP15,,2012-03-29T07:00:00-00:00,2031-01-01T07:59:59-00:00,2012-03-29T00:00:00,2030-12-31T23:59:59
AS_SP15,BROOKGEN_7_N002,AS_SP15,,2016-02-11T08:00:00-00:00,2031-01-01T07:59:59-00:00,2016-02-11T00:00:00,2030-12-31T23:59:59
AS_SP15,BROOKGEN_7_N003,AS_SP15,,2016-02-11T08:00:00-00:00,2031-01-01T07:59:59-00:00,2016-02-11T00:00:00,2030-12-31T23:59:59
AS_SP15,BRRNDAA_6_N001,AS_SP15,,2020-10-26T07:00:00-00:00,2031-01-01T07:59:59-00:00,2020-10-26T00:00:00,2030-12-31T23:59:59
AS_SP15,BRRNDAC_6_N001,AS_SP15,,2017-11-16T08:00:00-00:00,2031-01-01T07:59:59-00:00,2017-11-16T00:00:00,2030-12-31T23:59:59
AS_SP15,BRYPTLM_6_N001,AS_SP15,,2009-03-31T07:00:00-00:00,2031-01-01T07:59:59-00:00,2009-03-31T00:00:00,2030-12-31T23:59:59
AS_SP15,BSCLPLD_6_N001,AS_SP15,,2009-03-31T07:00:00-00:00,2031-01-01T07:59:59-00:00,2009-03-31T00:00:00,2030-12-31T23:59:59
AS_SP15,BSKYNGSU_2_N002,AS_SP15,,2023-05-05T07:00:00-00:00,2031-01-01T07:59:59-00:00,2023-05-05T00:00:00,2030-12-31T23:59:59
AS_SP15,BSKYNPM_7_N001,AS_SP15,,2023-05-05T07:00:00-00:00,2031-01-01T07:59:59-00:00,2023-05-05T00:00:00,2030-12-31T23:59:59
AS_SP15,BSKYNPM_7_N003,AS_SP15,,2025-05-13T07:00:00-00:00,2031-01-01T07:59:59-00:00,2025-05-13T00:00:00,2030-12-31T23:59:59
AS_SP15,BSKYNPM_7_N004,AS_SP15,,2025-05-13T07:00:00-00:00,2031-01-01T07:59:59-00:00,2025-05-13T00:00:00,2030-12-31T23:59:59
AS_SP15,BSKYNPM_7_N005,AS_SP15,,2025-05-13T07:00:00-00:00,2031-01-01T07:59:59-00:00,2025-05-13T00:00:00,2030-12-31T23:59:59
AS_SP15,BSPHYD26_7_N001,AS_SP15,,2009-03-31T07:00:00-00:00,2031-01-01T07:59:59-00:00,2009-03-31T00:00:00,2030-12-31T23:59:59
AS_SP15,BSPHYD34_1_N001,AS_SP15,,2009-03-31T07:00:00-00:00,2031-01-01T07:59:59-00:00,2009-03-31T00:00:00,2030-12-31T23:59:59
AS_SP15,BUCKBL_2_PL1X3-APND,AS_SP15,,2010-05-25T07:00:00-00:00,2031-01-01T07:59:59-00:00,2010-05-25T00:00:00,2030-12-31T23:59:59
AS_SP15,BUCKWND_1_N001,AS_SP15,,2009-03-31T07:00:00-00:00,2031-01-01T07:59:59-00:00,2009-03-31T00:00:00,2030-12-31T23:59:59
AS_SP15,BUCKWND_1_N101,AS_SP15,,2009-03-31T07:00:00-00:00,2031-01-01T07:59:59-00:00,2009-03-31T00:00:00,2030-12-31T23:59:59
AS_SP15,BUCKWND_1_N201,AS_SP15,,2025-05-13T07:00:00-00:00,2031-01-01T07:59:59-00:00,2025-05-13T00:00:00,2030-12-31T23:59:59
AS_SP15,BUELLTON_1_N001,AS_SP15,,2017-11-16T08:00:00-00:00,2031-01-01T07:59:59-00:00,2017-11-16T00:00:00,2030-12-31T23:59:59
AS_SP15,BUELLTON_1_N003,AS_SP15,,2017-11-16T08:00:00-00:00,2031-01-01T07:59:59-00:00,2017-11-16T00:00:00,2030-12-31T23:59:59
AS_SP15,BUENAVS1_7_B1,AS_SP15,,2009-03-31T07:00:00-00:00,2031-01-01T07:59:59-00:00,2009-03-31T00:00:00,2030-12-31T23:59:59
AS_SP15,BUENAVS1_7_B3,AS_SP15,,2009-03-31T07:00:00-00:00,2031-01-01T07:59:59-00:00,2009-03-31T00:00:00,2030-12-31T23:59:59
AS_SP15,BUENAVS1_7_B4,AS_SP15,,2009-03-31T07:00:00-00:00,2031-01-01T07:59:59-00:00,2009-03-31T00:00:00,2030-12-31T23:59:59
AS_SP15,BUENAVS1_7_B5,AS_SP15,,2009-03-31T07:00:00-00:00,2031-01-01T07:59:59-00:00,2009-03-31T00:00:00,2030-12-31T23:59:59
AS_SP15,BUENAVS1_7_B6,AS_SP15,,2009-03-31T07:00:00-00:00,2031-01-01T07:59:59-00:00,2009-03-31T00:00:00,2030-12-31T23:59:59
AS_SP15,BUENAVS1_7_B7,AS_SP15,,2009-03-31T07:00:00-00:00,2031-01-01T07:59:59-00:00,2009-03-31T00:00:00,2030-12-31T23:59:59
AS_SP15,BUENAVS2_7_B1,AS_SP15,,2009-03-31T07:00:00-00:00,2031-01-01T07:59:59-00:00,2009-03-31T00:00:00,2030-12-31T23:59:59
AS_SP15,BUENAVS2_7_B3,AS_SP15,,2009-03-31T07:00:00-00:00,2031-01-01T07:59:59-00:00,2009-03-31T00:00:00,2030-12-31T23:59:59
AS_SP15,BUENAVS2_7_B4,AS_SP15,,2009-03-31T07:00:00-00:00,2031-01-01T07:59:59-00:00,2009-03-31T00:00:00,2030-12-31T23:59:59
AS_SP15,BUENAVS2_7_B5,AS_SP15,,2009-03-31T07:00:00-00:00,2031-01-01T07:59:59-00:00,2009-03-31T00:00:00,2030-12-31T23:59:59
AS_SP15,BUENAVT_2_N006,AS_SP15,,2009-03-31T07:00:00-00:00,2031-01-01T07:59:59-00:00,2009-03-31T00:00:00,2030-12-31T23:59:59
AS_SP15,BUMONT_7_N001,AS_SP15,,2025-05-13T07:00:00-00:00,2031-01-01T07:59:59-00:00,2025-05-13T00:00:00,2030-12-31T23:59:59
AS_SP15,B_6_N001,AS_SP15,,2009-03-31T07:00:00-00:00,2031-01-01T07:59:59-00:00,2009-03-31T00:00:00,2030-12-31T23:59:59
AS_SP15,B_6_N003,AS_SP15,,2009-03-31T07:00:00-00:00,2031-01-01T07:59:59-00:00,2009-03-31T00:00:00,2030-12-31T23:59:59
AS_SP15,B_6_N005,AS_SP15,,2009-03-31T07:00:00-00:00,2031-01-01T07:59:59-00:00,2009-03-31T00:00:00,2030-12-31T23:59:59
AS_SP15,B_6_N007,AS_SP15,,2009-03-31T07:00:00-00:00,2031-01-01T07:59:59-00:00,2009-03-31T00:00:00,2030-12-31T23:59:59
AS_SP15,C4931_6_N003,AS_SP15,,2012-12-19T08:00:00-00:00,2031-01-01T07:59:59-00:00,2012-12-19T00:00:00,2030-12-31T23:59:59
AS_SP15,C493GEN_7_N003,AS_SP15,,2025-05-13T07:00:00-00:00,2031-01-01T07:59:59-00:00,2025-05-13T00:00:00,2030-12-31T23:59:59
AS_SP15,C590M1_7_N004,AS_SP15,,2023-05-05T07:00:00-00:00,2031-01-01T07:59:59-00:00,2023-05-05T00:00:00,2030-12-31T23:59:59
AS_SP15,C590M1_7_N005,AS_SP15,,2013-09-19T07:00:00-00:00,2031-01-01T07:59:59-00:00,2013-09-19T00:00:00,2030-12-31T23:59:59
AS_SP15,C643TM1_7_N001,AS_SP15,,2025-05-13T07:00:00-00:00,2031-01-01T07:59:59-00:00,2025-05-13T00:00:00,2030-12-31T23:59:59
AS_SP15,C643T_2_B1,AS_SP15,,2018-04-24T07:00:00-00:00,2031-01-01T07:59:59-00:00,2018-04-24T00:00:00,2030-12-31T23:59:59
AS_SP15,C877P2C2_7_N001,AS_SP15,,2016-05-19T07:00:00-00:00,2031-01-01T07:59:59-00:00,2016-05-19T00:00:00,2030-12-31T23:59:59
AS_SP15,C877P2C2_7_ND002,AS_SP15,,2025-05-13T07:00:00-00:00,2031-01-01T07:59:59-00:00,2025-05-13T00:00:00,2030-12-31T23:59:59
AS_SP15,CABALLO3_7_N001,AS_SP15,,2025-05-13T07:00:00-00:00,2031-01-01T07:59:59-00:00,2025-05-13T00:00:00,2030-12-31T23:59:59
AS_SP15,CABALLO3_7_N002,AS_SP15,,2025-05-13T07:00:00-00:00,2031-01-01T07:59:59-00:00,2025-05-13T00:00:00,2030-12-31T23:59:59
AS_SP15,CABAZON_7_B1,AS_SP15,,2009-03-31T07:00:00-00:00,2031-01-01T07:59:59-00:00,2009-03-31T00:00:00,2030-12-31T23:59:59
AS_SP15,CABRILLO_1_N001,AS_SP15,,2009-03-31T07:00:00-00:00,2031-01-01T07:59:59-00:00,2009-03-31T00:00:00,2030-12-31T23:59:59
AS_SP15,CABRILLO_6_N001,AS_SP15,,2009-03-31T07:00:00-00:00,2031-01-01T07:59:59-00:00,2009-03-31T00:00:00,2030-12-31T23:59:59
AS_SP15,CABRILLO_6_N004,AS_SP15,,2009-03-31T07:00:00-00:00,2031-01-01T07:59:59-00:00,2009-03-31T00:00:00,2030-12-31T23:59:59
AS_SP15,CABRILLO_6_N011,AS_SP15,,2009-03-31T07:00:00-00:00,2031-01-01T07:59:59-00:00,2009-03-31T00:00:00,2030-12-31T23:59:59
AS_SP15,CADET_6_N001,AS_SP15,,2009-03-31T07:00:00-00:00,2031-01-01T07:59:59-00:00,2009-03-31T00:00:00,2030-12-31T23:59:59
AS_SP15,CADET_6_N002,AS_SP15,,2025-05-13T07:00:00-00:00,2031-01-01T07:59:59-00:00,2025-05-13T00:00:00,2030-12-31T23:59:59
AS_SP15,CAFLTSSS_2_B1,AS_SP15,,2017-08-17T07:00:00-00:00,2031-01-01T07:59:59-00:00,2017-08-17T00:00:00,2030-12-31T23:59:59
AS_SP15,CALCMENT_7_N1,AS_SP15,,2025-02-12T08:00:00-00:00,2031-01-01T07:59:59-00:00,2025-02-12T00:00:00,2030-12-31T23:59:59
AS_SP15,CALCMENT_7_N4,AS_SP15,,2025-02-12T08:00:00-00:00,2031-01-01T07:59:59-00:00,2025-02-12T00:00:00,2030-12-31T23:59:59
AS_SP15,CALECTRI_1_N016,AS_SP15,,2019-02-21T08:00:00-00:00,2031-01-01T07:59:59-00:00,2019-02-21T00:00:00,2030-12-31T23:59:59
AS_SP15,CALELEC_1_N004,AS_SP15,,2018-08-23T07:00:00-00:00,2031-01-01T07:59:59-00:00,2018-08-23T00:00:00,2030-12-31T23:59:59
AS_SP15,CALELEC_1_N005,AS_SP15,,2018-08-23T07:00:00-00:00,2031-01-01T07:59:59-00:00,2018-08-23T00:00:00,2030-12-31T23:59:59
AS_SP15,CALELEC_1_N009,AS_SP15,,2018-08-23T07:00:00-00:00,2031-01-01T07:59:59-00:00,2018-08-23T00:00:00,2030-12-31T23:59:59
AS_SP15,CALGEN1G_7_B1,AS_SP15,,2009-03-31T07:00:00-00:00,2031-01-01T07:59:59-00:00,2009-03-31T00:00:00,2030-12-31T23:59:59
AS_SP15,CALGEN2G_7_B1,AS_SP15,,2009-03-31T07:00:00-00:00,2031-01-01T07:59:59-00:00,2009-03-31T00:00:00,2030-12-31T23:59:59
AS_SP15,CALGEN3G_7_B1,AS_SP15,,2009-03-31T07:00:00-00:00,2031-01-01T07:59:59-00:00,2009-03-31T00:00:00,2030-12-31T23:59:59
AS_SP15,CALGEN_1_UNITS-APND,AS_SP15,,2009-03-31T07:00:00-00:00,2031-01-01T07:59:59-00:00,2009-03-31T00:00:00,2030-12-31T23:59:59
AS_SP15,CALGEN_7_N001,AS_SP15,,2025-05-13T07:00:00-00:00,2031-01-01T07:59:59-00:00,2025-05-13T00:00:00,2030-12-31T23:59:59
AS_SP15,CALLENDR_1_N001,AS_SP15,,2014-11-13T08:00:00-00:00,2031-01-01T07:59:59-00:00,2014-11-13T00:00:00,2030-12-31T23:59:59
AS_SP15,CAMDEN_6_N011,AS_SP15,,2025-05-13T07:00:00-00:00,2031-01-01T07:59:59-00:00,2025-05-13T00:00:00,2030-12-31T23:59:59
AS_SP15,CAMERON_6_N001,AS_SP15,,2022-09-01T07:00:00-00:00,2031-01-01T07:59:59-00:00,2022-09-01T00:00:00,2030-12-31T23:59:59
AS_SP15,CAMERON_7_N008,AS_SP15,,2025-05-13T07:00:00-00:00,2031-01-01T07:59:59-00:00,2025-05-13T00:00:00,2030-12-31T23:59:59
AS_SP15,CAMINO_2_N001,AS_SP15,,2009-03-31T07:00:00-00:00,2031-01-01T07:59:59-00:00,2009-03-31T00:00:00,2030-12-31T23:59:59
AS_SP15,CANNON_1_N025,AS_SP15,,2014-04-17T07:00:00-00:00,2031-01-01T07:59:59-00:00,2014-04-17T00:00:00,2030-12-31T23:59:59
AS_SP15,CANNON_1_N026,AS_SP15,,2014-04-17T07:00:00-00:00,2031-01-01T07:59:59-00:00,2014-04-17T00:00:00,2030-12-31T23:59:59
AS_SP15,CANNON_1_N027,AS_SP15,,2014-04-17T07:00:00-00:00,2031-01-01T07:59:59-00:00,2014-04-17T00:00:00,2030-12-31T23:59:59
AS_SP15,CANNON_1_N028,AS_SP15,,2014-04-17T07:00:00-00:00,2031-01-01T07:59:59-00:00,2014-04-17T00:00:00,2030-12-31T23:59:59
AS_SP15,CANYONP1_7_GN001,AS_SP15,,2025-05-13T07:00:00-00:00,2031-01-01T07:59:59-00:00,2025-05-13T00:00:00,2030-12-31T23:59:59
AS_SP15,CANYONP2_7_GN001,AS_SP15,,2025-05-13T07:00:00-00:00,2031-01-01T07:59:59-00:00,2025-05-13T00:00:00,2030-12-31T23:59:59
AS_SP15,CANYONP2_7_N001,AS_SP15,,2011-03-31T07:00:00-00:00,2031-01-01T07:59:59-00:00,2011-03-31T00:00:00,2030-12-31T23:59:59
AS_SP15,CANYONP2_7_N002,AS_SP15,,2011-03-31T07:00:00-00:00,2031-01-01T07:59:59-00:00,2011-03-31T00:00:00,2030-12-31T23:59:59
AS_SP15,CANYONP3_7_GN001,AS_SP15,,2025-05-13T07:00:00-00:00,2031-01-01T07:59:59-00:00,2025-05-13T00:00:00,2030-12-31T23:59:59
AS_SP15,CANYONP3_7_N001,AS_SP15,,2011-03-31T07:00:00-00:00,2031-01-01T07:59:59-00:00,2011-03-31T00:00:00,2030-12-31T23:59:59
AS_SP15,CANYONP3_7_N002,AS_SP15,,2011-03-31T07:00:00-00:00,2031-01-01T07:59:59-00:00,2011-03-31T00:00:00,2030-12-31T23:59:59
AS_SP15,CANYONP4_7_GN001,AS_SP15,,2025-05-13T07:00:00-00:00,2031-01-01T07:59:59-00:00,2025-05-13T00:00:00,2030-12-31T23:59:59
AS_SP15,CAPSTRNO_1_N011,AS_SP15,,2022-06-15T07:00:00-00:00,2031-01-01T07:59:59-00:00,2022-06-15T00:00:00,2030-12-31T23:59:59
AS_SP15,CAPSTRNO_1_N016,AS_SP15,,2021-04-28T07:00:00-00:00,2031-01-01T07:59:59-00:00,2021-04-28T00:00:00,2030-12-31T23:59:59
AS_SP15,CAPSTRNO_1_N051,AS_SP15,,2022-06-15T07:00:00-00:00,2031-01-01T07:59:59-00:00,2022-06-15T00:00:00,2030-12-31T23:59:59
AS_SP15,CAPSTRNO_1_N063,AS_SP15,,2022-06-15T07:00:00-00:00,2031-01-01T07:59:59-00:00,2022-06-15T00:00:00,2030-12-31T23:59:59
AS_SP15,CAPWIND_1_B1,AS_SP15,,2025-05-13T07:00:00-00:00,2031-01-01T07:59:59-00:00,2025-05-13T00:00:00,2030-12-31T23:59:59
AS_SP15,CARBOGEN_7_B1,AS_SP15,,2009-03-31T07:00:00-00:00,2031-01-01T07:59:59-00:00,2009-03-31T00:00:00,2030-12-31T23:59:59
AS_SP15,CARLS1_2_CARCT1-APND,AS_SP15,,2018-04-05T07:00:00-00:00,2031-01-01T07:59:59-00:00,2018-04-05T00:00:00,2030-12-31T23:59:59
AS_SP15,CARLTNHS_1_GN001,AS_SP15,,2025-05-13T07:00:00-00:00,2031-01-01T07:59:59-00:00,2025-05-13T00:00:00,2030-12-31T23:59:59
AS_SP15,CARLTNHS_1_N001,AS_SP15,,2009-03-31T07:00:00-00:00,2031-01-01T07:59:59-00:00,2009-03-31T00:00:00,2030-12-31T23:59:59
AS_SP15,CARLTNHS_1_N004,AS_SP15,,2009-03-31T07:00:00-00:00,2031-01-01T07:59:59-00:00,2009-03-31T00:00:00,2030-12-31T23:59:59
AS_SP15,CARLTNHS_1_N011,AS_SP15,,2025-05-13T07:00:00-00:00,2031-01-01T07:59:59-00:00,2025-05-13T00:00:00,2030-12-31T23:59:59
AS_SP15,CARLTNHS_1_N012,AS_SP15,,2009-03-31T07:00:00-00:00,2031-01-01T07:59:59-00:00,2009-03-31T00:00:00,2030-12-31T23:59:59
AS_SP15,CARNATIO_6_N001,AS_SP15,,2017-11-16T08:00:00-00:00,2031-01-01T07:59:59-00:00,2017-11-16T00:00:00,2030-12-31T23:59:59
AS_SP15,CARNERAS_6_N001,AS_SP15,,2009-03-31T07:00:00-00:00,2031-01-01T07:59:59-00:00,2009-03-31T00:00:00,2030-12-31T23:59:59
AS_SP15,CARODEAN_1_N001,AS_SP15,,2018-08-23T07:00:00-00:00,2031-01-01T07:59:59-00:00,2018-08-23T00:00:00,2030-12-31T23:59:59
AS_SP15,CARODEAN_1_N010,AS_SP15,,2013-11-21T08:00:00-00:00,2031-01-01T07:59:59-00:00,2013-11-21T00:00:00,2030-12-31T23:59:59
AS_SP15,CARODEAN_1_N017,AS_SP15,,2018-08-23T07:00:00-00:00,2031-01-01T07:59:59-00:00,2018-08-23T00:00:00,2030-12-31T23:59:59
AS_SP15,CARODEAN_1_N019,AS_SP15,,2018-08-23T07:00:00-00:00,2031-01-01T07:59:59-00:00,2018-08-23T00:00:00,2030-12-31T23:59:59
AS_SP15,CARRIZO_1_N001,AS_SP15,,2017-11-16T08:00:00-00:00,2031-01-01T07:59:59-00:00,2017-11-16T00:00:00,2030-12-31T23:59:59
AS_SP15,CASTAC_6_N001,AS_SP15,,2009-03-31T07:00:00-00:00,2031-01-01T07:59:59-00:00,2009-03-31T00:00:00,2030-12-31T23:59:59
AS_SP15,CATALGEN_7_N001,AS_SP15,,2025-05-13T07:00:00-00:00,2031-01-01T07:59:59-00:00,2025-05-13T00:00:00,2030-12-31T23:59:59
AS_SP15,CATALNA2_7_N001,AS_SP15,,2015-01-15T08:00:00-00:00,2031-01-01T07:59:59-00:00,2015-01-15T00:00:00,2030-12-31T23:59:59
AS_SP15,CAVLSRGN_7_B1,AS_SP15,,2025-05-13T07:00:00-00:00,2031-01-01T07:59:59-00:00,2025-05-13T00:00:00,2030-12-31T23:59:59
AS_SP15,CAWELOB_6_N001,AS_SP15,,2009-03-31T07:00:00-00:00,2031-01-01T07:59:59-00:00,2009-03-31T00:00:00,2030-12-31T23:59:59
AS_SP15,CAWELOC_1_N001,AS_SP15,,2009-03-31T07:00:00-00:00,2031-01-01T07:59:59-00:00,2009-03-31T00:00:00,2030-12-31T23:59:59
AS_SP15,CAYUCOS_6_N001,AS_SP15,,2009-03-31T07:00:00-00:00,2031-01-01T07:59:59-00:00,2009-03-31T00:00:00,2030-12-31T23:59:59
AS_SP15,CAYUCOS_6_N006,AS_SP15,,2009-03-31T07:00:00-00:00,2031-01-01T07:59:59-00:00,2009-03-31T00:00:00,2030-12-31T23:59:59
AS_SP15,CDWR07_2_GEN-APND,AS_SP15,,2009-03-31T07:00:00-00:00,2031-01-01T07:59:59-00:00,2009-03-31T00:00:00,2030-12-31T23:59:59
AS_SP15,CELERON_6_N001,AS_SP15,,2009-03-31T07:00:00-00:00,2031-01-01T07:59:59-00:00,2009-03-31T00:00:00,2030-12-31T23:59:59
AS_SP15,CELERON_6_N002,AS_SP15,,2009-03-31T07:00:00-00:00,2031-01-01T07:59:59-00:00,2009-03-31T00:00:00,2030-12-31T23:59:59
AS_SP15,CENTANTE_7_N001,AS_SP15,,2025-05-13T07:00:00-00:00,2031-01-01T07:59:59-00:00,2025-05-13T00:00:00,2030-12-31T23:59:59
AS_SP15,CENTERS_2_N036,AS_SP15,,2016-11-17T08:00:00-00:00,2031-01-01T07:59:59-00:00,2016-11-17T00:00:00,2030-12-31T23:59:59
AS_SP15,CENTERS_6_N001,AS_SP15,,2009-03-31T07:00:00-00:00,2031-01-01T07:59:59-00:00,2009-03-31T00:00:00,2030-12-31T23:59:59
AS_SP15,CENTERS_6_N004,AS_SP15,,2009-03-31T07:00:00-00:00,2031-01-01T07:59:59-00:00,2009-03-31T00:00:00,2030-12-31T23:59:59
AS_SP15,CENTERS_6_N008,AS_SP15,,2025-05-13T07:00:00-00:00,2031-01-01T07:59:59-00:00,2025-05-13T00:00:00,2030-12-31T23:59:59
AS_SP15,CENTERS_6_N009,AS_SP15,,2014-08-28T07:00:00-00:00,2031-01-01T07:59:59-00:00,2014-08-28T00:00:00,2030-12-31T23:59:59
AS_SP15,CENTERS_6_N010,AS_SP15,,2025-05-13T07:00:00-00:00,2031-01-01T07:59:59-00:00,2025-05-13T00:00:00,2030-12-31T23:59:59
AS_SP15,CENTERS_6_N200,AS_SP15,,2009-03-31T07:00:00-00:00,2031-01-01T07:59:59-00:00,2009-03-31T00:00:00,2030-12-31T23:59:59
AS_SP15,CENTPD_2_BMSSX2-APND,AS_SP15,,2022-07-28T07:00:00-00:00,2031-01-01T07:59:59-00:00,2022-07-28T00:00:00,2030-12-31T23:59:59
AS_SP15,CENTPD_2_BMSX2-APND,AS_SP15,,2022-07-28T07:00:00-00:00,2031-01-01T07:59:59-00:00,2022-07-28T00:00:00,2030-12-31T23:59:59
AS_SP15,CENTPD_7_N003,AS_SP15,,2022-04-27T07:00:00-00:00,2031-01-01T07:59:59-00:00,2022-04-27T00:00:00,2030-12-31T23:59:59
AS_SP15,CENTPD_7_N004,AS_SP15,,2022-04-27T07:00:00-00:00,2031-01-01T07:59:59-00:00,2022-04-27T00:00:00,2030-12-31T23:59:59
AS_SP15,CENTPD_7_NSR1,AS_SP15,,2022-06-15T07:00:00-00:00,2031-01-01T07:59:59-00:00,2022-06-15T00:00:00,2030-12-31T23:59:59
AS_SP15,CENTPD_7_NSR2,AS_SP15,,2022-06-15T07:00:00-00:00,2031-01-01T07:59:59-00:00,2022-06-15T00:00:00,2030-12-31T23:59:59
AS_SP15,CENTRY_6_PL1X4-APND,AS_SP15,,2009-03-31T07:00:00-00:00,2031-01-01T07:59:59-00:00,2009-03-31T00:00:00,2030-12-31T23:59:59
AS_SP15,CENTURY_7_B1,AS_SP15,,2023-05-05T07:00:00-00:00,2031-01-01T07:59:59-00:00,2023-05-05T00:00:00,2030-12-31T23:59:59
AS_SP15,CENTURY_7_B3,AS_SP15,,2023-05-05T07:00:00-00:00,2031-01-01T07:59:59-00:00,2023-05-05T00:00:00,2030-12-31T23:59:59
AS_SP15,CENTURY_7_B4,AS_SP15,,2023-05-05T07:00:00-00:00,2031-01-01T07:59:59-00:00,2023-05-05T00:00:00,2030-12-31T23:59:59
AS_SP15,CENTURY_7_B5,AS_SP15,,2023-05-05T07:00:00-00:00,2031-01-01T07:59:59-00:00,2023-05-05T00:00:00,2030-12-31T23:59:59
AS_SP15,CHALAN_7_N001,AS_SP15,,2024-01-24T08:00:00-00:00,2031-01-01T07:59:59-00:00,2024-01-24T00:00:00,2030-12-31T23:59:59
AS_SP15,CHALAN_7_N002,AS_SP15,,2024-01-24T08:00:00-00:00,2031-01-01T07:59:59-00:00,2024-01-24T00:00:00,2030-12-31T23:59:59
AS_SP15,CHALKCLF_7_N001,AS_SP15,,2010-08-26T07:00:00-00:00,2031-01-01T07:59:59-00:00,2010-08-26T00:00:00,2030-12-31T23:59:59
AS_SP15,CHARCA_12_ND002,AS_SP15,,2025-05-13T07:00:00-00:00,2031-01-01T07:59:59-00:00,2025-05-13T00:00:00,2030-12-31T23:59:59
AS_SP15,CHARKA_1_LN001,AS_SP15,,2017-08-17T07:00:00-00:00,2031-01-01T07:59:59-00:00,2017-08-17T00:00:00,2030-12-31T23:59:59
AS_SP15,CHARKA_1_N001,AS_SP15,,2009-03-31T07:00:00-00:00,2031-01-01T07:59:59-00:00,2009-03-31T00:00:00,2030-12-31T23:59:59
AS_SP15,CHARLSTN_1_N001,AS_SP15,,2013-01-03T08:00:00-00:00,2031-01-01T07:59:59-00:00,2013-01-03T00:00:00,2030-12-31T23:59:59
AS_SP15,CHARMNGN_7_N001,AS_SP15,,2025-05-13T07:00:00-00:00,2031-01-01T07:59:59-00:00,2025-05-13T00:00:00,2030-12-31T23:59:59
AS_SP15,CHCARITA_1_N001,AS_SP15,,2009-03-31T07:00:00-00:00,2031-01-01T07:59:59-00:00,2009-03-31T00:00:00,2030-12-31T23:59:59
AS_SP15,CHCARITA_1_N004,AS_SP15,,2009-03-31T07:00:00-00:00,2031-01-01T07:59:59-00:00,2009-03-31T00:00:00,2030-12-31T23:59:59
AS_SP15,CHCARITA_1_N008,AS_SP15,,2009-03-31T07:00:00-00:00,2031-01-01T07:59:59-00:00,2009-03-31T00:00:00,2030-12-31T23:59:59
AS_SP15,CHCARITA_1_N012,AS_SP15,,2009-03-31T07:00:00-00:00,2031-01-01T07:59:59-00:00,2009-03-31T00:00:00,2030-12-31T23:59:59
AS_SP15,CHERRY_2_N001,AS_SP15,,2025-08-13T07:00:00-00:00,2031-01-01T07:59:59-00:00,2025-08-13T00:00:00,2030-12-31T23:59:59
AS_SP15,CHESTN_2_CHWBX2-APND,AS_SP15,,2023-06-15T07:00:00-00:00,2031-01-01T07:59:59-00:00,2023-06-15T00:00:00,2030-12-31T23:59:59
AS_SP15,CHESTN_2_CHWSX2-APND,AS_SP15,,2023-06-15T07:00:00-00:00,2031-01-01T07:59:59-00:00,2023-06-15T00:00:00,2030-12-31T23:59:59
AS_SP15,CHESTN_7_NBT1,AS_SP15,,2024-08-08T07:00:00-00:00,2031-01-01T07:59:59-00:00,2024-08-08T00:00:00,2030-12-31T23:59:59
AS_SP15,CHESTN_7_NBT2,AS_SP15,,2024-08-08T07:00:00-00:00,2031-01-01T07:59:59-00:00,2024-08-08T00:00:00,2030-12-31T23:59:59
AS_SP15,CHESTN_7_NSR1,AS_SP15,,2024-08-08T07:00:00-00:00,2031-01-01T07:59:59-00:00,2024-08-08T00:00:00,2030-12-31T23:59:59
AS_SP15,CHESTN_7_NSR2,AS_SP15,,2024-08-08T07:00:00-00:00,2031-01-01T07:59:59-00:00,2024-08-08T00:00:00,2030-12-31T23:59:59
AS_SP15,CHEVLHLS_6_N001,AS_SP15,,2017-11-16T08:00:00-00:00,2031-01-01T07:59:59-00:00,2017-11-16T00:00:00,2030-12-31T23:59:59
AS_SP15,CHEVMAIN_6_N001,AS_SP15,,2009-03-31T07:00:00-00:00,2031-01-01T07:59:59-00:00,2009-03-31T00:00:00,2030-12-31T23:59:59
AS_SP15,CHEVMAIN_6_N004,AS_SP15,,2025-05-13T07:00:00-00:00,2031-01-01T07:59:59-00:00,2025-05-13T00:00:00,2030-12-31T23:59:59
AS_SP15,CHINO_6_GN001,AS_SP15,,2023-05-05T07:00:00-00:00,2031-01-01T07:59:59-00:00,2023-05-05T00:00:00,2030-12-31T23:59:59
AS_SP15,CHINO_6_N003,AS_SP15,,2025-05-13T07:00:00-00:00,2031-01-01T07:59:59-00:00,2025-05-13T00:00:00,2030-12-31T23:59:59
AS_SP15,CHINO_6_N007,AS_SP15,,2009-03-31T07:00:00-00:00,2031-01-01T07:59:59-00:00,2009-03-31T00:00:00,2030-12-31T23:59:59
AS_SP15,CHINO_6_N008,AS_SP15,,2009-03-31T07:00:00-00:00,2031-01-01T07:59:59-00:00,2009-03-31T00:00:00,2030-12-31T23:59:59
AS_SP15,CHINO_6_N010,AS_SP15,,2025-05-13T07:00:00-00:00,2031-01-01T07:59:59-00:00,2025-05-13T00:00:00,2030-12-31T23:59:59
AS_SP15,CHINO_6_N019,AS_SP15,,2025-05-13T07:00:00-00:00,2031-01-01T07:59:59-00:00,2025-05-13T00:00:00,2030-12-31T23:59:59
AS_SP15,CHINO_6_N020,AS_SP15,,2025-05-13T07:00:00-00:00,2031-01-01T07:59:59-00:00,2025-05-13T00:00:00,2030-12-31T23:59:59
AS_SP15,CHINO_6_N033,AS_SP15,,2025-05-13T07:00:00-00:00,2031-01-01T07:59:59-00:00,2025-05-13T00:00:00,2030-12-31T23:59:59
AS_SP15,CHINO_6_N108,AS_SP15,,2023-05-05T07:00:00-00:00,2031-01-01T07:59:59-00:00,2023-05-05T00:00:00,2030-12-31T23:59:59
AS_SP15,CHOLAME_6_N001,AS_SP15,,2017-11-16T08:00:00-00:00,2031-01-01T07:59:59-00:00,2017-11-16T00:00:00,2030-12-31T23:59:59
AS_SP15,CHOLAME_6_N002,AS_SP15,,2017-11-16T08:00:00-00:00,2031-01-01T07:59:59-00:00,2017-11-16T00:00:00,2030-12-31T23:59:59
AS_SP15,CHOLLAS_6_N001,AS_SP15,,2009-03-31T07:00:00-00:00,2031-01-01T07:59:59-00:00,2009-03-31T00:00:00,2030-12-31T23:59:59
AS_SP15,CHOLLAS_6_N008,AS_SP15,,2009-03-31T07:00:00-00:00,2031-01-01T07:59:59-00:00,2009-03-31T00:00:00,2030-12-31T23:59:59
AS_SP15,CHOLLAS_6_N009,AS_SP15,,2009-03-31T07:00:00-00:00,2031-01-01T07:59:59-00:00,2009-03-31T00:00:00,2030-12-31T23:59:59
AS_SP15,CIMA_2_N101,AS_SP15,,2009-03-31T07:00:00-00:00,2031-01-01T07:59:59-00:00,2009-03-31T00:00:00,2030-12-31T23:59:59
AS_SP15,CIMGEN_7_B1,AS_SP15,,2025-05-13T07:00:00-00:00,2031-01-01T07:59:59-00:00,2025-05-13T00:00:00,2030-12-31T23:59:59
AS_SP15,CLAIRMNT_6_N008,AS_SP15,,2009-03-31T07:00:00-00:00,2031-01-01T07:59:59-00:00,2009-03-31T00:00:00,2030-12-31T23:59:59
AS_SP15,CLEARCT_7_N002,AS_SP15,,2009-03-31T07:00:00-00:00,2031-01-01T07:59:59-00:00,2009-03-31T00:00:00,2030-12-31T23:59:59
AS_SP15,CLEARCT_7_N1,AS_SP15,,2009-03-31T07:00:00-00:00,2031-01-01T07:59:59-00:00,2009-03-31T00:00:00,2030-12-31T23:59:59
AS_SP15,CLEARGEN_6_N001,AS_SP15,,2009-03-31T07:00:00-00:00,2031-01-01T07:59:59-00:00,2009-03-31T00:00:00,2030-12-31T23:59:59
AS_SP15,CLEARGEN_6_N004,AS_SP15,,2025-05-13T07:00:00-00:00,2031-01-01T07:59:59-00:00,2025-05-13T00:00:00,2030-12-31T23:59:59
AS_SP15,CLEARST_7_B1,AS_SP15,,2009-03-31T07:00:00-00:00,2031-01-01T07:59:59-00:00,2009-03-31T00:00:00,2030-12-31T23:59:59
AS_SP15,CLEMTN_1_B1,AS_SP15,,2023-07-27T07:00:00-00:00,2031-01-01T07:59:59-00:00,2023-07-27T00:00:00,2030-12-31T23:59:59
AS_SP15,CLRMNT_6_N001,AS_SP15,,2025-05-13T07:00:00-00:00,2031-01-01T07:59:59-00:00,2025-05-13T00:00:00,2030-12-31T23:59:59
AS_SP15,CLRMNT_7_N002,AS_SP15,,2023-06-14T07:00:00-00:00,2031-01-01T07:59:59-00:00,2023-06-14T00:00:00,2030-12-31T23:59:59
AS_SP15,CMBLND_7_N002,AS_SP15,,2025-05-13T07:00:00-00:00,2031-01-01T07:59:59-00:00,2025-05-13T00:00:00,2030-12-31T23:59:59
AS_SP15,CMBLND_7_N004,AS_SP15,,2025-05-13T07:00:00-00:00,2031-01-01T07:59:59-00:00,2025-05-13T00:00:00,2030-12-31T23:59:59
AS_SP15,CMBLND_7_N006,AS_SP15,,2025-05-13T07:00:00-00:00,2031-01-01T07:59:59-00:00,2025-05-13T00:00:00,2030-12-31T23:59:59
AS_SP15,CMBLND_7_N008,AS_SP15,,2025-05-13T07:00:00-00:00,2031-01-01T07:59:59-00:00,2025-05-13T00:00:00,2030-12-31T23:59:59
AS_SP15,CMBLND_7_N010,AS_SP15,,2025-05-13T07:00:00-00:00,2031-01-01T07:59:59-00:00,2025-05-13T00:00:00,2030-12-31T23:59:59
AS_SP15,CMBLND_7_NBT3,AS_SP15,,2025-05-13T07:00:00-00:00,2031-01-01T07:59:59-00:00,2025-05-13T00:00:00,2030-12-31T23:59:59
AS_SP15,CMRRON2_7_NCN1,AS_SP15,,2025-08-13T07:00:00-00:00,2031-01-01T07:59:59-00:00,2025-08-13T00:00:00,2030-12-31T23:59:59
AS_SP15,CMRRON_7_N001,AS_SP15,,2025-02-12T08:00:00-00:00,2031-01-01T07:59:59-00:00,2025-02-12T00:00:00,2030-12-31T23:59:59
AS_SP15,CNTFLT_7_ND002,AS_SP15,,2025-12-17T08:00:00-00:00,2031-01-01T07:59:59-00:00,2025-12-17T00:00:00,2030-12-31T23:59:59
AS_SP15,CNTFLT_7_ND1001,AS_SP15,,2025-10-15T07:00:00-00:00,2031-01-01T07:59:59-00:00,2025-10-15T00:00:00,2030-12-31T23:59:59
AS_SP15,CNTFLT_7_ND1002,AS_SP15,,2025-10-15T07:00:00-00:00,2031-01-01T07:59:59-00:00,2025-10-15T00:00:00,2030-12-31T23:59:59
AS_SP15,CNTFLT_7_ND2001,AS_SP15,,2025-10-15T07:00:00-00:00,2031-01-01T07:59:59-00:00,2025-10-15T00:00:00,2030-12-31T23:59:59
AS_SP15,CNTFLT_7_ND2002,AS_SP15,,2025-10-15T07:00:00-00:00,2031-01-01T07:59:59-00:00,2025-10-15T00:00:00,2030-12-31T23:59:59
AS_SP15,CNTFLT_7_ND3001,AS_SP15,,2025-10-15T07:00:00-00:00,2031-01-01T07:59:59-00:00,2025-10-15T00:00:00,2030-12-31T23:59:59
AS_SP15,COLCT234_7_N001,AS_SP15,,2014-11-13T08:00:00-00:00,2031-01-01T07:59:59-00:00,2014-11-13T00:00:00,2030-12-31T23:59:59
AS_SP15,COLCT334_7_N001,AS_SP15,,2014-08-28T07:00:00-00:00,2031-01-01T07:59:59-00:00,2014-08-28T00:00:00,2030-12-31T23:59:59
AS_SP15,COLNGA1_6_N001,AS_SP15,,2017-11-16T08:00:00-00:00,2031-01-01T07:59:59-00:00,2017-11-16T00:00:00,2030-12-31T23:59:59
AS_SP15,COLNGA1_6_N002,AS_SP15,,2017-11-16T08:00:00-00:00,2031-01-01T07:59:59-00:00,2017-11-16T00:00:00,2030-12-31T23:59:59
AS_SP15,COLNGA1_6_N006,AS_SP15,,2017-11-16T08:00:00-00:00,2031-01-01T07:59:59-00:00,2017-11-16T00:00:00,2030-12-31T23:59:59
AS_SP15,COLRIVER_2_B1,AS_SP15,,2017-08-17T07:00:00-00:00,2031-01-01T07:59:59-00:00,2017-08-17T00:00:00,2030-12-31T23:59:59
AS_SP15,COLRIVER_2_B2,AS_SP15,,2022-06-15T07:00:00-00:00,2031-01-01T07:59:59-00:00,2022-06-15T00:00:00,2030-12-31T23:59:59
AS_SP15,COLUMBUS_1_N001,AS_SP15,,2023-03-15T07:00:00-00:00,2031-01-01T07:59:59-00:00,2023-03-15T00:00:00,2030-12-31T23:59:59
AS_SP15,COLUMBUS_1_N003,AS_SP15,,2017-11-16T08:00:00-00:00,2031-01-01T07:59:59-00:00,2017-11-16T00:00:00,2030-12-31T23:59:59
AS_SP15,COLUMBUS_1_N005,AS_SP15,,2017-11-16T08:00:00-00:00,2031-01-01T07:59:59-00:00,2017-11-16T00:00:00,2030-12-31T23:59:59
AS_SP15,COLWATER_1_B2,AS_SP15,,2025-11-06T08:00:00-00:00,2031-01-01T07:59:59-00:00,2025-11-06T00:00:00,2030-12-31T23:59:59
AS_SP15,COLWATER_1_LN001,AS_SP15,,2010-04-22T07:00:00-00:00,2031-01-01T07:59:59-00:00,2010-04-22T00:00:00,2030-12-31T23:59:59
AS_SP15,COLWATER_1_N001,AS_SP15,,2009-03-31T07:00:00-00:00,2031-01-01T07:59:59-00:00,2009-03-31T00:00:00,2030-12-31T23:59:59
AS_SP15,COLWATER_1_N002,AS_SP15,,2009-03-31T07:00:00-00:00,2031-01-01T07:59:59-00:00,2009-03-31T00:00:00,2030-12-31T23:59:59
AS_SP15,COLWATER_1_N011,AS_SP15,,2025-05-13T07:00:00-00:00,2031-01-01T07:59:59-00:00,2025-05-13T00:00:00,2030-12-31T23:59:59
AS_SP15,COLWATER_2_LN001,AS_SP15,,2010-04-22T07:00:00-00:00,2031-01-01T07:59:59-00:00,2010-04-22T00:00:00,2030-12-31T23:59:59
AS_SP15,CONCHO_1_N002,AS_SP15,,2009-03-31T07:00:00-00:00,2031-01-01T07:59:59-00:00,2009-03-31T00:00:00,2030-12-31T23:59:59
AS_SP15,CONDOR_7_N002,AS_SP15,,2025-05-13T07:00:00-00:00,2031-01-01T07:59:59-00:00,2025-05-13T00:00:00,2030-12-31T23:59:59
AS_SP15,CONTROLX_1_N001,AS_SP15,,2009-03-31T07:00:00-00:00,2031-01-01T07:59:59-00:00,2009-03-31T00:00:00,2030-12-31T23:59:59
AS_SP15,CONTROLX_1_N002,AS_SP15,,2009-03-31T07:00:00-00:00,2031-01-01T07:59:59-00:00,2009-03-31T00:00:00,2030-12-31T23:59:59
AS_SP15,CONTROLX_1_N003,AS_SP15,,2025-05-13T07:00:00-00:00,2031-01-01T07:59:59-00:00,2025-05-13T00:00:00,2030-12-31T23:59:59
AS_SP15,CONTROLX_1_N004,AS_SP15,,2023-11-15T08:00:00-00:00,2031-01-01T07:59:59-00:00,2023-11-15T00:00:00,2030-12-31T23:59:59
AS_SP15,CONTROLX_1_N005,AS_SP15,,2025-05-13T07:00:00-00:00,2031-01-01T07:59:59-00:00,2025-05-13T00:00:00,2030-12-31T23:59:59
AS_SP15,CONTROLX_1_N008,AS_SP15,,2025-05-13T07:00:00-00:00,2031-01-01T07:59:59-00:00,2025-05-13T00:00:00,2030-12-31T23:59:59
AS_SP15,CONTROLX_1_N009,AS_SP15,,2025-05-13T07:00:00-00:00,2031-01-01T07:59:59-00:00,2025-05-13T00:00:00,2030-12-31T23:59:59
AS_SP15,CONTROLX_1_N010,AS_SP15,,2025-05-13T07:00:00-00:00,2031-01-01T07:59:59-00:00,2025-05-13T00:00:00,2030-12-31T23:59:59
AS_SP15,CONTROL_1_B1,AS_SP15,,2017-08-17T07:00:00-00:00,2031-01-01T07:59:59-00:00,2017-08-17T00:00:00,2030-12-31T23:59:59
AS_SP15,CONTROL_1_N034,AS_SP15,,2025-05-13T07:00:00-00:00,2031-01-01T07:59:59-00:00,2025-05-13T00:00:00,2030-12-31T23:59:59
AS_SP15,CONTROL_7_B1,AS_SP15,,2017-08-17T07:00:00-00:00,2031-01-01T07:59:59-00:00,2017-08-17T00:00:00,2030-12-31T23:59:59
AS_SP15,CONTROL_7_N001,AS_SP15,,2009-03-31T07:00:00-00:00,2031-01-01T07:59:59-00:00,2009-03-31T00:00:00,2030-12-31T23:59:59
AS_SP15,CONTROL_7_N021,AS_SP15,,2013-11-21T08:00:00-00:00,2031-01-01T07:59:59-00:00,2013-11-21T00:00:00,2030-12-31T23:59:59
AS_SP15,CONTROL_7_N022,AS_SP15,,2021-06-09T07:00:00-00:00,2031-01-01T07:59:59-00:00,2021-06-09T00:00:00,2030-12-31T23:59:59
AS_SP15,CONTROL_7_N023,AS_SP15,,2021-06-09T07:00:00-00:00,2031-01-01T07:59:59-00:00,2021-06-09T00:00:00,2030-12-31T23:59:59
AS_SP15,CONTROL_7_N024,AS_SP15,,2021-06-09T07:00:00-00:00,2031-01-01T07:59:59-00:00,2021-06-09T00:00:00,2030-12-31T23:59:59
AS_SP15,CONTROL_7_N025,AS_SP15,,2021-06-09T07:00:00-00:00,2031-01-01T07:59:59-00:00,2021-06-09T00:00:00,2030-12-31T23:59:59
AS_SP15,COPPERMT_6_GN001,AS_SP15,,2025-05-13T07:00:00-00:00,2031-01-01T07:59:59-00:00,2025-05-13T00:00:00,2030-12-31T23:59:59
AS_SP15,COPPERMT_7_N002,AS_SP15,,2025-05-13T07:00:00-00:00,2031-01-01T07:59:59-00:00,2025-05-13T00:00:00,2030-12-31T23:59:59
AS_SP15,COPPERMT_7_N004,AS_SP15,,2013-11-21T08:00:00-00:00,2031-01-01T07:59:59-00:00,2013-11-21T00:00:00,2030-12-31T23:59:59
AS_SP15,COPPERMT_7_N005,AS_SP15,,2013-11-21T08:00:00-00:00,2031-01-01T07:59:59-00:00,2013-11-21T00:00:00,2030-12-31T23:59:59
AS_SP15,COPUS_6_LN001,AS_SP15,,2017-08-17T07:00:00-00:00,2031-01-01T07:59:59-00:00,2017-08-17T00:00:00,2030-12-31T23:59:59
AS_SP15,COPUS_6_N001,AS_SP15,,2009-03-31T07:00:00-00:00,2031-01-01T07:59:59-00:00,2009-03-31T00:00:00,2030-12-31T23:59:59
AS_SP15,CORAMA_7_N003,AS_SP15,,2023-05-05T07:00:00-00:00,2031-01-01T07:59:59-00:00,2023-05-05T00:00:00,2030-12-31T23:59:59
AS_SP15,CORAMB_7_N003,AS_SP15,,2017-08-17T07:00:00-00:00,2031-01-01T07:59:59-00:00,2017-08-17T00:00:00,2030-12-31T23:59:59
AS_SP15,CORONADO_6_B1,AS_SP15,,2017-08-17T07:00:00-00:00,2031-01-01T07:59:59-00:00,2017-08-17T00:00:00,2030-12-31T23:59:59
AS_SP15,CORONADO_6_N001,AS_SP15,,2009-03-31T07:00:00-00:00,2031-01-01T07:59:59-00:00,2009-03-31T00:00:00,2030-12-31T23:59:59
AS_SP15,CORONADO_6_N002,AS_SP15,,2009-03-31T07:00:00-00:00,2031-01-01T07:59:59-00:00,2009-03-31T00:00:00,2030-12-31T23:59:59
AS_SP15,CORONS_6_CLRWTR-APND,AS_SP15,,2009-03-31T07:00:00-00:00,2031-01-01T07:59:59-00:00,2009-03-31T00:00:00,2030-12-31T23:59:59
AS_SP15,CORRECT_6_N001,AS_SP15,,2009-03-31T07:00:00-00:00,2031-01-01T07:59:59-00:00,2009-03-31T00:00:00,2030-12-31T23:59:59
AS_SP15,CORUM_6_N001,AS_SP15,,2009-03-31T07:00:00-00:00,2031-01-01T07:59:59-00:00,2009-03-31T00:00:00,2030-12-31T23:59:59
AS_SP15,CPBORDER_7_B1,AS_SP15,,2024-10-23T07:00:00-00:00,2031-01-01T07:59:59-00:00,2024-10-23T00:00:00,2030-12-31T23:59:59
AS_SP15,CPBORDER_7_N001,AS_SP15,,2025-12-18T08:00:00-00:00,2031-01-01T07:59:59-00:00,2025-12-18T00:00:00,2030-12-31T23:59:59
AS_SP15,CPBORDER_7_N002,AS_SP15,,2025-12-18T08:00:00-00:00,2031-01-01T07:59:59-00:00,2025-12-18T00:00:00,2030-12-31T23:59:59
AS_SP15,CPC-COLT_7_N001,AS_SP15,,2009-03-31T07:00:00-00:00,2031-01-01T07:59:59-00:00,2009-03-31T00:00:00,2030-12-31T23:59:59
AS_SP15,CPELCAJN_7_B1,AS_SP15,,2009-03-31T07:00:00-00:00,2031-01-01T07:59:59-00:00,2009-03-31T00:00:00,2030-12-31T23:59:59
AS_SP15,CPESCNDO_7_A1,AS_SP15,,2009-03-31T07:00:00-00:00,2031-01-01T07:59:59-00:00,2009-03-31T00:00:00,2030-12-31T23:59:59
AS_SP15,CPESCNDO_7_B1,AS_SP15,,2025-10-15T07:00:00-00:00,2031-01-01T07:59:59-00:00,2025-10-15T00:00:00,2030-12-31T23:59:59
AS_SP15,CREELMAN_6_N001,AS_SP15,,2009-03-31T07:00:00-00:00,2031-01-01T07:59:59-00:00,2009-03-31T00:00:00,2030-12-31T23:59:59
AS_SP15,CREELMAN_6_N004,AS_SP15,,2013-11-21T08:00:00-00:00,2031-01-01T07:59:59-00:00,2013-11-21T00:00:00,2030-12-31T23:59:59
AS_SP15,CREELMAN_6_N014,AS_SP15,,2017-11-16T08:00:00-00:00,2031-01-01T07:59:59-00:00,2017-11-16T00:00:00,2030-12-31T23:59:59
AS_SP15,CRELMN_7_N001,AS_SP15,,2025-05-13T07:00:00-00:00,2031-01-01T07:59:59-00:00,2025-05-13T00:00:00,2030-12-31T23:59:59
AS_SP15,CRELMN_7_N003,AS_SP15,,2025-05-13T07:00:00-00:00,2031-01-01T07:59:59-00:00,2025-05-13T00:00:00,2030-12-31T23:59:59
AS_SP15,CRESTWD_6_B1,AS_SP15,,2017-08-17T07:00:00-00:00,2031-01-01T07:59:59-00:00,2017-08-17T00:00:00,2030-12-31T23:59:59
AS_SP15,CRESTWD_6_N001,AS_SP15,,2009-03-31T07:00:00-00:00,2031-01-01T07:59:59-00:00,2009-03-31T00:00:00,2030-12-31T23:59:59
AS_SP15,CRIMSN_7_CN1,AS_SP15,,2022-01-14T08:00:00-00:00,2031-01-01T07:59:59-00:00,2022-01-14T00:00:00,2030-12-31T23:59:59
AS_SP15,CRIMSN_7_CN2,AS_SP15,,2022-01-14T08:00:00-00:00,2031-01-01T07:59:59-00:00,2022-01-14T00:00:00,2030-12-31T23:59:59
AS_SP15,CRIMSN_7_CN3,AS_SP15,,2025-05-13T07:00:00-00:00,2031-01-01T07:59:59-00:00,2025-05-13T00:00:00,2030-12-31T23:59:59
AS_SP15,CRIMSN_7_CN4,AS_SP15,,2025-05-13T07:00:00-00:00,2031-01-01T07:59:59-00:00,2025-05-13T00:00:00,2030-12-31T23:59:59
AS_SP15,CSADIAB_7_N001,AS_SP15,,2025-05-13T07:00:00-00:00,2031-01-01T07:59:59-00:00,2025-05-13T00:00:00,2030-12-31T23:59:59
AS_SP15,CSADIAB_7_N003,AS_SP15,,2018-08-23T07:00:00-00:00,2031-01-01T07:59:59-00:00,2018-08-23T00:00:00,2030-12-31T23:59:59
AS_SP15,CSUCISL_7_N001,AS_SP15,,2025-05-13T07:00:00-00:00,2031-01-01T07:59:59-00:00,2025-05-13T00:00:00,2030-12-31T23:59:59
AS_SP15,CTRPKGEN_7_B1,AS_SP15,,2025-05-13T07:00:00-00:00,2031-01-01T07:59:59-00:00,2025-05-13T00:00:00,2030-12-31T23:59:59
AS_SP15,CUMMINGS_6_N001,AS_SP15,,2009-03-31T07:00:00-00:00,2031-01-01T07:59:59-00:00,2009-03-31T00:00:00,2030-12-31T23:59:59
AS_SP15,CUYAMAGN_7_N001,AS_SP15,,2019-09-19T07:00:00-00:00,2031-01-01T07:59:59-00:00,2019-09-19T00:00:00,2030-12-31T23:59:59
AS_SP15,CUYAMAGN_7_NSB1,AS_SP15,,2025-05-13T07:00:00-00:00,2031-01-01T07:59:59-00:00,2025-05-13T00:00:00,2030-12-31T23:59:59
AS_SP15,CUYAMA_6_N003,AS_SP15,,2017-11-16T08:00:00-00:00,2031-01-01T07:59:59-00:00,2017-11-16T00:00:00,2030-12-31T23:59:59
AS_SP15,CUYAMA_6_N004,AS_SP15,,2017-11-16T08:00:00-00:00,2031-01-01T07:59:59-00:00,2017-11-16T00:00:00,2030-12-31T23:59:59
AS_SP15,CYMRIC_1_N001,AS_SP15,,2009-03-31T07:00:00-00:00,2031-01-01T07:59:59-00:00,2009-03-31T00:00:00,2030-12-31T23:59:59
AS_SP15,CYMRIC_1_N004,AS_SP15,,2025-05-13T07:00:00-00:00,2031-01-01T07:59:59-00:00,2025-05-13T00:00:00,2030-12-31T23:59:59
AS_SP15,DAGGET_7_N003,AS_SP15,,2025-05-13T07:00:00-00:00,2031-01-01T07:59:59-00:00,2025-05-13T00:00:00,2030-12-31T23:59:59
AS_SP15,DAGGET_7_N005,AS_SP15,,2025-05-13T07:00:00-00:00,2031-01-01T07:59:59-00:00,2025-05-13T00:00:00,2030-12-31T23:59:59
AS_SP15,DAGGET_7_N007,AS_SP15,,2025-05-13T07:00:00-00:00,2031-01-01T07:59:59-00:00,2025-05-13T00:00:00,2030-12-31T23:59:59
AS_SP15,DAGGET_7_N009,AS_SP15,,2025-05-13T07:00:00-00:00,2031-01-01T07:59:59-00:00,2025-05-13T00:00:00,2030-12-31T23:59:59
AS_SP15,DAGGET_7_N011,AS_SP15,,2025-05-13T07:00:00-00:00,2031-01-01T07:59:59-00:00,2025-05-13T00:00:00,2030-12-31T23:59:59
AS_SP15,DAGGET_7_N013,AS_SP15,,2025-05-13T07:00:00-00:00,2031-01-01T07:59:59-00:00,2025-05-13T00:00:00,2030-12-31T23:59:59
AS_SP15,DAGGET_7_N017,AS_SP15,,2025-05-13T07:00:00-00:00,2031-01-01T07:59:59-00:00,2025-05-13T00:00:00,2030-12-31T23:59:59
AS_SP15,DAGGET_7_N018,AS_SP15,,2025-05-13T07:00:00-00:00,2031-01-01T07:59:59-00:00,2025-05-13T00:00:00,2030-12-31T23:59:59
AS_SP15,DAWNLS_7_N001,AS_SP15,,2013-09-19T07:00:00-00:00,2031-01-01T07:59:59-00:00,2013-09-19T00:00:00,2030-12-31T23:59:59
AS_SP15,DELAMO_2_LN001,AS_SP15,,2010-08-26T07:00:00-00:00,2031-01-01T07:59:59-00:00,2010-08-26T00:00:00,2030-12-31T23:59:59
AS_SP15,DELAMO_2_N001,AS_SP15,,2011-01-20T08:00:00-00:00,2031-01-01T07:59:59-00:00,2011-01-20T00:00:00,2030-12-31T23:59:59
AS_SP15,DELAMO_2_N014,AS_SP15,,2009-03-31T07:00:00-00:00,2031-01-01T07:59:59-00:00,2009-03-31T00:00:00,2030-12-31T23:59:59
AS_SP15,DELAMO_2_N022,AS_SP15,,2011-01-20T08:00:00-00:00,2031-01-01T07:59:59-00:00,2011-01-20T00:00:00,2030-12-31T23:59:59
AS_SP15,DELAMO_2_N050,AS_SP15,,2025-05-13T07:00:00-00:00,2031-01-01T07:59:59-00:00,2025-05-13T00:00:00,2030-12-31T23:59:59
AS_SP15,DELAMO_2_N051,AS_SP15,,2025-05-13T07:00:00-00:00,2031-01-01T07:59:59-00:00,2025-05-13T00:00:00,2030-12-31T23:59:59
AS_SP15,DELAMO_2_N060,AS_SP15,,2025-05-13T07:00:00-00:00,2031-01-01T07:59:59-00:00,2025-05-13T00:00:00,2030-12-31T23:59:59
AS_SP15,DELAMO_2_N061,AS_SP15,,2025-05-13T07:00:00-00:00,2031-01-01T07:59:59-00:00,2025-05-13T00:00:00,2030-12-31T23:59:59
AS_SP15,DELAMO_2_N071,AS_SP15,,2025-05-13T07:00:00-00:00,2031-01-01T07:59:59-00:00,2025-05-13T00:00:00,2030-12-31T23:59:59
AS_SP15,DELAMO_2_N072,AS_SP15,,2025-05-13T07:00:00-00:00,2031-01-01T07:59:59-00:00,2025-05-13T00:00:00,2030-12-31T23:59:59
AS_SP15,DELAMO_2_N073,AS_SP15,,2025-05-13T07:00:00-00:00,2031-01-01T07:59:59-00:00,2025-05-13T00:00:00,2030-12-31T23:59:59
AS_SP15,DELAMO_2_N074,AS_SP15,,2025-05-13T07:00:00-00:00,2031-01-01T07:59:59-00:00,2025-05-13T00:00:00,2030-12-31T23:59:59
AS_SP15,DELMAR_6_N001,AS_SP15,,2009-03-31T07:00:00-00:00,2031-01-01T07:59:59-00:00,2009-03-31T00:00:00,2030-12-31T23:59:59
AS_SP15,DELMAR_6_N010,AS_SP15,,2009-03-31T07:00:00-00:00,2031-01-01T07:59:59-00:00,2009-03-31T00:00:00,2030-12-31T23:59:59
AS_SP15,DELMAR_6_N011,AS_SP15,,2009-03-31T07:00:00-00:00,2031-01-01T07:59:59-00:00,2009-03-31T00:00:00,2030-12-31T23:59:59
AS_SP15,DELSURC1_7_N002,AS_SP15,,2013-11-21T08:00:00-00:00,2031-01-01T07:59:59-00:00,2013-11-21T00:00:00,2030-12-31T23:59:59
AS_SP15,DELSURC1_7_N003,AS_SP15,,2025-05-13T07:00:00-00:00,2031-01-01T07:59:59-00:00,2025-05-13T00:00:00,2030-12-31T23:59:59
AS_SP15,DELSURC1_7_N004,AS_SP15,,2025-05-13T07:00:00-00:00,2031-01-01T07:59:59-00:00,2025-05-13T00:00:00,2030-12-31T23:59:59
AS_SP15,DELSURC1_7_N005,AS_SP15,,2025-05-13T07:00:00-00:00,2031-01-01T07:59:59-00:00,2025-05-13T00:00:00,2030-12-31T23:59:59
AS_SP15,DELSURC1_7_N006,AS_SP15,,2025-05-13T07:00:00-00:00,2031-01-01T07:59:59-00:00,2025-05-13T00:00:00,2030-12-31T23:59:59
AS_SP15,DELSURC2_7_N002,AS_SP15,,2013-11-21T08:00:00-00:00,2031-01-01T07:59:59-00:00,2013-11-21T00:00:00,2030-12-31T23:59:59
AS_SP15,DELSURC2_7_N003,AS_SP15,,2025-05-13T07:00:00-00:00,2031-01-01T07:59:59-00:00,2025-05-13T00:00:00,2030-12-31T23:59:59
AS_SP15,DELSUR_6_CREST-APND,AS_SP15,,2015-12-18T08:00:00-00:00,2031-01-01T07:59:59-00:00,2015-12-18T00:00:00,2030-12-31T23:59:59
AS_SP15,DELSUR_6_N001,AS_SP15,,2013-09-19T07:00:00-00:00,2031-01-01T07:59:59-00:00,2013-09-19T00:00:00,2030-12-31T23:59:59
AS_SP15,DELSUR_6_N008,AS_SP15,,2025-05-13T07:00:00-00:00,2031-01-01T07:59:59-00:00,2025-05-13T00:00:00,2030-12-31T23:59:59
AS_SP15,DELSUR_6_N009,AS_SP15,,2013-09-19T07:00:00-00:00,2031-01-01T07:59:59-00:00,2013-09-19T00:00:00,2030-12-31T23:59:59
AS_SP15,DERRICK_6_N002,AS_SP15,,2025-05-13T07:00:00-00:00,2031-01-01T07:59:59-00:00,2025-05-13T00:00:00,2030-12-31T23:59:59
AS_SP15,DERRICK_6_N003,AS_SP15,,2025-05-13T07:00:00-00:00,2031-01-01T07:59:59-00:00,2025-05-13T00:00:00,2030-12-31T23:59:59
AS_SP15,DESCANSO_6_N001,AS_SP15,,2009-03-31T07:00:00-00:00,2031-01-01T07:59:59-00:00,2009-03-31T00:00:00,2030-12-31T23:59:59
AS_SP15,DEVERS_1_B1,AS_SP15,,2017-08-17T07:00:00-00:00,2031-01-01T07:59:59-00:00,2017-08-17T00:00:00,2030-12-31T23:59:59
AS_SP15,DEVERS_1_C72,AS_SP15,,2018-08-23T07:00:00-00:00,2031-01-01T07:59:59-00:00,2018-08-23T00:00:00,2030-12-31T23:59:59
AS_SP15,DEVERS_1_CN3,AS_SP15,,2020-12-09T08:00:00-00:00,2031-01-01T07:59:59-00:00,2020-12-09T00:00:00,2030-12-31T23:59:59
AS_SP15,DEVERS_1_N057,AS_SP15,,2025-05-13T07:00:00-00:00,2031-01-01T07:59:59-00:00,2025-05-13T00:00:00,2030-12-31T23:59:59
AS_SP15,DEVERS_1_N081,AS_SP15,,2025-05-13T07:00:00-00:00,2031-01-01T07:59:59-00:00,2025-05-13T00:00:00,2030-12-31T23:59:59
AS_SP15,DEVERS_1_N102,AS_SP15,,2025-05-13T07:00:00-00:00,2031-01-01T07:59:59-00:00,2025-05-13T00:00:00,2030-12-31T23:59:59
AS_SP15,DEVERS_1_N103,AS_SP15,,2025-05-13T07:00:00-00:00,2031-01-01T07:59:59-00:00,2025-05-13T00:00:00,2030-12-31T23:59:59
AS_SP15,DEVERS_1_N112,AS_SP15,,2025-05-13T07:00:00-00:00,2031-01-01T07:59:59-00:00,2025-05-13T00:00:00,2030-12-31T23:59:59
AS_SP15,DEVERS_2_B2,AS_SP15,,2017-08-17T07:00:00-00:00,2031-01-01T07:59:59-00:00,2017-08-17T00:00:00,2030-12-31T23:59:59
AS_SP15,DEVERS_2_N072,AS_SP15,,2025-05-13T07:00:00-00:00,2031-01-01T07:59:59-00:00,2025-05-13T00:00:00,2030-12-31T23:59:59
AS_SP15,DEVERS_2_N117,AS_SP15,,2013-09-19T07:00:00-00:00,2031-01-01T07:59:59-00:00,2013-09-19T00:00:00,2030-12-31T23:59:59
AS_SP15,DEVERS_2_N118,AS_SP15,,2013-11-21T08:00:00-00:00,2031-01-01T07:59:59-00:00,2013-11-21T00:00:00,2030-12-31T23:59:59
AS_SP15,DEVLSDN_6_N001,AS_SP15,,2017-11-16T08:00:00-00:00,2031-01-01T07:59:59-00:00,2017-11-16T00:00:00,2030-12-31T23:59:59
AS_SP15,DEXZEL_1_N001,AS_SP15,,2025-05-13T07:00:00-00:00,2031-01-01T07:59:59-00:00,2025-05-13T00:00:00,2030-12-31T23:59:59
AS_SP15,DIABLO1_7_B1,AS_SP15,,2009-03-31T07:00:00-00:00,2031-01-01T07:59:59-00:00,2009-03-31T00:00:00,2030-12-31T23:59:59
AS_SP15,DIABLO1_7_LN001,AS_SP15,,2017-08-17T07:00:00-00:00,2031-01-01T07:59:59-00:00,2017-08-17T00:00:00,2030-12-31T23:59:59
AS_SP15,DIABLO1_7_N001,AS_SP15,,2009-03-31T07:00:00-00:00,2031-01-01T07:59:59-00:00,2009-03-31T00:00:00,2030-12-31T23:59:59
AS_SP15,DIABLO2_7_B1,AS_SP15,,2009-03-31T07:00:00-00:00,2031-01-01T07:59:59-00:00,2009-03-31T00:00:00,2030-12-31T23:59:59
AS_SP15,DIABLO2_7_LN001,AS_SP15,,2017-08-17T07:00:00-00:00,2031-01-01T07:59:59-00:00,2017-08-17T00:00:00,2030-12-31T23:59:59
AS_SP15,DIABLO2_7_N001,AS_SP15,,2009-03-31T07:00:00-00:00,2031-01-01T07:59:59-00:00,2009-03-31T00:00:00,2030-12-31T23:59:59
AS_SP15,DIABLOCN_2_N001,AS_SP15,,2009-03-31T07:00:00-00:00,2031-01-01T07:59:59-00:00,2009-03-31T00:00:00,2030-12-31T23:59:59
AS_SP15,DIABLO_5_B1,AS_SP15,,2017-08-17T07:00:00-00:00,2031-01-01T07:59:59-00:00,2017-08-17T00:00:00,2030-12-31T23:59:59
AS_SP15,DISCOVRY_7_N001,AS_SP15,,2009-03-31T07:00:00-00:00,2031-01-01T07:59:59-00:00,2009-03-31T00:00:00,2030-12-31T23:59:59
AS_SP15,DISCOVRY_7_N002,AS_SP15,,2009-03-31T07:00:00-00:00,2031-01-01T07:59:59-00:00,2009-03-31T00:00:00,2030-12-31T23:59:59
AS_SP15,DIVIDE_6_N011,AS_SP15,,2021-08-25T07:00:00-00:00,2031-01-01T07:59:59-00:00,2021-08-25T00:00:00,2030-12-31T23:59:59
AS_SP15,DIVISION_6_N001,AS_SP15,,2009-03-31T07:00:00-00:00,2031-01-01T07:59:59-00:00,2009-03-31T00:00:00,2030-12-31T23:59:59
AS_SP15,DIVISION_6_N009,AS_SP15,,2009-03-31T07:00:00-00:00,2031-01-01T07:59:59-00:00,2009-03-31T00:00:00,2030-12-31T23:59:59
AS_SP15,DIVVIDE_1_N021,AS_SP15,,2017-08-17T07:00:00-00:00,2031-01-01T07:59:59-00:00,2017-08-17T00:00:00,2030-12-31T23:59:59
AS_SP15,DMDVLY_1_UNITS-APND,AS_SP15,,2009-03-31T07:00:00-00:00,2031-01-01T07:59:59-00:00,2009-03-31T00:00:00,2030-12-31T23:59:59
AS_SP15,DOUBLEC_1_B1,AS_SP15,,2017-08-17T07:00:00-00:00,2031-01-01T07:59:59-00:00,2017-08-17T00:00:00,2030-12-31T23:59:59
AS_SP15,DOUBLEC_7_B1,AS_SP15,,2009-03-31T07:00:00-00:00,2031-01-01T07:59:59-00:00,2009-03-31T00:00:00,2030-12-31T23:59:59
AS_SP15,DOUBLET_1_N001,AS_SP15,,2018-05-24T07:00:00-00:00,2031-01-01T07:59:59-00:00,2018-05-24T00:00:00,2030-12-31T23:59:59
AS_SP15,DOUBLET_1_N002,AS_SP15,,2018-05-24T07:00:00-00:00,2031-01-01T07:59:59-00:00,2018-05-24T00:00:00,2030-12-31T23:59:59
AS_SP15,DOWNS115_1_N006,AS_SP15,,2019-02-21T08:00:00-00:00,2031-01-01T07:59:59-00:00,2019-02-21T00:00:00,2030-12-31T23:59:59
AS_SP15,DOWNS_1_N005,AS_SP15,,2018-08-23T07:00:00-00:00,2031-01-01T07:59:59-00:00,2018-08-23T00:00:00,2030-12-31T23:59:59
AS_SP15,DRACKRS2_7_N002,AS_SP15,,2016-02-11T08:00:00-00:00,2031-01-01T07:59:59-00:00,2016-02-11T00:00:00,2030-12-31T23:59:59
AS_SP15,DRACKRS2_7_N003,AS_SP15,,2025-05-13T07:00:00-00:00,2031-01-01T07:59:59-00:00,2025-05-13T00:00:00,2030-12-31T23:59:59
AS_SP15,DRACKRS3_7_N001,AS_SP15,,2025-05-13T07:00:00-00:00,2031-01-01T07:59:59-00:00,2025-05-13T00:00:00,2030-12-31T23:59:59
AS_SP15,DRACKRS3_7_N003,AS_SP15,,2025-05-13T07:00:00-00:00,2031-01-01T07:59:59-00:00,2025-05-13T00:00:00,2030-12-31T23:59:59
AS_SP15,DRACKRS4_7_N001,AS_SP15,,2025-05-13T07:00:00-00:00,2031-01-01T07:59:59-00:00,2025-05-13T00:00:00,2030-12-31T23:59:59
AS_SP15,DRACKRS4_7_N003,AS_SP15,,2025-05-13T07:00:00-00:00,2031-01-01T07:59:59-00:00,2025-05-13T00:00:00,2030-12-31T23:59:59
AS_SP15,DRACKRS4_7_N004,AS_SP15,,2025-05-13T07:00:00-00:00,2031-01-01T07:59:59-00:00,2025-05-13T00:00:00,2030-12-31T23:59:59
AS_SP15,DREWSG12_7_B1,AS_SP15,,2023-05-05T07:00:00-00:00,2031-01-01T07:59:59-00:00,2023-05-05T00:00:00,2030-12-31T23:59:59
AS_SP15,DREWSG12_7_B3,AS_SP15,,2023-05-05T07:00:00-00:00,2031-01-01T07:59:59-00:00,2023-05-05T00:00:00,2030-12-31T23:59:59
AS_SP15,DREWSG34_7_B1,AS_SP15,,2023-05-05T07:00:00-00:00,2031-01-01T07:59:59-00:00,2023-05-05T00:00:00,2030-12-31T23:59:59
AS_SP15,DREWSG34_7_B3,AS_SP15,,2023-05-05T07:00:00-00:00,2031-01-01T07:59:59-00:00,2023-05-05T00:00:00,2030-12-31T23:59:59
AS_SP15,DREWSR_7_N002,AS_SP15,,2025-05-13T07:00:00-00:00,2031-01-01T07:59:59-00:00,2025-05-13T00:00:00,2030-12-31T23:59:59
AS_SP15,DREWS_6_PL1X4-APND,AS_SP15,,2009-03-31T07:00:00-00:00,2031-01-01T07:59:59-00:00,2009-03-31T00:00:00,2030-12-31T23:59:59
AS_SP15,DRYRANCH_7_N001,AS_SP15,,2025-05-13T07:00:00-00:00,2031-01-01T07:59:59-00:00,2025-05-13T00:00:00,2030-12-31T23:59:59
AS_SP15,DSRTHV3_7_N001,AS_SP15,,2025-05-13T07:00:00-00:00,2031-01-01T07:59:59-00:00,2025-05-13T00:00:00,2030-12-31T23:59:59
AS_SP15,DSRTHV3_7_N002,AS_SP15,,2025-05-13T07:00:00-00:00,2031-01-01T07:59:59-00:00,2025-05-13T00:00:00,2030-12-31T23:59:59
AS_SP15,DSRTHV3_7_N003,AS_SP15,,2025-05-13T07:00:00-00:00,2031-01-01T07:59:59-00:00,2025-05-13T00:00:00,2030-12-31T23:59:59
AS_SP15,DSRTSL_2_SOLAR1-APND,AS_SP15,,2015-11-08T08:00:00-00:00,2031-01-01T07:59:59-00:00,2015-11-08T00:00:00,2030-12-31T23:59:59
AS_SP15,DSRTSN_2_DS2BX2-APND,AS_SP15,,2024-01-25T08:00:00-00:00,2031-01-01T07:59:59-00:00,2024-01-25T00:00:00,2030-12-31T23:59:59
AS_SP15,DSRTSN_2_DS2X2-APND,AS_SP15,,2022-04-26T07:00:00-00:00,2031-01-01T07:59:59-00:00,2022-04-26T00:00:00,2030-12-31T23:59:59
AS_SP15,DSRTSN_2_SOLAR1-APND,AS_SP15,,2013-07-10T07:00:00-00:00,2031-01-01T07:59:59-00:00,2013-07-10T00:00:00,2030-12-31T23:59:59
AS_SP15,DSRTSN_2_SOLAR2-APND,AS_SP15,,2013-09-04T07:00:00-00:00,2031-01-01T07:59:59-00:00,2013-09-04T00:00:00,2030-12-31T23:59:59
AS_SP15,DSRTSN_7_N001,AS_SP15,,2022-03-17T07:00:00-00:00,2031-01-01T07:59:59-00:00,2022-03-17T00:00:00,2030-12-31T23:59:59
AS_SP15,DSRTSN_7_N002,AS_SP15,,2022-03-17T07:00:00-00:00,2031-01-01T07:59:59-00:00,2022-03-17T00:00:00,2030-12-31T23:59:59
AS_SP15,DSRTSN_7_NBT3,AS_SP15,,2023-10-04T07:00:00-00:00,2031-01-01T07:59:59-00:00,2023-10-04T00:00:00,2030-12-31T23:59:59
AS_SP15,DSRTSN_7_NBT4,AS_SP15,,2023-10-04T07:00:00-00:00,2031-01-01T07:59:59-00:00,2023-10-04T00:00:00,2030-12-31T23:59:59
AS_SP15,DUCORGN1_7_N001,AS_SP15,,2016-05-19T07:00:00-00:00,2031-01-01T07:59:59-00:00,2016-05-19T00:00:00,2030-12-31T23:59:59
AS_SP15,DUCORGN2_7_N001,AS_SP15,,2016-05-19T07:00:00-00:00,2031-01-01T07:59:59-00:00,2016-05-19T00:00:00,2030-12-31T23:59:59
AS_SP15,DUCORGN3_7_N001,AS_SP15,,2016-05-19T07:00:00-00:00,2031-01-01T07:59:59-00:00,2016-05-19T00:00:00,2030-12-31T23:59:59
AS_SP15,DUCORGN4_7_N001,AS_SP15,,2016-05-19T07:00:00-00:00,2031-01-01T07:59:59-00:00,2016-05-19T00:00:00,2030-12-31T23:59:59
AS_SP15,DUNHILL_6_N001,AS_SP15,,2009-03-31T07:00:00-00:00,2031-01-01T07:59:59-00:00,2009-03-31T00:00:00,2030-12-31T23:59:59
AS_SP15,DUNNSIDE_1_N001,AS_SP15,,2009-03-31T07:00:00-00:00,2031-01-01T07:59:59-00:00,2009-03-31T00:00:00,2030-12-31T23:59:59
AS_SP15,DUTCHWND_6_N001,AS_SP15,,2009-03-31T07:00:00-00:00,2031-01-01T07:59:59-00:00,2009-03-31T00:00:00,2030-12-31T23:59:59
AS_SP15,DVLCYN1G_7_B1,AS_SP15,,2009-03-31T07:00:00-00:00,2031-01-01T07:59:59-00:00,2009-03-31T00:00:00,2030-12-31T23:59:59
AS_SP15,DVLCYN2G_7_B1,AS_SP15,,2009-03-31T07:00:00-00:00,2031-01-01T07:59:59-00:00,2009-03-31T00:00:00,2030-12-31T23:59:59
AS_SP15,DVLCYN3G_7_B1,AS_SP15,,2009-03-31T07:00:00-00:00,2031-01-01T07:59:59-00:00,2009-03-31T00:00:00,2030-12-31T23:59:59
AS_SP15,DVLCYN4G_7_B1,AS_SP15,,2009-03-31T07:00:00-00:00,2031-01-01T07:59:59-00:00,2009-03-31T00:00:00,2030-12-31T23:59:59
AS_SP15,DVLCYN_1_UNITS-APND,AS_SP15,,2009-03-31T07:00:00-00:00,2031-01-01T07:59:59-00:00,2009-03-31T00:00:00,2030-12-31T23:59:59
AS_SP15,EAGLEMP1_7_B1,AS_SP15,,2009-03-31T07:00:00-00:00,2031-01-01T07:59:59-00:00,2009-03-31T00:00:00,2030-12-31T23:59:59
AS_SP15,EAGLEMP2_7_B1,AS_SP15,,2009-03-31T07:00:00-00:00,2031-01-01T07:59:59-00:00,2009-03-31T00:00:00,2030-12-31T23:59:59
AS_SP15,EAGLEMTN_2_N001,AS_SP15,,2019-09-19T07:00:00-00:00,2031-01-01T07:59:59-00:00,2019-09-19T00:00:00,2030-12-31T23:59:59
AS_SP15,EAGLEMTN_2_N002,AS_SP15,,2013-11-21T08:00:00-00:00,2031-01-01T07:59:59-00:00,2013-11-21T00:00:00,2030-12-31T23:59:59
AS_SP15,EAGLMTC1_6_N001,AS_SP15,,2013-11-21T08:00:00-00:00,2031-01-01T07:59:59-00:00,2013-11-21T00:00:00,2030-12-31T23:59:59
AS_SP15,EAGLROCK_2_N001,AS_SP15,,2009-03-31T07:00:00-00:00,2031-01-01T07:59:59-00:00,2009-03-31T00:00:00,2030-12-31T23:59:59
AS_SP15,EAGLROCK_2_N012,AS_SP15,,2009-03-31T07:00:00-00:00,2031-01-01T07:59:59-00:00,2009-03-31T00:00:00,2030-12-31T23:59:59
AS_SP15,EANDB_1_N001,AS_SP15,,2017-11-16T08:00:00-00:00,2031-01-01T07:59:59-00:00,2017-11-16T00:00:00,2030-12-31T23:59:59
AS_SP15,EASLEY_7_N002,AS_SP15,,2025-12-17T08:00:00-00:00,2031-01-01T07:59:59-00:00,2025-12-17T00:00:00,2030-12-31T23:59:59
AS_SP15,EASLEY_7_N003,AS_SP15,,2025-12-17T08:00:00-00:00,2031-01-01T07:59:59-00:00,2025-12-17T00:00:00,2030-12-31T23:59:59
AS_SP15,EASLEY_7_N004,AS_SP15,,2025-12-17T08:00:00-00:00,2031-01-01T07:59:59-00:00,2025-12-17T00:00:00,2030-12-31T23:59:59
AS_SP15,EASLEY_7_N005,AS_SP15,,2025-12-17T08:00:00-00:00,2031-01-01T07:59:59-00:00,2025-12-17T00:00:00,2030-12-31T23:59:59
AS_SP15,EASLEY_7_N006,AS_SP15,,2025-12-17T08:00:00-00:00,2031-01-01T07:59:59-00:00,2025-12-17T00:00:00,2030-12-31T23:59:59
AS_SP15,EASLEY_7_N007,AS_SP15,,2025-12-17T08:00:00-00:00,2031-01-01T07:59:59-00:00,2025-12-17T00:00:00,2030-12-31T23:59:59
AS_SP15,EASLEY_7_N008,AS_SP15,,2025-12-17T08:00:00-00:00,2031-01-01T07:59:59-00:00,2025-12-17T00:00:00,2030-12-31T23:59:59
AS_SP15,EASLEY_7_N010,AS_SP15,,2025-12-17T08:00:00-00:00,2031-01-01T07:59:59-00:00,2025-12-17T00:00:00,2030-12-31T23:59:59
AS_SP15,EASLEY_7_N011,AS_SP15,,2025-12-17T08:00:00-00:00,2031-01-01T07:59:59-00:00,2025-12-17T00:00:00,2030-12-31T23:59:59
AS_SP15,EASLEY_7_N012,AS_SP15,,2025-12-17T08:00:00-00:00,2031-01-01T07:59:59-00:00,2025-12-17T00:00:00,2030-12-31T23:59:59
AS_SP15,EASLEY_7_N013,AS_SP15,,2025-12-17T08:00:00-00:00,2031-01-01T07:59:59-00:00,2025-12-17T00:00:00,2030-12-31T23:59:59
AS_SP15,EASLEY_7_N014,AS_SP15,,2025-12-17T08:00:00-00:00,2031-01-01T07:59:59-00:00,2025-12-17T00:00:00,2030-12-31T23:59:59
AS_SP15,EASLEY_7_N015,AS_SP15,,2025-12-17T08:00:00-00:00,2031-01-01T07:59:59-00:00,2025-12-17T00:00:00,2030-12-31T23:59:59
AS_SP15,EASLEY_7_N016,AS_SP15,,2025-12-17T08:00:00-00:00,2031-01-01T07:59:59-00:00,2025-12-17T00:00:00,2030-12-31T23:59:59
AS_SP15,EASTGATE_6_N004,AS_SP15,,2009-03-31T07:00:00-00:00,2031-01-01T07:59:59-00:00,2009-03-31T00:00:00,2030-12-31T23:59:59
AS_SP15,EASTGATE_6_N101,AS_SP15,,2009-03-31T07:00:00-00:00,2031-01-01T07:59:59-00:00,2009-03-31T00:00:00,2030-12-31T23:59:59
AS_SP15,EASTGATE_6_N201,AS_SP15,,2009-03-31T07:00:00-00:00,2031-01-01T07:59:59-00:00,2009-03-31T00:00:00,2030-12-31T23:59:59
AS_SP15,EASTWOOD_7_B1,AS_SP15,,2009-03-31T07:00:00-00:00,2031-01-01T07:59:59-00:00,2009-03-31T00:00:00,2030-12-31T23:59:59
AS_SP15,ECO_1_B1,AS_SP15,,2017-08-17T07:00:00-00:00,2031-01-01T07:59:59-00:00,2017-08-17T00:00:00,2030-12-31T23:59:59
AS_SP15,ECO_2_B1,AS_SP15,,2017-08-17T07:00:00-00:00,2031-01-01T07:59:59-00:00,2017-08-17T00:00:00,2030-12-31T23:59:59
AS_SP15,ECO_2_ND501,AS_SP15,,2021-10-06T07:00:00-00:00,2031-01-01T07:59:59-00:00,2021-10-06T00:00:00,2030-12-31T23:59:59
AS_SP15,ECO_2_ND502,AS_SP15,,2025-06-12T07:00:00-00:00,2031-01-01T07:59:59-00:00,2025-06-12T00:00:00,2030-12-31T23:59:59
AS_SP15,EDMON1AP_7_N001,AS_SP15,,2009-03-31T07:00:00-00:00,2031-01-01T07:59:59-00:00,2009-03-31T00:00:00,2030-12-31T23:59:59
AS_SP15,EDMON2AP_7_N001,AS_SP15,,2009-03-31T07:00:00-00:00,2031-01-01T07:59:59-00:00,2009-03-31T00:00:00,2030-12-31T23:59:59
AS_SP15,EDMON3AP_7_N001,AS_SP15,,2009-03-31T07:00:00-00:00,2031-01-01T07:59:59-00:00,2009-03-31T00:00:00,2030-12-31T23:59:59
AS_SP15,EDMON3AP_7_N002,AS_SP15,,2009-03-31T07:00:00-00:00,2031-01-01T07:59:59-00:00,2009-03-31T00:00:00,2030-12-31T23:59:59
AS_SP15,EDMON4AP_7_N001,AS_SP15,,2009-03-31T07:00:00-00:00,2031-01-01T07:59:59-00:00,2009-03-31T00:00:00,2030-12-31T23:59:59
AS_SP15,EDMON4AP_7_N002,AS_SP15,,2009-03-31T07:00:00-00:00,2031-01-01T07:59:59-00:00,2009-03-31T00:00:00,2030-12-31T23:59:59
AS_SP15,EDMON5AP_7_N001,AS_SP15,,2009-03-31T07:00:00-00:00,2031-01-01T07:59:59-00:00,2009-03-31T00:00:00,2030-12-31T23:59:59
AS_SP15,EDMON5AP_7_N002,AS_SP15,,2009-03-31T07:00:00-00:00,2031-01-01T07:59:59-00:00,2009-03-31T00:00:00,2030-12-31T23:59:59
AS_SP15,EDMON6AP_7_N001,AS_SP15,,2009-03-31T07:00:00-00:00,2031-01-01T07:59:59-00:00,2009-03-31T00:00:00,2030-12-31T23:59:59
AS_SP15,EDMON6AP_7_N002,AS_SP15,,2009-03-31T07:00:00-00:00,2031-01-01T07:59:59-00:00,2009-03-31T00:00:00,2030-12-31T23:59:59
AS_SP15,EDMON7AP_7_N001,AS_SP15,,2009-03-31T07:00:00-00:00,2031-01-01T07:59:59-00:00,2009-03-31T00:00:00,2030-12-31T23:59:59
AS_SP15,EDMON7AP_7_N002,AS_SP15,,2009-03-31T07:00:00-00:00,2031-01-01T07:59:59-00:00,2009-03-31T00:00:00,2030-12-31T23:59:59
AS_SP15,EDMON8AP_7_N001,AS_SP15,,2009-03-31T07:00:00-00:00,2031-01-01T07:59:59-00:00,2009-03-31T00:00:00,2030-12-31T23:59:59
AS_SP15,EDMON8AP_7_N002,AS_SP15,,2009-03-31T07:00:00-00:00,2031-01-01T07:59:59-00:00,2009-03-31T00:00:00,2030-12-31T23:59:59
AS_SP15,EDMONSTN_2_N023,AS_SP15,,2025-05-13T07:00:00-00:00,2031-01-01T07:59:59-00:00,2025-05-13T00:00:00,2030-12-31T23:59:59
AS_SP15,EDWARDS_1_N001,AS_SP15,,2009-03-31T07:00:00-00:00,2031-01-01T07:59:59-00:00,2009-03-31T00:00:00,2030-12-31T23:59:59
AS_SP15,EDWARD_7_CN1,AS_SP15,,2025-05-13T07:00:00-00:00,2031-01-01T07:59:59-00:00,2025-05-13T00:00:00,2030-12-31T23:59:59
AS_SP15,EDWARD_7_CN2,AS_SP15,,2025-05-13T07:00:00-00:00,2031-01-01T07:59:59-00:00,2025-05-13T00:00:00,2030-12-31T23:59:59
AS_SP15,EDWARD_7_N001,AS_SP15,,2025-05-13T07:00:00-00:00,2031-01-01T07:59:59-00:00,2025-05-13T00:00:00,2030-12-31T23:59:59
AS_SP15,EDWARD_7_N003,AS_SP15,,2025-05-13T07:00:00-00:00,2031-01-01T07:59:59-00:00,2025-05-13T00:00:00,2030-12-31T23:59:59
AS_SP15,EDWARD_7_N005,AS_SP15,,2025-05-13T07:00:00-00:00,2031-01-01T07:59:59-00:00,2025-05-13T00:00:00,2030-12-31T23:59:59
AS_SP15,EDWARD_7_N006,AS_SP15,,2022-07-28T07:00:00-00:00,2031-01-01T07:59:59-00:00,2022-07-28T00:00:00,2030-12-31T23:59:59
AS_SP15,EISENHOW_1_N001,AS_SP15,,2018-08-23T07:00:00-00:00,2031-01-01T07:59:59-00:00,2018-08-23T00:00:00,2030-12-31T23:59:59
AS_SP15,EISENHOW_1_N031,AS_SP15,,2017-08-17T07:00:00-00:00,2031-01-01T07:59:59-00:00,2017-08-17T00:00:00,2030-12-31T23:59:59
AS_SP15,EISENHOW_1_N034,AS_SP15,,2018-08-23T07:00:00-00:00,2031-01-01T07:59:59-00:00,2018-08-23T00:00:00,2030-12-31T23:59:59
AS_SP15,EISENHOW_1_N035,AS_SP15,,2018-08-23T07:00:00-00:00,2031-01-01T07:59:59-00:00,2018-08-23T00:00:00,2030-12-31T23:59:59
AS_SP15,EISENHOW_1_N036,AS_SP15,,2018-08-23T07:00:00-00:00,2031-01-01T07:59:59-00:00,2018-08-23T00:00:00,2030-12-31T23:59:59
AS_SP15,EISENHOW_1_N037,AS_SP15,,2018-08-23T07:00:00-00:00,2031-01-01T07:59:59-00:00,2018-08-23T00:00:00,2030-12-31T23:59:59
AS_SP15,EISENHOW_1_N038,AS_SP15,,2025-05-13T07:00:00-00:00,2031-01-01T07:59:59-00:00,2025-05-13T00:00:00,2030-12-31T23:59:59
AS_SP15,EISENHOW_1_N039,AS_SP15,,2025-05-13T07:00:00-00:00,2031-01-01T07:59:59-00:00,2025-05-13T00:00:00,2030-12-31T23:59:59
AS_SP15,EISENHOW_1_N040,AS_SP15,,2025-05-13T07:00:00-00:00,2031-01-01T07:59:59-00:00,2025-05-13T00:00:00,2030-12-31T23:59:59
AS_SP15,EISEN_6_N001,AS_SP15,,2017-11-16T08:00:00-00:00,2031-01-01T07:59:59-00:00,2017-11-16T00:00:00,2030-12-31T23:59:59
AS_SP15,ELCAJNEG_7_GN001,AS_SP15,,2025-08-13T07:00:00-00:00,2031-01-01T07:59:59-00:00,2025-08-13T00:00:00,2030-12-31T23:59:59
AS_SP15,ELCAJNGT_7_N001,AS_SP15,,2009-03-31T07:00:00-00:00,2031-01-01T07:59:59-00:00,2009-03-31T00:00:00,2030-12-31T23:59:59
AS_SP15,ELCAJNGT_7_N004,AS_SP15,,2009-03-31T07:00:00-00:00,2031-01-01T07:59:59-00:00,2009-03-31T00:00:00,2030-12-31T23:59:59
AS_SP15,ELCAJNGT_7_N009,AS_SP15,,2009-06-25T07:00:00-00:00,2031-01-01T07:59:59-00:00,2009-06-25T00:00:00,2030-12-31T23:59:59
AS_SP15,ELCAJNGT_7_N010,AS_SP15,,2009-06-25T07:00:00-00:00,2031-01-01T07:59:59-00:00,2009-06-25T00:00:00,2030-12-31T23:59:59
AS_SP15,ELCAJNGT_7_N011,AS_SP15,,2025-05-13T07:00:00-00:00,2031-01-01T07:59:59-00:00,2025-05-13T00:00:00,2030-12-31T23:59:59
AS_SP15,ELCAJN_7_N004,AS_SP15,,2025-08-13T07:00:00-00:00,2031-01-01T07:59:59-00:00,2025-08-13T00:00:00,2030-12-31T23:59:59
AS_SP15,ELCAJON_6_B1,AS_SP15,,2017-08-17T07:00:00-00:00,2031-01-01T07:59:59-00:00,2017-08-17T00:00:00,2030-12-31T23:59:59
AS_SP15,ELCAJON_6_GN001,AS_SP15,,2009-06-25T07:00:00-00:00,2031-01-01T07:59:59-00:00,2009-06-25T00:00:00,2030-12-31T23:59:59
AS_SP15,ELCAJON_6_GN002,AS_SP15,,2009-06-25T07:00:00-00:00,2031-01-01T07:59:59-00:00,2009-06-25T00:00:00,2030-12-31T23:59:59
AS_SP15,ELCAJON_6_N027,AS_SP15,,2009-06-25T07:00:00-00:00,2031-01-01T07:59:59-00:00,2009-06-25T00:00:00,2030-12-31T23:59:59
AS_SP15,ELCASCO_1_LN001,AS_SP15,,2010-08-26T07:00:00-00:00,2031-01-01T07:59:59-00:00,2010-08-26T00:00:00,2030-12-31T23:59:59
AS_SP15,ELCASCO_1_N014,AS_SP15,,2015-10-22T07:00:00-00:00,2031-01-01T07:59:59-00:00,2015-10-22T00:00:00,2030-12-31T23:59:59
AS_SP15,ELCASCO_1_N018,AS_SP15,,2018-08-23T07:00:00-00:00,2031-01-01T07:59:59-00:00,2018-08-23T00:00:00,2030-12-31T23:59:59
AS_SP15,ELCASCO_1_N020,AS_SP15,,2018-08-23T07:00:00-00:00,2031-01-01T07:59:59-00:00,2018-08-23T00:00:00,2030-12-31T23:59:59
AS_SP15,ELCASCO_1_N021,AS_SP15,,2025-05-13T07:00:00-00:00,2031-01-01T07:59:59-00:00,2025-05-13T00:00:00,2030-12-31T23:59:59
AS_SP15,ELDORDO_2_N907,AS_SP15,,2019-09-19T07:00:00-00:00,2031-01-01T07:59:59-00:00,2019-09-19T00:00:00,2030-12-31T23:59:59
AS_SP15,ELKHIL1G_7_B2,AS_SP15,,2009-03-31T07:00:00-00:00,2031-01-01T07:59:59-00:00,2009-03-31T00:00:00,2030-12-31T23:59:59
AS_SP15,ELKHIL1G_7_N001,AS_SP15,,2009-03-31T07:00:00-00:00,2031-01-01T07:59:59-00:00,2009-03-31T00:00:00,2030-12-31T23:59:59
AS_SP15,ELKHIL2G_7_B2,AS_SP15,,2009-03-31T07:00:00-00:00,2031-01-01T07:59:59-00:00,2009-03-31T00:00:00,2030-12-31T23:59:59
AS_SP15,ELKHIL2G_7_N001,AS_SP15,,2009-03-31T07:00:00-00:00,2031-01-01T07:59:59-00:00,2009-03-31T00:00:00,2030-12-31T23:59:59
AS_SP15,ELKHIL3G_7_B1,AS_SP15,,2009-03-31T07:00:00-00:00,2031-01-01T07:59:59-00:00,2009-03-31T00:00:00,2030-12-31T23:59:59
AS_SP15,ELKHILLS_7_N001,AS_SP15,,2025-05-13T07:00:00-00:00,2031-01-01T07:59:59-00:00,2025-05-13T00:00:00,2030-12-31T23:59:59
AS_SP15,ELKHILLS_7_N002,AS_SP15,,2017-08-17T07:00:00-00:00,2031-01-01T07:59:59-00:00,2017-08-17T00:00:00,2030-12-31T23:59:59
AS_SP15,ELKHILLS_7_N003,AS_SP15,,2025-05-13T07:00:00-00:00,2031-01-01T07:59:59-00:00,2025-05-13T00:00:00,2030-12-31T23:59:59
AS_SP15,ELKHIL_2_PL1X3-APND,AS_SP15,,2009-03-31T07:00:00-00:00,2031-01-01T07:59:59-00:00,2009-03-31T00:00:00,2030-12-31T23:59:59
AS_SP15,ELLIOTT_6_N001,AS_SP15,,2011-03-30T07:00:00-00:00,2031-01-01T07:59:59-00:00,2011-03-30T00:00:00,2030-12-31T23:59:59
AS_SP15,ELLIOTT_6_N004,AS_SP15,,2023-06-14T07:00:00-00:00,2031-01-01T07:59:59-00:00,2023-06-14T00:00:00,2030-12-31T23:59:59
AS_SP15,ELLIOTT_6_N014,AS_SP15,,2009-03-31T07:00:00-00:00,2031-01-01T07:59:59-00:00,2009-03-31T00:00:00,2030-12-31T23:59:59
AS_SP15,ELLIOTT_7_N001,AS_SP15,,2025-05-13T07:00:00-00:00,2031-01-01T07:59:59-00:00,2025-05-13T00:00:00,2030-12-31T23:59:59
AS_SP15,ELLIS_2_B1,AS_SP15,,2017-08-17T07:00:00-00:00,2031-01-01T07:59:59-00:00,2017-08-17T00:00:00,2030-12-31T23:59:59
AS_SP15,ELLIS_6_N001,AS_SP15,,2009-03-31T07:00:00-00:00,2031-01-01T07:59:59-00:00,2009-03-31T00:00:00,2030-12-31T23:59:59
AS_SP15,ELLIS_6_N003,AS_SP15,,2025-05-13T07:00:00-00:00,2031-01-01T07:59:59-00:00,2025-05-13T00:00:00,2030-12-31T23:59:59
AS_SP15,ELLIS_6_N006,AS_SP15,,2009-03-31T07:00:00-00:00,2031-01-01T07:59:59-00:00,2009-03-31T00:00:00,2030-12-31T23:59:59
AS_SP15,ELLIS_6_N105,AS_SP15,,2009-03-31T07:00:00-00:00,2031-01-01T07:59:59-00:00,2009-03-31T00:00:00,2030-12-31T23:59:59
AS_SP15,ELNIDO_2_N001,AS_SP15,,2016-08-18T07:00:00-00:00,2031-01-01T07:59:59-00:00,2016-08-18T00:00:00,2030-12-31T23:59:59
AS_SP15,ELNIDO_2_N012,AS_SP15,,2009-03-31T07:00:00-00:00,2031-01-01T07:59:59-00:00,2009-03-31T00:00:00,2030-12-31T23:59:59
AS_SP15,ELNIDO_2_N029,AS_SP15,,2009-06-25T07:00:00-00:00,2031-01-01T07:59:59-00:00,2009-06-25T00:00:00,2030-12-31T23:59:59
AS_SP15,ELSEGNDO_2_B1,AS_SP15,,2017-08-17T07:00:00-00:00,2031-01-01T07:59:59-00:00,2017-08-17T00:00:00,2030-12-31T23:59:59
AS_SP15,ELSEGNDO_2_N020,AS_SP15,,2009-06-25T07:00:00-00:00,2031-01-01T07:59:59-00:00,2009-06-25T00:00:00,2030-12-31T23:59:59
AS_SP15,ELSEGN_2_UN1011-APND,AS_SP15,,2013-04-04T07:00:00-00:00,2031-01-01T07:59:59-00:00,2013-04-04T00:00:00,2030-12-31T23:59:59
AS_SP15,ELSEGN_2_UN2021-APND,AS_SP15,,2013-04-04T07:00:00-00:00,2031-01-01T07:59:59-00:00,2013-04-04T00:00:00,2030-12-31T23:59:59
AS_SP15,ENCANWND_6_N001,AS_SP15,,2009-03-31T07:00:00-00:00,2031-01-01T07:59:59-00:00,2009-03-31T00:00:00,2030-12-31T23:59:59
AS_SP15,ENCANWND_6_N002,AS_SP15,,2014-11-13T08:00:00-00:00,2031-01-01T07:59:59-00:00,2014-11-13T00:00:00,2030-12-31T23:59:59
AS_SP15,ENCANWND_6_N003,AS_SP15,,2023-05-05T07:00:00-00:00,2031-01-01T07:59:59-00:00,2023-05-05T00:00:00,2030-12-31T23:59:59
AS_SP15,ENCINA_1_B1,AS_SP15,,2017-08-17T07:00:00-00:00,2031-01-01T07:59:59-00:00,2017-08-17T00:00:00,2030-12-31T23:59:59
AS_SP15,ENCINA_1_N001,AS_SP15,,2011-12-21T08:00:00-00:00,2031-01-01T07:59:59-00:00,2011-12-21T00:00:00,2030-12-31T23:59:59
AS_SP15,ENCINA_1_N049,AS_SP15,,2009-03-31T07:00:00-00:00,2031-01-01T07:59:59-00:00,2009-03-31T00:00:00,2030-12-31T23:59:59
AS_SP15,ENCINA_2_B1,AS_SP15,,2017-08-17T07:00:00-00:00,2031-01-01T07:59:59-00:00,2017-08-17T00:00:00,2030-12-31T23:59:59
AS_SP15,ENCNITAS_6_N001,AS_SP15,,2009-03-31T07:00:00-00:00,2031-01-01T07:59:59-00:00,2009-03-31T00:00:00,2030-12-31T23:59:59
AS_SP15,ENCNITAS_6_N004,AS_SP15,,2009-03-31T07:00:00-00:00,2031-01-01T07:59:59-00:00,2009-03-31T00:00:00,2030-12-31T23:59:59
AS_SP15,ENCNITAS_6_N011,AS_SP15,,2009-03-31T07:00:00-00:00,2031-01-01T07:59:59-00:00,2009-03-31T00:00:00,2030-12-31T23:59:59
AS_SP15,ENERSJ_7_N001,AS_SP15,,2025-05-13T07:00:00-00:00,2031-01-01T07:59:59-00:00,2025-05-13T00:00:00,2030-12-31T23:59:59
AS_SP15,ESCNDIDO_2_N021,AS_SP15,,2015-07-23T07:00:00-00:00,2031-01-01T07:59:59-00:00,2015-07-23T00:00:00,2030-12-31T23:59:59
AS_SP15,ESCNDIDO_6_B1,AS_SP15,,2017-08-17T07:00:00-00:00,2031-01-01T07:59:59-00:00,2017-08-17T00:00:00,2030-12-31T23:59:59
AS_SP15,ESCNDIDO_6_N001,AS_SP15,,2009-03-31T07:00:00-00:00,2031-01-01T07:59:59-00:00,2009-03-31T00:00:00,2030-12-31T23:59:59
AS_SP15,ESCNDIDO_6_N046,AS_SP15,,2009-03-31T07:00:00-00:00,2031-01-01T07:59:59-00:00,2009-03-31T00:00:00,2030-12-31T23:59:59
AS_SP15,ESCNDIDO_6_N053,AS_SP15,,2009-03-31T07:00:00-00:00,2031-01-01T07:59:59-00:00,2009-03-31T00:00:00,2030-12-31T23:59:59
AS_SP15,ESCNDIDO_6_N070,AS_SP15,,2009-06-25T07:00:00-00:00,2031-01-01T07:59:59-00:00,2009-06-25T00:00:00,2030-12-31T23:59:59
AS_SP15,ESCNDIDO_6_N071,AS_SP15,,2009-06-25T07:00:00-00:00,2031-01-01T07:59:59-00:00,2009-06-25T00:00:00,2030-12-31T23:59:59
AS_SP15,ESCNDIDO_6_N072,AS_SP15,,2009-06-25T07:00:00-00:00,2031-01-01T07:59:59-00:00,2009-06-25T00:00:00,2030-12-31T23:59:59
AS_SP15,ESCNDIDO_6_N073,AS_SP15,,2009-06-25T07:00:00-00:00,2031-01-01T07:59:59-00:00,2009-06-25T00:00:00,2030-12-31T23:59:59
AS_SP15,ESCNDIDO_6_N074,AS_SP15,,2009-06-25T07:00:00-00:00,2031-01-01T07:59:59-00:00,2009-06-25T00:00:00,2030-12-31T23:59:59
AS_SP15,ESCNDIDO_6_N075,AS_SP15,,2009-06-25T07:00:00-00:00,2031-01-01T07:59:59-00:00,2009-06-25T00:00:00,2030-12-31T23:59:59
AS_SP15,ESCNDIDO_6_N076,AS_SP15,,2009-06-25T07:00:00-00:00,2031-01-01T07:59:59-00:00,2009-06-25T00:00:00,2030-12-31T23:59:59
AS_SP15,ESCNDO_7_N002,AS_SP15,,2025-10-15T07:00:00-00:00,2031-01-01T07:59:59-00:00,2025-10-15T00:00:00,2030-12-31T23:59:59
AS_SP15,ESCNDO_7_N003,AS_SP15,,2025-10-15T07:00:00-00:00,2031-01-01T07:59:59-00:00,2025-10-15T00:00:00,2030-12-31T23:59:59
AS_SP15,ESCO_6_N001,AS_SP15,,2009-03-31T07:00:00-00:00,2031-01-01T07:59:59-00:00,2009-03-31T00:00:00,2030-12-31T23:59:59
AS_SP15,ESCO_6_N004,AS_SP15,,2009-03-31T07:00:00-00:00,2031-01-01T07:59:59-00:00,2009-03-31T00:00:00,2030-12-31T23:59:59
AS_SP15,ESRPP1_7_N001,AS_SP15,,2023-05-05T07:00:00-00:00,2031-01-01T07:59:59-00:00,2023-05-05T00:00:00,2030-12-31T23:59:59
AS_SP15,ESRPP1_7_N003,AS_SP15,,2023-05-05T07:00:00-00:00,2031-01-01T07:59:59-00:00,2023-05-05T00:00:00,2030-12-31T23:59:59
AS_SP15,ESRPP1_7_N004,AS_SP15,,2023-05-05T07:00:00-00:00,2031-01-01T07:59:59-00:00,2023-05-05T00:00:00,2030-12-31T23:59:59
AS_SP15,ESRPP1_7_N005,AS_SP15,,2023-05-05T07:00:00-00:00,2031-01-01T07:59:59-00:00,2023-05-05T00:00:00,2030-12-31T23:59:59
AS_SP15,ESRPP2_7_N001,AS_SP15,,2023-05-05T07:00:00-00:00,2031-01-01T07:59:59-00:00,2023-05-05T00:00:00,2030-12-31T23:59:59
AS_SP15,ESRPP2_7_N003,AS_SP15,,2023-05-05T07:00:00-00:00,2031-01-01T07:59:59-00:00,2023-05-05T00:00:00,2030-12-31T23:59:59
AS_SP15,ESRPP2_7_N004,AS_SP15,,2023-05-05T07:00:00-00:00,2031-01-01T07:59:59-00:00,2023-05-05T00:00:00,2030-12-31T23:59:59
AS_SP15,ESRPP2_7_N005,AS_SP15,,2023-05-05T07:00:00-00:00,2031-01-01T07:59:59-00:00,2023-05-05T00:00:00,2030-12-31T23:59:59
AS_SP15,ESRPP3_7_N001,AS_SP15,,2023-05-05T07:00:00-00:00,2031-01-01T07:59:59-00:00,2023-05-05T00:00:00,2030-12-31T23:59:59
AS_SP15,ESRPP3_7_N002,AS_SP15,,2023-05-05T07:00:00-00:00,2031-01-01T07:59:59-00:00,2023-05-05T00:00:00,2030-12-31T23:59:59
AS_SP15,ESRPP3_7_N004,AS_SP15,,2023-05-05T07:00:00-00:00,2031-01-01T07:59:59-00:00,2023-05-05T00:00:00,2030-12-31T23:59:59
AS_SP15,ESRPP3_7_N005,AS_SP15,,2023-05-05T07:00:00-00:00,2031-01-01T07:59:59-00:00,2023-05-05T00:00:00,2030-12-31T23:59:59
AS_SP15,ESTWND_7_N001,AS_SP15,,2025-05-13T07:00:00-00:00,2031-01-01T07:59:59-00:00,2025-05-13T00:00:00,2030-12-31T23:59:59
AS_SP15,ETIWANDA_2_LN001,AS_SP15,,2010-04-22T07:00:00-00:00,2031-01-01T07:59:59-00:00,2010-04-22T00:00:00,2030-12-31T23:59:59
AS_SP15,ETIWANDA_2_N109,AS_SP15,,2016-02-11T08:00:00-00:00,2031-01-01T07:59:59-00:00,2016-02-11T00:00:00,2030-12-31T23:59:59
AS_SP15,ETIWANDA_6_GN001,AS_SP15,,2011-03-31T07:00:00-00:00,2031-01-01T07:59:59-00:00,2011-03-31T00:00:00,2030-12-31T23:59:59
AS_SP15,ETIWANDA_6_GN002,AS_SP15,,2023-05-05T07:00:00-00:00,2031-01-01T07:59:59-00:00,2023-05-05T00:00:00,2030-12-31T23:59:59
AS_SP15,ETIWANDA_6_GN003,AS_SP15,,2011-03-31T07:00:00-00:00,2031-01-01T07:59:59-00:00,2011-03-31T00:00:00,2030-12-31T23:59:59
AS_SP15,ETIWANDA_6_N001,AS_SP15,,2009-03-31T07:00:00-00:00,2031-01-01T07:59:59-00:00,2009-03-31T00:00:00,2030-12-31T23:59:59
AS_SP15,ETIWANDA_6_N003,AS_SP15,,2009-03-31T07:00:00-00:00,2031-01-01T07:59:59-00:00,2009-03-31T00:00:00,2030-12-31T23:59:59
AS_SP15,ETIWANDA_6_N004,AS_SP15,,2009-03-31T07:00:00-00:00,2031-01-01T07:59:59-00:00,2009-03-31T00:00:00,2030-12-31T23:59:59
AS_SP15,ETIWANDA_6_N006,AS_SP15,,2025-05-13T07:00:00-00:00,2031-01-01T07:59:59-00:00,2025-05-13T00:00:00,2030-12-31T23:59:59
AS_SP15,ETIWANDA_6_N008,AS_SP15,,2025-05-13T07:00:00-00:00,2031-01-01T07:59:59-00:00,2025-05-13T00:00:00,2030-12-31T23:59:59
AS_SP15,ETIWANDA_6_N011,AS_SP15,,2009-03-31T07:00:00-00:00,2031-01-01T07:59:59-00:00,2009-03-31T00:00:00,2030-12-31T23:59:59
AS_SP15,ETIWANDA_6_N015,AS_SP15,,2011-08-12T07:00:00-00:00,2031-01-01T07:59:59-00:00,2011-08-12T00:00:00,2030-12-31T23:59:59
AS_SP15,ETIWANDA_6_N016,AS_SP15,,2012-03-22T07:00:00-00:00,2031-01-01T07:59:59-00:00,2012-03-22T00:00:00,2030-12-31T23:59:59
AS_SP15,ETIWANDA_6_N017,AS_SP15,,2012-10-11T07:00:00-00:00,2031-01-01T07:59:59-00:00,2012-10-11T00:00:00,2030-12-31T23:59:59
AS_SP15,ETIWANDA_6_N018,AS_SP15,,2012-10-11T07:00:00-00:00,2031-01-01T07:59:59-00:00,2012-10-11T00:00:00,2030-12-31T23:59:59
AS_SP15,ETIWANDA_6_N019,AS_SP15,,2025-05-13T07:00:00-00:00,2031-01-01T07:59:59-00:00,2025-05-13T00:00:00,2030-12-31T23:59:59
AS_SP15,ETIWANDA_6_N020,AS_SP15,,2025-05-13T07:00:00-00:00,2031-01-01T07:59:59-00:00,2025-05-13T00:00:00,2030-12-31T23:59:59
AS_SP15,ETIWANDA_6_N021,AS_SP15,,2025-05-13T07:00:00-00:00,2031-01-01T07:59:59-00:00,2025-05-13T00:00:00,2030-12-31T23:59:59
AS_SP15,ETIWANDA_6_N022,AS_SP15,,2025-05-13T07:00:00-00:00,2031-01-01T07:59:59-00:00,2025-05-13T00:00:00,2030-12-31T23:59:59
AS_SP15,ETIWANDA_6_N023,AS_SP15,,2025-05-13T07:00:00-00:00,2031-01-01T07:59:59-00:00,2025-05-13T00:00:00,2030-12-31T23:59:59
AS_SP15,ETIWANDA_7_N002,AS_SP15,,2025-05-13T07:00:00-00:00,2031-01-01T07:59:59-00:00,2025-05-13T00:00:00,2030-12-31T23:59:59
AS_SP15,ETIWND_6_N026,AS_SP15,,2025-05-13T07:00:00-00:00,2031-01-01T07:59:59-00:00,2025-05-13T00:00:00,2030-12-31T23:59:59
AS_SP15,ETWPKGEN_7_B1,AS_SP15,,2025-05-13T07:00:00-00:00,2031-01-01T07:59:59-00:00,2025-05-13T00:00:00,2030-12-31T23:59:59
AS_SP15,FAIRWAY_1_N001,AS_SP15,,2009-03-31T07:00:00-00:00,2031-01-01T07:59:59-00:00,2009-03-31T00:00:00,2030-12-31T23:59:59
AS_SP15,FAIRWAY_1_N002,AS_SP15,,2009-03-31T07:00:00-00:00,2031-01-01T07:59:59-00:00,2009-03-31T00:00:00,2030-12-31T23:59:59
AS_SP15,FAMOSO_1_N001,AS_SP15,,2009-03-31T07:00:00-00:00,2031-01-01T07:59:59-00:00,2009-03-31T00:00:00,2030-12-31T23:59:59
AS_SP15,FAMOSO_6_N008,AS_SP15,,2009-03-31T07:00:00-00:00,2031-01-01T07:59:59-00:00,2009-03-31T00:00:00,2030-12-31T23:59:59
AS_SP15,FARREL_1_N001,AS_SP15,,2009-03-31T07:00:00-00:00,2031-01-01T07:59:59-00:00,2009-03-31T00:00:00,2030-12-31T23:59:59
AS_SP15,FARREL_1_N002,AS_SP15,,2009-03-31T07:00:00-00:00,2031-01-01T07:59:59-00:00,2009-03-31T00:00:00,2030-12-31T23:59:59
AS_SP15,FELICITA_6_N001,AS_SP15,,2009-03-31T07:00:00-00:00,2031-01-01T07:59:59-00:00,2009-03-31T00:00:00,2030-12-31T23:59:59
AS_SP15,FELICITA_6_N005,AS_SP15,,2009-03-31T07:00:00-00:00,2031-01-01T07:59:59-00:00,2009-03-31T00:00:00,2030-12-31T23:59:59
AS_SP15,FELICITA_6_N009,AS_SP15,,2009-03-31T07:00:00-00:00,2031-01-01T07:59:59-00:00,2009-03-31T00:00:00,2030-12-31T23:59:59
AS_SP15,FELLOWSG_7_N001,AS_SP15,,2009-03-31T07:00:00-00:00,2031-01-01T07:59:59-00:00,2009-03-31T00:00:00,2030-12-31T23:59:59
AS_SP15,FELLOWSG_7_N002,AS_SP15,,2025-05-13T07:00:00-00:00,2031-01-01T07:59:59-00:00,2025-05-13T00:00:00,2030-12-31T23:59:59
AS_SP15,FIFTHS_7_N002,AS_SP15,,2025-05-13T07:00:00-00:00,2031-01-01T07:59:59-00:00,2025-05-13T00:00:00,2030-12-31T23:59:59
AS_SP15,FIFTHS_7_N003,AS_SP15,,2025-05-13T07:00:00-00:00,2031-01-01T07:59:59-00:00,2025-05-13T00:00:00,2030-12-31T23:59:59
AS_SP15,FILIPPI_2_QZSBTX-APND,AS_SP15,,2024-07-01T07:00:00-00:00,2031-01-01T07:59:59-00:00,2024-07-01T00:00:00,2030-12-31T23:59:59
AS_SP15,FILIPPI_2_QZSSRX-APND,AS_SP15,,2024-07-01T07:00:00-00:00,2031-01-01T07:59:59-00:00,2024-07-01T00:00:00,2030-12-31T23:59:59
AS_SP15,FLBRK_7_N001,AS_SP15,,2025-05-13T07:00:00-00:00,2031-01-01T07:59:59-00:00,2025-05-13T00:00:00,2030-12-31T23:59:59
AS_SP15,FLOWIND_6_N001,AS_SP15,,2009-03-31T07:00:00-00:00,2031-01-01T07:59:59-00:00,2009-03-31T00:00:00,2030-12-31T23:59:59
AS_SP15,FLOWIND_6_N003,AS_SP15,,2015-10-22T07:00:00-00:00,2031-01-01T07:59:59-00:00,2015-10-22T00:00:00,2030-12-31T23:59:59
AS_SP15,FNTRG1_7_N001,AS_SP15,,2015-10-22T07:00:00-00:00,2031-01-01T07:59:59-00:00,2015-10-22T00:00:00,2030-12-31T23:59:59
AS_SP15,FOOTHILL_1_N001,AS_SP15,,2009-03-31T07:00:00-00:00,2031-01-01T07:59:59-00:00,2009-03-31T00:00:00,2030-12-31T23:59:59
AS_SP15,FRAZPARK_6_N001,AS_SP15,,2009-03-31T07:00:00-00:00,2031-01-01T07:59:59-00:00,2009-03-31T00:00:00,2030-12-31T23:59:59
AS_SP15,FRIARS_1_N001,AS_SP15,,2013-11-21T08:00:00-00:00,2031-01-01T07:59:59-00:00,2013-11-21T00:00:00,2030-12-31T23:59:59
AS_SP15,FRIARS_1_N009,AS_SP15,,2013-11-21T08:00:00-00:00,2031-01-01T07:59:59-00:00,2013-11-21T00:00:00,2030-12-31T23:59:59
AS_SP15,FRITOLAY_7_N001,AS_SP15,,2009-03-31T07:00:00-00:00,2031-01-01T07:59:59-00:00,2009-03-31T00:00:00,2030-12-31T23:59:59
AS_SP15,FRITOLAY_7_N002,AS_SP15,,2023-05-05T07:00:00-00:00,2031-01-01T07:59:59-00:00,2023-05-05T00:00:00,2030-12-31T23:59:59
AS_SP15,FRUITVLE_6_N001,AS_SP15,,2017-11-16T08:00:00-00:00,2031-01-01T07:59:59-00:00,2017-11-16T00:00:00,2030-12-31T23:59:59
AS_SP15,FRUITVLE_6_N101,AS_SP15,,2017-11-16T08:00:00-00:00,2031-01-01T07:59:59-00:00,2017-11-16T00:00:00,2030-12-31T23:59:59
AS_SP15,F_6_N001,AS_SP15,,2009-03-31T07:00:00-00:00,2031-01-01T07:59:59-00:00,2009-03-31T00:00:00,2030-12-31T23:59:59
AS_SP15,F_6_N002,AS_SP15,,2012-08-16T07:00:00-00:00,2031-01-01T07:59:59-00:00,2012-08-16T00:00:00,2030-12-31T23:59:59
AS_SP15,F_6_N005,AS_SP15,,2012-08-16T07:00:00-00:00,2031-01-01T07:59:59-00:00,2012-08-16T00:00:00,2030-12-31T23:59:59
AS_SP15,GALE_1_N001,AS_SP15,,2009-03-31T07:00:00-00:00,2031-01-01T07:59:59-00:00,2009-03-31T00:00:00,2030-12-31T23:59:59
AS_SP15,GANSOGN_7_N001,AS_SP15,,2025-05-13T07:00:00-00:00,2031-01-01T07:59:59-00:00,2025-05-13T00:00:00,2030-12-31T23:59:59
AS_SP15,GANSO_1_N001,AS_SP15,,2017-11-16T08:00:00-00:00,2031-01-01T07:59:59-00:00,2017-11-16T00:00:00,2030-12-31T23:59:59
AS_SP15,GARBT1GN_7_N001,AS_SP15,,2025-05-13T07:00:00-00:00,2031-01-01T07:59:59-00:00,2025-05-13T00:00:00,2030-12-31T23:59:59
AS_SP15,GARDNER_6_N001,AS_SP15,,2017-11-16T08:00:00-00:00,2031-01-01T07:59:59-00:00,2017-11-16T00:00:00,2030-12-31T23:59:59
AS_SP15,GAREY_1_N002,AS_SP15,,2017-11-16T08:00:00-00:00,2031-01-01T07:59:59-00:00,2017-11-16T00:00:00,2030-12-31T23:59:59
AS_SP15,GARFIELD_6_N001,AS_SP15,,2009-03-31T07:00:00-00:00,2031-01-01T07:59:59-00:00,2009-03-31T00:00:00,2030-12-31T23:59:59
AS_SP15,GARNET_1_N106,AS_SP15,,2025-05-13T07:00:00-00:00,2031-01-01T07:59:59-00:00,2025-05-13T00:00:00,2030-12-31T23:59:59
AS_SP15,GARNET_7_N001,AS_SP15,,2009-03-31T07:00:00-00:00,2031-01-01T07:59:59-00:00,2009-03-31T00:00:00,2030-12-31T23:59:59
AS_SP15,GARNET_7_N002,AS_SP15,,2009-03-31T07:00:00-00:00,2031-01-01T07:59:59-00:00,2009-03-31T00:00:00,2030-12-31T23:59:59
AS_SP15,GARNET_7_N003,AS_SP15,,2009-03-31T07:00:00-00:00,2031-01-01T07:59:59-00:00,2009-03-31T00:00:00,2030-12-31T23:59:59
AS_SP15,GARNET_7_N006,AS_SP15,,2009-03-31T07:00:00-00:00,2031-01-01T07:59:59-00:00,2009-03-31T00:00:00,2030-12-31T23:59:59
AS_SP15,GARNET_7_N007,AS_SP15,,2011-12-21T08:00:00-00:00,2031-01-01T07:59:59-00:00,2011-12-21T00:00:00,2030-12-31T23:59:59
AS_SP15,GARNET_7_N008,AS_SP15,,2012-03-22T07:00:00-00:00,2031-01-01T07:59:59-00:00,2012-03-22T00:00:00,2030-12-31T23:59:59
AS_SP15,GARNET_7_N009,AS_SP15,,2012-10-11T07:00:00-00:00,2031-01-01T07:59:59-00:00,2012-10-11T00:00:00,2030-12-31T23:59:59
AS_SP15,GARNET_7_N011,AS_SP15,,2025-05-13T07:00:00-00:00,2031-01-01T07:59:59-00:00,2025-05-13T00:00:00,2030-12-31T23:59:59
AS_SP15,GARNET_7_N012,AS_SP15,,2014-11-13T08:00:00-00:00,2031-01-01T07:59:59-00:00,2014-11-13T00:00:00,2030-12-31T23:59:59
AS_SP15,GARNET_7_N013,AS_SP15,,2014-11-13T08:00:00-00:00,2031-01-01T07:59:59-00:00,2014-11-13T00:00:00,2030-12-31T23:59:59
AS_SP15,GARNET_7_N014,AS_SP15,,2023-05-05T07:00:00-00:00,2031-01-01T07:59:59-00:00,2023-05-05T00:00:00,2030-12-31T23:59:59
AS_SP15,GARNET_7_N015,AS_SP15,,2015-10-22T07:00:00-00:00,2031-01-01T07:59:59-00:00,2015-10-22T00:00:00,2030-12-31T23:59:59
AS_SP15,GARNET_7_N016,AS_SP15,,2023-05-05T07:00:00-00:00,2031-01-01T07:59:59-00:00,2023-05-05T00:00:00,2030-12-31T23:59:59
AS_SP15,GARNET_7_N017,AS_SP15,,2025-05-13T07:00:00-00:00,2031-01-01T07:59:59-00:00,2025-05-13T00:00:00,2030-12-31T23:59:59
AS_SP15,GARNET_7_N019,AS_SP15,,2017-11-16T08:00:00-00:00,2031-01-01T07:59:59-00:00,2017-11-16T00:00:00,2030-12-31T23:59:59
AS_SP15,GARNET_7_N020,AS_SP15,,2025-05-13T07:00:00-00:00,2031-01-01T07:59:59-00:00,2025-05-13T00:00:00,2030-12-31T23:59:59
AS_SP15,GASKW1B2_7_N003,AS_SP15,,2017-11-16T08:00:00-00:00,2031-01-01T07:59:59-00:00,2017-11-16T00:00:00,2030-12-31T23:59:59
AS_SP15,GASKW1_7_N005,AS_SP15,,2025-05-13T07:00:00-00:00,2031-01-01T07:59:59-00:00,2025-05-13T00:00:00,2030-12-31T23:59:59
AS_SP15,GASKW1_7_N006,AS_SP15,,2025-05-13T07:00:00-00:00,2031-01-01T07:59:59-00:00,2025-05-13T00:00:00,2030-12-31T23:59:59
AS_SP15,GASKW1_7_N007,AS_SP15,,2025-05-13T07:00:00-00:00,2031-01-01T07:59:59-00:00,2025-05-13T00:00:00,2030-12-31T23:59:59
AS_SP15,GASKW1_7_N2BT1,AS_SP15,,2025-05-13T07:00:00-00:00,2031-01-01T07:59:59-00:00,2025-05-13T00:00:00,2030-12-31T23:59:59
AS_SP15,GASKW1_7_N2SR1,AS_SP15,,2025-05-13T07:00:00-00:00,2031-01-01T07:59:59-00:00,2025-05-13T00:00:00,2030-12-31T23:59:59
AS_SP15,GASKW1_7_N2SR2,AS_SP15,,2025-05-13T07:00:00-00:00,2031-01-01T07:59:59-00:00,2025-05-13T00:00:00,2030-12-31T23:59:59
AS_SP15,GASLRAGN_7_N001,AS_SP15,,2016-02-11T08:00:00-00:00,2031-01-01T07:59:59-00:00,2016-02-11T00:00:00,2030-12-31T23:59:59
AS_SP15,GASLRGN_7_N001,AS_SP15,,2016-02-11T08:00:00-00:00,2031-01-01T07:59:59-00:00,2016-02-11T00:00:00,2030-12-31T23:59:59
AS_SP15,GATESBK4_7_N001,AS_SP15,,2017-08-17T07:00:00-00:00,2031-01-01T07:59:59-00:00,2017-08-17T00:00:00,2030-12-31T23:59:59
AS_SP15,GATESBK4_7_N002,AS_SP15,,2025-05-13T07:00:00-00:00,2031-01-01T07:59:59-00:00,2025-05-13T00:00:00,2030-12-31T23:59:59
AS_SP15,GATESBK4_7_N003,AS_SP15,,2025-05-13T07:00:00-00:00,2031-01-01T07:59:59-00:00,2025-05-13T00:00:00,2030-12-31T23:59:59
AS_SP15,GATESBK4_7_N005,AS_SP15,,2017-08-17T07:00:00-00:00,2031-01-01T07:59:59-00:00,2017-08-17T00:00:00,2030-12-31T23:59:59
AS_SP15,GATEWYGN_7_N001,AS_SP15,,2025-05-13T07:00:00-00:00,2031-01-01T07:59:59-00:00,2025-05-13T00:00:00,2030-12-31T23:59:59
AS_SP15,GENESEE_6_N001,AS_SP15,,2009-03-31T07:00:00-00:00,2031-01-01T07:59:59-00:00,2009-03-31T00:00:00,2030-12-31T23:59:59
AS_SP15,GENESEE_6_N005,AS_SP15,,2009-03-31T07:00:00-00:00,2031-01-01T07:59:59-00:00,2009-03-31T00:00:00,2030-12-31T23:59:59
AS_SP15,GENESEE_6_N011,AS_SP15,,2009-03-31T07:00:00-00:00,2031-01-01T07:59:59-00:00,2009-03-31T00:00:00,2030-12-31T23:59:59
AS_SP15,GENESEE_6_N015,AS_SP15,,2009-03-31T07:00:00-00:00,2031-01-01T07:59:59-00:00,2009-03-31T00:00:00,2030-12-31T23:59:59
AS_SP15,GENESI_2_STG-APND,AS_SP15,,2013-10-01T07:00:00-00:00,2031-01-01T07:59:59-00:00,2013-10-01T00:00:00,2030-12-31T23:59:59
AS_SP15,GENE_2_N001,AS_SP15,,2009-03-31T07:00:00-00:00,2031-01-01T07:59:59-00:00,2009-03-31T00:00:00,2030-12-31T23:59:59
AS_SP15,GENE_2_N010,AS_SP15,,2016-02-11T08:00:00-00:00,2031-01-01T07:59:59-00:00,2016-02-11T00:00:00,2030-12-31T23:59:59
AS_SP15,GLDTGEN_7_N001,AS_SP15,,2013-07-18T07:00:00-00:00,2031-01-01T07:59:59-00:00,2013-07-18T00:00:00,2030-12-31T23:59:59
AS_SP15,GLDTGEN_7_N002,AS_SP15,,2013-07-18T07:00:00-00:00,2031-01-01T07:59:59-00:00,2013-07-18T00:00:00,2030-12-31T23:59:59
AS_SP15,GLDTGEN_7_N003,AS_SP15,,2023-05-05T07:00:00-00:00,2031-01-01T07:59:59-00:00,2023-05-05T00:00:00,2030-12-31T23:59:59
AS_SP15,GLENCLIF_6_N001,AS_SP15,,2009-03-31T07:00:00-00:00,2031-01-01T07:59:59-00:00,2009-03-31T00:00:00,2030-12-31T23:59:59
AS_SP15,GLNARMC1_7_B1,AS_SP15,,2025-05-13T07:00:00-00:00,2031-01-01T07:59:59-00:00,2025-05-13T00:00:00,2030-12-31T23:59:59
AS_SP15,GLNARMC2_7_B1,AS_SP15,,2025-05-13T07:00:00-00:00,2031-01-01T07:59:59-00:00,2025-05-13T00:00:00,2030-12-31T23:59:59
AS_SP15,GLNARMC3_7_B1,AS_SP15,,2025-05-13T07:00:00-00:00,2031-01-01T07:59:59-00:00,2025-05-13T00:00:00,2030-12-31T23:59:59
AS_SP15,GLNARMC4_7_B1,AS_SP15,,2025-05-13T07:00:00-00:00,2031-01-01T07:59:59-00:00,2025-05-13T00:00:00,2030-12-31T23:59:59
AS_SP15,GLNARMC5_7_B5,AS_SP15,,2016-02-11T08:00:00-00:00,2031-01-01T07:59:59-00:00,2016-02-11T00:00:00,2030-12-31T23:59:59
AS_SP15,GNS1_7_B1,AS_SP15,,2025-05-13T07:00:00-00:00,2031-01-01T07:59:59-00:00,2025-05-13T00:00:00,2030-12-31T23:59:59
AS_SP15,GOALLINE_6_N001,AS_SP15,,2025-05-13T07:00:00-00:00,2031-01-01T07:59:59-00:00,2025-05-13T00:00:00,2030-12-31T23:59:59
AS_SP15,GOLDTREE_1_N001,AS_SP15,,2017-11-16T08:00:00-00:00,2031-01-01T07:59:59-00:00,2017-11-16T00:00:00,2030-12-31T23:59:59
AS_SP15,GOLDTREE_1_N002,AS_SP15,,2017-11-16T08:00:00-00:00,2031-01-01T07:59:59-00:00,2017-11-16T00:00:00,2030-12-31T23:59:59
AS_SP15,GOLETA_2_LN001,AS_SP15,,2010-06-17T07:00:00-00:00,2031-01-01T07:59:59-00:00,2010-06-17T00:00:00,2030-12-31T23:59:59
AS_SP15,GOLETA_6_N002,AS_SP15,,2009-03-31T07:00:00-00:00,2031-01-01T07:59:59-00:00,2009-03-31T00:00:00,2030-12-31T23:59:59
AS_SP15,GOLETA_6_N004,AS_SP15,,2025-05-13T07:00:00-00:00,2031-01-01T07:59:59-00:00,2025-05-13T00:00:00,2030-12-31T23:59:59
AS_SP15,GOLETA_6_N067,AS_SP15,,2025-05-13T07:00:00-00:00,2031-01-01T07:59:59-00:00,2025-05-13T00:00:00,2030-12-31T23:59:59
AS_SP15,GOLETA_6_N068,AS_SP15,,2025-05-13T07:00:00-00:00,2031-01-01T07:59:59-00:00,2025-05-13T00:00:00,2030-12-31T23:59:59
AS_SP15,GOLETA_6_N100,AS_SP15,,2025-05-13T07:00:00-00:00,2031-01-01T07:59:59-00:00,2025-05-13T00:00:00,2030-12-31T23:59:59
AS_SP15,GOLETA_6_N200,AS_SP15,,2009-03-31T07:00:00-00:00,2031-01-01T07:59:59-00:00,2009-03-31T00:00:00,2030-12-31T23:59:59
AS_SP15,GOLETA_6_N204,AS_SP15,,2025-05-13T07:00:00-00:00,2031-01-01T07:59:59-00:00,2025-05-13T00:00:00,2030-12-31T23:59:59
AS_SP15,GOLETA_7_N201,AS_SP15,,2025-05-13T07:00:00-00:00,2031-01-01T07:59:59-00:00,2025-05-13T00:00:00,2030-12-31T23:59:59
AS_SP15,GOLETA_7_N202,AS_SP15,,2023-01-12T08:00:00-00:00,2031-01-01T07:59:59-00:00,2023-01-12T00:00:00,2030-12-31T23:59:59
AS_SP15,GOLETA_7_N203,AS_SP15,,2023-01-12T08:00:00-00:00,2031-01-01T07:59:59-00:00,2023-01-12T00:00:00,2030-12-31T23:59:59
AS_SP15,GORMAN_6_N001,AS_SP15,,2009-03-31T07:00:00-00:00,2031-01-01T07:59:59-00:00,2009-03-31T00:00:00,2030-12-31T23:59:59
AS_SP15,GOSELKE_1_N001,AS_SP15,,2017-11-16T08:00:00-00:00,2031-01-01T07:59:59-00:00,2017-11-16T00:00:00,2030-12-31T23:59:59
AS_SP15,GOSLKPV_7_N001,AS_SP15,,2025-05-13T07:00:00-00:00,2031-01-01T07:59:59-00:00,2025-05-13T00:00:00,2030-12-31T23:59:59
AS_SP15,GOSLKPV_7_N002,AS_SP15,,2017-11-16T08:00:00-00:00,2031-01-01T07:59:59-00:00,2017-11-16T00:00:00,2030-12-31T23:59:59
AS_SP15,GOSLKPV_7_N003,AS_SP15,,2025-10-15T07:00:00-00:00,2031-01-01T07:59:59-00:00,2025-10-15T00:00:00,2030-12-31T23:59:59
AS_SP15,GOULD_2_B1,AS_SP15,,2017-08-17T07:00:00-00:00,2031-01-01T07:59:59-00:00,2017-08-17T00:00:00,2030-12-31T23:59:59
AS_SP15,GOULD_2_N001,AS_SP15,,2017-05-18T07:00:00-00:00,2031-01-01T07:59:59-00:00,2017-05-18T00:00:00,2030-12-31T23:59:59
AS_SP15,GOULD_2_N007,AS_SP15,,2017-05-18T07:00:00-00:00,2031-01-01T07:59:59-00:00,2017-05-18T00:00:00,2030-12-31T23:59:59
AS_SP15,GRANITE_6_N001,AS_SP15,,2009-03-31T07:00:00-00:00,2031-01-01T07:59:59-00:00,2009-03-31T00:00:00,2030-12-31T23:59:59
AS_SP15,GRANITE_6_N007,AS_SP15,,2009-03-31T07:00:00-00:00,2031-01-01T07:59:59-00:00,2009-03-31T00:00:00,2030-12-31T23:59:59
AS_SP15,GRANITE_6_N008,AS_SP15,,2009-03-31T07:00:00-00:00,2031-01-01T07:59:59-00:00,2009-03-31T00:00:00,2030-12-31T23:59:59
AS_SP15,GRANITE_6_N009,AS_SP15,,2021-10-06T07:00:00-00:00,2031-01-01T07:59:59-00:00,2021-10-06T00:00:00,2030-12-31T23:59:59
AS_SP15,GRAPEVNE_6_GN001,AS_SP15,,2017-08-17T07:00:00-00:00,2031-01-01T07:59:59-00:00,2017-08-17T00:00:00,2030-12-31T23:59:59
AS_SP15,GRAPEVNE_6_N001,AS_SP15,,2009-03-31T07:00:00-00:00,2031-01-01T07:59:59-00:00,2009-03-31T00:00:00,2030-12-31T23:59:59
AS_SP15,GREATLKS_6_N001,AS_SP15,,2009-03-31T07:00:00-00:00,2031-01-01T07:59:59-00:00,2009-03-31T00:00:00,2030-12-31T23:59:59
AS_SP15,GRIMWAY_1_N001,AS_SP15,,2017-11-16T08:00:00-00:00,2031-01-01T07:59:59-00:00,2017-11-16T00:00:00,2030-12-31T23:59:59
AS_SP15,GRIMWAY_1_N005,AS_SP15,,2017-11-16T08:00:00-00:00,2031-01-01T07:59:59-00:00,2017-11-16T00:00:00,2030-12-31T23:59:59
AS_SP15,GRMWYSM_6_N001,AS_SP15,,2017-11-16T08:00:00-00:00,2031-01-01T07:59:59-00:00,2017-11-16T00:00:00,2030-12-31T23:59:59
AS_SP15,GRNITE_7_N002,AS_SP15,,2025-05-13T07:00:00-00:00,2031-01-01T07:59:59-00:00,2025-05-13T00:00:00,2030-12-31T23:59:59
AS_SP15,GRNTHLL_1_N001,AS_SP15,,2009-03-31T07:00:00-00:00,2031-01-01T07:59:59-00:00,2009-03-31T00:00:00,2030-12-31T23:59:59
AS_SP15,GRNTHLL_1_N004,AS_SP15,,2009-03-31T07:00:00-00:00,2031-01-01T07:59:59-00:00,2009-03-31T00:00:00,2030-12-31T23:59:59
AS_SP15,GWF_CT2_7_N002,AS_SP15,,2025-05-13T07:00:00-00:00,2031-01-01T07:59:59-00:00,2025-05-13T00:00:00,2030-12-31T23:59:59
AS_SP15,GWF_CT2_7_N003,AS_SP15,,2025-05-13T07:00:00-00:00,2031-01-01T07:59:59-00:00,2025-05-13T00:00:00,2030-12-31T23:59:59
AS_SP15,GWF_CT2_7_N004,AS_SP15,,2025-05-13T07:00:00-00:00,2031-01-01T07:59:59-00:00,2025-05-13T00:00:00,2030-12-31T23:59:59
AS_SP15,GWF_GT1_7_N004,AS_SP15,,2025-05-13T07:00:00-00:00,2031-01-01T07:59:59-00:00,2025-05-13T00:00:00,2030-12-31T23:59:59
AS_SP15,GWF_GT1_7_N005,AS_SP15,,2024-03-20T07:00:00-00:00,2031-01-01T07:59:59-00:00,2024-03-20T00:00:00,2030-12-31T23:59:59
AS_SP15,GWF_GT2_7_N002,AS_SP15,,2025-05-13T07:00:00-00:00,2031-01-01T07:59:59-00:00,2025-05-13T00:00:00,2030-12-31T23:59:59
AS_SP15,GWF_GT2_7_N003,AS_SP15,,2024-03-20T07:00:00-00:00,2031-01-01T07:59:59-00:00,2024-03-20T00:00:00,2030-12-31T23:59:59
AS_SP15,HAMLIN_115_N004,AS_SP15,,2025-05-13T07:00:00-00:00,2031-01-01T07:59:59-00:00,2025-05-13T00:00:00,2030-12-31T23:59:59
AS_SP15,HAMLIN_1_N007,AS_SP15,,2025-05-13T07:00:00-00:00,2031-01-01T07:59:59-00:00,2025-05-13T00:00:00,2030-12-31T23:59:59
AS_SP15,HARBGN_7_UNITS-APND,AS_SP15,,2018-09-28T07:00:00-00:00,2031-01-01T07:59:59-00:00,2018-09-28T00:00:00,2030-12-31T23:59:59
AS_SP15,HARBORG_7_B2,AS_SP15,,2009-03-31T07:00:00-00:00,2031-01-01T07:59:59-00:00,2009-03-31T00:00:00,2030-12-31T23:59:59
AS_SP15,HARBORG_7_B3,AS_SP15,,2009-03-31T07:00:00-00:00,2031-01-01T07:59:59-00:00,2009-03-31T00:00:00,2030-12-31T23:59:59
AS_SP15,HARBORG_7_B4,AS_SP15,,2009-03-31T07:00:00-00:00,2031-01-01T07:59:59-00:00,2009-03-31T00:00:00,2030-12-31T23:59:59
AS_SP15,HARBORG_7_N101,AS_SP15,,2009-03-31T07:00:00-00:00,2031-01-01T07:59:59-00:00,2009-03-31T00:00:00,2030-12-31T23:59:59
AS_SP15,HARDWK12_7_N002,AS_SP15,,2025-05-13T07:00:00-00:00,2031-01-01T07:59:59-00:00,2025-05-13T00:00:00,2030-12-31T23:59:59
AS_SP15,HELIJET_6_N001,AS_SP15,,2009-03-31T07:00:00-00:00,2031-01-01T07:59:59-00:00,2009-03-31T00:00:00,2030-12-31T23:59:59
AS_SP15,HENRTA_6_ELCBX2-APND,AS_SP15,,2024-10-01T07:00:00-00:00,2031-01-01T07:59:59-00:00,2024-10-01T00:00:00,2030-12-31T23:59:59
AS_SP15,HI5PV_7_N001,AS_SP15,,2025-05-13T07:00:00-00:00,2031-01-01T07:59:59-00:00,2025-05-13T00:00:00,2030-12-31T23:59:59
AS_SP15,HI5_7_N002,AS_SP15,,2025-05-13T07:00:00-00:00,2031-01-01T07:59:59-00:00,2025-05-13T00:00:00,2030-12-31T23:59:59
AS_SP15,HIDEDCT1_7_B1,AS_SP15,,2023-05-05T07:00:00-00:00,2031-01-01T07:59:59-00:00,2023-05-05T00:00:00,2030-12-31T23:59:59
AS_SP15,HIDEDCT1_7_N001,AS_SP15,,2009-03-31T07:00:00-00:00,2031-01-01T07:59:59-00:00,2009-03-31T00:00:00,2030-12-31T23:59:59
AS_SP15,HIDEDCT2_7_B1,AS_SP15,,2023-05-05T07:00:00-00:00,2031-01-01T07:59:59-00:00,2023-05-05T00:00:00,2030-12-31T23:59:59
AS_SP15,HIDEDCT2_7_N002,AS_SP15,,2009-03-31T07:00:00-00:00,2031-01-01T07:59:59-00:00,2009-03-31T00:00:00,2030-12-31T23:59:59
AS_SP15,HIDEDCT3_7_B1,AS_SP15,,2023-05-05T07:00:00-00:00,2031-01-01T07:59:59-00:00,2023-05-05T00:00:00,2030-12-31T23:59:59
AS_SP15,HIDEDCT3_7_N001,AS_SP15,,2009-03-31T07:00:00-00:00,2031-01-01T07:59:59-00:00,2009-03-31T00:00:00,2030-12-31T23:59:59
AS_SP15,HIDEDST1_7_B1,AS_SP15,,2023-05-05T07:00:00-00:00,2031-01-01T07:59:59-00:00,2023-05-05T00:00:00,2030-12-31T23:59:59
AS_SP15,HIDEDST1_7_N001,AS_SP15,,2009-03-31T07:00:00-00:00,2031-01-01T07:59:59-00:00,2009-03-31T00:00:00,2030-12-31T23:59:59
AS_SP15,HIDESERT_2_N001,AS_SP15,,2009-03-31T07:00:00-00:00,2031-01-01T07:59:59-00:00,2009-03-31T00:00:00,2030-12-31T23:59:59
AS_SP15,HIDESERT_2_N018,AS_SP15,,2009-03-31T07:00:00-00:00,2031-01-01T07:59:59-00:00,2009-03-31T00:00:00,2030-12-31T23:59:59
AS_SP15,HIDESER_1_N018,AS_SP15,,2018-08-23T07:00:00-00:00,2031-01-01T07:59:59-00:00,2018-08-23T00:00:00,2030-12-31T23:59:59
AS_SP15,HIDSRT_2_UNITS-APND,AS_SP15,,2009-03-31T07:00:00-00:00,2031-01-01T07:59:59-00:00,2009-03-31T00:00:00,2030-12-31T23:59:59
AS_SP15,HILLGEN_7_B1,AS_SP15,,2025-05-13T07:00:00-00:00,2031-01-01T07:59:59-00:00,2025-05-13T00:00:00,2030-12-31T23:59:59
AS_SP15,HINDSP1_7_B1,AS_SP15,,2009-03-31T07:00:00-00:00,2031-01-01T07:59:59-00:00,2009-03-31T00:00:00,2030-12-31T23:59:59
AS_SP15,HINDSP2_7_B1,AS_SP15,,2009-03-31T07:00:00-00:00,2031-01-01T07:59:59-00:00,2009-03-31T00:00:00,2030-12-31T23:59:59
AS_SP15,HINSON_2_B1,AS_SP15,,2017-08-17T07:00:00-00:00,2031-01-01T07:59:59-00:00,2017-08-17T00:00:00,2030-12-31T23:59:59
AS_SP15,HINSON_2_N040,AS_SP15,,2025-05-13T07:00:00-00:00,2031-01-01T07:59:59-00:00,2025-05-13T00:00:00,2030-12-31T23:59:59
AS_SP15,HINSON_2_N041,AS_SP15,,2025-05-13T07:00:00-00:00,2031-01-01T07:59:59-00:00,2025-05-13T00:00:00,2030-12-31T23:59:59
AS_SP15,HINSON_6_N001,AS_SP15,,2009-03-31T07:00:00-00:00,2031-01-01T07:59:59-00:00,2009-03-31T00:00:00,2030-12-31T23:59:59
AS_SP15,HINSON_6_N019,AS_SP15,,2025-05-13T07:00:00-00:00,2031-01-01T07:59:59-00:00,2025-05-13T00:00:00,2030-12-31T23:59:59
AS_SP15,HISIERRA_7_B1,AS_SP15,,2009-03-31T07:00:00-00:00,2031-01-01T07:59:59-00:00,2009-03-31T00:00:00,2030-12-31T23:59:59
AS_SP15,HOLGATE_1_N004,AS_SP15,,2025-05-13T07:00:00-00:00,2031-01-01T07:59:59-00:00,2025-05-13T00:00:00,2030-12-31T23:59:59
AS_SP15,HOMART_1_N001,AS_SP15,,2019-02-21T08:00:00-00:00,2031-01-01T07:59:59-00:00,2019-02-21T00:00:00,2030-12-31T23:59:59
AS_SP15,HOMART_1_N002,AS_SP15,,2019-02-21T08:00:00-00:00,2031-01-01T07:59:59-00:00,2019-02-21T00:00:00,2030-12-31T23:59:59
AS_SP15,HUNT1G_7_B1,AS_SP15,,2009-03-31T07:00:00-00:00,2031-01-01T07:59:59-00:00,2009-03-31T00:00:00,2030-12-31T23:59:59
AS_SP15,HUNT1G_7_N002,AS_SP15,,2009-03-31T07:00:00-00:00,2031-01-01T07:59:59-00:00,2009-03-31T00:00:00,2030-12-31T23:59:59
AS_SP15,HUNT2G_7_B1,AS_SP15,,2009-03-31T07:00:00-00:00,2031-01-01T07:59:59-00:00,2009-03-31T00:00:00,2030-12-31T23:59:59
AS_SP15,HUNT2G_7_N002,AS_SP15,,2009-03-31T07:00:00-00:00,2031-01-01T07:59:59-00:00,2009-03-31T00:00:00,2030-12-31T23:59:59
AS_SP15,HUNT3G_7_B1,AS_SP15,,2009-03-31T07:00:00-00:00,2031-01-01T07:59:59-00:00,2009-03-31T00:00:00,2030-12-31T23:59:59
AS_SP15,HUNT3G_7_N002,AS_SP15,,2009-03-31T07:00:00-00:00,2031-01-01T07:59:59-00:00,2009-03-31T00:00:00,2030-12-31T23:59:59
AS_SP15,HUNT4G_7_B1,AS_SP15,,2009-03-31T07:00:00-00:00,2031-01-01T07:59:59-00:00,2009-03-31T00:00:00,2030-12-31T23:59:59
AS_SP15,HUNT4G_7_N002,AS_SP15,,2009-03-31T07:00:00-00:00,2031-01-01T07:59:59-00:00,2009-03-31T00:00:00,2030-12-31T23:59:59
AS_SP15,HURONGEN_7_ND002,AS_SP15,,2025-05-13T07:00:00-00:00,2031-01-01T07:59:59-00:00,2025-05-13T00:00:00,2030-12-31T23:59:59
AS_SP15,HURON_6_N001,AS_SP15,,2017-11-16T08:00:00-00:00,2031-01-01T07:59:59-00:00,2017-11-16T00:00:00,2030-12-31T23:59:59
AS_SP15,ICEGEN_7_B1,AS_SP15,,2025-05-13T07:00:00-00:00,2031-01-01T07:59:59-00:00,2025-05-13T00:00:00,2030-12-31T23:59:59
AS_SP15,IMPBCH_7_NBT1,AS_SP15,,2023-06-14T07:00:00-00:00,2031-01-01T07:59:59-00:00,2023-06-14T00:00:00,2030-12-31T23:59:59
AS_SP15,IMPBCH_7_NBT2,AS_SP15,,2023-06-14T07:00:00-00:00,2031-01-01T07:59:59-00:00,2023-06-14T00:00:00,2030-12-31T23:59:59
AS_SP15,IMPRLBCH_6_N001,AS_SP15,,2023-06-14T07:00:00-00:00,2031-01-01T07:59:59-00:00,2023-06-14T00:00:00,2030-12-31T23:59:59
AS_SP15,IMPRLBCH_6_N004,AS_SP15,,2023-06-14T07:00:00-00:00,2031-01-01T07:59:59-00:00,2023-06-14T00:00:00,2030-12-31T23:59:59
AS_SP15,IMPRLVLY_2_B1,AS_SP15,,2017-08-17T07:00:00-00:00,2031-01-01T07:59:59-00:00,2017-08-17T00:00:00,2030-12-31T23:59:59
AS_SP15,IMPRLVLY_2_N070,AS_SP15,,2015-04-23T07:00:00-00:00,2031-01-01T07:59:59-00:00,2015-04-23T00:00:00,2030-12-31T23:59:59
AS_SP15,IMPRLVLY_2_N074,AS_SP15,,2018-08-23T07:00:00-00:00,2031-01-01T07:59:59-00:00,2018-08-23T00:00:00,2030-12-31T23:59:59
AS_SP15,IMPRLVLY_2_N077,AS_SP15,,2019-09-19T07:00:00-00:00,2031-01-01T07:59:59-00:00,2019-09-19T00:00:00,2030-12-31T23:59:59
AS_SP15,IMPRLVLY_2_NM01,AS_SP15,,2021-06-09T07:00:00-00:00,2031-01-01T07:59:59-00:00,2021-06-09T00:00:00,2030-12-31T23:59:59
AS_SP15,IMPRLVLY_2_NM05,AS_SP15,,2021-08-25T07:00:00-00:00,2031-01-01T07:59:59-00:00,2021-08-25T00:00:00,2030-12-31T23:59:59
AS_SP15,IMPRLVLY_5_N036,AS_SP15,,2023-11-15T08:00:00-00:00,2031-01-01T07:59:59-00:00,2023-11-15T00:00:00,2030-12-31T23:59:59
AS_SP15,INDIANW_1_N001,AS_SP15,,2009-03-31T07:00:00-00:00,2031-01-01T07:59:59-00:00,2009-03-31T00:00:00,2030-12-31T23:59:59
AS_SP15,INDIANW_1_N005,AS_SP15,,2009-03-31T07:00:00-00:00,2031-01-01T07:59:59-00:00,2009-03-31T00:00:00,2030-12-31T23:59:59
AS_SP15,INDIGOG1_7_B1,AS_SP15,,2009-03-31T07:00:00-00:00,2031-01-01T07:59:59-00:00,2009-03-31T00:00:00,2030-12-31T23:59:59
AS_SP15,INDIGOG2_7_B1,AS_SP15,,2009-03-31T07:00:00-00:00,2031-01-01T07:59:59-00:00,2009-03-31T00:00:00,2030-12-31T23:59:59
AS_SP15,INDIGOG3_7_B1,AS_SP15,,2009-03-31T07:00:00-00:00,2031-01-01T07:59:59-00:00,2009-03-31T00:00:00,2030-12-31T23:59:59
AS_SP15,INERGY_1_N004,AS_SP15,,2017-11-16T08:00:00-00:00,2031-01-01T07:59:59-00:00,2017-11-16T00:00:00,2030-12-31T23:59:59
AS_SP15,INYOKERN_1_B1,AS_SP15,,2017-08-17T07:00:00-00:00,2031-01-01T07:59:59-00:00,2017-08-17T00:00:00,2030-12-31T23:59:59
AS_SP15,INYOKERN_1_N001,AS_SP15,,2024-03-20T07:00:00-00:00,2031-01-01T07:59:59-00:00,2024-03-20T00:00:00,2030-12-31T23:59:59
AS_SP15,INYOKERN_1_N008,AS_SP15,,2024-03-20T07:00:00-00:00,2031-01-01T07:59:59-00:00,2024-03-20T00:00:00,2030-12-31T23:59:59
AS_SP15,INYOKN_7_N003,AS_SP15,,2025-05-13T07:00:00-00:00,2031-01-01T07:59:59-00:00,2025-05-13T00:00:00,2030-12-31T23:59:59
AS_SP15,INYOKN_7_N004,AS_SP15,,2025-05-13T07:00:00-00:00,2031-01-01T07:59:59-00:00,2025-05-13T00:00:00,2030-12-31T23:59:59
AS_SP15,IRONMTN_2_N001,AS_SP15,,2009-03-31T07:00:00-00:00,2031-01-01T07:59:59-00:00,2009-03-31T00:00:00,2030-12-31T23:59:59
AS_SP15,ISIS_7_N001,AS_SP15,,2017-11-16T08:00:00-00:00,2031-01-01T07:59:59-00:00,2017-11-16T00:00:00,2030-12-31T23:59:59
AS_SP15,ISIS_7_N002,AS_SP15,,2025-05-13T07:00:00-00:00,2031-01-01T07:59:59-00:00,2025-05-13T00:00:00,2030-12-31T23:59:59
AS_SP15,ISIS_7_N003,AS_SP15,,2025-05-13T07:00:00-00:00,2031-01-01T07:59:59-00:00,2025-05-13T00:00:00,2030-12-31T23:59:59
AS_SP15,IVALLY2_2_B1,AS_SP15,,2017-08-17T07:00:00-00:00,2031-01-01T07:59:59-00:00,2017-08-17T00:00:00,2030-12-31T23:59:59
AS_SP15,IVANPAH_1_B1,AS_SP15,,2017-08-17T07:00:00-00:00,2031-01-01T07:59:59-00:00,2017-08-17T00:00:00,2030-12-31T23:59:59
AS_SP15,IVANPA_2_B1,AS_SP15,,2017-08-17T07:00:00-00:00,2031-01-01T07:59:59-00:00,2017-08-17T00:00:00,2030-12-31T23:59:59
AS_SP15,IVGEN3M1_7_N006,AS_SP15,,2017-02-16T08:00:00-00:00,2031-01-01T07:59:59-00:00,2017-02-16T00:00:00,2030-12-31T23:59:59
AS_SP15,IVSOLARS_7_N007,AS_SP15,,2023-05-05T07:00:00-00:00,2031-01-01T07:59:59-00:00,2023-05-05T00:00:00,2030-12-31T23:59:59
AS_SP15,IVSOLARS_7_N009,AS_SP15,,2013-09-19T07:00:00-00:00,2031-01-01T07:59:59-00:00,2013-09-19T00:00:00,2030-12-31T23:59:59
AS_SP15,IVWEST_2_SOLAR1-APND,AS_SP15,,2015-03-05T08:00:00-00:00,2031-01-01T07:59:59-00:00,2015-03-05T00:00:00,2030-12-31T23:59:59
AS_SP15,JAMACHA_6_N001,AS_SP15,,2009-03-31T07:00:00-00:00,2031-01-01T07:59:59-00:00,2009-03-31T00:00:00,2030-12-31T23:59:59
AS_SP15,JAMACHA_6_N006,AS_SP15,,2009-03-31T07:00:00-00:00,2031-01-01T07:59:59-00:00,2009-03-31T00:00:00,2030-12-31T23:59:59
AS_SP15,JAMACHA_6_N015,AS_SP15,,2022-09-01T07:00:00-00:00,2031-01-01T07:59:59-00:00,2022-09-01T00:00:00,2030-12-31T23:59:59
AS_SP15,JHINDS_2_B1,AS_SP15,,2019-08-09T07:00:00-00:00,2031-01-01T07:59:59-00:00,2019-08-09T00:00:00,2030-12-31T23:59:59
AS_SP15,JHINDS_2_LN001,AS_SP15,,2010-06-17T07:00:00-00:00,2031-01-01T07:59:59-00:00,2010-06-17T00:00:00,2030-12-31T23:59:59
AS_SP15,JOANEC_7_N001,AS_SP15,,2025-05-13T07:00:00-00:00,2031-01-01T07:59:59-00:00,2025-05-13T00:00:00,2030-12-31T23:59:59
AS_SP15,JOANEC_7_N002,AS_SP15,,2025-05-13T07:00:00-00:00,2031-01-01T07:59:59-00:00,2025-05-13T00:00:00,2030-12-31T23:59:59
AS_SP15,JOANEC_7_NBT3,AS_SP15,,2025-05-13T07:00:00-00:00,2031-01-01T07:59:59-00:00,2025-05-13T00:00:00,2030-12-31T23:59:59
AS_SP15,JOHANNA_2_N001,AS_SP15,,2020-08-12T07:00:00-00:00,2031-01-01T07:59:59-00:00,2020-08-12T00:00:00,2030-12-31T23:59:59
AS_SP15,JOHANNA_2_N007,AS_SP15,,2020-08-12T07:00:00-00:00,2031-01-01T07:59:59-00:00,2020-08-12T00:00:00,2030-12-31T23:59:59
AS_SP15,JOHANNA_2_N013,AS_SP15,,2009-03-31T07:00:00-00:00,2031-01-01T07:59:59-00:00,2009-03-31T00:00:00,2030-12-31T23:59:59
AS_SP15,JOHANNA_2_N018,AS_SP15,,2022-11-16T08:00:00-00:00,2031-01-01T07:59:59-00:00,2022-11-16T00:00:00,2030-12-31T23:59:59
AS_SP15,JOHANNA_6_N04,AS_SP15,,2025-05-13T07:00:00-00:00,2031-01-01T07:59:59-00:00,2025-05-13T00:00:00,2030-12-31T23:59:59
AS_SP15,JOHANNA_6_N05,AS_SP15,,2025-05-13T07:00:00-00:00,2031-01-01T07:59:59-00:00,2025-05-13T00:00:00,2030-12-31T23:59:59
AS_SP15,JOHANNA_6_N06,AS_SP15,,2025-05-13T07:00:00-00:00,2031-01-01T07:59:59-00:00,2025-05-13T00:00:00,2030-12-31T23:59:59
AS_SP15,JOHANNA_6_N07,AS_SP15,,2025-05-13T07:00:00-00:00,2031-01-01T07:59:59-00:00,2025-05-13T00:00:00,2030-12-31T23:59:59
AS_SP15,JOHANNA_6_N08,AS_SP15,,2025-05-13T07:00:00-00:00,2031-01-01T07:59:59-00:00,2025-05-13T00:00:00,2030-12-31T23:59:59
AS_SP15,JVREPK_7_N002,AS_SP15,,2023-01-12T08:00:00-00:00,2031-01-01T07:59:59-00:00,2023-01-12T00:00:00,2030-12-31T23:59:59
AS_SP15,KARMA_1_N004,AS_SP15,,2018-08-23T07:00:00-00:00,2031-01-01T07:59:59-00:00,2018-08-23T00:00:00,2030-12-31T23:59:59
AS_SP15,KCRDCT1_7_NG1,AS_SP15,,2025-05-13T07:00:00-00:00,2031-01-01T07:59:59-00:00,2025-05-13T00:00:00,2030-12-31T23:59:59
AS_SP15,KCRDCT2_7_NG2,AS_SP15,,2025-05-13T07:00:00-00:00,2031-01-01T07:59:59-00:00,2025-05-13T00:00:00,2030-12-31T23:59:59
AS_SP15,KCRDCT3_7_NBT1,AS_SP15,,2024-03-20T07:00:00-00:00,2031-01-01T07:59:59-00:00,2024-03-20T00:00:00,2030-12-31T23:59:59
AS_SP15,KCRDCT4_7_NBT2,AS_SP15,,2024-03-20T07:00:00-00:00,2031-01-01T07:59:59-00:00,2024-03-20T00:00:00,2030-12-31T23:59:59
AS_SP15,KEARNEY_7_N001,AS_SP15,,2009-03-31T07:00:00-00:00,2031-01-01T07:59:59-00:00,2009-03-31T00:00:00,2030-12-31T23:59:59
AS_SP15,KEARNEY_7_N003,AS_SP15,,2009-03-31T07:00:00-00:00,2031-01-01T07:59:59-00:00,2009-03-31T00:00:00,2030-12-31T23:59:59
AS_SP15,KEARNY_6_B1,AS_SP15,,2017-08-17T07:00:00-00:00,2031-01-01T07:59:59-00:00,2017-08-17T00:00:00,2030-12-31T23:59:59
AS_SP15,KEARNY_6_N036,AS_SP15,,2019-02-21T08:00:00-00:00,2031-01-01T07:59:59-00:00,2019-02-21T00:00:00,2030-12-31T23:59:59
AS_SP15,KEARNY_7_GNU1N,AS_SP15,,2025-05-13T07:00:00-00:00,2031-01-01T07:59:59-00:00,2025-05-13T00:00:00,2030-12-31T23:59:59
AS_SP15,KEARNY_7_GUS2N,AS_SP15,,2025-05-13T07:00:00-00:00,2031-01-01T07:59:59-00:00,2025-05-13T00:00:00,2030-12-31T23:59:59
AS_SP15,KELLEY_6_N001,AS_SP15,,2017-11-16T08:00:00-00:00,2031-01-01T07:59:59-00:00,2017-11-16T00:00:00,2030-12-31T23:59:59
AS_SP15,KERNFRNT_1_B1,AS_SP15,,2017-08-17T07:00:00-00:00,2031-01-01T07:59:59-00:00,2017-08-17T00:00:00,2030-12-31T23:59:59
AS_SP15,KERNFRNT_7_B1,AS_SP15,,2009-03-31T07:00:00-00:00,2031-01-01T07:59:59-00:00,2009-03-31T00:00:00,2030-12-31T23:59:59
AS_SP15,KERNFRT_1_N001,AS_SP15,,2017-08-17T07:00:00-00:00,2031-01-01T07:59:59-00:00,2017-08-17T00:00:00,2030-12-31T23:59:59
AS_SP15,KERNOIL_1_B1,AS_SP15,,2017-08-17T07:00:00-00:00,2031-01-01T07:59:59-00:00,2017-08-17T00:00:00,2030-12-31T23:59:59
AS_SP15,KERNOIL_1_N001,AS_SP15,,2009-03-31T07:00:00-00:00,2031-01-01T07:59:59-00:00,2009-03-31T00:00:00,2030-12-31T23:59:59
AS_SP15,KERNOIL_1_N012,AS_SP15,,2009-03-31T07:00:00-00:00,2031-01-01T07:59:59-00:00,2009-03-31T00:00:00,2030-12-31T23:59:59
AS_SP15,KERNOIL_1_N031,AS_SP15,,2017-08-17T07:00:00-00:00,2031-01-01T07:59:59-00:00,2017-08-17T00:00:00,2030-12-31T23:59:59
AS_SP15,KERNPWR_1_B1,AS_SP15,,2017-08-17T07:00:00-00:00,2031-01-01T07:59:59-00:00,2017-08-17T00:00:00,2030-12-31T23:59:59
AS_SP15,KERNPWR_1_N002,AS_SP15,,2020-04-22T07:00:00-00:00,2031-01-01T07:59:59-00:00,2020-04-22T00:00:00,2030-12-31T23:59:59
AS_SP15,KERNPWR_1_N201,AS_SP15,,2020-04-22T07:00:00-00:00,2031-01-01T07:59:59-00:00,2020-04-22T00:00:00,2030-12-31T23:59:59
AS_SP15,KERNRDGE_1_N001,AS_SP15,,2009-03-31T07:00:00-00:00,2031-01-01T07:59:59-00:00,2009-03-31T00:00:00,2030-12-31T23:59:59
AS_SP15,KERNRDGE_1_N003,AS_SP15,,2025-05-13T07:00:00-00:00,2031-01-01T07:59:59-00:00,2025-05-13T00:00:00,2030-12-31T23:59:59
AS_SP15,KERNRVR_6_N001,AS_SP15,,2023-05-05T07:00:00-00:00,2031-01-01T07:59:59-00:00,2023-05-05T00:00:00,2030-12-31T23:59:59
AS_SP15,KERNRVR_6_N014,AS_SP15,,2009-03-31T07:00:00-00:00,2031-01-01T07:59:59-00:00,2009-03-31T00:00:00,2030-12-31T23:59:59
AS_SP15,KERNRVU1_7_B1,AS_SP15,,2023-05-05T07:00:00-00:00,2031-01-01T07:59:59-00:00,2023-05-05T00:00:00,2030-12-31T23:59:59
AS_SP15,KERNRVU2_7_B1,AS_SP15,,2023-05-05T07:00:00-00:00,2031-01-01T07:59:59-00:00,2023-05-05T00:00:00,2030-12-31T23:59:59
AS_SP15,KERNRV_1_N001,AS_SP15,,2009-03-31T07:00:00-00:00,2031-01-01T07:59:59-00:00,2009-03-31T00:00:00,2030-12-31T23:59:59
AS_SP15,KERNWATR_1_N001,AS_SP15,,2009-03-31T07:00:00-00:00,2031-01-01T07:59:59-00:00,2009-03-31T00:00:00,2030-12-31T23:59:59
AS_SP15,KERNWTP1_1_B1,AS_SP15,,2017-08-17T07:00:00-00:00,2031-01-01T07:59:59-00:00,2017-08-17T00:00:00,2030-12-31T23:59:59
AS_SP15,KETTNER_6_N001,AS_SP15,,2022-06-15T07:00:00-00:00,2031-01-01T07:59:59-00:00,2022-06-15T00:00:00,2030-12-31T23:59:59
AS_SP15,KRAMER_1_N001,AS_SP15,,2025-10-15T07:00:00-00:00,2031-01-01T07:59:59-00:00,2025-10-15T00:00:00,2030-12-31T23:59:59
AS_SP15,KRAMER_1_N203,AS_SP15,,2025-10-15T07:00:00-00:00,2031-01-01T07:59:59-00:00,2025-10-15T00:00:00,2030-12-31T23:59:59
AS_SP15,KRAMER_1_R1BX3-APND,AS_SP15,,2023-04-30T07:00:00-00:00,2031-01-01T07:59:59-00:00,2023-04-30T00:00:00,2030-12-31T23:59:59
AS_SP15,KRAMER_1_R1PX3-APND,AS_SP15,,2023-04-30T07:00:00-00:00,2031-01-01T07:59:59-00:00,2023-04-30T00:00:00,2030-12-31T23:59:59
AS_SP15,KRAMER_1_R2BX2-APND,AS_SP15,,2023-06-05T07:00:00-00:00,2031-01-01T07:59:59-00:00,2023-06-05T00:00:00,2030-12-31T23:59:59
AS_SP15,KRAMER_1_R2PX2-APND,AS_SP15,,2023-06-05T07:00:00-00:00,2031-01-01T07:59:59-00:00,2023-06-05T00:00:00,2030-12-31T23:59:59
AS_SP15,KRAMER_2_B1,AS_SP15,,2017-08-17T07:00:00-00:00,2031-01-01T07:59:59-00:00,2017-08-17T00:00:00,2030-12-31T23:59:59
AS_SP15,KRNCNYN_6_N001,AS_SP15,,2025-05-13T07:00:00-00:00,2031-01-01T07:59:59-00:00,2025-05-13T00:00:00,2030-12-31T23:59:59
AS_SP15,KRNSNST_7_N001,AS_SP15,,2025-05-13T07:00:00-00:00,2031-01-01T07:59:59-00:00,2025-05-13T00:00:00,2030-12-31T23:59:59
AS_SP15,KUMEYAAY_7_N001,AS_SP15,,2009-03-31T07:00:00-00:00,2031-01-01T07:59:59-00:00,2009-03-31T00:00:00,2030-12-31T23:59:59
AS_SP15,KYOCERA_6_N001,AS_SP15,,2009-03-31T07:00:00-00:00,2031-01-01T07:59:59-00:00,2009-03-31T00:00:00,2030-12-31T23:59:59
AS_SP15,KYOCERA_6_N003,AS_SP15,,2025-05-13T07:00:00-00:00,2031-01-01T07:59:59-00:00,2025-05-13T00:00:00,2030-12-31T23:59:59
AS_SP15,LACSD_7_B2,AS_SP15,,2023-05-05T07:00:00-00:00,2031-01-01T07:59:59-00:00,2023-05-05T00:00:00,2030-12-31T23:59:59
AS_SP15,LACSD_7_B3,AS_SP15,,2023-05-05T07:00:00-00:00,2031-01-01T07:59:59-00:00,2023-05-05T00:00:00,2030-12-31T23:59:59
AS_SP15,LACSD_7_B4,AS_SP15,,2023-05-05T07:00:00-00:00,2031-01-01T07:59:59-00:00,2023-05-05T00:00:00,2030-12-31T23:59:59
AS_SP15,LACSD_7_B5,AS_SP15,,2023-05-05T07:00:00-00:00,2031-01-01T07:59:59-00:00,2023-05-05T00:00:00,2030-12-31T23:59:59
AS_SP15,LACSD_7_N001,AS_SP15,,2009-03-31T07:00:00-00:00,2031-01-01T07:59:59-00:00,2009-03-31T00:00:00,2030-12-31T23:59:59
AS_SP15,LAFRESA_6_N001,AS_SP15,,2009-03-31T07:00:00-00:00,2031-01-01T07:59:59-00:00,2009-03-31T00:00:00,2030-12-31T23:59:59
AS_SP15,LAFRESA_6_N003,AS_SP15,,2009-03-31T07:00:00-00:00,2031-01-01T07:59:59-00:00,2009-03-31T00:00:00,2030-12-31T23:59:59
AS_SP15,LAFRESA_6_N007,AS_SP15,,2009-03-31T07:00:00-00:00,2031-01-01T07:59:59-00:00,2009-03-31T00:00:00,2030-12-31T23:59:59
AS_SP15,LAFRESA_6_N008,AS_SP15,,2009-06-25T07:00:00-00:00,2031-01-01T07:59:59-00:00,2009-06-25T00:00:00,2030-12-31T23:59:59
AS_SP15,LAFRESA_6_N011,AS_SP15,,2025-05-13T07:00:00-00:00,2031-01-01T07:59:59-00:00,2025-05-13T00:00:00,2030-12-31T23:59:59
AS_SP15,LAGNANL_1_N001,AS_SP15,,2009-03-31T07:00:00-00:00,2031-01-01T07:59:59-00:00,2009-03-31T00:00:00,2030-12-31T23:59:59
AS_SP15,LAGNANL_1_N002,AS_SP15,,2009-03-31T07:00:00-00:00,2031-01-01T07:59:59-00:00,2009-03-31T00:00:00,2030-12-31T23:59:59
AS_SP15,LAGNANL_1_N005,AS_SP15,,2009-03-31T07:00:00-00:00,2031-01-01T07:59:59-00:00,2009-03-31T00:00:00,2030-12-31T23:59:59
AS_SP15,LAGNANL_1_N006,AS_SP15,,2009-03-31T07:00:00-00:00,2031-01-01T07:59:59-00:00,2009-03-31T00:00:00,2030-12-31T23:59:59
AS_SP15,LAGUBELL_2_B1,AS_SP15,,2017-08-17T07:00:00-00:00,2031-01-01T07:59:59-00:00,2017-08-17T00:00:00,2030-12-31T23:59:59
AS_SP15,LAGUBELL_6_N001,AS_SP15,,2009-03-31T07:00:00-00:00,2031-01-01T07:59:59-00:00,2009-03-31T00:00:00,2030-12-31T23:59:59
AS_SP15,LAGUBELL_6_N005,AS_SP15,,2009-03-31T07:00:00-00:00,2031-01-01T07:59:59-00:00,2009-03-31T00:00:00,2030-12-31T23:59:59
AS_SP15,LAGUBELL_6_N007,AS_SP15,,2012-03-22T07:00:00-00:00,2031-01-01T07:59:59-00:00,2012-03-22T00:00:00,2030-12-31T23:59:59
AS_SP15,LAGUBELL_6_N008,AS_SP15,,2025-05-13T07:00:00-00:00,2031-01-01T07:59:59-00:00,2025-05-13T00:00:00,2030-12-31T23:59:59
AS_SP15,LAGUBELL_6_N009,AS_SP15,,2025-05-13T07:00:00-00:00,2031-01-01T07:59:59-00:00,2025-05-13T00:00:00,2030-12-31T23:59:59
AS_SP15,LAGUBELL_6_N210,AS_SP15,,2009-03-31T07:00:00-00:00,2031-01-01T07:59:59-00:00,2009-03-31T00:00:00,2030-12-31T23:59:59
AS_SP15,LAGUBELL_6_N212,AS_SP15,,2025-05-13T07:00:00-00:00,2031-01-01T07:59:59-00:00,2025-05-13T00:00:00,2030-12-31T23:59:59
AS_SP15,LAGUBELL_6_N213,AS_SP15,,2025-05-13T07:00:00-00:00,2031-01-01T07:59:59-00:00,2025-05-13T00:00:00,2030-12-31T23:59:59
AS_SP15,LAJOLLA_6_N001,AS_SP15,,2009-03-31T07:00:00-00:00,2031-01-01T07:59:59-00:00,2009-03-31T00:00:00,2030-12-31T23:59:59
AS_SP15,LAJOLLA_6_N007,AS_SP15,,2009-03-31T07:00:00-00:00,2031-01-01T07:59:59-00:00,2009-03-31T00:00:00,2030-12-31T23:59:59
AS_SP15,LAKEVIEW_6_N101,AS_SP15,,2017-11-16T08:00:00-00:00,2031-01-01T07:59:59-00:00,2017-11-16T00:00:00,2030-12-31T23:59:59
AS_SP15,LAKEVIEW_7_N001,AS_SP15,,2025-05-16T07:00:00-00:00,2031-01-01T07:59:59-00:00,2025-05-16T00:00:00,2030-12-31T23:59:59
AS_SP15,LAKEVIEW_7_N002,AS_SP15,,2024-01-24T08:00:00-00:00,2031-01-01T07:59:59-00:00,2024-01-24T00:00:00,2030-12-31T23:59:59
AS_SP15,LALPAG_7_N002,AS_SP15,,2025-06-12T07:00:00-00:00,2031-01-01T07:59:59-00:00,2025-06-12T00:00:00,2030-12-31T23:59:59
AS_SP15,LAMONT_1_B4,AS_SP15,,2017-11-16T08:00:00-00:00,2031-01-01T07:59:59-00:00,2017-11-16T00:00:00,2030-12-31T23:59:59
AS_SP15,LAMONT_1_N001,AS_SP15,,2009-03-31T07:00:00-00:00,2031-01-01T07:59:59-00:00,2009-03-31T00:00:00,2030-12-31T23:59:59
AS_SP15,LAMONT_1_N002,AS_SP15,,2015-01-15T08:00:00-00:00,2031-01-01T07:59:59-00:00,2015-01-15T00:00:00,2030-12-31T23:59:59
AS_SP15,LANCSTR_6_N002,AS_SP15,,2013-11-21T08:00:00-00:00,2031-01-01T07:59:59-00:00,2013-11-21T00:00:00,2030-12-31T23:59:59
AS_SP15,LANCSTR_6_N030,AS_SP15,,2009-03-31T07:00:00-00:00,2031-01-01T07:59:59-00:00,2009-03-31T00:00:00,2030-12-31T23:59:59
AS_SP15,LANPRI_6_N001,AS_SP15,,2009-03-31T07:00:00-00:00,2031-01-01T07:59:59-00:00,2009-03-31T00:00:00,2030-12-31T23:59:59
AS_SP15,LAPLMG1_7_B2,AS_SP15,,2009-03-31T07:00:00-00:00,2031-01-01T07:59:59-00:00,2009-03-31T00:00:00,2030-12-31T23:59:59
AS_SP15,LAPLMG1_7_N001,AS_SP15,,2009-03-31T07:00:00-00:00,2031-01-01T07:59:59-00:00,2009-03-31T00:00:00,2030-12-31T23:59:59
AS_SP15,LAPLMG2_7_B2,AS_SP15,,2009-03-31T07:00:00-00:00,2031-01-01T07:59:59-00:00,2009-03-31T00:00:00,2030-12-31T23:59:59
AS_SP15,LAPLMG2_7_N001,AS_SP15,,2009-03-31T07:00:00-00:00,2031-01-01T07:59:59-00:00,2009-03-31T00:00:00,2030-12-31T23:59:59
AS_SP15,LAPLMG3_7_B2,AS_SP15,,2009-03-31T07:00:00-00:00,2031-01-01T07:59:59-00:00,2009-03-31T00:00:00,2030-12-31T23:59:59
AS_SP15,LAPLMG3_7_N001,AS_SP15,,2009-03-31T07:00:00-00:00,2031-01-01T07:59:59-00:00,2009-03-31T00:00:00,2030-12-31T23:59:59
AS_SP15,LAPLMG4_7_B2,AS_SP15,,2009-03-31T07:00:00-00:00,2031-01-01T07:59:59-00:00,2009-03-31T00:00:00,2030-12-31T23:59:59
AS_SP15,LAPLMG4_7_N001,AS_SP15,,2009-03-31T07:00:00-00:00,2031-01-01T07:59:59-00:00,2009-03-31T00:00:00,2030-12-31T23:59:59
AS_SP15,LAROA1_2_N001,AS_SP15,,2009-03-31T07:00:00-00:00,2031-01-01T07:59:59-00:00,2009-03-31T00:00:00,2030-12-31T23:59:59
AS_SP15,LAROA1_2_N005,AS_SP15,,2009-03-31T07:00:00-00:00,2031-01-01T07:59:59-00:00,2009-03-31T00:00:00,2030-12-31T23:59:59
AS_SP15,LAROA2CT_7_B1,AS_SP15,,2023-05-05T07:00:00-00:00,2031-01-01T07:59:59-00:00,2023-05-05T00:00:00,2030-12-31T23:59:59
AS_SP15,LAROA2CT_7_N002,AS_SP15,,2009-03-31T07:00:00-00:00,2031-01-01T07:59:59-00:00,2009-03-31T00:00:00,2030-12-31T23:59:59
AS_SP15,LAROA2ST_7_B1,AS_SP15,,2023-05-05T07:00:00-00:00,2031-01-01T07:59:59-00:00,2023-05-05T00:00:00,2030-12-31T23:59:59
AS_SP15,LAROA2ST_7_N002,AS_SP15,,2009-03-31T07:00:00-00:00,2031-01-01T07:59:59-00:00,2009-03-31T00:00:00,2030-12-31T23:59:59
AS_SP15,LAROA2_2_UNITA1-APND,AS_SP15,,2009-03-31T07:00:00-00:00,2031-01-01T07:59:59-00:00,2009-03-31T00:00:00,2030-12-31T23:59:59
AS_SP15,LASPULGS_6_N001,AS_SP15,,2009-03-31T07:00:00-00:00,2031-01-01T07:59:59-00:00,2009-03-31T00:00:00,2030-12-31T23:59:59
AS_SP15,LASPULGS_6_N009,AS_SP15,,2013-05-09T07:00:00-00:00,2031-01-01T07:59:59-00:00,2013-05-09T00:00:00,2030-12-31T23:59:59
AS_SP15,LBEACH1G_7_N001,AS_SP15,,2025-05-13T07:00:00-00:00,2031-01-01T07:59:59-00:00,2025-05-13T00:00:00,2030-12-31T23:59:59
AS_SP15,LBEACH2G_7_N001,AS_SP15,,2025-05-13T07:00:00-00:00,2031-01-01T07:59:59-00:00,2025-05-13T00:00:00,2030-12-31T23:59:59
AS_SP15,LBEACH2G_7_N002,AS_SP15,,2009-03-31T07:00:00-00:00,2031-01-01T07:59:59-00:00,2009-03-31T00:00:00,2030-12-31T23:59:59
AS_SP15,LBEACH3G_7_N001,AS_SP15,,2025-05-13T07:00:00-00:00,2031-01-01T07:59:59-00:00,2025-05-13T00:00:00,2030-12-31T23:59:59
AS_SP15,LBEACH4G_7_N001,AS_SP15,,2025-05-13T07:00:00-00:00,2031-01-01T07:59:59-00:00,2025-05-13T00:00:00,2030-12-31T23:59:59
AS_SP15,LC-MV_7_N001,AS_SP15,,2025-05-13T07:00:00-00:00,2031-01-01T07:59:59-00:00,2025-05-13T00:00:00,2030-12-31T23:59:59
AS_SP15,LCIENEGA_6_N001,AS_SP15,,2009-03-31T07:00:00-00:00,2031-01-01T07:59:59-00:00,2009-03-31T00:00:00,2030-12-31T23:59:59
AS_SP15,LCIENEGA_6_N005,AS_SP15,,2025-05-13T07:00:00-00:00,2031-01-01T07:59:59-00:00,2025-05-13T00:00:00,2030-12-31T23:59:59
AS_SP15,LCKHT1_7_N001,AS_SP15,,2025-05-13T07:00:00-00:00,2031-01-01T07:59:59-00:00,2025-05-13T00:00:00,2030-12-31T23:59:59
AS_SP15,LCKHT1_7_N003,AS_SP15,,2025-05-13T07:00:00-00:00,2031-01-01T07:59:59-00:00,2025-05-13T00:00:00,2030-12-31T23:59:59
AS_SP15,LCKHT1_7_N004,AS_SP15,,2025-05-13T07:00:00-00:00,2031-01-01T07:59:59-00:00,2025-05-13T00:00:00,2030-12-31T23:59:59
AS_SP15,LCKHT1_7_N005,AS_SP15,,2025-05-13T07:00:00-00:00,2031-01-01T07:59:59-00:00,2025-05-13T00:00:00,2030-12-31T23:59:59
AS_SP15,LCKHT1_7_N006,AS_SP15,,2025-10-15T07:00:00-00:00,2031-01-01T07:59:59-00:00,2025-10-15T00:00:00,2030-12-31T23:59:59
AS_SP15,LCKHT1_7_N008,AS_SP15,,2026-02-11T08:00:00-00:00,2031-01-01T07:59:59-00:00,2026-02-11T00:00:00,2030-12-31T23:59:59
AS_SP15,LCKHT1_7_NSR2,AS_SP15,,2025-05-13T07:00:00-00:00,2031-01-01T07:59:59-00:00,2025-05-13T00:00:00,2030-12-31T23:59:59
AS_SP15,LEBECCT1_7_B2,AS_SP15,,2023-05-05T07:00:00-00:00,2031-01-01T07:59:59-00:00,2023-05-05T00:00:00,2030-12-31T23:59:59
AS_SP15,LEBECCT1_7_N100,AS_SP15,,2009-03-31T07:00:00-00:00,2031-01-01T07:59:59-00:00,2009-03-31T00:00:00,2030-12-31T23:59:59
AS_SP15,LEBECCT2_7_B1,AS_SP15,,2023-05-05T07:00:00-00:00,2031-01-01T07:59:59-00:00,2023-05-05T00:00:00,2030-12-31T23:59:59
AS_SP15,LEBECCT4_7_B2,AS_SP15,,2023-05-05T07:00:00-00:00,2031-01-01T07:59:59-00:00,2023-05-05T00:00:00,2030-12-31T23:59:59
AS_SP15,LEBECCT4_7_N001,AS_SP15,,2009-03-31T07:00:00-00:00,2031-01-01T07:59:59-00:00,2009-03-31T00:00:00,2030-12-31T23:59:59
AS_SP15,LEBECST3_7_B1,AS_SP15,,2023-05-05T07:00:00-00:00,2031-01-01T07:59:59-00:00,2023-05-05T00:00:00,2030-12-31T23:59:59
AS_SP15,LEBECST5_7_B1,AS_SP15,,2023-05-05T07:00:00-00:00,2031-01-01T07:59:59-00:00,2023-05-05T00:00:00,2030-12-31T23:59:59
AS_SP15,LEBECS_2_UNITS-APND,AS_SP15,,2009-03-31T07:00:00-00:00,2031-01-01T07:59:59-00:00,2009-03-31T00:00:00,2030-12-31T23:59:59
AS_SP15,LEBEC_6_N001,AS_SP15,,2009-03-31T07:00:00-00:00,2031-01-01T07:59:59-00:00,2009-03-31T00:00:00,2030-12-31T23:59:59
AS_SP15,LEEVINE_1_N001,AS_SP15,,2018-08-23T07:00:00-00:00,2031-01-01T07:59:59-00:00,2018-08-23T00:00:00,2030-12-31T23:59:59
AS_SP15,LERDO_1_N001,AS_SP15,,2018-08-23T07:00:00-00:00,2031-01-01T07:59:59-00:00,2018-08-23T00:00:00,2030-12-31T23:59:59
AS_SP15,LERDO_1_N004,AS_SP15,,2018-08-23T07:00:00-00:00,2031-01-01T07:59:59-00:00,2018-08-23T00:00:00,2030-12-31T23:59:59
AS_SP15,LILAC_6_N001,AS_SP15,,2016-05-19T07:00:00-00:00,2031-01-01T07:59:59-00:00,2016-05-19T00:00:00,2030-12-31T23:59:59
AS_SP15,LILAC_6_N010,AS_SP15,,2016-05-19T07:00:00-00:00,2031-01-01T07:59:59-00:00,2016-05-19T00:00:00,2030-12-31T23:59:59
AS_SP15,LILAC_7_N003,AS_SP15,,2025-05-13T07:00:00-00:00,2031-01-01T07:59:59-00:00,2025-05-13T00:00:00,2030-12-31T23:59:59
AS_SP15,LITEHIPE_2_N001,AS_SP15,,2016-05-19T07:00:00-00:00,2031-01-01T07:59:59-00:00,2016-05-19T00:00:00,2030-12-31T23:59:59
AS_SP15,LITEHIPE_2_N041,AS_SP15,,2016-02-11T08:00:00-00:00,2031-01-01T07:59:59-00:00,2016-02-11T00:00:00,2030-12-31T23:59:59
AS_SP15,LITEHIPE_6_N001,AS_SP15,,2009-03-31T07:00:00-00:00,2031-01-01T07:59:59-00:00,2009-03-31T00:00:00,2030-12-31T23:59:59
AS_SP15,LITEHIPE_6_N006,AS_SP15,,2009-03-31T07:00:00-00:00,2031-01-01T07:59:59-00:00,2009-03-31T00:00:00,2030-12-31T23:59:59
AS_SP15,LITEHIPE_6_N008,AS_SP15,,2009-03-31T07:00:00-00:00,2031-01-01T07:59:59-00:00,2009-03-31T00:00:00,2030-12-31T23:59:59
AS_SP15,LITEHIPE_6_N009,AS_SP15,,2025-05-13T07:00:00-00:00,2031-01-01T07:59:59-00:00,2025-05-13T00:00:00,2030-12-31T23:59:59
AS_SP15,LITLRKC1_7_N002,AS_SP15,,2013-11-21T08:00:00-00:00,2031-01-01T07:59:59-00:00,2013-11-21T00:00:00,2030-12-31T23:59:59
AS_SP15,LITLRKC1_7_N003,AS_SP15,,2025-05-13T07:00:00-00:00,2031-01-01T07:59:59-00:00,2025-05-13T00:00:00,2030-12-31T23:59:59
AS_SP15,LITLRKC1_7_N004,AS_SP15,,2025-05-13T07:00:00-00:00,2031-01-01T07:59:59-00:00,2025-05-13T00:00:00,2030-12-31T23:59:59
AS_SP15,LITLRKC1_7_N005,AS_SP15,,2025-05-13T07:00:00-00:00,2031-01-01T07:59:59-00:00,2025-05-13T00:00:00,2030-12-31T23:59:59
AS_SP15,LITLRKC1_7_N007,AS_SP15,,2025-05-13T07:00:00-00:00,2031-01-01T07:59:59-00:00,2025-05-13T00:00:00,2030-12-31T23:59:59
AS_SP15,LITTLERK_6_N001,AS_SP15,,2013-11-21T08:00:00-00:00,2031-01-01T07:59:59-00:00,2013-11-21T00:00:00,2030-12-31T23:59:59
AS_SP15,LITTLERK_6_N016,AS_SP15,,2025-05-13T07:00:00-00:00,2031-01-01T07:59:59-00:00,2025-05-13T00:00:00,2030-12-31T23:59:59
AS_SP15,LITTLERK_6_N019,AS_SP15,,2025-05-13T07:00:00-00:00,2031-01-01T07:59:59-00:00,2025-05-13T00:00:00,2030-12-31T23:59:59
AS_SP15,LKHODG1_7_N001,AS_SP15,,2009-03-31T07:00:00-00:00,2031-01-01T07:59:59-00:00,2009-03-31T00:00:00,2030-12-31T23:59:59
AS_SP15,LKHODG1_7_N002,AS_SP15,,2023-05-05T07:00:00-00:00,2031-01-01T07:59:59-00:00,2023-05-05T00:00:00,2030-12-31T23:59:59
AS_SP15,LKHODG2_7_N001,AS_SP15,,2009-03-31T07:00:00-00:00,2031-01-01T07:59:59-00:00,2009-03-31T00:00:00,2030-12-31T23:59:59
AS_SP15,LKHODG2_7_N002,AS_SP15,,2023-05-05T07:00:00-00:00,2031-01-01T07:59:59-00:00,2023-05-05T00:00:00,2030-12-31T23:59:59
AS_SP15,LNCSTRC1_7_N002,AS_SP15,,2025-05-13T07:00:00-00:00,2031-01-01T07:59:59-00:00,2025-05-13T00:00:00,2030-12-31T23:59:59
AS_SP15,LNCSTRC1_7_N003,AS_SP15,,2025-05-13T07:00:00-00:00,2031-01-01T07:59:59-00:00,2025-05-13T00:00:00,2030-12-31T23:59:59
AS_SP15,LNCSTRC1_7_N004,AS_SP15,,2017-05-18T07:00:00-00:00,2031-01-01T07:59:59-00:00,2017-05-18T00:00:00,2030-12-31T23:59:59
AS_SP15,LNCSTR_7_NODE1,AS_SP15,,2023-05-05T07:00:00-00:00,2031-01-01T07:59:59-00:00,2023-05-05T00:00:00,2030-12-31T23:59:59
AS_SP15,LNGBATGN_7_CN3,AS_SP15,,2024-08-28T07:00:00-00:00,2031-01-01T07:59:59-00:00,2024-08-28T00:00:00,2030-12-31T23:59:59
AS_SP15,LNGBATGN_7_N001,AS_SP15,,2025-05-13T07:00:00-00:00,2031-01-01T07:59:59-00:00,2025-05-13T00:00:00,2030-12-31T23:59:59
AS_SP15,LOR-BOR_6_N001,AS_SP15,,2009-03-31T07:00:00-00:00,2031-01-01T07:59:59-00:00,2009-03-31T00:00:00,2030-12-31T23:59:59
AS_SP15,LOR-BOR_6_N002,AS_SP15,,2023-05-05T07:00:00-00:00,2031-01-01T07:59:59-00:00,2023-05-05T00:00:00,2030-12-31T23:59:59
AS_SP15,LOSCOCHS_6_N001,AS_SP15,,2017-05-18T07:00:00-00:00,2031-01-01T07:59:59-00:00,2017-05-18T00:00:00,2030-12-31T23:59:59
AS_SP15,LOSCOCHS_6_N034,AS_SP15,,2018-02-22T08:00:00-00:00,2031-01-01T07:59:59-00:00,2018-02-22T00:00:00,2030-12-31T23:59:59
AS_SP15,LOSCOCHS_6_N050,AS_SP15,,2016-05-19T07:00:00-00:00,2031-01-01T07:59:59-00:00,2016-05-19T00:00:00,2030-12-31T23:59:59
AS_SP15,LOVELAND_6_N001,AS_SP15,,2009-03-31T07:00:00-00:00,2031-01-01T07:59:59-00:00,2009-03-31T00:00:00,2030-12-31T23:59:59
AS_SP15,LSCM92_7_N005,AS_SP15,,2025-05-13T07:00:00-00:00,2031-01-01T07:59:59-00:00,2025-05-13T00:00:00,2030-12-31T23:59:59
AS_SP15,LSCM92_7_N007,AS_SP15,,2013-11-21T08:00:00-00:00,2031-01-01T07:59:59-00:00,2013-11-21T00:00:00,2030-12-31T23:59:59
AS_SP15,LSQ855_7_N001,AS_SP15,,2025-05-13T07:00:00-00:00,2031-01-01T07:59:59-00:00,2025-05-13T00:00:00,2030-12-31T23:59:59
AS_SP15,LSTHLLS_6_N001,AS_SP15,,2009-03-31T07:00:00-00:00,2031-01-01T07:59:59-00:00,2009-03-31T00:00:00,2030-12-31T23:59:59
AS_SP15,LTHRNECK_1_N001,AS_SP15,,2012-12-19T08:00:00-00:00,2031-01-01T07:59:59-00:00,2012-12-19T00:00:00,2030-12-31T23:59:59
AS_SP15,LUNDY_7_N003,AS_SP15,,2023-11-15T08:00:00-00:00,2031-01-01T07:59:59-00:00,2023-11-15T00:00:00,2030-12-31T23:59:59
AS_SP15,LUZ8G_7_B1,AS_SP15,,2009-03-31T07:00:00-00:00,2031-01-01T07:59:59-00:00,2009-03-31T00:00:00,2030-12-31T23:59:59
AS_SP15,LUZ9G_7_B1,AS_SP15,,2009-03-31T07:00:00-00:00,2031-01-01T07:59:59-00:00,2009-03-31T00:00:00,2030-12-31T23:59:59
AS_SP15,MAGUNDEN_1_N002,AS_SP15,,2009-03-31T07:00:00-00:00,2031-01-01T07:59:59-00:00,2009-03-31T00:00:00,2030-12-31T23:59:59
AS_SP15,MAGUNDEN_1_N005,AS_SP15,,2025-05-13T07:00:00-00:00,2031-01-01T07:59:59-00:00,2025-05-13T00:00:00,2030-12-31T23:59:59
AS_SP15,MAGUNDEN_1_N006,AS_SP15,,2025-05-13T07:00:00-00:00,2031-01-01T07:59:59-00:00,2025-05-13T00:00:00,2030-12-31T23:59:59
AS_SP15,MAGUNDEN_2_B1,AS_SP15,,2017-08-17T07:00:00-00:00,2031-01-01T07:59:59-00:00,2017-08-17T00:00:00,2030-12-31T23:59:59
AS_SP15,MAGUNDN_7_N003,AS_SP15,,2018-02-22T08:00:00-00:00,2031-01-01T07:59:59-00:00,2018-02-22T00:00:00,2030-12-31T23:59:59
AS_SP15,MALAGA_1_ACDBX2-APND,AS_SP15,,2024-10-01T07:00:00-00:00,2031-01-01T07:59:59-00:00,2024-10-01T00:00:00,2030-12-31T23:59:59
AS_SP15,MALBRG1G_7_B1,AS_SP15,,2009-03-31T07:00:00-00:00,2031-01-01T07:59:59-00:00,2009-03-31T00:00:00,2030-12-31T23:59:59
AS_SP15,MALBRG2G_7_B1,AS_SP15,,2009-03-31T07:00:00-00:00,2031-01-01T07:59:59-00:00,2009-03-31T00:00:00,2030-12-31T23:59:59
AS_SP15,MALBRG3G_7_B1,AS_SP15,,2009-03-31T07:00:00-00:00,2031-01-01T07:59:59-00:00,2009-03-31T00:00:00,2030-12-31T23:59:59
AS_SP15,MAMOTH1G_7_B1,AS_SP15,,2009-03-31T07:00:00-00:00,2031-01-01T07:59:59-00:00,2009-03-31T00:00:00,2030-12-31T23:59:59
AS_SP15,MAMOTH2G_7_B1,AS_SP15,,2009-03-31T07:00:00-00:00,2031-01-01T07:59:59-00:00,2009-03-31T00:00:00,2030-12-31T23:59:59
AS_SP15,MANDLY1G_7_N002,AS_SP15,,2009-03-31T07:00:00-00:00,2031-01-01T07:59:59-00:00,2009-03-31T00:00:00,2030-12-31T23:59:59
AS_SP15,MANDLY2G_7_N002,AS_SP15,,2009-03-31T07:00:00-00:00,2031-01-01T07:59:59-00:00,2009-03-31T00:00:00,2030-12-31T23:59:59
AS_SP15,MANDLY3G_7_N001,AS_SP15,,2009-03-31T07:00:00-00:00,2031-01-01T07:59:59-00:00,2009-03-31T00:00:00,2030-12-31T23:59:59
AS_SP15,MANVILLE_1_N001,AS_SP15,,2017-11-16T08:00:00-00:00,2031-01-01T07:59:59-00:00,2017-11-16T00:00:00,2030-12-31T23:59:59
AS_SP15,MANZNA_2_WIND-APND,AS_SP15,,2025-11-15T08:00:00-00:00,2031-01-01T07:59:59-00:00,2025-11-15T00:00:00,2030-12-31T23:59:59
AS_SP15,MANZNA_7_N009,AS_SP15,,2025-05-13T07:00:00-00:00,2031-01-01T07:59:59-00:00,2025-05-13T00:00:00,2030-12-31T23:59:59
AS_SP15,MANZNA_7_N011,AS_SP15,,2025-06-12T07:00:00-00:00,2031-01-01T07:59:59-00:00,2025-06-12T00:00:00,2030-12-31T23:59:59
AS_SP15,MANZNA_7_N012,AS_SP15,,2025-06-12T07:00:00-00:00,2031-01-01T07:59:59-00:00,2025-06-12T00:00:00,2030-12-31T23:59:59
AS_SP15,MARASCHI_1_N007,AS_SP15,,2018-08-23T07:00:00-00:00,2031-01-01T07:59:59-00:00,2018-08-23T00:00:00,2030-12-31T23:59:59
AS_SP15,MARASCHI_1_N008,AS_SP15,,2017-05-18T07:00:00-00:00,2031-01-01T07:59:59-00:00,2017-05-18T00:00:00,2030-12-31T23:59:59
AS_SP15,MARGARTA_1_N001,AS_SP15,,2009-03-31T07:00:00-00:00,2031-01-01T07:59:59-00:00,2009-03-31T00:00:00,2030-12-31T23:59:59
AS_SP15,MARGARTA_1_N002,AS_SP15,,2009-03-31T07:00:00-00:00,2031-01-01T07:59:59-00:00,2009-03-31T00:00:00,2030-12-31T23:59:59
AS_SP15,MARGARTA_1_N008,AS_SP15,,2009-03-31T07:00:00-00:00,2031-01-01T07:59:59-00:00,2009-03-31T00:00:00,2030-12-31T23:59:59
AS_SP15,MARGARTA_1_N009,AS_SP15,,2009-03-31T07:00:00-00:00,2031-01-01T07:59:59-00:00,2009-03-31T00:00:00,2030-12-31T23:59:59
AS_SP15,MARICOPA_6_N001,AS_SP15,,2009-03-31T07:00:00-00:00,2031-01-01T07:59:59-00:00,2009-03-31T00:00:00,2030-12-31T23:59:59
AS_SP15,MARVEL_2_MARBX2-APND,AS_SP15,,2023-04-30T07:00:00-00:00,2031-01-01T07:59:59-00:00,2023-04-30T00:00:00,2030-12-31T23:59:59
AS_SP15,MARVEL_7_NBT1,AS_SP15,,2022-11-16T08:00:00-00:00,2031-01-01T07:59:59-00:00,2022-11-16T00:00:00,2030-12-31T23:59:59
AS_SP15,MARVEL_7_NBT2,AS_SP15,,2022-11-16T08:00:00-00:00,2031-01-01T07:59:59-00:00,2022-11-16T00:00:00,2030-12-31T23:59:59
AS_SP15,MARVEL_7_NBT3,AS_SP15,,2025-05-13T07:00:00-00:00,2031-01-01T07:59:59-00:00,2025-05-13T00:00:00,2030-12-31T23:59:59
AS_SP15,MAXWELL_1_N005,AS_SP15,,2018-08-23T07:00:00-00:00,2031-01-01T07:59:59-00:00,2018-08-23T00:00:00,2030-12-31T23:59:59
AS_SP15,MAXWELL_1_N006,AS_SP15,,2018-08-23T07:00:00-00:00,2031-01-01T07:59:59-00:00,2018-08-23T00:00:00,2030-12-31T23:59:59
AS_SP15,MCFLND_5_MBSBX2-APND,AS_SP15,,2024-07-24T07:00:00-00:00,2031-01-01T07:59:59-00:00,2024-07-24T00:00:00,2030-12-31T23:59:59
AS_SP15,MCFLND_7_N009,AS_SP15,,2024-07-10T07:00:00-00:00,2031-01-01T07:59:59-00:00,2024-07-10T00:00:00,2030-12-31T23:59:59
AS_SP15,MCFLND_7_N010,AS_SP15,,2024-07-10T07:00:00-00:00,2031-01-01T07:59:59-00:00,2024-07-10T00:00:00,2030-12-31T23:59:59
AS_SP15,MCFLND_7_N012,AS_SP15,,2025-05-13T07:00:00-00:00,2031-01-01T07:59:59-00:00,2025-05-13T00:00:00,2030-12-31T23:59:59
AS_SP15,MCFLND_7_ND001,AS_SP15,,2025-05-13T07:00:00-00:00,2031-01-01T07:59:59-00:00,2025-05-13T00:00:00,2030-12-31T23:59:59
AS_SP15,MCFLND_7_ND002,AS_SP15,,2025-05-13T07:00:00-00:00,2031-01-01T07:59:59-00:00,2025-05-13T00:00:00,2030-12-31T23:59:59
AS_SP15,MCFRLND_6_N001,AS_SP15,,2017-11-16T08:00:00-00:00,2031-01-01T07:59:59-00:00,2017-11-16T00:00:00,2030-12-31T23:59:59
AS_SP15,MCFRLND_6_N005,AS_SP15,,2017-11-16T08:00:00-00:00,2031-01-01T07:59:59-00:00,2017-11-16T00:00:00,2030-12-31T23:59:59
AS_SP15,MCGPKGEN_7_B1,AS_SP15,,2025-05-13T07:00:00-00:00,2031-01-01T07:59:59-00:00,2025-05-13T00:00:00,2030-12-31T23:59:59
AS_SP15,MCKTTRCK_6_N002,AS_SP15,,2017-08-17T07:00:00-00:00,2031-01-01T07:59:59-00:00,2017-08-17T00:00:00,2030-12-31T23:59:59
AS_SP15,MDWYPS_6_N001,AS_SP15,,2017-11-16T08:00:00-00:00,2031-01-01T07:59:59-00:00,2017-11-16T00:00:00,2030-12-31T23:59:59
AS_SP15,MELROSE_6_N001,AS_SP15,,2009-03-31T07:00:00-00:00,2031-01-01T07:59:59-00:00,2009-03-31T00:00:00,2030-12-31T23:59:59
AS_SP15,MELROSE_6_N004,AS_SP15,,2009-03-31T07:00:00-00:00,2031-01-01T07:59:59-00:00,2009-03-31T00:00:00,2030-12-31T23:59:59
AS_SP15,MELROSE_6_N005,AS_SP15,,2009-03-31T07:00:00-00:00,2031-01-01T07:59:59-00:00,2009-03-31T00:00:00,2030-12-31T23:59:59
AS_SP15,MELROSE_6_N009,AS_SP15,,2009-03-31T07:00:00-00:00,2031-01-01T07:59:59-00:00,2009-03-31T00:00:00,2030-12-31T23:59:59
AS_SP15,MELROSE_7_N002,AS_SP15,,2025-05-13T07:00:00-00:00,2031-01-01T07:59:59-00:00,2025-05-13T00:00:00,2030-12-31T23:59:59
AS_SP15,MELROSE_7_N003,AS_SP15,,2025-05-13T07:00:00-00:00,2031-01-01T07:59:59-00:00,2025-05-13T00:00:00,2030-12-31T23:59:59
AS_SP15,MENTONE_1_N005,AS_SP15,,2018-08-23T07:00:00-00:00,2031-01-01T07:59:59-00:00,2018-08-23T00:00:00,2030-12-31T23:59:59
AS_SP15,MERCHNTS_2_N040,AS_SP15,,2012-12-19T08:00:00-00:00,2031-01-01T07:59:59-00:00,2012-12-19T00:00:00,2030-12-31T23:59:59
AS_SP15,MERCHNTS_2_N041,AS_SP15,,2012-12-19T08:00:00-00:00,2031-01-01T07:59:59-00:00,2012-12-19T00:00:00,2030-12-31T23:59:59
AS_SP15,MERCHNTS_2_N044,AS_SP15,,2016-05-19T07:00:00-00:00,2031-01-01T07:59:59-00:00,2016-05-19T00:00:00,2030-12-31T23:59:59
AS_SP15,MESA-PGE_1_N036,AS_SP15,,2025-05-13T07:00:00-00:00,2031-01-01T07:59:59-00:00,2025-05-13T00:00:00,2030-12-31T23:59:59
AS_SP15,MESACAL_6_N001,AS_SP15,,2009-03-31T07:00:00-00:00,2031-01-01T07:59:59-00:00,2009-03-31T00:00:00,2030-12-31T23:59:59
AS_SP15,MESACAL_6_N004,AS_SP15,,2009-03-31T07:00:00-00:00,2031-01-01T07:59:59-00:00,2009-03-31T00:00:00,2030-12-31T23:59:59
AS_SP15,MESAHGTS_6_LN001,AS_SP15,,2023-06-14T07:00:00-00:00,2031-01-01T07:59:59-00:00,2023-06-14T00:00:00,2030-12-31T23:59:59
AS_SP15,MESAHGTS_6_N001,AS_SP15,,2013-05-09T07:00:00-00:00,2031-01-01T07:59:59-00:00,2013-05-09T00:00:00,2030-12-31T23:59:59
AS_SP15,MESAHGTS_6_N007,AS_SP15,,2013-05-09T07:00:00-00:00,2031-01-01T07:59:59-00:00,2013-05-09T00:00:00,2030-12-31T23:59:59
AS_SP15,MESAHGTS_6_N011,AS_SP15,,2025-05-13T07:00:00-00:00,2031-01-01T07:59:59-00:00,2025-05-13T00:00:00,2030-12-31T23:59:59
AS_SP15,MESAHGTS_7_NBT1,AS_SP15,,2023-06-14T07:00:00-00:00,2031-01-01T07:59:59-00:00,2023-06-14T00:00:00,2030-12-31T23:59:59
AS_SP15,MESAPGE_2_LN001,AS_SP15,,2017-08-17T07:00:00-00:00,2031-01-01T07:59:59-00:00,2017-08-17T00:00:00,2030-12-31T23:59:59
AS_SP15,MESARIM_6_GN001,AS_SP15,,2009-11-03T08:00:00-00:00,2031-01-01T07:59:59-00:00,2009-11-03T00:00:00,2030-12-31T23:59:59
AS_SP15,MESARIM_6_N001,AS_SP15,,2009-03-31T07:00:00-00:00,2031-01-01T07:59:59-00:00,2009-03-31T00:00:00,2030-12-31T23:59:59
AS_SP15,MESARIM_6_N007,AS_SP15,,2009-03-31T07:00:00-00:00,2031-01-01T07:59:59-00:00,2009-03-31T00:00:00,2030-12-31T23:59:59
AS_SP15,MESARIM_6_N008,AS_SP15,,2009-03-31T07:00:00-00:00,2031-01-01T07:59:59-00:00,2009-03-31T00:00:00,2030-12-31T23:59:59
AS_SP15,MESARIM_6_N012,AS_SP15,,2009-03-31T07:00:00-00:00,2031-01-01T07:59:59-00:00,2009-03-31T00:00:00,2030-12-31T23:59:59
AS_SP15,MESAS_7_N001,AS_SP15,,2025-05-13T07:00:00-00:00,2031-01-01T07:59:59-00:00,2025-05-13T00:00:00,2030-12-31T23:59:59
AS_SP15,MESAS_7_NYOR,AS_SP15,,2025-05-13T07:00:00-00:00,2031-01-01T07:59:59-00:00,2025-05-13T00:00:00,2030-12-31T23:59:59
AS_SP15,MESQSLR2_7_N002,AS_SP15,,2016-05-19T07:00:00-00:00,2031-01-01T07:59:59-00:00,2016-05-19T00:00:00,2030-12-31T23:59:59
AS_SP15,MHVSPHN_1_N101,AS_SP15,,2009-03-31T07:00:00-00:00,2031-01-01T07:59:59-00:00,2009-03-31T00:00:00,2030-12-31T23:59:59
AS_SP15,MIDWAY_1_N047,AS_SP15,,2017-08-17T07:00:00-00:00,2031-01-01T07:59:59-00:00,2017-08-17T00:00:00,2030-12-31T23:59:59
AS_SP15,MIDWAY_1_N084,AS_SP15,,2025-06-12T07:00:00-00:00,2031-01-01T07:59:59-00:00,2025-06-12T00:00:00,2030-12-31T23:59:59
AS_SP15,MIDWAY_1_N085,AS_SP15,,2025-06-12T07:00:00-00:00,2031-01-01T07:59:59-00:00,2025-06-12T00:00:00,2030-12-31T23:59:59
AS_SP15,MIDWAY_2_B1,AS_SP15,,2017-08-17T07:00:00-00:00,2031-01-01T07:59:59-00:00,2017-08-17T00:00:00,2030-12-31T23:59:59
AS_SP15,MIDWIND _6_GN001,AS_SP15,,2023-05-05T07:00:00-00:00,2031-01-01T07:59:59-00:00,2023-05-05T00:00:00,2030-12-31T23:59:59
AS_SP15,MIDWIND_6_N001,AS_SP15,,2009-03-31T07:00:00-00:00,2031-01-01T07:59:59-00:00,2009-03-31T00:00:00,2030-12-31T23:59:59
AS_SP15,MIDWIND_6_N003,AS_SP15,,2023-05-05T07:00:00-00:00,2031-01-01T07:59:59-00:00,2023-05-05T00:00:00,2030-12-31T23:59:59
AS_SP15,MIDWIND_6_N004,AS_SP15,,2023-05-05T07:00:00-00:00,2031-01-01T07:59:59-00:00,2023-05-05T00:00:00,2030-12-31T23:59:59
AS_SP15,MIDWIND_6_N005,AS_SP15,,2023-05-05T07:00:00-00:00,2031-01-01T07:59:59-00:00,2023-05-05T00:00:00,2030-12-31T23:59:59
AS_SP15,MIRALOMA_6_GN001,AS_SP15,,2010-11-01T07:00:00-00:00,2031-01-01T07:59:59-00:00,2010-11-01T00:00:00,2030-12-31T23:59:59
AS_SP15,MIRALOMA_6_N001,AS_SP15,,2009-03-31T07:00:00-00:00,2031-01-01T07:59:59-00:00,2009-03-31T00:00:00,2030-12-31T23:59:59
AS_SP15,MIRALOMA_6_N002,AS_SP15,,2009-03-31T07:00:00-00:00,2031-01-01T07:59:59-00:00,2009-03-31T00:00:00,2030-12-31T23:59:59
AS_SP15,MIRALOMA_6_N007,AS_SP15,,2025-05-13T07:00:00-00:00,2031-01-01T07:59:59-00:00,2025-05-13T00:00:00,2030-12-31T23:59:59
AS_SP15,MIRALOMA_6_N009,AS_SP15,,2025-05-13T07:00:00-00:00,2031-01-01T07:59:59-00:00,2025-05-13T00:00:00,2030-12-31T23:59:59
AS_SP15,MIRALOMA_6_N010,AS_SP15,,2025-05-13T07:00:00-00:00,2031-01-01T07:59:59-00:00,2025-05-13T00:00:00,2030-12-31T23:59:59
AS_SP15,MIRALOMA_6_N012,AS_SP15,,2012-03-22T07:00:00-00:00,2031-01-01T07:59:59-00:00,2012-03-22T00:00:00,2030-12-31T23:59:59
AS_SP15,MIRALOMA_6_N013,AS_SP15,,2012-03-22T07:00:00-00:00,2031-01-01T07:59:59-00:00,2012-03-22T00:00:00,2030-12-31T23:59:59
AS_SP15,MIRALOMA_6_N014,AS_SP15,,2025-05-13T07:00:00-00:00,2031-01-01T07:59:59-00:00,2025-05-13T00:00:00,2030-12-31T23:59:59
AS_SP15,MIRALOMA_6_N207,AS_SP15,,2025-05-13T07:00:00-00:00,2031-01-01T07:59:59-00:00,2025-05-13T00:00:00,2030-12-31T23:59:59
AS_SP15,MIRALOMA_6_N208,AS_SP15,,2025-05-13T07:00:00-00:00,2031-01-01T07:59:59-00:00,2025-05-13T00:00:00,2030-12-31T23:59:59
AS_SP15,MIRALOMA_6_N209,AS_SP15,,2025-05-13T07:00:00-00:00,2031-01-01T07:59:59-00:00,2025-05-13T00:00:00,2030-12-31T23:59:59
AS_SP15,MIRALOMA_6_N210,AS_SP15,,2026-02-11T08:00:00-00:00,2031-01-01T07:59:59-00:00,2026-02-11T00:00:00,2030-12-31T23:59:59
AS_SP15,MIRALOM_2_N260,AS_SP15,,2015-07-23T07:00:00-00:00,2031-01-01T07:59:59-00:00,2015-07-23T00:00:00,2030-12-31T23:59:59
AS_SP15,MIRAMAR1_6_B1,AS_SP15,,2017-08-17T07:00:00-00:00,2031-01-01T07:59:59-00:00,2017-08-17T00:00:00,2030-12-31T23:59:59
AS_SP15,MIRAMAR_6_N001,AS_SP15,,2009-03-31T07:00:00-00:00,2031-01-01T07:59:59-00:00,2009-03-31T00:00:00,2030-12-31T23:59:59
AS_SP15,MIRAMAR_6_N004,AS_SP15,,2009-03-31T07:00:00-00:00,2031-01-01T07:59:59-00:00,2009-03-31T00:00:00,2030-12-31T23:59:59
AS_SP15,MIRAMAR_6_N017,AS_SP15,,2009-03-31T07:00:00-00:00,2031-01-01T07:59:59-00:00,2009-03-31T00:00:00,2030-12-31T23:59:59
AS_SP15,MIRAMREF_7_B1,AS_SP15,,2009-03-31T07:00:00-00:00,2031-01-01T07:59:59-00:00,2009-03-31T00:00:00,2030-12-31T23:59:59
AS_SP15,MIRASNTO_6_N001,AS_SP15,,2014-11-13T08:00:00-00:00,2031-01-01T07:59:59-00:00,2014-11-13T00:00:00,2030-12-31T23:59:59
AS_SP15,MIRASNTO_6_N002,AS_SP15,,2014-11-13T08:00:00-00:00,2031-01-01T07:59:59-00:00,2014-11-13T00:00:00,2030-12-31T23:59:59
AS_SP15,MISSION_2_N035,AS_SP15,,2025-05-13T07:00:00-00:00,2031-01-01T07:59:59-00:00,2025-05-13T00:00:00,2030-12-31T23:59:59
AS_SP15,MISSION_6_N001,AS_SP15,,2009-03-31T07:00:00-00:00,2031-01-01T07:59:59-00:00,2009-03-31T00:00:00,2030-12-31T23:59:59
AS_SP15,MISSION_6_N031,AS_SP15,,2010-02-24T08:00:00-00:00,2031-01-01T07:59:59-00:00,2010-02-24T00:00:00,2030-12-31T23:59:59
AS_SP15,MISSION_6_N040,AS_SP15,,2009-03-31T07:00:00-00:00,2031-01-01T07:59:59-00:00,2009-03-31T00:00:00,2030-12-31T23:59:59
AS_SP15,MISSION_6_N049,AS_SP15,,2009-03-31T07:00:00-00:00,2031-01-01T07:59:59-00:00,2009-03-31T00:00:00,2030-12-31T23:59:59
AS_SP15,MISSION_6_N050,AS_SP15,,2009-06-25T07:00:00-00:00,2031-01-01T07:59:59-00:00,2009-06-25T00:00:00,2030-12-31T23:59:59
AS_SP15,MISSION_6_N051,AS_SP15,,2009-06-25T07:00:00-00:00,2031-01-01T07:59:59-00:00,2009-06-25T00:00:00,2030-12-31T23:59:59
AS_SP15,MISSION_6_N052,AS_SP15,,2009-06-25T07:00:00-00:00,2031-01-01T07:59:59-00:00,2009-06-25T00:00:00,2030-12-31T23:59:59
AS_SP15,MISSION_6_N053,AS_SP15,,2009-06-25T07:00:00-00:00,2031-01-01T07:59:59-00:00,2009-06-25T00:00:00,2030-12-31T23:59:59
AS_SP15,MISSION_6_N054,AS_SP15,,2009-06-25T07:00:00-00:00,2031-01-01T07:59:59-00:00,2009-06-25T00:00:00,2030-12-31T23:59:59
AS_SP15,MISSION_6_N055,AS_SP15,,2009-06-25T07:00:00-00:00,2031-01-01T07:59:59-00:00,2009-06-25T00:00:00,2030-12-31T23:59:59
AS_SP15,MISSION_6_N056,AS_SP15,,2009-06-25T07:00:00-00:00,2031-01-01T07:59:59-00:00,2009-06-25T00:00:00,2030-12-31T23:59:59
AS_SP15,MISSION_6_N057,AS_SP15,,2009-06-25T07:00:00-00:00,2031-01-01T07:59:59-00:00,2009-06-25T00:00:00,2030-12-31T23:59:59
AS_SP15,MOCO_6_N001,AS_SP15,,2009-03-31T07:00:00-00:00,2031-01-01T07:59:59-00:00,2009-03-31T00:00:00,2030-12-31T23:59:59
AS_SP15,MONLTS12_7_N003,AS_SP15,,2017-05-18T07:00:00-00:00,2031-01-01T07:59:59-00:00,2017-05-18T00:00:00,2030-12-31T23:59:59
AS_SP15,MONLTS12_7_N004,AS_SP15,,2017-05-18T07:00:00-00:00,2031-01-01T07:59:59-00:00,2017-05-18T00:00:00,2030-12-31T23:59:59
AS_SP15,MONLTS12_7_N005,AS_SP15,,2017-05-18T07:00:00-00:00,2031-01-01T07:59:59-00:00,2017-05-18T00:00:00,2030-12-31T23:59:59
AS_SP15,MONLTS12_7_N006,AS_SP15,,2017-05-18T07:00:00-00:00,2031-01-01T07:59:59-00:00,2017-05-18T00:00:00,2030-12-31T23:59:59
AS_SP15,MONOLITH_6_N029,AS_SP15,,2009-03-31T07:00:00-00:00,2031-01-01T07:59:59-00:00,2009-03-31T00:00:00,2030-12-31T23:59:59
AS_SP15,MONOLITH_6_N101,AS_SP15,,2009-03-31T07:00:00-00:00,2031-01-01T07:59:59-00:00,2009-03-31T00:00:00,2030-12-31T23:59:59
AS_SP15,MONOLITH_6_N102,AS_SP15,,2012-12-19T08:00:00-00:00,2031-01-01T07:59:59-00:00,2012-12-19T00:00:00,2030-12-31T23:59:59
AS_SP15,MONSRATE_6_N001,AS_SP15,,2009-03-31T07:00:00-00:00,2031-01-01T07:59:59-00:00,2009-03-31T00:00:00,2030-12-31T23:59:59
AS_SP15,MONSRATE_6_N007,AS_SP15,,2009-03-31T07:00:00-00:00,2031-01-01T07:59:59-00:00,2009-03-31T00:00:00,2030-12-31T23:59:59
AS_SP15,MONTGMRY_6_N001,AS_SP15,,2009-03-31T07:00:00-00:00,2031-01-01T07:59:59-00:00,2009-03-31T00:00:00,2030-12-31T23:59:59
AS_SP15,MONTGMRY_6_N002,AS_SP15,,2009-03-31T07:00:00-00:00,2031-01-01T07:59:59-00:00,2009-03-31T00:00:00,2030-12-31T23:59:59
AS_SP15,MOORPARK_2_B1,AS_SP15,,2017-08-17T07:00:00-00:00,2031-01-01T07:59:59-00:00,2017-08-17T00:00:00,2030-12-31T23:59:59
AS_SP15,MOORPARK_2_LN001,AS_SP15,,2010-06-17T07:00:00-00:00,2031-01-01T07:59:59-00:00,2010-06-17T00:00:00,2030-12-31T23:59:59
AS_SP15,MOORPARK_2_N062,AS_SP15,,2013-11-21T08:00:00-00:00,2031-01-01T07:59:59-00:00,2013-11-21T00:00:00,2030-12-31T23:59:59
AS_SP15,MOORPARK_6_GN010,AS_SP15,,2025-05-13T07:00:00-00:00,2031-01-01T07:59:59-00:00,2025-05-13T00:00:00,2030-12-31T23:59:59
AS_SP15,MOORPARK_6_N001,AS_SP15,,2009-03-31T07:00:00-00:00,2031-01-01T07:59:59-00:00,2009-03-31T00:00:00,2030-12-31T23:59:59
AS_SP15,MOORPARK_6_N005,AS_SP15,,2025-05-13T07:00:00-00:00,2031-01-01T07:59:59-00:00,2025-05-13T00:00:00,2030-12-31T23:59:59
AS_SP15,MOORPARK_6_N008,AS_SP15,,2009-03-31T07:00:00-00:00,2031-01-01T07:59:59-00:00,2009-03-31T00:00:00,2030-12-31T23:59:59
AS_SP15,MOORPARK_6_N069,AS_SP15,,2025-05-13T07:00:00-00:00,2031-01-01T07:59:59-00:00,2025-05-13T00:00:00,2030-12-31T23:59:59
AS_SP15,MORGAN_1_N001,AS_SP15,,2017-11-16T08:00:00-00:00,2031-01-01T07:59:59-00:00,2017-11-16T00:00:00,2030-12-31T23:59:59
AS_SP15,MOROHILL_6_N001,AS_SP15,,2009-03-31T07:00:00-00:00,2031-01-01T07:59:59-00:00,2009-03-31T00:00:00,2030-12-31T23:59:59
AS_SP15,MORROBY_1_N001,AS_SP15,,2009-03-31T07:00:00-00:00,2031-01-01T07:59:59-00:00,2009-03-31T00:00:00,2030-12-31T23:59:59
AS_SP15,MORWIND_6_N001,AS_SP15,,2009-03-31T07:00:00-00:00,2031-01-01T07:59:59-00:00,2009-03-31T00:00:00,2030-12-31T23:59:59
AS_SP15,MPBBT5_7_CN1,AS_SP15,,2025-05-13T07:00:00-00:00,2031-01-01T07:59:59-00:00,2025-05-13T00:00:00,2030-12-31T23:59:59
AS_SP15,MRCHNT13_7_N001,AS_SP15,,2023-05-05T07:00:00-00:00,2031-01-01T07:59:59-00:00,2023-05-05T00:00:00,2030-12-31T23:59:59
AS_SP15,MRCHNT13_7_N002,AS_SP15,,2023-05-05T07:00:00-00:00,2031-01-01T07:59:59-00:00,2023-05-05T00:00:00,2030-12-31T23:59:59
AS_SP15,MRCHNT2_7_N001,AS_SP15,,2023-05-05T07:00:00-00:00,2031-01-01T07:59:59-00:00,2023-05-05T00:00:00,2030-12-31T23:59:59
AS_SP15,MRCHNT_2_PL1X3-APND,AS_SP15,,2012-06-18T07:00:00-00:00,2031-01-01T07:59:59-00:00,2012-06-18T00:00:00,2030-12-31T23:59:59
AS_SP15,MRGT_6_NODE1,AS_SP15,,2025-05-13T07:00:00-00:00,2031-01-01T07:59:59-00:00,2025-05-13T00:00:00,2030-12-31T23:59:59
AS_SP15,MRLPKGEN_7_B1,AS_SP15,,2025-05-13T07:00:00-00:00,2031-01-01T07:59:59-00:00,2025-05-13T00:00:00,2030-12-31T23:59:59
AS_SP15,MS3345_7_N001,AS_SP15,,2018-02-22T08:00:00-00:00,2031-01-01T07:59:59-00:00,2018-02-22T00:00:00,2030-12-31T23:59:59
AS_SP15,MSOLAR_7_NBT1,AS_SP15,,2025-05-13T07:00:00-00:00,2031-01-01T07:59:59-00:00,2025-05-13T00:00:00,2030-12-31T23:59:59
AS_SP15,MSOLAR_7_NSR4,AS_SP15,,2025-05-13T07:00:00-00:00,2031-01-01T07:59:59-00:00,2025-05-13T00:00:00,2030-12-31T23:59:59
AS_SP15,MSOLGEN3_7_N003,AS_SP15,,2016-08-08T07:00:00-00:00,2031-01-01T07:59:59-00:00,2016-08-08T00:00:00,2030-12-31T23:59:59
AS_SP15,MSSION_6_N069,AS_SP15,,2025-08-13T07:00:00-00:00,2031-01-01T07:59:59-00:00,2025-08-13T00:00:00,2030-12-31T23:59:59
AS_SP15,MTNPASS_1_N001,AS_SP15,,2009-03-31T07:00:00-00:00,2031-01-01T07:59:59-00:00,2009-03-31T00:00:00,2030-12-31T23:59:59
AS_SP15,MTPOSO_7_N001,AS_SP15,,2009-06-25T07:00:00-00:00,2031-01-01T07:59:59-00:00,2009-06-25T00:00:00,2030-12-31T23:59:59
AS_SP15,MTWIND_7_N004,AS_SP15,,2025-05-13T07:00:00-00:00,2031-01-01T07:59:59-00:00,2025-05-13T00:00:00,2030-12-31T23:59:59
AS_SP15,MTWND3_7_N001,AS_SP15,,2009-03-31T07:00:00-00:00,2031-01-01T07:59:59-00:00,2009-03-31T00:00:00,2030-12-31T23:59:59
AS_SP15,MURRAYGN_7_N018,AS_SP15,,2025-05-13T07:00:00-00:00,2031-01-01T07:59:59-00:00,2025-05-13T00:00:00,2030-12-31T23:59:59
AS_SP15,MURRAYGN_7_N021,AS_SP15,,2022-10-05T07:00:00-00:00,2031-01-01T07:59:59-00:00,2022-10-05T00:00:00,2030-12-31T23:59:59
AS_SP15,MURRAYGN_7_N022,AS_SP15,,2022-10-05T07:00:00-00:00,2031-01-01T07:59:59-00:00,2022-10-05T00:00:00,2030-12-31T23:59:59
AS_SP15,MURRAYGN_7_N023,AS_SP15,,2022-10-05T07:00:00-00:00,2031-01-01T07:59:59-00:00,2022-10-05T00:00:00,2030-12-31T23:59:59
AS_SP15,MURRAYGN_7_N024,AS_SP15,,2022-10-05T07:00:00-00:00,2031-01-01T07:59:59-00:00,2022-10-05T00:00:00,2030-12-31T23:59:59
AS_SP15,MURRAYGN_7_N025,AS_SP15,,2022-10-05T07:00:00-00:00,2031-01-01T07:59:59-00:00,2022-10-05T00:00:00,2030-12-31T23:59:59
AS_SP15,MURRAYGN_7_N026,AS_SP15,,2022-10-05T07:00:00-00:00,2031-01-01T07:59:59-00:00,2022-10-05T00:00:00,2030-12-31T23:59:59
AS_SP15,MURRAYGN_7_N027,AS_SP15,,2022-10-05T07:00:00-00:00,2031-01-01T07:59:59-00:00,2022-10-05T00:00:00,2030-12-31T23:59:59
AS_SP15,MURRAY_6_N001,AS_SP15,,2016-08-18T07:00:00-00:00,2031-01-01T07:59:59-00:00,2016-08-18T00:00:00,2030-12-31T23:59:59
AS_SP15,MURRAY_6_N004,AS_SP15,,2016-08-18T07:00:00-00:00,2031-01-01T07:59:59-00:00,2016-08-18T00:00:00,2030-12-31T23:59:59
AS_SP15,MURRAY_6_N005,AS_SP15,,2016-08-18T07:00:00-00:00,2031-01-01T07:59:59-00:00,2016-08-18T00:00:00,2030-12-31T23:59:59
AS_SP15,MURRAY_6_N015,AS_SP15,,2016-08-18T07:00:00-00:00,2031-01-01T07:59:59-00:00,2016-08-18T00:00:00,2030-12-31T23:59:59
AS_SP15,MUSTANG_6_N001,AS_SP15,,2017-11-16T08:00:00-00:00,2031-01-01T07:59:59-00:00,2017-11-16T00:00:00,2030-12-31T23:59:59
AS_SP15,MVMPT_7_B1ND002,AS_SP15,,2024-10-23T07:00:00-00:00,2031-01-01T07:59:59-00:00,2024-10-23T00:00:00,2030-12-31T23:59:59
AS_SP15,MVMPT_7_B1ND003,AS_SP15,,2024-10-23T07:00:00-00:00,2031-01-01T07:59:59-00:00,2024-10-23T00:00:00,2030-12-31T23:59:59
AS_SP15,MVMPT_7_B2ND002,AS_SP15,,2024-10-23T07:00:00-00:00,2031-01-01T07:59:59-00:00,2024-10-23T00:00:00,2030-12-31T23:59:59
AS_SP15,MVMPT_7_B2ND003,AS_SP15,,2024-10-23T07:00:00-00:00,2031-01-01T07:59:59-00:00,2024-10-23T00:00:00,2030-12-31T23:59:59
AS_SP15,NARROWS_6_N010,AS_SP15,,2009-03-31T07:00:00-00:00,2031-01-01T07:59:59-00:00,2009-03-31T00:00:00,2030-12-31T23:59:59
AS_SP15,NATNLCTY_6_N001,AS_SP15,,2009-03-31T07:00:00-00:00,2031-01-01T07:59:59-00:00,2009-03-31T00:00:00,2030-12-31T23:59:59
AS_SP15,NATNLCTY_6_N005,AS_SP15,,2009-03-31T07:00:00-00:00,2031-01-01T07:59:59-00:00,2009-03-31T00:00:00,2030-12-31T23:59:59
AS_SP15,NAVSTMTR_6_N001,AS_SP15,,2009-03-31T07:00:00-00:00,2031-01-01T07:59:59-00:00,2009-03-31T00:00:00,2030-12-31T23:59:59
AS_SP15,NAVSTMTR_6_N011,AS_SP15,,2009-03-31T07:00:00-00:00,2031-01-01T07:59:59-00:00,2009-03-31T00:00:00,2030-12-31T23:59:59
AS_SP15,NAVY35R_1_N001,AS_SP15,,2009-03-31T07:00:00-00:00,2031-01-01T07:59:59-00:00,2009-03-31T00:00:00,2030-12-31T23:59:59
AS_SP15,NAVY35R_7_B1,AS_SP15,,2009-03-31T07:00:00-00:00,2031-01-01T07:59:59-00:00,2009-03-31T00:00:00,2030-12-31T23:59:59
AS_SP15,NAVYII4G_7_B1,AS_SP15,,2023-05-05T07:00:00-00:00,2031-01-01T07:59:59-00:00,2023-05-05T00:00:00,2030-12-31T23:59:59
AS_SP15,NAVYII5G_7_B1,AS_SP15,,2023-05-05T07:00:00-00:00,2031-01-01T07:59:59-00:00,2023-05-05T00:00:00,2030-12-31T23:59:59
AS_SP15,NAVYII6G_7_B1,AS_SP15,,2023-05-05T07:00:00-00:00,2031-01-01T07:59:59-00:00,2023-05-05T00:00:00,2030-12-31T23:59:59
AS_SP15,NAVYII_2_UNITS-APND,AS_SP15,,2009-03-31T07:00:00-00:00,2031-01-01T07:59:59-00:00,2009-03-31T00:00:00,2030-12-31T23:59:59
AS_SP15,NCMETER_1_N001,AS_SP15,,2009-03-31T07:00:00-00:00,2031-01-01T07:59:59-00:00,2009-03-31T00:00:00,2030-12-31T23:59:59
AS_SP15,NEENACH_6_N001,AS_SP15,,2016-02-11T08:00:00-00:00,2031-01-01T07:59:59-00:00,2016-02-11T00:00:00,2030-12-31T23:59:59
AS_SP15,NEENACH_6_N008,AS_SP15,,2025-05-13T07:00:00-00:00,2031-01-01T07:59:59-00:00,2025-05-13T00:00:00,2030-12-31T23:59:59
AS_SP15,NEENCHGN_7_N001,AS_SP15,,2016-02-11T08:00:00-00:00,2031-01-01T07:59:59-00:00,2016-02-11T00:00:00,2030-12-31T23:59:59
AS_SP15,NITHWK_7_N001,AS_SP15,,2025-05-13T07:00:00-00:00,2031-01-01T07:59:59-00:00,2025-05-13T00:00:00,2030-12-31T23:59:59
AS_SP15,NLANCRAN_7_N001,AS_SP15,,2025-05-13T07:00:00-00:00,2031-01-01T07:59:59-00:00,2025-05-13T00:00:00,2030-12-31T23:59:59
AS_SP15,NNSS_FF_1_N001,AS_SP15,,2014-06-11T07:00:00-00:00,2031-01-01T07:59:59-00:00,2014-06-11T00:00:00,2030-12-31T23:59:59
AS_SP15,NNSS_MD_1_N001,AS_SP15,,2014-06-11T07:00:00-00:00,2031-01-01T07:59:59-00:00,2014-06-11T00:00:00,2030-12-31T23:59:59
AS_SP15,NNSS_MD_1_N004,AS_SP15,,2014-06-11T07:00:00-00:00,2031-01-01T07:59:59-00:00,2014-06-11T00:00:00,2030-12-31T23:59:59
AS_SP15,NNSS_SW_1_N001,AS_SP15,,2014-06-11T07:00:00-00:00,2031-01-01T07:59:59-00:00,2014-06-11T00:00:00,2030-12-31T23:59:59
AS_SP15,NNSS_TW_1_N001,AS_SP15,,2014-06-11T07:00:00-00:00,2031-01-01T07:59:59-00:00,2014-06-11T00:00:00,2030-12-31T23:59:59
AS_SP15,NNSS_VA_1_N003,AS_SP15,,2014-06-11T07:00:00-00:00,2031-01-01T07:59:59-00:00,2014-06-11T00:00:00,2030-12-31T23:59:59
AS_SP15,NOISLMTR_6_N004,AS_SP15,,2009-03-31T07:00:00-00:00,2031-01-01T07:59:59-00:00,2009-03-31T00:00:00,2030-12-31T23:59:59
AS_SP15,NOISLMTR_6_N009,AS_SP15,,2009-03-31T07:00:00-00:00,2031-01-01T07:59:59-00:00,2009-03-31T00:00:00,2030-12-31T23:59:59
AS_SP15,NOISLMTR_6_N015,AS_SP15,,2009-03-31T07:00:00-00:00,2031-01-01T07:59:59-00:00,2009-03-31T00:00:00,2030-12-31T23:59:59
AS_SP15,NORCO_1_N001,AS_SP15,,2017-11-16T08:00:00-00:00,2031-01-01T07:59:59-00:00,2017-11-16T00:00:00,2030-12-31T23:59:59
AS_SP15,NORORC_2_NOSBX2-APND,AS_SP15,,2024-02-19T08:00:00-00:00,2031-01-01T07:59:59-00:00,2024-02-19T00:00:00,2030-12-31T23:59:59
AS_SP15,NORSMDL1_7_N001,AS_SP15,,2023-05-05T07:00:00-00:00,2031-01-01T07:59:59-00:00,2023-05-05T00:00:00,2030-12-31T23:59:59
AS_SP15,NORTHCTY_6_N004,AS_SP15,,2009-03-31T07:00:00-00:00,2031-01-01T07:59:59-00:00,2009-03-31T00:00:00,2030-12-31T23:59:59
AS_SP15,NORTHCTY_6_N010,AS_SP15,,2009-03-31T07:00:00-00:00,2031-01-01T07:59:59-00:00,2009-03-31T00:00:00,2030-12-31T23:59:59
AS_SP15,NORTHOAK_6_N003,AS_SP15,,2023-10-04T07:00:00-00:00,2031-01-01T07:59:59-00:00,2023-10-04T00:00:00,2030-12-31T23:59:59
AS_SP15,NORTHOAK_6_N004,AS_SP15,,2023-10-04T07:00:00-00:00,2031-01-01T07:59:59-00:00,2023-10-04T00:00:00,2030-12-31T23:59:59
AS_SP15,NORTHOAK_6_N005,AS_SP15,,2023-10-04T07:00:00-00:00,2031-01-01T07:59:59-00:00,2023-10-04T00:00:00,2030-12-31T23:59:59
AS_SP15,NORTHOAK_7_N001,AS_SP15,,2025-05-13T07:00:00-00:00,2031-01-01T07:59:59-00:00,2025-05-13T00:00:00,2030-12-31T23:59:59
AS_SP15,NORTHWND_6_N001,AS_SP15,,2009-03-31T07:00:00-00:00,2031-01-01T07:59:59-00:00,2009-03-31T00:00:00,2030-12-31T23:59:59
AS_SP15,NORTHWND_6_N002,AS_SP15,,2011-12-21T08:00:00-00:00,2031-01-01T07:59:59-00:00,2011-12-21T00:00:00,2030-12-31T23:59:59
AS_SP15,NTPTRL_6_N001,AS_SP15,,2017-11-16T08:00:00-00:00,2031-01-01T07:59:59-00:00,2017-11-16T00:00:00,2030-12-31T23:59:59
AS_SP15,OASISC1_7_N003,AS_SP15,,2025-05-13T07:00:00-00:00,2031-01-01T07:59:59-00:00,2025-05-13T00:00:00,2030-12-31T23:59:59
AS_SP15,OASISC1_7_N004,AS_SP15,,2025-05-13T07:00:00-00:00,2031-01-01T07:59:59-00:00,2025-05-13T00:00:00,2030-12-31T23:59:59
AS_SP15,OASISC1_7_N005,AS_SP15,,2025-05-13T07:00:00-00:00,2031-01-01T07:59:59-00:00,2025-05-13T00:00:00,2030-12-31T23:59:59
AS_SP15,OASISC1_7_N007,AS_SP15,,2025-05-13T07:00:00-00:00,2031-01-01T07:59:59-00:00,2025-05-13T00:00:00,2030-12-31T23:59:59
AS_SP15,OASISC1_7_N008,AS_SP15,,2025-05-13T07:00:00-00:00,2031-01-01T07:59:59-00:00,2025-05-13T00:00:00,2030-12-31T23:59:59
AS_SP15,OASISC1_7_N009,AS_SP15,,2025-05-13T07:00:00-00:00,2031-01-01T07:59:59-00:00,2025-05-13T00:00:00,2030-12-31T23:59:59
AS_SP15,OASISC1_7_N010,AS_SP15,,2025-05-13T07:00:00-00:00,2031-01-01T07:59:59-00:00,2025-05-13T00:00:00,2030-12-31T23:59:59
AS_SP15,OASISC1_7_N011,AS_SP15,,2025-05-13T07:00:00-00:00,2031-01-01T07:59:59-00:00,2025-05-13T00:00:00,2030-12-31T23:59:59
AS_SP15,OASISC1_7_N012,AS_SP15,,2025-05-13T07:00:00-00:00,2031-01-01T07:59:59-00:00,2025-05-13T00:00:00,2030-12-31T23:59:59
AS_SP15,OASISC1_7_N013,AS_SP15,,2025-05-13T07:00:00-00:00,2031-01-01T07:59:59-00:00,2025-05-13T00:00:00,2030-12-31T23:59:59
AS_SP15,OASISC1_7_N014,AS_SP15,,2025-05-13T07:00:00-00:00,2031-01-01T07:59:59-00:00,2025-05-13T00:00:00,2030-12-31T23:59:59
AS_SP15,OASISG2_7_N001,AS_SP15,,2025-05-13T07:00:00-00:00,2031-01-01T07:59:59-00:00,2025-05-13T00:00:00,2030-12-31T23:59:59
AS_SP15,OASISG2_7_N003,AS_SP15,,2025-05-13T07:00:00-00:00,2031-01-01T07:59:59-00:00,2025-05-13T00:00:00,2030-12-31T23:59:59
AS_SP15,OASISSC_6_N201,AS_SP15,,2013-11-21T08:00:00-00:00,2031-01-01T07:59:59-00:00,2013-11-21T00:00:00,2030-12-31T23:59:59
AS_SP15,OBERON_5_O1BBX2-APND,AS_SP15,,2023-05-15T07:00:00-00:00,2031-01-01T07:59:59-00:00,2023-05-15T00:00:00,2030-12-31T23:59:59
AS_SP15,OBERON_5_O1SSX2-APND,AS_SP15,,2023-05-15T07:00:00-00:00,2031-01-01T07:59:59-00:00,2023-05-15T00:00:00,2030-12-31T23:59:59
AS_SP15,OBERON_5_O2BBX2-APND,AS_SP15,,2023-05-15T07:00:00-00:00,2031-01-01T07:59:59-00:00,2023-05-15T00:00:00,2030-12-31T23:59:59
AS_SP15,OBERON_7_N101,AS_SP15,,2025-05-13T07:00:00-00:00,2031-01-01T07:59:59-00:00,2025-05-13T00:00:00,2030-12-31T23:59:59
AS_SP15,OBERON_7_N102,AS_SP15,,2023-05-15T07:00:00-00:00,2031-01-01T07:59:59-00:00,2023-05-15T00:00:00,2030-12-31T23:59:59
AS_SP15,OBERON_7_N112,AS_SP15,,2023-05-15T07:00:00-00:00,2031-01-01T07:59:59-00:00,2023-05-15T00:00:00,2030-12-31T23:59:59
AS_SP15,OBERON_7_N122,AS_SP15,,2023-05-15T07:00:00-00:00,2031-01-01T07:59:59-00:00,2023-05-15T00:00:00,2030-12-31T23:59:59
AS_SP15,OBERON_7_N132,AS_SP15,,2023-05-15T07:00:00-00:00,2031-01-01T07:59:59-00:00,2023-05-15T00:00:00,2030-12-31T23:59:59
AS_SP15,OBERON_7_N152,AS_SP15,,2025-05-13T07:00:00-00:00,2031-01-01T07:59:59-00:00,2025-05-13T00:00:00,2030-12-31T23:59:59
AS_SP15,OBERON_7_N162,AS_SP15,,2025-05-13T07:00:00-00:00,2031-01-01T07:59:59-00:00,2025-05-13T00:00:00,2030-12-31T23:59:59
AS_SP15,OBERON_7_N172,AS_SP15,,2023-05-15T07:00:00-00:00,2031-01-01T07:59:59-00:00,2023-05-15T00:00:00,2030-12-31T23:59:59
AS_SP15,OBERON_7_N182,AS_SP15,,2023-05-15T07:00:00-00:00,2031-01-01T07:59:59-00:00,2023-05-15T00:00:00,2030-12-31T23:59:59
AS_SP15,OCEANO_1_N001,AS_SP15,,2017-11-16T08:00:00-00:00,2031-01-01T07:59:59-00:00,2017-11-16T00:00:00,2030-12-31T23:59:59
AS_SP15,OCEANO_1_N004,AS_SP15,,2017-11-16T08:00:00-00:00,2031-01-01T07:59:59-00:00,2017-11-16T00:00:00,2030-12-31T23:59:59
AS_SP15,OCEANSDE_6_N001,AS_SP15,,2009-03-31T07:00:00-00:00,2031-01-01T07:59:59-00:00,2009-03-31T00:00:00,2030-12-31T23:59:59
AS_SP15,OCEANSDE_6_N002,AS_SP15,,2009-03-31T07:00:00-00:00,2031-01-01T07:59:59-00:00,2009-03-31T00:00:00,2030-12-31T23:59:59
AS_SP15,OCNRCH69_6_N001,AS_SP15,,2019-05-23T07:00:00-00:00,2031-01-01T07:59:59-00:00,2019-05-23T00:00:00,2030-12-31T23:59:59
AS_SP15,OCNRCH69_6_N002,AS_SP15,,2019-05-23T07:00:00-00:00,2031-01-01T07:59:59-00:00,2019-05-23T00:00:00,2030-12-31T23:59:59
AS_SP15,OGROVE_6_PL1X2-APND,AS_SP15,,2010-01-20T08:00:00-00:00,2031-01-01T07:59:59-00:00,2010-01-20T00:00:00,2030-12-31T23:59:59
AS_SP15,OILDALE_1_N001,AS_SP15,,2009-03-31T07:00:00-00:00,2031-01-01T07:59:59-00:00,2009-03-31T00:00:00,2030-12-31T23:59:59
AS_SP15,OILDALE_1_N101,AS_SP15,,2009-03-31T07:00:00-00:00,2031-01-01T07:59:59-00:00,2009-03-31T00:00:00,2030-12-31T23:59:59
AS_SP15,OLDRIVR_6_N001,AS_SP15,,2013-09-19T07:00:00-00:00,2031-01-01T07:59:59-00:00,2013-09-19T00:00:00,2030-12-31T23:59:59
AS_SP15,OLDRIVR_6_N007,AS_SP15,,2025-05-13T07:00:00-00:00,2031-01-01T07:59:59-00:00,2025-05-13T00:00:00,2030-12-31T23:59:59
AS_SP15,OLDRIVR_7_N014,AS_SP15,,2023-11-15T08:00:00-00:00,2031-01-01T07:59:59-00:00,2023-11-15T00:00:00,2030-12-31T23:59:59
AS_SP15,OLDRIVR_7_N033,AS_SP15,,2025-05-13T07:00:00-00:00,2031-01-01T07:59:59-00:00,2025-05-13T00:00:00,2030-12-31T23:59:59
AS_SP15,OLDRIVR_7_N044,AS_SP15,,2025-05-13T07:00:00-00:00,2031-01-01T07:59:59-00:00,2025-05-13T00:00:00,2030-12-31T23:59:59
AS_SP15,OLDTOWN_6_GN001,AS_SP15,,2009-11-03T08:00:00-00:00,2031-01-01T07:59:59-00:00,2009-11-03T00:00:00,2030-12-31T23:59:59
AS_SP15,OLDTOWN_6_N001,AS_SP15,,2009-03-31T07:00:00-00:00,2031-01-01T07:59:59-00:00,2009-03-31T00:00:00,2030-12-31T23:59:59
AS_SP15,OLDTOWN_6_N002,AS_SP15,,2009-03-31T07:00:00-00:00,2031-01-01T07:59:59-00:00,2009-03-31T00:00:00,2030-12-31T23:59:59
AS_SP15,OLDTOWN_6_N003,AS_SP15,,2009-03-31T07:00:00-00:00,2031-01-01T07:59:59-00:00,2009-03-31T00:00:00,2030-12-31T23:59:59
AS_SP15,OLINDA_6_N001,AS_SP15,,2009-03-31T07:00:00-00:00,2031-01-01T07:59:59-00:00,2009-03-31T00:00:00,2030-12-31T23:59:59
AS_SP15,OLINDA_6_N004,AS_SP15,,2009-03-31T07:00:00-00:00,2031-01-01T07:59:59-00:00,2009-03-31T00:00:00,2030-12-31T23:59:59
AS_SP15,OLINDA_6_N007,AS_SP15,,2025-05-13T07:00:00-00:00,2031-01-01T07:59:59-00:00,2025-05-13T00:00:00,2030-12-31T23:59:59
AS_SP15,OLINDA_6_N008,AS_SP15,,2025-05-13T07:00:00-00:00,2031-01-01T07:59:59-00:00,2025-05-13T00:00:00,2030-12-31T23:59:59
AS_SP15,OLINDA_6_N009,AS_SP15,,2025-05-13T07:00:00-00:00,2031-01-01T07:59:59-00:00,2025-05-13T00:00:00,2030-12-31T23:59:59
AS_SP15,OMAR1G_7_B1,AS_SP15,,2009-03-31T07:00:00-00:00,2031-01-01T07:59:59-00:00,2009-03-31T00:00:00,2030-12-31T23:59:59
AS_SP15,OMAR1G_7_LN001,AS_SP15,,2010-02-24T08:00:00-00:00,2031-01-01T07:59:59-00:00,2010-02-24T00:00:00,2030-12-31T23:59:59
AS_SP15,OMAR2G_7_B1,AS_SP15,,2009-03-31T07:00:00-00:00,2031-01-01T07:59:59-00:00,2009-03-31T00:00:00,2030-12-31T23:59:59
AS_SP15,OMAR2G_7_LN001,AS_SP15,,2010-02-24T08:00:00-00:00,2031-01-01T07:59:59-00:00,2010-02-24T00:00:00,2030-12-31T23:59:59
AS_SP15,OMAR3G_7_B1,AS_SP15,,2009-03-31T07:00:00-00:00,2031-01-01T07:59:59-00:00,2009-03-31T00:00:00,2030-12-31T23:59:59
AS_SP15,OMAR3G_7_LN001,AS_SP15,,2010-02-24T08:00:00-00:00,2031-01-01T07:59:59-00:00,2010-02-24T00:00:00,2030-12-31T23:59:59
AS_SP15,OMAR4G_7_B1,AS_SP15,,2009-03-31T07:00:00-00:00,2031-01-01T07:59:59-00:00,2009-03-31T00:00:00,2030-12-31T23:59:59
AS_SP15,OMAR4G_7_LN001,AS_SP15,,2010-02-24T08:00:00-00:00,2031-01-01T07:59:59-00:00,2010-02-24T00:00:00,2030-12-31T23:59:59
AS_SP15,OMAR_2_N001,AS_SP15,,2009-03-31T07:00:00-00:00,2031-01-01T07:59:59-00:00,2009-03-31T00:00:00,2030-12-31T23:59:59
AS_SP15,OMWD_6_GN001,AS_SP15,,2009-11-03T08:00:00-00:00,2031-01-01T07:59:59-00:00,2009-11-03T00:00:00,2030-12-31T23:59:59
AS_SP15,OMWD_6_N001,AS_SP15,,2009-03-31T07:00:00-00:00,2031-01-01T07:59:59-00:00,2009-03-31T00:00:00,2030-12-31T23:59:59
AS_SP15,ORMONAUX_6_B1,AS_SP15,,2009-03-31T07:00:00-00:00,2031-01-01T07:59:59-00:00,2009-03-31T00:00:00,2030-12-31T23:59:59
AS_SP15,ORMOND1G_7_B1,AS_SP15,,2009-03-31T07:00:00-00:00,2031-01-01T07:59:59-00:00,2009-03-31T00:00:00,2030-12-31T23:59:59
AS_SP15,ORMOND2G_7_B1,AS_SP15,,2009-03-31T07:00:00-00:00,2031-01-01T07:59:59-00:00,2009-03-31T00:00:00,2030-12-31T23:59:59
AS_SP15,OSOAP_7_N001,AS_SP15,,2009-03-31T07:00:00-00:00,2031-01-01T07:59:59-00:00,2009-03-31T00:00:00,2030-12-31T23:59:59
AS_SP15,OSOAP_7_N002,AS_SP15,,2009-03-31T07:00:00-00:00,2031-01-01T07:59:59-00:00,2009-03-31T00:00:00,2030-12-31T23:59:59
AS_SP15,OSOAP_7_N003,AS_SP15,,2009-03-31T07:00:00-00:00,2031-01-01T07:59:59-00:00,2009-03-31T00:00:00,2030-12-31T23:59:59
AS_SP15,OSOAP_7_N004,AS_SP15,,2009-03-31T07:00:00-00:00,2031-01-01T07:59:59-00:00,2009-03-31T00:00:00,2030-12-31T23:59:59
AS_SP15,OSOBP_7_N001,AS_SP15,,2009-03-31T07:00:00-00:00,2031-01-01T07:59:59-00:00,2009-03-31T00:00:00,2030-12-31T23:59:59
AS_SP15,OSOBP_7_N002,AS_SP15,,2009-03-31T07:00:00-00:00,2031-01-01T07:59:59-00:00,2009-03-31T00:00:00,2030-12-31T23:59:59
AS_SP15,OSOBP_7_N003,AS_SP15,,2009-03-31T07:00:00-00:00,2031-01-01T07:59:59-00:00,2009-03-31T00:00:00,2030-12-31T23:59:59
AS_SP15,OSOBP_7_N004,AS_SP15,,2009-03-31T07:00:00-00:00,2031-01-01T07:59:59-00:00,2009-03-31T00:00:00,2030-12-31T23:59:59
AS_SP15,OSO_6_N008,AS_SP15,,2025-05-13T07:00:00-00:00,2031-01-01T07:59:59-00:00,2025-05-13T00:00:00,2030-12-31T23:59:59
AS_SP15,OTAYMESA_2_B1,AS_SP15,,2017-08-17T07:00:00-00:00,2031-01-01T07:59:59-00:00,2017-08-17T00:00:00,2030-12-31T23:59:59
AS_SP15,OTAYMGT1_7_N001,AS_SP15,,2009-03-31T07:00:00-00:00,2031-01-01T07:59:59-00:00,2009-03-31T00:00:00,2030-12-31T23:59:59
AS_SP15,OTAYMGT1_7_N002,AS_SP15,,2009-03-31T07:00:00-00:00,2031-01-01T07:59:59-00:00,2009-03-31T00:00:00,2030-12-31T23:59:59
AS_SP15,OTAYMGT2_7_N001,AS_SP15,,2009-03-31T07:00:00-00:00,2031-01-01T07:59:59-00:00,2009-03-31T00:00:00,2030-12-31T23:59:59
AS_SP15,OTAYMGT2_7_N002,AS_SP15,,2009-03-31T07:00:00-00:00,2031-01-01T07:59:59-00:00,2009-03-31T00:00:00,2030-12-31T23:59:59
AS_SP15,OTAYMST1_7_N001,AS_SP15,,2009-03-31T07:00:00-00:00,2031-01-01T07:59:59-00:00,2009-03-31T00:00:00,2030-12-31T23:59:59
AS_SP15,OTAY_6_B1,AS_SP15,,2017-08-17T07:00:00-00:00,2031-01-01T07:59:59-00:00,2017-08-17T00:00:00,2030-12-31T23:59:59
AS_SP15,OTAY_6_N001,AS_SP15,,2013-07-18T07:00:00-00:00,2031-01-01T07:59:59-00:00,2013-07-18T00:00:00,2030-12-31T23:59:59
AS_SP15,OTAY_6_N014,AS_SP15,,2013-07-18T07:00:00-00:00,2031-01-01T07:59:59-00:00,2013-07-18T00:00:00,2030-12-31T23:59:59
AS_SP15,OTMESA_2_PL1X3-APND,AS_SP15,,2009-07-20T07:00:00-00:00,2031-01-01T07:59:59-00:00,2009-07-20T00:00:00,2030-12-31T23:59:59
AS_SP15,OXGEN_7_B1,AS_SP15,,2025-05-13T07:00:00-00:00,2031-01-01T07:59:59-00:00,2025-05-13T00:00:00,2030-12-31T23:59:59
AS_SP15,PA99MWQ1_6_GN001,AS_SP15,,2009-09-10T07:00:00-00:00,2031-01-01T07:59:59-00:00,2009-09-10T00:00:00,2030-12-31T23:59:59
AS_SP15,PA99MWQ1_6_GN002,AS_SP15,,2009-09-10T07:00:00-00:00,2031-01-01T07:59:59-00:00,2009-09-10T00:00:00,2030-12-31T23:59:59
AS_SP15,PA99MWQ1_7_LN001,AS_SP15,,2009-09-10T07:00:00-00:00,2031-01-01T07:59:59-00:00,2009-09-10T00:00:00,2030-12-31T23:59:59
AS_SP15,PA99MWQ2_7_LN001,AS_SP15,,2009-09-10T07:00:00-00:00,2031-01-01T07:59:59-00:00,2009-09-10T00:00:00,2030-12-31T23:59:59
AS_SP15,PACFCBCH_6_N001,AS_SP15,,2009-03-31T07:00:00-00:00,2031-01-01T07:59:59-00:00,2009-03-31T00:00:00,2030-12-31T23:59:59
AS_SP15,PACFCBCH_6_N004,AS_SP15,,2009-03-31T07:00:00-00:00,2031-01-01T07:59:59-00:00,2009-03-31T00:00:00,2030-12-31T23:59:59
AS_SP15,PACIPIP_6_N001,AS_SP15,,2009-03-31T07:00:00-00:00,2031-01-01T07:59:59-00:00,2009-03-31T00:00:00,2030-12-31T23:59:59
AS_SP15,PADUA_2_N019,AS_SP15,,2013-11-21T08:00:00-00:00,2031-01-01T07:59:59-00:00,2013-11-21T00:00:00,2030-12-31T23:59:59
AS_SP15,PADUA_6_N001,AS_SP15,,2009-03-31T07:00:00-00:00,2031-01-01T07:59:59-00:00,2009-03-31T00:00:00,2030-12-31T23:59:59
AS_SP15,PADUA_6_N004,AS_SP15,,2025-05-13T07:00:00-00:00,2031-01-01T07:59:59-00:00,2025-05-13T00:00:00,2030-12-31T23:59:59
AS_SP15,PADUA_6_N006,AS_SP15,,2025-05-13T07:00:00-00:00,2031-01-01T07:59:59-00:00,2025-05-13T00:00:00,2030-12-31T23:59:59
AS_SP15,PADUA_6_N007,AS_SP15,,2025-05-13T07:00:00-00:00,2031-01-01T07:59:59-00:00,2025-05-13T00:00:00,2030-12-31T23:59:59
AS_SP15,PADUA_6_N008,AS_SP15,,2025-05-13T07:00:00-00:00,2031-01-01T07:59:59-00:00,2025-05-13T00:00:00,2030-12-31T23:59:59
AS_SP15,PADUA_6_N009,AS_SP15,,2025-05-13T07:00:00-00:00,2031-01-01T07:59:59-00:00,2025-05-13T00:00:00,2030-12-31T23:59:59
AS_SP15,PAHRUMP_1_N017,AS_SP15,,2013-01-03T08:00:00-00:00,2031-01-01T07:59:59-00:00,2013-01-03T00:00:00,2030-12-31T23:59:59
AS_SP15,PAHRUMP_1_N018,AS_SP15,,2013-01-03T08:00:00-00:00,2031-01-01T07:59:59-00:00,2013-01-03T00:00:00,2030-12-31T23:59:59
AS_SP15,PALA_7_N001,AS_SP15,,2025-05-13T07:00:00-00:00,2031-01-01T07:59:59-00:00,2025-05-13T00:00:00,2030-12-31T23:59:59
AS_SP15,PALA_7_N002,AS_SP15,,2023-06-14T07:00:00-00:00,2031-01-01T07:59:59-00:00,2023-06-14T00:00:00,2030-12-31T23:59:59
AS_SP15,PALMDALE_6_N001,AS_SP15,,2009-03-31T07:00:00-00:00,2031-01-01T07:59:59-00:00,2009-03-31T00:00:00,2030-12-31T23:59:59
AS_SP15,PALMRCT1_7_B1,AS_SP15,,2009-03-31T07:00:00-00:00,2031-01-01T07:59:59-00:00,2009-03-31T00:00:00,2030-12-31T23:59:59
AS_SP15,PALMRCT1_7_N001,AS_SP15,,2009-03-31T07:00:00-00:00,2031-01-01T07:59:59-00:00,2009-03-31T00:00:00,2030-12-31T23:59:59
AS_SP15,PALMRCT2_7_B1,AS_SP15,,2009-03-31T07:00:00-00:00,2031-01-01T07:59:59-00:00,2009-03-31T00:00:00,2030-12-31T23:59:59
AS_SP15,PALMRCT2_7_N001,AS_SP15,,2009-03-31T07:00:00-00:00,2031-01-01T07:59:59-00:00,2009-03-31T00:00:00,2030-12-31T23:59:59
AS_SP15,PALMRST3_7_B1,AS_SP15,,2009-03-31T07:00:00-00:00,2031-01-01T07:59:59-00:00,2009-03-31T00:00:00,2030-12-31T23:59:59
AS_SP15,PALMR_1_N001,AS_SP15,,2017-11-16T08:00:00-00:00,2031-01-01T07:59:59-00:00,2017-11-16T00:00:00,2030-12-31T23:59:59
AS_SP15,PALOMAR_1_N001,AS_SP15,,2012-03-22T07:00:00-00:00,2031-01-01T07:59:59-00:00,2012-03-22T00:00:00,2030-12-31T23:59:59
AS_SP15,PALOMAR_1_N004,AS_SP15,,2012-03-22T07:00:00-00:00,2031-01-01T07:59:59-00:00,2012-03-22T00:00:00,2030-12-31T23:59:59
AS_SP15,PALOMAR_1_N013,AS_SP15,,2009-03-31T07:00:00-00:00,2031-01-01T07:59:59-00:00,2009-03-31T00:00:00,2030-12-31T23:59:59
AS_SP15,PALOMR_2_PL1X3-APND,AS_SP15,,2009-03-31T07:00:00-00:00,2031-01-01T07:59:59-00:00,2009-03-31T00:00:00,2030-12-31T23:59:59
AS_SP15,PANAMA_6_N001,AS_SP15,,2017-11-16T08:00:00-00:00,2031-01-01T07:59:59-00:00,2017-11-16T00:00:00,2030-12-31T23:59:59
AS_SP15,PANERO_1_N001,AS_SP15,,2025-05-13T07:00:00-00:00,2031-01-01T07:59:59-00:00,2025-05-13T00:00:00,2030-12-31T23:59:59
AS_SP15,PARADISX_6_N001,AS_SP15,,2009-03-31T07:00:00-00:00,2031-01-01T07:59:59-00:00,2009-03-31T00:00:00,2030-12-31T23:59:59
AS_SP15,PARDSE_7_N001,AS_SP15,,2025-05-13T07:00:00-00:00,2031-01-01T07:59:59-00:00,2025-05-13T00:00:00,2030-12-31T23:59:59
AS_SP15,PARDSE_7_N002,AS_SP15,,2023-06-14T07:00:00-00:00,2031-01-01T07:59:59-00:00,2023-06-14T00:00:00,2030-12-31T23:59:59
AS_SP15,PASTORIA_2_B1,AS_SP15,,2017-08-17T07:00:00-00:00,2031-01-01T07:59:59-00:00,2017-08-17T00:00:00,2030-12-31T23:59:59
AS_SP15,PASTSR_7_CN002,AS_SP15,,2025-04-16T07:00:00-00:00,2031-01-01T07:59:59-00:00,2025-04-16T00:00:00,2030-12-31T23:59:59
AS_SP15,PASTSR_7_CN004,AS_SP15,,2025-12-17T08:00:00-00:00,2031-01-01T07:59:59-00:00,2025-12-17T00:00:00,2030-12-31T23:59:59
AS_SP15,PASTSR_7_CN006,AS_SP15,,2025-12-17T08:00:00-00:00,2031-01-01T07:59:59-00:00,2025-12-17T00:00:00,2030-12-31T23:59:59
AS_SP15,PEARBLSM_2_N020,AS_SP15,,2025-05-13T07:00:00-00:00,2031-01-01T07:59:59-00:00,2025-05-13T00:00:00,2030-12-31T23:59:59
AS_SP15,PEARBMAP_7_B1,AS_SP15,,2009-03-31T07:00:00-00:00,2031-01-01T07:59:59-00:00,2009-03-31T00:00:00,2030-12-31T23:59:59
AS_SP15,PEARBMAP_7_B3,AS_SP15,,2009-03-31T07:00:00-00:00,2031-01-01T07:59:59-00:00,2009-03-31T00:00:00,2030-12-31T23:59:59
AS_SP15,PEARBMAP_7_B4,AS_SP15,,2009-03-31T07:00:00-00:00,2031-01-01T07:59:59-00:00,2009-03-31T00:00:00,2030-12-31T23:59:59
AS_SP15,PEARBMBP_7_B1,AS_SP15,,2009-03-31T07:00:00-00:00,2031-01-01T07:59:59-00:00,2009-03-31T00:00:00,2030-12-31T23:59:59
AS_SP15,PEARBMBP_7_B3,AS_SP15,,2009-03-31T07:00:00-00:00,2031-01-01T07:59:59-00:00,2009-03-31T00:00:00,2030-12-31T23:59:59
AS_SP15,PEARBMBP_7_B4,AS_SP15,,2009-03-31T07:00:00-00:00,2031-01-01T07:59:59-00:00,2009-03-31T00:00:00,2030-12-31T23:59:59
AS_SP15,PEARBMCP_7_B1,AS_SP15,,2009-03-31T07:00:00-00:00,2031-01-01T07:59:59-00:00,2009-03-31T00:00:00,2030-12-31T23:59:59
AS_SP15,PEARBMCP_7_B3,AS_SP15,,2009-03-31T07:00:00-00:00,2031-01-01T07:59:59-00:00,2009-03-31T00:00:00,2030-12-31T23:59:59
AS_SP15,PEARBMDP_7_B1,AS_SP15,,2009-03-31T07:00:00-00:00,2031-01-01T07:59:59-00:00,2009-03-31T00:00:00,2030-12-31T23:59:59
AS_SP15,PELJAW_7_N004,AS_SP15,,2025-12-17T08:00:00-00:00,2031-01-01T07:59:59-00:00,2025-12-17T00:00:00,2030-12-31T23:59:59
AS_SP15,PELJAW_7_N005,AS_SP15,,2025-12-17T08:00:00-00:00,2031-01-01T07:59:59-00:00,2025-12-17T00:00:00,2030-12-31T23:59:59
AS_SP15,PENDLETN_6_N001,AS_SP15,,2009-03-31T07:00:00-00:00,2031-01-01T07:59:59-00:00,2009-03-31T00:00:00,2030-12-31T23:59:59
AS_SP15,PENDLETN_6_N004,AS_SP15,,2009-03-31T07:00:00-00:00,2031-01-01T07:59:59-00:00,2009-03-31T00:00:00,2030-12-31T23:59:59
AS_SP15,PEN_2_B1,AS_SP15,,2017-08-17T07:00:00-00:00,2031-01-01T07:59:59-00:00,2017-08-17T00:00:00,2030-12-31T23:59:59
AS_SP15,PEPPER_1_N005,AS_SP15,,2018-08-23T07:00:00-00:00,2031-01-01T07:59:59-00:00,2018-08-23T00:00:00,2030-12-31T23:59:59
AS_SP15,PEPPER_1_N006,AS_SP15,,2023-07-27T07:00:00-00:00,2031-01-01T07:59:59-00:00,2023-07-27T00:00:00,2030-12-31T23:59:59
AS_SP15,PERGRN_7_N001,AS_SP15,,2025-05-13T07:00:00-00:00,2031-01-01T07:59:59-00:00,2025-05-13T00:00:00,2030-12-31T23:59:59
AS_SP15,PERRY_6_N001,AS_SP15,,2023-01-12T08:00:00-00:00,2031-01-01T07:59:59-00:00,2023-01-12T00:00:00,2030-12-31T23:59:59
AS_SP15,PERRY_6_N008,AS_SP15,,2023-01-12T08:00:00-00:00,2031-01-01T07:59:59-00:00,2023-01-12T00:00:00,2030-12-31T23:59:59
AS_SP15,PFARMS_6_LN001,AS_SP15,,2017-11-16T08:00:00-00:00,2031-01-01T07:59:59-00:00,2017-11-16T00:00:00,2030-12-31T23:59:59
AS_SP15,PGKN_2_PDRP02-APND,AS_SP15,,2017-01-01T08:00:00-00:00,2031-01-01T07:59:59-00:00,2017-01-01T00:00:00,2030-12-31T23:59:59
AS_SP15,PGKN_2_PDRP06-APND,AS_SP15,,2018-03-26T07:00:00-00:00,2031-01-01T07:59:59-00:00,2018-03-26T00:00:00,2030-12-31T23:59:59
AS_SP15,PGKN_2_PDRP07-APND,AS_SP15,,2018-03-26T07:00:00-00:00,2031-01-01T07:59:59-00:00,2018-03-26T00:00:00,2030-12-31T23:59:59
AS_SP15,PGKN_2_PDRP08-APND,AS_SP15,,2018-04-23T07:00:00-00:00,2031-01-01T07:59:59-00:00,2018-04-23T00:00:00,2030-12-31T23:59:59
AS_SP15,PGKN_2_PDRP09-APND,AS_SP15,,2018-05-25T07:00:00-00:00,2031-01-01T07:59:59-00:00,2018-05-25T00:00:00,2030-12-31T23:59:59
AS_SP15,PGKN_2_PDRP12-APND,AS_SP15,,2018-10-19T07:00:00-00:00,2031-01-01T07:59:59-00:00,2018-10-19T00:00:00,2030-12-31T23:59:59
AS_SP15,PGKN_2_PDRP13-APND,AS_SP15,,2018-10-19T07:00:00-00:00,2031-01-01T07:59:59-00:00,2018-10-19T00:00:00,2030-12-31T23:59:59
AS_SP15,PGKN_2_PDRP14-APND,AS_SP15,,2018-10-19T07:00:00-00:00,2031-01-01T07:59:59-00:00,2018-10-19T00:00:00,2030-12-31T23:59:59
AS_SP15,PGKN_2_PDRP15-APND,AS_SP15,,2018-10-22T07:00:00-00:00,2031-01-01T07:59:59-00:00,2018-10-22T00:00:00,2030-12-31T23:59:59
AS_SP15,PGKN_2_PDRP16-APND,AS_SP15,,2018-10-22T07:00:00-00:00,2031-01-01T07:59:59-00:00,2018-10-22T00:00:00,2030-12-31T23:59:59
AS_SP15,PGKN_2_PDRP17-APND,AS_SP15,,2018-10-22T07:00:00-00:00,2031-01-01T07:59:59-00:00,2018-10-22T00:00:00,2030-12-31T23:59:59
AS_SP15,PGKN_2_PDRP18-APND,AS_SP15,,2018-10-22T07:00:00-00:00,2031-01-01T07:59:59-00:00,2018-10-22T00:00:00,2030-12-31T23:59:59
AS_SP15,PGKN_2_PDRP19-APND,AS_SP15,,2018-10-22T07:00:00-00:00,2031-01-01T07:59:59-00:00,2018-10-22T00:00:00,2030-12-31T23:59:59
AS_SP15,PGKN_2_PDRP20-APND,AS_SP15,,2018-10-22T07:00:00-00:00,2031-01-01T07:59:59-00:00,2018-10-22T00:00:00,2030-12-31T23:59:59
AS_SP15,PGKN_2_PDRP21-APND,AS_SP15,,2018-10-22T07:00:00-00:00,2031-01-01T07:59:59-00:00,2018-10-22T00:00:00,2030-12-31T23:59:59
AS_SP15,PGKN_2_PDRP22-APND,AS_SP15,,2018-10-22T07:00:00-00:00,2031-01-01T07:59:59-00:00,2018-10-22T00:00:00,2030-12-31T23:59:59
AS_SP15,PGKN_2_PDRP24-APND,AS_SP15,,2019-03-28T07:00:00-00:00,2031-01-01T07:59:59-00:00,2019-03-28T00:00:00,2030-12-31T23:59:59
AS_SP15,PGKN_2_PDRP25-APND,AS_SP15,,2019-09-24T07:00:00-00:00,2031-01-01T07:59:59-00:00,2019-09-24T00:00:00,2030-12-31T23:59:59
AS_SP15,PGKN_2_PDRP32-APND,AS_SP15,,2020-06-01T07:00:00-00:00,2031-01-01T07:59:59-00:00,2020-06-01T00:00:00,2030-12-31T23:59:59
AS_SP15,PGKN_2_PDRP33-APND,AS_SP15,,2020-09-28T07:00:00-00:00,2031-01-01T07:59:59-00:00,2020-09-28T00:00:00,2030-12-31T23:59:59
AS_SP15,PGKN_2_PDRP34-APND,AS_SP15,,2020-09-28T07:00:00-00:00,2031-01-01T07:59:59-00:00,2020-09-28T00:00:00,2030-12-31T23:59:59
AS_SP15,PGKN_2_PDRP35-APND,AS_SP15,,2020-09-28T07:00:00-00:00,2031-01-01T07:59:59-00:00,2020-09-28T00:00:00,2030-12-31T23:59:59
AS_SP15,PGKN_2_PDRP36-APND,AS_SP15,,2020-09-28T07:00:00-00:00,2031-01-01T07:59:59-00:00,2020-09-28T00:00:00,2030-12-31T23:59:59
AS_SP15,PGKN_2_PDRP37-APND,AS_SP15,,2020-09-28T07:00:00-00:00,2031-01-01T07:59:59-00:00,2020-09-28T00:00:00,2030-12-31T23:59:59
AS_SP15,PGKN_2_PDRP38-APND,AS_SP15,,2020-09-28T07:00:00-00:00,2031-01-01T07:59:59-00:00,2020-09-28T00:00:00,2030-12-31T23:59:59
AS_SP15,PGKN_2_PDRP40-APND,AS_SP15,,2020-03-10T07:00:00-00:00,2031-01-01T07:59:59-00:00,2020-03-10T00:00:00,2030-12-31T23:59:59
AS_SP15,PGKN_2_PDRP41-APND,AS_SP15,,2020-03-10T07:00:00-00:00,2031-01-01T07:59:59-00:00,2020-03-10T00:00:00,2030-12-31T23:59:59
AS_SP15,PGKN_2_PDRP42-APND,AS_SP15,,2020-03-10T07:00:00-00:00,2031-01-01T07:59:59-00:00,2020-03-10T00:00:00,2030-12-31T23:59:59
AS_SP15,PGKN_2_PDRP43-APND,AS_SP15,,2020-03-10T07:00:00-00:00,2031-01-01T07:59:59-00:00,2020-03-10T00:00:00,2030-12-31T23:59:59
AS_SP15,PGKN_2_PDRP44-APND,AS_SP15,,2020-03-10T07:00:00-00:00,2031-01-01T07:59:59-00:00,2020-03-10T00:00:00,2030-12-31T23:59:59
AS_SP15,PGKN_2_PDRP48-APND,AS_SP15,,2022-03-30T07:00:00-00:00,2031-01-01T07:59:59-00:00,2022-03-30T00:00:00,2030-12-31T23:59:59
AS_SP15,PGKN_2_PDRP49-APND,AS_SP15,,2022-03-30T07:00:00-00:00,2031-01-01T07:59:59-00:00,2022-03-30T00:00:00,2030-12-31T23:59:59
AS_SP15,PGKN_2_PDRP50-APND,AS_SP15,,2022-03-30T07:00:00-00:00,2031-01-01T07:59:59-00:00,2022-03-30T00:00:00,2030-12-31T23:59:59
AS_SP15,PGKN_2_PDRP51-APND,AS_SP15,,2022-03-30T07:00:00-00:00,2031-01-01T07:59:59-00:00,2022-03-30T00:00:00,2030-12-31T23:59:59
AS_SP15,PGKN_2_PDRP59-APND,AS_SP15,,2024-05-01T07:00:00-00:00,2031-01-01T07:59:59-00:00,2024-05-01T00:00:00,2030-12-31T23:59:59
AS_SP15,PGKN_2_PDRP65-APND,AS_SP15,,2025-12-23T08:00:00-00:00,2031-01-01T07:59:59-00:00,2025-12-23T00:00:00,2030-12-31T23:59:59
AS_SP15,PGKN_2_RDRR02-APND,AS_SP15,,2023-01-06T08:00:00-00:00,2031-01-01T07:59:59-00:00,2023-01-06T00:00:00,2030-12-31T23:59:59
AS_SP15,PGZP_2_PDRP02-APND,AS_SP15,,2017-01-01T08:00:00-00:00,2031-01-01T07:59:59-00:00,2017-01-01T00:00:00,2030-12-31T23:59:59
AS_SP15,PGZP_2_PDRP07-APND,AS_SP15,,2018-05-25T07:00:00-00:00,2031-01-01T07:59:59-00:00,2018-05-25T00:00:00,2030-12-31T23:59:59
AS_SP15,PGZP_2_PDRP08-APND,AS_SP15,,2018-05-25T07:00:00-00:00,2031-01-01T07:59:59-00:00,2018-05-25T00:00:00,2030-12-31T23:59:59
AS_SP15,PGZP_2_PDRP09-APND,AS_SP15,,2018-03-26T07:00:00-00:00,2031-01-01T07:59:59-00:00,2018-03-26T00:00:00,2030-12-31T23:59:59
AS_SP15,PGZP_2_PDRP10-APND,AS_SP15,,2018-03-26T07:00:00-00:00,2031-01-01T07:59:59-00:00,2018-03-26T00:00:00,2030-12-31T23:59:59
AS_SP15,PGZP_2_PDRP104-APND,AS_SP15,,2025-09-29T07:00:00-00:00,2031-01-01T07:59:59-00:00,2025-09-29T00:00:00,2030-12-31T23:59:59
AS_SP15,PGZP_2_PDRP11-APND,AS_SP15,,2018-04-23T07:00:00-00:00,2031-01-01T07:59:59-00:00,2018-04-23T00:00:00,2030-12-31T23:59:59
AS_SP15,PGZP_2_PDRP15-APND,AS_SP15,,2018-10-19T07:00:00-00:00,2031-01-01T07:59:59-00:00,2018-10-19T00:00:00,2030-12-31T23:59:59
AS_SP15,PGZP_2_PDRP16-APND,AS_SP15,,2018-10-19T07:00:00-00:00,2031-01-01T07:59:59-00:00,2018-10-19T00:00:00,2030-12-31T23:59:59
AS_SP15,PGZP_2_PDRP17-APND,AS_SP15,,2018-10-19T07:00:00-00:00,2031-01-01T07:59:59-00:00,2018-10-19T00:00:00,2030-12-31T23:59:59
AS_SP15,PGZP_2_PDRP18-APND,AS_SP15,,2018-10-19T07:00:00-00:00,2031-01-01T07:59:59-00:00,2018-10-19T00:00:00,2030-12-31T23:59:59
AS_SP15,PGZP_2_PDRP19-APND,AS_SP15,,2018-10-19T07:00:00-00:00,2031-01-01T07:59:59-00:00,2018-10-19T00:00:00,2030-12-31T23:59:59
AS_SP15,PGZP_2_PDRP20-APND,AS_SP15,,2018-10-19T07:00:00-00:00,2031-01-01T07:59:59-00:00,2018-10-19T00:00:00,2030-12-31T23:59:59
AS_SP15,PGZP_2_PDRP21-APND,AS_SP15,,2018-10-22T07:00:00-00:00,2031-01-01T07:59:59-00:00,2018-10-22T00:00:00,2030-12-31T23:59:59
AS_SP15,PGZP_2_PDRP22-APND,AS_SP15,,2018-10-22T07:00:00-00:00,2031-01-01T07:59:59-00:00,2018-10-22T00:00:00,2030-12-31T23:59:59
AS_SP15,PGZP_2_PDRP24-APND,AS_SP15,,2018-12-06T08:00:00-00:00,2031-01-01T07:59:59-00:00,2018-12-06T00:00:00,2030-12-31T23:59:59
AS_SP15,PGZP_2_PDRP25-APND,AS_SP15,,2019-01-22T08:00:00-00:00,2031-01-01T07:59:59-00:00,2019-01-22T00:00:00,2030-12-31T23:59:59
AS_SP15,PGZP_2_PDRP26-APND,AS_SP15,,2019-02-28T08:00:00-00:00,2031-01-01T07:59:59-00:00,2019-02-28T00:00:00,2030-12-31T23:59:59
AS_SP15,PGZP_2_PDRP27-APND,AS_SP15,,2019-03-18T07:00:00-00:00,2031-01-01T07:59:59-00:00,2019-03-18T00:00:00,2030-12-31T23:59:59
AS_SP15,PGZP_2_PDRP28-APND,AS_SP15,,2020-04-17T07:00:00-00:00,2031-01-01T07:59:59-00:00,2020-04-17T00:00:00,2030-12-31T23:59:59
AS_SP15,PGZP_2_PDRP29-APND,AS_SP15,,2020-04-17T07:00:00-00:00,2031-01-01T07:59:59-00:00,2020-04-17T00:00:00,2030-12-31T23:59:59
AS_SP15,PGZP_2_PDRP30-APND,AS_SP15,,2019-05-30T07:00:00-00:00,2031-01-01T07:59:59-00:00,2019-05-30T00:00:00,2030-12-31T23:59:59
AS_SP15,PGZP_2_PDRP31-APND,AS_SP15,,2020-04-17T07:00:00-00:00,2031-01-01T07:59:59-00:00,2020-04-17T00:00:00,2030-12-31T23:59:59
AS_SP15,PGZP_2_PDRP32-APND,AS_SP15,,2020-04-17T07:00:00-00:00,2031-01-01T07:59:59-00:00,2020-04-17T00:00:00,2030-12-31T23:59:59
AS_SP15,PGZP_2_PDRP33-APND,AS_SP15,,2020-04-17T07:00:00-00:00,2031-01-01T07:59:59-00:00,2020-04-17T00:00:00,2030-12-31T23:59:59
AS_SP15,PGZP_2_PDRP34-APND,AS_SP15,,2020-09-28T07:00:00-00:00,2031-01-01T07:59:59-00:00,2020-09-28T00:00:00,2030-12-31T23:59:59
AS_SP15,PGZP_2_PDRP35-APND,AS_SP15,,2022-04-21T07:00:00-00:00,2031-01-01T07:59:59-00:00,2022-04-21T00:00:00,2030-12-31T23:59:59
AS_SP15,PGZP_2_PDRP36-APND,AS_SP15,,2022-06-27T07:00:00-00:00,2031-01-01T07:59:59-00:00,2022-06-27T00:00:00,2030-12-31T23:59:59
AS_SP15,PGZP_2_PDRP37-APND,AS_SP15,,2019-09-24T07:00:00-00:00,2031-01-01T07:59:59-00:00,2019-09-24T00:00:00,2030-12-31T23:59:59
AS_SP15,PGZP_2_PDRP40-APND,AS_SP15,,2020-03-10T07:00:00-00:00,2031-01-01T07:59:59-00:00,2020-03-10T00:00:00,2030-12-31T23:59:59
AS_SP15,PGZP_2_PDRP41-APND,AS_SP15,,2020-03-10T07:00:00-00:00,2031-01-01T07:59:59-00:00,2020-03-10T00:00:00,2030-12-31T23:59:59
AS_SP15,PGZP_2_PDRP42-APND,AS_SP15,,2020-03-10T07:00:00-00:00,2031-01-01T07:59:59-00:00,2020-03-10T00:00:00,2030-12-31T23:59:59
AS_SP15,PGZP_2_PDRP43-APND,AS_SP15,,2020-03-10T07:00:00-00:00,2031-01-01T07:59:59-00:00,2020-03-10T00:00:00,2030-12-31T23:59:59
AS_SP15,PGZP_2_PDRP44-APND,AS_SP15,,2020-03-10T07:00:00-00:00,2031-01-01T07:59:59-00:00,2020-03-10T00:00:00,2030-12-31T23:59:59
AS_SP15,PGZP_2_PDRP45-APND,AS_SP15,,2020-06-01T07:00:00-00:00,2031-01-01T07:59:59-00:00,2020-06-01T00:00:00,2030-12-31T23:59:59
AS_SP15,PGZP_2_PDRP48-APND,AS_SP15,,2025-12-23T08:00:00-00:00,2031-01-01T07:59:59-00:00,2025-12-23T00:00:00,2030-12-31T23:59:59
AS_SP15,PGZP_2_PDRP49-APND,AS_SP15,,2022-03-30T07:00:00-00:00,2031-01-01T07:59:59-00:00,2022-03-30T00:00:00,2030-12-31T23:59:59
AS_SP15,PGZP_2_PDRP50-APND,AS_SP15,,2024-04-01T07:00:00-00:00,2031-01-01T07:59:59-00:00,2024-04-01T00:00:00,2030-12-31T23:59:59
AS_SP15,PGZP_2_PDRP51-APND,AS_SP15,,2022-03-30T07:00:00-00:00,2031-01-01T07:59:59-00:00,2022-03-30T00:00:00,2030-12-31T23:59:59
AS_SP15,PGZP_2_PDRP61-APND,AS_SP15,,2024-05-01T07:00:00-00:00,2031-01-01T07:59:59-00:00,2024-05-01T00:00:00,2030-12-31T23:59:59
AS_SP15,PGZP_2_RDRR04-APND,AS_SP15,,2023-06-28T07:00:00-00:00,2031-01-01T07:59:59-00:00,2023-06-28T00:00:00,2030-12-31T23:59:59
AS_SP15,PICOTHM_7_B1,AS_SP15,,2023-05-05T07:00:00-00:00,2031-01-01T07:59:59-00:00,2023-05-05T00:00:00,2030-12-31T23:59:59
AS_SP15,PICO_1_N001,AS_SP15,,2009-03-31T07:00:00-00:00,2031-01-01T07:59:59-00:00,2009-03-31T00:00:00,2030-12-31T23:59:59
AS_SP15,PICO_1_N004,AS_SP15,,2009-03-31T07:00:00-00:00,2031-01-01T07:59:59-00:00,2009-03-31T00:00:00,2030-12-31T23:59:59
AS_SP15,PIOPICO1_7_N001,AS_SP15,,2016-02-11T08:00:00-00:00,2031-01-01T07:59:59-00:00,2016-02-11T00:00:00,2030-12-31T23:59:59
AS_SP15,PIOPICO2_7_N001,AS_SP15,,2016-02-11T08:00:00-00:00,2031-01-01T07:59:59-00:00,2016-02-11T00:00:00,2030-12-31T23:59:59
AS_SP15,PIOPICO3_7_N001,AS_SP15,,2016-02-11T08:00:00-00:00,2031-01-01T07:59:59-00:00,2016-02-11T00:00:00,2030-12-31T23:59:59
AS_SP15,PITCHGEN_7_B1,AS_SP15,,2009-03-31T07:00:00-00:00,2031-01-01T07:59:59-00:00,2009-03-31T00:00:00,2030-12-31T23:59:59
AS_SP15,PIUTE12_7_N002,AS_SP15,,2025-05-13T07:00:00-00:00,2031-01-01T07:59:59-00:00,2025-05-13T00:00:00,2030-12-31T23:59:59
AS_SP15,PIUTE_6_N001,AS_SP15,,2009-03-31T07:00:00-00:00,2031-01-01T07:59:59-00:00,2009-03-31T00:00:00,2030-12-31T23:59:59
AS_SP15,PMPJKG2_7_N001,AS_SP15,,2025-05-13T07:00:00-00:00,2031-01-01T07:59:59-00:00,2025-05-13T00:00:00,2030-12-31T23:59:59
AS_SP15,POD_ACACIA_6_SOLAR-APND,AS_SP15,,2014-10-16T07:00:00-00:00,2031-01-01T07:59:59-00:00,2014-10-16T00:00:00,2030-12-31T23:59:59
AS_SP15,POD_ALAMIT_2_PL1X3-APND,AS_SP15,,2019-09-23T07:00:00-00:00,2031-01-01T07:59:59-00:00,2019-09-23T00:00:00,2030-12-31T23:59:59
AS_SP15,POD_ALAMIT_7_UNIT 5-APND,AS_SP15,,2014-03-26T07:00:00-00:00,2031-01-01T07:59:59-00:00,2014-03-26T00:00:00,2030-12-31T23:59:59
AS_SP15,POD_ALTA3A_2_CPCE4-APND,AS_SP15,,2011-02-11T08:00:00-00:00,2031-01-01T07:59:59-00:00,2011-02-11T00:00:00,2030-12-31T23:59:59
AS_SP15,POD_ALTA3A_2_CPCE5-APND,AS_SP15,,2011-03-11T08:00:00-00:00,2031-01-01T07:59:59-00:00,2011-03-11T00:00:00,2030-12-31T23:59:59
AS_SP15,POD_ALTA4A_2_CPCW1-APND,AS_SP15,,2010-10-01T07:00:00-00:00,2031-01-01T07:59:59-00:00,2010-10-01T00:00:00,2030-12-31T23:59:59
AS_SP15,POD_ALTA4B_2_CPCW2-APND,AS_SP15,,2010-11-04T07:00:00-00:00,2031-01-01T07:59:59-00:00,2010-11-04T00:00:00,2030-12-31T23:59:59
AS_SP15,POD_ALTA4B_2_CPCW3-APND,AS_SP15,,2010-12-17T08:00:00-00:00,2031-01-01T07:59:59-00:00,2010-12-17T00:00:00,2030-12-31T23:59:59
AS_SP15,POD_ALTA6B_2_WIND11-APND,AS_SP15,,2013-11-01T07:00:00-00:00,2031-01-01T07:59:59-00:00,2013-11-01T00:00:00,2030-12-31T23:59:59
AS_SP15,POD_ALTA6E_2_WIND10-APND,AS_SP15,,2013-11-13T08:00:00-00:00,2031-01-01T07:59:59-00:00,2013-11-13T00:00:00,2030-12-31T23:59:59
AS_SP15,POD_ARBWD_6_QF-APND,AS_SP15,,2013-12-15T08:00:00-00:00,2031-01-01T07:59:59-00:00,2013-12-15T00:00:00,2030-12-31T23:59:59
AS_SP15,POD_ARCOGN_2_UNITS-APND,AS_SP15,,2009-03-31T07:00:00-00:00,2031-01-01T07:59:59-00:00,2009-03-31T00:00:00,2030-12-31T23:59:59
AS_SP15,POD_ARVINN_6_ORION1-APND,AS_SP15,,2014-03-12T07:00:00-00:00,2031-01-01T07:59:59-00:00,2014-03-12T00:00:00,2030-12-31T23:59:59
AS_SP15,POD_ARVINN_6_ORION2-APND,AS_SP15,,2014-04-23T07:00:00-00:00,2031-01-01T07:59:59-00:00,2014-04-23T00:00:00,2030-12-31T23:59:59
AS_SP15,POD_ASTORA_2_SOLAR1-APND,AS_SP15,,2016-06-22T07:00:00-00:00,2031-01-01T07:59:59-00:00,2016-06-22T00:00:00,2030-12-31T23:59:59
AS_SP15,POD_ASTORA_2_SOLAR2-APND,AS_SP15,,2016-06-22T07:00:00-00:00,2031-01-01T07:59:59-00:00,2016-06-22T00:00:00,2030-12-31T23:59:59
AS_SP15,POD_BDGRCK_1_UNITS-APND,AS_SP15,,2009-03-31T07:00:00-00:00,2031-01-01T07:59:59-00:00,2009-03-31T00:00:00,2030-12-31T23:59:59
AS_SP15,POD_BEARMT_1_UNIT-APND,AS_SP15,,2009-03-31T07:00:00-00:00,2031-01-01T07:59:59-00:00,2009-03-31T00:00:00,2030-12-31T23:59:59
AS_SP15,POD_BGSKYN_2_AS2SR1-APND,AS_SP15,,2018-09-21T07:00:00-00:00,2031-01-01T07:59:59-00:00,2018-09-21T00:00:00,2030-12-31T23:59:59
AS_SP15,POD_BGSKYN_2_ASPSR2-APND,AS_SP15,,2019-06-10T07:00:00-00:00,2031-01-01T07:59:59-00:00,2019-06-10T00:00:00,2030-12-31T23:59:59
AS_SP15,POD_BGSKYN_2_BS3SR3-APND,AS_SP15,,2019-07-22T07:00:00-00:00,2031-01-01T07:59:59-00:00,2019-07-22T00:00:00,2030-12-31T23:59:59
AS_SP15,POD_BIGCRK_2_EXESWD-APND,AS_SP15,,2009-03-31T07:00:00-00:00,2031-01-01T07:59:59-00:00,2009-03-31T00:00:00,2030-12-31T23:59:59
AS_SP15,POD_BIGSKY_2_BSKSR6-APND,AS_SP15,,2017-11-01T07:00:00-00:00,2031-01-01T07:59:59-00:00,2017-11-01T00:00:00,2030-12-31T23:59:59
AS_SP15,POD_BIGSKY_2_BSKSR7-APND,AS_SP15,,2017-10-18T07:00:00-00:00,2031-01-01T07:59:59-00:00,2017-10-18T00:00:00,2030-12-31T23:59:59
AS_SP15,POD_BIGSKY_2_BSKSR8-APND,AS_SP15,,2017-10-25T07:00:00-00:00,2031-01-01T07:59:59-00:00,2017-10-25T00:00:00,2030-12-31T23:59:59
AS_SP15,POD_BIGSKY_2_SOLAR1-APND,AS_SP15,,2016-07-25T07:00:00-00:00,2031-01-01T07:59:59-00:00,2016-07-25T00:00:00,2030-12-31T23:59:59
AS_SP15,POD_BIGSKY_2_SOLAR2-APND,AS_SP15,,2016-10-01T07:00:00-00:00,2031-01-01T07:59:59-00:00,2016-10-01T00:00:00,2030-12-31T23:59:59
AS_SP15,POD_BIGSKY_2_SOLAR3-APND,AS_SP15,,2016-05-26T07:00:00-00:00,2031-01-01T07:59:59-00:00,2016-05-26T00:00:00,2030-12-31T23:59:59
AS_SP15,POD_BIGSKY_2_SOLAR4-APND,AS_SP15,,2016-10-01T07:00:00-00:00,2031-01-01T07:59:59-00:00,2016-10-01T00:00:00,2030-12-31T23:59:59
AS_SP15,POD_BIGSKY_2_SOLAR6-APND,AS_SP15,,2016-10-15T07:00:00-00:00,2031-01-01T07:59:59-00:00,2016-10-15T00:00:00,2030-12-31T23:59:59
AS_SP15,POD_BIGSKY_2_SOLAR7-APND,AS_SP15,,2016-09-23T07:00:00-00:00,2031-01-01T07:59:59-00:00,2016-09-23T00:00:00,2030-12-31T23:59:59
AS_SP15,POD_BISHOP_1_ALAMO-APND,AS_SP15,,2009-03-31T07:00:00-00:00,2031-01-01T07:59:59-00:00,2009-03-31T00:00:00,2030-12-31T23:59:59
AS_SP15,POD_BISHOP_1_UNITS-APND,AS_SP15,,2009-03-31T07:00:00-00:00,2031-01-01T07:59:59-00:00,2009-03-31T00:00:00,2030-12-31T23:59:59
AS_SP15,POD_BLAST_1_WIND-APND,AS_SP15,,2013-06-01T07:00:00-00:00,2031-01-01T07:59:59-00:00,2013-06-01T00:00:00,2030-12-31T23:59:59
AS_SP15,POD_BLKCRK_2_SOLAR1-APND,AS_SP15,,2015-06-08T07:00:00-00:00,2031-01-01T07:59:59-00:00,2015-06-08T00:00:00,2030-12-31T23:59:59
AS_SP15,POD_BLM_2_UNITS-APND,AS_SP15,,2009-03-31T07:00:00-00:00,2031-01-01T07:59:59-00:00,2009-03-31T00:00:00,2030-12-31T23:59:59
AS_SP15,POD_BORDER_6_UNITA1-APND,AS_SP15,,2009-03-31T07:00:00-00:00,2031-01-01T07:59:59-00:00,2009-03-31T00:00:00,2030-12-31T23:59:59
AS_SP15,POD_BUCKBL_2_PL1X3-APND,AS_SP15,,2010-05-25T07:00:00-00:00,2031-01-01T07:59:59-00:00,2010-05-25T00:00:00,2030-12-31T23:59:59
AS_SP15,POD_BUCKWD_1_QF-APND,AS_SP15,,2013-06-01T07:00:00-00:00,2031-01-01T07:59:59-00:00,2013-06-01T00:00:00,2030-12-31T23:59:59
AS_SP15,POD_CABZON_1_WINDA1-APND,AS_SP15,,2009-03-31T07:00:00-00:00,2031-01-01T07:59:59-00:00,2009-03-31T00:00:00,2030-12-31T23:59:59
AS_SP15,POD_CALFTN_2_SOLAR-APND,AS_SP15,,2016-11-01T07:00:00-00:00,2031-01-01T07:59:59-00:00,2016-11-01T00:00:00,2030-12-31T23:59:59
AS_SP15,POD_CALFTS_2_CFSSR1-APND,AS_SP15,,2018-09-16T07:00:00-00:00,2031-01-01T07:59:59-00:00,2018-09-16T00:00:00,2030-12-31T23:59:59
AS_SP15,POD_CALGEN_1_UNITS-APND,AS_SP15,,2009-03-31T07:00:00-00:00,2031-01-01T07:59:59-00:00,2009-03-31T00:00:00,2030-12-31T23:59:59
AS_SP15,POD_CAMLOT_2_SOLAR1-APND,AS_SP15,,2014-09-24T07:00:00-00:00,2031-01-01T07:59:59-00:00,2014-09-24T00:00:00,2030-12-31T23:59:59
AS_SP15,POD_CAMLOT_2_SOLAR2-APND,AS_SP15,,2014-09-24T07:00:00-00:00,2031-01-01T07:59:59-00:00,2014-09-24T00:00:00,2030-12-31T23:59:59
AS_SP15,POD_CARLS1_2_CARCT1-APND,AS_SP15,,2018-04-05T07:00:00-00:00,2031-01-01T07:59:59-00:00,2018-04-05T00:00:00,2030-12-31T23:59:59
AS_SP15,POD_CARLS2_1_CARCT1-APND,AS_SP15,,2018-04-05T07:00:00-00:00,2031-01-01T07:59:59-00:00,2018-04-05T00:00:00,2030-12-31T23:59:59
AS_SP15,POD_CATLNA_2_SOLAR2-APND,AS_SP15,,2015-05-05T07:00:00-00:00,2031-01-01T07:59:59-00:00,2015-05-05T00:00:00,2030-12-31T23:59:59
AS_SP15,POD_CEDUCR_2_SOLAR1-APND,AS_SP15,,2016-10-03T07:00:00-00:00,2031-01-01T07:59:59-00:00,2016-10-03T00:00:00,2030-12-31T23:59:59
AS_SP15,POD_CEDUCR_2_SOLAR2-APND,AS_SP15,,2016-10-03T07:00:00-00:00,2031-01-01T07:59:59-00:00,2016-10-03T00:00:00,2030-12-31T23:59:59
AS_SP15,POD_CEDUCR_2_SOLAR3-APND,AS_SP15,,2016-10-03T07:00:00-00:00,2031-01-01T07:59:59-00:00,2016-10-03T00:00:00,2030-12-31T23:59:59
AS_SP15,POD_CEDUCR_2_SOLAR4-APND,AS_SP15,,2016-10-03T07:00:00-00:00,2031-01-01T07:59:59-00:00,2016-10-03T00:00:00,2030-12-31T23:59:59
AS_SP15,POD_CENTRY_6_PL1X4-APND,AS_SP15,,2009-03-31T07:00:00-00:00,2031-01-01T07:59:59-00:00,2009-03-31T00:00:00,2030-12-31T23:59:59
AS_SP15,POD_CHALK_1_UNIT-APND,AS_SP15,,2009-03-31T07:00:00-00:00,2031-01-01T07:59:59-00:00,2009-03-31T00:00:00,2030-12-31T23:59:59
AS_SP15,POD_CNTNLA_2_SOLAR1-APND,AS_SP15,,2013-07-24T07:00:00-00:00,2031-01-01T07:59:59-00:00,2013-07-24T00:00:00,2030-12-31T23:59:59
AS_SP15,POD_CNTNLA_2_SOLAR2-APND,AS_SP15,,2014-03-21T07:00:00-00:00,2031-01-01T07:59:59-00:00,2014-03-21T00:00:00,2030-12-31T23:59:59
AS_SP15,POD_COLTON_6_AGUAM1-APND,AS_SP15,,2009-03-31T07:00:00-00:00,2031-01-01T07:59:59-00:00,2009-03-31T00:00:00,2030-12-31T23:59:59
AS_SP15,POD_CONTRL_1_POOLE-APND,AS_SP15,,2009-03-31T07:00:00-00:00,2031-01-01T07:59:59-00:00,2009-03-31T00:00:00,2030-12-31T23:59:59
AS_SP15,POD_CONTRL_1_QF-APND,AS_SP15,,2009-03-31T07:00:00-00:00,2031-01-01T07:59:59-00:00,2009-03-31T00:00:00,2030-12-31T23:59:59
AS_SP15,POD_CPVERD_2_SOLAR-APND,AS_SP15,,2013-07-27T07:00:00-00:00,2031-01-01T07:59:59-00:00,2013-07-27T00:00:00,2030-12-31T23:59:59
AS_SP15,POD_CRSTWD_6_KUMYAY-APND,AS_SP15,,2009-03-31T07:00:00-00:00,2031-01-01T07:59:59-00:00,2009-03-31T00:00:00,2030-12-31T23:59:59
AS_SP15,POD_CUYAMS_6_CUYSR1-APND,AS_SP15,,2017-10-10T07:00:00-00:00,2031-01-01T07:59:59-00:00,2017-10-10T00:00:00,2030-12-31T23:59:59
AS_SP15,POD_DIABLO_7_UNIT 1-APND,AS_SP15,,2009-03-31T07:00:00-00:00,2031-01-01T07:59:59-00:00,2009-03-31T00:00:00,2030-12-31T23:59:59
AS_SP15,POD_DIABLO_7_UNIT 2-APND,AS_SP15,,2009-03-31T07:00:00-00:00,2031-01-01T07:59:59-00:00,2009-03-31T00:00:00,2030-12-31T23:59:59
AS_SP15,POD_DISCOV_1_CHEVRN-APND,AS_SP15,,2009-03-31T07:00:00-00:00,2031-01-01T07:59:59-00:00,2009-03-31T00:00:00,2030-12-31T23:59:59
AS_SP15,POD_DOUBLC_1_UNITS-APND,AS_SP15,,2009-03-31T07:00:00-00:00,2031-01-01T07:59:59-00:00,2009-03-31T00:00:00,2030-12-31T23:59:59
AS_SP15,POD_DRACKR_2_SOLAR1-APND,AS_SP15,,2015-12-08T08:00:00-00:00,2031-01-01T07:59:59-00:00,2015-12-08T00:00:00,2030-12-31T23:59:59
AS_SP15,POD_DRACKR_2_SOLAR2-APND,AS_SP15,,2016-04-19T07:00:00-00:00,2031-01-01T07:59:59-00:00,2016-04-19T00:00:00,2030-12-31T23:59:59
AS_SP15,POD_DREWS_6_PL1X4-APND,AS_SP15,,2009-03-31T07:00:00-00:00,2031-01-01T07:59:59-00:00,2009-03-31T00:00:00,2030-12-31T23:59:59
AS_SP15,POD_DSFLWR_2_WS2SR1-APND,AS_SP15,,2018-11-08T08:00:00-00:00,2031-01-01T07:59:59-00:00,2018-11-08T00:00:00,2030-12-31T23:59:59
AS_SP15,POD_DSRTSL_2_SOLAR1-APND,AS_SP15,,2015-11-08T08:00:00-00:00,2031-01-01T07:59:59-00:00,2015-11-08T00:00:00,2030-12-31T23:59:59
AS_SP15,POD_DSRTSN_2_SOLAR1-APND,AS_SP15,,2013-07-10T07:00:00-00:00,2031-01-01T07:59:59-00:00,2013-07-10T00:00:00,2030-12-31T23:59:59
AS_SP15,POD_DSRTSN_2_SOLAR2-APND,AS_SP15,,2013-09-04T07:00:00-00:00,2031-01-01T07:59:59-00:00,2013-09-04T00:00:00,2030-12-31T23:59:59
AS_SP15,POD_DTCHWD_2_BT3WND-APND,AS_SP15,,2016-04-22T07:00:00-00:00,2031-01-01T07:59:59-00:00,2016-04-22T00:00:00,2030-12-31T23:59:59
AS_SP15,POD_DVLCYN_1_UNITS-APND,AS_SP15,,2009-03-31T07:00:00-00:00,2031-01-01T07:59:59-00:00,2009-03-31T00:00:00,2030-12-31T23:59:59
AS_SP15,POD_EASTWD_7_UNIT-APND,AS_SP15,,2009-03-31T07:00:00-00:00,2031-01-01T07:59:59-00:00,2009-03-31T00:00:00,2030-12-31T23:59:59
AS_SP15,POD_ELCAJN_6_UNITA1-APND,AS_SP15,,2009-03-31T07:00:00-00:00,2031-01-01T07:59:59-00:00,2009-03-31T00:00:00,2030-12-31T23:59:59
AS_SP15,POD_ELKHIL_2_PL1X3-APND,AS_SP15,,2009-03-31T07:00:00-00:00,2031-01-01T07:59:59-00:00,2009-03-31T00:00:00,2030-12-31T23:59:59
AS_SP15,POD_ELSEGN_2_UN1011-APND,AS_SP15,,2013-04-04T07:00:00-00:00,2031-01-01T07:59:59-00:00,2013-04-04T00:00:00,2030-12-31T23:59:59
AS_SP15,POD_ELSEGN_2_UN2021-APND,AS_SP15,,2013-04-04T07:00:00-00:00,2031-01-01T07:59:59-00:00,2013-04-04T00:00:00,2030-12-31T23:59:59
AS_SP15,POD_ENERSJ_2_WIND-APND,AS_SP15,,2015-01-21T08:00:00-00:00,2031-01-01T07:59:59-00:00,2015-01-21T00:00:00,2030-12-31T23:59:59
AS_SP15,POD_ENWIND_2_WIND1-APND,AS_SP15,,2014-11-19T08:00:00-00:00,2031-01-01T07:59:59-00:00,2014-11-19T00:00:00,2030-12-31T23:59:59
AS_SP15,POD_ENWIND_2_WIND2-APND,AS_SP15,,2015-01-31T08:00:00-00:00,2031-01-01T07:59:59-00:00,2015-01-31T00:00:00,2030-12-31T23:59:59
AS_SP15,POD_ESCNDO_6_PL1X2-APND,AS_SP15,,2009-03-31T07:00:00-00:00,2031-01-01T07:59:59-00:00,2009-03-31T00:00:00,2030-12-31T23:59:59
AS_SP15,POD_ESCNDO_6_UNITB1-APND,AS_SP15,,2009-03-31T07:00:00-00:00,2031-01-01T07:59:59-00:00,2009-03-31T00:00:00,2030-12-31T23:59:59
AS_SP15,POD_EXCLSG_1_SOLAR-APND,AS_SP15,,2016-07-11T07:00:00-00:00,2031-01-01T07:59:59-00:00,2016-07-11T00:00:00,2030-12-31T23:59:59
AS_SP15,POD_FLOWD_2_RT2WD2-APND,AS_SP15,,2018-10-12T07:00:00-00:00,2031-01-01T07:59:59-00:00,2018-10-12T00:00:00,2030-12-31T23:59:59
AS_SP15,POD_FLOWD_2_WIND1-APND,AS_SP15,,2015-12-31T08:00:00-00:00,2031-01-01T07:59:59-00:00,2015-12-31T00:00:00,2030-12-31T23:59:59
AS_SP15,POD_FRNTBW_6_SOLAR1-APND,AS_SP15,,2018-05-25T07:00:00-00:00,2031-01-01T07:59:59-00:00,2018-05-25T00:00:00,2030-12-31T23:59:59
AS_SP15,POD_GALE_1_SR3SR3-APND,AS_SP15,,2017-05-25T07:00:00-00:00,2031-01-01T07:59:59-00:00,2017-05-25T00:00:00,2030-12-31T23:59:59
AS_SP15,POD_GARLND_2_GASLR-APND,AS_SP15,,2016-05-27T07:00:00-00:00,2031-01-01T07:59:59-00:00,2016-05-27T00:00:00,2030-12-31T23:59:59
AS_SP15,POD_GARLND_2_GASLRA-APND,AS_SP15,,2016-05-26T07:00:00-00:00,2031-01-01T07:59:59-00:00,2016-05-26T00:00:00,2030-12-31T23:59:59
AS_SP15,POD_GARNET_1_SOLAR-APND,AS_SP15,,2013-06-01T07:00:00-00:00,2031-01-01T07:59:59-00:00,2013-06-01T00:00:00,2030-12-31T23:59:59
AS_SP15,POD_GARNET_1_WIND-APND,AS_SP15,,2013-06-01T07:00:00-00:00,2031-01-01T07:59:59-00:00,2013-06-01T00:00:00,2030-12-31T23:59:59
AS_SP15,POD_GARNET_1_WINDS-APND,AS_SP15,,2013-06-01T07:00:00-00:00,2031-01-01T07:59:59-00:00,2013-06-01T00:00:00,2030-12-31T23:59:59
AS_SP15,POD_GARNET_1_WT3WND-APND,AS_SP15,,2013-06-01T07:00:00-00:00,2031-01-01T07:59:59-00:00,2013-06-01T00:00:00,2030-12-31T23:59:59
AS_SP15,POD_GARNET_2_WIND1-APND,AS_SP15,,2015-01-20T08:00:00-00:00,2031-01-01T07:59:59-00:00,2015-01-20T00:00:00,2030-12-31T23:59:59
AS_SP15,POD_GARNET_2_WIND2-APND,AS_SP15,,2015-08-01T07:00:00-00:00,2031-01-01T07:59:59-00:00,2015-08-01T00:00:00,2030-12-31T23:59:59
AS_SP15,POD_GARNET_2_WIND3-APND,AS_SP15,,2015-12-01T08:00:00-00:00,2031-01-01T07:59:59-00:00,2015-12-01T00:00:00,2030-12-31T23:59:59
AS_SP15,POD_GARNET_2_WIND4-APND,AS_SP15,,2015-11-24T08:00:00-00:00,2031-01-01T07:59:59-00:00,2015-11-24T00:00:00,2030-12-31T23:59:59
AS_SP15,POD_GARNET_2_WIND5-APND,AS_SP15,,2016-03-01T08:00:00-00:00,2031-01-01T07:59:59-00:00,2016-03-01T00:00:00,2030-12-31T23:59:59
AS_SP15,POD_GASKW1_2_GW1SR1-APND,AS_SP15,,2018-01-29T08:00:00-00:00,2031-01-01T07:59:59-00:00,2018-01-29T00:00:00,2030-12-31T23:59:59
AS_SP15,POD_GENESI_2_STG-APND,AS_SP15,,2013-10-01T07:00:00-00:00,2031-01-01T07:59:59-00:00,2013-10-01T00:00:00,2030-12-31T23:59:59
AS_SP15,POD_GIFENS_6_BUGSL1-APND,AS_SP15,,2017-03-10T08:00:00-00:00,2031-01-01T07:59:59-00:00,2017-03-10T00:00:00,2030-12-31T23:59:59
AS_SP15,POD_GLDFGR_6_SOLAR1-APND,AS_SP15,,2017-01-14T08:00:00-00:00,2031-01-01T07:59:59-00:00,2017-01-14T00:00:00,2030-12-31T23:59:59
AS_SP15,POD_GLDFGR_6_SOLAR2-APND,AS_SP15,,2016-12-08T08:00:00-00:00,2031-01-01T07:59:59-00:00,2016-12-08T00:00:00,2030-12-31T23:59:59
AS_SP15,POD_GLDTWN_6_COLUM3-APND,AS_SP15,,2013-12-15T08:00:00-00:00,2031-01-01T07:59:59-00:00,2013-12-15T00:00:00,2030-12-31T23:59:59
AS_SP15,POD_GLDTWN_6_SOLAR-APND,AS_SP15,,2013-12-15T08:00:00-00:00,2031-01-01T07:59:59-00:00,2013-12-15T00:00:00,2030-12-31T23:59:59
AS_SP15,POD_GLNARM_2_UNIT 5-APND,AS_SP15,,2016-03-30T07:00:00-00:00,2031-01-01T07:59:59-00:00,2016-03-30T00:00:00,2030-12-31T23:59:59
AS_SP15,POD_HENRTS_1_SOLAR-APND,AS_SP15,,2016-06-08T07:00:00-00:00,2031-01-01T07:59:59-00:00,2016-06-08T00:00:00,2030-12-31T23:59:59
AS_SP15,POD_HIDSRT_2_UNITS-APND,AS_SP15,,2009-03-31T07:00:00-00:00,2031-01-01T07:59:59-00:00,2009-03-31T00:00:00,2030-12-31T23:59:59
AS_SP15,POD_HNTGBH_2_PL1X3-APND,AS_SP15,,2019-09-23T07:00:00-00:00,2031-01-01T07:59:59-00:00,2019-09-23T00:00:00,2030-12-31T23:59:59
AS_SP15,POD_HNTGBH_7_UNIT 2-APND,AS_SP15,,2009-03-31T07:00:00-00:00,2031-01-01T07:59:59-00:00,2009-03-31T00:00:00,2030-12-31T23:59:59
AS_SP15,POD_INDIGO_1_UNIT 1-APND,AS_SP15,,2009-03-31T07:00:00-00:00,2031-01-01T07:59:59-00:00,2009-03-31T00:00:00,2030-12-31T23:59:59
AS_SP15,POD_INDIGO_1_UNIT 2-APND,AS_SP15,,2009-03-31T07:00:00-00:00,2031-01-01T07:59:59-00:00,2009-03-31T00:00:00,2030-12-31T23:59:59
AS_SP15,POD_INDIGO_1_UNIT 3-APND,AS_SP15,,2009-03-31T07:00:00-00:00,2031-01-01T07:59:59-00:00,2009-03-31T00:00:00,2030-12-31T23:59:59
AS_SP15,POD_IVANPA_1_UNIT1-APND,AS_SP15,,2013-08-30T07:00:00-00:00,2031-01-01T07:59:59-00:00,2013-08-30T00:00:00,2030-12-31T23:59:59
AS_SP15,POD_IVANPA_1_UNIT2-APND,AS_SP15,,2013-11-27T08:00:00-00:00,2031-01-01T07:59:59-00:00,2013-11-27T00:00:00,2030-12-31T23:59:59
AS_SP15,POD_IVANPA_1_UNIT3-APND,AS_SP15,,2013-10-07T07:00:00-00:00,2031-01-01T07:59:59-00:00,2013-10-07T00:00:00,2030-12-31T23:59:59
AS_SP15,POD_IVSLR2_2_SM2SR1-APND,AS_SP15,,2019-09-20T07:00:00-00:00,2031-01-01T07:59:59-00:00,2019-09-20T00:00:00,2030-12-31T23:59:59
AS_SP15,POD_IVSLRP_2_SOLAR1-APND,AS_SP15,,2013-07-26T07:00:00-00:00,2031-01-01T07:59:59-00:00,2013-07-26T00:00:00,2030-12-31T23:59:59
AS_SP15,POD_IVWEST_2_SOLAR1-APND,AS_SP15,,2015-03-05T08:00:00-00:00,2031-01-01T07:59:59-00:00,2015-03-05T00:00:00,2030-12-31T23:59:59
AS_SP15,POD_JACMSR_1_JACSR1-APND,AS_SP15,,2017-07-07T07:00:00-00:00,2031-01-01T07:59:59-00:00,2017-07-07T00:00:00,2030-12-31T23:59:59
AS_SP15,POD_JAYNE_6_WLSLR-APND,AS_SP15,,2014-01-27T08:00:00-00:00,2031-01-01T07:59:59-00:00,2014-01-27T00:00:00,2030-12-31T23:59:59
AS_SP15,POD_KERNFT_1_UNITS-APND,AS_SP15,,2009-03-31T07:00:00-00:00,2031-01-01T07:59:59-00:00,2009-03-31T00:00:00,2030-12-31T23:59:59
AS_SP15,POD_KERRGN_1_UNIT 1-APND,AS_SP15,,2013-12-15T08:00:00-00:00,2031-01-01T07:59:59-00:00,2013-12-15T00:00:00,2030-12-31T23:59:59
AS_SP15,POD_KNGBRD_2_SOLAR1-APND,AS_SP15,,2015-11-05T08:00:00-00:00,2031-01-01T07:59:59-00:00,2015-11-05T00:00:00,2030-12-31T23:59:59
AS_SP15,POD_KNGBRD_2_SOLAR2-APND,AS_SP15,,2015-11-01T07:00:00-00:00,2031-01-01T07:59:59-00:00,2015-11-01T00:00:00,2030-12-31T23:59:59
AS_SP15,POD_LAMONT_1_SOLAR1-APND,AS_SP15,,2014-10-27T07:00:00-00:00,2031-01-01T07:59:59-00:00,2014-10-27T00:00:00,2030-12-31T23:59:59
AS_SP15,POD_LAMONT_1_SOLAR2-APND,AS_SP15,,2017-11-20T08:00:00-00:00,2031-01-01T07:59:59-00:00,2017-11-20T00:00:00,2030-12-31T23:59:59
AS_SP15,POD_LAMONT_1_SOLAR3-APND,AS_SP15,,2015-08-16T07:00:00-00:00,2031-01-01T07:59:59-00:00,2015-08-16T00:00:00,2030-12-31T23:59:59
AS_SP15,POD_LAMONT_1_SOLAR4-APND,AS_SP15,,2015-07-13T07:00:00-00:00,2031-01-01T07:59:59-00:00,2015-07-13T00:00:00,2030-12-31T23:59:59
AS_SP15,POD_LAMONT_1_SOLAR5-APND,AS_SP15,,2015-06-22T07:00:00-00:00,2031-01-01T07:59:59-00:00,2015-06-22T00:00:00,2030-12-31T23:59:59
AS_SP15,POD_LAPLMA_2_UNIT 1-APND,AS_SP15,,2019-06-12T07:00:00-00:00,2031-01-01T07:59:59-00:00,2019-06-12T00:00:00,2030-12-31T23:59:59
AS_SP15,POD_LAPLMA_2_UNIT 2-APND,AS_SP15,,2019-06-12T07:00:00-00:00,2031-01-01T07:59:59-00:00,2019-06-12T00:00:00,2030-12-31T23:59:59
AS_SP15,POD_LAPLMA_2_UNIT 3-APND,AS_SP15,,2019-06-12T07:00:00-00:00,2031-01-01T07:59:59-00:00,2019-06-12T00:00:00,2030-12-31T23:59:59
AS_SP15,POD_LAPLMA_2_UNIT 4-APND,AS_SP15,,2019-06-12T07:00:00-00:00,2031-01-01T07:59:59-00:00,2019-06-12T00:00:00,2030-12-31T23:59:59
AS_SP15,POD_LARKSP_6_UNIT 1-APND,AS_SP15,,2009-03-31T07:00:00-00:00,2031-01-01T07:59:59-00:00,2009-03-31T00:00:00,2030-12-31T23:59:59
AS_SP15,POD_LARKSP_6_UNIT 2-APND,AS_SP15,,2009-03-31T07:00:00-00:00,2031-01-01T07:59:59-00:00,2009-03-31T00:00:00,2030-12-31T23:59:59
AS_SP15,POD_LAROA2_2_UNITA1-APND,AS_SP15,,2009-03-31T07:00:00-00:00,2031-01-01T07:59:59-00:00,2009-03-31T00:00:00,2030-12-31T23:59:59
AS_SP15,POD_LEBECS_2_UNITS-APND,AS_SP15,,2009-03-31T07:00:00-00:00,2031-01-01T07:59:59-00:00,2009-03-31T00:00:00,2030-12-31T23:59:59
AS_SP15,POD_MIDWD_2_WIND2-APND,AS_SP15,,2015-12-06T08:00:00-00:00,2031-01-01T07:59:59-00:00,2015-12-06T00:00:00,2030-12-31T23:59:59
AS_SP15,POD_MIDWD_7_CORAMB-APND,AS_SP15,,2013-12-15T08:00:00-00:00,2031-01-01T07:59:59-00:00,2013-12-15T00:00:00,2030-12-31T23:59:59
AS_SP15,POD_MOJAVE_1_SIPHON-APND,AS_SP15,,2009-03-31T07:00:00-00:00,2031-01-01T07:59:59-00:00,2009-03-31T00:00:00,2030-12-31T23:59:59
AS_SP15,POD_MOJAVW_2_SOLAR-APND,AS_SP15,,2016-05-09T07:00:00-00:00,2031-01-01T07:59:59-00:00,2016-05-09T00:00:00,2030-12-31T23:59:59
AS_SP15,POD_MORWD_6_QF-APND,AS_SP15,,2016-12-30T08:00:00-00:00,2031-01-01T07:59:59-00:00,2016-12-30T00:00:00,2030-12-31T23:59:59
AS_SP15,POD_MRGT_6_MMAREF-APND,AS_SP15,,2009-03-31T07:00:00-00:00,2031-01-01T07:59:59-00:00,2009-03-31T00:00:00,2030-12-31T23:59:59
AS_SP15,POD_MSOLAR_2_SOLAR2-APND,AS_SP15,,2016-09-01T07:00:00-00:00,2031-01-01T07:59:59-00:00,2016-09-01T00:00:00,2030-12-31T23:59:59
AS_SP15,POD_MSOLAR_2_SOLAR3-APND,AS_SP15,,2018-04-24T07:00:00-00:00,2031-01-01T07:59:59-00:00,2018-04-24T00:00:00,2030-12-31T23:59:59
AS_SP15,POD_MSTANG_2_SOLAR3-APND,AS_SP15,,2016-02-18T08:00:00-00:00,2031-01-01T07:59:59-00:00,2016-02-18T00:00:00,2030-12-31T23:59:59
AS_SP15,POD_MTNPOS_1_UNIT-APND,AS_SP15,,2011-10-19T07:00:00-00:00,2031-01-01T07:59:59-00:00,2011-10-19T00:00:00,2030-12-31T23:59:59
AS_SP15,POD_MTWIND_1_UNIT 3-APND,AS_SP15,,2013-06-01T07:00:00-00:00,2031-01-01T07:59:59-00:00,2013-06-01T00:00:00,2030-12-31T23:59:59
AS_SP15,POD_NAVYII_2_UNITS-APND,AS_SP15,,2009-03-31T07:00:00-00:00,2031-01-01T07:59:59-00:00,2009-03-31T00:00:00,2030-12-31T23:59:59
AS_SP15,POD_NZWIND_2_WDSTR5-APND,AS_SP15,,2016-01-24T08:00:00-00:00,2031-01-01T07:59:59-00:00,2016-01-24T00:00:00,2030-12-31T23:59:59
AS_SP15,POD_NZWIND_6_CALWND-APND,AS_SP15,,2013-12-15T08:00:00-00:00,2031-01-01T07:59:59-00:00,2013-12-15T00:00:00,2030-12-31T23:59:59
AS_SP15,POD_NZWIND_6_WDSTR-APND,AS_SP15,,2014-04-23T07:00:00-00:00,2031-01-01T07:59:59-00:00,2014-04-23T00:00:00,2030-12-31T23:59:59
AS_SP15,POD_NZWIND_6_WDSTR2-APND,AS_SP15,,2014-08-31T07:00:00-00:00,2031-01-01T07:59:59-00:00,2014-08-31T00:00:00,2030-12-31T23:59:59
AS_SP15,POD_NZWIND_6_WDSTR3-APND,AS_SP15,,2014-11-30T08:00:00-00:00,2031-01-01T07:59:59-00:00,2014-11-30T00:00:00,2030-12-31T23:59:59
AS_SP15,POD_NZWIND_6_WDSTR4-APND,AS_SP15,,2015-10-24T07:00:00-00:00,2031-01-01T07:59:59-00:00,2015-10-24T00:00:00,2030-12-31T23:59:59
AS_SP15,POD_OAKWD_6_QF-APND,AS_SP15,,2017-01-31T08:00:00-00:00,2031-01-01T07:59:59-00:00,2017-01-31T00:00:00,2030-12-31T23:59:59
AS_SP15,POD_OAKWD_6_ZEPHWD-APND,AS_SP15,,2014-01-26T08:00:00-00:00,2031-01-01T07:59:59-00:00,2014-01-26T00:00:00,2030-12-31T23:59:59
AS_SP15,POD_OMAR_2_UNIT 1-APND,AS_SP15,,2009-12-17T08:00:00-00:00,2031-01-01T07:59:59-00:00,2009-12-17T00:00:00,2030-12-31T23:59:59
AS_SP15,POD_OMAR_2_UNIT 2-APND,AS_SP15,,2009-12-17T08:00:00-00:00,2031-01-01T07:59:59-00:00,2009-12-17T00:00:00,2030-12-31T23:59:59
AS_SP15,POD_OMAR_2_UNIT 3-APND,AS_SP15,,2009-12-17T08:00:00-00:00,2031-01-01T07:59:59-00:00,2009-12-17T00:00:00,2030-12-31T23:59:59
AS_SP15,POD_OMAR_2_UNIT 4-APND,AS_SP15,,2009-12-17T08:00:00-00:00,2031-01-01T07:59:59-00:00,2009-12-17T00:00:00,2030-12-31T23:59:59
AS_SP15,POD_ORMOND_7_UNIT 1-APND,AS_SP15,,2009-03-31T07:00:00-00:00,2031-01-01T07:59:59-00:00,2009-03-31T00:00:00,2030-12-31T23:59:59
AS_SP15,POD_ORMOND_7_UNIT 2-APND,AS_SP15,,2009-03-31T07:00:00-00:00,2031-01-01T07:59:59-00:00,2009-03-31T00:00:00,2030-12-31T23:59:59
AS_SP15,POD_OTAY_6_PL1X2-APND,AS_SP15,,2009-03-31T07:00:00-00:00,2031-01-01T07:59:59-00:00,2009-03-31T00:00:00,2030-12-31T23:59:59
AS_SP15,POD_OTMESA_2_PL1X3-APND,AS_SP15,,2009-07-20T07:00:00-00:00,2031-01-01T07:59:59-00:00,2009-07-20T00:00:00,2030-12-31T23:59:59
AS_SP15,POD_PAIGES_6_SOLAR-APND,AS_SP15,,2016-10-31T07:00:00-00:00,2031-01-01T07:59:59-00:00,2016-10-31T00:00:00,2030-12-31T23:59:59
AS_SP15,POD_PALOMR_2_PL1X3-APND,AS_SP15,,2009-03-31T07:00:00-00:00,2031-01-01T07:59:59-00:00,2009-03-31T00:00:00,2030-12-31T23:59:59
AS_SP15,POD_PIOPIC_2_CTG1-APND,AS_SP15,,2016-05-26T07:00:00-00:00,2031-01-01T07:59:59-00:00,2016-05-26T00:00:00,2030-12-31T23:59:59
AS_SP15,POD_PIOPIC_2_CTG2-APND,AS_SP15,,2016-05-26T07:00:00-00:00,2031-01-01T07:59:59-00:00,2016-05-26T00:00:00,2030-12-31T23:59:59
AS_SP15,POD_PIOPIC_2_CTG3-APND,AS_SP15,,2016-05-26T07:00:00-00:00,2031-01-01T07:59:59-00:00,2016-05-26T00:00:00,2030-12-31T23:59:59
AS_SP15,POD_PMPJCK_1_RB2SLR-APND,AS_SP15,,2016-11-01T07:00:00-00:00,2031-01-01T07:59:59-00:00,2016-11-01T00:00:00,2030-12-31T23:59:59
AS_SP15,POD_PMPJCK_1_SOLAR1-APND,AS_SP15,,2014-12-18T08:00:00-00:00,2031-01-01T07:59:59-00:00,2014-12-18T00:00:00,2030-12-31T23:59:59
AS_SP15,POD_PRIMM_2_SOLAR1-APND,AS_SP15,,2015-10-01T07:00:00-00:00,2031-01-01T07:59:59-00:00,2015-10-01T00:00:00,2030-12-31T23:59:59
AS_SP15,POD_RATSKE_2_NROSR1-APND,AS_SP15,,2019-03-24T07:00:00-00:00,2031-01-01T07:59:59-00:00,2019-03-24T00:00:00,2030-12-31T23:59:59
AS_SP15,POD_RENWD_1_QF-APND,AS_SP15,,2013-06-01T07:00:00-00:00,2031-01-01T07:59:59-00:00,2013-06-01T00:00:00,2030-12-31T23:59:59
AS_SP15,POD_ROSMND_6_SOLAR-APND,AS_SP15,,2016-12-09T08:00:00-00:00,2031-01-01T07:59:59-00:00,2016-12-09T00:00:00,2030-12-31T23:59:59
AS_SP15,POD_RSMSLR_6_SOLAR1-APND,AS_SP15,,2013-12-10T08:00:00-00:00,2031-01-01T07:59:59-00:00,2013-12-10T00:00:00,2030-12-31T23:59:59
AS_SP15,POD_RSMSLR_6_SOLAR2-APND,AS_SP15,,2013-12-10T08:00:00-00:00,2031-01-01T07:59:59-00:00,2013-12-10T00:00:00,2030-12-31T23:59:59
AS_SP15,POD_RTEDDY_2_SOLAR1-APND,AS_SP15,,2016-09-30T07:00:00-00:00,2031-01-01T07:59:59-00:00,2016-09-30T00:00:00,2030-12-31T23:59:59
AS_SP15,POD_RTEDDY_2_SOLAR2-APND,AS_SP15,,2016-09-30T07:00:00-00:00,2031-01-01T07:59:59-00:00,2016-09-30T00:00:00,2030-12-31T23:59:59
AS_SP15,POD_RTREE_2_WIND1-APND,AS_SP15,,2014-12-09T08:00:00-00:00,2031-01-01T07:59:59-00:00,2014-12-09T00:00:00,2030-12-31T23:59:59
AS_SP15,POD_RTREE_2_WIND2-APND,AS_SP15,,2014-12-09T08:00:00-00:00,2031-01-01T07:59:59-00:00,2014-12-09T00:00:00,2030-12-31T23:59:59
AS_SP15,POD_RTREE_2_WIND3-APND,AS_SP15,,2015-04-15T07:00:00-00:00,2031-01-01T07:59:59-00:00,2015-04-15T00:00:00,2030-12-31T23:59:59
AS_SP15,POD_RVSIDE_6_RERCU1-APND,AS_SP15,,2009-03-31T07:00:00-00:00,2031-01-01T07:59:59-00:00,2009-03-31T00:00:00,2030-12-31T23:59:59
AS_SP15,POD_RVSIDE_6_RERCU2-APND,AS_SP15,,2009-03-31T07:00:00-00:00,2031-01-01T07:59:59-00:00,2009-03-31T00:00:00,2030-12-31T23:59:59
AS_SP15,POD_SANDLT_2_SUNITS-APND,AS_SP15,,2014-08-11T07:00:00-00:00,2031-01-01T07:59:59-00:00,2014-08-11T00:00:00,2030-12-31T23:59:59
AS_SP15,POD_SANWD_1_QF-APND,AS_SP15,,2013-06-01T07:00:00-00:00,2031-01-01T07:59:59-00:00,2013-06-01T00:00:00,2030-12-31T23:59:59
AS_SP15,POD_SEARLS_7_ARGUS-APND,AS_SP15,,2009-03-31T07:00:00-00:00,2031-01-01T07:59:59-00:00,2009-03-31T00:00:00,2030-12-31T23:59:59
AS_SP15,POD_SEAWND_2_AMWWD1-APND,AS_SP15,,2025-07-15T07:00:00-00:00,2031-01-01T07:59:59-00:00,2025-07-15T00:00:00,2030-12-31T23:59:59
AS_SP15,POD_SEGS_1_SR2SL2-APND,AS_SP15,,2017-05-09T07:00:00-00:00,2031-01-01T07:59:59-00:00,2017-05-09T00:00:00,2030-12-31T23:59:59
AS_SP15,POD_SIERRA_1_UNITS-APND,AS_SP15,,2009-03-31T07:00:00-00:00,2031-01-01T07:59:59-00:00,2009-03-31T00:00:00,2030-12-31T23:59:59
AS_SP15,POD_SKERN_6_SOLAR1-APND,AS_SP15,,2015-02-26T08:00:00-00:00,2031-01-01T07:59:59-00:00,2015-02-26T00:00:00,2030-12-31T23:59:59
AS_SP15,POD_SKERN_6_SOLAR2-APND,AS_SP15,,2016-02-15T08:00:00-00:00,2031-01-01T07:59:59-00:00,2016-02-15T00:00:00,2030-12-31T23:59:59
AS_SP15,POD_SLRMS3_2_SRMSR1-APND,AS_SP15,,2018-04-01T07:00:00-00:00,2031-01-01T07:59:59-00:00,2018-04-01T00:00:00,2030-12-31T23:59:59
AS_SP15,POD_SLSTR1_2_SOLAR1-APND,AS_SP15,,2013-10-01T07:00:00-00:00,2031-01-01T07:59:59-00:00,2013-10-01T00:00:00,2030-12-31T23:59:59
AS_SP15,POD_SLSTR2_2_SOLAR2-APND,AS_SP15,,2013-10-01T07:00:00-00:00,2031-01-01T07:59:59-00:00,2013-10-01T00:00:00,2030-12-31T23:59:59
AS_SP15,POD_SUNRIS_2_PL1X3-APND,AS_SP15,,2009-03-31T07:00:00-00:00,2031-01-01T07:59:59-00:00,2009-03-31T00:00:00,2030-12-31T23:59:59
AS_SP15,POD_SUNSET_2_UNITS-APND,AS_SP15,,2009-03-31T07:00:00-00:00,2031-01-01T07:59:59-00:00,2009-03-31T00:00:00,2030-12-31T23:59:59
AS_SP15,POD_SUNSLR_1_SSVSR1-APND,AS_SP15,,2019-10-01T07:00:00-00:00,2031-01-01T07:59:59-00:00,2019-10-01T00:00:00,2030-12-31T23:59:59
AS_SP15,POD_SYCAMR_2_UNIT 1-APND,AS_SP15,,2013-09-01T07:00:00-00:00,2031-01-01T07:59:59-00:00,2013-09-01T00:00:00,2030-12-31T23:59:59
AS_SP15,POD_SYCAMR_2_UNIT 2-APND,AS_SP15,,2013-09-01T07:00:00-00:00,2031-01-01T07:59:59-00:00,2013-09-01T00:00:00,2030-12-31T23:59:59
AS_SP15,POD_SYCAMR_2_UNIT 3-APND,AS_SP15,,2013-09-01T07:00:00-00:00,2031-01-01T07:59:59-00:00,2013-09-01T00:00:00,2030-12-31T23:59:59
AS_SP15,POD_SYCAMR_2_UNIT 4-APND,AS_SP15,,2013-09-01T07:00:00-00:00,2031-01-01T07:59:59-00:00,2013-09-01T00:00:00,2030-12-31T23:59:59
AS_SP15,POD_TANHIL_6_SOLART-APND,AS_SP15,,2009-03-31T07:00:00-00:00,2031-01-01T07:59:59-00:00,2009-03-31T00:00:00,2030-12-31T23:59:59
AS_SP15,POD_TEHAPI_2_WIND1-APND,AS_SP15,,2021-04-09T07:00:00-00:00,2031-01-01T07:59:59-00:00,2021-04-09T00:00:00,2030-12-31T23:59:59
AS_SP15,POD_TEHAPI_2_WIND2-APND,AS_SP15,,2021-04-09T07:00:00-00:00,2031-01-01T07:59:59-00:00,2021-04-09T00:00:00,2030-12-31T23:59:59
AS_SP15,POD_TERMEX_2_PL1X3-APND,AS_SP15,,2009-03-31T07:00:00-00:00,2031-01-01T07:59:59-00:00,2009-03-31T00:00:00,2030-12-31T23:59:59
AS_SP15,POD_TIFFNY_1_DILLON-APND,AS_SP15,,2009-03-31T07:00:00-00:00,2031-01-01T07:59:59-00:00,2009-03-31T00:00:00,2030-12-31T23:59:59
AS_SP15,POD_TRNQLT_2_SOLAR-APND,AS_SP15,,2016-02-26T08:00:00-00:00,2031-01-01T07:59:59-00:00,2016-02-26T00:00:00,2030-12-31T23:59:59
AS_SP15,POD_TRNSWD_1_QF-APND,AS_SP15,,2014-12-22T08:00:00-00:00,2031-01-01T07:59:59-00:00,2014-12-22T00:00:00,2030-12-31T23:59:59
AS_SP15,POD_TULEWD_1_TULWD1-APND,AS_SP15,,2017-11-01T07:00:00-00:00,2031-01-01T07:59:59-00:00,2017-11-01T00:00:00,2030-12-31T23:59:59
AS_SP15,POD_TXMCKT_6_UNIT-APND,AS_SP15,,2012-06-22T07:00:00-00:00,2031-01-01T07:59:59-00:00,2012-06-22T00:00:00,2030-12-31T23:59:59
AS_SP15,POD_UNVRSY_1_UNIT 1-APND,AS_SP15,,2009-03-31T07:00:00-00:00,2031-01-01T07:59:59-00:00,2009-03-31T00:00:00,2030-12-31T23:59:59
AS_SP15,POD_VALTNE_2_AVASR1-APND,AS_SP15,,2019-09-20T07:00:00-00:00,2031-01-01T07:59:59-00:00,2019-09-20T00:00:00,2030-12-31T23:59:59
AS_SP15,POD_VEDDER_1_SEKERN-APND,AS_SP15,,2009-03-31T07:00:00-00:00,2031-01-01T07:59:59-00:00,2009-03-31T00:00:00,2030-12-31T23:59:59
AS_SP15,POD_VERNON_6_MALBRG-APND,AS_SP15,,2009-03-31T07:00:00-00:00,2031-01-01T07:59:59-00:00,2009-03-31T00:00:00,2030-12-31T23:59:59
AS_SP15,POD_VOYAGR_2_VOYWD2-APND,AS_SP15,,2018-08-15T07:00:00-00:00,2031-01-01T07:59:59-00:00,2018-08-15T00:00:00,2030-12-31T23:59:59
AS_SP15,POD_VOYAGR_2_VOYWD3-APND,AS_SP15,,2018-08-15T07:00:00-00:00,2031-01-01T07:59:59-00:00,2018-08-15T00:00:00,2030-12-31T23:59:59
AS_SP15,POD_VOYAGR_2_VOYWD4-APND,AS_SP15,,2018-08-15T07:00:00-00:00,2031-01-01T07:59:59-00:00,2018-08-15T00:00:00,2030-12-31T23:59:59
AS_SP15,POD_WHTWTR_1_WINDA1-APND,AS_SP15,,2009-03-31T07:00:00-00:00,2031-01-01T07:59:59-00:00,2009-03-31T00:00:00,2030-12-31T23:59:59
AS_SP15,POD_WISTRA_2_WRSSR1-APND,AS_SP15,,2018-08-15T07:00:00-00:00,2031-01-01T07:59:59-00:00,2018-08-15T00:00:00,2030-12-31T23:59:59
AS_SP15,POD_WLDWD_1_SOLAR1-APND,AS_SP15,,2015-01-22T08:00:00-00:00,2031-01-01T07:59:59-00:00,2015-01-22T00:00:00,2030-12-31T23:59:59
AS_SP15,POINTLMA_6_N013,AS_SP15,,2013-05-09T07:00:00-00:00,2031-01-01T07:59:59-00:00,2013-05-09T00:00:00,2030-12-31T23:59:59
AS_SP15,POINTLMA_6_N014,AS_SP15,,2013-05-09T07:00:00-00:00,2031-01-01T07:59:59-00:00,2013-05-09T00:00:00,2030-12-31T23:59:59
AS_SP15,POINTLMA_6_N021,AS_SP15,,2009-03-31T07:00:00-00:00,2031-01-01T07:59:59-00:00,2009-03-31T00:00:00,2030-12-31T23:59:59
AS_SP15,POINTLMA_6_N027,AS_SP15,,2017-05-18T07:00:00-00:00,2031-01-01T07:59:59-00:00,2017-05-18T00:00:00,2030-12-31T23:59:59
AS_SP15,POLARIS _7_N001,AS_SP15,,2025-05-13T07:00:00-00:00,2031-01-01T07:59:59-00:00,2025-05-13T00:00:00,2030-12-31T23:59:59
AS_SP15,POLARIS _7_N002,AS_SP15,,2025-05-13T07:00:00-00:00,2031-01-01T07:59:59-00:00,2025-05-13T00:00:00,2030-12-31T23:59:59
AS_SP15,POLARIS _7_N003,AS_SP15,,2025-05-13T07:00:00-00:00,2031-01-01T07:59:59-00:00,2025-05-13T00:00:00,2030-12-31T23:59:59
AS_SP15,POLARIS _7_N004,AS_SP15,,2025-05-13T07:00:00-00:00,2031-01-01T07:59:59-00:00,2025-05-13T00:00:00,2030-12-31T23:59:59
AS_SP15,POLSPRNG_7_NBT1,AS_SP15,,2025-05-13T07:00:00-00:00,2031-01-01T07:59:59-00:00,2025-05-13T00:00:00,2030-12-31T23:59:59
AS_SP15,POLSPRNG_7_NBT2,AS_SP15,,2025-05-13T07:00:00-00:00,2031-01-01T07:59:59-00:00,2025-05-13T00:00:00,2030-12-31T23:59:59
AS_SP15,POLSPRNG_7_NBT3,AS_SP15,,2025-05-13T07:00:00-00:00,2031-01-01T07:59:59-00:00,2025-05-13T00:00:00,2030-12-31T23:59:59
AS_SP15,POMERADO_6_N001,AS_SP15,,2009-03-31T07:00:00-00:00,2031-01-01T07:59:59-00:00,2009-03-31T00:00:00,2030-12-31T23:59:59
AS_SP15,POMERADO_6_N004,AS_SP15,,2009-03-31T07:00:00-00:00,2031-01-01T07:59:59-00:00,2009-03-31T00:00:00,2030-12-31T23:59:59
AS_SP15,POMERADO_6_N008,AS_SP15,,2009-03-31T07:00:00-00:00,2031-01-01T07:59:59-00:00,2009-03-31T00:00:00,2030-12-31T23:59:59
AS_SP15,POM_7_CN2,AS_SP15,,2025-05-13T07:00:00-00:00,2031-01-01T07:59:59-00:00,2025-05-13T00:00:00,2030-12-31T23:59:59
AS_SP15,PORTRDGB_7_N008,AS_SP15,,2016-08-18T07:00:00-00:00,2031-01-01T07:59:59-00:00,2016-08-18T00:00:00,2030-12-31T23:59:59
AS_SP15,PORTRDGC_7_N009,AS_SP15,,2016-08-18T07:00:00-00:00,2031-01-01T07:59:59-00:00,2016-08-18T00:00:00,2030-12-31T23:59:59
AS_SP15,POSOMT_1_N001,AS_SP15,,2017-11-16T08:00:00-00:00,2031-01-01T07:59:59-00:00,2017-11-16T00:00:00,2030-12-31T23:59:59
AS_SP15,POSOMT_1_N005,AS_SP15,,2017-11-16T08:00:00-00:00,2031-01-01T07:59:59-00:00,2017-11-16T00:00:00,2030-12-31T23:59:59
AS_SP15,POWAY_6_N001,AS_SP15,,2009-03-31T07:00:00-00:00,2031-01-01T07:59:59-00:00,2009-03-31T00:00:00,2030-12-31T23:59:59
AS_SP15,POWAY_6_N010,AS_SP15,,2009-03-31T07:00:00-00:00,2031-01-01T07:59:59-00:00,2009-03-31T00:00:00,2030-12-31T23:59:59
AS_SP15,PRCTRV1_7_N001,AS_SP15,,2025-05-13T07:00:00-00:00,2031-01-01T07:59:59-00:00,2025-05-13T00:00:00,2030-12-31T23:59:59
AS_SP15,PRCTRV1_7_N002,AS_SP15,,2018-08-23T07:00:00-00:00,2031-01-01T07:59:59-00:00,2018-08-23T00:00:00,2030-12-31T23:59:59
AS_SP15,PRCTRVLY_1_N001,AS_SP15,,2009-03-31T07:00:00-00:00,2031-01-01T07:59:59-00:00,2009-03-31T00:00:00,2030-12-31T23:59:59
AS_SP15,PRIMM_2_B1,AS_SP15,,2017-08-17T07:00:00-00:00,2031-01-01T07:59:59-00:00,2017-08-17T00:00:00,2030-12-31T23:59:59
AS_SP15,PRIMM_2_N016,AS_SP15,,2015-10-22T07:00:00-00:00,2031-01-01T07:59:59-00:00,2015-10-22T00:00:00,2030-12-31T23:59:59
AS_SP15,PRIMM_2_N017,AS_SP15,,2024-12-18T08:00:00-00:00,2031-01-01T07:59:59-00:00,2024-12-18T00:00:00,2030-12-31T23:59:59
AS_SP15,PRIMM_2_SOLAR1-APND,AS_SP15,,2015-10-01T07:00:00-00:00,2031-01-01T07:59:59-00:00,2015-10-01T00:00:00,2030-12-31T23:59:59
AS_SP15,PROCGEN_7_B1,AS_SP15,,2025-05-13T07:00:00-00:00,2031-01-01T07:59:59-00:00,2025-05-13T00:00:00,2030-12-31T23:59:59
AS_SP15,PSARBLS_6_N001,AS_SP15,,2017-11-16T08:00:00-00:00,2031-01-01T07:59:59-00:00,2017-11-16T00:00:00,2030-12-31T23:59:59
AS_SP15,PSARBLS_6_N005,AS_SP15,,2017-11-16T08:00:00-00:00,2031-01-01T07:59:59-00:00,2017-11-16T00:00:00,2030-12-31T23:59:59
AS_SP15,PSARBLS_6_N007,AS_SP15,,2017-11-16T08:00:00-00:00,2031-01-01T07:59:59-00:00,2017-11-16T00:00:00,2030-12-31T23:59:59
AS_SP15,PSE-BEAR_7_B1,AS_SP15,,2009-03-31T07:00:00-00:00,2031-01-01T07:59:59-00:00,2009-03-31T00:00:00,2030-12-31T23:59:59
AS_SP15,PSE-LVOK_7_B1,AS_SP15,,2025-05-13T07:00:00-00:00,2031-01-01T07:59:59-00:00,2025-05-13T00:00:00,2030-12-31T23:59:59
AS_SP15,PSEMCKIT_7_B1,AS_SP15,,2025-05-13T07:00:00-00:00,2031-01-01T07:59:59-00:00,2025-05-13T00:00:00,2030-12-31T23:59:59
AS_SP15,PSP33A_7_N101,AS_SP15,,2010-06-17T07:00:00-00:00,2031-01-01T07:59:59-00:00,2010-06-17T00:00:00,2030-12-31T23:59:59
AS_SP15,PSP33A_7_N102,AS_SP15,,2009-03-31T07:00:00-00:00,2031-01-01T07:59:59-00:00,2009-03-31T00:00:00,2030-12-31T23:59:59
AS_SP15,PSP33B_7_N101,AS_SP15,,2010-06-17T07:00:00-00:00,2031-01-01T07:59:59-00:00,2010-06-17T00:00:00,2030-12-31T23:59:59
AS_SP15,PSP33B_7_N102,AS_SP15,,2019-05-08T07:00:00-00:00,2031-01-01T07:59:59-00:00,2019-05-08T00:00:00,2030-12-31T23:59:59
AS_SP15,PSP33S_7_B1,AS_SP15,,2009-03-31T07:00:00-00:00,2031-01-01T07:59:59-00:00,2009-03-31T00:00:00,2030-12-31T23:59:59
AS_SP15,PSP44A_7_N101,AS_SP15,,2010-06-17T07:00:00-00:00,2031-01-01T07:59:59-00:00,2010-06-17T00:00:00,2030-12-31T23:59:59
AS_SP15,PSP44A_7_N102,AS_SP15,,2009-03-31T07:00:00-00:00,2031-01-01T07:59:59-00:00,2009-03-31T00:00:00,2030-12-31T23:59:59
AS_SP15,PSP44B_7_N101,AS_SP15,,2010-06-17T07:00:00-00:00,2031-01-01T07:59:59-00:00,2010-06-17T00:00:00,2030-12-31T23:59:59
AS_SP15,PSP44B_7_N102,AS_SP15,,2009-03-31T07:00:00-00:00,2031-01-01T07:59:59-00:00,2009-03-31T00:00:00,2030-12-31T23:59:59
AS_SP15,PSP44S_7_B1,AS_SP15,,2009-03-31T07:00:00-00:00,2031-01-01T07:59:59-00:00,2009-03-31T00:00:00,2030-12-31T23:59:59
AS_SP15,PTEHSW_3_ND501,AS_SP15,,2025-06-12T07:00:00-00:00,2031-01-01T07:59:59-00:00,2025-06-12T00:00:00,2030-12-31T23:59:59
AS_SP15,PTEHSW_3_ND502,AS_SP15,,2025-06-12T07:00:00-00:00,2031-01-01T07:59:59-00:00,2025-06-12T00:00:00,2030-12-31T23:59:59
AS_SP15,PURIFY_6_LN001,AS_SP15,,2009-09-10T07:00:00-00:00,2031-01-01T07:59:59-00:00,2009-09-10T00:00:00,2030-12-31T23:59:59
AS_SP15,PURISIMA_1_N001,AS_SP15,,2017-11-16T08:00:00-00:00,2031-01-01T07:59:59-00:00,2017-11-16T00:00:00,2030-12-31T23:59:59
AS_SP15,PURWATER_1_N004,AS_SP15,,2018-08-23T07:00:00-00:00,2031-01-01T07:59:59-00:00,2018-08-23T00:00:00,2030-12-31T23:59:59
AS_SP15,Q1045_OTAY_7_N001,AS_SP15,,2025-05-13T07:00:00-00:00,2031-01-01T07:59:59-00:00,2025-05-13T00:00:00,2030-12-31T23:59:59
AS_SP15,Q1045_OTAY_7_N002,AS_SP15,,2025-05-13T07:00:00-00:00,2031-01-01T07:59:59-00:00,2025-05-13T00:00:00,2030-12-31T23:59:59
AS_SP15,Q1045_OTAY_7_N003,AS_SP15,,2023-03-15T07:00:00-00:00,2031-01-01T07:59:59-00:00,2023-03-15T00:00:00,2030-12-31T23:59:59
AS_SP15,Q1061COL_7_N001,AS_SP15,,2025-05-13T07:00:00-00:00,2031-01-01T07:59:59-00:00,2025-05-13T00:00:00,2030-12-31T23:59:59
AS_SP15,Q1166_7_N001,AS_SP15,,2023-11-15T08:00:00-00:00,2031-01-01T07:59:59-00:00,2023-11-15T00:00:00,2030-12-31T23:59:59
AS_SP15,Q1166_7_N002,AS_SP15,,2023-11-15T08:00:00-00:00,2031-01-01T07:59:59-00:00,2023-11-15T00:00:00,2030-12-31T23:59:59
AS_SP15,Q137GN1_7_N001,AS_SP15,,2019-06-10T07:00:00-00:00,2031-01-01T07:59:59-00:00,2019-06-10T00:00:00,2030-12-31T23:59:59
AS_SP15,Q137GN2_7_N001,AS_SP15,,2019-06-10T07:00:00-00:00,2031-01-01T07:59:59-00:00,2019-06-10T00:00:00,2030-12-31T23:59:59
AS_SP15,Q137GN3_7_N001,AS_SP15,,2019-06-10T07:00:00-00:00,2031-01-01T07:59:59-00:00,2019-06-10T00:00:00,2030-12-31T23:59:59
AS_SP15,Q137GN4_7_N001,AS_SP15,,2019-06-10T07:00:00-00:00,2031-01-01T07:59:59-00:00,2019-06-10T00:00:00,2030-12-31T23:59:59
AS_SP15,Q1470_7_N001,AS_SP15,,2025-05-13T07:00:00-00:00,2031-01-01T07:59:59-00:00,2025-05-13T00:00:00,2030-12-31T23:59:59
AS_SP15,Q1470_7_N003,AS_SP15,,2025-04-16T07:00:00-00:00,2031-01-01T07:59:59-00:00,2025-04-16T00:00:00,2030-12-31T23:59:59
AS_SP15,Q159AC1_7_N001,AS_SP15,,2015-01-15T08:00:00-00:00,2031-01-01T07:59:59-00:00,2015-01-15T00:00:00,2030-12-31T23:59:59
AS_SP15,Q159AC1_7_N002,AS_SP15,,2015-01-15T08:00:00-00:00,2031-01-01T07:59:59-00:00,2015-01-15T00:00:00,2030-12-31T23:59:59
AS_SP15,Q189GN1_7_N001,AS_SP15,,2023-05-05T07:00:00-00:00,2031-01-01T07:59:59-00:00,2023-05-05T00:00:00,2030-12-31T23:59:59
AS_SP15,Q356TAP_6_B1,AS_SP15,,2019-05-01T07:00:00-00:00,2031-01-01T07:59:59-00:00,2019-05-01T00:00:00,2030-12-31T23:59:59
AS_SP15,Q356_7_N001,AS_SP15,,2017-08-17T07:00:00-00:00,2031-01-01T07:59:59-00:00,2017-08-17T00:00:00,2030-12-31T23:59:59
AS_SP15,Q442GEN_7_N005,AS_SP15,,2023-05-05T07:00:00-00:00,2031-01-01T07:59:59-00:00,2023-05-05T00:00:00,2030-12-31T23:59:59
AS_SP15,Q442GEN_7_N011,AS_SP15,,2013-09-19T07:00:00-00:00,2031-01-01T07:59:59-00:00,2013-09-19T00:00:00,2030-12-31T23:59:59
AS_SP15,Q442GEN_7_N012,AS_SP15,,2023-05-05T07:00:00-00:00,2031-01-01T07:59:59-00:00,2023-05-05T00:00:00,2030-12-31T23:59:59
AS_SP15,Q482_7_N001,AS_SP15,,2025-05-13T07:00:00-00:00,2031-01-01T07:59:59-00:00,2025-05-13T00:00:00,2030-12-31T23:59:59
AS_SP15,Q484_7_N001,AS_SP15,,2025-05-13T07:00:00-00:00,2031-01-01T07:59:59-00:00,2025-05-13T00:00:00,2030-12-31T23:59:59
AS_SP15,Q510_7_N005,AS_SP15,,2025-05-13T07:00:00-00:00,2031-01-01T07:59:59-00:00,2025-05-13T00:00:00,2030-12-31T23:59:59
AS_SP15,Q510_7_N010,AS_SP15,,2013-09-19T07:00:00-00:00,2031-01-01T07:59:59-00:00,2013-09-19T00:00:00,2030-12-31T23:59:59
AS_SP15,Q557_7_N001,AS_SP15,,2025-05-13T07:00:00-00:00,2031-01-01T07:59:59-00:00,2025-05-13T00:00:00,2030-12-31T23:59:59
AS_SP15,Q6081_7_N001,AS_SP15,,2015-01-15T08:00:00-00:00,2031-01-01T07:59:59-00:00,2015-01-15T00:00:00,2030-12-31T23:59:59
AS_SP15,Q6082_7_N001,AS_SP15,,2015-01-15T08:00:00-00:00,2031-01-01T07:59:59-00:00,2015-01-15T00:00:00,2030-12-31T23:59:59
AS_SP15,Q620_7_N001,AS_SP15,,2025-05-13T07:00:00-00:00,2031-01-01T07:59:59-00:00,2025-05-13T00:00:00,2030-12-31T23:59:59
AS_SP15,Q633C1_7_N001,AS_SP15,,2017-11-16T08:00:00-00:00,2031-01-01T07:59:59-00:00,2017-11-16T00:00:00,2030-12-31T23:59:59
AS_SP15,Q633_6_B1,AS_SP15,,2017-11-16T08:00:00-00:00,2031-01-01T07:59:59-00:00,2017-11-16T00:00:00,2030-12-31T23:59:59
AS_SP15,Q643X_2_NM01,AS_SP15,,2021-08-25T07:00:00-00:00,2031-01-01T07:59:59-00:00,2021-08-25T00:00:00,2030-12-31T23:59:59
AS_SP15,Q644A2_7_N001,AS_SP15,,2017-05-18T07:00:00-00:00,2031-01-01T07:59:59-00:00,2017-05-18T00:00:00,2030-12-31T23:59:59
AS_SP15,Q653BTP_1_B1,AS_SP15,,2025-10-02T07:00:00-00:00,2031-01-01T07:59:59-00:00,2025-10-02T00:00:00,2030-12-31T23:59:59
AS_SP15,Q653B_1_B1,AS_SP15,,2017-08-17T07:00:00-00:00,2031-01-01T07:59:59-00:00,2017-08-17T00:00:00,2030-12-31T23:59:59
AS_SP15,Q653B_7_N001,AS_SP15,,2017-08-17T07:00:00-00:00,2031-01-01T07:59:59-00:00,2017-08-17T00:00:00,2030-12-31T23:59:59
AS_SP15,Q775EQ1_7_N002,AS_SP15,,2025-05-13T07:00:00-00:00,2031-01-01T07:59:59-00:00,2025-05-13T00:00:00,2030-12-31T23:59:59
AS_SP15,Q885C2_7_N001,AS_SP15,,2015-10-22T07:00:00-00:00,2031-01-01T07:59:59-00:00,2015-10-22T00:00:00,2030-12-31T23:59:59
AS_SP15,Q972GEN_7_N001,AS_SP15,,2016-08-18T07:00:00-00:00,2031-01-01T07:59:59-00:00,2016-08-18T00:00:00,2030-12-31T23:59:59
AS_SP15,QUARTZHL_6_N001,AS_SP15,,2009-06-25T07:00:00-00:00,2031-01-01T07:59:59-00:00,2009-06-25T00:00:00,2030-12-31T23:59:59
AS_SP15,QUEBEC_1_N001,AS_SP15,,2017-11-16T08:00:00-00:00,2031-01-01T07:59:59-00:00,2017-11-16T00:00:00,2030-12-31T23:59:59
AS_SP15,QZSBT_7_NBT1,AS_SP15,,2024-05-15T07:00:00-00:00,2031-01-01T07:59:59-00:00,2024-05-15T00:00:00,2030-12-31T23:59:59
AS_SP15,QZSBT_7_NBT2,AS_SP15,,2024-05-15T07:00:00-00:00,2031-01-01T07:59:59-00:00,2024-05-15T00:00:00,2030-12-31T23:59:59
AS_SP15,QZSBT_7_NSR1,AS_SP15,,2024-05-15T07:00:00-00:00,2031-01-01T07:59:59-00:00,2024-05-15T00:00:00,2030-12-31T23:59:59
AS_SP15,QZSBT_7_NSR2,AS_SP15,,2024-05-15T07:00:00-00:00,2031-01-01T07:59:59-00:00,2024-05-15T00:00:00,2030-12-31T23:59:59
AS_SP15,RAMCOOY_7_B1,AS_SP15,,2023-07-27T07:00:00-00:00,2031-01-01T07:59:59-00:00,2023-07-27T00:00:00,2030-12-31T23:59:59
AS_SP15,RAMNGEN_7_N002,AS_SP15,,2025-05-13T07:00:00-00:00,2031-01-01T07:59:59-00:00,2025-05-13T00:00:00,2030-12-31T23:59:59
AS_SP15,RAMNGEN_7_N003,AS_SP15,,2025-05-13T07:00:00-00:00,2031-01-01T07:59:59-00:00,2025-05-13T00:00:00,2030-12-31T23:59:59
AS_SP15,RAMONAGN_7_N001,AS_SP15,,2025-05-13T07:00:00-00:00,2031-01-01T07:59:59-00:00,2025-05-13T00:00:00,2030-12-31T23:59:59
AS_SP15,RANDSBG_7_N001,AS_SP15,,2025-05-13T07:00:00-00:00,2031-01-01T07:59:59-00:00,2025-05-13T00:00:00,2030-12-31T23:59:59
AS_SP15,RANDSBG_7_N002,AS_SP15,,2018-08-23T07:00:00-00:00,2031-01-01T07:59:59-00:00,2018-08-23T00:00:00,2030-12-31T23:59:59
AS_SP15,RANDSBRG_1_N001,AS_SP15,,2018-08-23T07:00:00-00:00,2031-01-01T07:59:59-00:00,2018-08-23T00:00:00,2030-12-31T23:59:59
AS_SP15,RATTLSNK_7_RB1N001,AS_SP15,,2025-05-13T07:00:00-00:00,2031-01-01T07:59:59-00:00,2025-05-13T00:00:00,2030-12-31T23:59:59
AS_SP15,RATTLSNK_7_RB2N002,AS_SP15,,2025-05-13T07:00:00-00:00,2031-01-01T07:59:59-00:00,2025-05-13T00:00:00,2030-12-31T23:59:59
AS_SP15,RCARMEL_6_N001,AS_SP15,,2013-05-09T07:00:00-00:00,2031-01-01T07:59:59-00:00,2013-05-09T00:00:00,2030-12-31T23:59:59
AS_SP15,RCARMEL_6_N004,AS_SP15,,2009-03-31T07:00:00-00:00,2031-01-01T07:59:59-00:00,2009-03-31T00:00:00,2030-12-31T23:59:59
AS_SP15,RCARMEL_6_N011,AS_SP15,,2013-05-09T07:00:00-00:00,2031-01-01T07:59:59-00:00,2013-05-09T00:00:00,2030-12-31T23:59:59
AS_SP15,RDWAY_7_N002,AS_SP15,,2025-05-13T07:00:00-00:00,2031-01-01T07:59:59-00:00,2025-05-13T00:00:00,2030-12-31T23:59:59
AS_SP15,RECTOR_2_N114,AS_SP15,,2025-05-13T07:00:00-00:00,2031-01-01T07:59:59-00:00,2025-05-13T00:00:00,2030-12-31T23:59:59
AS_SP15,RECTOR_6_N001,AS_SP15,,2009-03-31T07:00:00-00:00,2031-01-01T07:59:59-00:00,2009-03-31T00:00:00,2030-12-31T23:59:59
AS_SP15,RECTOR_6_N004,AS_SP15,,2025-05-13T07:00:00-00:00,2031-01-01T07:59:59-00:00,2025-05-13T00:00:00,2030-12-31T23:59:59
AS_SP15,RECTOR_6_N007,AS_SP15,,2025-05-13T07:00:00-00:00,2031-01-01T07:59:59-00:00,2025-05-13T00:00:00,2030-12-31T23:59:59
AS_SP15,RECTOR_6_N008,AS_SP15,,2025-05-13T07:00:00-00:00,2031-01-01T07:59:59-00:00,2025-05-13T00:00:00,2030-12-31T23:59:59
AS_SP15,RECTOR_6_N009,AS_SP15,,2025-05-13T07:00:00-00:00,2031-01-01T07:59:59-00:00,2025-05-13T00:00:00,2030-12-31T23:59:59
AS_SP15,RECTOR_6_N011,AS_SP15,,2025-05-13T07:00:00-00:00,2031-01-01T07:59:59-00:00,2025-05-13T00:00:00,2030-12-31T23:59:59
AS_SP15,RECTOR_6_N020,AS_SP15,,2025-05-13T07:00:00-00:00,2031-01-01T07:59:59-00:00,2025-05-13T00:00:00,2030-12-31T23:59:59
AS_SP15,RECTOR_6_N022,AS_SP15,,2025-05-13T07:00:00-00:00,2031-01-01T07:59:59-00:00,2025-05-13T00:00:00,2030-12-31T23:59:59
AS_SP15,RECTOR_6_N026,AS_SP15,,2025-04-16T07:00:00-00:00,2031-01-01T07:59:59-00:00,2025-04-16T00:00:00,2030-12-31T23:59:59
AS_SP15,RECTOR_6_N027,AS_SP15,,2026-02-11T08:00:00-00:00,2031-01-01T07:59:59-00:00,2026-02-11T00:00:00,2030-12-31T23:59:59
AS_SP15,RECTOR_6_N028,AS_SP15,,2026-02-11T08:00:00-00:00,2031-01-01T07:59:59-00:00,2026-02-11T00:00:00,2030-12-31T23:59:59
AS_SP15,RECTOR_6_N029,AS_SP15,,2026-02-11T08:00:00-00:00,2031-01-01T07:59:59-00:00,2026-02-11T00:00:00,2030-12-31T23:59:59
AS_SP15,RECTOR_7_ND002,AS_SP15,,2025-04-16T07:00:00-00:00,2031-01-01T07:59:59-00:00,2025-04-16T00:00:00,2030-12-31T23:59:59
AS_SP15,REDBLUFF_2_B1,AS_SP15,,2021-03-28T07:00:00-00:00,2031-01-01T07:59:59-00:00,2021-03-28T00:00:00,2030-12-31T23:59:59
AS_SP15,REDMAN_6_N001,AS_SP15,,2016-05-19T07:00:00-00:00,2031-01-01T07:59:59-00:00,2016-05-19T00:00:00,2030-12-31T23:59:59
AS_SP15,REDMGEN_7_N001,AS_SP15,,2025-05-13T07:00:00-00:00,2031-01-01T07:59:59-00:00,2025-05-13T00:00:00,2030-12-31T23:59:59
AS_SP15,REDMGEN_7_N003,AS_SP15,,2025-05-13T07:00:00-00:00,2031-01-01T07:59:59-00:00,2025-05-13T00:00:00,2030-12-31T23:59:59
AS_SP15,RENFRO_1_N001,AS_SP15,,2017-08-17T07:00:00-00:00,2031-01-01T07:59:59-00:00,2017-08-17T00:00:00,2030-12-31T23:59:59
AS_SP15,RENFRO_1_N010,AS_SP15,,2017-08-17T07:00:00-00:00,2031-01-01T07:59:59-00:00,2017-08-17T00:00:00,2030-12-31T23:59:59
AS_SP15,RENWIND_1_N001,AS_SP15,,2009-03-31T07:00:00-00:00,2031-01-01T07:59:59-00:00,2009-03-31T00:00:00,2030-12-31T23:59:59
AS_SP15,RERCU1_7_B1,AS_SP15,,2009-03-31T07:00:00-00:00,2031-01-01T07:59:59-00:00,2009-03-31T00:00:00,2030-12-31T23:59:59
AS_SP15,RERCU2_7_B1,AS_SP15,,2009-03-31T07:00:00-00:00,2031-01-01T07:59:59-00:00,2009-03-31T00:00:00,2030-12-31T23:59:59
AS_SP15,RERCU3_7_GN001,AS_SP15,,2025-05-13T07:00:00-00:00,2031-01-01T07:59:59-00:00,2025-05-13T00:00:00,2030-12-31T23:59:59
AS_SP15,RERCU4_7_GN001,AS_SP15,,2025-05-13T07:00:00-00:00,2031-01-01T07:59:59-00:00,2025-05-13T00:00:00,2030-12-31T23:59:59
AS_SP15,RETAKE_7_ND001,AS_SP15,,2025-12-18T08:00:00-00:00,2031-01-01T07:59:59-00:00,2025-12-18T00:00:00,2030-12-31T23:59:59
AS_SP15,RETAKE_7_ND002,AS_SP15,,2025-12-18T08:00:00-00:00,2031-01-01T07:59:59-00:00,2025-12-18T00:00:00,2030-12-31T23:59:59
AS_SP15,REXFRD_2_RSFBX2-APND,AS_SP15,,2024-07-01T07:00:00-00:00,2031-01-01T07:59:59-00:00,2024-07-01T00:00:00,2030-12-31T23:59:59
AS_SP15,REXFRD_2_RSFSX2-APND,AS_SP15,,2024-07-01T07:00:00-00:00,2031-01-01T07:59:59-00:00,2024-07-01T00:00:00,2030-12-31T23:59:59
AS_SP15,REXFRD_7_NBT1,AS_SP15,,2023-11-15T08:00:00-00:00,2031-01-01T07:59:59-00:00,2023-11-15T00:00:00,2030-12-31T23:59:59
AS_SP15,REXFRD_7_NBT2,AS_SP15,,2023-11-15T08:00:00-00:00,2031-01-01T07:59:59-00:00,2023-11-15T00:00:00,2030-12-31T23:59:59
AS_SP15,REXFRD_7_NSR1,AS_SP15,,2023-11-15T08:00:00-00:00,2031-01-01T07:59:59-00:00,2023-11-15T00:00:00,2030-12-31T23:59:59
AS_SP15,REXFRD_7_NSR2,AS_SP15,,2023-11-15T08:00:00-00:00,2031-01-01T07:59:59-00:00,2023-11-15T00:00:00,2030-12-31T23:59:59
AS_SP15,RIDGET2_7_N001,AS_SP15,,2023-05-05T07:00:00-00:00,2031-01-01T07:59:59-00:00,2023-05-05T00:00:00,2030-12-31T23:59:59
AS_SP15,RINCON_6_N001,AS_SP15,,2009-03-31T07:00:00-00:00,2031-01-01T07:59:59-00:00,2009-03-31T00:00:00,2030-12-31T23:59:59
AS_SP15,RINCON_6_N008,AS_SP15,,2009-03-31T07:00:00-00:00,2031-01-01T07:59:59-00:00,2009-03-31T00:00:00,2030-12-31T23:59:59
AS_SP15,RIOBRVO_1_N001,AS_SP15,,2009-03-31T07:00:00-00:00,2031-01-01T07:59:59-00:00,2009-03-31T00:00:00,2030-12-31T23:59:59
AS_SP15,RIOBRVO_1_N006,AS_SP15,,2009-03-31T07:00:00-00:00,2031-01-01T07:59:59-00:00,2009-03-31T00:00:00,2030-12-31T23:59:59
AS_SP15,RIOBRVQF_6_N001,AS_SP15,,2025-05-13T07:00:00-00:00,2031-01-01T07:59:59-00:00,2025-05-13T00:00:00,2030-12-31T23:59:59
AS_SP15,RIOBRVTM_1_B1,AS_SP15,,2017-08-17T07:00:00-00:00,2031-01-01T07:59:59-00:00,2017-08-17T00:00:00,2030-12-31T23:59:59
AS_SP15,RIOBRVTM_1_N001,AS_SP15,,2009-03-31T07:00:00-00:00,2031-01-01T07:59:59-00:00,2009-03-31T00:00:00,2030-12-31T23:59:59
AS_SP15,RIOHONDO_6_N001,AS_SP15,,2009-03-31T07:00:00-00:00,2031-01-01T07:59:59-00:00,2009-03-31T00:00:00,2030-12-31T23:59:59
AS_SP15,RIOHONDO_6_N004,AS_SP15,,2009-03-31T07:00:00-00:00,2031-01-01T07:59:59-00:00,2009-03-31T00:00:00,2030-12-31T23:59:59
AS_SP15,RITEAID_6_N001,AS_SP15,,2009-03-31T07:00:00-00:00,2031-01-01T07:59:59-00:00,2009-03-31T00:00:00,2030-12-31T23:59:59
AS_SP15,RITTER_6_N001,AS_SP15,,2011-03-30T07:00:00-00:00,2031-01-01T07:59:59-00:00,2011-03-30T00:00:00,2030-12-31T23:59:59
AS_SP15,RIVRSIDE_6_N001,AS_SP15,,2009-03-31T07:00:00-00:00,2031-01-01T07:59:59-00:00,2009-03-31T00:00:00,2030-12-31T23:59:59
AS_SP15,RMSNVJO_1_LN001,AS_SP15,,2011-06-10T07:00:00-00:00,2031-01-01T07:59:59-00:00,2011-06-10T00:00:00,2030-12-31T23:59:59
AS_SP15,RMSNVJO_1_LN002,AS_SP15,,2011-06-10T07:00:00-00:00,2031-01-01T07:59:59-00:00,2011-06-10T00:00:00,2030-12-31T23:59:59
AS_SP15,ROADWAY_1_N001,AS_SP15,,2021-10-06T07:00:00-00:00,2031-01-01T07:59:59-00:00,2021-10-06T00:00:00,2030-12-31T23:59:59
AS_SP15,ROADWAY_1_N010,AS_SP15,,2023-03-15T07:00:00-00:00,2031-01-01T07:59:59-00:00,2023-03-15T00:00:00,2030-12-31T23:59:59
AS_SP15,ROADWAY_1_N013,AS_SP15,,2025-05-13T07:00:00-00:00,2031-01-01T07:59:59-00:00,2025-05-13T00:00:00,2030-12-31T23:59:59
AS_SP15,ROADWAY_1_N017,AS_SP15,,2025-05-13T07:00:00-00:00,2031-01-01T07:59:59-00:00,2025-05-13T00:00:00,2030-12-31T23:59:59
AS_SP15,ROADWAY_1_N019,AS_SP15,,2025-05-13T07:00:00-00:00,2031-01-01T07:59:59-00:00,2025-05-13T00:00:00,2030-12-31T23:59:59
AS_SP15,ROCKAIR_6_N001,AS_SP15,,2009-03-31T07:00:00-00:00,2031-01-01T07:59:59-00:00,2009-03-31T00:00:00,2030-12-31T23:59:59
AS_SP15,ROCKET_1_N001,AS_SP15,,2009-03-31T07:00:00-00:00,2031-01-01T07:59:59-00:00,2009-03-31T00:00:00,2030-12-31T23:59:59
AS_SP15,ROMOLA_7_004,AS_SP15,,2025-05-13T07:00:00-00:00,2031-01-01T07:59:59-00:00,2025-05-13T00:00:00,2030-12-31T23:59:59
AS_SP15,ROMOLA_7_005,AS_SP15,,2025-05-13T07:00:00-00:00,2031-01-01T07:59:59-00:00,2025-05-13T00:00:00,2030-12-31T23:59:59
AS_SP15,ROMOLA_7_006,AS_SP15,,2025-05-13T07:00:00-00:00,2031-01-01T07:59:59-00:00,2025-05-13T00:00:00,2030-12-31T23:59:59
AS_SP15,ROMOLA_7_N007,AS_SP15,,2025-05-13T07:00:00-00:00,2031-01-01T07:59:59-00:00,2025-05-13T00:00:00,2030-12-31T23:59:59
AS_SP15,ROSAMOND_6_B1,AS_SP15,,2017-08-17T07:00:00-00:00,2031-01-01T07:59:59-00:00,2017-08-17T00:00:00,2030-12-31T23:59:59
AS_SP15,ROSAMOND_6_N001,AS_SP15,,2009-03-31T07:00:00-00:00,2031-01-01T07:59:59-00:00,2009-03-31T00:00:00,2030-12-31T23:59:59
AS_SP15,ROSAMOND_6_N030,AS_SP15,,2016-02-11T08:00:00-00:00,2031-01-01T07:59:59-00:00,2016-02-11T00:00:00,2030-12-31T23:59:59
AS_SP15,ROSECYN_6_N001,AS_SP15,,2009-03-31T07:00:00-00:00,2031-01-01T07:59:59-00:00,2009-03-31T00:00:00,2030-12-31T23:59:59
AS_SP15,ROSECYN_6_N017,AS_SP15,,2009-03-31T07:00:00-00:00,2031-01-01T07:59:59-00:00,2009-03-31T00:00:00,2030-12-31T23:59:59
AS_SP15,ROSEDAL_1_N001,AS_SP15,,2017-11-16T08:00:00-00:00,2031-01-01T07:59:59-00:00,2017-11-16T00:00:00,2030-12-31T23:59:59
AS_SP15,ROSE_6_N001,AS_SP15,,2009-03-31T07:00:00-00:00,2031-01-01T07:59:59-00:00,2009-03-31T00:00:00,2030-12-31T23:59:59
AS_SP15,RSMNDS_7_N007,AS_SP15,,2025-05-13T07:00:00-00:00,2031-01-01T07:59:59-00:00,2025-05-13T00:00:00,2030-12-31T23:59:59
AS_SP15,RSMNDS_7_N009,AS_SP15,,2025-05-13T07:00:00-00:00,2031-01-01T07:59:59-00:00,2025-05-13T00:00:00,2030-12-31T23:59:59
AS_SP15,RSMNDS_7_N011,AS_SP15,,2025-05-13T07:00:00-00:00,2031-01-01T07:59:59-00:00,2025-05-13T00:00:00,2030-12-31T23:59:59
AS_SP15,RSMNDS_7_N012,AS_SP15,,2025-05-13T07:00:00-00:00,2031-01-01T07:59:59-00:00,2025-05-13T00:00:00,2030-12-31T23:59:59
AS_SP15,RSMNDS_7_N013,AS_SP15,,2025-05-13T07:00:00-00:00,2031-01-01T07:59:59-00:00,2025-05-13T00:00:00,2030-12-31T23:59:59
AS_SP15,RSMNDS_7_N014,AS_SP15,,2025-05-13T07:00:00-00:00,2031-01-01T07:59:59-00:00,2025-05-13T00:00:00,2030-12-31T23:59:59
AS_SP15,RSNTAFE_6_N009,AS_SP15,,2009-03-31T07:00:00-00:00,2031-01-01T07:59:59-00:00,2009-03-31T00:00:00,2030-12-31T23:59:59
AS_SP15,RSNTAFE_6_N016,AS_SP15,,2018-05-24T07:00:00-00:00,2031-01-01T07:59:59-00:00,2018-05-24T00:00:00,2030-12-31T23:59:59
AS_SP15,RSTREF1_7_N001,AS_SP15,,2014-11-13T08:00:00-00:00,2031-01-01T07:59:59-00:00,2014-11-13T00:00:00,2030-12-31T23:59:59
AS_SP15,RSTREF2_7_N001,AS_SP15,,2023-05-05T07:00:00-00:00,2031-01-01T07:59:59-00:00,2023-05-05T00:00:00,2030-12-31T23:59:59
AS_SP15,RSTREF3_7_N001,AS_SP15,,2014-11-13T08:00:00-00:00,2031-01-01T07:59:59-00:00,2014-11-13T00:00:00,2030-12-31T23:59:59
AS_SP15,RTEDDYG3_7_N003,AS_SP15,,2025-05-13T07:00:00-00:00,2031-01-01T07:59:59-00:00,2025-05-13T00:00:00,2030-12-31T23:59:59
AS_SP15,RTEDDYG3_7_N004,AS_SP15,,2025-05-13T07:00:00-00:00,2031-01-01T07:59:59-00:00,2025-05-13T00:00:00,2030-12-31T23:59:59
AS_SP15,RTEDDYG3_7_N005,AS_SP15,,2025-05-13T07:00:00-00:00,2031-01-01T07:59:59-00:00,2025-05-13T00:00:00,2030-12-31T23:59:59
AS_SP15,RVSIDE_6_SPRING-APND,AS_SP15,,2009-03-31T07:00:00-00:00,2031-01-01T07:59:59-00:00,2009-03-31T00:00:00,2030-12-31T23:59:59
AS_SP15,S.CLARA_6_N021,AS_SP15,,2025-05-13T07:00:00-00:00,2031-01-01T07:59:59-00:00,2025-05-13T00:00:00,2030-12-31T23:59:59
AS_SP15,S.CLARA_6_N030,AS_SP15,,2025-05-13T07:00:00-00:00,2031-01-01T07:59:59-00:00,2025-05-13T00:00:00,2030-12-31T23:59:59
AS_SP15,S.CLARA_6_N031,AS_SP15,,2025-05-13T07:00:00-00:00,2031-01-01T07:59:59-00:00,2025-05-13T00:00:00,2030-12-31T23:59:59
AS_SP15,S0479_7_N003,AS_SP15,,2025-05-13T07:00:00-00:00,2031-01-01T07:59:59-00:00,2025-05-13T00:00:00,2030-12-31T23:59:59
AS_SP15,S473_7_N005,AS_SP15,,2025-05-13T07:00:00-00:00,2031-01-01T07:59:59-00:00,2025-05-13T00:00:00,2030-12-31T23:59:59
AS_SP15,S517_7_N001,AS_SP15,,2025-05-13T07:00:00-00:00,2031-01-01T07:59:59-00:00,2025-05-13T00:00:00,2030-12-31T23:59:59
AS_SP15,S621AC_7_N001,AS_SP15,,2023-05-05T07:00:00-00:00,2031-01-01T07:59:59-00:00,2023-05-05T00:00:00,2030-12-31T23:59:59
AS_SP15,S621AC_7_N002,AS_SP15,,2023-05-05T07:00:00-00:00,2031-01-01T07:59:59-00:00,2023-05-05T00:00:00,2030-12-31T23:59:59
AS_SP15,S622B_7_N003,AS_SP15,,2025-05-13T07:00:00-00:00,2031-01-01T07:59:59-00:00,2025-05-13T00:00:00,2030-12-31T23:59:59
AS_SP15,S654SS_1_B1,AS_SP15,,2017-08-17T07:00:00-00:00,2031-01-01T07:59:59-00:00,2017-08-17T00:00:00,2030-12-31T23:59:59
AS_SP15,S654_7_N001,AS_SP15,,2017-08-17T07:00:00-00:00,2031-01-01T07:59:59-00:00,2017-08-17T00:00:00,2030-12-31T23:59:59
AS_SP15,SALTCREK_6_N002,AS_SP15,,2017-02-16T08:00:00-00:00,2031-01-01T07:59:59-00:00,2017-02-16T00:00:00,2030-12-31T23:59:59
AS_SP15,SALTCREK_6_N006,AS_SP15,,2017-02-16T08:00:00-00:00,2031-01-01T07:59:59-00:00,2017-02-16T00:00:00,2030-12-31T23:59:59
AS_SP15,SAMPSON_6_N010,AS_SP15,,2025-05-13T07:00:00-00:00,2031-01-01T07:59:59-00:00,2025-05-13T00:00:00,2030-12-31T23:59:59
AS_SP15,SAMPSON_7_N006,AS_SP15,,2009-03-31T07:00:00-00:00,2031-01-01T07:59:59-00:00,2009-03-31T00:00:00,2030-12-31T23:59:59
AS_SP15,SAMPSON_7_N007,AS_SP15,,2009-03-31T07:00:00-00:00,2031-01-01T07:59:59-00:00,2009-03-31T00:00:00,2030-12-31T23:59:59
AS_SP15,SANBRDNO_2_N211,AS_SP15,,2013-05-09T07:00:00-00:00,2031-01-01T07:59:59-00:00,2013-05-09T00:00:00,2030-12-31T23:59:59
AS_SP15,SANBRDNO_6_GN001,AS_SP15,,2023-05-05T07:00:00-00:00,2031-01-01T07:59:59-00:00,2023-05-05T00:00:00,2030-12-31T23:59:59
AS_SP15,SANBRDNO_6_GN002,AS_SP15,,2011-03-31T07:00:00-00:00,2031-01-01T07:59:59-00:00,2011-03-31T00:00:00,2030-12-31T23:59:59
AS_SP15,SANBRDNO_6_GN003,AS_SP15,,2011-03-31T07:00:00-00:00,2031-01-01T07:59:59-00:00,2011-03-31T00:00:00,2030-12-31T23:59:59
AS_SP15,SANBRDNO_6_GN004,AS_SP15,,2011-03-31T07:00:00-00:00,2031-01-01T07:59:59-00:00,2011-03-31T00:00:00,2030-12-31T23:59:59
AS_SP15,SANBRDNO_6_GN005,AS_SP15,,2011-03-31T07:00:00-00:00,2031-01-01T07:59:59-00:00,2011-03-31T00:00:00,2030-12-31T23:59:59
AS_SP15,SANBRDNO_6_N001,AS_SP15,,2009-03-31T07:00:00-00:00,2031-01-01T07:59:59-00:00,2009-03-31T00:00:00,2030-12-31T23:59:59
AS_SP15,SANBRDNO_6_N005,AS_SP15,,2023-05-05T07:00:00-00:00,2031-01-01T07:59:59-00:00,2023-05-05T00:00:00,2030-12-31T23:59:59
AS_SP15,SANBRDNO_6_N006,AS_SP15,,2025-05-13T07:00:00-00:00,2031-01-01T07:59:59-00:00,2025-05-13T00:00:00,2030-12-31T23:59:59
AS_SP15,SANBRDNO_6_N007,AS_SP15,,2025-05-13T07:00:00-00:00,2031-01-01T07:59:59-00:00,2025-05-13T00:00:00,2030-12-31T23:59:59
AS_SP15,SANBRDNO_6_N008,AS_SP15,,2009-03-31T07:00:00-00:00,2031-01-01T07:59:59-00:00,2009-03-31T00:00:00,2030-12-31T23:59:59
AS_SP15,SANBRDNO_6_N014,AS_SP15,,2011-10-14T07:00:00-00:00,2031-01-01T07:59:59-00:00,2011-10-14T00:00:00,2030-12-31T23:59:59
AS_SP15,SANBRDNO_6_N017,AS_SP15,,2017-02-16T08:00:00-00:00,2031-01-01T07:59:59-00:00,2017-02-16T00:00:00,2030-12-31T23:59:59
AS_SP15,SANBRN_7_GN2SB3,AS_SP15,,2025-05-13T07:00:00-00:00,2031-01-01T07:59:59-00:00,2025-05-13T00:00:00,2030-12-31T23:59:59
AS_SP15,SANBRN_7_GN2SB4,AS_SP15,,2025-05-13T07:00:00-00:00,2031-01-01T07:59:59-00:00,2025-05-13T00:00:00,2030-12-31T23:59:59
AS_SP15,SANBRN_7_GNSSB2,AS_SP15,,2025-05-13T07:00:00-00:00,2031-01-01T07:59:59-00:00,2025-05-13T00:00:00,2030-12-31T23:59:59
AS_SP15,SANBRN_7_N001,AS_SP15,,2025-05-13T07:00:00-00:00,2031-01-01T07:59:59-00:00,2025-05-13T00:00:00,2030-12-31T23:59:59
AS_SP15,SANBRN_7_N001A,AS_SP15,,2025-05-13T07:00:00-00:00,2031-01-01T07:59:59-00:00,2025-05-13T00:00:00,2030-12-31T23:59:59
AS_SP15,SANBRN_7_N001B,AS_SP15,,2025-05-13T07:00:00-00:00,2031-01-01T07:59:59-00:00,2025-05-13T00:00:00,2030-12-31T23:59:59
AS_SP15,SANBRN_7_N002,AS_SP15,,2025-05-13T07:00:00-00:00,2031-01-01T07:59:59-00:00,2025-05-13T00:00:00,2030-12-31T23:59:59
AS_SP15,SANBRN_7_N003,AS_SP15,,2025-05-13T07:00:00-00:00,2031-01-01T07:59:59-00:00,2025-05-13T00:00:00,2030-12-31T23:59:59
AS_SP15,SANBRN_7_ND001,AS_SP15,,2026-02-06T08:00:00-00:00,2031-01-01T07:59:59-00:00,2026-02-06T00:00:00,2030-12-31T23:59:59
AS_SP15,SANBRN_7_ND004,AS_SP15,,2025-05-13T07:00:00-00:00,2031-01-01T07:59:59-00:00,2025-05-13T00:00:00,2030-12-31T23:59:59
AS_SP15,SANBRN_7_NSR1,AS_SP15,,2025-05-13T07:00:00-00:00,2031-01-01T07:59:59-00:00,2025-05-13T00:00:00,2030-12-31T23:59:59
AS_SP15,SANDLOT_2_N022,AS_SP15,,2023-05-05T07:00:00-00:00,2031-01-01T07:59:59-00:00,2023-05-05T00:00:00,2030-12-31T23:59:59
AS_SP15,SANDLOT_2_N023,AS_SP15,,2014-04-17T07:00:00-00:00,2031-01-01T07:59:59-00:00,2014-04-17T00:00:00,2030-12-31T23:59:59
AS_SP15,SANDLOT_2_N024,AS_SP15,,2023-05-05T07:00:00-00:00,2031-01-01T07:59:59-00:00,2023-05-05T00:00:00,2030-12-31T23:59:59
AS_SP15,SANDLOT_2_N025,AS_SP15,,2014-04-17T07:00:00-00:00,2031-01-01T07:59:59-00:00,2014-04-17T00:00:00,2030-12-31T23:59:59
AS_SP15,SANDLT_2_SUNITS-APND,AS_SP15,,2014-08-11T07:00:00-00:00,2031-01-01T07:59:59-00:00,2014-08-11T00:00:00,2030-12-31T23:59:59
AS_SP15,SANDY_1_N001,AS_SP15,,2013-01-03T08:00:00-00:00,2031-01-01T07:59:59-00:00,2013-01-03T00:00:00,2030-12-31T23:59:59
AS_SP15,SANDY_1_N002,AS_SP15,,2013-01-03T08:00:00-00:00,2031-01-01T07:59:59-00:00,2013-01-03T00:00:00,2030-12-31T23:59:59
AS_SP15,SANITR_6_UNITS-APND,AS_SP15,,2009-03-31T07:00:00-00:00,2031-01-01T07:59:59-00:00,2009-03-31T00:00:00,2030-12-31T23:59:59
AS_SP15,SANLUSRY_6_GN001,AS_SP15,,2009-11-03T08:00:00-00:00,2031-01-01T07:59:59-00:00,2009-11-03T00:00:00,2030-12-31T23:59:59
AS_SP15,SANLUSRY_6_N013,AS_SP15,,2009-03-31T07:00:00-00:00,2031-01-01T07:59:59-00:00,2009-03-31T00:00:00,2030-12-31T23:59:59
AS_SP15,SANLUSRY_6_N014,AS_SP15,,2009-03-31T07:00:00-00:00,2031-01-01T07:59:59-00:00,2009-03-31T00:00:00,2030-12-31T23:59:59
AS_SP15,SANLUSRY_6_N043,AS_SP15,,2009-06-25T07:00:00-00:00,2031-01-01T07:59:59-00:00,2009-06-25T00:00:00,2030-12-31T23:59:59
AS_SP15,SANLUSRY_6_N044,AS_SP15,,2009-06-25T07:00:00-00:00,2031-01-01T07:59:59-00:00,2009-06-25T00:00:00,2030-12-31T23:59:59
AS_SP15,SANLUSRY_6_N045,AS_SP15,,2009-06-25T07:00:00-00:00,2031-01-01T07:59:59-00:00,2009-06-25T00:00:00,2030-12-31T23:59:59
AS_SP15,SANLUSRY_6_N046,AS_SP15,,2009-06-25T07:00:00-00:00,2031-01-01T07:59:59-00:00,2009-06-25T00:00:00,2030-12-31T23:59:59
AS_SP15,SANLUSRY_6_N047,AS_SP15,,2009-06-25T07:00:00-00:00,2031-01-01T07:59:59-00:00,2009-06-25T00:00:00,2030-12-31T23:59:59
AS_SP15,SANLUSRY_6_N048,AS_SP15,,2009-06-25T07:00:00-00:00,2031-01-01T07:59:59-00:00,2009-06-25T00:00:00,2030-12-31T23:59:59
AS_SP15,SANLUSRY_6_N049,AS_SP15,,2009-06-25T07:00:00-00:00,2031-01-01T07:59:59-00:00,2009-06-25T00:00:00,2030-12-31T23:59:59
AS_SP15,SANLUSRY_6_N050,AS_SP15,,2009-06-25T07:00:00-00:00,2031-01-01T07:59:59-00:00,2009-06-25T00:00:00,2030-12-31T23:59:59
AS_SP15,SANLUSRY_6_N101,AS_SP15,,2009-03-31T07:00:00-00:00,2031-01-01T07:59:59-00:00,2009-03-31T00:00:00,2030-12-31T23:59:59
AS_SP15,SANLUSRY_6_N201,AS_SP15,,2009-03-31T07:00:00-00:00,2031-01-01T07:59:59-00:00,2009-03-31T00:00:00,2030-12-31T23:59:59
AS_SP15,SANMATEO_1_N001,AS_SP15,,2009-03-31T07:00:00-00:00,2031-01-01T07:59:59-00:00,2009-03-31T00:00:00,2030-12-31T23:59:59
AS_SP15,SANMATEO_1_N009,AS_SP15,,2009-03-31T07:00:00-00:00,2031-01-01T07:59:59-00:00,2009-03-31T00:00:00,2030-12-31T23:59:59
AS_SP15,SANMIGL_6_N001,AS_SP15,,2025-10-15T07:00:00-00:00,2031-01-01T07:59:59-00:00,2025-10-15T00:00:00,2030-12-31T23:59:59
AS_SP15,SANMIG_6_N016,AS_SP15,,2025-10-15T07:00:00-00:00,2031-01-01T07:59:59-00:00,2025-10-15T00:00:00,2030-12-31T23:59:59
AS_SP15,SANMRCOS_6_GN010,AS_SP15,,2025-05-13T07:00:00-00:00,2031-01-01T07:59:59-00:00,2025-05-13T00:00:00,2030-12-31T23:59:59
AS_SP15,SANMRCOS_6_N001,AS_SP15,,2009-03-31T07:00:00-00:00,2031-01-01T07:59:59-00:00,2009-03-31T00:00:00,2030-12-31T23:59:59
AS_SP15,SANMRCOS_6_N007,AS_SP15,,2009-03-31T07:00:00-00:00,2031-01-01T07:59:59-00:00,2009-03-31T00:00:00,2030-12-31T23:59:59
AS_SP15,SANMRCOS_6_N011,AS_SP15,,2009-03-31T07:00:00-00:00,2031-01-01T07:59:59-00:00,2009-03-31T00:00:00,2030-12-31T23:59:59
AS_SP15,SANMRCOS_6_N012,AS_SP15,,2009-03-31T07:00:00-00:00,2031-01-01T07:59:59-00:00,2009-03-31T00:00:00,2030-12-31T23:59:59
AS_SP15,SANMRCOS_6_N013,AS_SP15,,2009-03-31T07:00:00-00:00,2031-01-01T07:59:59-00:00,2009-03-31T00:00:00,2030-12-31T23:59:59
AS_SP15,SANTARO_1_N001,AS_SP15,,2009-03-31T07:00:00-00:00,2031-01-01T07:59:59-00:00,2009-03-31T00:00:00,2030-12-31T23:59:59
AS_SP15,SANTARO_1_N014,AS_SP15,,2009-03-31T07:00:00-00:00,2031-01-01T07:59:59-00:00,2009-03-31T00:00:00,2030-12-31T23:59:59
AS_SP15,SANTARO_1_N017,AS_SP15,,2009-03-31T07:00:00-00:00,2031-01-01T07:59:59-00:00,2009-03-31T00:00:00,2030-12-31T23:59:59
AS_SP15,SANTARO_1_N021,AS_SP15,,2009-03-31T07:00:00-00:00,2031-01-01T07:59:59-00:00,2009-03-31T00:00:00,2030-12-31T23:59:59
AS_SP15,SANTEE_1_N001,AS_SP15,,2009-03-31T07:00:00-00:00,2031-01-01T07:59:59-00:00,2009-03-31T00:00:00,2030-12-31T23:59:59
AS_SP15,SANTEE_1_N004,AS_SP15,,2009-03-31T07:00:00-00:00,2031-01-01T07:59:59-00:00,2009-03-31T00:00:00,2030-12-31T23:59:59
AS_SP15,SANTEE_7_N001,AS_SP15,,2024-08-28T07:00:00-00:00,2031-01-01T07:59:59-00:00,2024-08-28T00:00:00,2030-12-31T23:59:59
AS_SP15,SANTEE_7_N002,AS_SP15,,2025-05-13T07:00:00-00:00,2031-01-01T07:59:59-00:00,2025-05-13T00:00:00,2030-12-31T23:59:59
AS_SP15,SANTIAGO_6_LN001,AS_SP15,,2010-04-22T07:00:00-00:00,2031-01-01T07:59:59-00:00,2010-04-22T00:00:00,2030-12-31T23:59:59
AS_SP15,SANTIAGO_6_LN002,AS_SP15,,2010-04-22T07:00:00-00:00,2031-01-01T07:59:59-00:00,2010-04-22T00:00:00,2030-12-31T23:59:59
AS_SP15,SANTIAGO_6_N025,AS_SP15,,2025-05-13T07:00:00-00:00,2031-01-01T07:59:59-00:00,2025-05-13T00:00:00,2030-12-31T23:59:59
AS_SP15,SANTIAGO_6_N026,AS_SP15,,2025-05-13T07:00:00-00:00,2031-01-01T07:59:59-00:00,2025-05-13T00:00:00,2030-12-31T23:59:59
AS_SP15,SANTYSBL_6_1N001,AS_SP15,,2021-11-17T08:00:00-00:00,2031-01-01T07:59:59-00:00,2021-11-17T00:00:00,2030-12-31T23:59:59
AS_SP15,SANWIND_1_N001,AS_SP15,,2009-03-31T07:00:00-00:00,2031-01-01T07:59:59-00:00,2009-03-31T00:00:00,2030-12-31T23:59:59
AS_SP15,SANYSDRO_6_N001,AS_SP15,,2009-03-31T07:00:00-00:00,2031-01-01T07:59:59-00:00,2009-03-31T00:00:00,2030-12-31T23:59:59
AS_SP15,SANYSDRO_6_N004,AS_SP15,,2009-03-31T07:00:00-00:00,2031-01-01T07:59:59-00:00,2009-03-31T00:00:00,2030-12-31T23:59:59
AS_SP15,SANYSDRO_6_N013,AS_SP15,,2012-06-14T07:00:00-00:00,2031-01-01T07:59:59-00:00,2012-06-14T00:00:00,2030-12-31T23:59:59
AS_SP15,SAUGUS_6_N001,AS_SP15,,2009-03-31T07:00:00-00:00,2031-01-01T07:59:59-00:00,2009-03-31T00:00:00,2030-12-31T23:59:59
AS_SP15,SAUGUS_6_N008,AS_SP15,,2025-05-13T07:00:00-00:00,2031-01-01T07:59:59-00:00,2025-05-13T00:00:00,2030-12-31T23:59:59
AS_SP15,SAUGUS_6_N009,AS_SP15,,2025-05-13T07:00:00-00:00,2031-01-01T07:59:59-00:00,2025-05-13T00:00:00,2030-12-31T23:59:59
AS_SP15,SAUGUS_6_N010,AS_SP15,,2009-03-31T07:00:00-00:00,2031-01-01T07:59:59-00:00,2009-03-31T00:00:00,2030-12-31T23:59:59
AS_SP15,SAUGUS_6_N012,AS_SP15,,2025-05-13T07:00:00-00:00,2031-01-01T07:59:59-00:00,2025-05-13T00:00:00,2030-12-31T23:59:59
AS_SP15,SAUGUS_6_N015,AS_SP15,,2025-05-13T07:00:00-00:00,2031-01-01T07:59:59-00:00,2025-05-13T00:00:00,2030-12-31T23:59:59
AS_SP15,SBEBT3_7_NBT3,AS_SP15,,2023-01-12T08:00:00-00:00,2031-01-01T07:59:59-00:00,2023-01-12T00:00:00,2030-12-31T23:59:59
AS_SP15,SBEBT4_7_NBT4,AS_SP15,,2023-01-12T08:00:00-00:00,2031-01-01T07:59:59-00:00,2023-01-12T00:00:00,2030-12-31T23:59:59
AS_SP15,SBERDO_2_PSP3-APND,AS_SP15,,2009-03-31T07:00:00-00:00,2031-01-01T07:59:59-00:00,2009-03-31T00:00:00,2030-12-31T23:59:59
AS_SP15,SBERDO_2_PSP4-APND,AS_SP15,,2009-03-31T07:00:00-00:00,2031-01-01T07:59:59-00:00,2009-03-31T00:00:00,2030-12-31T23:59:59
AS_SP15,SCEC_1_DERP01-APND,AS_SP15,,2023-12-19T08:00:00-00:00,2031-01-01T07:59:59-00:00,2023-12-19T00:00:00,2030-12-31T23:59:59
AS_SP15,SCEC_1_PDRP05-APND,AS_SP15,,2018-04-23T07:00:00-00:00,2031-01-01T07:59:59-00:00,2018-04-23T00:00:00,2030-12-31T23:59:59
AS_SP15,SCEC_1_PDRP06-APND,AS_SP15,,2018-04-23T07:00:00-00:00,2031-01-01T07:59:59-00:00,2018-04-23T00:00:00,2030-12-31T23:59:59
AS_SP15,SCEC_1_PDRP07-APND,AS_SP15,,2018-04-23T07:00:00-00:00,2031-01-01T07:59:59-00:00,2018-04-23T00:00:00,2030-12-31T23:59:59
AS_SP15,SCEC_1_PDRP08-APND,AS_SP15,,2018-04-23T07:00:00-00:00,2031-01-01T07:59:59-00:00,2018-04-23T00:00:00,2030-12-31T23:59:59
AS_SP15,SCEC_1_PDRP09-APND,AS_SP15,,2018-04-23T07:00:00-00:00,2031-01-01T07:59:59-00:00,2018-04-23T00:00:00,2030-12-31T23:59:59
AS_SP15,SCEC_1_PDRP10-APND,AS_SP15,,2018-04-23T07:00:00-00:00,2031-01-01T07:59:59-00:00,2018-04-23T00:00:00,2030-12-31T23:59:59
AS_SP15,SCEC_1_PDRP100-APND,AS_SP15,,2018-10-22T07:00:00-00:00,2031-01-01T07:59:59-00:00,2018-10-22T00:00:00,2030-12-31T23:59:59
AS_SP15,SCEC_1_PDRP101-APND,AS_SP15,,2018-10-22T07:00:00-00:00,2031-01-01T07:59:59-00:00,2018-10-22T00:00:00,2030-12-31T23:59:59
AS_SP15,SCEC_1_PDRP102-APND,AS_SP15,,2018-10-22T07:00:00-00:00,2031-01-01T07:59:59-00:00,2018-10-22T00:00:00,2030-12-31T23:59:59
AS_SP15,SCEC_1_PDRP103-APND,AS_SP15,,2018-10-22T07:00:00-00:00,2031-01-01T07:59:59-00:00,2018-10-22T00:00:00,2030-12-31T23:59:59
AS_SP15,SCEC_1_PDRP104-APND,AS_SP15,,2018-10-22T07:00:00-00:00,2031-01-01T07:59:59-00:00,2018-10-22T00:00:00,2030-12-31T23:59:59
AS_SP15,SCEC_1_PDRP105-APND,AS_SP15,,2018-10-22T07:00:00-00:00,2031-01-01T07:59:59-00:00,2018-10-22T00:00:00,2030-12-31T23:59:59
AS_SP15,SCEC_1_PDRP106-APND,AS_SP15,,2018-12-05T08:00:00-00:00,2031-01-01T07:59:59-00:00,2018-12-05T00:00:00,2030-12-31T23:59:59
AS_SP15,SCEC_1_PDRP107-APND,AS_SP15,,2018-12-05T08:00:00-00:00,2031-01-01T07:59:59-00:00,2018-12-05T00:00:00,2030-12-31T23:59:59
AS_SP15,SCEC_1_PDRP108-APND,AS_SP15,,2018-12-05T08:00:00-00:00,2031-01-01T07:59:59-00:00,2018-12-05T00:00:00,2030-12-31T23:59:59
AS_SP15,SCEC_1_PDRP109-APND,AS_SP15,,2018-12-05T08:00:00-00:00,2031-01-01T07:59:59-00:00,2018-12-05T00:00:00,2030-12-31T23:59:59
AS_SP15,SCEC_1_PDRP11-APND,AS_SP15,,2018-04-23T07:00:00-00:00,2031-01-01T07:59:59-00:00,2018-04-23T00:00:00,2030-12-31T23:59:59
AS_SP15,SCEC_1_PDRP110-APND,AS_SP15,,2018-12-27T08:00:00-00:00,2031-01-01T07:59:59-00:00,2018-12-27T00:00:00,2030-12-31T23:59:59
AS_SP15,SCEC_1_PDRP111-APND,AS_SP15,,2019-02-27T08:00:00-00:00,2031-01-01T07:59:59-00:00,2019-02-27T00:00:00,2030-12-31T23:59:59
AS_SP15,SCEC_1_PDRP113-APND,AS_SP15,,2022-12-30T08:00:00-00:00,2031-01-01T07:59:59-00:00,2022-12-30T00:00:00,2030-12-31T23:59:59
AS_SP15,SCEC_1_PDRP114-APND,AS_SP15,,2019-03-07T08:00:00-00:00,2031-01-01T07:59:59-00:00,2019-03-07T00:00:00,2030-12-31T23:59:59
AS_SP15,SCEC_1_PDRP115-APND,AS_SP15,,2019-03-07T08:00:00-00:00,2031-01-01T07:59:59-00:00,2019-03-07T00:00:00,2030-12-31T23:59:59
AS_SP15,SCEC_1_PDRP116-APND,AS_SP15,,2020-04-17T07:00:00-00:00,2031-01-01T07:59:59-00:00,2020-04-17T00:00:00,2030-12-31T23:59:59
AS_SP15,SCEC_1_PDRP117-APND,AS_SP15,,2020-04-17T07:00:00-00:00,2031-01-01T07:59:59-00:00,2020-04-17T00:00:00,2030-12-31T23:59:59
AS_SP15,SCEC_1_PDRP118-APND,AS_SP15,,2020-04-17T07:00:00-00:00,2031-01-01T07:59:59-00:00,2020-04-17T00:00:00,2030-12-31T23:59:59
AS_SP15,SCEC_1_PDRP119-APND,AS_SP15,,2019-03-18T07:00:00-00:00,2031-01-01T07:59:59-00:00,2019-03-18T00:00:00,2030-12-31T23:59:59
AS_SP15,SCEC_1_PDRP12-APND,AS_SP15,,2018-04-23T07:00:00-00:00,2031-01-01T07:59:59-00:00,2018-04-23T00:00:00,2030-12-31T23:59:59
AS_SP15,SCEC_1_PDRP120-APND,AS_SP15,,2021-10-26T07:00:00-00:00,2031-01-01T07:59:59-00:00,2021-10-26T00:00:00,2030-12-31T23:59:59
AS_SP15,SCEC_1_PDRP121-APND,AS_SP15,,2021-10-26T07:00:00-00:00,2031-01-01T07:59:59-00:00,2021-10-26T00:00:00,2030-12-31T23:59:59
AS_SP15,SCEC_1_PDRP122-APND,AS_SP15,,2020-04-17T07:00:00-00:00,2031-01-01T07:59:59-00:00,2020-04-17T00:00:00,2030-12-31T23:59:59
AS_SP15,SCEC_1_PDRP124-APND,AS_SP15,,2019-07-31T07:00:00-00:00,2031-01-01T07:59:59-00:00,2019-07-31T00:00:00,2030-12-31T23:59:59
AS_SP15,SCEC_1_PDRP125-APND,AS_SP15,,2021-10-26T07:00:00-00:00,2031-01-01T07:59:59-00:00,2021-10-26T00:00:00,2030-12-31T23:59:59
AS_SP15,SCEC_1_PDRP126-APND,AS_SP15,,2021-10-26T07:00:00-00:00,2031-01-01T07:59:59-00:00,2021-10-26T00:00:00,2030-12-31T23:59:59
AS_SP15,SCEC_1_PDRP127-APND,AS_SP15,,2019-05-30T07:00:00-00:00,2031-01-01T07:59:59-00:00,2019-05-30T00:00:00,2030-12-31T23:59:59
AS_SP15,SCEC_1_PDRP128-APND,AS_SP15,,2021-10-26T07:00:00-00:00,2031-01-01T07:59:59-00:00,2021-10-26T00:00:00,2030-12-31T23:59:59
AS_SP15,SCEC_1_PDRP129-APND,AS_SP15,,2019-09-24T07:00:00-00:00,2031-01-01T07:59:59-00:00,2019-09-24T00:00:00,2030-12-31T23:59:59
AS_SP15,SCEC_1_PDRP13-APND,AS_SP15,,2018-04-23T07:00:00-00:00,2031-01-01T07:59:59-00:00,2018-04-23T00:00:00,2030-12-31T23:59:59
AS_SP15,SCEC_1_PDRP130-APND,AS_SP15,,2019-05-30T07:00:00-00:00,2031-01-01T07:59:59-00:00,2019-05-30T00:00:00,2030-12-31T23:59:59
AS_SP15,SCEC_1_PDRP131-APND,AS_SP15,,2021-10-26T07:00:00-00:00,2031-01-01T07:59:59-00:00,2021-10-26T00:00:00,2030-12-31T23:59:59
AS_SP15,SCEC_1_PDRP132-APND,AS_SP15,,2019-05-30T07:00:00-00:00,2031-01-01T07:59:59-00:00,2019-05-30T00:00:00,2030-12-31T23:59:59
AS_SP15,SCEC_1_PDRP133-APND,AS_SP15,,2021-10-26T07:00:00-00:00,2031-01-01T07:59:59-00:00,2021-10-26T00:00:00,2030-12-31T23:59:59
AS_SP15,SCEC_1_PDRP134-APND,AS_SP15,,2019-05-30T07:00:00-00:00,2031-01-01T07:59:59-00:00,2019-05-30T00:00:00,2030-12-31T23:59:59
AS_SP15,SCEC_1_PDRP135-APND,AS_SP15,,2022-11-14T08:00:00-00:00,2031-01-01T07:59:59-00:00,2022-11-14T00:00:00,2030-12-31T23:59:59
AS_SP15,SCEC_1_PDRP136-APND,AS_SP15,,2020-04-17T07:00:00-00:00,2031-01-01T07:59:59-00:00,2020-04-17T00:00:00,2030-12-31T23:59:59
AS_SP15,SCEC_1_PDRP137-APND,AS_SP15,,2020-04-17T07:00:00-00:00,2031-01-01T07:59:59-00:00,2020-04-17T00:00:00,2030-12-31T23:59:59
AS_SP15,SCEC_1_PDRP138-APND,AS_SP15,,2020-04-17T07:00:00-00:00,2031-01-01T07:59:59-00:00,2020-04-17T00:00:00,2030-12-31T23:59:59
AS_SP15,SCEC_1_PDRP139-APND,AS_SP15,,2022-12-22T08:00:00-00:00,2031-01-01T07:59:59-00:00,2022-12-22T00:00:00,2030-12-31T23:59:59
AS_SP15,SCEC_1_PDRP14-APND,AS_SP15,,2018-04-23T07:00:00-00:00,2031-01-01T07:59:59-00:00,2018-04-23T00:00:00,2030-12-31T23:59:59
AS_SP15,SCEC_1_PDRP140-APND,AS_SP15,,2020-03-10T07:00:00-00:00,2031-01-01T07:59:59-00:00,2020-03-10T00:00:00,2030-12-31T23:59:59
AS_SP15,SCEC_1_PDRP141-APND,AS_SP15,,2020-03-10T07:00:00-00:00,2031-01-01T07:59:59-00:00,2020-03-10T00:00:00,2030-12-31T23:59:59
AS_SP15,SCEC_1_PDRP142-APND,AS_SP15,,2020-03-10T07:00:00-00:00,2031-01-01T07:59:59-00:00,2020-03-10T00:00:00,2030-12-31T23:59:59
AS_SP15,SCEC_1_PDRP143-APND,AS_SP15,,2020-03-10T07:00:00-00:00,2031-01-01T07:59:59-00:00,2020-03-10T00:00:00,2030-12-31T23:59:59
AS_SP15,SCEC_1_PDRP144-APND,AS_SP15,,2020-03-10T07:00:00-00:00,2031-01-01T07:59:59-00:00,2020-03-10T00:00:00,2030-12-31T23:59:59
AS_SP15,SCEC_1_PDRP145-APND,AS_SP15,,2020-03-10T07:00:00-00:00,2031-01-01T07:59:59-00:00,2020-03-10T00:00:00,2030-12-31T23:59:59
AS_SP15,SCEC_1_PDRP146-APND,AS_SP15,,2020-04-17T07:00:00-00:00,2031-01-01T07:59:59-00:00,2020-04-17T00:00:00,2030-12-31T23:59:59
AS_SP15,SCEC_1_PDRP147-APND,AS_SP15,,2020-04-17T07:00:00-00:00,2031-01-01T07:59:59-00:00,2020-04-17T00:00:00,2030-12-31T23:59:59
AS_SP15,SCEC_1_PDRP148-APND,AS_SP15,,2020-04-17T07:00:00-00:00,2031-01-01T07:59:59-00:00,2020-04-17T00:00:00,2030-12-31T23:59:59
AS_SP15,SCEC_1_PDRP149-APND,AS_SP15,,2020-04-17T07:00:00-00:00,2031-01-01T07:59:59-00:00,2020-04-17T00:00:00,2030-12-31T23:59:59
AS_SP15,SCEC_1_PDRP150-APND,AS_SP15,,2020-04-17T07:00:00-00:00,2031-01-01T07:59:59-00:00,2020-04-17T00:00:00,2030-12-31T23:59:59
AS_SP15,SCEC_1_PDRP151-APND,AS_SP15,,2020-04-17T07:00:00-00:00,2031-01-01T07:59:59-00:00,2020-04-17T00:00:00,2030-12-31T23:59:59
AS_SP15,SCEC_1_PDRP152-APND,AS_SP15,,2020-04-17T07:00:00-00:00,2031-01-01T07:59:59-00:00,2020-04-17T00:00:00,2030-12-31T23:59:59
AS_SP15,SCEC_1_PDRP153-APND,AS_SP15,,2022-11-14T08:00:00-00:00,2031-01-01T07:59:59-00:00,2022-11-14T00:00:00,2030-12-31T23:59:59
AS_SP15,SCEC_1_PDRP154-APND,AS_SP15,,2022-12-22T08:00:00-00:00,2031-01-01T07:59:59-00:00,2022-12-22T00:00:00,2030-12-31T23:59:59
AS_SP15,SCEC_1_PDRP155-APND,AS_SP15,,2022-12-22T08:00:00-00:00,2031-01-01T07:59:59-00:00,2022-12-22T00:00:00,2030-12-31T23:59:59
AS_SP15,SCEC_1_PDRP156-APND,AS_SP15,,2021-10-26T07:00:00-00:00,2031-01-01T07:59:59-00:00,2021-10-26T00:00:00,2030-12-31T23:59:59
AS_SP15,SCEC_1_PDRP157-APND,AS_SP15,,2021-10-26T07:00:00-00:00,2031-01-01T07:59:59-00:00,2021-10-26T00:00:00,2030-12-31T23:59:59
AS_SP15,SCEC_1_PDRP158-APND,AS_SP15,,2022-12-22T08:00:00-00:00,2031-01-01T07:59:59-00:00,2022-12-22T00:00:00,2030-12-31T23:59:59
AS_SP15,SCEC_1_PDRP159-APND,AS_SP15,,2022-12-22T08:00:00-00:00,2031-01-01T07:59:59-00:00,2022-12-22T00:00:00,2030-12-31T23:59:59
AS_SP15,SCEC_1_PDRP160-APND,AS_SP15,,2024-09-23T07:00:00-00:00,2031-01-01T07:59:59-00:00,2024-09-23T00:00:00,2030-12-31T23:59:59
AS_SP15,SCEC_1_PDRP161-APND,AS_SP15,,2020-09-28T07:00:00-00:00,2031-01-01T07:59:59-00:00,2020-09-28T00:00:00,2030-12-31T23:59:59
AS_SP15,SCEC_1_PDRP162-APND,AS_SP15,,2020-09-28T07:00:00-00:00,2031-01-01T07:59:59-00:00,2020-09-28T00:00:00,2030-12-31T23:59:59
AS_SP15,SCEC_1_PDRP163-APND,AS_SP15,,2020-09-28T07:00:00-00:00,2031-01-01T07:59:59-00:00,2020-09-28T00:00:00,2030-12-31T23:59:59
AS_SP15,SCEC_1_PDRP171-APND,AS_SP15,,2019-05-31T07:00:00-00:00,2031-01-01T07:59:59-00:00,2019-05-31T00:00:00,2030-12-31T23:59:59
AS_SP15,SCEC_1_PDRP173-APND,AS_SP15,,2020-02-25T08:00:00-00:00,2031-01-01T07:59:59-00:00,2020-02-25T00:00:00,2030-12-31T23:59:59
AS_SP15,SCEC_1_PDRP175-APND,AS_SP15,,2020-06-01T07:00:00-00:00,2031-01-01T07:59:59-00:00,2020-06-01T00:00:00,2030-12-31T23:59:59
AS_SP15,SCEC_1_PDRP178-APND,AS_SP15,,2020-04-17T07:00:00-00:00,2031-01-01T07:59:59-00:00,2020-04-17T00:00:00,2030-12-31T23:59:59
AS_SP15,SCEC_1_PDRP179-APND,AS_SP15,,2020-04-24T07:00:00-00:00,2031-01-01T07:59:59-00:00,2020-04-24T00:00:00,2030-12-31T23:59:59
AS_SP15,SCEC_1_PDRP18-APND,AS_SP15,,2018-05-25T07:00:00-00:00,2031-01-01T07:59:59-00:00,2018-05-25T00:00:00,2030-12-31T23:59:59
AS_SP15,SCEC_1_PDRP181-APND,AS_SP15,,2020-04-24T07:00:00-00:00,2031-01-01T07:59:59-00:00,2020-04-24T00:00:00,2030-12-31T23:59:59
AS_SP15,SCEC_1_PDRP183-APND,AS_SP15,,2025-05-01T07:00:00-00:00,2031-01-01T07:59:59-00:00,2025-05-01T00:00:00,2030-12-31T23:59:59
AS_SP15,SCEC_1_PDRP19-APND,AS_SP15,,2018-05-25T07:00:00-00:00,2031-01-01T07:59:59-00:00,2018-05-25T00:00:00,2030-12-31T23:59:59
AS_SP15,SCEC_1_PDRP196-APND,AS_SP15,,2025-12-23T08:00:00-00:00,2031-01-01T07:59:59-00:00,2025-12-23T00:00:00,2030-12-31T23:59:59
AS_SP15,SCEC_1_PDRP20-APND,AS_SP15,,2018-05-25T07:00:00-00:00,2031-01-01T07:59:59-00:00,2018-05-25T00:00:00,2030-12-31T23:59:59
AS_SP15,SCEC_1_PDRP30-APND,AS_SP15,,2016-05-11T07:00:00-00:00,2031-01-01T07:59:59-00:00,2016-05-11T00:00:00,2030-12-31T23:59:59
AS_SP15,SCEC_1_PDRP31-APND,AS_SP15,,2016-05-11T07:00:00-00:00,2031-01-01T07:59:59-00:00,2016-05-11T00:00:00,2030-12-31T23:59:59
AS_SP15,SCEC_1_PDRP32-APND,AS_SP15,,2016-05-25T07:00:00-00:00,2031-01-01T07:59:59-00:00,2016-05-25T00:00:00,2030-12-31T23:59:59
AS_SP15,SCEC_1_PDRP38-APND,AS_SP15,,2018-10-19T07:00:00-00:00,2031-01-01T07:59:59-00:00,2018-10-19T00:00:00,2030-12-31T23:59:59
AS_SP15,SCEC_1_PDRP42-APND,AS_SP15,,2017-10-16T07:00:00-00:00,2031-01-01T07:59:59-00:00,2017-10-16T00:00:00,2030-12-31T23:59:59
AS_SP15,SCEC_1_PDRP48-APND,AS_SP15,,2018-03-26T07:00:00-00:00,2031-01-01T07:59:59-00:00,2018-03-26T00:00:00,2030-12-31T23:59:59
AS_SP15,SCEC_1_PDRP49-APND,AS_SP15,,2018-03-26T07:00:00-00:00,2031-01-01T07:59:59-00:00,2018-03-26T00:00:00,2030-12-31T23:59:59
AS_SP15,SCEC_1_PDRP50-APND,AS_SP15,,2018-03-26T07:00:00-00:00,2031-01-01T07:59:59-00:00,2018-03-26T00:00:00,2030-12-31T23:59:59
AS_SP15,SCEC_1_PDRP51-APND,AS_SP15,,2018-03-26T07:00:00-00:00,2031-01-01T07:59:59-00:00,2018-03-26T00:00:00,2030-12-31T23:59:59
AS_SP15,SCEC_1_PDRP52-APND,AS_SP15,,2018-03-26T07:00:00-00:00,2031-01-01T07:59:59-00:00,2018-03-26T00:00:00,2030-12-31T23:59:59
AS_SP15,SCEC_1_PDRP53-APND,AS_SP15,,2018-03-26T07:00:00-00:00,2031-01-01T07:59:59-00:00,2018-03-26T00:00:00,2030-12-31T23:59:59
AS_SP15,SCEC_1_PDRP54-APND,AS_SP15,,2018-03-26T07:00:00-00:00,2031-01-01T07:59:59-00:00,2018-03-26T00:00:00,2030-12-31T23:59:59
AS_SP15,SCEC_1_PDRP55-APND,AS_SP15,,2018-03-26T07:00:00-00:00,2031-01-01T07:59:59-00:00,2018-03-26T00:00:00,2030-12-31T23:59:59
AS_SP15,SCEC_1_PDRP56-APND,AS_SP15,,2018-03-26T07:00:00-00:00,2031-01-01T07:59:59-00:00,2018-03-26T00:00:00,2030-12-31T23:59:59
AS_SP15,SCEC_1_PDRP60-APND,AS_SP15,,2019-01-03T08:00:00-00:00,2031-01-01T07:59:59-00:00,2019-01-03T00:00:00,2030-12-31T23:59:59
AS_SP15,SCEC_1_PDRP61-APND,AS_SP15,,2018-10-19T07:00:00-00:00,2031-01-01T07:59:59-00:00,2018-10-19T00:00:00,2030-12-31T23:59:59
AS_SP15,SCEC_1_PDRP62-APND,AS_SP15,,2018-10-19T07:00:00-00:00,2031-01-01T07:59:59-00:00,2018-10-19T00:00:00,2030-12-31T23:59:59
AS_SP15,SCEC_1_PDRP63-APND,AS_SP15,,2018-10-19T07:00:00-00:00,2031-01-01T07:59:59-00:00,2018-10-19T00:00:00,2030-12-31T23:59:59
AS_SP15,SCEC_1_PDRP64-APND,AS_SP15,,2018-10-19T07:00:00-00:00,2031-01-01T07:59:59-00:00,2018-10-19T00:00:00,2030-12-31T23:59:59
AS_SP15,SCEC_1_PDRP65-APND,AS_SP15,,2018-10-19T07:00:00-00:00,2031-01-01T07:59:59-00:00,2018-10-19T00:00:00,2030-12-31T23:59:59
AS_SP15,SCEC_1_PDRP66-APND,AS_SP15,,2018-10-19T07:00:00-00:00,2031-01-01T07:59:59-00:00,2018-10-19T00:00:00,2030-12-31T23:59:59
AS_SP15,SCEC_1_PDRP67-APND,AS_SP15,,2018-10-19T07:00:00-00:00,2031-01-01T07:59:59-00:00,2018-10-19T00:00:00,2030-12-31T23:59:59
AS_SP15,SCEC_1_PDRP68-APND,AS_SP15,,2018-10-19T07:00:00-00:00,2031-01-01T07:59:59-00:00,2018-10-19T00:00:00,2030-12-31T23:59:59
AS_SP15,SCEC_1_PDRP69-APND,AS_SP15,,2018-10-19T07:00:00-00:00,2031-01-01T07:59:59-00:00,2018-10-19T00:00:00,2030-12-31T23:59:59
AS_SP15,SCEC_1_PDRP70-APND,AS_SP15,,2018-10-19T07:00:00-00:00,2031-01-01T07:59:59-00:00,2018-10-19T00:00:00,2030-12-31T23:59:59
AS_SP15,SCEC_1_PDRP71-APND,AS_SP15,,2018-10-19T07:00:00-00:00,2031-01-01T07:59:59-00:00,2018-10-19T00:00:00,2030-12-31T23:59:59
AS_SP15,SCEC_1_PDRP72-APND,AS_SP15,,2018-10-22T07:00:00-00:00,2031-01-01T07:59:59-00:00,2018-10-22T00:00:00,2030-12-31T23:59:59
AS_SP15,SCEC_1_PDRP73-APND,AS_SP15,,2018-10-22T07:00:00-00:00,2031-01-01T07:59:59-00:00,2018-10-22T00:00:00,2030-12-31T23:59:59
AS_SP15,SCEC_1_PDRP74-APND,AS_SP15,,2018-10-22T07:00:00-00:00,2031-01-01T07:59:59-00:00,2018-10-22T00:00:00,2030-12-31T23:59:59
AS_SP15,SCEC_1_PDRP75-APND,AS_SP15,,2018-10-22T07:00:00-00:00,2031-01-01T07:59:59-00:00,2018-10-22T00:00:00,2030-12-31T23:59:59
AS_SP15,SCEC_1_PDRP76-APND,AS_SP15,,2018-10-22T07:00:00-00:00,2031-01-01T07:59:59-00:00,2018-10-22T00:00:00,2030-12-31T23:59:59
AS_SP15,SCEC_1_PDRP77-APND,AS_SP15,,2018-10-22T07:00:00-00:00,2031-01-01T07:59:59-00:00,2018-10-22T00:00:00,2030-12-31T23:59:59
AS_SP15,SCEC_1_PDRP78-APND,AS_SP15,,2018-10-22T07:00:00-00:00,2031-01-01T07:59:59-00:00,2018-10-22T00:00:00,2030-12-31T23:59:59
AS_SP15,SCEC_1_PDRP79-APND,AS_SP15,,2018-10-22T07:00:00-00:00,2031-01-01T07:59:59-00:00,2018-10-22T00:00:00,2030-12-31T23:59:59
AS_SP15,SCEC_1_PDRP80-APND,AS_SP15,,2018-10-22T07:00:00-00:00,2031-01-01T07:59:59-00:00,2018-10-22T00:00:00,2030-12-31T23:59:59
AS_SP15,SCEC_1_PDRP81-APND,AS_SP15,,2018-10-22T07:00:00-00:00,2031-01-01T07:59:59-00:00,2018-10-22T00:00:00,2030-12-31T23:59:59
AS_SP15,SCEC_1_PDRP82-APND,AS_SP15,,2018-10-22T07:00:00-00:00,2031-01-01T07:59:59-00:00,2018-10-22T00:00:00,2030-12-31T23:59:59
AS_SP15,SCEC_1_PDRP83-APND,AS_SP15,,2018-10-22T07:00:00-00:00,2031-01-01T07:59:59-00:00,2018-10-22T00:00:00,2030-12-31T23:59:59
AS_SP15,SCEC_1_PDRP84-APND,AS_SP15,,2018-10-22T07:00:00-00:00,2031-01-01T07:59:59-00:00,2018-10-22T00:00:00,2030-12-31T23:59:59
AS_SP15,SCEC_1_PDRP85-APND,AS_SP15,,2018-10-22T07:00:00-00:00,2031-01-01T07:59:59-00:00,2018-10-22T00:00:00,2030-12-31T23:59:59
AS_SP15,SCEC_1_PDRP86-APND,AS_SP15,,2018-10-22T07:00:00-00:00,2031-01-01T07:59:59-00:00,2018-10-22T00:00:00,2030-12-31T23:59:59
AS_SP15,SCEC_1_PDRP87-APND,AS_SP15,,2018-10-22T07:00:00-00:00,2031-01-01T07:59:59-00:00,2018-10-22T00:00:00,2030-12-31T23:59:59
AS_SP15,SCEC_1_PDRP88-APND,AS_SP15,,2018-10-22T07:00:00-00:00,2031-01-01T07:59:59-00:00,2018-10-22T00:00:00,2030-12-31T23:59:59
AS_SP15,SCEC_1_PDRP89-APND,AS_SP15,,2018-10-22T07:00:00-00:00,2031-01-01T07:59:59-00:00,2018-10-22T00:00:00,2030-12-31T23:59:59
AS_SP15,SCEC_1_PDRP90-APND,AS_SP15,,2018-10-22T07:00:00-00:00,2031-01-01T07:59:59-00:00,2018-10-22T00:00:00,2030-12-31T23:59:59
AS_SP15,SCEC_1_PDRP91-APND,AS_SP15,,2018-10-22T07:00:00-00:00,2031-01-01T07:59:59-00:00,2018-10-22T00:00:00,2030-12-31T23:59:59
AS_SP15,SCEC_1_PDRP92-APND,AS_SP15,,2018-10-22T07:00:00-00:00,2031-01-01T07:59:59-00:00,2018-10-22T00:00:00,2030-12-31T23:59:59
AS_SP15,SCEC_1_PDRP93-APND,AS_SP15,,2018-10-22T07:00:00-00:00,2031-01-01T07:59:59-00:00,2018-10-22T00:00:00,2030-12-31T23:59:59
AS_SP15,SCEC_1_PDRP94-APND,AS_SP15,,2018-10-22T07:00:00-00:00,2031-01-01T07:59:59-00:00,2018-10-22T00:00:00,2030-12-31T23:59:59
AS_SP15,SCEC_1_PDRP95-APND,AS_SP15,,2018-10-22T07:00:00-00:00,2031-01-01T07:59:59-00:00,2018-10-22T00:00:00,2030-12-31T23:59:59
AS_SP15,SCEC_1_PDRP96-APND,AS_SP15,,2018-10-22T07:00:00-00:00,2031-01-01T07:59:59-00:00,2018-10-22T00:00:00,2030-12-31T23:59:59
AS_SP15,SCEC_1_PDRP97-APND,AS_SP15,,2018-10-22T07:00:00-00:00,2031-01-01T07:59:59-00:00,2018-10-22T00:00:00,2030-12-31T23:59:59
AS_SP15,SCEC_1_PDRP98-APND,AS_SP15,,2018-10-22T07:00:00-00:00,2031-01-01T07:59:59-00:00,2018-10-22T00:00:00,2030-12-31T23:59:59
AS_SP15,SCEC_1_PDRP99-APND,AS_SP15,,2018-10-22T07:00:00-00:00,2031-01-01T07:59:59-00:00,2018-10-22T00:00:00,2030-12-31T23:59:59
AS_SP15,SCEC_1_RDRR08-APND,AS_SP15,,2022-06-13T07:00:00-00:00,2031-01-01T07:59:59-00:00,2022-06-13T00:00:00,2030-12-31T23:59:59
AS_SP15,SCEC_1_RDRR35-APND,AS_SP15,,2022-06-30T07:00:00-00:00,2031-01-01T07:59:59-00:00,2022-06-30T00:00:00,2030-12-31T23:59:59
AS_SP15,SCEC_1_RDRR36-APND,AS_SP15,,2022-04-26T07:00:00-00:00,2031-01-01T07:59:59-00:00,2022-04-26T00:00:00,2030-12-31T23:59:59
AS_SP15,SCEC_1_RDRR37-APND,AS_SP15,,2022-08-08T07:00:00-00:00,2031-01-01T07:59:59-00:00,2022-08-08T00:00:00,2030-12-31T23:59:59
AS_SP15,SCEC_1_RDRR38-APND,AS_SP15,,2022-06-30T07:00:00-00:00,2031-01-01T07:59:59-00:00,2022-06-30T00:00:00,2030-12-31T23:59:59
AS_SP15,SCEC_1_RDRR39-APND,AS_SP15,,2022-06-30T07:00:00-00:00,2031-01-01T07:59:59-00:00,2022-06-30T00:00:00,2030-12-31T23:59:59
AS_SP15,SCEN_6_PDRP01-APND,AS_SP15,,2016-05-11T07:00:00-00:00,2031-01-01T07:59:59-00:00,2016-05-11T00:00:00,2030-12-31T23:59:59
AS_SP15,SCEN_6_PDRP02-APND,AS_SP15,,2018-03-26T07:00:00-00:00,2031-01-01T07:59:59-00:00,2018-03-26T00:00:00,2030-12-31T23:59:59
AS_SP15,SCEN_6_PDRP03-APND,AS_SP15,,2018-10-19T07:00:00-00:00,2031-01-01T07:59:59-00:00,2018-10-19T00:00:00,2030-12-31T23:59:59
AS_SP15,SCEN_6_PDRP06-APND,AS_SP15,,2018-04-23T07:00:00-00:00,2031-01-01T07:59:59-00:00,2018-04-23T00:00:00,2030-12-31T23:59:59
AS_SP15,SCEN_6_PDRP07-APND,AS_SP15,,2018-04-23T07:00:00-00:00,2031-01-01T07:59:59-00:00,2018-04-23T00:00:00,2030-12-31T23:59:59
AS_SP15,SCEN_6_PDRP08-APND,AS_SP15,,2018-04-23T07:00:00-00:00,2031-01-01T07:59:59-00:00,2018-04-23T00:00:00,2030-12-31T23:59:59
AS_SP15,SCEN_6_PDRP09-APND,AS_SP15,,2018-04-23T07:00:00-00:00,2031-01-01T07:59:59-00:00,2018-04-23T00:00:00,2030-12-31T23:59:59
AS_SP15,SCEN_6_PDRP101-APND,AS_SP15,,2020-04-17T07:00:00-00:00,2031-01-01T07:59:59-00:00,2020-04-17T00:00:00,2030-12-31T23:59:59
AS_SP15,SCEN_6_PDRP102-APND,AS_SP15,,2025-05-01T07:00:00-00:00,2031-01-01T07:59:59-00:00,2025-05-01T00:00:00,2030-12-31T23:59:59
AS_SP15,SCEN_6_PDRP105-APND,AS_SP15,,2022-11-01T07:00:00-00:00,2031-01-01T07:59:59-00:00,2022-11-01T00:00:00,2030-12-31T23:59:59
AS_SP15,SCEN_6_PDRP106-APND,AS_SP15,,2022-11-01T07:00:00-00:00,2031-01-01T07:59:59-00:00,2022-11-01T00:00:00,2030-12-31T23:59:59
AS_SP15,SCEN_6_PDRP109-APND,AS_SP15,,2024-05-01T07:00:00-00:00,2031-01-01T07:59:59-00:00,2024-05-01T00:00:00,2030-12-31T23:59:59
AS_SP15,SCEN_6_PDRP11-APND,AS_SP15,,2018-04-23T07:00:00-00:00,2031-01-01T07:59:59-00:00,2018-04-23T00:00:00,2030-12-31T23:59:59
AS_SP15,SCEN_6_PDRP111-APND,AS_SP15,,2025-12-23T08:00:00-00:00,2031-01-01T07:59:59-00:00,2025-12-23T00:00:00,2030-12-31T23:59:59
AS_SP15,SCEN_6_PDRP14-APND,AS_SP15,,2018-05-25T07:00:00-00:00,2031-01-01T07:59:59-00:00,2018-05-25T00:00:00,2030-12-31T23:59:59
AS_SP15,SCEN_6_PDRP15-APND,AS_SP15,,2018-05-25T07:00:00-00:00,2031-01-01T07:59:59-00:00,2018-05-25T00:00:00,2030-12-31T23:59:59
AS_SP15,SCEN_6_PDRP27-APND,AS_SP15,,2017-10-16T07:00:00-00:00,2031-01-01T07:59:59-00:00,2017-10-16T00:00:00,2030-12-31T23:59:59
AS_SP15,SCEN_6_PDRP29-APND,AS_SP15,,2018-05-25T07:00:00-00:00,2031-01-01T07:59:59-00:00,2018-05-25T00:00:00,2030-12-31T23:59:59
AS_SP15,SCEN_6_PDRP30-APND,AS_SP15,,2018-05-25T07:00:00-00:00,2031-01-01T07:59:59-00:00,2018-05-25T00:00:00,2030-12-31T23:59:59
AS_SP15,SCEN_6_PDRP31-APND,AS_SP15,,2018-05-25T07:00:00-00:00,2031-01-01T07:59:59-00:00,2018-05-25T00:00:00,2030-12-31T23:59:59
AS_SP15,SCEN_6_PDRP32-APND,AS_SP15,,2018-05-25T07:00:00-00:00,2031-01-01T07:59:59-00:00,2018-05-25T00:00:00,2030-12-31T23:59:59
AS_SP15,SCEN_6_PDRP33-APND,AS_SP15,,2018-10-19T07:00:00-00:00,2031-01-01T07:59:59-00:00,2018-10-19T00:00:00,2030-12-31T23:59:59
AS_SP15,SCEN_6_PDRP34-APND,AS_SP15,,2018-10-19T07:00:00-00:00,2031-01-01T07:59:59-00:00,2018-10-19T00:00:00,2030-12-31T23:59:59
AS_SP15,SCEN_6_PDRP35-APND,AS_SP15,,2018-10-19T07:00:00-00:00,2031-01-01T07:59:59-00:00,2018-10-19T00:00:00,2030-12-31T23:59:59
AS_SP15,SCEN_6_PDRP36-APND,AS_SP15,,2018-10-19T07:00:00-00:00,2031-01-01T07:59:59-00:00,2018-10-19T00:00:00,2030-12-31T23:59:59
AS_SP15,SCEN_6_PDRP37-APND,AS_SP15,,2018-10-19T07:00:00-00:00,2031-01-01T07:59:59-00:00,2018-10-19T00:00:00,2030-12-31T23:59:59
AS_SP15,SCEN_6_PDRP38-APND,AS_SP15,,2018-10-19T07:00:00-00:00,2031-01-01T07:59:59-00:00,2018-10-19T00:00:00,2030-12-31T23:59:59
AS_SP15,SCEN_6_PDRP39-APND,AS_SP15,,2018-10-19T07:00:00-00:00,2031-01-01T07:59:59-00:00,2018-10-19T00:00:00,2030-12-31T23:59:59
AS_SP15,SCEN_6_PDRP40-APND,AS_SP15,,2018-10-19T07:00:00-00:00,2031-01-01T07:59:59-00:00,2018-10-19T00:00:00,2030-12-31T23:59:59
AS_SP15,SCEN_6_PDRP41-APND,AS_SP15,,2018-10-19T07:00:00-00:00,2031-01-01T07:59:59-00:00,2018-10-19T00:00:00,2030-12-31T23:59:59
AS_SP15,SCEN_6_PDRP42-APND,AS_SP15,,2018-10-19T07:00:00-00:00,2031-01-01T07:59:59-00:00,2018-10-19T00:00:00,2030-12-31T23:59:59
AS_SP15,SCEN_6_PDRP43-APND,AS_SP15,,2018-10-19T07:00:00-00:00,2031-01-01T07:59:59-00:00,2018-10-19T00:00:00,2030-12-31T23:59:59
AS_SP15,SCEN_6_PDRP44-APND,AS_SP15,,2018-10-19T07:00:00-00:00,2031-01-01T07:59:59-00:00,2018-10-19T00:00:00,2030-12-31T23:59:59
AS_SP15,SCEN_6_PDRP45-APND,AS_SP15,,2018-10-19T07:00:00-00:00,2031-01-01T07:59:59-00:00,2018-10-19T00:00:00,2030-12-31T23:59:59
AS_SP15,SCEN_6_PDRP46-APND,AS_SP15,,2018-10-19T07:00:00-00:00,2031-01-01T07:59:59-00:00,2018-10-19T00:00:00,2030-12-31T23:59:59
AS_SP15,SCEN_6_PDRP47-APND,AS_SP15,,2018-10-19T07:00:00-00:00,2031-01-01T07:59:59-00:00,2018-10-19T00:00:00,2030-12-31T23:59:59
AS_SP15,SCEN_6_PDRP48-APND,AS_SP15,,2018-10-19T07:00:00-00:00,2031-01-01T07:59:59-00:00,2018-10-19T00:00:00,2030-12-31T23:59:59
AS_SP15,SCEN_6_PDRP49-APND,AS_SP15,,2018-10-19T07:00:00-00:00,2031-01-01T07:59:59-00:00,2018-10-19T00:00:00,2030-12-31T23:59:59
AS_SP15,SCEN_6_PDRP50-APND,AS_SP15,,2018-10-19T07:00:00-00:00,2031-01-01T07:59:59-00:00,2018-10-19T00:00:00,2030-12-31T23:59:59
AS_SP15,SCEN_6_PDRP51-APND,AS_SP15,,2018-10-19T07:00:00-00:00,2031-01-01T07:59:59-00:00,2018-10-19T00:00:00,2030-12-31T23:59:59
AS_SP15,SCEN_6_PDRP52-APND,AS_SP15,,2018-10-19T07:00:00-00:00,2031-01-01T07:59:59-00:00,2018-10-19T00:00:00,2030-12-31T23:59:59
AS_SP15,SCEN_6_PDRP53-APND,AS_SP15,,2018-10-19T07:00:00-00:00,2031-01-01T07:59:59-00:00,2018-10-19T00:00:00,2030-12-31T23:59:59
AS_SP15,SCEN_6_PDRP54-APND,AS_SP15,,2018-10-22T07:00:00-00:00,2031-01-01T07:59:59-00:00,2018-10-22T00:00:00,2030-12-31T23:59:59
AS_SP15,SCEN_6_PDRP55-APND,AS_SP15,,2018-10-22T07:00:00-00:00,2031-01-01T07:59:59-00:00,2018-10-22T00:00:00,2030-12-31T23:59:59
AS_SP15,SCEN_6_PDRP56-APND,AS_SP15,,2018-10-22T07:00:00-00:00,2031-01-01T07:59:59-00:00,2018-10-22T00:00:00,2030-12-31T23:59:59
AS_SP15,SCEN_6_PDRP58-APND,AS_SP15,,2018-12-05T08:00:00-00:00,2031-01-01T07:59:59-00:00,2018-12-05T00:00:00,2030-12-31T23:59:59
AS_SP15,SCEN_6_PDRP59-APND,AS_SP15,,2019-02-27T08:00:00-00:00,2031-01-01T07:59:59-00:00,2019-02-27T00:00:00,2030-12-31T23:59:59
AS_SP15,SCEN_6_PDRP60-APND,AS_SP15,,2019-02-28T08:00:00-00:00,2031-01-01T07:59:59-00:00,2019-02-28T00:00:00,2030-12-31T23:59:59
AS_SP15,SCEN_6_PDRP61-APND,AS_SP15,,2019-02-28T08:00:00-00:00,2031-01-01T07:59:59-00:00,2019-02-28T00:00:00,2030-12-31T23:59:59
AS_SP15,SCEN_6_PDRP62-APND,AS_SP15,,2019-02-28T08:00:00-00:00,2031-01-01T07:59:59-00:00,2019-02-28T00:00:00,2030-12-31T23:59:59
AS_SP15,SCEN_6_PDRP63-APND,AS_SP15,,2019-03-05T08:00:00-00:00,2031-01-01T07:59:59-00:00,2019-03-05T00:00:00,2030-12-31T23:59:59
AS_SP15,SCEN_6_PDRP64-APND,AS_SP15,,2022-04-21T07:00:00-00:00,2031-01-01T07:59:59-00:00,2022-04-21T00:00:00,2030-12-31T23:59:59
AS_SP15,SCEN_6_PDRP65-APND,AS_SP15,,2020-09-28T07:00:00-00:00,2031-01-01T07:59:59-00:00,2020-09-28T00:00:00,2030-12-31T23:59:59
AS_SP15,SCEN_6_PDRP66-APND,AS_SP15,,2022-12-30T08:00:00-00:00,2031-01-01T07:59:59-00:00,2022-12-30T00:00:00,2030-12-31T23:59:59
AS_SP15,SCEN_6_PDRP76-APND,AS_SP15,,2019-09-24T07:00:00-00:00,2031-01-01T07:59:59-00:00,2019-09-24T00:00:00,2030-12-31T23:59:59
AS_SP15,SCEN_6_PDRP79-APND,AS_SP15,,2020-06-01T07:00:00-00:00,2031-01-01T07:59:59-00:00,2020-06-01T00:00:00,2030-12-31T23:59:59
AS_SP15,SCEN_6_PDRP80-APND,AS_SP15,,2020-03-10T07:00:00-00:00,2031-01-01T07:59:59-00:00,2020-03-10T00:00:00,2030-12-31T23:59:59
AS_SP15,SCEN_6_PDRP81-APND,AS_SP15,,2020-03-10T07:00:00-00:00,2031-01-01T07:59:59-00:00,2020-03-10T00:00:00,2030-12-31T23:59:59
AS_SP15,SCEN_6_PDRP84-APND,AS_SP15,,2020-04-24T07:00:00-00:00,2031-01-01T07:59:59-00:00,2020-04-24T00:00:00,2030-12-31T23:59:59
AS_SP15,SCEN_6_PDRP85-APND,AS_SP15,,2020-04-24T07:00:00-00:00,2031-01-01T07:59:59-00:00,2020-04-24T00:00:00,2030-12-31T23:59:59
AS_SP15,SCEN_6_PDRP86-APND,AS_SP15,,2020-04-24T07:00:00-00:00,2031-01-01T07:59:59-00:00,2020-04-24T00:00:00,2030-12-31T23:59:59
AS_SP15,SCEN_6_PDRP87-APND,AS_SP15,,2020-04-24T07:00:00-00:00,2031-01-01T07:59:59-00:00,2020-04-24T00:00:00,2030-12-31T23:59:59
AS_SP15,SCEN_6_PDRP88-APND,AS_SP15,,2020-04-24T07:00:00-00:00,2031-01-01T07:59:59-00:00,2020-04-24T00:00:00,2030-12-31T23:59:59
AS_SP15,SCEN_6_PDRP89-APND,AS_SP15,,2020-04-24T07:00:00-00:00,2031-01-01T07:59:59-00:00,2020-04-24T00:00:00,2030-12-31T23:59:59
AS_SP15,SCEN_6_PDRP91-APND,AS_SP15,,2020-04-24T07:00:00-00:00,2031-01-01T07:59:59-00:00,2020-04-24T00:00:00,2030-12-31T23:59:59
AS_SP15,SCEN_6_PDRP93-APND,AS_SP15,,2020-04-24T07:00:00-00:00,2031-01-01T07:59:59-00:00,2020-04-24T00:00:00,2030-12-31T23:59:59
AS_SP15,SCEN_6_PDRP94-APND,AS_SP15,,2020-04-24T07:00:00-00:00,2031-01-01T07:59:59-00:00,2020-04-24T00:00:00,2030-12-31T23:59:59
AS_SP15,SCEN_6_PDRP95-APND,AS_SP15,,2020-04-24T07:00:00-00:00,2031-01-01T07:59:59-00:00,2020-04-24T00:00:00,2030-12-31T23:59:59
AS_SP15,SCEN_6_PDRP96-APND,AS_SP15,,2020-04-24T07:00:00-00:00,2031-01-01T07:59:59-00:00,2020-04-24T00:00:00,2030-12-31T23:59:59
AS_SP15,SCEN_6_PDRP97-APND,AS_SP15,,2020-04-24T07:00:00-00:00,2031-01-01T07:59:59-00:00,2020-04-24T00:00:00,2030-12-31T23:59:59
AS_SP15,SCEN_6_PDRP98-APND,AS_SP15,,2020-04-24T07:00:00-00:00,2031-01-01T07:59:59-00:00,2020-04-24T00:00:00,2030-12-31T23:59:59
AS_SP15,SCEN_6_PDRP99-APND,AS_SP15,,2020-04-17T07:00:00-00:00,2031-01-01T07:59:59-00:00,2020-04-17T00:00:00,2030-12-31T23:59:59
AS_SP15,SCEN_6_RDRR02-APND,AS_SP15,,2022-06-13T07:00:00-00:00,2031-01-01T07:59:59-00:00,2022-06-13T00:00:00,2030-12-31T23:59:59
AS_SP15,SCEN_6_RDRR12-APND,AS_SP15,,2022-10-24T07:00:00-00:00,2031-01-01T07:59:59-00:00,2022-10-24T00:00:00,2030-12-31T23:59:59
AS_SP15,SCEN_6_RDRR13-APND,AS_SP15,,2019-03-28T07:00:00-00:00,2031-01-01T07:59:59-00:00,2019-03-28T00:00:00,2030-12-31T23:59:59
AS_SP15,SCEW_2_PDRP03-APND,AS_SP15,,2017-11-08T08:00:00-00:00,2031-01-01T07:59:59-00:00,2017-11-08T00:00:00,2030-12-31T23:59:59
AS_SP15,SCEW_2_PDRP09-APND,AS_SP15,,2018-02-13T08:00:00-00:00,2031-01-01T07:59:59-00:00,2018-02-13T00:00:00,2030-12-31T23:59:59
AS_SP15,SCEW_2_PDRP10-APND,AS_SP15,,2018-10-23T07:00:00-00:00,2031-01-01T07:59:59-00:00,2018-10-23T00:00:00,2030-12-31T23:59:59
AS_SP15,SCEW_2_PDRP100-APND,AS_SP15,,2018-10-19T07:00:00-00:00,2031-01-01T07:59:59-00:00,2018-10-19T00:00:00,2030-12-31T23:59:59
AS_SP15,SCEW_2_PDRP101-APND,AS_SP15,,2018-10-19T07:00:00-00:00,2031-01-01T07:59:59-00:00,2018-10-19T00:00:00,2030-12-31T23:59:59
AS_SP15,SCEW_2_PDRP102-APND,AS_SP15,,2018-10-19T07:00:00-00:00,2031-01-01T07:59:59-00:00,2018-10-19T00:00:00,2030-12-31T23:59:59
AS_SP15,SCEW_2_PDRP103-APND,AS_SP15,,2018-10-19T07:00:00-00:00,2031-01-01T07:59:59-00:00,2018-10-19T00:00:00,2030-12-31T23:59:59
AS_SP15,SCEW_2_PDRP104-APND,AS_SP15,,2018-10-19T07:00:00-00:00,2031-01-01T07:59:59-00:00,2018-10-19T00:00:00,2030-12-31T23:59:59
AS_SP15,SCEW_2_PDRP105-APND,AS_SP15,,2018-10-19T07:00:00-00:00,2031-01-01T07:59:59-00:00,2018-10-19T00:00:00,2030-12-31T23:59:59
AS_SP15,SCEW_2_PDRP106-APND,AS_SP15,,2019-03-18T07:00:00-00:00,2031-01-01T07:59:59-00:00,2019-03-18T00:00:00,2030-12-31T23:59:59
AS_SP15,SCEW_2_PDRP107-APND,AS_SP15,,2019-03-18T07:00:00-00:00,2031-01-01T07:59:59-00:00,2019-03-18T00:00:00,2030-12-31T23:59:59
AS_SP15,SCEW_2_PDRP108-APND,AS_SP15,,2019-03-18T07:00:00-00:00,2031-01-01T07:59:59-00:00,2019-03-18T00:00:00,2030-12-31T23:59:59
AS_SP15,SCEW_2_PDRP109-APND,AS_SP15,,2019-03-18T07:00:00-00:00,2031-01-01T07:59:59-00:00,2019-03-18T00:00:00,2030-12-31T23:59:59
AS_SP15,SCEW_2_PDRP110-APND,AS_SP15,,2019-03-18T07:00:00-00:00,2031-01-01T07:59:59-00:00,2019-03-18T00:00:00,2030-12-31T23:59:59
AS_SP15,SCEW_2_PDRP111-APND,AS_SP15,,2020-04-17T07:00:00-00:00,2031-01-01T07:59:59-00:00,2020-04-17T00:00:00,2030-12-31T23:59:59
AS_SP15,SCEW_2_PDRP112-APND,AS_SP15,,2020-04-17T07:00:00-00:00,2031-01-01T07:59:59-00:00,2020-04-17T00:00:00,2030-12-31T23:59:59
AS_SP15,SCEW_2_PDRP114-APND,AS_SP15,,2019-04-10T07:00:00-00:00,2031-01-01T07:59:59-00:00,2019-04-10T00:00:00,2030-12-31T23:59:59
AS_SP15,SCEW_2_PDRP116-APND,AS_SP15,,2022-12-22T08:00:00-00:00,2031-01-01T07:59:59-00:00,2022-12-22T00:00:00,2030-12-31T23:59:59
AS_SP15,SCEW_2_PDRP117-APND,AS_SP15,,2019-05-30T07:00:00-00:00,2031-01-01T07:59:59-00:00,2019-05-30T00:00:00,2030-12-31T23:59:59
AS_SP15,SCEW_2_PDRP118-APND,AS_SP15,,2022-11-01T07:00:00-00:00,2031-01-01T07:59:59-00:00,2022-11-01T00:00:00,2030-12-31T23:59:59
AS_SP15,SCEW_2_PDRP119-APND,AS_SP15,,2022-11-01T07:00:00-00:00,2031-01-01T07:59:59-00:00,2022-11-01T00:00:00,2030-12-31T23:59:59
AS_SP15,SCEW_2_PDRP120-APND,AS_SP15,,2020-09-28T07:00:00-00:00,2031-01-01T07:59:59-00:00,2020-09-28T00:00:00,2030-12-31T23:59:59
AS_SP15,SCEW_2_PDRP121-APND,AS_SP15,,2022-11-07T08:00:00-00:00,2031-01-01T07:59:59-00:00,2022-11-07T00:00:00,2030-12-31T23:59:59
AS_SP15,SCEW_2_PDRP122-APND,AS_SP15,,2020-09-28T07:00:00-00:00,2031-01-01T07:59:59-00:00,2020-09-28T00:00:00,2030-12-31T23:59:59
AS_SP15,SCEW_2_PDRP123-APND,AS_SP15,,2020-09-28T07:00:00-00:00,2031-01-01T07:59:59-00:00,2020-09-28T00:00:00,2030-12-31T23:59:59
AS_SP15,SCEW_2_PDRP124-APND,AS_SP15,,2019-09-24T07:00:00-00:00,2031-01-01T07:59:59-00:00,2019-09-24T00:00:00,2030-12-31T23:59:59
AS_SP15,SCEW_2_PDRP125-APND,AS_SP15,,2022-12-22T08:00:00-00:00,2031-01-01T07:59:59-00:00,2022-12-22T00:00:00,2030-12-31T23:59:59
AS_SP15,SCEW_2_PDRP130-APND,AS_SP15,,2022-11-07T08:00:00-00:00,2031-01-01T07:59:59-00:00,2022-11-07T00:00:00,2030-12-31T23:59:59
AS_SP15,SCEW_2_PDRP131-APND,AS_SP15,,2020-03-10T07:00:00-00:00,2031-01-01T07:59:59-00:00,2020-03-10T00:00:00,2030-12-31T23:59:59
AS_SP15,SCEW_2_PDRP133-APND,AS_SP15,,2020-04-17T07:00:00-00:00,2031-01-01T07:59:59-00:00,2020-04-17T00:00:00,2030-12-31T23:59:59
AS_SP15,SCEW_2_PDRP141-APND,AS_SP15,,2023-02-24T08:00:00-00:00,2031-01-01T07:59:59-00:00,2023-02-24T00:00:00,2030-12-31T23:59:59
AS_SP15,SCEW_2_PDRP159-APND,AS_SP15,,2019-07-31T07:00:00-00:00,2031-01-01T07:59:59-00:00,2019-07-31T00:00:00,2030-12-31T23:59:59
AS_SP15,SCEW_2_PDRP160-APND,AS_SP15,,2020-02-25T08:00:00-00:00,2031-01-01T07:59:59-00:00,2020-02-25T00:00:00,2030-12-31T23:59:59
AS_SP15,SCEW_2_PDRP163-APND,AS_SP15,,2022-12-13T08:00:00-00:00,2031-01-01T07:59:59-00:00,2022-12-13T00:00:00,2030-12-31T23:59:59
AS_SP15,SCEW_2_PDRP167-APND,AS_SP15,,2020-04-01T07:00:00-00:00,2031-01-01T07:59:59-00:00,2020-04-01T00:00:00,2030-12-31T23:59:59
AS_SP15,SCEW_2_PDRP168-APND,AS_SP15,,2020-06-01T07:00:00-00:00,2031-01-01T07:59:59-00:00,2020-06-01T00:00:00,2030-12-31T23:59:59
AS_SP15,SCEW_2_PDRP171-APND,AS_SP15,,2020-04-17T07:00:00-00:00,2031-01-01T07:59:59-00:00,2020-04-17T00:00:00,2030-12-31T23:59:59
AS_SP15,SCEW_2_PDRP172-APND,AS_SP15,,2020-04-17T07:00:00-00:00,2031-01-01T07:59:59-00:00,2020-04-17T00:00:00,2030-12-31T23:59:59
AS_SP15,SCEW_2_PDRP173-APND,AS_SP15,,2020-04-17T07:00:00-00:00,2031-01-01T07:59:59-00:00,2020-04-17T00:00:00,2030-12-31T23:59:59
AS_SP15,SCEW_2_PDRP174-APND,AS_SP15,,2020-04-17T07:00:00-00:00,2031-01-01T07:59:59-00:00,2020-04-17T00:00:00,2030-12-31T23:59:59
AS_SP15,SCEW_2_PDRP175-APND,AS_SP15,,2020-04-17T07:00:00-00:00,2031-01-01T07:59:59-00:00,2020-04-17T00:00:00,2030-12-31T23:59:59
AS_SP15,SCEW_2_PDRP179-APND,AS_SP15,,2025-05-01T07:00:00-00:00,2031-01-01T07:59:59-00:00,2025-05-01T00:00:00,2030-12-31T23:59:59
AS_SP15,SCEW_2_PDRP187-APND,AS_SP15,,2025-12-23T08:00:00-00:00,2031-01-01T07:59:59-00:00,2025-12-23T00:00:00,2030-12-31T23:59:59
AS_SP15,SCEW_2_PDRP19-APND,AS_SP15,,2016-05-11T07:00:00-00:00,2031-01-01T07:59:59-00:00,2016-05-11T00:00:00,2030-12-31T23:59:59
AS_SP15,SCEW_2_PDRP190-APND,AS_SP15,,2025-04-25T07:00:00-00:00,2031-01-01T07:59:59-00:00,2025-04-25T00:00:00,2030-12-31T23:59:59
AS_SP15,SCEW_2_PDRP20-APND,AS_SP15,,2016-05-11T07:00:00-00:00,2031-01-01T07:59:59-00:00,2016-05-11T00:00:00,2030-12-31T23:59:59
AS_SP15,SCEW_2_PDRP234-APND,AS_SP15,,2025-06-18T07:00:00-00:00,2031-01-01T07:59:59-00:00,2025-06-18T00:00:00,2030-12-31T23:59:59
AS_SP15,SCEW_2_PDRP37-APND,AS_SP15,,2018-05-25T07:00:00-00:00,2031-01-01T07:59:59-00:00,2018-05-25T00:00:00,2030-12-31T23:59:59
AS_SP15,SCEW_2_PDRP38-APND,AS_SP15,,2017-10-16T07:00:00-00:00,2031-01-01T07:59:59-00:00,2017-10-16T00:00:00,2030-12-31T23:59:59
AS_SP15,SCEW_2_PDRP39-APND,AS_SP15,,2017-10-16T07:00:00-00:00,2031-01-01T07:59:59-00:00,2017-10-16T00:00:00,2030-12-31T23:59:59
AS_SP15,SCEW_2_PDRP40-APND,AS_SP15,,2018-03-26T07:00:00-00:00,2031-01-01T07:59:59-00:00,2018-03-26T00:00:00,2030-12-31T23:59:59
AS_SP15,SCEW_2_PDRP41-APND,AS_SP15,,2018-03-26T07:00:00-00:00,2031-01-01T07:59:59-00:00,2018-03-26T00:00:00,2030-12-31T23:59:59
AS_SP15,SCEW_2_PDRP42-APND,AS_SP15,,2018-03-26T07:00:00-00:00,2031-01-01T07:59:59-00:00,2018-03-26T00:00:00,2030-12-31T23:59:59
AS_SP15,SCEW_2_PDRP43-APND,AS_SP15,,2018-03-26T07:00:00-00:00,2031-01-01T07:59:59-00:00,2018-03-26T00:00:00,2030-12-31T23:59:59
AS_SP15,SCEW_2_PDRP44-APND,AS_SP15,,2018-03-26T07:00:00-00:00,2031-01-01T07:59:59-00:00,2018-03-26T00:00:00,2030-12-31T23:59:59
AS_SP15,SCEW_2_PDRP45-APND,AS_SP15,,2018-03-26T07:00:00-00:00,2031-01-01T07:59:59-00:00,2018-03-26T00:00:00,2030-12-31T23:59:59
AS_SP15,SCEW_2_PDRP46-APND,AS_SP15,,2018-03-26T07:00:00-00:00,2031-01-01T07:59:59-00:00,2018-03-26T00:00:00,2030-12-31T23:59:59
AS_SP15,SCEW_2_PDRP47-APND,AS_SP15,,2018-03-26T07:00:00-00:00,2031-01-01T07:59:59-00:00,2018-03-26T00:00:00,2030-12-31T23:59:59
AS_SP15,SCEW_2_PDRP48-APND,AS_SP15,,2018-03-26T07:00:00-00:00,2031-01-01T07:59:59-00:00,2018-03-26T00:00:00,2030-12-31T23:59:59
AS_SP15,SCEW_2_PDRP49-APND,AS_SP15,,2018-03-26T07:00:00-00:00,2031-01-01T07:59:59-00:00,2018-03-26T00:00:00,2030-12-31T23:59:59
AS_SP15,SCEW_2_PDRP50-APND,AS_SP15,,2018-04-23T07:00:00-00:00,2031-01-01T07:59:59-00:00,2018-04-23T00:00:00,2030-12-31T23:59:59
AS_SP15,SCEW_2_PDRP51-APND,AS_SP15,,2018-04-23T07:00:00-00:00,2031-01-01T07:59:59-00:00,2018-04-23T00:00:00,2030-12-31T23:59:59
AS_SP15,SCEW_2_PDRP52-APND,AS_SP15,,2018-04-23T07:00:00-00:00,2031-01-01T07:59:59-00:00,2018-04-23T00:00:00,2030-12-31T23:59:59
AS_SP15,SCEW_2_PDRP53-APND,AS_SP15,,2018-04-23T07:00:00-00:00,2031-01-01T07:59:59-00:00,2018-04-23T00:00:00,2030-12-31T23:59:59
AS_SP15,SCEW_2_PDRP54-APND,AS_SP15,,2018-04-23T07:00:00-00:00,2031-01-01T07:59:59-00:00,2018-04-23T00:00:00,2030-12-31T23:59:59
AS_SP15,SCEW_2_PDRP55-APND,AS_SP15,,2018-04-23T07:00:00-00:00,2031-01-01T07:59:59-00:00,2018-04-23T00:00:00,2030-12-31T23:59:59
AS_SP15,SCEW_2_PDRP56-APND,AS_SP15,,2018-04-23T07:00:00-00:00,2031-01-01T07:59:59-00:00,2018-04-23T00:00:00,2030-12-31T23:59:59
AS_SP15,SCEW_2_PDRP57-APND,AS_SP15,,2018-04-23T07:00:00-00:00,2031-01-01T07:59:59-00:00,2018-04-23T00:00:00,2030-12-31T23:59:59
AS_SP15,SCEW_2_PDRP58-APND,AS_SP15,,2018-04-23T07:00:00-00:00,2031-01-01T07:59:59-00:00,2018-04-23T00:00:00,2030-12-31T23:59:59
AS_SP15,SCEW_2_PDRP59-APND,AS_SP15,,2018-04-23T07:00:00-00:00,2031-01-01T07:59:59-00:00,2018-04-23T00:00:00,2030-12-31T23:59:59
AS_SP15,SCEW_2_PDRP60-APND,AS_SP15,,2018-05-25T07:00:00-00:00,2031-01-01T07:59:59-00:00,2018-05-25T00:00:00,2030-12-31T23:59:59
AS_SP15,SCEW_2_PDRP61-APND,AS_SP15,,2018-05-25T07:00:00-00:00,2031-01-01T07:59:59-00:00,2018-05-25T00:00:00,2030-12-31T23:59:59
AS_SP15,SCEW_2_PDRP62-APND,AS_SP15,,2018-10-19T07:00:00-00:00,2031-01-01T07:59:59-00:00,2018-10-19T00:00:00,2030-12-31T23:59:59
AS_SP15,SCEW_2_PDRP63-APND,AS_SP15,,2018-10-19T07:00:00-00:00,2031-01-01T07:59:59-00:00,2018-10-19T00:00:00,2030-12-31T23:59:59
AS_SP15,SCEW_2_PDRP64-APND,AS_SP15,,2018-10-19T07:00:00-00:00,2031-01-01T07:59:59-00:00,2018-10-19T00:00:00,2030-12-31T23:59:59
AS_SP15,SCEW_2_PDRP65-APND,AS_SP15,,2018-10-19T07:00:00-00:00,2031-01-01T07:59:59-00:00,2018-10-19T00:00:00,2030-12-31T23:59:59
AS_SP15,SCEW_2_PDRP66-APND,AS_SP15,,2018-10-19T07:00:00-00:00,2031-01-01T07:59:59-00:00,2018-10-19T00:00:00,2030-12-31T23:59:59
AS_SP15,SCEW_2_PDRP67-APND,AS_SP15,,2018-10-19T07:00:00-00:00,2031-01-01T07:59:59-00:00,2018-10-19T00:00:00,2030-12-31T23:59:59
AS_SP15,SCEW_2_PDRP68-APND,AS_SP15,,2018-10-19T07:00:00-00:00,2031-01-01T07:59:59-00:00,2018-10-19T00:00:00,2030-12-31T23:59:59
AS_SP15,SCEW_2_PDRP69-APND,AS_SP15,,2018-10-19T07:00:00-00:00,2031-01-01T07:59:59-00:00,2018-10-19T00:00:00,2030-12-31T23:59:59
AS_SP15,SCEW_2_PDRP70-APND,AS_SP15,,2018-10-19T07:00:00-00:00,2031-01-01T07:59:59-00:00,2018-10-19T00:00:00,2030-12-31T23:59:59
AS_SP15,SCEW_2_PDRP71-APND,AS_SP15,,2018-10-19T07:00:00-00:00,2031-01-01T07:59:59-00:00,2018-10-19T00:00:00,2030-12-31T23:59:59
AS_SP15,SCEW_2_PDRP72-APND,AS_SP15,,2018-10-19T07:00:00-00:00,2031-01-01T07:59:59-00:00,2018-10-19T00:00:00,2030-12-31T23:59:59
AS_SP15,SCEW_2_PDRP73-APND,AS_SP15,,2018-10-19T07:00:00-00:00,2031-01-01T07:59:59-00:00,2018-10-19T00:00:00,2030-12-31T23:59:59
AS_SP15,SCEW_2_PDRP74-APND,AS_SP15,,2018-10-19T07:00:00-00:00,2031-01-01T07:59:59-00:00,2018-10-19T00:00:00,2030-12-31T23:59:59
AS_SP15,SCEW_2_PDRP75-APND,AS_SP15,,2018-10-19T07:00:00-00:00,2031-01-01T07:59:59-00:00,2018-10-19T00:00:00,2030-12-31T23:59:59
AS_SP15,SCEW_2_PDRP77-APND,AS_SP15,,2018-10-22T07:00:00-00:00,2031-01-01T07:59:59-00:00,2018-10-22T00:00:00,2030-12-31T23:59:59
AS_SP15,SCEW_2_PDRP78-APND,AS_SP15,,2018-10-22T07:00:00-00:00,2031-01-01T07:59:59-00:00,2018-10-22T00:00:00,2030-12-31T23:59:59
AS_SP15,SCEW_2_PDRP79-APND,AS_SP15,,2018-10-22T07:00:00-00:00,2031-01-01T07:59:59-00:00,2018-10-22T00:00:00,2030-12-31T23:59:59
AS_SP15,SCEW_2_PDRP80-APND,AS_SP15,,2018-10-22T07:00:00-00:00,2031-01-01T07:59:59-00:00,2018-10-22T00:00:00,2030-12-31T23:59:59
AS_SP15,SCEW_2_PDRP81-APND,AS_SP15,,2018-10-22T07:00:00-00:00,2031-01-01T07:59:59-00:00,2018-10-22T00:00:00,2030-12-31T23:59:59
AS_SP15,SCEW_2_PDRP82-APND,AS_SP15,,2018-10-22T07:00:00-00:00,2031-01-01T07:59:59-00:00,2018-10-22T00:00:00,2030-12-31T23:59:59
AS_SP15,SCEW_2_PDRP83-APND,AS_SP15,,2018-10-22T07:00:00-00:00,2031-01-01T07:59:59-00:00,2018-10-22T00:00:00,2030-12-31T23:59:59
AS_SP15,SCEW_2_PDRP85-APND,AS_SP15,,2019-01-03T08:00:00-00:00,2031-01-01T07:59:59-00:00,2019-01-03T00:00:00,2030-12-31T23:59:59
AS_SP15,SCEW_2_PDRP89-APND,AS_SP15,,2019-01-11T08:00:00-00:00,2031-01-01T07:59:59-00:00,2019-01-11T00:00:00,2030-12-31T23:59:59
AS_SP15,SCEW_2_RDRR08-APND,AS_SP15,,2022-06-13T07:00:00-00:00,2031-01-01T07:59:59-00:00,2022-06-13T00:00:00,2030-12-31T23:59:59
AS_SP15,SCEW_2_RDRR25-APND,AS_SP15,,2022-10-24T07:00:00-00:00,2031-01-01T07:59:59-00:00,2022-10-24T00:00:00,2030-12-31T23:59:59
AS_SP15,SCEW_2_RDRR26-APND,AS_SP15,,2022-12-06T08:00:00-00:00,2031-01-01T07:59:59-00:00,2022-12-06T00:00:00,2030-12-31T23:59:59
AS_SP15,SCEW_2_RDRR27-APND,AS_SP15,,2022-10-24T07:00:00-00:00,2031-01-01T07:59:59-00:00,2022-10-24T00:00:00,2030-12-31T23:59:59
AS_SP15,SCHD_1_PDRP04-APND,AS_SP15,,2018-04-23T07:00:00-00:00,2031-01-01T07:59:59-00:00,2018-04-23T00:00:00,2030-12-31T23:59:59
AS_SP15,SCHD_1_PDRP06-APND,AS_SP15,,2018-04-23T07:00:00-00:00,2031-01-01T07:59:59-00:00,2018-04-23T00:00:00,2030-12-31T23:59:59
AS_SP15,SCHD_1_PDRP07-APND,AS_SP15,,2018-04-23T07:00:00-00:00,2031-01-01T07:59:59-00:00,2018-04-23T00:00:00,2030-12-31T23:59:59
AS_SP15,SCHD_1_PDRP08-APND,AS_SP15,,2018-04-23T07:00:00-00:00,2031-01-01T07:59:59-00:00,2018-04-23T00:00:00,2030-12-31T23:59:59
AS_SP15,SCHD_1_PDRP09-APND,AS_SP15,,2018-04-23T07:00:00-00:00,2031-01-01T07:59:59-00:00,2018-04-23T00:00:00,2030-12-31T23:59:59
AS_SP15,SCHD_1_PDRP10-APND,AS_SP15,,2018-03-26T07:00:00-00:00,2031-01-01T07:59:59-00:00,2018-03-26T00:00:00,2030-12-31T23:59:59
AS_SP15,SCHD_1_PDRP11-APND,AS_SP15,,2016-05-11T07:00:00-00:00,2031-01-01T07:59:59-00:00,2016-05-11T00:00:00,2030-12-31T23:59:59
AS_SP15,SCHD_1_PDRP12-APND,AS_SP15,,2016-05-11T07:00:00-00:00,2031-01-01T07:59:59-00:00,2016-05-11T00:00:00,2030-12-31T23:59:59
AS_SP15,SCHD_1_PDRP23-APND,AS_SP15,,2018-05-25T07:00:00-00:00,2031-01-01T07:59:59-00:00,2018-05-25T00:00:00,2030-12-31T23:59:59
AS_SP15,SCHD_1_PDRP24-APND,AS_SP15,,2018-05-25T07:00:00-00:00,2031-01-01T07:59:59-00:00,2018-05-25T00:00:00,2030-12-31T23:59:59
AS_SP15,SCHD_1_PDRP25-APND,AS_SP15,,2018-05-25T07:00:00-00:00,2031-01-01T07:59:59-00:00,2018-05-25T00:00:00,2030-12-31T23:59:59
AS_SP15,SCHD_1_PDRP26-APND,AS_SP15,,2018-05-25T07:00:00-00:00,2031-01-01T07:59:59-00:00,2018-05-25T00:00:00,2030-12-31T23:59:59
AS_SP15,SCHD_1_PDRP27-APND,AS_SP15,,2018-10-19T07:00:00-00:00,2031-01-01T07:59:59-00:00,2018-10-19T00:00:00,2030-12-31T23:59:59
AS_SP15,SCHD_1_PDRP28-APND,AS_SP15,,2018-10-19T07:00:00-00:00,2031-01-01T07:59:59-00:00,2018-10-19T00:00:00,2030-12-31T23:59:59
AS_SP15,SCHD_1_PDRP29-APND,AS_SP15,,2018-10-19T07:00:00-00:00,2031-01-01T07:59:59-00:00,2018-10-19T00:00:00,2030-12-31T23:59:59
AS_SP15,SCHD_1_PDRP30-APND,AS_SP15,,2018-10-19T07:00:00-00:00,2031-01-01T07:59:59-00:00,2018-10-19T00:00:00,2030-12-31T23:59:59
AS_SP15,SCHD_1_PDRP31-APND,AS_SP15,,2018-10-19T07:00:00-00:00,2031-01-01T07:59:59-00:00,2018-10-19T00:00:00,2030-12-31T23:59:59
AS_SP15,SCHD_1_PDRP32-APND,AS_SP15,,2018-10-19T07:00:00-00:00,2031-01-01T07:59:59-00:00,2018-10-19T00:00:00,2030-12-31T23:59:59
AS_SP15,SCHD_1_PDRP33-APND,AS_SP15,,2018-10-19T07:00:00-00:00,2031-01-01T07:59:59-00:00,2018-10-19T00:00:00,2030-12-31T23:59:59
AS_SP15,SCHD_1_PDRP34-APND,AS_SP15,,2018-10-19T07:00:00-00:00,2031-01-01T07:59:59-00:00,2018-10-19T00:00:00,2030-12-31T23:59:59
AS_SP15,SCHD_1_PDRP35-APND,AS_SP15,,2018-10-19T07:00:00-00:00,2031-01-01T07:59:59-00:00,2018-10-19T00:00:00,2030-12-31T23:59:59
AS_SP15,SCHD_1_PDRP36-APND,AS_SP15,,2018-10-19T07:00:00-00:00,2031-01-01T07:59:59-00:00,2018-10-19T00:00:00,2030-12-31T23:59:59
AS_SP15,SCHD_1_PDRP37-APND,AS_SP15,,2018-10-19T07:00:00-00:00,2031-01-01T07:59:59-00:00,2018-10-19T00:00:00,2030-12-31T23:59:59
AS_SP15,SCHD_1_PDRP38-APND,AS_SP15,,2018-10-19T07:00:00-00:00,2031-01-01T07:59:59-00:00,2018-10-19T00:00:00,2030-12-31T23:59:59
AS_SP15,SCHD_1_PDRP39-APND,AS_SP15,,2018-10-19T07:00:00-00:00,2031-01-01T07:59:59-00:00,2018-10-19T00:00:00,2030-12-31T23:59:59
AS_SP15,SCHD_1_PDRP40-APND,AS_SP15,,2018-10-19T07:00:00-00:00,2031-01-01T07:59:59-00:00,2018-10-19T00:00:00,2030-12-31T23:59:59
AS_SP15,SCHD_1_PDRP41-APND,AS_SP15,,2019-02-27T08:00:00-00:00,2031-01-01T07:59:59-00:00,2019-02-27T00:00:00,2030-12-31T23:59:59
AS_SP15,SCHD_1_PDRP42-APND,AS_SP15,,2021-10-26T07:00:00-00:00,2031-01-01T07:59:59-00:00,2021-10-26T00:00:00,2030-12-31T23:59:59
AS_SP15,SCHD_1_PDRP43-APND,AS_SP15,,2021-10-26T07:00:00-00:00,2031-01-01T07:59:59-00:00,2021-10-26T00:00:00,2030-12-31T23:59:59
AS_SP15,SCHD_1_PDRP44-APND,AS_SP15,,2021-10-26T07:00:00-00:00,2031-01-01T07:59:59-00:00,2021-10-26T00:00:00,2030-12-31T23:59:59
AS_SP15,SCHD_1_PDRP48-APND,AS_SP15,,2019-09-24T07:00:00-00:00,2031-01-01T07:59:59-00:00,2019-09-24T00:00:00,2030-12-31T23:59:59
AS_SP15,SCHD_1_PDRP53-APND,AS_SP15,,2023-11-20T08:00:00-00:00,2031-01-01T07:59:59-00:00,2023-11-20T00:00:00,2030-12-31T23:59:59
AS_SP15,SCHD_1_PDRP61-APND,AS_SP15,,2020-09-28T07:00:00-00:00,2031-01-01T07:59:59-00:00,2020-09-28T00:00:00,2030-12-31T23:59:59
AS_SP15,SCHD_1_PDRP62-APND,AS_SP15,,2022-11-01T07:00:00-00:00,2031-01-01T07:59:59-00:00,2022-11-01T00:00:00,2030-12-31T23:59:59
AS_SP15,SCHD_1_PDRP63-APND,AS_SP15,,2022-11-01T07:00:00-00:00,2031-01-01T07:59:59-00:00,2022-11-01T00:00:00,2030-12-31T23:59:59
AS_SP15,SCHD_1_PDRP64-APND,AS_SP15,,2022-11-01T07:00:00-00:00,2031-01-01T07:59:59-00:00,2022-11-01T00:00:00,2030-12-31T23:59:59
AS_SP15,SCHD_1_PDRP68-APND,AS_SP15,,2025-12-23T08:00:00-00:00,2031-01-01T07:59:59-00:00,2025-12-23T00:00:00,2030-12-31T23:59:59
AS_SP15,SCHD_1_PDRP70-APND,AS_SP15,,2024-05-01T07:00:00-00:00,2031-01-01T07:59:59-00:00,2024-05-01T00:00:00,2030-12-31T23:59:59
AS_SP15,SCHD_1_PDRP71-APND,AS_SP15,,2025-04-25T07:00:00-00:00,2031-01-01T07:59:59-00:00,2025-04-25T00:00:00,2030-12-31T23:59:59
AS_SP15,SCHD_1_RDRR08-APND,AS_SP15,,2022-06-13T07:00:00-00:00,2031-01-01T07:59:59-00:00,2022-06-13T00:00:00,2030-12-31T23:59:59
AS_SP15,SCHD_1_RDRR11-APND,AS_SP15,,2022-06-30T07:00:00-00:00,2031-01-01T07:59:59-00:00,2022-06-30T00:00:00,2030-12-31T23:59:59
AS_SP15,SCHD_1_RDRR12-APND,AS_SP15,,2019-04-11T07:00:00-00:00,2031-01-01T07:59:59-00:00,2019-04-11T00:00:00,2030-12-31T23:59:59
AS_SP15,SCLARA_2_B1,AS_SP15,,2017-08-17T07:00:00-00:00,2031-01-01T07:59:59-00:00,2017-08-17T00:00:00,2030-12-31T23:59:59
AS_SP15,SCLARA_2_LN001,AS_SP15,,2010-04-22T07:00:00-00:00,2031-01-01T07:59:59-00:00,2010-04-22T00:00:00,2030-12-31T23:59:59
AS_SP15,SCLARA_2_N114,AS_SP15,,2013-11-21T08:00:00-00:00,2031-01-01T07:59:59-00:00,2013-11-21T00:00:00,2030-12-31T23:59:59
AS_SP15,SCLARA_6_N001,AS_SP15,,2009-03-31T07:00:00-00:00,2031-01-01T07:59:59-00:00,2009-03-31T00:00:00,2030-12-31T23:59:59
AS_SP15,SCLARA_6_N008,AS_SP15,,2025-05-13T07:00:00-00:00,2031-01-01T07:59:59-00:00,2025-05-13T00:00:00,2030-12-31T23:59:59
AS_SP15,SCLARA_6_N026,AS_SP15,,2025-05-13T07:00:00-00:00,2031-01-01T07:59:59-00:00,2025-05-13T00:00:00,2030-12-31T23:59:59
AS_SP15,SCLARA_6_N027,AS_SP15,,2025-05-13T07:00:00-00:00,2031-01-01T07:59:59-00:00,2025-05-13T00:00:00,2030-12-31T23:59:59
AS_SP15,SCLARA_6_N028,AS_SP15,,2016-11-17T08:00:00-00:00,2031-01-01T07:59:59-00:00,2016-11-17T00:00:00,2030-12-31T23:59:59
AS_SP15,SCLD_1_PDRP05-APND,AS_SP15,,2018-10-19T07:00:00-00:00,2031-01-01T07:59:59-00:00,2018-10-19T00:00:00,2030-12-31T23:59:59
AS_SP15,SCLD_1_PDRP06-APND,AS_SP15,,2020-11-23T08:00:00-00:00,2031-01-01T07:59:59-00:00,2020-11-23T00:00:00,2030-12-31T23:59:59
AS_SP15,SCLD_1_PDRP09-APND,AS_SP15,,2018-04-23T07:00:00-00:00,2031-01-01T07:59:59-00:00,2018-04-23T00:00:00,2030-12-31T23:59:59
AS_SP15,SCLD_1_PDRP10-APND,AS_SP15,,2016-05-11T07:00:00-00:00,2031-01-01T07:59:59-00:00,2016-05-11T00:00:00,2030-12-31T23:59:59
AS_SP15,SCLD_1_PDRP11-APND,AS_SP15,,2018-05-25T07:00:00-00:00,2031-01-01T07:59:59-00:00,2018-05-25T00:00:00,2030-12-31T23:59:59
AS_SP15,SCNW_6_PDRP07-APND,AS_SP15,,2018-04-23T07:00:00-00:00,2031-01-01T07:59:59-00:00,2018-04-23T00:00:00,2030-12-31T23:59:59
AS_SP15,SCNW_6_PDRP08-APND,AS_SP15,,2018-04-23T07:00:00-00:00,2031-01-01T07:59:59-00:00,2018-04-23T00:00:00,2030-12-31T23:59:59
AS_SP15,SCNW_6_PDRP09-APND,AS_SP15,,2018-03-26T07:00:00-00:00,2031-01-01T07:59:59-00:00,2018-03-26T00:00:00,2030-12-31T23:59:59
AS_SP15,SCNW_6_PDRP10-APND,AS_SP15,,2016-05-11T07:00:00-00:00,2031-01-01T07:59:59-00:00,2016-05-11T00:00:00,2030-12-31T23:59:59
AS_SP15,SCNW_6_PDRP11-APND,AS_SP15,,2016-05-11T07:00:00-00:00,2031-01-01T07:59:59-00:00,2016-05-11T00:00:00,2030-12-31T23:59:59
AS_SP15,SCNW_6_PDRP12-APND,AS_SP15,,2016-05-11T07:00:00-00:00,2031-01-01T07:59:59-00:00,2016-05-11T00:00:00,2030-12-31T23:59:59
AS_SP15,SCNW_6_PDRP22-APND,AS_SP15,,2018-04-23T07:00:00-00:00,2031-01-01T07:59:59-00:00,2018-04-23T00:00:00,2030-12-31T23:59:59
AS_SP15,SCNW_6_PDRP24-APND,AS_SP15,,2018-05-25T07:00:00-00:00,2031-01-01T07:59:59-00:00,2018-05-25T00:00:00,2030-12-31T23:59:59
AS_SP15,SCNW_6_PDRP25-APND,AS_SP15,,2018-05-25T07:00:00-00:00,2031-01-01T07:59:59-00:00,2018-05-25T00:00:00,2030-12-31T23:59:59
AS_SP15,SCNW_6_PDRP26-APND,AS_SP15,,2018-05-25T07:00:00-00:00,2031-01-01T07:59:59-00:00,2018-05-25T00:00:00,2030-12-31T23:59:59
AS_SP15,SCNW_6_PDRP27-APND,AS_SP15,,2018-05-25T07:00:00-00:00,2031-01-01T07:59:59-00:00,2018-05-25T00:00:00,2030-12-31T23:59:59
AS_SP15,SCNW_6_PDRP28-APND,AS_SP15,,2018-05-25T07:00:00-00:00,2031-01-01T07:59:59-00:00,2018-05-25T00:00:00,2030-12-31T23:59:59
AS_SP15,SCNW_6_PDRP30-APND,AS_SP15,,2018-10-19T07:00:00-00:00,2031-01-01T07:59:59-00:00,2018-10-19T00:00:00,2030-12-31T23:59:59
AS_SP15,SCNW_6_PDRP31-APND,AS_SP15,,2018-10-19T07:00:00-00:00,2031-01-01T07:59:59-00:00,2018-10-19T00:00:00,2030-12-31T23:59:59
AS_SP15,SCNW_6_PDRP32-APND,AS_SP15,,2018-10-19T07:00:00-00:00,2031-01-01T07:59:59-00:00,2018-10-19T00:00:00,2030-12-31T23:59:59
AS_SP15,SCNW_6_PDRP33-APND,AS_SP15,,2018-10-19T07:00:00-00:00,2031-01-01T07:59:59-00:00,2018-10-19T00:00:00,2030-12-31T23:59:59
AS_SP15,SCNW_6_PDRP34-APND,AS_SP15,,2018-10-19T07:00:00-00:00,2031-01-01T07:59:59-00:00,2018-10-19T00:00:00,2030-12-31T23:59:59
AS_SP15,SCNW_6_PDRP35-APND,AS_SP15,,2018-10-19T07:00:00-00:00,2031-01-01T07:59:59-00:00,2018-10-19T00:00:00,2030-12-31T23:59:59
AS_SP15,SCNW_6_PDRP36-APND,AS_SP15,,2018-10-19T07:00:00-00:00,2031-01-01T07:59:59-00:00,2018-10-19T00:00:00,2030-12-31T23:59:59
AS_SP15,SCNW_6_PDRP37-APND,AS_SP15,,2018-10-19T07:00:00-00:00,2031-01-01T07:59:59-00:00,2018-10-19T00:00:00,2030-12-31T23:59:59
AS_SP15,SCNW_6_PDRP38-APND,AS_SP15,,2018-10-19T07:00:00-00:00,2031-01-01T07:59:59-00:00,2018-10-19T00:00:00,2030-12-31T23:59:59
AS_SP15,SCNW_6_PDRP39-APND,AS_SP15,,2018-10-19T07:00:00-00:00,2031-01-01T07:59:59-00:00,2018-10-19T00:00:00,2030-12-31T23:59:59
AS_SP15,SCNW_6_PDRP40-APND,AS_SP15,,2019-02-27T08:00:00-00:00,2031-01-01T07:59:59-00:00,2019-02-27T00:00:00,2030-12-31T23:59:59
AS_SP15,SCNW_6_PDRP41-APND,AS_SP15,,2019-02-28T08:00:00-00:00,2031-01-01T07:59:59-00:00,2019-02-28T00:00:00,2030-12-31T23:59:59
AS_SP15,SCNW_6_PDRP42-APND,AS_SP15,,2019-02-28T08:00:00-00:00,2031-01-01T07:59:59-00:00,2019-02-28T00:00:00,2030-12-31T23:59:59
AS_SP15,SCNW_6_PDRP43-APND,AS_SP15,,2021-10-26T07:00:00-00:00,2031-01-01T07:59:59-00:00,2021-10-26T00:00:00,2030-12-31T23:59:59
AS_SP15,SCNW_6_PDRP44-APND,AS_SP15,,2022-11-01T07:00:00-00:00,2031-01-01T07:59:59-00:00,2022-11-01T00:00:00,2030-12-31T23:59:59
AS_SP15,SCNW_6_PDRP45-APND,AS_SP15,,2022-11-01T07:00:00-00:00,2031-01-01T07:59:59-00:00,2022-11-01T00:00:00,2030-12-31T23:59:59
AS_SP15,SCNW_6_PDRP46-APND,AS_SP15,,2022-11-01T07:00:00-00:00,2031-01-01T07:59:59-00:00,2022-11-01T00:00:00,2030-12-31T23:59:59
AS_SP15,SCNW_6_PDRP47-APND,AS_SP15,,2021-10-26T07:00:00-00:00,2031-01-01T07:59:59-00:00,2021-10-26T00:00:00,2030-12-31T23:59:59
AS_SP15,SCNW_6_PDRP48-APND,AS_SP15,,2021-10-26T07:00:00-00:00,2031-01-01T07:59:59-00:00,2021-10-26T00:00:00,2030-12-31T23:59:59
AS_SP15,SCNW_6_PDRP49-APND,AS_SP15,,2021-10-26T07:00:00-00:00,2031-01-01T07:59:59-00:00,2021-10-26T00:00:00,2030-12-31T23:59:59
AS_SP15,SCNW_6_PDRP50-APND,AS_SP15,,2020-03-10T07:00:00-00:00,2031-01-01T07:59:59-00:00,2020-03-10T00:00:00,2030-12-31T23:59:59
AS_SP15,SCNW_6_PDRP51-APND,AS_SP15,,2020-03-10T07:00:00-00:00,2031-01-01T07:59:59-00:00,2020-03-10T00:00:00,2030-12-31T23:59:59
AS_SP15,SCNW_6_PDRP52-APND,AS_SP15,,2020-03-10T07:00:00-00:00,2031-01-01T07:59:59-00:00,2020-03-10T00:00:00,2030-12-31T23:59:59
AS_SP15,SCNW_6_PDRP53-APND,AS_SP15,,2023-06-19T07:00:00-00:00,2031-01-01T07:59:59-00:00,2023-06-19T00:00:00,2030-12-31T23:59:59
AS_SP15,SCNW_6_PDRP54-APND,AS_SP15,,2023-06-19T07:00:00-00:00,2031-01-01T07:59:59-00:00,2023-06-19T00:00:00,2030-12-31T23:59:59
AS_SP15,SCNW_6_PDRP55-APND,AS_SP15,,2023-06-19T07:00:00-00:00,2031-01-01T07:59:59-00:00,2023-06-19T00:00:00,2030-12-31T23:59:59
AS_SP15,SCNW_6_PDRP56-APND,AS_SP15,,2024-07-12T07:00:00-00:00,2031-01-01T07:59:59-00:00,2024-07-12T00:00:00,2030-12-31T23:59:59
AS_SP15,SCNW_6_PDRP59-APND,AS_SP15,,2020-06-01T07:00:00-00:00,2031-01-01T07:59:59-00:00,2020-06-01T00:00:00,2030-12-31T23:59:59
AS_SP15,SCNW_6_PDRP62-APND,AS_SP15,,2023-02-24T08:00:00-00:00,2031-01-01T07:59:59-00:00,2023-02-24T00:00:00,2030-12-31T23:59:59
AS_SP15,SCNW_6_PDRP63-APND,AS_SP15,,2023-02-24T08:00:00-00:00,2031-01-01T07:59:59-00:00,2023-02-24T00:00:00,2030-12-31T23:59:59
AS_SP15,SCNW_6_PDRP65-APND,AS_SP15,,2023-02-24T08:00:00-00:00,2031-01-01T07:59:59-00:00,2023-02-24T00:00:00,2030-12-31T23:59:59
AS_SP15,SCNW_6_PDRP68-APND,AS_SP15,,2022-11-19T08:00:00-00:00,2031-01-01T07:59:59-00:00,2022-11-19T00:00:00,2030-12-31T23:59:59
AS_SP15,SCNW_6_PDRP73-APND,AS_SP15,,2025-05-01T07:00:00-00:00,2031-01-01T07:59:59-00:00,2025-05-01T00:00:00,2030-12-31T23:59:59
AS_SP15,SCNW_6_PDRP88-APND,AS_SP15,,2025-12-23T08:00:00-00:00,2031-01-01T07:59:59-00:00,2025-12-23T00:00:00,2030-12-31T23:59:59
AS_SP15,SCNW_6_RDRR08-APND,AS_SP15,,2022-06-13T07:00:00-00:00,2031-01-01T07:59:59-00:00,2022-06-13T00:00:00,2030-12-31T23:59:59
AS_SP15,SCNW_6_RDRR10-APND,AS_SP15,,2022-12-23T08:00:00-00:00,2031-01-01T07:59:59-00:00,2022-12-23T00:00:00,2030-12-31T23:59:59
AS_SP15,SCNW_6_RDRR11-APND,AS_SP15,,2019-03-28T07:00:00-00:00,2031-01-01T07:59:59-00:00,2019-03-28T00:00:00,2030-12-31T23:59:59
AS_SP15,SCRIPPS_6_N001,AS_SP15,,2009-03-31T07:00:00-00:00,2031-01-01T07:59:59-00:00,2009-03-31T00:00:00,2030-12-31T23:59:59
AS_SP15,SCRIPPS_6_N008,AS_SP15,,2009-03-31T07:00:00-00:00,2031-01-01T07:59:59-00:00,2009-03-31T00:00:00,2030-12-31T23:59:59
AS_SP15,SCRIPPS_6_N013,AS_SP15,,2009-03-31T07:00:00-00:00,2031-01-01T07:59:59-00:00,2009-03-31T00:00:00,2030-12-31T23:59:59
AS_SP15,SDG1_1_PDRP04-APND,AS_SP15,,2016-05-06T07:00:00-00:00,2031-01-01T07:59:59-00:00,2016-05-06T00:00:00,2030-12-31T23:59:59
AS_SP15,SDG1_1_PDRP05-APND,AS_SP15,,2016-05-06T07:00:00-00:00,2031-01-01T07:59:59-00:00,2016-05-06T00:00:00,2030-12-31T23:59:59
AS_SP15,SDG1_1_PDRP06-APND,AS_SP15,,2016-05-06T07:00:00-00:00,2031-01-01T07:59:59-00:00,2016-05-06T00:00:00,2030-12-31T23:59:59
AS_SP15,SDG1_1_PDRP07-APND,AS_SP15,,2016-05-06T07:00:00-00:00,2031-01-01T07:59:59-00:00,2016-05-06T00:00:00,2030-12-31T23:59:59
AS_SP15,SDG1_1_PDRP08-APND,AS_SP15,,2016-05-06T07:00:00-00:00,2031-01-01T07:59:59-00:00,2016-05-06T00:00:00,2030-12-31T23:59:59
AS_SP15,SDG1_1_PDRP09-APND,AS_SP15,,2016-05-06T07:00:00-00:00,2031-01-01T07:59:59-00:00,2016-05-06T00:00:00,2030-12-31T23:59:59
AS_SP15,SDG1_1_PDRP100-APND,AS_SP15,,2020-03-10T07:00:00-00:00,2031-01-01T07:59:59-00:00,2020-03-10T00:00:00,2030-12-31T23:59:59
AS_SP15,SDG1_1_PDRP101-APND,AS_SP15,,2020-03-10T07:00:00-00:00,2031-01-01T07:59:59-00:00,2020-03-10T00:00:00,2030-12-31T23:59:59
AS_SP15,SDG1_1_PDRP102-APND,AS_SP15,,2020-03-10T07:00:00-00:00,2031-01-01T07:59:59-00:00,2020-03-10T00:00:00,2030-12-31T23:59:59
AS_SP15,SDG1_1_PDRP103-APND,AS_SP15,,2020-03-10T07:00:00-00:00,2031-01-01T07:59:59-00:00,2020-03-10T00:00:00,2030-12-31T23:59:59
AS_SP15,SDG1_1_PDRP104-APND,AS_SP15,,2022-11-01T07:00:00-00:00,2031-01-01T07:59:59-00:00,2022-11-01T00:00:00,2030-12-31T23:59:59
AS_SP15,SDG1_1_PDRP105-APND,AS_SP15,,2020-03-13T07:00:00-00:00,2031-01-01T07:59:59-00:00,2020-03-13T00:00:00,2030-12-31T23:59:59
AS_SP15,SDG1_1_PDRP106-APND,AS_SP15,,2020-09-28T07:00:00-00:00,2031-01-01T07:59:59-00:00,2020-09-28T00:00:00,2030-12-31T23:59:59
AS_SP15,SDG1_1_PDRP111-APND,AS_SP15,,2022-12-23T08:00:00-00:00,2031-01-01T07:59:59-00:00,2022-12-23T00:00:00,2030-12-31T23:59:59
AS_SP15,SDG1_1_PDRP113-APND,AS_SP15,,2022-11-01T07:00:00-00:00,2031-01-01T07:59:59-00:00,2022-11-01T00:00:00,2030-12-31T23:59:59
AS_SP15,SDG1_1_PDRP114-APND,AS_SP15,,2022-11-01T07:00:00-00:00,2031-01-01T07:59:59-00:00,2022-11-01T00:00:00,2030-12-31T23:59:59
AS_SP15,SDG1_1_PDRP117-APND,AS_SP15,,2022-11-01T07:00:00-00:00,2031-01-01T07:59:59-00:00,2022-11-01T00:00:00,2030-12-31T23:59:59
AS_SP15,SDG1_1_PDRP118-APND,AS_SP15,,2022-12-01T08:00:00-00:00,2031-01-01T07:59:59-00:00,2022-12-01T00:00:00,2030-12-31T23:59:59
AS_SP15,SDG1_1_PDRP119-APND,AS_SP15,,2022-12-22T08:00:00-00:00,2031-01-01T07:59:59-00:00,2022-12-22T00:00:00,2030-12-31T23:59:59
AS_SP15,SDG1_1_PDRP120-APND,AS_SP15,,2022-12-22T08:00:00-00:00,2031-01-01T07:59:59-00:00,2022-12-22T00:00:00,2030-12-31T23:59:59
AS_SP15,SDG1_1_PDRP121-APND,AS_SP15,,2022-12-30T08:00:00-00:00,2031-01-01T07:59:59-00:00,2022-12-30T00:00:00,2030-12-31T23:59:59
AS_SP15,SDG1_1_PDRP122-APND,AS_SP15,,2024-07-12T07:00:00-00:00,2031-01-01T07:59:59-00:00,2024-07-12T00:00:00,2030-12-31T23:59:59
AS_SP15,SDG1_1_PDRP123-APND,AS_SP15,,2024-07-12T07:00:00-00:00,2031-01-01T07:59:59-00:00,2024-07-12T00:00:00,2030-12-31T23:59:59
AS_SP15,SDG1_1_PDRP125-APND,AS_SP15,,2026-01-16T08:00:00-00:00,2031-01-01T07:59:59-00:00,2026-01-16T00:00:00,2030-12-31T23:59:59
AS_SP15,SDG1_1_PDRP14-APND,AS_SP15,,2016-09-27T07:00:00-00:00,2031-01-01T07:59:59-00:00,2016-09-27T00:00:00,2030-12-31T23:59:59
AS_SP15,SDG1_1_PDRP15-APND,AS_SP15,,2016-09-27T07:00:00-00:00,2031-01-01T07:59:59-00:00,2016-09-27T00:00:00,2030-12-31T23:59:59
AS_SP15,SDG1_1_PDRP25-APND,AS_SP15,,2018-03-26T07:00:00-00:00,2031-01-01T07:59:59-00:00,2018-03-26T00:00:00,2030-12-31T23:59:59
AS_SP15,SDG1_1_PDRP26-APND,AS_SP15,,2018-03-26T07:00:00-00:00,2031-01-01T07:59:59-00:00,2018-03-26T00:00:00,2030-12-31T23:59:59
AS_SP15,SDG1_1_PDRP27-APND,AS_SP15,,2018-03-26T07:00:00-00:00,2031-01-01T07:59:59-00:00,2018-03-26T00:00:00,2030-12-31T23:59:59
AS_SP15,SDG1_1_PDRP28-APND,AS_SP15,,2018-05-25T07:00:00-00:00,2031-01-01T07:59:59-00:00,2018-05-25T00:00:00,2030-12-31T23:59:59
AS_SP15,SDG1_1_PDRP30-APND,AS_SP15,,2017-10-13T07:00:00-00:00,2031-01-01T07:59:59-00:00,2017-10-13T00:00:00,2030-12-31T23:59:59
AS_SP15,SDG1_1_PDRP31-APND,AS_SP15,,2017-10-13T07:00:00-00:00,2031-01-01T07:59:59-00:00,2017-10-13T00:00:00,2030-12-31T23:59:59
AS_SP15,SDG1_1_PDRP32-APND,AS_SP15,,2017-10-13T07:00:00-00:00,2031-01-01T07:59:59-00:00,2017-10-13T00:00:00,2030-12-31T23:59:59
AS_SP15,SDG1_1_PDRP33-APND,AS_SP15,,2017-10-13T07:00:00-00:00,2031-01-01T07:59:59-00:00,2017-10-13T00:00:00,2030-12-31T23:59:59
AS_SP15,SDG1_1_PDRP34-APND,AS_SP15,,2017-10-13T07:00:00-00:00,2031-01-01T07:59:59-00:00,2017-10-13T00:00:00,2030-12-31T23:59:59
AS_SP15,SDG1_1_PDRP37-APND,AS_SP15,,2018-04-23T07:00:00-00:00,2031-01-01T07:59:59-00:00,2018-04-23T00:00:00,2030-12-31T23:59:59
AS_SP15,SDG1_1_PDRP38-APND,AS_SP15,,2018-04-23T07:00:00-00:00,2031-01-01T07:59:59-00:00,2018-04-23T00:00:00,2030-12-31T23:59:59
AS_SP15,SDG1_1_PDRP39-APND,AS_SP15,,2018-04-23T07:00:00-00:00,2031-01-01T07:59:59-00:00,2018-04-23T00:00:00,2030-12-31T23:59:59
AS_SP15,SDG1_1_PDRP40-APND,AS_SP15,,2018-04-23T07:00:00-00:00,2031-01-01T07:59:59-00:00,2018-04-23T00:00:00,2030-12-31T23:59:59
AS_SP15,SDG1_1_PDRP41-APND,AS_SP15,,2018-04-23T07:00:00-00:00,2031-01-01T07:59:59-00:00,2018-04-23T00:00:00,2030-12-31T23:59:59
AS_SP15,SDG1_1_PDRP42-APND,AS_SP15,,2018-04-23T07:00:00-00:00,2031-01-01T07:59:59-00:00,2018-04-23T00:00:00,2030-12-31T23:59:59
AS_SP15,SDG1_1_PDRP43-APND,AS_SP15,,2018-05-25T07:00:00-00:00,2031-01-01T07:59:59-00:00,2018-05-25T00:00:00,2030-12-31T23:59:59
AS_SP15,SDG1_1_PDRP44-APND,AS_SP15,,2018-05-25T07:00:00-00:00,2031-01-01T07:59:59-00:00,2018-05-25T00:00:00,2030-12-31T23:59:59
AS_SP15,SDG1_1_PDRP45-APND,AS_SP15,,2018-05-25T07:00:00-00:00,2031-01-01T07:59:59-00:00,2018-05-25T00:00:00,2030-12-31T23:59:59
AS_SP15,SDG1_1_PDRP46-APND,AS_SP15,,2018-05-25T07:00:00-00:00,2031-01-01T07:59:59-00:00,2018-05-25T00:00:00,2030-12-31T23:59:59
AS_SP15,SDG1_1_PDRP47-APND,AS_SP15,,2018-05-25T07:00:00-00:00,2031-01-01T07:59:59-00:00,2018-05-25T00:00:00,2030-12-31T23:59:59
AS_SP15,SDG1_1_PDRP48-APND,AS_SP15,,2018-05-25T07:00:00-00:00,2031-01-01T07:59:59-00:00,2018-05-25T00:00:00,2030-12-31T23:59:59
AS_SP15,SDG1_1_PDRP49-APND,AS_SP15,,2018-05-25T07:00:00-00:00,2031-01-01T07:59:59-00:00,2018-05-25T00:00:00,2030-12-31T23:59:59
AS_SP15,SDG1_1_PDRP50-APND,AS_SP15,,2018-05-25T07:00:00-00:00,2031-01-01T07:59:59-00:00,2018-05-25T00:00:00,2030-12-31T23:59:59
AS_SP15,SDG1_1_PDRP51-APND,AS_SP15,,2018-05-25T07:00:00-00:00,2031-01-01T07:59:59-00:00,2018-05-25T00:00:00,2030-12-31T23:59:59
AS_SP15,SDG1_1_PDRP60-APND,AS_SP15,,2018-10-19T07:00:00-00:00,2031-01-01T07:59:59-00:00,2018-10-19T00:00:00,2030-12-31T23:59:59
AS_SP15,SDG1_1_PDRP61-APND,AS_SP15,,2018-10-19T07:00:00-00:00,2031-01-01T07:59:59-00:00,2018-10-19T00:00:00,2030-12-31T23:59:59
AS_SP15,SDG1_1_PDRP62-APND,AS_SP15,,2018-10-19T07:00:00-00:00,2031-01-01T07:59:59-00:00,2018-10-19T00:00:00,2030-12-31T23:59:59
AS_SP15,SDG1_1_PDRP63-APND,AS_SP15,,2018-10-19T07:00:00-00:00,2031-01-01T07:59:59-00:00,2018-10-19T00:00:00,2030-12-31T23:59:59
AS_SP15,SDG1_1_PDRP64-APND,AS_SP15,,2018-10-19T07:00:00-00:00,2031-01-01T07:59:59-00:00,2018-10-19T00:00:00,2030-12-31T23:59:59
AS_SP15,SDG1_1_PDRP65-APND,AS_SP15,,2018-10-19T07:00:00-00:00,2031-01-01T07:59:59-00:00,2018-10-19T00:00:00,2030-12-31T23:59:59
AS_SP15,SDG1_1_PDRP66-APND,AS_SP15,,2018-10-19T07:00:00-00:00,2031-01-01T07:59:59-00:00,2018-10-19T00:00:00,2030-12-31T23:59:59
AS_SP15,SDG1_1_PDRP67-APND,AS_SP15,,2018-10-19T07:00:00-00:00,2031-01-01T07:59:59-00:00,2018-10-19T00:00:00,2030-12-31T23:59:59
AS_SP15,SDG1_1_PDRP68-APND,AS_SP15,,2018-10-19T07:00:00-00:00,2031-01-01T07:59:59-00:00,2018-10-19T00:00:00,2030-12-31T23:59:59
AS_SP15,SDG1_1_PDRP69-APND,AS_SP15,,2018-10-19T07:00:00-00:00,2031-01-01T07:59:59-00:00,2018-10-19T00:00:00,2030-12-31T23:59:59
AS_SP15,SDG1_1_PDRP70-APND,AS_SP15,,2018-10-19T07:00:00-00:00,2031-01-01T07:59:59-00:00,2018-10-19T00:00:00,2030-12-31T23:59:59
AS_SP15,SDG1_1_PDRP71-APND,AS_SP15,,2018-10-19T07:00:00-00:00,2031-01-01T07:59:59-00:00,2018-10-19T00:00:00,2030-12-31T23:59:59
AS_SP15,SDG1_1_PDRP84-APND,AS_SP15,,2020-03-10T07:00:00-00:00,2031-01-01T07:59:59-00:00,2020-03-10T00:00:00,2030-12-31T23:59:59
AS_SP15,SDG1_1_PDRP85-APND,AS_SP15,,2020-03-10T07:00:00-00:00,2031-01-01T07:59:59-00:00,2020-03-10T00:00:00,2030-12-31T23:59:59
AS_SP15,SDG1_1_PDRP86-APND,AS_SP15,,2020-03-10T07:00:00-00:00,2031-01-01T07:59:59-00:00,2020-03-10T00:00:00,2030-12-31T23:59:59
AS_SP15,SDG1_1_PDRP88-APND,AS_SP15,,2020-03-10T07:00:00-00:00,2031-01-01T07:59:59-00:00,2020-03-10T00:00:00,2030-12-31T23:59:59
AS_SP15,SDG1_1_PDRP89-APND,AS_SP15,,2024-07-12T07:00:00-00:00,2031-01-01T07:59:59-00:00,2024-07-12T00:00:00,2030-12-31T23:59:59
AS_SP15,SDG1_1_PDRP91-APND,AS_SP15,,2020-03-13T07:00:00-00:00,2031-01-01T07:59:59-00:00,2020-03-13T00:00:00,2030-12-31T23:59:59
AS_SP15,SDG1_1_PDRP96-APND,AS_SP15,,2022-11-01T07:00:00-00:00,2031-01-01T07:59:59-00:00,2022-11-01T00:00:00,2030-12-31T23:59:59
AS_SP15,SDG1_1_PDRP97-APND,AS_SP15,,2020-03-16T07:00:00-00:00,2031-01-01T07:59:59-00:00,2020-03-16T00:00:00,2030-12-31T23:59:59
AS_SP15,SDG1_1_PDRP98-APND,AS_SP15,,2020-03-13T07:00:00-00:00,2031-01-01T07:59:59-00:00,2020-03-13T00:00:00,2030-12-31T23:59:59
AS_SP15,SDG1_1_PDRP99-APND,AS_SP15,,2022-11-01T07:00:00-00:00,2031-01-01T07:59:59-00:00,2022-11-01T00:00:00,2030-12-31T23:59:59
AS_SP15,SEARLES_7_N001,AS_SP15,,2009-03-31T07:00:00-00:00,2031-01-01T07:59:59-00:00,2009-03-31T00:00:00,2030-12-31T23:59:59
AS_SP15,SEARLES_7_N004,AS_SP15,,2009-03-31T07:00:00-00:00,2031-01-01T07:59:59-00:00,2009-03-31T00:00:00,2030-12-31T23:59:59
AS_SP15,SEARLES_7_N005,AS_SP15,,2025-05-13T07:00:00-00:00,2031-01-01T07:59:59-00:00,2025-05-13T00:00:00,2030-12-31T23:59:59
AS_SP15,SEAWIND_1_B1,AS_SP15,,2009-03-31T07:00:00-00:00,2031-01-01T07:59:59-00:00,2009-03-31T00:00:00,2030-12-31T23:59:59
AS_SP15,SEAWND_1_B1,AS_SP15,,2025-07-15T07:00:00-00:00,2031-01-01T07:59:59-00:00,2025-07-15T00:00:00,2030-12-31T23:59:59
AS_SP15,SEGS1G_7_B1,AS_SP15,,2009-03-31T07:00:00-00:00,2031-01-01T07:59:59-00:00,2009-03-31T00:00:00,2030-12-31T23:59:59
AS_SP15,SEGS2G_7_B1,AS_SP15,,2009-03-31T07:00:00-00:00,2031-01-01T07:59:59-00:00,2009-03-31T00:00:00,2030-12-31T23:59:59
AS_SP15,SEMITRPC_1_N001,AS_SP15,,2009-03-31T07:00:00-00:00,2031-01-01T07:59:59-00:00,2009-03-31T00:00:00,2030-12-31T23:59:59
AS_SP15,SERRFGEN_7_B1,AS_SP15,,2009-03-31T07:00:00-00:00,2031-01-01T07:59:59-00:00,2009-03-31T00:00:00,2030-12-31T23:59:59
AS_SP15,SGSAVF1_7_N001,AS_SP15,,2016-08-18T07:00:00-00:00,2031-01-01T07:59:59-00:00,2016-08-18T00:00:00,2030-12-31T23:59:59
AS_SP15,SGSAVF2_7_N001,AS_SP15,,2016-08-18T07:00:00-00:00,2031-01-01T07:59:59-00:00,2016-08-18T00:00:00,2030-12-31T23:59:59
AS_SP15,SGSGNS3_7_N001,AS_SP15,,2025-05-13T07:00:00-00:00,2031-01-01T07:59:59-00:00,2025-05-13T00:00:00,2030-12-31T23:59:59
AS_SP15,SGSGNS3_7_N002,AS_SP15,,2025-05-13T07:00:00-00:00,2031-01-01T07:59:59-00:00,2025-05-13T00:00:00,2030-12-31T23:59:59
AS_SP15,SGSGNS4_7_N001,AS_SP15,,2025-05-13T07:00:00-00:00,2031-01-01T07:59:59-00:00,2025-05-13T00:00:00,2030-12-31T23:59:59
AS_SP15,SGSGNS4_7_N002,AS_SP15,,2025-05-13T07:00:00-00:00,2031-01-01T07:59:59-00:00,2025-05-13T00:00:00,2030-12-31T23:59:59
AS_SP15,SGSGNS4_7_N003,AS_SP15,,2025-05-13T07:00:00-00:00,2031-01-01T07:59:59-00:00,2025-05-13T00:00:00,2030-12-31T23:59:59
AS_SP15,SHADOWR_1_N001,AS_SP15,,2009-03-31T07:00:00-00:00,2031-01-01T07:59:59-00:00,2009-03-31T00:00:00,2030-12-31T23:59:59
AS_SP15,SHADOWR_1_N006,AS_SP15,,2009-03-31T07:00:00-00:00,2031-01-01T07:59:59-00:00,2009-03-31T00:00:00,2030-12-31T23:59:59
AS_SP15,SHADOWR_1_N008,AS_SP15,,2009-03-31T07:00:00-00:00,2031-01-01T07:59:59-00:00,2009-03-31T00:00:00,2030-12-31T23:59:59
AS_SP15,SHADOWR_1_N015,AS_SP15,,2009-03-31T07:00:00-00:00,2031-01-01T07:59:59-00:00,2009-03-31T00:00:00,2030-12-31T23:59:59
AS_SP15,SHAFTER_1_N010,AS_SP15,,2017-11-16T08:00:00-00:00,2031-01-01T07:59:59-00:00,2017-11-16T00:00:00,2030-12-31T23:59:59
AS_SP15,SHAFTER_7_N021,AS_SP15,,2025-05-13T07:00:00-00:00,2031-01-01T07:59:59-00:00,2025-05-13T00:00:00,2030-12-31T23:59:59
AS_SP15,SHAFTER_7_N022,AS_SP15,,2024-10-23T07:00:00-00:00,2031-01-01T07:59:59-00:00,2024-10-23T00:00:00,2030-12-31T23:59:59
AS_SP15,SHANDIN_1_N005,AS_SP15,,2018-08-23T07:00:00-00:00,2031-01-01T07:59:59-00:00,2018-08-23T00:00:00,2030-12-31T23:59:59
AS_SP15,SHANDIN_1_N007,AS_SP15,,2019-02-21T08:00:00-00:00,2031-01-01T07:59:59-00:00,2019-02-21T00:00:00,2030-12-31T23:59:59
AS_SP15,SHANDIN_1_N008,AS_SP15,,2025-05-13T07:00:00-00:00,2031-01-01T07:59:59-00:00,2025-05-13T00:00:00,2030-12-31T23:59:59
AS_SP15,SHERWIN_1_N004,AS_SP15,,2018-08-23T07:00:00-00:00,2031-01-01T07:59:59-00:00,2018-08-23T00:00:00,2030-12-31T23:59:59
AS_SP15,SHL-KRVD_1_N001,AS_SP15,,2009-03-31T07:00:00-00:00,2031-01-01T07:59:59-00:00,2009-03-31T00:00:00,2030-12-31T23:59:59
AS_SP15,SHUTTLE_6_N001,AS_SP15,,2009-03-31T07:00:00-00:00,2031-01-01T07:59:59-00:00,2009-03-31T00:00:00,2030-12-31T23:59:59
AS_SP15,SHUTTLE_6_N020,AS_SP15,,2025-05-13T07:00:00-00:00,2031-01-01T07:59:59-00:00,2025-05-13T00:00:00,2030-12-31T23:59:59
AS_SP15,SHUTTLE_6_N021,AS_SP15,,2025-05-13T07:00:00-00:00,2031-01-01T07:59:59-00:00,2025-05-13T00:00:00,2030-12-31T23:59:59
AS_SP15,SHUTTLE_6_N022,AS_SP15,,2025-05-13T07:00:00-00:00,2031-01-01T07:59:59-00:00,2025-05-13T00:00:00,2030-12-31T23:59:59
AS_SP15,SIERRA_7_N001,AS_SP15,,2025-05-13T07:00:00-00:00,2031-01-01T07:59:59-00:00,2025-05-13T00:00:00,2030-12-31T23:59:59
AS_SP15,SISQUOC_1_GN001,AS_SP15,,2025-05-13T07:00:00-00:00,2031-01-01T07:59:59-00:00,2025-05-13T00:00:00,2030-12-31T23:59:59
AS_SP15,SISQUOC_1_N001,AS_SP15,,2009-03-31T07:00:00-00:00,2031-01-01T07:59:59-00:00,2009-03-31T00:00:00,2030-12-31T23:59:59
AS_SP15,SISQUOC_1_N020,AS_SP15,,2009-03-31T07:00:00-00:00,2031-01-01T07:59:59-00:00,2009-03-31T00:00:00,2030-12-31T23:59:59
AS_SP15,SKYRIVER_2_N003,AS_SP15,,2025-05-13T07:00:00-00:00,2031-01-01T07:59:59-00:00,2025-05-13T00:00:00,2030-12-31T23:59:59
AS_SP15,SKYRIVER_7_N007,AS_SP15,,2025-05-13T07:00:00-00:00,2031-01-01T07:59:59-00:00,2025-05-13T00:00:00,2030-12-31T23:59:59
AS_SP15,SLOTH_7_NBT1,AS_SP15,,2025-05-13T07:00:00-00:00,2031-01-01T07:59:59-00:00,2025-05-13T00:00:00,2030-12-31T23:59:59
AS_SP15,SLOTH_7_NSR1,AS_SP15,,2025-05-13T07:00:00-00:00,2031-01-01T07:59:59-00:00,2025-05-13T00:00:00,2030-12-31T23:59:59
AS_SP15,SLR-TANN_7_B1,AS_SP15,,2023-05-05T07:00:00-00:00,2031-01-01T07:59:59-00:00,2023-05-05T00:00:00,2030-12-31T23:59:59
AS_SP15,SLSTR1_2_SOLAR1-APND,AS_SP15,,2013-10-01T07:00:00-00:00,2031-01-01T07:59:59-00:00,2013-10-01T00:00:00,2030-12-31T23:59:59
AS_SP15,SLSTR2_2_SOLAR2-APND,AS_SP15,,2013-10-01T07:00:00-00:00,2031-01-01T07:59:59-00:00,2013-10-01T00:00:00,2030-12-31T23:59:59
AS_SP15,SMKTREGN_7_N001,AS_SP15,,2016-08-18T07:00:00-00:00,2031-01-01T07:59:59-00:00,2016-08-18T00:00:00,2030-12-31T23:59:59
AS_SP15,SMTRPCWS_1_N001,AS_SP15,,2017-11-16T08:00:00-00:00,2031-01-01T07:59:59-00:00,2017-11-16T00:00:00,2030-12-31T23:59:59
AS_SP15,SMYRGEN_7_B1,AS_SP15,,2017-08-17T07:00:00-00:00,2031-01-01T07:59:59-00:00,2017-08-17T00:00:00,2030-12-31T23:59:59
AS_SP15,SMYRNA1_1_N005,AS_SP15,,2017-08-17T07:00:00-00:00,2031-01-01T07:59:59-00:00,2017-08-17T00:00:00,2030-12-31T23:59:59
AS_SP15,SMYRNA2_1_N009,AS_SP15,,2025-05-13T07:00:00-00:00,2031-01-01T07:59:59-00:00,2025-05-13T00:00:00,2030-12-31T23:59:59
AS_SP15,SNBRNRD_6_N001,AS_SP15,,2017-11-16T08:00:00-00:00,2031-01-01T07:59:59-00:00,2017-11-16T00:00:00,2030-12-31T23:59:59
AS_SP15,SNBRNRD_6_NLD2,AS_SP15,,2025-08-13T07:00:00-00:00,2031-01-01T07:59:59-00:00,2025-08-13T00:00:00,2030-12-31T23:59:59
AS_SP15,SNCLRA_7_CN1,AS_SP15,,2025-05-13T07:00:00-00:00,2031-01-01T07:59:59-00:00,2025-05-13T00:00:00,2030-12-31T23:59:59
AS_SP15,SNLSOB_1_N023,AS_SP15,,2025-05-13T07:00:00-00:00,2031-01-01T07:59:59-00:00,2025-05-13T00:00:00,2030-12-31T23:59:59
AS_SP15,SNLSOB_7_N001,AS_SP15,,2017-11-16T08:00:00-00:00,2031-01-01T07:59:59-00:00,2017-11-16T00:00:00,2030-12-31T23:59:59
AS_SP15,SNLSOB_7_N002,AS_SP15,,2017-11-16T08:00:00-00:00,2031-01-01T07:59:59-00:00,2017-11-16T00:00:00,2030-12-31T23:59:59
AS_SP15,SNLSOB_7_N003,AS_SP15,,2025-05-13T07:00:00-00:00,2031-01-01T07:59:59-00:00,2025-05-13T00:00:00,2030-12-31T23:59:59
AS_SP15,SNTAMRA_1_N001,AS_SP15,,2017-08-17T07:00:00-00:00,2031-01-01T07:59:59-00:00,2017-08-17T00:00:00,2030-12-31T23:59:59
AS_SP15,SNTAMRA_1_N005,AS_SP15,,2017-08-17T07:00:00-00:00,2031-01-01T07:59:59-00:00,2017-08-17T00:00:00,2030-12-31T23:59:59
AS_SP15,SNTAYNZ_1_N001,AS_SP15,,2009-03-31T07:00:00-00:00,2031-01-01T07:59:59-00:00,2009-03-31T00:00:00,2030-12-31T23:59:59
AS_SP15,SNTAYNZ_1_N002,AS_SP15,,2009-03-31T07:00:00-00:00,2031-01-01T07:59:59-00:00,2009-03-31T00:00:00,2030-12-31T23:59:59
AS_SP15,SNZIAW_3_N007,AS_SP15,,2025-11-23T08:00:00-00:00,2031-01-01T07:59:59-00:00,2025-11-23T00:00:00,2030-12-31T23:59:59
AS_SP15,SNZIAW_3_N008,AS_SP15,,2025-11-23T08:00:00-00:00,2031-01-01T07:59:59-00:00,2025-11-23T00:00:00,2030-12-31T23:59:59
AS_SP15,SNZIAW_3_N009,AS_SP15,,2025-08-13T07:00:00-00:00,2031-01-01T07:59:59-00:00,2025-08-13T00:00:00,2030-12-31T23:59:59
AS_SP15,SOAKWND_6_N001,AS_SP15,,2009-03-31T07:00:00-00:00,2031-01-01T07:59:59-00:00,2009-03-31T00:00:00,2030-12-31T23:59:59
AS_SP15,SOAKWND_6_N002,AS_SP15,,2013-11-21T08:00:00-00:00,2031-01-01T07:59:59-00:00,2013-11-21T00:00:00,2030-12-31T23:59:59
AS_SP15,SOLBLU_2_WSBBX2-APND,AS_SP15,,2023-06-20T07:00:00-00:00,2031-01-01T07:59:59-00:00,2023-06-20T00:00:00,2030-12-31T23:59:59
AS_SP15,SOLBLU_2_WSBSX2-APND,AS_SP15,,2023-06-20T07:00:00-00:00,2031-01-01T07:59:59-00:00,2023-06-20T00:00:00,2030-12-31T23:59:59
AS_SP15,SOLBLU_7_NBT1,AS_SP15,,2023-06-20T07:00:00-00:00,2031-01-01T07:59:59-00:00,2023-06-20T00:00:00,2030-12-31T23:59:59
AS_SP15,SOLBLU_7_NBT2,AS_SP15,,2023-06-20T07:00:00-00:00,2031-01-01T07:59:59-00:00,2023-06-20T00:00:00,2030-12-31T23:59:59
AS_SP15,SOLBLU_7_NSR1,AS_SP15,,2023-06-20T07:00:00-00:00,2031-01-01T07:59:59-00:00,2023-06-20T00:00:00,2030-12-31T23:59:59
AS_SP15,SOLBLU_7_NSR2,AS_SP15,,2023-06-20T07:00:00-00:00,2031-01-01T07:59:59-00:00,2023-06-20T00:00:00,2030-12-31T23:59:59
AS_SP15,SOLCA_7_NBT1,AS_SP15,,2025-05-13T07:00:00-00:00,2031-01-01T07:59:59-00:00,2025-05-13T00:00:00,2030-12-31T23:59:59
AS_SP15,SOLCA_7_NBT2,AS_SP15,,2025-05-13T07:00:00-00:00,2031-01-01T07:59:59-00:00,2025-05-13T00:00:00,2030-12-31T23:59:59
AS_SP15,SOLCA_7_NSR1,AS_SP15,,2025-05-13T07:00:00-00:00,2031-01-01T07:59:59-00:00,2025-05-13T00:00:00,2030-12-31T23:59:59
AS_SP15,SOLCA_7_NSR2,AS_SP15,,2025-05-13T07:00:00-00:00,2031-01-01T07:59:59-00:00,2025-05-13T00:00:00,2030-12-31T23:59:59
AS_SP15,SOLCA_7_NSR3,AS_SP15,,2025-05-13T07:00:00-00:00,2031-01-01T07:59:59-00:00,2025-05-13T00:00:00,2030-12-31T23:59:59
AS_SP15,SOLSTR1A_7_N006,AS_SP15,,2013-09-19T07:00:00-00:00,2031-01-01T07:59:59-00:00,2013-09-19T00:00:00,2030-12-31T23:59:59
AS_SP15,SOLSTR1B_7_N009,AS_SP15,,2013-09-19T07:00:00-00:00,2031-01-01T07:59:59-00:00,2013-09-19T00:00:00,2030-12-31T23:59:59
AS_SP15,SOLSTR2A_7_N007,AS_SP15,,2013-09-19T07:00:00-00:00,2031-01-01T07:59:59-00:00,2013-09-19T00:00:00,2030-12-31T23:59:59
AS_SP15,SOLSTR2B_7_N002,AS_SP15,,2013-09-19T07:00:00-00:00,2031-01-01T07:59:59-00:00,2013-09-19T00:00:00,2030-12-31T23:59:59
AS_SP15,SONGSL_7_N001,AS_SP15,,2016-08-18T07:00:00-00:00,2031-01-01T07:59:59-00:00,2016-08-18T00:00:00,2030-12-31T23:59:59
AS_SP15,SONOFR2_7_B1,AS_SP15,,2009-03-31T07:00:00-00:00,2031-01-01T07:59:59-00:00,2009-03-31T00:00:00,2030-12-31T23:59:59
AS_SP15,SONOFR3_7_B1,AS_SP15,,2009-03-31T07:00:00-00:00,2031-01-01T07:59:59-00:00,2009-03-31T00:00:00,2030-12-31T23:59:59
AS_SP15,SONOFRE_2_N067,AS_SP15,,2009-03-31T07:00:00-00:00,2031-01-01T07:59:59-00:00,2009-03-31T00:00:00,2030-12-31T23:59:59
AS_SP15,SOPORT_1_N001,AS_SP15,,2019-02-21T08:00:00-00:00,2031-01-01T07:59:59-00:00,2019-02-21T00:00:00,2030-12-31T23:59:59
AS_SP15,SOPORT_1_N002,AS_SP15,,2019-02-21T08:00:00-00:00,2031-01-01T07:59:59-00:00,2019-02-21T00:00:00,2030-12-31T23:59:59
AS_SP15,SOPORT_1_N003,AS_SP15,,2019-02-21T08:00:00-00:00,2031-01-01T07:59:59-00:00,2019-02-21T00:00:00,2030-12-31T23:59:59
AS_SP15,SOUTHBAS_1_N001,AS_SP15,,2009-03-31T07:00:00-00:00,2031-01-01T07:59:59-00:00,2009-03-31T00:00:00,2030-12-31T23:59:59
AS_SP15,SPESBT1_7_B1,AS_SP15,,2025-05-13T07:00:00-00:00,2031-01-01T07:59:59-00:00,2025-05-13T00:00:00,2030-12-31T23:59:59
AS_SP15,SPRINGEN_7_N001,AS_SP15,,2009-03-31T07:00:00-00:00,2031-01-01T07:59:59-00:00,2009-03-31T00:00:00,2030-12-31T23:59:59
AS_SP15,SPRINGEN_7_N002,AS_SP15,,2009-03-31T07:00:00-00:00,2031-01-01T07:59:59-00:00,2009-03-31T00:00:00,2030-12-31T23:59:59
AS_SP15,SPRINGEN_7_N003,AS_SP15,,2009-03-31T07:00:00-00:00,2031-01-01T07:59:59-00:00,2009-03-31T00:00:00,2030-12-31T23:59:59
AS_SP15,SPRINGEN_7_N004,AS_SP15,,2009-03-31T07:00:00-00:00,2031-01-01T07:59:59-00:00,2009-03-31T00:00:00,2030-12-31T23:59:59
AS_SP15,SPRINGVL_2_N039,AS_SP15,,2025-05-13T07:00:00-00:00,2031-01-01T07:59:59-00:00,2025-05-13T00:00:00,2030-12-31T23:59:59
AS_SP15,SPRINGVL_6_N001,AS_SP15,,2009-03-31T07:00:00-00:00,2031-01-01T07:59:59-00:00,2009-03-31T00:00:00,2030-12-31T23:59:59
AS_SP15,SPRINGVL_6_N002,AS_SP15,,2025-05-13T07:00:00-00:00,2031-01-01T07:59:59-00:00,2025-05-13T00:00:00,2030-12-31T23:59:59
AS_SP15,SPRINGVL_6_N004,AS_SP15,,2025-05-13T07:00:00-00:00,2031-01-01T07:59:59-00:00,2025-05-13T00:00:00,2030-12-31T23:59:59
AS_SP15,SPRINGVL_6_N006,AS_SP15,,2009-03-31T07:00:00-00:00,2031-01-01T07:59:59-00:00,2009-03-31T00:00:00,2030-12-31T23:59:59
AS_SP15,SPRINGVL_6_N008,AS_SP15,,2025-05-13T07:00:00-00:00,2031-01-01T07:59:59-00:00,2025-05-13T00:00:00,2030-12-31T23:59:59
AS_SP15,SPRINGVL_6_N009,AS_SP15,,2025-05-13T07:00:00-00:00,2031-01-01T07:59:59-00:00,2025-05-13T00:00:00,2030-12-31T23:59:59
AS_SP15,SPRINGVL_6_N010,AS_SP15,,2025-05-13T07:00:00-00:00,2031-01-01T07:59:59-00:00,2025-05-13T00:00:00,2030-12-31T23:59:59
AS_SP15,SPRINGVL_6_N019,AS_SP15,,2025-05-13T07:00:00-00:00,2031-01-01T07:59:59-00:00,2025-05-13T00:00:00,2030-12-31T23:59:59
AS_SP15,SPRINGVL_6_N025,AS_SP15,,2026-02-11T08:00:00-00:00,2031-01-01T07:59:59-00:00,2026-02-11T00:00:00,2030-12-31T23:59:59
AS_SP15,SPRNGVLY_6_N001,AS_SP15,,2009-03-31T07:00:00-00:00,2031-01-01T07:59:59-00:00,2009-03-31T00:00:00,2030-12-31T23:59:59
AS_SP15,SPRNGVLY_6_N010,AS_SP15,,2009-03-31T07:00:00-00:00,2031-01-01T07:59:59-00:00,2009-03-31T00:00:00,2030-12-31T23:59:59
AS_SP15,SRAPTA_7_ND001,AS_SP15,,2025-05-13T07:00:00-00:00,2031-01-01T07:59:59-00:00,2025-05-13T00:00:00,2030-12-31T23:59:59
AS_SP15,SRMS2GN_7_N001,AS_SP15,,2019-09-19T07:00:00-00:00,2031-01-01T07:59:59-00:00,2019-09-19T00:00:00,2030-12-31T23:59:59
AS_SP15,STANTNG1_7_N001,AS_SP15,,2025-05-13T07:00:00-00:00,2031-01-01T07:59:59-00:00,2025-05-13T00:00:00,2030-12-31T23:59:59
AS_SP15,STANTNG2_7_N002,AS_SP15,,2025-05-13T07:00:00-00:00,2031-01-01T07:59:59-00:00,2025-05-13T00:00:00,2030-12-31T23:59:59
AS_SP15,STANTN_2_SBEBX2-APND,AS_SP15,,2023-05-26T07:00:00-00:00,2031-01-01T07:59:59-00:00,2023-05-26T00:00:00,2030-12-31T23:59:59
AS_SP15,STHKERN_7_N001,AS_SP15,,2015-02-26T08:00:00-00:00,2031-01-01T07:59:59-00:00,2015-02-26T00:00:00,2030-12-31T23:59:59
AS_SP15,STOCKDLE_1_N001,AS_SP15,,2017-08-17T07:00:00-00:00,2031-01-01T07:59:59-00:00,2017-08-17T00:00:00,2030-12-31T23:59:59
AS_SP15,STOCKDLE_1_N010,AS_SP15,,2017-08-17T07:00:00-00:00,2031-01-01T07:59:59-00:00,2017-08-17T00:00:00,2030-12-31T23:59:59
AS_SP15,STOCKDL_2_N001,AS_SP15,,2017-08-17T07:00:00-00:00,2031-01-01T07:59:59-00:00,2017-08-17T00:00:00,2030-12-31T23:59:59
AS_SP15,STOCKDL_2_N002,AS_SP15,,2017-08-17T07:00:00-00:00,2031-01-01T07:59:59-00:00,2017-08-17T00:00:00,2030-12-31T23:59:59
AS_SP15,STOCKDL_2_N101,AS_SP15,,2017-08-17T07:00:00-00:00,2031-01-01T07:59:59-00:00,2017-08-17T00:00:00,2030-12-31T23:59:59
AS_SP15,STRAUS34_7_N001,AS_SP15,,2025-05-13T07:00:00-00:00,2031-01-01T07:59:59-00:00,2025-05-13T00:00:00,2030-12-31T23:59:59
AS_SP15,STREAMVW_6_N001,AS_SP15,,2009-03-31T07:00:00-00:00,2031-01-01T07:59:59-00:00,2009-03-31T00:00:00,2030-12-31T23:59:59
AS_SP15,STREAMVW_6_N007,AS_SP15,,2009-03-31T07:00:00-00:00,2031-01-01T07:59:59-00:00,2009-03-31T00:00:00,2030-12-31T23:59:59
AS_SP15,STUART_6_N001,AS_SP15,,2009-03-31T07:00:00-00:00,2031-01-01T07:59:59-00:00,2009-03-31T00:00:00,2030-12-31T23:59:59
AS_SP15,SUB434_7_N001,AS_SP15,,2014-08-28T07:00:00-00:00,2031-01-01T07:59:59-00:00,2014-08-28T00:00:00,2030-12-31T23:59:59
AS_SP15,SUBST_MV_1_7_N004,AS_SP15,,2024-01-24T08:00:00-00:00,2031-01-01T07:59:59-00:00,2024-01-24T00:00:00,2030-12-31T23:59:59
AS_SP15,SUBST_MV_2_7_N005,AS_SP15,,2024-01-24T08:00:00-00:00,2031-01-01T07:59:59-00:00,2024-01-24T00:00:00,2030-12-31T23:59:59
AS_SP15,SUNCAT_7_CN1,AS_SP15,,2025-05-13T07:00:00-00:00,2031-01-01T07:59:59-00:00,2025-05-13T00:00:00,2030-12-31T23:59:59
AS_SP15,SUNCAT_7_CN2,AS_SP15,,2025-05-13T07:00:00-00:00,2031-01-01T07:59:59-00:00,2025-05-13T00:00:00,2030-12-31T23:59:59
AS_SP15,SUNCAT_7_CN3,AS_SP15,,2025-05-13T07:00:00-00:00,2031-01-01T07:59:59-00:00,2025-05-13T00:00:00,2030-12-31T23:59:59
AS_SP15,SUNCAT_7_CN4,AS_SP15,,2025-05-13T07:00:00-00:00,2031-01-01T07:59:59-00:00,2025-05-13T00:00:00,2030-12-31T23:59:59
AS_SP15,SUNGEN3G_7_N001,AS_SP15,,2016-11-17T08:00:00-00:00,2031-01-01T07:59:59-00:00,2016-11-17T00:00:00,2030-12-31T23:59:59
AS_SP15,SUNGEN3G_7_N002,AS_SP15,,2022-06-15T07:00:00-00:00,2031-01-01T07:59:59-00:00,2022-06-15T00:00:00,2030-12-31T23:59:59
AS_SP15,SUNGEN3G_7_N005,AS_SP15,,2022-06-15T07:00:00-00:00,2031-01-01T07:59:59-00:00,2022-06-15T00:00:00,2030-12-31T23:59:59
AS_SP15,SUNGEN4G_7_N001,AS_SP15,,2016-11-17T08:00:00-00:00,2031-01-01T07:59:59-00:00,2016-11-17T00:00:00,2030-12-31T23:59:59
AS_SP15,SUNGEN4G_7_N002,AS_SP15,,2022-06-15T07:00:00-00:00,2031-01-01T07:59:59-00:00,2022-06-15T00:00:00,2030-12-31T23:59:59
AS_SP15,SUNGEN4G_7_N003,AS_SP15,,2022-06-15T07:00:00-00:00,2031-01-01T07:59:59-00:00,2022-06-15T00:00:00,2030-12-31T23:59:59
AS_SP15,SUNGEN5G_7_N001,AS_SP15,,2017-11-16T08:00:00-00:00,2031-01-01T07:59:59-00:00,2017-11-16T00:00:00,2030-12-31T23:59:59
AS_SP15,SUNGEN5G_7_N002,AS_SP15,,2022-06-15T07:00:00-00:00,2031-01-01T07:59:59-00:00,2022-06-15T00:00:00,2030-12-31T23:59:59
AS_SP15,SUNGEN5G_7_N003,AS_SP15,,2022-06-15T07:00:00-00:00,2031-01-01T07:59:59-00:00,2022-06-15T00:00:00,2030-12-31T23:59:59
AS_SP15,SUNGEN6G_7_N001,AS_SP15,,2019-05-23T07:00:00-00:00,2031-01-01T07:59:59-00:00,2019-05-23T00:00:00,2030-12-31T23:59:59
AS_SP15,SUNGEN6G_7_N004,AS_SP15,,2023-06-05T07:00:00-00:00,2031-01-01T07:59:59-00:00,2023-06-05T00:00:00,2030-12-31T23:59:59
AS_SP15,SUNGEN6G_7_N005,AS_SP15,,2023-06-05T07:00:00-00:00,2031-01-01T07:59:59-00:00,2023-06-05T00:00:00,2030-12-31T23:59:59
AS_SP15,SUNGEN7G_7_N001,AS_SP15,,2019-05-23T07:00:00-00:00,2031-01-01T07:59:59-00:00,2019-05-23T00:00:00,2030-12-31T23:59:59
AS_SP15,SUNGEN7G_7_N003,AS_SP15,,2023-06-05T07:00:00-00:00,2031-01-01T07:59:59-00:00,2023-06-05T00:00:00,2030-12-31T23:59:59
AS_SP15,SUNGEN7G_7_N005,AS_SP15,,2023-06-05T07:00:00-00:00,2031-01-01T07:59:59-00:00,2023-06-05T00:00:00,2030-12-31T23:59:59
AS_SP15,SUNGEN_1_B1,AS_SP15,,2016-11-17T08:00:00-00:00,2031-01-01T07:59:59-00:00,2016-11-17T00:00:00,2030-12-31T23:59:59
AS_SP15,SUNRAY2_7_N001,AS_SP15,,2017-02-16T08:00:00-00:00,2031-01-01T07:59:59-00:00,2017-02-16T00:00:00,2030-12-31T23:59:59
AS_SP15,SUNRAYGN_7_N001,AS_SP15,,2017-05-18T07:00:00-00:00,2031-01-01T07:59:59-00:00,2017-05-18T00:00:00,2030-12-31T23:59:59
AS_SP15,SUNRAYGN_7_N003,AS_SP15,,2026-02-11T08:00:00-00:00,2031-01-01T07:59:59-00:00,2026-02-11T00:00:00,2030-12-31T23:59:59
AS_SP15,SUNRIS_2_PL1X3-APND,AS_SP15,,2009-03-31T07:00:00-00:00,2031-01-01T07:59:59-00:00,2009-03-31T00:00:00,2030-12-31T23:59:59
AS_SP15,SUNRSE3S_7_B1,AS_SP15,,2023-05-05T07:00:00-00:00,2031-01-01T07:59:59-00:00,2023-05-05T00:00:00,2030-12-31T23:59:59
AS_SP15,SUNRSE3S_7_N002,AS_SP15,,2017-08-17T07:00:00-00:00,2031-01-01T07:59:59-00:00,2017-08-17T00:00:00,2030-12-31T23:59:59
AS_SP15,SUNSELGN_7_N002,AS_SP15,,2025-05-13T07:00:00-00:00,2031-01-01T07:59:59-00:00,2025-05-13T00:00:00,2030-12-31T23:59:59
AS_SP15,SUNSHN_2_LNDFL-APND,AS_SP15,,2014-07-14T07:00:00-00:00,2031-01-01T07:59:59-00:00,2014-07-14T00:00:00,2030-12-31T23:59:59
AS_SP15,SUNSLRG1_7_N001,AS_SP15,,2023-05-05T07:00:00-00:00,2031-01-01T07:59:59-00:00,2023-05-05T00:00:00,2030-12-31T23:59:59
AS_SP15,SUNSPTA_7_N002,AS_SP15,,2016-02-11T08:00:00-00:00,2031-01-01T07:59:59-00:00,2016-02-11T00:00:00,2030-12-31T23:59:59
AS_SP15,SUNSPTGN_7_N001,AS_SP15,,2025-05-13T07:00:00-00:00,2031-01-01T07:59:59-00:00,2025-05-13T00:00:00,2030-12-31T23:59:59
AS_SP15,SUNST234_7_N001,AS_SP15,,2025-05-13T07:00:00-00:00,2031-01-01T07:59:59-00:00,2025-05-13T00:00:00,2030-12-31T23:59:59
AS_SP15,SUNST_2_N006,AS_SP15,,2009-03-31T07:00:00-00:00,2031-01-01T07:59:59-00:00,2009-03-31T00:00:00,2030-12-31T23:59:59
AS_SP15,SUNYSIDE_6_N0016,AS_SP15,,2014-11-13T08:00:00-00:00,2031-01-01T07:59:59-00:00,2014-11-13T00:00:00,2030-12-31T23:59:59
AS_SP15,SURF_1_N009,AS_SP15,,2009-03-31T07:00:00-00:00,2031-01-01T07:59:59-00:00,2009-03-31T00:00:00,2030-12-31T23:59:59
AS_SP15,SWEETWTR_6_N017,AS_SP15,,2009-03-31T07:00:00-00:00,2031-01-01T07:59:59-00:00,2009-03-31T00:00:00,2030-12-31T23:59:59
AS_SP15,SWEETWTR_6_N018,AS_SP15,,2011-10-13T07:00:00-00:00,2031-01-01T07:59:59-00:00,2011-10-13T00:00:00,2030-12-31T23:59:59
AS_SP15,SYCCYN1G_7_B1,AS_SP15,,2023-05-05T07:00:00-00:00,2031-01-01T07:59:59-00:00,2023-05-05T00:00:00,2030-12-31T23:59:59
AS_SP15,SYCCYN2G_7_B1,AS_SP15,,2023-05-05T07:00:00-00:00,2031-01-01T07:59:59-00:00,2023-05-05T00:00:00,2030-12-31T23:59:59
AS_SP15,SYCCYN3G_7_B1,AS_SP15,,2023-05-05T07:00:00-00:00,2031-01-01T07:59:59-00:00,2023-05-05T00:00:00,2030-12-31T23:59:59
AS_SP15,SYCCYN4G_7_B1,AS_SP15,,2023-05-05T07:00:00-00:00,2031-01-01T07:59:59-00:00,2023-05-05T00:00:00,2030-12-31T23:59:59
AS_SP15,T0239_7_N002,AS_SP15,,2025-05-13T07:00:00-00:00,2031-01-01T07:59:59-00:00,2025-05-13T00:00:00,2030-12-31T23:59:59
AS_SP15,T0304_7_N003,AS_SP15,,2025-05-13T07:00:00-00:00,2031-01-01T07:59:59-00:00,2025-05-13T00:00:00,2030-12-31T23:59:59
AS_SP15,TAFT1_1_B1,AS_SP15,,2017-08-17T07:00:00-00:00,2031-01-01T07:59:59-00:00,2017-08-17T00:00:00,2030-12-31T23:59:59
AS_SP15,TAFT1_1_N001,AS_SP15,,2009-03-31T07:00:00-00:00,2031-01-01T07:59:59-00:00,2009-03-31T00:00:00,2030-12-31T23:59:59
AS_SP15,TAFT1_1_N004,AS_SP15,,2009-03-31T07:00:00-00:00,2031-01-01T07:59:59-00:00,2009-03-31T00:00:00,2030-12-31T23:59:59
AS_SP15,TAFTA_J_6_B1,AS_SP15,,2017-08-17T07:00:00-00:00,2031-01-01T07:59:59-00:00,2017-08-17T00:00:00,2030-12-31T23:59:59
AS_SP15,TAFT_6_B1,AS_SP15,,2017-10-10T07:00:00-00:00,2031-01-01T07:59:59-00:00,2017-10-10T00:00:00,2030-12-31T23:59:59
AS_SP15,TAMARISK_1_N001,AS_SP15,,2009-03-31T07:00:00-00:00,2031-01-01T07:59:59-00:00,2009-03-31T00:00:00,2030-12-31T23:59:59
AS_SP15,TAMARISK_1_N003,AS_SP15,,2018-08-23T07:00:00-00:00,2031-01-01T07:59:59-00:00,2018-08-23T00:00:00,2030-12-31T23:59:59
AS_SP15,TANKER_1_N001,AS_SP15,,2019-02-21T08:00:00-00:00,2031-01-01T07:59:59-00:00,2019-02-21T00:00:00,2030-12-31T23:59:59
AS_SP15,TAP710_1_N004,AS_SP15,,2025-02-12T08:00:00-00:00,2031-01-01T07:59:59-00:00,2025-02-12T00:00:00,2030-12-31T23:59:59
AS_SP15,TAP801_1_N001,AS_SP15,,2009-03-31T07:00:00-00:00,2031-01-01T07:59:59-00:00,2009-03-31T00:00:00,2030-12-31T23:59:59
AS_SP15,TAP801_1_N003,AS_SP15,,2013-11-21T08:00:00-00:00,2031-01-01T07:59:59-00:00,2013-11-21T00:00:00,2030-12-31T23:59:59
AS_SP15,TAP807_1_N001,AS_SP15,,2018-08-23T07:00:00-00:00,2031-01-01T07:59:59-00:00,2018-08-23T00:00:00,2030-12-31T23:59:59
AS_SP15,TAPSKRN_6_B1,AS_SP15,,2017-08-17T07:00:00-00:00,2031-01-01T07:59:59-00:00,2017-08-17T00:00:00,2030-12-31T23:59:59
AS_SP15,TDMCTG1_7_B1,AS_SP15,,2009-03-31T07:00:00-00:00,2031-01-01T07:59:59-00:00,2009-03-31T00:00:00,2030-12-31T23:59:59
AS_SP15,TDMCTG1_7_N002,AS_SP15,,2009-03-31T07:00:00-00:00,2031-01-01T07:59:59-00:00,2009-03-31T00:00:00,2030-12-31T23:59:59
AS_SP15,TDMCTG2_7_B1,AS_SP15,,2009-03-31T07:00:00-00:00,2031-01-01T07:59:59-00:00,2009-03-31T00:00:00,2030-12-31T23:59:59
AS_SP15,TDMCTG2_7_N002,AS_SP15,,2009-03-31T07:00:00-00:00,2031-01-01T07:59:59-00:00,2009-03-31T00:00:00,2030-12-31T23:59:59
AS_SP15,TDMSTG_7_B1,AS_SP15,,2009-03-31T07:00:00-00:00,2031-01-01T07:59:59-00:00,2009-03-31T00:00:00,2030-12-31T23:59:59
AS_SP15,TDMSTG_7_N002,AS_SP15,,2009-03-31T07:00:00-00:00,2031-01-01T07:59:59-00:00,2009-03-31T00:00:00,2030-12-31T23:59:59
AS_SP15,TECUYA_6_N001,AS_SP15,,2017-11-16T08:00:00-00:00,2031-01-01T07:59:59-00:00,2017-11-16T00:00:00,2030-12-31T23:59:59
AS_SP15,TEDDYGN4_7_N004,AS_SP15,,2025-05-13T07:00:00-00:00,2031-01-01T07:59:59-00:00,2025-05-13T00:00:00,2030-12-31T23:59:59
AS_SP15,TEDDYGN4_7_N005,AS_SP15,,2025-05-13T07:00:00-00:00,2031-01-01T07:59:59-00:00,2025-05-13T00:00:00,2030-12-31T23:59:59
AS_SP15,TEHAPI1_6_N003,AS_SP15,,2025-05-13T07:00:00-00:00,2031-01-01T07:59:59-00:00,2025-05-13T00:00:00,2030-12-31T23:59:59
AS_SP15,TEHAPI1_6_N004,AS_SP15,,2025-05-13T07:00:00-00:00,2031-01-01T07:59:59-00:00,2025-05-13T00:00:00,2030-12-31T23:59:59
AS_SP15,TEJON_6_N001,AS_SP15,,2017-11-16T08:00:00-00:00,2031-01-01T07:59:59-00:00,2017-11-16T00:00:00,2030-12-31T23:59:59
AS_SP15,TEJON_6_N014,AS_SP15,,2017-11-16T08:00:00-00:00,2031-01-01T07:59:59-00:00,2017-11-16T00:00:00,2030-12-31T23:59:59
AS_SP15,TELECYN_1_N001,AS_SP15,,2009-03-31T07:00:00-00:00,2031-01-01T07:59:59-00:00,2009-03-31T00:00:00,2030-12-31T23:59:59
AS_SP15,TELECYN_1_N006,AS_SP15,,2009-03-31T07:00:00-00:00,2031-01-01T07:59:59-00:00,2009-03-31T00:00:00,2030-12-31T23:59:59
AS_SP15,TELECYN_1_N014,AS_SP15,,2009-03-31T07:00:00-00:00,2031-01-01T07:59:59-00:00,2009-03-31T00:00:00,2030-12-31T23:59:59
AS_SP15,TELECYN_1_N025,AS_SP15,,2013-07-18T07:00:00-00:00,2031-01-01T07:59:59-00:00,2013-07-18T00:00:00,2030-12-31T23:59:59
AS_SP15,TEMBLOR_1_N003,AS_SP15,,2009-03-31T07:00:00-00:00,2031-01-01T07:59:59-00:00,2009-03-31T00:00:00,2030-12-31T23:59:59
AS_SP15,TEMBLOR_1_N004,AS_SP15,,2009-03-31T07:00:00-00:00,2031-01-01T07:59:59-00:00,2009-03-31T00:00:00,2030-12-31T23:59:59
AS_SP15,TEMPLE21_7_N001,AS_SP15,,2013-11-21T08:00:00-00:00,2031-01-01T07:59:59-00:00,2013-11-21T00:00:00,2030-12-31T23:59:59
AS_SP15,TEMPLE21_7_N002,AS_SP15,,2025-05-13T07:00:00-00:00,2031-01-01T07:59:59-00:00,2025-05-13T00:00:00,2030-12-31T23:59:59
AS_SP15,TEMPLETN_2_N008,AS_SP15,,2009-03-31T07:00:00-00:00,2031-01-01T07:59:59-00:00,2009-03-31T00:00:00,2030-12-31T23:59:59
AS_SP15,TENGEN_2_PL1X2-APND,AS_SP15,,2010-02-25T08:00:00-00:00,2031-01-01T07:59:59-00:00,2010-02-25T00:00:00,2030-12-31T23:59:59
AS_SP15,TENNGEN1_7_B1,AS_SP15,,2023-05-05T07:00:00-00:00,2031-01-01T07:59:59-00:00,2023-05-05T00:00:00,2030-12-31T23:59:59
AS_SP15,TENNGEN2_7_B1,AS_SP15,,2023-05-05T07:00:00-00:00,2031-01-01T07:59:59-00:00,2023-05-05T00:00:00,2030-12-31T23:59:59
AS_SP15,TERAWND_1_N001,AS_SP15,,2009-03-31T07:00:00-00:00,2031-01-01T07:59:59-00:00,2009-03-31T00:00:00,2030-12-31T23:59:59
AS_SP15,TERMEX_2_PL1X3-APND,AS_SP15,,2009-03-31T07:00:00-00:00,2031-01-01T07:59:59-00:00,2009-03-31T00:00:00,2030-12-31T23:59:59
AS_SP15,TEVIS_1_N001,AS_SP15,,2009-03-31T07:00:00-00:00,2031-01-01T07:59:59-00:00,2009-03-31T00:00:00,2030-12-31T23:59:59
AS_SP15,TEVIS_1_N003,AS_SP15,,2009-03-31T07:00:00-00:00,2031-01-01T07:59:59-00:00,2009-03-31T00:00:00,2030-12-31T23:59:59
AS_SP15,TEXCONM_1_B1,AS_SP15,,2017-08-17T07:00:00-00:00,2031-01-01T07:59:59-00:00,2017-08-17T00:00:00,2030-12-31T23:59:59
AS_SP15,TEXMCKT_1_N101,AS_SP15,,2023-05-05T07:00:00-00:00,2031-01-01T07:59:59-00:00,2023-05-05T00:00:00,2030-12-31T23:59:59
AS_SP15,TEXSUN1G_7_B2,AS_SP15,,2009-03-31T07:00:00-00:00,2031-01-01T07:59:59-00:00,2009-03-31T00:00:00,2030-12-31T23:59:59
AS_SP15,TEXSUN1G_7_N001,AS_SP15,,2009-03-31T07:00:00-00:00,2031-01-01T07:59:59-00:00,2009-03-31T00:00:00,2030-12-31T23:59:59
AS_SP15,TEXSUN2G_7_B2,AS_SP15,,2009-03-31T07:00:00-00:00,2031-01-01T07:59:59-00:00,2009-03-31T00:00:00,2030-12-31T23:59:59
AS_SP15,TEXSUN2G_7_N001,AS_SP15,,2009-03-31T07:00:00-00:00,2031-01-01T07:59:59-00:00,2009-03-31T00:00:00,2030-12-31T23:59:59
AS_SP15,THORNHIL_1_N001,AS_SP15,,2009-03-31T07:00:00-00:00,2031-01-01T07:59:59-00:00,2009-03-31T00:00:00,2030-12-31T23:59:59
AS_SP15,THSNDAIR_1_N001,AS_SP15,,2013-01-03T08:00:00-00:00,2031-01-01T07:59:59-00:00,2013-01-03T00:00:00,2030-12-31T23:59:59
AS_SP15,THSNDAIR_1_N009,AS_SP15,,2022-06-15T07:00:00-00:00,2031-01-01T07:59:59-00:00,2022-06-15T00:00:00,2030-12-31T23:59:59
AS_SP15,TLRELKE_6_N001,AS_SP15,,2022-01-14T08:00:00-00:00,2031-01-01T07:59:59-00:00,2022-01-14T00:00:00,2030-12-31T23:59:59
AS_SP15,TLRELKE_7_N016,AS_SP15,,2025-02-12T08:00:00-00:00,2031-01-01T07:59:59-00:00,2025-02-12T00:00:00,2030-12-31T23:59:59
AS_SP15,TOPAZC1_7_N021,AS_SP15,,2025-05-13T07:00:00-00:00,2031-01-01T07:59:59-00:00,2025-05-13T00:00:00,2030-12-31T23:59:59
AS_SP15,TOPGUN02_7_N001,AS_SP15,,2025-05-13T07:00:00-00:00,2031-01-01T07:59:59-00:00,2025-05-13T00:00:00,2030-12-31T23:59:59
AS_SP15,TOREYPNS_6_N001,AS_SP15,,2009-03-31T07:00:00-00:00,2031-01-01T07:59:59-00:00,2009-03-31T00:00:00,2030-12-31T23:59:59
AS_SP15,TOREYPNS_6_N007,AS_SP15,,2009-03-31T07:00:00-00:00,2031-01-01T07:59:59-00:00,2009-03-31T00:00:00,2030-12-31T23:59:59
AS_SP15,TOREYPNS_6_N008,AS_SP15,,2009-03-31T07:00:00-00:00,2031-01-01T07:59:59-00:00,2009-03-31T00:00:00,2030-12-31T23:59:59
AS_SP15,TOREYPNS_6_N009,AS_SP15,,2009-03-31T07:00:00-00:00,2031-01-01T07:59:59-00:00,2009-03-31T00:00:00,2030-12-31T23:59:59
AS_SP15,TORNADO_6_N001,AS_SP15,,2017-11-16T08:00:00-00:00,2031-01-01T07:59:59-00:00,2017-11-16T00:00:00,2030-12-31T23:59:59
AS_SP15,TORTILLA_1_B1,AS_SP15,,2017-08-17T07:00:00-00:00,2031-01-01T07:59:59-00:00,2017-08-17T00:00:00,2030-12-31T23:59:59
AS_SP15,TORTILLA_1_LN001,AS_SP15,,2010-02-24T08:00:00-00:00,2031-01-01T07:59:59-00:00,2010-02-24T00:00:00,2030-12-31T23:59:59
AS_SP15,TORTILLA_1_N007,AS_SP15,,2016-08-18T07:00:00-00:00,2031-01-01T07:59:59-00:00,2016-08-18T00:00:00,2030-12-31T23:59:59
AS_SP15,TORTOISE_6_N001,AS_SP15,,2009-03-31T07:00:00-00:00,2031-01-01T07:59:59-00:00,2009-03-31T00:00:00,2030-12-31T23:59:59
AS_SP15,TOT032G1_7_N001,AS_SP15,,2025-05-13T07:00:00-00:00,2031-01-01T07:59:59-00:00,2025-05-13T00:00:00,2030-12-31T23:59:59
AS_SP15,TOT032G2_7_N001,AS_SP15,,2025-05-13T07:00:00-00:00,2031-01-01T07:59:59-00:00,2025-05-13T00:00:00,2030-12-31T23:59:59
AS_SP15,TOT032G3_7_N001,AS_SP15,,2025-05-13T07:00:00-00:00,2031-01-01T07:59:59-00:00,2025-05-13T00:00:00,2030-12-31T23:59:59
AS_SP15,TOT032G4_7_N001,AS_SP15,,2025-05-13T07:00:00-00:00,2031-01-01T07:59:59-00:00,2025-05-13T00:00:00,2030-12-31T23:59:59
AS_SP15,TOT032G5_7_N001,AS_SP15,,2025-05-13T07:00:00-00:00,2031-01-01T07:59:59-00:00,2025-05-13T00:00:00,2030-12-31T23:59:59
AS_SP15,TOT032G6_7_N001,AS_SP15,,2025-05-13T07:00:00-00:00,2031-01-01T07:59:59-00:00,2025-05-13T00:00:00,2030-12-31T23:59:59
AS_SP15,TOT032G7_7_N001,AS_SP15,,2025-05-13T07:00:00-00:00,2031-01-01T07:59:59-00:00,2025-05-13T00:00:00,2030-12-31T23:59:59
AS_SP15,TOT032G8_7_N001,AS_SP15,,2025-05-13T07:00:00-00:00,2031-01-01T07:59:59-00:00,2025-05-13T00:00:00,2030-12-31T23:59:59
AS_SP15,TOT032_2_N001,AS_SP15,,2012-10-11T07:00:00-00:00,2031-01-01T07:59:59-00:00,2012-10-11T00:00:00,2030-12-31T23:59:59
AS_SP15,TOT032_2_N002,AS_SP15,,2012-10-11T07:00:00-00:00,2031-01-01T07:59:59-00:00,2012-10-11T00:00:00,2030-12-31T23:59:59
AS_SP15,TOT135G1_7_N001,AS_SP15,,2025-05-13T07:00:00-00:00,2031-01-01T07:59:59-00:00,2025-05-13T00:00:00,2030-12-31T23:59:59
AS_SP15,TOT135G2_7_N001,AS_SP15,,2025-05-13T07:00:00-00:00,2031-01-01T07:59:59-00:00,2025-05-13T00:00:00,2030-12-31T23:59:59
AS_SP15,TOT135G3_7_N001,AS_SP15,,2025-05-13T07:00:00-00:00,2031-01-01T07:59:59-00:00,2025-05-13T00:00:00,2030-12-31T23:59:59
AS_SP15,TOT135G4_7_N001,AS_SP15,,2025-05-13T07:00:00-00:00,2031-01-01T07:59:59-00:00,2025-05-13T00:00:00,2030-12-31T23:59:59
AS_SP15,TOT135G5_7_N001,AS_SP15,,2025-05-13T07:00:00-00:00,2031-01-01T07:59:59-00:00,2025-05-13T00:00:00,2030-12-31T23:59:59
AS_SP15,TOT135_2_N001,AS_SP15,,2013-01-03T08:00:00-00:00,2031-01-01T07:59:59-00:00,2013-01-03T00:00:00,2030-12-31T23:59:59
AS_SP15,TOT135_2_N002,AS_SP15,,2012-08-16T07:00:00-00:00,2031-01-01T07:59:59-00:00,2012-08-16T00:00:00,2030-12-31T23:59:59
AS_SP15,TOT148A_7_N001,AS_SP15,,2025-05-13T07:00:00-00:00,2031-01-01T07:59:59-00:00,2025-05-13T00:00:00,2030-12-31T23:59:59
AS_SP15,TOT162E1_6_GN001,AS_SP15,,2023-05-05T07:00:00-00:00,2031-01-01T07:59:59-00:00,2023-05-05T00:00:00,2030-12-31T23:59:59
AS_SP15,TOT162E2_6_GN001,AS_SP15,,2023-05-05T07:00:00-00:00,2031-01-01T07:59:59-00:00,2023-05-05T00:00:00,2030-12-31T23:59:59
AS_SP15,TOT162E3_7_N007,AS_SP15,,2025-05-13T07:00:00-00:00,2031-01-01T07:59:59-00:00,2025-05-13T00:00:00,2030-12-31T23:59:59
AS_SP15,TOT162W1_6_GN001,AS_SP15,,2023-05-05T07:00:00-00:00,2031-01-01T07:59:59-00:00,2023-05-05T00:00:00,2030-12-31T23:59:59
AS_SP15,TOT162W2_6_GN001,AS_SP15,,2023-05-05T07:00:00-00:00,2031-01-01T07:59:59-00:00,2023-05-05T00:00:00,2030-12-31T23:59:59
AS_SP15,TOT162W3_6_GN001,AS_SP15,,2023-05-05T07:00:00-00:00,2031-01-01T07:59:59-00:00,2023-05-05T00:00:00,2030-12-31T23:59:59
AS_SP15,TOT162W4_7_N001,AS_SP15,,2025-05-13T07:00:00-00:00,2031-01-01T07:59:59-00:00,2025-05-13T00:00:00,2030-12-31T23:59:59
AS_SP15,TOT179A_7_N001,AS_SP15,,2025-05-13T07:00:00-00:00,2031-01-01T07:59:59-00:00,2025-05-13T00:00:00,2030-12-31T23:59:59
AS_SP15,TOT180_7_N001,AS_SP15,,2012-10-11T07:00:00-00:00,2031-01-01T07:59:59-00:00,2012-10-11T00:00:00,2030-12-31T23:59:59
AS_SP15,TOT180_7_N002,AS_SP15,,2023-05-05T07:00:00-00:00,2031-01-01T07:59:59-00:00,2023-05-05T00:00:00,2030-12-31T23:59:59
AS_SP15,TOT198L_7_N005,AS_SP15,,2013-05-09T07:00:00-00:00,2031-01-01T07:59:59-00:00,2013-05-09T00:00:00,2030-12-31T23:59:59
AS_SP15,TOT198L_7_N006,AS_SP15,,2013-05-09T07:00:00-00:00,2031-01-01T07:59:59-00:00,2013-05-09T00:00:00,2030-12-31T23:59:59
AS_SP15,TOT199L_7_N005,AS_SP15,,2013-05-09T07:00:00-00:00,2031-01-01T07:59:59-00:00,2013-05-09T00:00:00,2030-12-31T23:59:59
AS_SP15,TOT199L_7_N006,AS_SP15,,2013-05-09T07:00:00-00:00,2031-01-01T07:59:59-00:00,2013-05-09T00:00:00,2030-12-31T23:59:59
AS_SP15,TOT210S1_7_N001,AS_SP15,,2013-02-28T08:00:00-00:00,2031-01-01T07:59:59-00:00,2013-02-28T00:00:00,2030-12-31T23:59:59
AS_SP15,TOT210S1_7_N002,AS_SP15,,2013-02-28T08:00:00-00:00,2031-01-01T07:59:59-00:00,2013-02-28T00:00:00,2030-12-31T23:59:59
AS_SP15,TOT211A_7_N001,AS_SP15,,2015-04-23T07:00:00-00:00,2031-01-01T07:59:59-00:00,2015-04-23T00:00:00,2030-12-31T23:59:59
AS_SP15,TOT211B_7_N001,AS_SP15,,2015-04-23T07:00:00-00:00,2031-01-01T07:59:59-00:00,2015-04-23T00:00:00,2030-12-31T23:59:59
AS_SP15,TOT223G_7_N006,AS_SP15,,2015-01-15T08:00:00-00:00,2031-01-01T07:59:59-00:00,2015-01-15T00:00:00,2030-12-31T23:59:59
AS_SP15,TOT223G_7_N007,AS_SP15,,2015-01-15T08:00:00-00:00,2031-01-01T07:59:59-00:00,2015-01-15T00:00:00,2030-12-31T23:59:59
AS_SP15,TOT223G_7_NT1A,AS_SP15,,2023-05-05T07:00:00-00:00,2031-01-01T07:59:59-00:00,2023-05-05T00:00:00,2030-12-31T23:59:59
AS_SP15,TOT223G_7_NT1B,AS_SP15,,2023-05-05T07:00:00-00:00,2031-01-01T07:59:59-00:00,2023-05-05T00:00:00,2030-12-31T23:59:59
AS_SP15,TOT223L1_7_N001,AS_SP15,,2013-07-18T07:00:00-00:00,2031-01-01T07:59:59-00:00,2013-07-18T00:00:00,2030-12-31T23:59:59
AS_SP15,TOT223L1_7_N002,AS_SP15,,2023-05-05T07:00:00-00:00,2031-01-01T07:59:59-00:00,2023-05-05T00:00:00,2030-12-31T23:59:59
AS_SP15,TOT223L2_7_N001,AS_SP15,,2023-05-05T07:00:00-00:00,2031-01-01T07:59:59-00:00,2023-05-05T00:00:00,2030-12-31T23:59:59
AS_SP15,TOT223L2_7_N002,AS_SP15,,2013-07-18T07:00:00-00:00,2031-01-01T07:59:59-00:00,2013-07-18T00:00:00,2030-12-31T23:59:59
AS_SP15,TOT242GN_7_N001,AS_SP15,,2013-05-09T07:00:00-00:00,2031-01-01T07:59:59-00:00,2013-05-09T00:00:00,2030-12-31T23:59:59
AS_SP15,TOT242GN_7_N002,AS_SP15,,2023-05-05T07:00:00-00:00,2031-01-01T07:59:59-00:00,2023-05-05T00:00:00,2030-12-31T23:59:59
AS_SP15,TOT381A_7_N001,AS_SP15,,2015-04-23T07:00:00-00:00,2031-01-01T07:59:59-00:00,2015-04-23T00:00:00,2030-12-31T23:59:59
AS_SP15,TOT381B_7_N001,AS_SP15,,2015-04-23T07:00:00-00:00,2031-01-01T07:59:59-00:00,2015-04-23T00:00:00,2030-12-31T23:59:59
AS_SP15,TOT381_C_7_N001,AS_SP15,,2025-05-13T07:00:00-00:00,2031-01-01T07:59:59-00:00,2025-05-13T00:00:00,2030-12-31T23:59:59
AS_SP15,TOT427A_7_N001,AS_SP15,,2025-05-13T07:00:00-00:00,2031-01-01T07:59:59-00:00,2025-05-13T00:00:00,2030-12-31T23:59:59
AS_SP15,TOT544L_7_N001,AS_SP15,,2015-10-22T07:00:00-00:00,2031-01-01T07:59:59-00:00,2015-10-22T00:00:00,2030-12-31T23:59:59
AS_SP15,TOT545L_7_N001,AS_SP15,,2015-10-22T07:00:00-00:00,2031-01-01T07:59:59-00:00,2015-10-22T00:00:00,2030-12-31T23:59:59
AS_SP15,TRABUCO_1_N001,AS_SP15,,2009-03-31T07:00:00-00:00,2031-01-01T07:59:59-00:00,2009-03-31T00:00:00,2030-12-31T23:59:59
AS_SP15,TRABUCO_1_N005,AS_SP15,,2009-03-31T07:00:00-00:00,2031-01-01T07:59:59-00:00,2009-03-31T00:00:00,2030-12-31T23:59:59
AS_SP15,TRABUCO_1_N009,AS_SP15,,2009-03-31T07:00:00-00:00,2031-01-01T07:59:59-00:00,2009-03-31T00:00:00,2030-12-31T23:59:59
AS_SP15,TRABUCO_1_N013,AS_SP15,,2009-03-31T07:00:00-00:00,2031-01-01T07:59:59-00:00,2009-03-31T00:00:00,2030-12-31T23:59:59
AS_SP15,TRANWND_1_N001,AS_SP15,,2009-03-31T07:00:00-00:00,2031-01-01T07:59:59-00:00,2009-03-31T00:00:00,2030-12-31T23:59:59
AS_SP15,TULARE60_6_N001,AS_SP15,,2025-05-13T07:00:00-00:00,2031-01-01T07:59:59-00:00,2025-05-13T00:00:00,2030-12-31T23:59:59
AS_SP15,TULARE60_6_N003,AS_SP15,,2025-05-13T07:00:00-00:00,2031-01-01T07:59:59-00:00,2025-05-13T00:00:00,2030-12-31T23:59:59
AS_SP15,TULARE60_7_CN2,AS_SP15,,2025-05-13T07:00:00-00:00,2031-01-01T07:59:59-00:00,2025-05-13T00:00:00,2030-12-31T23:59:59
AS_SP15,TULEWC1_7_N001,AS_SP15,,2017-05-18T07:00:00-00:00,2031-01-01T07:59:59-00:00,2017-05-18T00:00:00,2030-12-31T23:59:59
AS_SP15,TULRLK_7_N015,AS_SP15,,2025-05-13T07:00:00-00:00,2031-01-01T07:59:59-00:00,2025-05-13T00:00:00,2030-12-31T23:59:59
AS_SP15,TUMBWD_7_N002,AS_SP15,,2025-05-13T07:00:00-00:00,2031-01-01T07:59:59-00:00,2025-05-13T00:00:00,2030-12-31T23:59:59
AS_SP15,TUMBWD_7_N003,AS_SP15,,2025-05-13T07:00:00-00:00,2031-01-01T07:59:59-00:00,2025-05-13T00:00:00,2030-12-31T23:59:59
AS_SP15,TUPMAN_1_LN001,AS_SP15,,2017-08-17T07:00:00-00:00,2031-01-01T07:59:59-00:00,2017-08-17T00:00:00,2030-12-31T23:59:59
AS_SP15,TUPMAN_1_N101,AS_SP15,,2009-03-31T07:00:00-00:00,2031-01-01T07:59:59-00:00,2009-03-31T00:00:00,2030-12-31T23:59:59
AS_SP15,TUPMAN_1_N102,AS_SP15,,2025-05-13T07:00:00-00:00,2031-01-01T07:59:59-00:00,2025-05-13T00:00:00,2030-12-31T23:59:59
AS_SP15,TWILGHTL_7_N001,AS_SP15,,2013-09-19T07:00:00-00:00,2031-01-01T07:59:59-00:00,2013-09-19T00:00:00,2030-12-31T23:59:59
AS_SP15,TWINKL_2_ASCBTA-APND,AS_SP15,,2025-09-02T07:00:00-00:00,2031-01-01T07:59:59-00:00,2025-09-02T00:00:00,2030-12-31T23:59:59
AS_SP15,TWINKL_2_ASCSRA-APND,AS_SP15,,2025-09-02T07:00:00-00:00,2031-01-01T07:59:59-00:00,2025-09-02T00:00:00,2030-12-31T23:59:59
AS_SP15,TWINKL_7_N002,AS_SP15,,2024-12-18T08:00:00-00:00,2031-01-01T07:59:59-00:00,2024-12-18T00:00:00,2030-12-31T23:59:59
AS_SP15,TWINKL_7_N003,AS_SP15,,2024-12-18T08:00:00-00:00,2031-01-01T07:59:59-00:00,2024-12-18T00:00:00,2030-12-31T23:59:59
AS_SP15,TWINKL_7_N004,AS_SP15,,2024-12-18T08:00:00-00:00,2031-01-01T07:59:59-00:00,2024-12-18T00:00:00,2030-12-31T23:59:59
AS_SP15,TWINKL_7_N005,AS_SP15,,2024-12-18T08:00:00-00:00,2031-01-01T07:59:59-00:00,2024-12-18T00:00:00,2030-12-31T23:59:59
AS_SP15,TWINKL_7_N006,AS_SP15,,2024-12-18T08:00:00-00:00,2031-01-01T07:59:59-00:00,2024-12-18T00:00:00,2030-12-31T23:59:59
AS_SP15,TWINKL_7_N007,AS_SP15,,2024-12-18T08:00:00-00:00,2031-01-01T07:59:59-00:00,2024-12-18T00:00:00,2030-12-31T23:59:59
AS_SP15,TWISSLMN_6_N005,AS_SP15,,2025-05-13T07:00:00-00:00,2031-01-01T07:59:59-00:00,2025-05-13T00:00:00,2030-12-31T23:59:59
AS_SP15,TXBVHL_6_N001,AS_SP15,,2009-03-31T07:00:00-00:00,2031-01-01T07:59:59-00:00,2009-03-31T00:00:00,2030-12-31T23:59:59
AS_SP15,TXMIDST_7_N001,AS_SP15,,2009-06-25T07:00:00-00:00,2031-01-01T07:59:59-00:00,2009-06-25T00:00:00,2030-12-31T23:59:59
AS_SP15,TXROSDL_1_N001,AS_SP15,,2017-11-16T08:00:00-00:00,2031-01-01T07:59:59-00:00,2017-11-16T00:00:00,2030-12-31T23:59:59
AS_SP15,TXROSDL_1_N002,AS_SP15,,2017-11-16T08:00:00-00:00,2031-01-01T07:59:59-00:00,2017-11-16T00:00:00,2030-12-31T23:59:59
AS_SP15,UCM_6_N001,AS_SP15,,2009-03-31T07:00:00-00:00,2031-01-01T07:59:59-00:00,2009-03-31T00:00:00,2030-12-31T23:59:59
AS_SP15,UCM_6_N002,AS_SP15,,2009-03-31T07:00:00-00:00,2031-01-01T07:59:59-00:00,2009-03-31T00:00:00,2030-12-31T23:59:59
AS_SP15,UCM_6_N006,AS_SP15,,2009-03-31T07:00:00-00:00,2031-01-01T07:59:59-00:00,2009-03-31T00:00:00,2030-12-31T23:59:59
AS_SP15,UCM_6_N110,AS_SP15,,2012-06-14T07:00:00-00:00,2031-01-01T07:59:59-00:00,2012-06-14T00:00:00,2030-12-31T23:59:59
AS_SP15,ULTRAOGL_7_N001,AS_SP15,,2009-12-17T08:00:00-00:00,2031-01-01T07:59:59-00:00,2009-12-17T00:00:00,2030-12-31T23:59:59
AS_SP15,ULT_OGLE_1_B1,AS_SP15,,2017-08-17T07:00:00-00:00,2031-01-01T07:59:59-00:00,2017-08-17T00:00:00,2030-12-31T23:59:59
AS_SP15,UNIT5GT_7_N001,AS_SP15,,2023-05-05T07:00:00-00:00,2031-01-01T07:59:59-00:00,2023-05-05T00:00:00,2030-12-31T23:59:59
AS_SP15,UNIT6ST_7_N001,AS_SP15,,2023-05-05T07:00:00-00:00,2031-01-01T07:59:59-00:00,2023-05-05T00:00:00,2030-12-31T23:59:59
AS_SP15,UNIT7GT_7_N001,AS_SP15,,2012-06-14T07:00:00-00:00,2031-01-01T07:59:59-00:00,2012-06-14T00:00:00,2030-12-31T23:59:59
AS_SP15,UNIT8ST_7_N001,AS_SP15,,2012-06-14T07:00:00-00:00,2031-01-01T07:59:59-00:00,2012-06-14T00:00:00,2030-12-31T23:59:59
AS_SP15,UNIVRSTY_7_B1,AS_SP15,,2023-05-05T07:00:00-00:00,2031-01-01T07:59:59-00:00,2023-05-05T00:00:00,2030-12-31T23:59:59
AS_SP15,URBAN_6_N001,AS_SP15,,2009-03-31T07:00:00-00:00,2031-01-01T07:59:59-00:00,2009-03-31T00:00:00,2030-12-31T23:59:59
AS_SP15,URBAN_6_N005,AS_SP15,,2009-03-31T07:00:00-00:00,2031-01-01T07:59:59-00:00,2009-03-31T00:00:00,2030-12-31T23:59:59
AS_SP15,URBAN_6_N009,AS_SP15,,2009-03-31T07:00:00-00:00,2031-01-01T07:59:59-00:00,2009-03-31T00:00:00,2030-12-31T23:59:59
AS_SP15,USNSSPT1_6_N001,AS_SP15,,2009-03-31T07:00:00-00:00,2031-01-01T07:59:59-00:00,2009-03-31T00:00:00,2030-12-31T23:59:59
AS_SP15,USNSSPT2_6_N001,AS_SP15,,2009-03-31T07:00:00-00:00,2031-01-01T07:59:59-00:00,2009-03-31T00:00:00,2030-12-31T23:59:59
AS_SP15,VALCNTR_6_N001,AS_SP15,,2013-11-21T08:00:00-00:00,2031-01-01T07:59:59-00:00,2013-11-21T00:00:00,2030-12-31T23:59:59
AS_SP15,VALLEYSC_1_N001,AS_SP15,,2009-03-31T07:00:00-00:00,2031-01-01T07:59:59-00:00,2009-03-31T00:00:00,2030-12-31T23:59:59
AS_SP15,VALLEYSC_1_N013,AS_SP15,,2009-03-31T07:00:00-00:00,2031-01-01T07:59:59-00:00,2009-03-31T00:00:00,2030-12-31T23:59:59
AS_SP15,VALLEYSC_1_N023,AS_SP15,,2018-08-23T07:00:00-00:00,2031-01-01T07:59:59-00:00,2018-08-23T00:00:00,2030-12-31T23:59:59
AS_SP15,VALLEYSC_1_N026,AS_SP15,,2018-08-23T07:00:00-00:00,2031-01-01T07:59:59-00:00,2018-08-23T00:00:00,2030-12-31T23:59:59
AS_SP15,VALLEYSC_1_N027,AS_SP15,,2018-08-23T07:00:00-00:00,2031-01-01T07:59:59-00:00,2018-08-23T00:00:00,2030-12-31T23:59:59
AS_SP15,VALLEYSC_1_N029,AS_SP15,,2019-05-23T07:00:00-00:00,2031-01-01T07:59:59-00:00,2019-05-23T00:00:00,2030-12-31T23:59:59
AS_SP15,VALLEYSC_1_N030,AS_SP15,,2018-08-23T07:00:00-00:00,2031-01-01T07:59:59-00:00,2018-08-23T00:00:00,2030-12-31T23:59:59
AS_SP15,VALLEYSC_1_N031,AS_SP15,,2018-08-23T07:00:00-00:00,2031-01-01T07:59:59-00:00,2018-08-23T00:00:00,2030-12-31T23:59:59
AS_SP15,VALLEYSC_1_N038,AS_SP15,,2025-05-13T07:00:00-00:00,2031-01-01T07:59:59-00:00,2025-05-13T00:00:00,2030-12-31T23:59:59
AS_SP15,VALLEYSC_1_N101,AS_SP15,,2025-05-13T07:00:00-00:00,2031-01-01T07:59:59-00:00,2025-05-13T00:00:00,2030-12-31T23:59:59
AS_SP15,VALLEYSC_1_N102,AS_SP15,,2025-05-13T07:00:00-00:00,2031-01-01T07:59:59-00:00,2025-05-13T00:00:00,2030-12-31T23:59:59
AS_SP15,VALLEYSC_1_N107,AS_SP15,,2009-03-31T07:00:00-00:00,2031-01-01T07:59:59-00:00,2009-03-31T00:00:00,2030-12-31T23:59:59
AS_SP15,VALLEYSC_1_N108,AS_SP15,,2025-05-13T07:00:00-00:00,2031-01-01T07:59:59-00:00,2025-05-13T00:00:00,2030-12-31T23:59:59
AS_SP15,VALLEYSC_1_N216,AS_SP15,,2018-08-23T07:00:00-00:00,2031-01-01T07:59:59-00:00,2018-08-23T00:00:00,2030-12-31T23:59:59
AS_SP15,VALLEYSC_1_N217,AS_SP15,,2018-08-23T07:00:00-00:00,2031-01-01T07:59:59-00:00,2018-08-23T00:00:00,2030-12-31T23:59:59
AS_SP15,VALLEYSC_1_N218,AS_SP15,,2018-08-23T07:00:00-00:00,2031-01-01T07:59:59-00:00,2018-08-23T00:00:00,2030-12-31T23:59:59
AS_SP15,VALLEYSC_1_N219,AS_SP15,,2018-08-23T07:00:00-00:00,2031-01-01T07:59:59-00:00,2018-08-23T00:00:00,2030-12-31T23:59:59
AS_SP15,VALLEYSC_1_N220,AS_SP15,,2018-08-23T07:00:00-00:00,2031-01-01T07:59:59-00:00,2018-08-23T00:00:00,2030-12-31T23:59:59
AS_SP15,VALLEYSC_1_N221,AS_SP15,,2018-08-23T07:00:00-00:00,2031-01-01T07:59:59-00:00,2018-08-23T00:00:00,2030-12-31T23:59:59
AS_SP15,VALLEYSC_1_N230,AS_SP15,,2023-01-12T08:00:00-00:00,2031-01-01T07:59:59-00:00,2023-01-12T00:00:00,2030-12-31T23:59:59
AS_SP15,VALLEYSC_1_NBT1,AS_SP15,,2025-06-12T07:00:00-00:00,2031-01-01T07:59:59-00:00,2025-06-12T00:00:00,2030-12-31T23:59:59
AS_SP15,VALLEYSC_5_B1,AS_SP15,,2017-08-17T07:00:00-00:00,2031-01-01T07:59:59-00:00,2017-08-17T00:00:00,2030-12-31T23:59:59
AS_SP15,VALLEYSC_5_N047,AS_SP15,,2009-06-25T07:00:00-00:00,2031-01-01T07:59:59-00:00,2009-06-25T00:00:00,2030-12-31T23:59:59
AS_SP15,VALLEYVE_1_B1,AS_SP15,,2019-10-01T07:00:00-00:00,2031-01-01T07:59:59-00:00,2019-10-01T00:00:00,2030-12-31T23:59:59
AS_SP15,VALLEYVE_1_N001,AS_SP15,,2013-01-03T08:00:00-00:00,2031-01-01T07:59:59-00:00,2013-01-03T00:00:00,2030-12-31T23:59:59
AS_SP15,VALLEYVE_1_N002,AS_SP15,,2013-01-03T08:00:00-00:00,2031-01-01T07:59:59-00:00,2013-01-03T00:00:00,2030-12-31T23:59:59
AS_SP15,VALPREDO_6_N001,AS_SP15,,2017-11-16T08:00:00-00:00,2031-01-01T07:59:59-00:00,2017-11-16T00:00:00,2030-12-31T23:59:59
AS_SP15,VALTNE34_7_N004,AS_SP15,,2025-05-13T07:00:00-00:00,2031-01-01T07:59:59-00:00,2025-05-13T00:00:00,2030-12-31T23:59:59
AS_SP15,VALTNE34_7_N005,AS_SP15,,2025-05-13T07:00:00-00:00,2031-01-01T07:59:59-00:00,2025-05-13T00:00:00,2030-12-31T23:59:59
AS_SP15,VALTNE34_7_N006,AS_SP15,,2025-05-13T07:00:00-00:00,2031-01-01T07:59:59-00:00,2025-05-13T00:00:00,2030-12-31T23:59:59
AS_SP15,VALTNE34_7_N007,AS_SP15,,2025-05-13T07:00:00-00:00,2031-01-01T07:59:59-00:00,2025-05-13T00:00:00,2030-12-31T23:59:59
AS_SP15,VALTNEGN_7_N001,AS_SP15,,2019-09-19T07:00:00-00:00,2031-01-01T07:59:59-00:00,2019-09-19T00:00:00,2030-12-31T23:59:59
AS_SP15,VALTNEGN_7_N002,AS_SP15,,2025-05-13T07:00:00-00:00,2031-01-01T07:59:59-00:00,2025-05-13T00:00:00,2030-12-31T23:59:59
AS_SP15,VALTNEGN_7_N003,AS_SP15,,2025-05-13T07:00:00-00:00,2031-01-01T07:59:59-00:00,2025-05-13T00:00:00,2030-12-31T23:59:59
AS_SP15,VANDBRG_6_N007,AS_SP15,,2021-08-25T07:00:00-00:00,2031-01-01T07:59:59-00:00,2021-08-25T00:00:00,2030-12-31T23:59:59
AS_SP15,VEAJAF_1_N002,AS_SP15,,2014-11-13T08:00:00-00:00,2031-01-01T07:59:59-00:00,2014-11-13T00:00:00,2030-12-31T23:59:59
AS_SP15,VEDDER_1_N001,AS_SP15,,2009-03-31T07:00:00-00:00,2031-01-01T07:59:59-00:00,2009-03-31T00:00:00,2030-12-31T23:59:59
AS_SP15,VENTSO_7_N2,AS_SP15,,2025-02-12T08:00:00-00:00,2031-01-01T07:59:59-00:00,2025-02-12T00:00:00,2030-12-31T23:59:59
AS_SP15,VENWIND_1_N101,AS_SP15,,2009-03-31T07:00:00-00:00,2031-01-01T07:59:59-00:00,2009-03-31T00:00:00,2030-12-31T23:59:59
AS_SP15,VENWIND_1_N102,AS_SP15,,2015-10-22T07:00:00-00:00,2031-01-01T07:59:59-00:00,2015-10-22T00:00:00,2030-12-31T23:59:59
AS_SP15,VENWIND_1_N103,AS_SP15,,2015-10-22T07:00:00-00:00,2031-01-01T07:59:59-00:00,2015-10-22T00:00:00,2030-12-31T23:59:59
AS_SP15,VENWIND_1_N104,AS_SP15,,2025-05-13T07:00:00-00:00,2031-01-01T07:59:59-00:00,2025-05-13T00:00:00,2030-12-31T23:59:59
AS_SP15,VERNON_6_MALBRG-APND,AS_SP15,,2009-03-31T07:00:00-00:00,2031-01-01T07:59:59-00:00,2009-03-31T00:00:00,2030-12-31T23:59:59
AS_SP15,VERNON_6_N001,AS_SP15,,2009-03-31T07:00:00-00:00,2031-01-01T07:59:59-00:00,2009-03-31T00:00:00,2030-12-31T23:59:59
AS_SP15,VERNON_6_N005,AS_SP15,,2025-05-13T07:00:00-00:00,2031-01-01T07:59:59-00:00,2025-05-13T00:00:00,2030-12-31T23:59:59
AS_SP15,VERNON_6_N006,AS_SP15,,2025-05-13T07:00:00-00:00,2031-01-01T07:59:59-00:00,2025-05-13T00:00:00,2030-12-31T23:59:59
AS_SP15,VESTAL_2_B1,AS_SP15,,2017-08-17T07:00:00-00:00,2031-01-01T07:59:59-00:00,2017-08-17T00:00:00,2030-12-31T23:59:59
AS_SP15,VESTAL_2_KERN-APND,AS_SP15,,2009-03-31T07:00:00-00:00,2031-01-01T07:59:59-00:00,2009-03-31T00:00:00,2030-12-31T23:59:59
AS_SP15,VESTAL_2_N023,AS_SP15,,2013-11-21T08:00:00-00:00,2031-01-01T07:59:59-00:00,2013-11-21T00:00:00,2030-12-31T23:59:59
AS_SP15,VESTAL_6_GN010,AS_SP15,,2025-05-13T07:00:00-00:00,2031-01-01T07:59:59-00:00,2025-05-13T00:00:00,2030-12-31T23:59:59
AS_SP15,VESTAL_6_N001,AS_SP15,,2009-03-31T07:00:00-00:00,2031-01-01T07:59:59-00:00,2009-03-31T00:00:00,2030-12-31T23:59:59
AS_SP15,VESTAL_6_N002,AS_SP15,,2009-03-31T07:00:00-00:00,2031-01-01T07:59:59-00:00,2009-03-31T00:00:00,2030-12-31T23:59:59
AS_SP15,VESTAL_6_N004,AS_SP15,,2009-03-31T07:00:00-00:00,2031-01-01T07:59:59-00:00,2009-03-31T00:00:00,2030-12-31T23:59:59
AS_SP15,VESTAL_6_N006,AS_SP15,,2025-05-13T07:00:00-00:00,2031-01-01T07:59:59-00:00,2025-05-13T00:00:00,2030-12-31T23:59:59
AS_SP15,VESTAL_6_N020,AS_SP15,,2025-05-13T07:00:00-00:00,2031-01-01T07:59:59-00:00,2025-05-13T00:00:00,2030-12-31T23:59:59
AS_SP15,VESTAL_6_N024,AS_SP15,,2025-05-13T07:00:00-00:00,2031-01-01T07:59:59-00:00,2025-05-13T00:00:00,2030-12-31T23:59:59
AS_SP15,VESTAL_6_N025,AS_SP15,,2025-05-13T07:00:00-00:00,2031-01-01T07:59:59-00:00,2025-05-13T00:00:00,2030-12-31T23:59:59
AS_SP15,VESTAL_6_N026,AS_SP15,,2025-05-13T07:00:00-00:00,2031-01-01T07:59:59-00:00,2025-05-13T00:00:00,2030-12-31T23:59:59
AS_SP15,VESTAL_6_N523,AS_SP15,,2025-05-13T07:00:00-00:00,2031-01-01T07:59:59-00:00,2025-05-13T00:00:00,2030-12-31T23:59:59
AS_SP15,VESTAL_6_N524,AS_SP15,,2025-06-12T07:00:00-00:00,2031-01-01T07:59:59-00:00,2025-06-12T00:00:00,2030-12-31T23:59:59
AS_SP15,VICTOR_1_N001,AS_SP15,,2013-09-19T07:00:00-00:00,2031-01-01T07:59:59-00:00,2013-09-19T00:00:00,2030-12-31T23:59:59
AS_SP15,VICTOR_1_N063,AS_SP15,,2009-03-31T07:00:00-00:00,2031-01-01T07:59:59-00:00,2009-03-31T00:00:00,2030-12-31T23:59:59
AS_SP15,VICTOR_1_N134,AS_SP15,,2018-08-23T07:00:00-00:00,2031-01-01T07:59:59-00:00,2018-08-23T00:00:00,2030-12-31T23:59:59
AS_SP15,VICTOR_1_N137,AS_SP15,,2018-08-23T07:00:00-00:00,2031-01-01T07:59:59-00:00,2018-08-23T00:00:00,2030-12-31T23:59:59
AS_SP15,VICTOR_1_N594,AS_SP15,,2016-11-17T08:00:00-00:00,2031-01-01T07:59:59-00:00,2016-11-17T00:00:00,2030-12-31T23:59:59
AS_SP15,VICTOR_1_N595,AS_SP15,,2016-11-17T08:00:00-00:00,2031-01-01T07:59:59-00:00,2016-11-17T00:00:00,2030-12-31T23:59:59
AS_SP15,VICTOR_1_N596,AS_SP15,,2016-11-17T08:00:00-00:00,2031-01-01T07:59:59-00:00,2016-11-17T00:00:00,2030-12-31T23:59:59
AS_SP15,VICTOR_1_N597,AS_SP15,,2016-11-17T08:00:00-00:00,2031-01-01T07:59:59-00:00,2016-11-17T00:00:00,2030-12-31T23:59:59
AS_SP15,VICTOR_1_N598,AS_SP15,,2018-08-23T07:00:00-00:00,2031-01-01T07:59:59-00:00,2018-08-23T00:00:00,2030-12-31T23:59:59
AS_SP15,VICTOR_1_N603,AS_SP15,,2018-08-23T07:00:00-00:00,2031-01-01T07:59:59-00:00,2018-08-23T00:00:00,2030-12-31T23:59:59
AS_SP15,VICTOR_1_N606,AS_SP15,,2018-08-23T07:00:00-00:00,2031-01-01T07:59:59-00:00,2018-08-23T00:00:00,2030-12-31T23:59:59
AS_SP15,VICTOR_1_N619,AS_SP15,,2018-08-23T07:00:00-00:00,2031-01-01T07:59:59-00:00,2018-08-23T00:00:00,2030-12-31T23:59:59
AS_SP15,VICTOR_1_N620,AS_SP15,,2018-08-23T07:00:00-00:00,2031-01-01T07:59:59-00:00,2018-08-23T00:00:00,2030-12-31T23:59:59
AS_SP15,VICTOR_1_N625,AS_SP15,,2018-08-23T07:00:00-00:00,2031-01-01T07:59:59-00:00,2018-08-23T00:00:00,2030-12-31T23:59:59
AS_SP15,VICTOR_2_B1,AS_SP15,,2017-08-17T07:00:00-00:00,2031-01-01T07:59:59-00:00,2017-08-17T00:00:00,2030-12-31T23:59:59
AS_SP15,VICTOR_7_GN001,AS_SP15,,2025-05-13T07:00:00-00:00,2031-01-01T07:59:59-00:00,2025-05-13T00:00:00,2030-12-31T23:59:59
AS_SP15,VICTOR_7_GN002,AS_SP15,,2025-05-13T07:00:00-00:00,2031-01-01T07:59:59-00:00,2025-05-13T00:00:00,2030-12-31T23:59:59
AS_SP15,VICTOR_7_N001,AS_SP15,,2013-07-18T07:00:00-00:00,2031-01-01T07:59:59-00:00,2013-07-18T00:00:00,2030-12-31T23:59:59
AS_SP15,VICTOR_7_N002,AS_SP15,,2025-05-13T07:00:00-00:00,2031-01-01T07:59:59-00:00,2025-05-13T00:00:00,2030-12-31T23:59:59
AS_SP15,VICTOR_7_N003,AS_SP15,,2025-05-13T07:00:00-00:00,2031-01-01T07:59:59-00:00,2025-05-13T00:00:00,2030-12-31T23:59:59
AS_SP15,VICTOR_7_N004,AS_SP15,,2025-05-13T07:00:00-00:00,2031-01-01T07:59:59-00:00,2025-05-13T00:00:00,2030-12-31T23:59:59
AS_SP15,VICTOR_7_N005,AS_SP15,,2025-05-13T07:00:00-00:00,2031-01-01T07:59:59-00:00,2025-05-13T00:00:00,2030-12-31T23:59:59
AS_SP15,VICTOR_7_N006,AS_SP15,,2025-05-13T07:00:00-00:00,2031-01-01T07:59:59-00:00,2025-05-13T00:00:00,2030-12-31T23:59:59
AS_SP15,VICTOR_7_N007,AS_SP15,,2025-05-13T07:00:00-00:00,2031-01-01T07:59:59-00:00,2025-05-13T00:00:00,2030-12-31T23:59:59
AS_SP15,VICTOR_7_N008,AS_SP15,,2025-05-13T07:00:00-00:00,2031-01-01T07:59:59-00:00,2025-05-13T00:00:00,2030-12-31T23:59:59
AS_SP15,VICTOR_7_N009,AS_SP15,,2025-05-13T07:00:00-00:00,2031-01-01T07:59:59-00:00,2025-05-13T00:00:00,2030-12-31T23:59:59
AS_SP15,VICTOR_7_N010,AS_SP15,,2025-05-13T07:00:00-00:00,2031-01-01T07:59:59-00:00,2025-05-13T00:00:00,2030-12-31T23:59:59
AS_SP15,VICTOR_7_N011,AS_SP15,,2025-05-13T07:00:00-00:00,2031-01-01T07:59:59-00:00,2025-05-13T00:00:00,2030-12-31T23:59:59
AS_SP15,VICTOR_7_N012,AS_SP15,,2025-05-13T07:00:00-00:00,2031-01-01T07:59:59-00:00,2025-05-13T00:00:00,2030-12-31T23:59:59
AS_SP15,VICTOR_7_N013,AS_SP15,,2025-05-13T07:00:00-00:00,2031-01-01T07:59:59-00:00,2025-05-13T00:00:00,2030-12-31T23:59:59
AS_SP15,VICTOR_7_N014,AS_SP15,,2025-05-13T07:00:00-00:00,2031-01-01T07:59:59-00:00,2025-05-13T00:00:00,2030-12-31T23:59:59
AS_SP15,VICTOR_7_N015,AS_SP15,,2025-05-13T07:00:00-00:00,2031-01-01T07:59:59-00:00,2025-05-13T00:00:00,2030-12-31T23:59:59
AS_SP15,VICTOR_7_N016,AS_SP15,,2025-05-13T07:00:00-00:00,2031-01-01T07:59:59-00:00,2025-05-13T00:00:00,2030-12-31T23:59:59
AS_SP15,VICTOR_7_N017,AS_SP15,,2025-05-13T07:00:00-00:00,2031-01-01T07:59:59-00:00,2025-05-13T00:00:00,2030-12-31T23:59:59
AS_SP15,VICTOR_7_N018,AS_SP15,,2025-05-13T07:00:00-00:00,2031-01-01T07:59:59-00:00,2025-05-13T00:00:00,2030-12-31T23:59:59
AS_SP15,VICTOR_7_N019,AS_SP15,,2025-05-13T07:00:00-00:00,2031-01-01T07:59:59-00:00,2025-05-13T00:00:00,2030-12-31T23:59:59
AS_SP15,VICTOR_7_N020,AS_SP15,,2025-05-13T07:00:00-00:00,2031-01-01T07:59:59-00:00,2025-05-13T00:00:00,2030-12-31T23:59:59
AS_SP15,VIEJOSC_2_N001,AS_SP15,,2009-03-31T07:00:00-00:00,2031-01-01T07:59:59-00:00,2009-03-31T00:00:00,2030-12-31T23:59:59
AS_SP15,VIEJOSC_2_N004,AS_SP15,,2009-03-31T07:00:00-00:00,2031-01-01T07:59:59-00:00,2009-03-31T00:00:00,2030-12-31T23:59:59
AS_SP15,VILLAPK_2_N028,AS_SP15,,2025-05-13T07:00:00-00:00,2031-01-01T07:59:59-00:00,2025-05-13T00:00:00,2030-12-31T23:59:59
AS_SP15,VILLAPK_6_LN001,AS_SP15,,2010-04-22T07:00:00-00:00,2031-01-01T07:59:59-00:00,2010-04-22T00:00:00,2030-12-31T23:59:59
AS_SP15,VILLAPK_6_LN002,AS_SP15,,2010-04-22T07:00:00-00:00,2031-01-01T07:59:59-00:00,2010-04-22T00:00:00,2030-12-31T23:59:59
AS_SP15,VILLAPK_6_N005,AS_SP15,,2025-05-13T07:00:00-00:00,2031-01-01T07:59:59-00:00,2025-05-13T00:00:00,2030-12-31T23:59:59
AS_SP15,VINCENT_2_B1,AS_SP15,,2017-08-17T07:00:00-00:00,2031-01-01T07:59:59-00:00,2017-08-17T00:00:00,2030-12-31T23:59:59
AS_SP15,VINCENT_2_N100,AS_SP15,,2009-03-31T07:00:00-00:00,2031-01-01T07:59:59-00:00,2009-03-31T00:00:00,2030-12-31T23:59:59
AS_SP15,VINCENT_2_N101,AS_SP15,,2009-03-31T07:00:00-00:00,2031-01-01T07:59:59-00:00,2009-03-31T00:00:00,2030-12-31T23:59:59
AS_SP15,VINESUB_6_N006,AS_SP15,,2017-02-16T08:00:00-00:00,2031-01-01T07:59:59-00:00,2017-02-16T00:00:00,2030-12-31T23:59:59
AS_SP15,VINESUB_6_N007,AS_SP15,,2017-02-16T08:00:00-00:00,2031-01-01T07:59:59-00:00,2017-02-16T00:00:00,2030-12-31T23:59:59
AS_SP15,VINESUB_6_N014,AS_SP15,,2017-02-16T08:00:00-00:00,2031-01-01T07:59:59-00:00,2017-02-16T00:00:00,2030-12-31T23:59:59
AS_SP15,VISTAGN_7_N001,AS_SP15,,2025-05-13T07:00:00-00:00,2031-01-01T07:59:59-00:00,2025-05-13T00:00:00,2030-12-31T23:59:59
AS_SP15,VISTA_1_N001,AS_SP15,,2016-05-19T07:00:00-00:00,2031-01-01T07:59:59-00:00,2016-05-19T00:00:00,2030-12-31T23:59:59
AS_SP15,VLYCGEN_7_N002,AS_SP15,,2025-05-13T07:00:00-00:00,2031-01-01T07:59:59-00:00,2025-05-13T00:00:00,2030-12-31T23:59:59
AS_SP15,VLYCGEN_7_N003,AS_SP15,,2025-05-13T07:00:00-00:00,2031-01-01T07:59:59-00:00,2025-05-13T00:00:00,2030-12-31T23:59:59
AS_SP15,VLYCGEN_7_N004,AS_SP15,,2025-05-13T07:00:00-00:00,2031-01-01T07:59:59-00:00,2025-05-13T00:00:00,2030-12-31T23:59:59
AS_SP15,VLYCGEN_7_VCEBT1N,AS_SP15,,2025-05-13T07:00:00-00:00,2031-01-01T07:59:59-00:00,2025-05-13T00:00:00,2030-12-31T23:59:59
AS_SP15,VLYCGEN_7_VCEBT2N,AS_SP15,,2025-05-13T07:00:00-00:00,2031-01-01T07:59:59-00:00,2025-05-13T00:00:00,2030-12-31T23:59:59
AS_SP15,VOYAGN2_7_N001,AS_SP15,,2023-05-05T07:00:00-00:00,2031-01-01T07:59:59-00:00,2023-05-05T00:00:00,2030-12-31T23:59:59
AS_SP15,VOYAGN3_7_N001,AS_SP15,,2023-05-05T07:00:00-00:00,2031-01-01T07:59:59-00:00,2023-05-05T00:00:00,2030-12-31T23:59:59
AS_SP15,VOYAGN4_7_N001,AS_SP15,,2023-05-05T07:00:00-00:00,2031-01-01T07:59:59-00:00,2023-05-05T00:00:00,2030-12-31T23:59:59
AS_SP15,VOYAGN5_7_N001,AS_SP15,,2025-05-13T07:00:00-00:00,2031-01-01T07:59:59-00:00,2025-05-13T00:00:00,2030-12-31T23:59:59
AS_SP15,VOYAGRG1_7_N001,AS_SP15,,2025-05-13T07:00:00-00:00,2031-01-01T07:59:59-00:00,2025-05-13T00:00:00,2030-12-31T23:59:59
AS_SP15,VPASS_7_NBT1,AS_SP15,,2025-05-13T07:00:00-00:00,2031-01-01T07:59:59-00:00,2025-05-13T00:00:00,2030-12-31T23:59:59
AS_SP15,VPASS_7_NSR1,AS_SP15,,2025-05-13T07:00:00-00:00,2031-01-01T07:59:59-00:00,2025-05-13T00:00:00,2030-12-31T23:59:59
AS_SP15,VSTA_1_GN001,AS_SP15,,2009-12-17T08:00:00-00:00,2031-01-01T07:59:59-00:00,2009-12-17T00:00:00,2030-12-31T23:59:59
AS_SP15,VSTA_1_N001,AS_SP15,,2017-08-17T07:00:00-00:00,2031-01-01T07:59:59-00:00,2017-08-17T00:00:00,2030-12-31T23:59:59
AS_SP15,VSTA_1_N016,AS_SP15,,2011-10-14T07:00:00-00:00,2031-01-01T07:59:59-00:00,2011-10-14T00:00:00,2030-12-31T23:59:59
AS_SP15,VSTA_1_N018,AS_SP15,,2012-06-14T07:00:00-00:00,2031-01-01T07:59:59-00:00,2012-06-14T00:00:00,2030-12-31T23:59:59
AS_SP15,VSTA_1_N019,AS_SP15,,2018-08-23T07:00:00-00:00,2031-01-01T07:59:59-00:00,2018-08-23T00:00:00,2030-12-31T23:59:59
AS_SP15,VSTA_1_N028,AS_SP15,,2018-08-23T07:00:00-00:00,2031-01-01T07:59:59-00:00,2018-08-23T00:00:00,2030-12-31T23:59:59
AS_SP15,VSTA_2_B1,AS_SP15,,2017-08-17T07:00:00-00:00,2031-01-01T07:59:59-00:00,2017-08-17T00:00:00,2030-12-31T23:59:59
AS_SP15,VSTA_6_N001,AS_SP15,,2009-03-31T07:00:00-00:00,2031-01-01T07:59:59-00:00,2009-03-31T00:00:00,2030-12-31T23:59:59
AS_SP15,VSTA_6_N008,AS_SP15,,2025-05-13T07:00:00-00:00,2031-01-01T07:59:59-00:00,2025-05-13T00:00:00,2030-12-31T23:59:59
AS_SP15,WABASH_6_N001,AS_SP15,,2025-08-13T07:00:00-00:00,2031-01-01T07:59:59-00:00,2025-08-13T00:00:00,2030-12-31T23:59:59
AS_SP15,WALNUT_6_N001,AS_SP15,,2009-03-31T07:00:00-00:00,2031-01-01T07:59:59-00:00,2009-03-31T00:00:00,2030-12-31T23:59:59
AS_SP15,WALNUT_6_N007,AS_SP15,,2025-05-13T07:00:00-00:00,2031-01-01T07:59:59-00:00,2025-05-13T00:00:00,2030-12-31T23:59:59
AS_SP15,WALNUT_6_N008,AS_SP15,,2009-03-31T07:00:00-00:00,2031-01-01T07:59:59-00:00,2009-03-31T00:00:00,2030-12-31T23:59:59
AS_SP15,WALNUT_6_N011,AS_SP15,,2025-05-13T07:00:00-00:00,2031-01-01T07:59:59-00:00,2025-05-13T00:00:00,2030-12-31T23:59:59
AS_SP15,WARENCYN_6_N001,AS_SP15,,2009-03-31T07:00:00-00:00,2031-01-01T07:59:59-00:00,2009-03-31T00:00:00,2030-12-31T23:59:59
AS_SP15,WARENCYN_6_N002,AS_SP15,,2009-03-31T07:00:00-00:00,2031-01-01T07:59:59-00:00,2009-03-31T00:00:00,2030-12-31T23:59:59
AS_SP15,WARNE1_7_B1,AS_SP15,,2023-05-05T07:00:00-00:00,2031-01-01T07:59:59-00:00,2023-05-05T00:00:00,2030-12-31T23:59:59
AS_SP15,WARNE2_7_B1,AS_SP15,,2023-05-05T07:00:00-00:00,2031-01-01T07:59:59-00:00,2023-05-05T00:00:00,2030-12-31T23:59:59
AS_SP15,WARNERS_6_N001,AS_SP15,,2016-11-17T08:00:00-00:00,2031-01-01T07:59:59-00:00,2016-11-17T00:00:00,2030-12-31T23:59:59
AS_SP15,WARNE_2_UNIT-APND,AS_SP15,,2009-03-31T07:00:00-00:00,2031-01-01T07:59:59-00:00,2009-03-31T00:00:00,2030-12-31T23:59:59
AS_SP15,WASCO_12_N008,AS_SP15,,2025-05-13T07:00:00-00:00,2031-01-01T07:59:59-00:00,2025-05-13T00:00:00,2030-12-31T23:59:59
AS_SP15,WASCO_7_N008,AS_SP15,,2024-10-23T07:00:00-00:00,2031-01-01T07:59:59-00:00,2024-10-23T00:00:00,2030-12-31T23:59:59
AS_SP15,WDT273_7_N001,AS_SP15,,2013-07-18T07:00:00-00:00,2031-01-01T07:59:59-00:00,2013-07-18T00:00:00,2030-12-31T23:59:59
AS_SP15,WDT273_7_N004,AS_SP15,,2023-05-05T07:00:00-00:00,2031-01-01T07:59:59-00:00,2023-05-05T00:00:00,2030-12-31T23:59:59
AS_SP15,WDT273_7_N005,AS_SP15,,2023-05-05T07:00:00-00:00,2031-01-01T07:59:59-00:00,2023-05-05T00:00:00,2030-12-31T23:59:59
AS_SP15,WDT273_7_N006,AS_SP15,,2023-05-05T07:00:00-00:00,2031-01-01T07:59:59-00:00,2023-05-05T00:00:00,2030-12-31T23:59:59
AS_SP15,WDT273_7_N007,AS_SP15,,2023-05-05T07:00:00-00:00,2031-01-01T07:59:59-00:00,2023-05-05T00:00:00,2030-12-31T23:59:59
AS_SP15,WDT273_7_N008,AS_SP15,,2023-05-05T07:00:00-00:00,2031-01-01T07:59:59-00:00,2023-05-05T00:00:00,2030-12-31T23:59:59
AS_SP15,WDT404L_7_N001,AS_SP15,,2025-05-13T07:00:00-00:00,2031-01-01T07:59:59-00:00,2025-05-13T00:00:00,2030-12-31T23:59:59
AS_SP15,WDWLMON1_7_N001,AS_SP15,,2023-05-05T07:00:00-00:00,2031-01-01T07:59:59-00:00,2023-05-05T00:00:00,2030-12-31T23:59:59
AS_SP15,WDWLMON2_7_N001,AS_SP15,,2023-05-05T07:00:00-00:00,2031-01-01T07:59:59-00:00,2023-05-05T00:00:00,2030-12-31T23:59:59
AS_SP15,WEEDPTCH_6_N001,AS_SP15,,2024-10-23T07:00:00-00:00,2031-01-01T07:59:59-00:00,2024-10-23T00:00:00,2030-12-31T23:59:59
AS_SP15,WELLFILD_6_N001,AS_SP15,,2017-11-16T08:00:00-00:00,2031-01-01T07:59:59-00:00,2017-11-16T00:00:00,2030-12-31T23:59:59
AS_SP15,WELLFILD_6_N002,AS_SP15,,2017-11-16T08:00:00-00:00,2031-01-01T07:59:59-00:00,2017-11-16T00:00:00,2030-12-31T23:59:59
AS_SP15,WESCAN_7_N002,AS_SP15,,2025-05-13T07:00:00-00:00,2031-01-01T07:59:59-00:00,2025-05-13T00:00:00,2030-12-31T23:59:59
AS_SP15,WESCN2_7_N003,AS_SP15,,2025-05-13T07:00:00-00:00,2031-01-01T07:59:59-00:00,2025-05-13T00:00:00,2030-12-31T23:59:59
AS_SP15,WESCN2_7_ND004,AS_SP15,,2025-05-13T07:00:00-00:00,2031-01-01T07:59:59-00:00,2025-05-13T00:00:00,2030-12-31T23:59:59
AS_SP15,WESTPAC_6_N001,AS_SP15,,2009-03-31T07:00:00-00:00,2031-01-01T07:59:59-00:00,2009-03-31T00:00:00,2030-12-31T23:59:59
AS_SP15,WESTPARK_1_N001,AS_SP15,,2017-08-17T07:00:00-00:00,2031-01-01T07:59:59-00:00,2017-08-17T00:00:00,2030-12-31T23:59:59
AS_SP15,WESTPARK_1_N005,AS_SP15,,2017-08-17T07:00:00-00:00,2031-01-01T07:59:59-00:00,2017-08-17T00:00:00,2030-12-31T23:59:59
AS_SP15,WESTPARK_1_N009,AS_SP15,,2017-08-17T07:00:00-00:00,2031-01-01T07:59:59-00:00,2017-08-17T00:00:00,2030-12-31T23:59:59
AS_SP15,WESTPLAT_1_N001,AS_SP15,,2009-03-31T07:00:00-00:00,2031-01-01T07:59:59-00:00,2009-03-31T00:00:00,2030-12-31T23:59:59
AS_SP15,WHEELER_6_N001,AS_SP15,,2009-03-31T07:00:00-00:00,2031-01-01T07:59:59-00:00,2009-03-31T00:00:00,2030-12-31T23:59:59
AS_SP15,WHELRGPP_2_N004,AS_SP15,,2009-03-31T07:00:00-00:00,2031-01-01T07:59:59-00:00,2009-03-31T00:00:00,2030-12-31T23:59:59
AS_SP15,WHITEWTR_7_B1,AS_SP15,,2009-03-31T07:00:00-00:00,2031-01-01T07:59:59-00:00,2009-03-31T00:00:00,2030-12-31T23:59:59
AS_SP15,WHITEW_7_N001,AS_SP15,,2025-05-13T07:00:00-00:00,2031-01-01T07:59:59-00:00,2025-05-13T00:00:00,2030-12-31T23:59:59
AS_SP15,WHLRRD1_7_B1,AS_SP15,,2009-03-31T07:00:00-00:00,2031-01-01T07:59:59-00:00,2009-03-31T00:00:00,2030-12-31T23:59:59
AS_SP15,WHLRRD1_7_B3,AS_SP15,,2009-03-31T07:00:00-00:00,2031-01-01T07:59:59-00:00,2009-03-31T00:00:00,2030-12-31T23:59:59
AS_SP15,WHLRRD1_7_B4,AS_SP15,,2009-03-31T07:00:00-00:00,2031-01-01T07:59:59-00:00,2009-03-31T00:00:00,2030-12-31T23:59:59
AS_SP15,WHLRRD1_7_B5,AS_SP15,,2009-03-31T07:00:00-00:00,2031-01-01T07:59:59-00:00,2009-03-31T00:00:00,2030-12-31T23:59:59
AS_SP15,WHLRRD1_7_B6,AS_SP15,,2009-03-31T07:00:00-00:00,2031-01-01T07:59:59-00:00,2009-03-31T00:00:00,2030-12-31T23:59:59
AS_SP15,WHLRRD2_7_B1,AS_SP15,,2009-03-31T07:00:00-00:00,2031-01-01T07:59:59-00:00,2009-03-31T00:00:00,2030-12-31T23:59:59
AS_SP15,WHLRRD2_7_B3,AS_SP15,,2009-03-31T07:00:00-00:00,2031-01-01T07:59:59-00:00,2009-03-31T00:00:00,2030-12-31T23:59:59
AS_SP15,WHLRRD2_7_B4,AS_SP15,,2009-03-31T07:00:00-00:00,2031-01-01T07:59:59-00:00,2009-03-31T00:00:00,2030-12-31T23:59:59
AS_SP15,WHLRRD2_7_B5,AS_SP15,,2009-03-31T07:00:00-00:00,2031-01-01T07:59:59-00:00,2009-03-31T00:00:00,2030-12-31T23:59:59
AS_SP15,WILSONA_6_N001,AS_SP15,,2009-03-31T07:00:00-00:00,2031-01-01T07:59:59-00:00,2009-03-31T00:00:00,2030-12-31T23:59:59
AS_SP15,WILSPR2_7_N001,AS_SP15,,2023-05-05T07:00:00-00:00,2031-01-01T07:59:59-00:00,2023-05-05T00:00:00,2030-12-31T23:59:59
AS_SP15,WINDGAP1_7_B1,AS_SP15,,2009-03-31T07:00:00-00:00,2031-01-01T07:59:59-00:00,2009-03-31T00:00:00,2030-12-31T23:59:59
AS_SP15,WINDGAP1_7_B3,AS_SP15,,2009-03-31T07:00:00-00:00,2031-01-01T07:59:59-00:00,2009-03-31T00:00:00,2030-12-31T23:59:59
AS_SP15,WINDGAP1_7_B4,AS_SP15,,2009-03-31T07:00:00-00:00,2031-01-01T07:59:59-00:00,2009-03-31T00:00:00,2030-12-31T23:59:59
AS_SP15,WINDGAP2_7_B1,AS_SP15,,2009-03-31T07:00:00-00:00,2031-01-01T07:59:59-00:00,2009-03-31T00:00:00,2030-12-31T23:59:59
AS_SP15,WINDGAP2_7_B3,AS_SP15,,2009-03-31T07:00:00-00:00,2031-01-01T07:59:59-00:00,2009-03-31T00:00:00,2030-12-31T23:59:59
AS_SP15,WINDGAP3_7_B1,AS_SP15,,2009-03-31T07:00:00-00:00,2031-01-01T07:59:59-00:00,2009-03-31T00:00:00,2030-12-31T23:59:59
AS_SP15,WINDGAP3_7_B3,AS_SP15,,2009-03-31T07:00:00-00:00,2031-01-01T07:59:59-00:00,2009-03-31T00:00:00,2030-12-31T23:59:59
AS_SP15,WINDGAP4_7_B1,AS_SP15,,2009-03-31T07:00:00-00:00,2031-01-01T07:59:59-00:00,2009-03-31T00:00:00,2030-12-31T23:59:59
AS_SP15,WINDGAP4_7_B3,AS_SP15,,2009-03-31T07:00:00-00:00,2031-01-01T07:59:59-00:00,2009-03-31T00:00:00,2030-12-31T23:59:59
AS_SP15,WINDGAP_2_N003,AS_SP15,,2009-03-31T07:00:00-00:00,2031-01-01T07:59:59-00:00,2009-03-31T00:00:00,2030-12-31T23:59:59
AS_SP15,WINDHUB_2_B1,AS_SP15,,2010-10-01T07:00:00-00:00,2031-01-01T07:59:59-00:00,2010-10-01T00:00:00,2030-12-31T23:59:59
AS_SP15,WINDHUB_2_B3,AS_SP15,,2022-03-26T07:00:00-00:00,2031-01-01T07:59:59-00:00,2022-03-26T00:00:00,2030-12-31T23:59:59
AS_SP15,WINTEC6_7_N001,AS_SP15,,2009-03-31T07:00:00-00:00,2031-01-01T07:59:59-00:00,2009-03-31T00:00:00,2030-12-31T23:59:59
AS_SP15,WIRLWIND_2_B1,AS_SP15,,2017-08-17T07:00:00-00:00,2031-01-01T07:59:59-00:00,2017-08-17T00:00:00,2030-12-31T23:59:59
AS_SP15,WIRLWIND_2_NM01,AS_SP15,,2021-08-25T07:00:00-00:00,2031-01-01T07:59:59-00:00,2021-08-25T00:00:00,2030-12-31T23:59:59
AS_SP15,WIRLWIND_2_NM02,AS_SP15,,2022-10-05T07:00:00-00:00,2031-01-01T07:59:59-00:00,2022-10-05T00:00:00,2030-12-31T23:59:59
AS_SP15,WLDWDG2_7_N001,AS_SP15,,2025-05-13T07:00:00-00:00,2031-01-01T07:59:59-00:00,2025-05-13T00:00:00,2030-12-31T23:59:59
AS_SP15,WLMNGTON_7_N002,AS_SP15,,2025-05-13T07:00:00-00:00,2031-01-01T07:59:59-00:00,2025-05-13T00:00:00,2030-12-31T23:59:59
AS_SP15,WLMNGTON_7_N003,AS_SP15,,2025-05-13T07:00:00-00:00,2031-01-01T07:59:59-00:00,2025-05-13T00:00:00,2030-12-31T23:59:59
AS_SP15,WNDSTRG1_7_B1,AS_SP15,,2023-05-05T07:00:00-00:00,2031-01-01T07:59:59-00:00,2023-05-05T00:00:00,2030-12-31T23:59:59
AS_SP15,WNDSTRG2_7_B1,AS_SP15,,2023-05-05T07:00:00-00:00,2031-01-01T07:59:59-00:00,2023-05-05T00:00:00,2030-12-31T23:59:59
AS_SP15,WNDSTR_2_WIND-APND,AS_SP15,,2011-12-13T08:00:00-00:00,2031-01-01T07:59:59-00:00,2011-12-13T00:00:00,2030-12-31T23:59:59
AS_SP15,WNSTRGN1_7_N001,AS_SP15,,2023-05-05T07:00:00-00:00,2031-01-01T07:59:59-00:00,2023-05-05T00:00:00,2030-12-31T23:59:59
AS_SP15,WS9_7_N001,AS_SP15,,2025-05-13T07:00:00-00:00,2031-01-01T07:59:59-00:00,2025-05-13T00:00:00,2030-12-31T23:59:59
AS_SP15,WS9_7_N002,AS_SP15,,2025-05-13T07:00:00-00:00,2031-01-01T07:59:59-00:00,2025-05-13T00:00:00,2030-12-31T23:59:59
AS_SP15,WSCOPRSN_1_N001,AS_SP15,,2017-11-16T08:00:00-00:00,2031-01-01T07:59:59-00:00,2017-11-16T00:00:00,2030-12-31T23:59:59
AS_SP15,WSTWNDG2_7_N001,AS_SP15,,2025-05-13T07:00:00-00:00,2031-01-01T07:59:59-00:00,2025-05-13T00:00:00,2030-12-31T23:59:59
AS_SP15,WSTWND_7_N001,AS_SP15,,2025-05-13T07:00:00-00:00,2031-01-01T07:59:59-00:00,2025-05-13T00:00:00,2030-12-31T23:59:59
AS_SP15,WSTWND_7_N002,AS_SP15,,2025-05-13T07:00:00-00:00,2031-01-01T07:59:59-00:00,2025-05-13T00:00:00,2030-12-31T23:59:59
AS_SP15,WSTWND_7_N003,AS_SP15,,2025-05-13T07:00:00-00:00,2031-01-01T07:59:59-00:00,2025-05-13T00:00:00,2030-12-31T23:59:59
AS_SP15,WSTWND_7_N006,AS_SP15,,2025-05-13T07:00:00-00:00,2031-01-01T07:59:59-00:00,2025-05-13T00:00:00,2030-12-31T23:59:59
AS_SP15,WSTWND_7_N007,AS_SP15,,2025-05-13T07:00:00-00:00,2031-01-01T07:59:59-00:00,2025-05-13T00:00:00,2030-12-31T23:59:59
AS_SP15,YELWPN1_7_N001,AS_SP15,,2025-05-13T07:00:00-00:00,2031-01-01T07:59:59-00:00,2025-05-13T00:00:00,2030-12-31T23:59:59
AS_SP15,YELWPN1_7_N002,AS_SP15,,2025-05-13T07:00:00-00:00,2031-01-01T07:59:59-00:00,2025-05-13T00:00:00,2030-12-31T23:59:59
AS_SP15,YELWPN1_7_N003,AS_SP15,,2025-05-13T07:00:00-00:00,2031-01-01T07:59:59-00:00,2025-05-13T00:00:00,2030-12-31T23:59:59
AS_SP15,YELWPN1_7_N004,AS_SP15,,2025-05-13T07:00:00-00:00,2031-01-01T07:59:59-00:00,2025-05-13T00:00:00,2030-12-31T23:59:59
AS_SP15,YELWPN1_7_N005,AS_SP15,,2025-05-13T07:00:00-00:00,2031-01-01T07:59:59-00:00,2025-05-13T00:00:00,2030-12-31T23:59:59
AS_SP15,YELWPN1_7_N006,AS_SP15,,2025-05-13T07:00:00-00:00,2031-01-01T07:59:59-00:00,2025-05-13T00:00:00,2030-12-31T23:59:59
AS_SP15,ZACA_1_N001,AS_SP15,,2017-11-16T08:00:00-00:00,2031-01-01T07:59:59-00:00,2017-11-16T00:00:00,2030-12-31T23:59:59
AS_SP15,ZANJA_1_N003,AS_SP15,,2018-08-23T07:00:00-00:00,2031-01-01T07:59:59-00:00,2018-08-23T00:00:00,2030-12-31T23:59:59
AS_SP15,ZONDWIND_6_N001,AS_SP15,,2009-03-31T07:00:00-00:00,2031-01-01T07:59:59-00:00,2009-03-31T00:00:00,2030-12-31T23:59:59
AS_SP15,ZONDWIND_6_N002,AS_SP15,,2023-05-05T07:00:00-00:00,2031-01-01T07:59:59-00:00,2023-05-05T00:00:00,2030-12-31T23:59:59
AS_SP15,ZONDWIND_6_N003,AS_SP15,,2023-05-05T07:00:00-00:00,2031-01-01T07:59:59-00:00,2023-05-05T00:00:00,2030-12-31T23:59:59
AS_SP15,ZONDWIND_6_N004,AS_SP15,,2023-05-05T07:00:00-00:00,2031-01-01T07:59:59-00:00,2023-05-05T00:00:00,2030-12-31T23:59:59
AS_SP15,ZONDWIND_6_N005,AS_SP15,,2023-05-05T07:00:00-00:00,2031-01-01T07:59:59-00:00,2023-05-05T00:00:00,2030-12-31T23:59:59
AS_SP15,ZONDWIND_6_N006,AS_SP15,,2015-10-22T07:00:00-00:00,2031-01-01T07:59:59-00:00,2015-10-22T00:00:00,2030-12-31T23:59:59
