X,Y,OBJECTID,Substation_ID,Substation_Name,Alias,Status,Owner,Map_Owner,Map_Part,Engineering_ID,kV_12_TO_32,kV_33_TO_92,kV_110_TO_161,kV_220_To_287,kV_345_To_500,kV_500_DC,Highest_kV,Postal_City,County,Zip_Code,State,Comments
-122.242903001182,37.7724307588544,"1",SS0003,Jenney, ,Operational,Other,Other,M, ,YES,,YES,,,,110kV to 161kV,Alameda,Alameda,"94501",CA, 
-122.657355225311,38.2650077380647,"2",SS0004,Corona, ,Operational,PG&E,PG&E,M, ,,YES,YES,,,,110kV to 161kV,Petaluma,Sonoma,"94954",CA, 
-121.625938248142,37.7784766074979,"3",SS0005,South Bay 1, ,Operational,PG&E,PG&E,M, ,,YES,,,,,33kV to 92kV,Byron,Alameda,"94514",CA, 
-121.677195240697,37.7483715062963,"4",SS0007,Altamont, ,Operational,PG&E,PG&E,M, ,,YES,,,,,33kV to 92kV,Livermore,Alameda,"94551",CA, 
-122.061264238131,37.6912760210555,"5",SS0008,Castro Valley, ,Operational,PG&E,PG&E,M, ,,,,YES,,,220kV to 287kV,Castro Valley,Alameda,"94546",CA, 
-122.228571881395,37.8473684915069,"6",SS0009,Claremont K,STA. K,Operational,PG&E,PG&E,M, ,,,YES,,,,110kV to 161kV,Oakland,Alameda,"94618",CA, 
-122.017422156327,37.5957769759413,"7",SS0010,Cryogenics, ,Operational,Other,Other,M, ,,,YES,,,,110kV to 161kV,Union City,Alameda,"94587",CA, 
-123.509173123733,40.0940256975114,"8",SS0011,Kekawaka, ,Operational,PG&E,PG&E,U, ,,YES,,,,,33kV to 92kV,Zenia,Trinity,"95595",CA, 
-122.057926880894,37.556987066322,"9",SS0012,Dumbarton, ,Operational,PG&E,PG&E,M, ,,,YES,,,,110kV to 161kV,Fremont,Alameda,"94555",CA, 
-122.116598061882,37.6250736343111,"10",SS0013,Eastshore, ,Operational,PG&E,PG&E,M, ,,,YES,YES,,,220kV to 287kV,Hayward,Alameda,"94545",CA, 
-122.193785888181,37.7386845855824,"11",SS0014,Edes, ,Operational,PG&E,PG&E,M, ,,,YES,,,,110kV to 161kV,Oakland,Alameda,"94603",CA, 
-121.961944301578,37.5413581559746,"12",SS0015,Fremont, ,Operational,PG&E,PG&E,M, ,,,YES,,,,110kV to 161kV,Fremont,Alameda,"94538",CA, 
-121.939415433221,37.4936863631342,"13",SS0016,Nummi,GENERAL MOTORS,Operational,Other,Other,M, ,,,YES,,,,110kV to 161kV,Fremont,Alameda,"94538",CA, 
-122.159525510206,37.6712630851151,"14",SS0017,Grant, ,Operational,PG&E,PG&E,M, ,,,YES,,,,110kV to 161kV,San Lorenzo,Alameda,"94580",CA, 
-122.245750820611,37.8761690361506,"15",SS0018,Grizzly,U.C. BERKELEY,Operational,Other,Other,M, ,,YES,,,,,33kV to 92kV,Berkeley,Alameda,"94720",CA, 
-121.831863696165,37.6679411056819,"16",SS0019,Iuka, ,Operational,PG&E,PG&E,M, ,,YES,,,,,33kV to 92kV,Pleasanton,Alameda,"94566",CA, 
-122.017478315242,37.5953055996597,"17",SS0020,Jarvis, ,Operational,PG&E,PG&E,M, ,,,YES,,,,110kV to 161kV,Union City,Alameda,"94587",CA, 
-121.906991338957,37.7085287823815,"18",SS0021,Kaiser, ,Operational,Other,Other,M, ,,YES,,,,,33kV to 92kV,Dublin,Alameda,"94568",CA, 
-121.733231365828,37.700819244794,"19",SS0022,Las Positas, ,Operational,PG&E,PG&E,M, ,,YES,,YES,,,220kV to 287kV,Livermore,Alameda,"94551",CA, 
-121.780491722406,37.6800228251616,"20",SS0023,Livermore, ,Operational,PG&E,PG&E,M, ,,YES,,,,,33kV to 92kV,Livermore,Alameda,"94551",CA, 
-122.101834959529,37.6320551548941,"21",SS0024,Mt. Eden, ,Operational,PG&E,PG&E,M, ,,YES,,YES,,,220kV to 287kV,Hayward,Alameda,"94545",CA, 
-121.986249303239,37.5008681627341,"22",SS0025,Newark, ,Operational,PG&E,PG&E,M, ,,YES,YES,YES,,,220kV to 287kV,Fremont,Alameda,"94538",CA, 
-121.893837262979,37.7116386473545,"23",SS0026,Parks, ,Operational,PG&E,PG&E,M, ,,YES,,,,,33kV to 92kV,Dublin,Alameda,"94568",CA, 
-121.859514900469,37.6725500379318,"24",SS0027,Radum, ,Operational,PG&E,PG&E,M, ,,YES,,,,,33kV to 92kV,Pleasanton,Alameda,"94566",CA, 
-121.619930703546,37.7990519856352,"25",SS0028,Ralph, ,Operational,PG&E,PG&E,M, ,,,,YES,,,220kV to 287kV,Byron,Alameda,"94514",CA, 
-122.137933010216,37.4929631829368,"26",SS0029,Ravenswood, ,Operational,PG&E,PG&E,M, ,,,YES,YES,,,220kV to 287kV,Menlo Park,San Mateo,"94025",CA, 
-122.148175163929,37.710619815907,"27",SS0030,San Leandro U, ,Operational,PG&E,PG&E,M, ,,,YES,,,,110kV to 161kV,San Leandro,Alameda,"94578",CA, 
-122.214481637946,37.7629933062945,"28",SS0033,Oakland J, ,Operational,PG&E,PG&E,M, ,,,YES,,,,110kV to 161kV,Oakland,Alameda,"94621",CA, 
-121.869670890525,37.5868976899329,"29",SS0036,Sunol, ,Operational,PG&E,PG&E,M, ,,,YES,,,,110kV to 161kV,Sunol,Alameda,"94586",CA, 
-121.564844789589,37.7123913918841,"30",SS0037,Tesla, ,Operational,PG&E,PG&E,M, ,,,YES,YES,YES,,345kV to 500kV,Livermore,Alameda,"94550",CA, 
-121.842657908067,37.6092390149389,"31",SS0039,Vallecitos, ,Operational,PG&E,PG&E,M, ,,YES,,,,,33kV to 92kV,Sunol,Alameda,"94586",CA, 
-121.715861839476,37.7111142515023,"32",SS0040,Vasco, ,Operational,PG&E,PG&E,M, ,,YES,,,,,33kV to 92kV,Livermore,Alameda,"94551",CA, 
-121.85442447517,37.6696843183574,"33",SS0041,Vineyard, ,Operational,PG&E,PG&E,M, ,,YES,,,,,33kV to 92kV,Pleasanton,Alameda,"94566",CA, 
-120.822084944328,38.4087618838718,"34",SS0043,Amfor, ,Operational,PG&E,PG&E,M, ,,YES,,,,,33kV to 92kV,Sutter Creek,Amador,"95685",CA, 
-120.934967320983,38.3421855105035,"35",SS0044,Clay, ,Operational,PG&E,PG&E,M, ,,YES,,,,,33kV to 92kV,Ione,Amador,"95640",CA, 
-120.957536684703,38.3738959409775,"36",SS0045,Ione, ,Operational,Other,Other,M, ,,YES,,,,,33kV to 92kV,Ione,Amador,"95640",CA, 
-120.913886496471,38.2771683372481,"37",SS0046,Ione Energy, ,Operational,PG&E,PG&E,M, ,,YES,,,,,33kV to 92kV,Ione,Amador,"95640",CA, 
-120.796740985463,38.3691028786508,"38",SS0047,Martell, ,Operational,PG&E,PG&E,M, ,,YES,,,,,33kV to 92kV,Jackson,Amador,"95642",CA, 
-120.805467310144,38.3686306321612,"39",SS0048,Nepco, ,Operational,Other,Other,M, ,,YES,,,,,33kV to 92kV,Sutter Creek,Amador,"95685",CA, 
-120.844930576776,38.4807591345361,"40",SS0049,Oleta, ,Operational,PG&E,PG&E,M, ,,YES,,,,,33kV to 92kV,Plymouth,Amador,"95669",CA, 
-120.218407207799,38.4984147265564,"41",SS0050,Salt Springs, ,Operational,PG&E,PG&E,M, ,,,YES,,,,110kV to 161kV,Pioneer,Amador,"95666",CA, 
-120.660220924914,38.4127925744882,"42",SS0051,Pine Grove, ,Operational,PG&E,PG&E,M, ,,YES,,,,,33kV to 92kV,Pine Grove,Amador,"95665",CA, 
-121.477514625081,37.7129604669531,"43",SS0052,Lammers,SCHULTE SW,Operational,PG&E,PG&E,M, ,,,YES,,,,110kV to 161kV,Tracy,San Joaquin,"95377",CA, 
-121.565472114126,39.4812211846539,"44",SS0055,A.P.T. Oro, ,Operational,PG&E,PG&E,U, ,,YES,,,,,33kV to 92kV,Oroville,Butte,"95965",CA, 
-121.685601924806,39.3647080354806,"45",SS0056,Gridley,CITY OF GRIDLEY,Operational,Other,Other,U, ,,YES,,,,,33kV to 92kV,Gridley,Butte,"95948",CA, 
-121.574768470498,39.4743726690606,"46",SS0057,Louisiana Pacific (Oroville), ,Operational,Other,Other,U, ,,YES,,,,,33kV to 92kV,Oroville,Butte,"95965",CA, 
-121.688613342004,39.4087474684938,"47",SS0058,City Of Biggs,BIGGS,Operational,Other,Other,U, ,,YES,,,,,33kV to 92kV,Biggs,Butte,"95917",CA, 
-120.437267598561,34.643264997492,"48",SS0059,Cabrillo, ,Operational,PG&E,PG&E,L, ,,,YES,,,,110kV to 161kV,Lompoc,Santa Barbara,"93436",CA, 
-121.9196131769,39.8109485946487,"49",SS0063,Anita, ,Operational,Other,Other,U, ,,YES,,,,,33kV to 92kV,Chico,Butte,"95973",CA, 
-121.403162440444,39.3876685844065,"50",SS0064,Bangor, ,Operational,PG&E,PG&E,U, ,,YES,,,,,33kV to 92kV,Bangor,Butte,"95914",CA, 
-121.491504581471,39.6773494713832,"51",SS0065,Big Bend, ,Operational,PG&E,PG&E,U, ,,,YES,YES,,,220kV to 287kV,Oroville,Butte,"95965",CA, 
-121.813343710838,39.7122013009202,"52",SS0066,Butte, ,Operational,PG&E,PG&E,U, ,,YES,YES,,,,110kV to 161kV,Chico,Butte,"95928",CA, 
-121.820907255796,39.7188350122962,"53",SS0068,Chico A, ,Operational,PG&E,PG&E,U, ,,,YES,,,,110kV to 161kV,Chico,Butte,"95928",CA, 
-121.847062435271,39.7255097882049,"54",SS0069,Chico B, ,Operational,PG&E,PG&E,U, ,,,YES,,,,110kV to 161kV,Chico,Butte,"95928",CA, 
-116.367393860727,33.8177410844963,"55",SS0071,Ramon, ,Operational,IID,IID,L, ,,,,YES,,,220kV to 287kV,Thousand Palms,Riverside,"92276",CA, 
-121.768320239097,39.6077303727128,"56",SS0075,Esquon, ,Operational,PG&E,PG&E,U, ,,,YES,,,,110kV to 161kV,Durham,Butte,"95938",CA, 
-122.011355935013,39.7464134080744,"57",SS0077,Hamilton A, ,Operational,PG&E,PG&E,U, ,,YES,,,,,33kV to 92kV,Hamilton City,Glenn,"95951",CA, 
-121.595314404014,39.3205751401201,"58",SS0078,Honcut, ,Operational,PG&E,PG&E,U, ,,,YES,,,,110kV to 161kV,Oroville,Butte,"95965",CA, 
-121.305565037071,39.5751813000782,"59",SS0079,Kanaka, ,Operational,Other,Other,U, ,,,YES,,,,110kV to 161kV,Oroville,Butte,"95966",CA, 
-121.907035255463,39.7602356595384,"60",SS0081,Nord, ,Operational,PG&E,PG&E,U, ,,,YES,,,,110kV to 161kV,Chico,Butte,"95973",CA, 
-121.610771704936,39.8715573556335,"61",SS0082,Oro Fino, ,Operational,PG&E,PG&E,U, ,,YES,,,,,33kV to 92kV,Magalia,Butte,"95954",CA, 
-121.560141718015,39.5039927986081,"62",SS0083,Oroville, ,Operational,PG&E,PG&E,U, ,,YES,,,,,33kV to 92kV,Oroville,Butte,"95965",CA, 
-121.517648258085,39.4543379022737,"63",SS0084,Palermo, ,Operational,PG&E,PG&E,U, ,,,YES,YES,,,220kV to 287kV,Oroville,Butte,"95966",CA, 
-121.618717093031,39.7606577867977,"64",SS0085,Paradise, ,Operational,PG&E,PG&E,U, ,,YES,,,,,33kV to 92kV,Paradise,Butte,"95969",CA, 
-121.685081216852,39.3782365915686,"65",SS0086,Peachton, ,Operational,PG&E,PG&E,U, ,,YES,,,,,33kV to 92kV,Gridley,Butte,"95948",CA, 
-121.824015013594,39.7687559105853,"66",SS0088,Sycamore Creek, ,Operational,PG&E,PG&E,U, ,,,YES,,,,110kV to 161kV,Chico,Butte,"95973",CA, 
-121.644774044514,39.5552754155012,"67",SS0089,Table Mt., ,Operational,PG&E,PG&E,U, ,,YES,YES,YES,YES,,345kV to 500kV,Oroville,Butte,"95965",CA, 
-121.688010890273,39.4867594001966,"68",SS0091,Tres Vias, ,Operational,PG&E,PG&E,U, ,,,YES,,,,110kV to 161kV,Oroville,Butte,"95965",CA, 
-121.540933390964,39.4916951050329,"69",SS0092,Wyandotte, ,Operational,PG&E,PG&E,U, ,,,YES,,,,110kV to 161kV,Oroville,Butte,"95966",CA, 
-120.66721475617,38.1698918171388,"70",SS0094,Cataract (Calaveras Cement Co.),CALAVERAS CEMENT,Operational,Other,Other,M, ,,YES,,,,,33kV to 92kV,San Andreas,Calaveras,"95249",CA, 
-120.422120535915,38.0698117597794,"71",SS0095,Cataract, ,Operational,Other,Other,M, ,,,YES,,,,110kV to 161kV,Columbia,Tuolumne,"95310",CA, 
-120.926162842113,38.101475571949,"72",SS0096,Corral, ,Operational,PG&E,PG&E,M, ,,YES,,,,,33kV to 92kV,Linden,Calaveras,"95236",CA, 
-120.533958093382,38.0571476937291,"73",SS0097,Frogtown, ,Operational,PG&E,PG&E,M, ,,,YES,,,,110kV to 161kV,Angels Camp,Calaveras,"95222",CA, 
-120.536208217405,37.944641501405,"74",SS0098,Melones, ,Operational,WAPA,WAPA,M,NML,,,,YES,,,220kV to 287kV,Angels Camp,Calaveras,"95222",CA, 
-120.446406490077,38.146981951631,"75",SS0101,Murphy, ,Operational,PG&E,PG&E,M, ,,,YES,,,,110kV to 161kV,Murphys,Calaveras,"95247",CA, 
-120.719334996871,38.1997418846336,"76",SS0102,North Branch, ,Operational,PG&E,PG&E,M, ,,YES,,,,,33kV to 92kV,Valley Springs,Calaveras,"95252",CA, 
-120.76399746343,38.2165799540101,"77",SS0103,Valley Springs, ,Operational,PG&E,PG&E,M, ,,YES,,YES,,,220kV to 287kV,Valley Springs,Calaveras,"95252",CA, 
-122.061381511822,39.0174746071364,"78",SS0104,Arbuckle, ,Operational,PG&E,PG&E,M, ,,YES,,,,,33kV to 92kV,Arbuckle,Colusa,"95912",CA, 
-122.002536992902,39.2135295810303,"79",SS0105,Colusa, ,Operational,PG&E,PG&E,U, ,,YES,,,,,33kV to 92kV,Colusa,Colusa,"95932",CA, 
-122.223321561126,39.1205396677922,"80",SS0106,Cortina, ,Operational,PG&E,PG&E,U, ,,YES,YES,,,,110kV to 161kV,Williams,Colusa,"95987",CA, 
-122.043318866675,38.96981769588,"81",SS0107,Drake, ,Operational,PG&E,PG&E,M, ,,YES,,,,,33kV to 92kV,Arbuckle,Colusa,"95912",CA, 
-122.070455072586,38.9692188946168,"82",SS0108,Harrington, ,Operational,PG&E,PG&E,M, ,,YES,,,,,33kV to 92kV,Arbuckle,Colusa,"95912",CA, 
-122.153275513926,39.2769548774054,"83",SS0109,Maxwell, ,Operational,PG&E,PG&E,U, ,,YES,,,,,33kV to 92kV,Maxwell,Colusa,"95955",CA, 
-122.013251339081,39.4027420699235,"84",SS0110,Rice, ,Operational,PG&E,PG&E,U, ,,YES,,,,,33kV to 92kV,Princeton,Colusa,"95970",CA, 
-122.147698710172,39.1574825769797,"85",SS0111,Williams, ,Operational,PG&E,PG&E,U, ,,YES,,,,,33kV to 92kV,Williams,Colusa,"95987",CA, 
-117.527034378934,34.0891651626442,"86",SS0112,Etiwanda, ,Operational,SCE,SCE,L, ,,YES,,YES,,,220kV to 287kV,Rancho Cucamonga,San Bernardino,"91739",CA,Same site as g0201
-118.100235269098,33.7713277156867,"87",SS0113,Stadium, ,Operational,SCE,SCE,L, ,,YES,,YES,,,220kV to 287kV,Long Beach,Los Angeles,"90803",CA, 
-122.130102374301,37.9939182385497,"88",SS0116,Alhambra, ,Operational,PG&E,PG&E,M, ,,,YES,,,,110kV to 161kV,Martinez,Contra Costa,"94553",CA, 
-121.587132600898,37.8169843464008,"89",SS0117,Byron Bethany, ,Operational,PG&E,PG&E,M, ,,YES,,,,,33kV to 92kV,Byron,Contra Costa,"94514",CA, 
-121.748757880082,38.011324976752,"90",SS0118,Du Pont, ,Operational,Other,Other,M, ,,YES,,,,,33kV to 92kV,Oakley,Contra Costa,"94561",CA, 
-121.576914623521,37.8869887554643,"91",SS0120,Los Vaqueros,"BIXLER, EBMUD PUMPING PLANT",Operational,Other,Other,M,LVQ,,YES,,,,,33kV to 92kV,Discovery Bay,Contra Costa,"94505",CA, 
-121.781117694689,38.0118259701031,"92",SS0121,GWF 3 (Antioch), ,Operational,Other,Other,M, ,,,,YES,,,220kV to 287kV,Antioch,Contra Costa,"94509",CA, 
-121.756256482373,38.0104946341984,"93",SS0122,GWF 4 (Antioch), ,Operational,PG&E,PG&E,M, ,,YES,,,,,33kV to 92kV,Antioch,Contra Costa,"94509",CA, 
-121.849614769587,38.0263936582434,"94",SS0123,Linde, ,Operational,PG&E,PG&E,M, ,,,YES,,,,110kV to 161kV,Pittsburg,Contra Costa,"94565",CA, 
-122.115793292069,38.0141950918092,"95",SS0125,Shell Oil 1, ,Operational,Other,Other,M, ,,,YES,,,,110kV to 161kV,Martinez,Contra Costa,"94553",CA, 
-122.23540444521,38.0189989543758,"96",SS0127,Union Chemical (Union Oil), ,Operational,Other,Other,M, ,,YES,,,,,33kV to 92kV,Rodeo,Contra Costa,"94572",CA, 
-122.071371159486,37.9259511737523,"97",SS0128,Walnut Creek Pp,YGANCIO,Operational,Other,Other,M, ,,YES,,,,,33kV to 92kV,Walnut Creek,Contra Costa,"94597",CA, 
-121.622893282709,37.8386976014926,"98",SS0129,Tres Vaqueros Wind Farm (Jv Ent), ,Operational,Other,Other,M, ,,YES,,,,,33kV to 92kV,Byron,Contra Costa,"94514",CA, 
-121.67826286473,37.9258329947941,"99",SS0131,Balfour, ,Operational,PG&E,PG&E,M, ,,YES,,,,,33kV to 92kV,Brentwood,Contra Costa,"94513",CA, 
-122.042665629073,38.0125863127673,"100",SS0132,Bollman, ,Operational,Other,Other,M, ,,,YES,,,,110kV to 161kV,Concord,Contra Costa,"94520",CA, 
-121.676750082927,37.9190524238985,"101",SS0133,Brentwood, ,Operational,PG&E,PG&E,M, ,,YES,,YES,,,220kV to 287kV,Brentwood,Contra Costa,"94513",CA, 
-121.814433397119,37.8852467259499,"102",SS0134,Briones, ,Operational,Other,Other,M, ,,YES,,,,,33kV to 92kV,Clayton,Contra Costa,"94517",CA, 
-122.208354786022,38.0028570398414,"103",SS0135,Christie, ,Operational,PG&E,PG&E,M, ,,YES,YES,,,,110kV to 161kV,Martinez,Contra Costa,"94553",CA, 
-121.96909398175,37.9440952611113,"104",SS0136,Clayton, ,Operational,PG&E,PG&E,M, ,,,YES,,,,110kV to 161kV,Concord,Contra Costa,"94521",CA, 
-121.863298059038,38.0259792819438,"105",SS0137,Columbia Steel,USP,Operational,Other,Other,M, ,,,YES,,,,110kV to 161kV,Pittsburg,Contra Costa,"94565",CA, 
-121.815538842449,38.0135130092454,"106",SS0138,Antioch, ,Operational,PG&E,PG&E,M, ,,YES,,,,,33kV to 92kV,Antioch,Contra Costa,"94509",CA, 
-121.78280995281,37.999549668895,"107",SS0139,Contra Costa, ,Operational,PG&E,PG&E,M, ,,YES,YES,YES,,,220kV to 287kV,Antioch,Contra Costa,"94509",CA, 
-121.854366519844,38.0272822457123,"108",SS0140,Dow Chemical Co., ,Operational,Other,Other,M, ,,YES,,,,,33kV to 92kV,Pittsburg,Contra Costa,"94565",CA, 
-122.187032675892,37.8759502348447,"109",SS0142,East Portal, ,Operational,PG&E,PG&E,M, ,,,YES,,,,110kV to 161kV,Orinda,Contra Costa,"94563",CA, 
-122.30220898854,37.9162472780247,"110",SS0143,El Cerrito Sta. G, ,Operational,PG&E,PG&E,M, ,,YES,YES,,,,110kV to 161kV,El Cerrito,Contra Costa,"94530",CA, 
-121.773905474761,38.0159913255784,"111",SS0144,Fibreboard, ,Operational,PG&E,PG&E,M, ,,,YES,,,,110kV to 161kV,Antioch,Contra Costa,"94509",CA, 
-122.264316765269,38.0121020269008,"112",SS0145,Franklin, ,Operational,PG&E,PG&E,M, ,,YES,,,,,33kV to 92kV,Hercules,Contra Costa,"94547",CA, 
-121.586152326793,37.8167154557303,"113",SS0146,Herdlyn, ,Operational,PG&E,PG&E,M, ,,YES,,,,,33kV to 92kV,Byron,Contra Costa,"94514",CA, 
-122.067242498362,38.0016315784732,"114",SS0147,Imhoff, ,Operational,PG&E,PG&E,M, ,,,YES,,,,110kV to 161kV,Martinez,Contra Costa,"94553",CA, 
-121.905941827386,38.0207839889845,"115",SS0148,Kirker, ,Operational,PG&E,PG&E,M, ,,YES,YES,,,,110kV to 161kV,Pittsburg,Contra Costa,"94565",CA, 
-122.057321680402,37.9084051473115,"116",SS0149,Lakewood, ,Operational,PG&E,PG&E,M, ,,YES,YES,,,,110kV to 161kV,Walnut Creek,Contra Costa,"94597",CA, 
-121.722682625124,37.9028604087048,"117",SS0150,Marsh, ,Operational,PG&E,PG&E,M, ,,YES,,,,,33kV to 92kV,Brentwood,Contra Costa,"94513",CA, 
-122.05223994325,37.9632382692534,"118",SS0151,Meadow Lane, ,Operational,PG&E,PG&E,M, ,,,YES,,,,110kV to 161kV,Concord,Contra Costa,"94520",CA, 
-122.160818670498,37.8477589597212,"119",SS0152,Moraga, ,Operational,PG&E,PG&E,M, ,,,YES,YES,,,220kV to 287kV,Orinda,Contra Costa,"94563",CA, 
-121.896782836073,38.0368169925384,"120",SS0153,Pittsburg, ,Operational,PG&E,PG&E,M, ,,,YES,YES,,,220kV to 287kV,Pittsburg,Contra Costa,"94565",CA, 
-122.348089908979,37.9959166153114,"121",SS0154,Point Pinole, ,Operational,PG&E,PG&E,M, ,,,YES,,,,110kV to 161kV,San Pablo,Contra Costa,"94806",CA, 
-122.17808278026,38.0373210210743,"122",SS0155,Port Costa Brick, ,Operational,Other,Other,M, ,,YES,,,,,33kV to 92kV,Port Costa,Contra Costa,"94569",CA, 
-121.866945604532,38.0259506580799,"123",SS0156,Posco, ,Operational,Other,Other,M, ,,YES,,,,,33kV to 92kV,Pittsburg,Contra Costa,"94565",CA, 
-122.080310100819,37.8646492396266,"124",SS0158,Rossmoor, ,Operational,PG&E,PG&E,M, ,,,,YES,,,220kV to 287kV,Lafayette,Contra Costa,"94549",CA, 
-121.967649283339,37.7824109812771,"125",SS0159,San Ramon Research Cntr., ,Operational,PG&E,PG&E,M, ,,,,YES,,,220kV to 287kV,Danville,Contra Costa,"94526",CA, 
-122.336812034927,37.9852914395377,"126",SS0160,San Pablo, ,Operational,PG&E,PG&E,M, ,,YES,YES,,,,110kV to 161kV,San Pablo,Contra Costa,"94806",CA, 
-121.935896665226,37.7447207757459,"127",SS0161,San Ramon, ,Operational,PG&E,PG&E,M, ,,YES,,YES,,,220kV to 287kV,San Ramon,Contra Costa,"94583",CA, 
-122.208081870183,37.9054530776353,"128",SS0162,Sobrante, ,Operational,PG&E,PG&E,M, ,,,YES,YES,,,220kV to 287kV,Orinda,Contra Costa,"94563",CA, 
-121.268618250174,39.2351235180816,"129",SS0163,Narrows, ,Operational,PG&E,PG&E,U, ,,YES,,,,,33kV to 92kV,Smartville,Nevada,"95977",CA, 
-122.06184384344,38.0196392135542,"130",SS0164,Tidewater, ,Operational,PG&E,PG&E,M, ,,,YES,YES,,,220kV to 287kV,Martinez,Contra Costa,"94553",CA, 
-122.234518965764,38.0534028301151,"131",SS0165,Unocal, ,Operational,PG&E,PG&E,M, ,,YES,,YES,,,220kV to 287kV,Crockett,Contra Costa,"94525",CA, 
-122.103087790835,38.0289500158168,"132",SS0166,Urich, ,Operational,PG&E,PG&E,M, ,,YES,,,,,33kV to 92kV,Martinez,Contra Costa,"94553",CA, 
-122.278611000586,37.9661290147615,"133",SS0167,Valley View, ,Operational,PG&E,PG&E,M, ,,,YES,,,,110kV to 161kV,El Sobrante,Contra Costa,"94803",CA, 
-121.960960121007,38.0247653218812,"134",SS0168,Willow Pass, ,Operational,PG&E,PG&E,M, ,,YES,YES,,,,110kV to 161kV,Pittsburg,Contra Costa,"94565",CA, 
-124.207878116085,41.7730555647389,"135",SS0169,Belmont, ,Operational,PCORP,PCORP,U, ,,YES,,,,,33kV to 92kV,Crescent City,Del Norte,"95531",CA, 
-124.139058533179,41.8676567092931,"136",SS0170,Del Norte, ,Operational,PCORP,PCORP,U, ,,YES,YES,,,,110kV to 161kV,Crescent City,Del Norte,"95531",CA, 
-123.966737288061,41.8482508293955,"137",SS0171,Gasquet, ,Operational,PCORP,PCORP,U, ,,,YES,,,,110kV to 161kV,Gasquet,Del Norte,"95543",CA, 
-124.147972130776,41.8517917510968,"138",SS0172,Lake Earl, ,Operational,PCORP,PCORP,U, ,,YES,,,,,33kV to 92kV,Crescent City,Del Norte,"95531",CA, 
-124.097410866396,41.7328952149219,"139",SS0173,Miller Redwood, ,Operational,PCORP,PCORP,U, ,,YES,,,,,33kV to 92kV,Klamath,Del Norte,"95548",CA, 
-124.199166500758,41.7660565380858,"140",SS0174,Northcrest, ,Operational,PCORP,PCORP,U, ,,YES,,,,,33kV to 92kV,Crescent City,Del Norte,"95531",CA, 
-123.864652498842,41.8813957421782,"141",SS0175,Patrick'S Creek, ,Operational,PCORP,PCORP,U, ,,,YES,,,,110kV to 161kV,Gasquet,Del Norte,"95543",CA, 
-124.163458559084,41.7608079471538,"142",SS0176,Redwood, ,Operational,PCORP,PCORP,U, ,,YES,,,,,33kV to 92kV,Crescent City,Del Norte,"95531",CA, 
-124.139409832088,41.9251408477394,"143",SS0177,Simonson, ,Closed,PCORP,PCORP,U, ,,YES,,,,,33kV to 92kV,Smith River,Del Norte,"95567",CA, 
-124.140561331629,41.8854105694673,"144",SS0178,Smith River, ,Operational,PCORP,PCORP,U, ,,YES,,,,,33kV to 92kV,Smith River,Del Norte,"95567",CA, 
-123.035065232583,41.7744236383007,"145",SS0179,Steelhead, ,Operational,PCORP,PCORP,U, ,,YES,,,,,33kV to 92kV,Somes Bar,Siskiyou,"95568",CA, 
-124.05042093917,41.5433626946866,"146",SS0180,Yurok, ,Operational,PCORP,PCORP,U, ,,YES,,,,,33kV to 92kV,Klamath,Del Norte,"95548",CA, 
-119.98583975858,38.8772356688865,"147",SS0181,Meyers, ,Operational,Other,Other,M, ,,YES,YES,,,,110kV to 161kV,South Lake Tahoe,El Dorado,"96150",CA, 
-119.943240328173,38.9318360839128,"148",SS0182,Stateline, ,Operational,Other,Other,M, ,,YES,,,,,33kV to 92kV,South Lake Tahoe,El Dorado,"96150",CA, 
-120.677152032442,38.7396778122755,"149",SS0183,Apple Hill, ,Operational,PG&E,PG&E,M, ,,,YES,,,,110kV to 161kV,Camino,El Dorado,"95709",CA, 
-117.238641795308,34.0796024099275,"150",SS0184,San Bernardino, ,Operational,SCE,SCE,L, ,,YES,YES,YES,,,220kV to 287kV,San Bernardino,San Bernardino,"92408",CA,Same site as g0523
-120.825881726557,38.6934071462579,"151",SS0185,Diamond Springs, ,Operational,PG&E,PG&E,M, ,,,YES,,,,110kV to 161kV,Placerville,El Dorado,"95667",CA, 
-120.621908400584,38.7956002642144,"152",SS0186,El Dorado, ,Closed,PG&E,PG&E,M, ,,,YES,YES,,,220kV to 287kV,Pollock Pines,El Dorado,"95726",CA,Closed with el dorado hydro. h0167
-121.067128481999,38.8849152689568,"153",SS0187,Flint, ,Operational,PG&E,PG&E,M, ,,,YES,,,,110kV to 161kV,Auburn,Placer,"95603",CA, 
-120.980169690467,38.6349277779389,"154",SS0188,Limestone, ,Operational,PG&E,PG&E,M, ,,YES,,,,,33kV to 92kV,Shingle Springs,El Dorado,"95682",CA, 
-121.018969063752,38.914060823064,"155",SS0189,Mt. Quarries, ,Operational,PG&E,PG&E,M, ,,YES,,,,,33kV to 92kV,Cool,El Dorado,"95614",CA, 
-121.094807856421,38.8348538620674,"156",SS0190,Newcastle, ,Operational,PG&E,PG&E,M, ,,,YES,,,,110kV to 161kV,Newcastle,Placer,"95658",CA, 
-120.783825529571,38.7308934958542,"157",SS0191,Placerville, ,Operational,PG&E,PG&E,M, ,,,YES,,,,110kV to 161kV,Placerville,El Dorado,"95667",CA, 
-120.947225012726,38.6592925590027,"158",SS0192,Shingle Springs, ,Operational,PG&E,PG&E,M, ,,YES,YES,,,,110kV to 161kV,Shingle Springs,El Dorado,"95682",CA, 
-121.059530621031,38.6557127640436,"159",SS0193,Clarksville, ,Operational,PG&E,PG&E,M, ,,YES,YES,,,,110kV to 161kV,El Dorado Hills,El Dorado,"95762",CA, 
-114.680465842038,33.6112533720399,"160",SS0194,Blythe Walc, ,Operational,Other,Other,L, ,,YES,YES,,,,110kV to 161kV,Blythe,Riverside,"92225",CA,Same site as g0843
-120.381941398178,38.8502834259099,"161",SS0196,Jones Fork, ,Operational,SMUD,SMUD,M, ,,,YES,,,,110kV to 161kV,Eldorado Ntl Forest,El Dorado,"00051",CA, 
-120.619297908889,38.7933724600267,"162",SS0198,Camino, ,Operational,PG&E,PG&E,M, ,,,YES,,,,110kV to 161kV,Pollock Pines,El Dorado,"95726",CA, 
-120.442838416926,38.863426847183,"163",SS0199,Union Valley, ,Operational,SMUD,SMUD,M, ,,YES,,YES,,,220kV to 287kV,Eldorado Ntl Forest,El Dorado,"00051",CA, 
-119.581829622972,36.5407563538839,"164",SS0201,Guardian, ,Operational,Other,Other,L, ,,,YES,,,,110kV to 161kV,Kingsburg,Fresno,"93631",CA, 
-119.696841819228,36.7577272896304,"165",SS0202,Las Palmas, ,Operational,Other,Other,M, ,,,YES,,,,110kV to 161kV,Fresno,Fresno,"93727",CA, 
-119.947046985371,36.3194572531445,"166",SS0203,Mussel Slough, ,Operational,Other,Other,L, ,,YES,,,,,33kV to 92kV,Lemoore,Kings,"93245",CA, 
-120.368690836279,36.2377380423992,"167",SS0204,Oil City, ,Operational,Other,Other,L, ,,YES,,,,,33kV to 92kV,Coalinga,Fresno,"93210",CA, 
-120.70181596386,36.7150883810317,"168",SS0205,Oxford, ,Operational,PG&E,PG&E,M, ,,,,,YES,,345kV to 500kV,Mendota,Fresno,"93640",CA, 
-120.381451147963,36.2245644992231,"169",SS0206,Penn Zier, ,Operational,Other,Other,L, ,,YES,,,,,33kV to 92kV,Coalinga,Fresno,"93210",CA, 
-119.754476276477,36.700562474824,"170",SS0207,Ranchers Cotton, ,Operational,PG&E,PG&E,M, ,,,YES,,,,110kV to 161kV,Fresno,Fresno,"93725",CA, 
-119.773830280445,36.9028549524864,"171",SS0208,River Rock, ,Operational,PG&E,PG&E,M, ,,YES,,,,,33kV to 92kV,Fresno,Fresno,"93730",CA, 
-120.355258971343,36.1922901951548,"172",SS0210,Tornado, ,Operational,Other,Other,L, ,,YES,,,,,33kV to 92kV,Coalinga,Fresno,"93210",CA, 
-120.342299435765,36.6324125483799,"173",SS0212,Westlands, ,Operational,PG&E,PG&E,L, ,,YES,,,,,33kV to 92kV,Tranquillity,Fresno,"93668",CA, 
-120.485250372998,36.5280696724293,"174",SS0213,Kamm, ,Operational,Other,Other,L, ,,,YES,,,,110kV to 161kV,Mendota,Fresno,"93640",CA, 
-120.099808921617,36.6176907914758,"175",SS0216,Agrico, ,Operational,Other,Other,L, ,,YES,,,,,33kV to 92kV,Kerman,Fresno,"93630",CA, 
-119.734898120691,36.7642377128582,"176",SS0217,Barton, ,Operational,PG&E,PG&E,M, ,,,YES,,,,110kV to 161kV,Fresno,Fresno,"93727",CA, 
-120.114133854741,36.7927348470935,"177",SS0222,Biola, ,Operational,PG&E,PG&E,M, ,,YES,,,,,33kV to 92kV,Kerman,Fresno,"93630",CA, 
-119.768463189902,36.8238720738313,"178",SS0223,Bullard, ,Operational,PG&E,PG&E,M, ,,,YES,,,,110kV to 161kV,Fresno,Fresno,"93710",CA, 
-120.122062321014,36.2840034026204,"179",SS0224,Calflax, ,Operational,Other,Other,L, ,,YES,,,,,33kV to 92kV,Huron,Fresno,"93234",CA, 
-119.7989539504,36.4459810824812,"180",SS0226,Camden, ,Operational,PG&E,PG&E,L, ,,YES,,,,,33kV to 92kV,Riverdale,Fresno,"93656",CA, 
-120.341643009483,36.4293085900531,"181",SS0227,Cantua, ,Operational,PG&E,PG&E,L, ,,,YES,,,,110kV to 161kV,Coalinga,Fresno,"93210",CA, 
-120.44954395853,36.8360877197675,"182",SS0228,Capco Madera, ,Operational,PG&E,PG&E,M, ,,YES,,,,,33kV to 92kV,Firebaugh,Fresno,"93622",CA, 
-119.881456764983,36.5321644448376,"183",SS0229,Caruthers, ,Operational,PG&E,PG&E,L, ,,YES,,,,,33kV to 92kV,Caruthers,Fresno,"93609",CA, 
-120.531980745913,36.6327547416527,"184",SS0230,Cheney, ,Operational,PG&E,PG&E,L, ,,,YES,,,,110kV to 161kV,Mendota,Fresno,"93640",CA, 
-119.681241126704,36.8261930543151,"185",SS0231,Clovis, ,Operational,PG&E,PG&E,M, ,,,YES,,,,110kV to 161kV,Clovis,Fresno,"93611",CA, 
-119.664693701625,36.8958075924664,"186",SS0234,Coppermine, ,Operational,PG&E,PG&E,M, ,,YES,YES,,,,110kV to 161kV,Clovis,Fresno,"93619",CA, 
-120.337875728903,36.2264980884765,"187",SS0236,Derrick, ,Operational,Other,Other,L, ,,YES,,,,,33kV to 92kV,Coalinga,Fresno,"93210",CA, 
-119.419020749645,36.5701644316058,"188",SS0237,Dinuba Energy, ,Operational,Other,Other,L, ,,YES,,,,,33kV to 92kV,Reedley,Tulare,"93654",CA, 
-119.028943008597,36.7093476857087,"189",SS0238,Dunlap, ,Operational,PG&E,PG&E,M, ,,YES,,,,,33kV to 92kV,Miramonte,Fresno,"93641",CA, 
-119.858915219389,36.8219136250281,"190",SS0239,Fig Garden, ,Operational,PG&E,PG&E,M, ,,,YES,YES,,,220kV to 287kV,Fresno,Fresno,"93711",CA, 
-120.466359518551,36.8505760961605,"191",SS0240,Firebaugh, ,Operational,PG&E,PG&E,M, ,,YES,,,,,33kV to 92kV,Firebaugh,Fresno,"93622",CA, 
-120.125450973078,36.1402400279508,"192",SS0242,Gates, ,Operational,PG&E,PG&E,L,GTS,,YES,YES,YES,YES,,345kV to 500kV,Huron,Fresno,"93234",CA, 
-120.33476285282,36.5451386199423,"193",SS0244,Giffen, ,Operational,PG&E,PG&E,L, ,,YES,,,,,33kV to 92kV,Cantua Creek,Fresno,"93608",CA, 
-120.603297968027,36.7202302382815,"194",SS0246,Hammonds, ,Operational,PG&E,PG&E,M, ,,,YES,,,,110kV to 161kV,Firebaugh,Fresno,"93622",CA, 
-120.176186028038,36.5914184344778,"195",SS0247,Helm, ,Operational,PG&E,PG&E,L, ,,YES,,YES,,,220kV to 287kV,San Joaquin,Fresno,"93660",CA, 
-119.922122003469,36.8447128219764,"196",SS0248,Herndon, ,Operational,PG&E,PG&E,M, ,,,YES,YES,,,220kV to 287kV,Fresno,Fresno,"93722",CA, 
-120.103898435894,36.1860589514042,"197",SS0249,Huron, ,Operational,PG&E,PG&E,L, ,,YES,,,,,33kV to 92kV,Huron,Fresno,"93234",CA, 
-120.060070267554,36.6915299929382,"198",SS0252,Kerman, ,Operational,PG&E,PG&E,M, ,,YES,,,,,33kV to 92kV,Kerman,Fresno,"93630",CA, 
-119.882852321175,36.7056178638706,"199",SS0253,Kearney (New), ,Operational,PG&E,PG&E,M, ,,YES,,YES,,,220kV to 287kV,Fresno,Fresno,"93706",CA, 
-119.880010295998,36.7067889679411,"200",SS0254,Kearney (Old), ,Operational,PG&E,PG&E,M, ,,YES,,,,,33kV to 92kV,Fresno,Fresno,"93706",CA, 
-119.159461962725,36.88826305247,"201",SS0255,Kings River, ,Operational,PG&E,PG&E,M, ,,,YES,,,,110kV to 161kV,Kings Canyon National Pk,Fresno,"93633",CA, 
-119.58247758463,36.4884270962706,"202",SS0256,Kingsburg, ,Operational,PG&E,PG&E,L, ,,YES,YES,,,,110kV to 161kV,Kingsburg,Fresno,"93631",CA, 
-119.72652130294,36.6932499807105,"203",SS0259,Malaga, ,Operational,PG&E,PG&E,M, ,,,YES,,,,110kV to 161kV,Fresno,Fresno,"93725",CA, 
-119.787866170752,36.7880502720621,"204",SS0260,Manchester, ,Operational,PG&E,PG&E,M, ,,,YES,,,,110kV to 161kV,Fresno,Fresno,"93726",CA, 
-119.639197980143,36.6108239708345,"205",SS0261,Mc Call, ,Operational,PG&E,PG&E,L, ,,,YES,YES,,,220kV to 287kV,Fowler,Fresno,"93625",CA, 
-119.988695661437,36.5933641512994,"206",SS0262,Mc Mullin, ,Operational,PG&E,PG&E,L, ,,,,YES,,,220kV to 287kV,Fresno,Fresno,"93706",CA, 
-120.458942308507,36.7205913210725,"207",SS0263,Mendota, ,Operational,PG&E,PG&E,M, ,,YES,YES,,,,110kV to 161kV,Mendota,Fresno,"93640",CA, 
-120.365357433978,36.756235505656,"208",SS0264,Mendota-Biomass, ,Operational,Other,Other,M, ,,YES,,,,,33kV to 92kV,Mendota,Fresno,"93640",CA, 
-120.654903188676,36.8867455817054,"209",SS0265,Oro Loma, ,Operational,PG&E,PG&E,M, ,,YES,YES,,,,110kV to 161kV,Firebaugh,Fresno,"93622",CA, 
-119.773294305971,36.6056139899096,"210",SS0266,Bowles, ,Operational,PG&E,PG&E,L, ,,YES,,,,,33kV to 92kV,Fresno,Fresno,"93725",CA, 
-120.581743255213,36.6535312760509,"211",SS0267,Panoche, ,Operational,PG&E,PG&E,L, ,,YES,YES,YES,,,220kV to 287kV,Firebaugh,Fresno,"93622",CA, 
-119.521297450031,36.6075484721016,"212",SS0268,Parlier, ,Operational,PG&E,PG&E,L, ,,YES,,,,,33kV to 92kV,Parlier,Fresno,"93648",CA, 
-119.403390994196,36.7899456991744,"213",SS0269,Piedra, ,Operational,Other,Other,M, ,,,YES,,,,110kV to 161kV,Sanger,Fresno,"93657",CA, 
-119.538101240673,36.7102171719037,"214",SS0271,Rainbow, ,Operational,PG&E,PG&E,M, ,,,YES,,,,110kV to 161kV,Sanger,Fresno,"93657",CA, 
-119.376195764778,36.6043421435852,"215",SS0272,Reedley, ,Operational,PG&E,PG&E,L, ,,YES,YES,,,,110kV to 161kV,Reedley,Fresno,"93654",CA, 
-120.178338559725,36.620931147801,"216",SS0273,San Joaquin, ,Operational,PG&E,PG&E,L, ,,YES,,,,,33kV to 92kV,San Joaquin,Fresno,"93660",CA, 
-119.160485532848,36.6447822432518,"217",SS0274,Sand Creek, ,Operational,PG&E,PG&E,M, ,,YES,,,,,33kV to 92kV,Orosi,Tulare,"93647",CA, 
-119.610887404336,36.707218174738,"218",SS0275,Sanger, ,Operational,PG&E,PG&E,M, ,,YES,YES,,,,110kV to 161kV,Sanger,Fresno,"93657",CA, 
-120.138709488446,36.401939443963,"219",SS0276,Schindler, ,Operational,PG&E,PG&E,L, ,,YES,YES,,,,110kV to 161kV,Huron,Fresno,"93234",CA, 
-120.104493755745,36.5310826458437,"220",SS0277,Stroud, ,Operational,PG&E,PG&E,L, ,,YES,,,,,33kV to 92kV,Huron,Fresno,"93234",CA, 
-119.393300350168,36.7705439389891,"221",SS0278,Tivy Valley, ,Operational,PG&E,PG&E,M, ,,YES,,,,,33kV to 92kV,Sanger,Fresno,"93657",CA, 
-119.721971319228,36.6875329789886,"222",SS0279,Air Products, ,Operational,Other,Other,M, ,,,YES,,,,110kV to 161kV,Fresno,Fresno,"93725",CA, 
-119.452596082958,36.6153856620814,"223",SS0280,Wahtoke, ,Operational,PG&E,PG&E,L, ,,,YES,,,,110kV to 161kV,Reedley,Fresno,"93654",CA, 
-120.334382644763,36.6610780752825,"224",SS0281,Wesix, ,Operational,WAPA,WAPA,L, ,,YES,,,,,33kV to 92kV,Tranquillity,Fresno,"93668",CA, 
-119.818991781311,36.7181686370397,"225",SS0282,West Fresno, ,Operational,PG&E,PG&E,M, ,,,YES,,,,110kV to 161kV,Fresno,Fresno,"93706",CA, 
-120.279265743848,36.3991349185933,"226",SS0283,Westlands 16 Ra, ,Operational,Other,Other,L, ,,YES,YES,,,,110kV to 161kV,Coalinga,Fresno,"93210",CA, 
-120.251193431399,36.3568524434851,"227",SS0284,Westlands 18 Ra, ,Operational,Other,Other,L, ,,YES,,,,,33kV to 92kV,Coalinga,Fresno,"93210",CA, 
-119.75098827845,36.8962719620938,"228",SS0287,Woodward, ,Operational,PG&E,PG&E,M, ,,,YES,,,,110kV to 161kV,Clovis,Fresno,"93619",CA, 
-119.24035441581,37.2041734570641,"229",SS0294,Camp 10, ,Operational,SCE,SCE,M, ,,YES,,YES,,,220kV to 287kV,Shaver Lake,Fresno,"93664",CA, 
-119.194296428604,37.2454689634061,"230",SS0297,Line Creek, ,Operational,SCE,SCE,M, ,,YES,,,,,33kV to 92kV,Shaver Lake,Fresno,"93664",CA, 
-119.159105016724,37.2569860286066,"231",SS0298,Portal,LUNAR,Operational,SCE,SCE,M, ,,YES,,,,,33kV to 92kV,Shaver Lake,Fresno,"93664",CA, 
-119.240833720544,37.2054336186574,"232",SS0300,Pitman, ,Operational,SCE,SCE,M, ,,YES,,,,,33kV to 92kV,Shaver Lake,Fresno,"93664",CA, 
-120.620294520052,36.8360389257401,"233",SS0303,De Francesco, ,Operational,PG&E,PG&E,M, ,,,YES,,,,110kV to 161kV,Firebaugh,Fresno,"93622",CA, 
-120.147806653815,36.1525161102411,"234",SS0304,Gates Wellhead, ,Operational,PG&E,PG&E,L, ,,YES,,,,,33kV to 92kV,Huron,Fresno,"93234",CA, 
-122.010458537836,39.5827805160071,"235",SS0305,Jacinto, ,Operational,PG&E,PG&E,U, ,,YES,,,,,33kV to 92kV,Glenn,Glenn,"95943",CA, 
-122.103797520524,39.7759584529416,"236",SS0306,Capay, ,Operational,PG&E,PG&E,U, ,,YES,,,,,33kV to 92kV,Orland,Glenn,"95963",CA, 
-122.54289693068,39.592908619471,"237",SS0307,Elk Creek, ,Operational,PG&E,PG&E,U, ,,YES,,,,,33kV to 92kV,Elk Creek,Glenn,"95939",CA, 
-122.142890629834,39.7779079187753,"238",SS0308,Glenn, ,Operational,PG&E,PG&E,U, ,,YES,,YES,,,220kV to 287kV,Orland,Glenn,"95963",CA, 
-122.051296948333,39.7892740262694,"239",SS0309,Headgate, ,Operational,PG&E,PG&E,U, ,,YES,,,,,33kV to 92kV,Orland,Glenn,"95963",CA, 
-122.263037443081,39.5395060937376,"240",SS0310,Logan Creek, ,Operational,PG&E,PG&E,U, ,,,,YES,,,220kV to 287kV,Willows,Glenn,"95988",CA, 
-122.178727588987,39.7251908815589,"241",SS0311,Orland B, ,Operational,PG&E,PG&E,U, ,,YES,,,,,33kV to 92kV,Orland,Glenn,"95963",CA, 
-122.004690364978,39.5577634310397,"242",SS0312,Provident, ,Operational,PG&E,PG&E,U, ,,YES,,,,,33kV to 92kV,Glenn,Glenn,"95943",CA, 
-122.18611053874,39.531670893936,"243",SS0313,Willows A, ,Operational,PG&E,PG&E,U, ,,YES,,,,,33kV to 92kV,Willows,Glenn,"95988",CA, 
-122.533143507472,39.5870379458149,"244",SS0314,Stony Gorge, ,Operational,PG&E,PG&E,U, ,,YES,,,,,33kV to 92kV,Elk Creek,Glenn,"95939",CA, 
-123.99461940302,40.8779293146069,"245",SS0315,Ultra Power (Blue Lake), ,Operational,PG&E,PG&E,U, ,,YES,,,,,33kV to 92kV,Arcata,Humboldt,"95521",CA, 
-124.088410409924,40.8670761290743,"246",SS0317,Arcata, ,Operational,PG&E,PG&E,U, ,,,,,,,110kV to 161kV,Arcata,Humboldt,"95521",CA, 
-124.101992456084,41.1627096852638,"247",SS0318,Big Lagoon, ,Operational,PG&E,PG&E,U, ,,YES,,,,,33kV to 92kV,Trinidad,Humboldt,"95570",CA, 
-124.034355331456,40.9058389166787,"248",SS0319,Blue Chip Milling, ,Operational,Other,Other,U, ,,YES,,,,,33kV to 92kV,Mckinleyville,Humboldt,"95519",CA, 
-123.980576872315,40.8798292481069,"249",SS0320,Blue Lake, ,Operational,PG&E,PG&E,U, ,,YES,,,,,110kV to 161kV,Arcata,Humboldt,"95521",CA, 
-123.780296052431,40.4796409288887,"250",SS0321,Bridgeville, ,Operational,PG&E,PG&E,U, ,,YES,YES,,,,110kV to 161kV,Bridgeville,Humboldt,"95526",CA, 
-124.0637534799,40.5411419014695,"251",SS0322,Carlotta, ,Operational,PG&E,PG&E,U, ,,YES,,,,,33kV to 92kV,Kneeland,Humboldt,"95549",CA, 
-124.21011898342,40.602617799284,"252",SS0324,Eel River, ,Operational,PG&E,PG&E,U, ,,YES,,,,,33kV to 92kV,Ferndale,Humboldt,"95536",CA, 
-124.196279963977,40.8004620119,"253",SS0325,Fairhaven, ,Operational,PG&E,PG&E,U, ,,YES,,,,,33kV to 92kV,Samoa,Humboldt,"95564",CA, 
-124.196182376617,40.8059155732472,"254",SS0326,Louisiana Pacific (Samoa),FAIRHAVEN POWER,Operational,Other,Other,U, ,,YES,,,,,33kV to 92kV,Samoa,Humboldt,"95564",CA, 
-123.596370692995,40.2137719760013,"255",SS0327,Fort Seward, ,Operational,PG&E,PG&E,U, ,,YES,,,,,33kV to 92kV,Blocksburg,Humboldt,"95514",CA, 
-123.837293961326,40.2858367177322,"256",SS0328,Fruitland, ,Operational,PG&E,PG&E,U, ,,YES,,,,,33kV to 92kV,Myers Flat,Humboldt,"95554",CA, 
-123.792863700434,40.1030028454209,"257",SS0329,Garberville, ,Operational,PG&E,PG&E,U, ,,YES,,,,,33kV to 92kV,Garberville,Humboldt,"95542",CA, 
-124.131839562534,40.7809095570805,"258",SS0330,Harris, ,Operational,PG&E,PG&E,U, ,,YES,,,,,33kV to 92kV,Eureka,Humboldt,"95503",CA, 
-123.682095081978,41.0564603000988,"259",SS0331,Hoopa, ,Operational,PG&E,PG&E,U, ,,YES,,,,,33kV to 92kV,Hoopa,Humboldt,"95546",CA, 
-124.112366164669,40.782579541312,"260",SS0332,Humboldt, ,Operational,PG&E,PG&E,U, ,,YES,YES,,,,110kV to 161kV,Eureka,Humboldt,"95503",CA, 
-124.209642056208,40.7403202412869,"261",SS0333,Humboldt Bay, ,Operational,PG&E,PG&E,U, ,,YES,,,,,110kV to 161kV,Eureka,Humboldt,"95503",CA, 
-124.072333114189,40.9051327784517,"262",SS0334,Janes Creek, ,Operational,PG&E,PG&E,U, ,,YES,,,,,33kV to 92kV,Arcata,Humboldt,"95521",CA, 
-124.152328639806,40.8657463336913,"263",SS0335,Sierra Pacific Lumber, ,Operational,Other,Other,U, ,,YES,,,,,33kV to 92kV,Arcata,Humboldt,"95521",CA, 
-123.873686384895,40.7678940539037,"264",SS0336,Maple Creek, ,Operational,PG&E,PG&E,U, ,,YES,YES,,,,110kV to 161kV,Korbel,Humboldt,"95550",CA, 
-124.135193372665,40.5945879618268,"265",SS0337,Newburg, ,Operational,PG&E,PG&E,U, ,,YES,,,,,33kV to 92kV,Fortuna,Humboldt,"95540",CA, 
-121.641637916615,37.8011549982316,"266",SS0338,Windmaster, ,Operational,Other,Other,M, ,,,,YES,,,220kV to 287kV,Byron,Contra Costa,"94514",CA, 
-124.103986253225,40.4809184510798,"267",SS0339,Pacific Lumber, ,Operational,Other,Other,U, ,,YES,,,,,33kV to 92kV,Scotia,Humboldt,"95565",CA, 
-123.669764722881,40.7289141868407,"268",SS0340,Ridge Cabin, ,Closed,PG&E,PG&E,U, ,,YES,,,,,33kV to 92kV,Korbel,Humboldt,"95550",CA,Closed per new pg&e map dated 04/99
-124.099254245096,40.4953848021498,"269",SS0341,Rio Dell, ,Operational,PG&E,PG&E,U, ,,YES,,,,,33kV to 92kV,Rio Dell,Humboldt,"95562",CA, 
-123.828223722088,40.8204925507262,"270",SS0342,Russ Ranch, ,Operational,PG&E,PG&E,U, ,,YES,,,,,110kV to 161kV,Korbel,Humboldt,"95550",CA, 
-121.120639011318,37.7332899715726,"271",SS0343,Mrip,SIMPSON PAPER (SAN JOAQUIN),Operational,Other,Other,M, ,,,YES,,,,110kV to 161kV,Ripon,San Joaquin,"95366",CA, 
-124.128409336401,41.0647318302077,"272",SS0344,Trinidad, ,Operational,PG&E,PG&E,U, ,,YES,,,,,33kV to 92kV,Trinidad,Humboldt,"95570",CA, 
-123.640092345671,40.9478708133553,"273",SS0345,Willow Creek, ,Operational,PG&E,PG&E,U, ,,YES,,,,,33kV to 92kV,Willow Creek,Humboldt,"95573",CA, 
-115.518877289535,32.9989742123472,"274",SS0346,Alamorio, ,Operational,IID,IID,L, ,,YES,,,,,33kV to 92kV,Brawley,Imperial,"92227",CA, 
-115.978523999616,33.1253260150795,"275",SS0347,Anza, ,Operational,IID,IID,L, ,,YES,,,,,33kV to 92kV,Thermal,Imperial,"92274",CA, 
-114.574579243795,32.7814948083573,"276",SS0348,Bard, ,Operational,IID,IID,L, ,,YES,,,,,33kV to 92kV,Winterhaven,Imperial,"92283",CA, 
-114.490086872577,32.8663155303232,"277",SS0349,Barret, ,Operational,IID,IID,L, ,,YES,,,,,33kV to 92kV,Winterhaven,Imperial,"92283",CA, 
-115.68875491916,33.3849562563756,"278",SS0350,Bombay, ,Operational,IID,IID,L, ,,YES,,,,,33kV to 92kV,Niland,Imperial,"92257",CA, 
-115.500260190247,32.6691047517947,"279",SS0353,Calexico, ,Operational,IID,IID,L, ,,YES,,,,,33kV to 92kV,Calexico,Imperial,"92231",CA, 
-115.51013579219,33.1265562951996,"280",SS0354,Calipatria, ,Operational,IID,IID,L, ,,YES,,,,,33kV to 92kV,Calipatria,Imperial,"92233",CA, 
-115.577970658781,32.8179093669668,"281",SS0355,Central, ,Operational,IID,IID,L, ,,YES,,,,,33kV to 92kV,El Centro,Imperial,"92243",CA, 
-115.577822104243,32.7810536306653,"282",SS0356,Dahlia, ,Operational,IID,IID,L, ,,YES,,,,,33kV to 92kV,El Centro,Imperial,"92243",CA, 
-116.050738163816,33.4118006525022,"283",SS0360,Desert Shores, ,Operational,IID,IID,L, ,,YES,,,,,33kV to 92kV,Thermal,Imperial,"92274",CA, 
-115.77840838378,32.7937566386408,"284",SS0361,Dixieland, ,Operational,IID,IID,L, ,,YES,,,,,33kV to 92kV,Thermal,Imperial,"92274",CA, 
-115.537135482269,32.8023366083647,"285",SS0373,El Centro, ,Operational,IID,IID,L, ,,YES,YES,YES,,,220kV to 287kV,El Centro,Imperial,"92243",CA, 
-115.57909114823,32.799628482726,"286",SS0376,Euclid, ,Operational,IID,IID,L, ,,YES,,,,,33kV to 92kV,Imperial,Imperial,"92251",CA, 
-114.984128529847,33.0535957736076,"287",SS0381,Goldfields, ,Operational,IID,IID,L, ,,YES,,,,,33kV to 92kV,Winterhaven,Imperial,"92283",CA, 
-114.884182925487,33.0470284160027,"288",SS0382,Goldmine, ,Operational,IID,IID,L, ,,YES,YES,,,,110kV to 161kV,Winterhaven,Imperial,"92283",CA, 
-115.534544763891,32.7147767149764,"289",SS0384,Heber, ,Operational,IID,IID,L, ,,YES,,,,,33kV to 92kV,El Centro,Imperial,"92243",CA, 
-115.273700300852,32.7702881676691,"290",SS0385,Highline, ,Operational,IID,IID,L, ,,YES,,YES,,,220kV to 287kV,Holtville,Imperial,"92250",CA, 
-115.568112859371,32.9119932037479,"291",SS0386,Holly Sugar, ,Operational,IID,IID,L, ,,YES,,,,,33kV to 92kV,Brawley,Imperial,"92227",CA, 
-115.387982850397,32.8124090293596,"292",SS0387,Holtville, ,Operational,IID,IID,L, ,,YES,,,,,33kV to 92kV,Holtville,Imperial,"92250",CA, 
-115.563732895421,32.8561510847811,"293",SS0388,Imperial Valley, ,Operational,IID,IID,L, ,,YES,,,,,33kV to 92kV,Imperial,Imperial,"92251",CA, 
-115.715649841543,32.7179429272013,"294",SS0389,Imperial Valley, ,Operational,SDG&E,SDG&E,L, ,,,YES,YES,YES,,345kV to 500kV,Thermal,Imperial,"92274",CA, 
-118.423062724169,33.9084388085276,"295",SS0390,El Segundo, ,Operational,SCE,SCE,L, ,,YES,,YES,,,220kV to 287kV,El Segundo,Los Angeles,"90245",CA, 
-114.986723862468,33.0273658018187,"296",SS0391,Mesquite, ,Operational,IID,IID,L, ,,YES,,,,,33kV to 92kV,Imperial,Imperial,"92251",CA, 
-115.434462635468,33.1923577831954,"297",SS0392,Midway, ,Operational,IID,IID,L, ,,YES,,YES,,,220kV to 287kV,Calipatria,Imperial,"92233",CA, 
-114.590072541444,32.7529338812366,"298",SS0393,No Mans Land, ,Operational,IID,IID,L, ,,YES,,,,,33kV to 92kV,Winterhaven,Imperial,"92283",CA, 
-115.031153320548,32.7062095874528,"299",SS0394,Drop 2, ,Operational,IID,IID,L, ,,YES,,,,,33kV to 92kV,Winterhaven,Imperial,"92283",CA, 
-114.942550134646,32.7111417150282,"300",SS0395,Drop 1, ,Operational,IID,IID,L, ,,YES,,,,,33kV to 92kV,Winterhaven,Imperial,"92283",CA, 
-114.712633743624,32.7365683935815,"301",SS0396,Araz, ,Operational,IID,IID,L, ,,,YES,,,,110kV to 161kV,Winterhaven,Imperial,"92283",CA, 
-115.680413352287,32.8114007063506,"302",SS0397,Navy Base, ,Operational,IID,IID,L, ,,YES,,,,,33kV to 92kV,El Centro,Imperial,"92243",CA, 
-115.501109395268,33.2422721309131,"303",SS0398,Niland, ,Operational,IID,IID,L, ,,YES,YES,,,,110kV to 161kV,Calipatria,Imperial,"92233",CA, 
-115.542960596956,32.9869673560364,"304",SS0400,Oakley, ,Operational,IID,IID,L, ,,YES,,,,,33kV to 92kV,Brawley,Imperial,"92227",CA, 
-115.490746712938,32.6870979303478,"305",SS0403,Perry, ,Operational,IID,IID,L, ,,YES,,,,,33kV to 92kV,Calexico,Imperial,"92231",CA, 
-114.748645233594,32.7603633089126,"306",SS0404,Knob,Knob USBR,Operational,WAPA,WAPA,L, ,,,YES,,,,110kV to 161kV,Winterhaven,Imperial,"92283",CA, 
-115.857789356318,32.7918412211876,"307",SS0406,Plaster City, ,Operational,IID,IID,L, ,,YES,,,,,33kV to 92kV,Thermal,Imperial,"92274",CA, 
-115.508532827913,32.6859757099109,"308",SS0407,Pruett, ,Operational,IID,IID,L, ,,YES,,,,,33kV to 92kV,Calexico,Imperial,"92231",CA, 
-115.534206585667,32.9703917519043,"309",SS0408,Brawley, ,Operational,IID,IID,L, ,,YES,,,,,33kV to 92kV,Brawley,Imperial,"92227",CA, 
-115.969821598093,33.2852839990382,"310",SS0410,Salton City, ,Operational,IID,IID,L, ,,YES,,,,,33kV to 92kV,Thermal,Imperial,"92274",CA, 
-115.69465481119,32.7914846147713,"311",SS0412,Seeley, ,Operational,IID,IID,L, ,,YES,,,,,33kV to 92kV,El Centro,Imperial,"92243",CA, 
-115.637660586434,32.7527007133744,"312",SS0413,Silsbee, ,Operational,IID,IID,L, ,,YES,,,,,33kV to 92kV,El Centro,Imperial,"92243",CA, 
-115.74342445062,32.8806173674257,"313",SS0414,Superstition, ,Operational,IID,IID,L, ,,YES,,,,,33kV to 92kV,Imperial,Imperial,"92251",CA, 
-115.534023960041,32.7592992072398,"314",SS0415,Valley, ,Operational,IID,IID,L, ,,YES,,,,,33kV to 92kV,El Centro,Imperial,"92243",CA, 
-115.283189019573,32.6993981591581,"315",SS0416,Verde, ,Operational,IID,IID,L, ,,YES,,,,,33kV to 92kV,Holtville,Imperial,"92250",CA, 
-115.618980600304,33.0380955009271,"316",SS0420,Westmorland, ,Operational,IID,IID,L, ,,YES,,,,,33kV to 92kV,Westmorland,Imperial,"92281",CA, 
-114.633455207606,32.7388589960071,"317",SS0421,Winterhaven, ,Operational,IID,IID,L, ,,YES,,,,,33kV to 92kV,Winterhaven,Imperial,"92283",CA, 
-117.979591737896,37.3743770465955,"318",SS0440,Deep Springs, ,Closed,SCE,SCE,M, ,,YES,,,,,33kV to 92kV,Big Pine,Inyo,"93513",CA,Closed per new sc&e map 01-99
-117.956443225328,36.1098865708175,"319",SS0441,Haiwee, ,Operational,SCE,SCE,L, ,,YES,YES,,,,110kV to 161kV,Ridgecrest,Inyo,"93555",CA, 
-118.072488483542,36.6007056521265,"320",SS0442,Lone Pine, ,Operational,SCE,SCE,M, ,,,YES,,,,110kV to 161kV,Lone Pine,Inyo,"93545",CA, 
-118.70188192873,37.3597552945478,"321",SS0443,Morgan, ,Operational,SCE,SCE,M, ,,YES,,,,,33kV to 92kV,Bishop,Inyo,"93514",CA, 
-118.465340032785,37.3498012042587,"322",SS0444,Mt. Tom, ,Operational,SCE,SCE,M, ,,YES,,,,,33kV to 92kV,Bishop,Inyo,"93514",CA, 
-118.350523919484,37.400695011829,"323",SS0451,Roberts, ,Closed,SCE,SCE,M, ,,YES,,,,,33kV to 92kV,Bishop,Inyo,"93514",CA,Closed per new sc&e map 01-99
-120.011182989268,35.7115958724005,"324",SS0455,Berrenda A, ,Operational,PG&E,PG&E,L, ,,YES,,,,,33kV to 92kV,Lost Hills,Kern,"93249",CA, 
-120.042417112802,35.6584965380458,"325",SS0456,Berrenda C, ,Operational,PG&E,PG&E,L, ,,YES,,,,,33kV to 92kV,Lost Hills,Kern,"93249",CA, 
-118.900957576015,34.8805096729005,"326",SS0457,Castaic, ,Operational,Other,Other,L, ,,YES,,,,,33kV to 92kV,Frazier Park,Kern,"93225",CA, 
-119.118306418204,35.4707608429335,"327",SS0458,Cawelo B, ,Operational,PG&E,PG&E,L, ,,YES,,,,,33kV to 92kV,Bakersfield,Kern,"93308",CA, 
-119.115407607725,35.5707526062497,"328",SS0459,Cawelo C, ,Operational,PG&E,PG&E,L, ,,,YES,,,,110kV to 161kV,Bakersfield,Kern,"93308",CA, 
-119.065859220957,35.0629455200764,"329",SS0460,Emidio Mobil, ,Operational,Other,Other,L, ,,YES,,,,,33kV to 92kV,Bakersfield,Kern,"93313",CA, 
-119.035380553165,35.4010524755399,"330",SS0461,Kernwater, ,Operational,PG&E,PG&E,L, ,,,YES,,,,110kV to 161kV,Bakersfield,Kern,"93308",CA, 
-118.844237858525,34.9549092590122,"331",SS0462,Lebec, ,Operational,SCE,SCE,L, ,,YES,,YES,,,220kV to 287kV,Rosamond,Kern,"93560",CA, 
-119.866270871793,35.7857269548694,"332",SS0463,Lost Hills, ,Operational,PG&E,PG&E,L, ,,YES,,,,,33kV to 92kV,Lost Hills,Kern,"93249",CA, 
-118.992179233722,35.4546255959603,"333",SS0464,Petrol, ,Operational,PG&E,PG&E,L, ,,YES,YES,,,,110kV to 161kV,Bakersfield,Kern,"93308",CA, 
-119.061814377033,35.0640092420392,"334",SS0465,Valpredo, ,Operational,PG&E,PG&E,L, ,,YES,,,,,33kV to 92kV,Bakersfield,Kern,"93313",CA, 
-118.925287161929,34.9263925634931,"335",SS0466,Pacific Pipeline,WARREN,Operational,Other,Other,L, ,,YES,,,,,33kV to 92kV,Lebec,Kern,"93243",CA, 
-119.996421854945,35.6578962808596,"336",SS0470,Antelope, ,Operational,PG&E,PG&E,L, ,,YES,,,,,33kV to 92kV,Lost Hills,Kern,"93249",CA, 
-119.913591213928,35.77551746243,"337",SS0471,Arco, ,Operational,PG&E,PG&E,L, ,,YES,,YES,,,220kV to 287kV,Lost Hills,Kern,"93249",CA, 
-118.878454969612,35.1503095887312,"338",SS0472,Arvin, ,Operational,PG&E,PG&E,L, ,,YES,,,,,33kV to 92kV,Arvin,Kern,"93203",CA, 
-118.933201480668,35.3169756075872,"339",SS0473,Arvin-Edison, ,Operational,Other,Other,L, ,,,YES,,,,110kV to 161kV,Bakersfield,Kern,"93307",CA, 
-119.004423600658,35.3872275180967,"340",SS0474,Bakersfield, ,Operational,PG&E,PG&E,L, ,,YES,,YES,,,220kV to 287kV,Bakersfield,Kern,"93301",CA, 
-119.853698582681,35.6146173107987,"341",SS0475,Blackwell, ,Operational,PG&E,PG&E,L, ,,YES,,,,,33kV to 92kV,Lost Hills,Kern,"93249",CA, 
-119.403532840909,35.1067755933108,"342",SS0476,Cadet, ,Operational,PG&E,PG&E,L, ,,YES,,,,,33kV to 92kV,Taft,Kern,"93268",CA, 
-119.085794250252,35.3110011355512,"343",SS0477,Carnation Dairy, ,Operational,PG&E,PG&E,L, ,,YES,,,,,33kV to 92kV,Bakersfield,Kern,"93313",CA, 
-119.805217997827,35.5410950283528,"344",SS0478,Carneras, ,Operational,PG&E,PG&E,L, ,,YES,,,,,33kV to 92kV,Lost Hills,Kern,"93249",CA, 
-119.760369088535,35.4747086863601,"345",SS0479,Celeron, ,Operational,Other,Other,L, ,,YES,,,,,33kV to 92kV,Mc Kittrick,Kern,"93251",CA, 
-119.429406480604,35.0971366164491,"346",SS0480,Chalk,CHALK CLIFF,Operational,PG&E,PG&E,L, ,,YES,,,,,33kV to 92kV,Maricopa,Kern,"93252",CA, 
-119.325301374867,35.6080700519612,"347",SS0481,Charca, ,Operational,PG&E,PG&E,L, ,,,YES,,,,110kV to 161kV,Wasco,Kern,"93280",CA, 
-118.939868135165,35.3984005966896,"348",SS0482,Columbus, ,Operational,PG&E,PG&E,L, ,,YES,YES,,,,110kV to 161kV,Bakersfield,Kern,"93306",CA, 
-119.278924063018,35.0933851657936,"349",SS0483,Copus, ,Operational,PG&E,PG&E,L, ,,YES,,,,,33kV to 92kV,Bakersfield,Kern,"93311",CA, 
-119.609556929625,35.3151201134065,"350",SS0484,Cymric, ,Operational,Other,Other,L, ,,,YES,,,,110kV to 161kV,Mc Kittrick,Kern,"93251",CA, 
-119.973776318664,35.7750034032393,"351",SS0485,Devils Den, ,Operational,PG&E,PG&E,L, ,,YES,,,,,33kV to 92kV,Lost Hills,Kern,"93249",CA, 
-119.021145728823,35.4555533211988,"352",SS0486,Dexel, ,Operational,Other,Other,L, ,,,YES,,,,110kV to 161kV,Bakersfield,Kern,"93308",CA, 
-118.976421938938,35.4279732170531,"353",SS0487,Discovery, ,Operational,Other,Other,L, ,,,YES,,,,110kV to 161kV,Bakersfield,Kern,"93308",CA, 
-119.046027410585,35.5010341025237,"354",SS0488,Double C, ,Operational,Other,Other,L, ,,,YES,,,,110kV to 161kV,Bakersfield,Kern,"93308",CA, 
-118.971758780403,35.3557747635157,"355",SS0489,Eisen,EISEN BOLTHOUSE FARMS,Operational,PG&E,PG&E,L, ,,YES,,,,,33kV to 92kV,Bakersfield,Kern,"93307",CA, 
-119.376590648338,35.2260617264378,"356",SS0490,Elk Hills, ,Operational,PG&E,PG&E,L, ,,YES,,,,,33kV to 92kV,Taft,Kern,"93268",CA, 
-119.203640641062,35.6050353659257,"357",SS0491,Famoso, ,Operational,PG&E,PG&E,L, ,,YES,YES,,,,110kV to 161kV,Mc Farland,Kern,"93250",CA, 
-119.585281938846,35.1951728913262,"358",SS0492,Fellows, ,Operational,PG&E,PG&E,L, ,,,YES,,,,110kV to 161kV,Fellows,Kern,"93224",CA, 
-119.321469408749,35.3940417569024,"359",SS0493,Frito Lay, ,Operational,Other,Other,L, ,,,YES,,,,110kV to 161kV,Bakersfield,Kern,"93314",CA, 
-119.092675596456,35.3772626480648,"360",SS0494,Fruitvale, ,Operational,PG&E,PG&E,L, ,,,YES,,,,110kV to 161kV,Bakersfield,Kern,"93308",CA, 
-119.448954354314,35.5011102287478,"361",SS0495,Ganso, ,Operational,PG&E,PG&E,L, ,,YES,YES,,,,110kV to 161kV,Wasco,Kern,"93280",CA, 
-119.336172325463,35.1535989455045,"362",SS0496,Gardner, ,Operational,Other,Other,L, ,,YES,,,,,33kV to 92kV,Taft,Kern,"93268",CA, 
-119.579868018213,35.6016339644944,"363",SS0497,Goose Lake, ,Operational,PG&E,PG&E,L, ,,,YES,,,,110kV to 161kV,Lost Hills,Kern,"93249",CA, 
-118.926178374268,34.918330310426,"364",SS0498,Grapevine, ,Operational,Other,Other,L, ,,YES,,,,,33kV to 92kV,Lebec,Kern,"93243",CA, 
-119.062837174772,35.0205069409983,"365",SS0499,Kelley, ,Operational,Other,Other,L, ,,YES,,,,,33kV to 92kV,Frazier Park,Kern,"93225",CA, 
-119.030498733133,35.509439901412,"366",SS0502,Kern Front, ,Operational,PG&E,PG&E,L, ,,,YES,,,,110kV to 161kV,Bakersfield,Kern,"93308",CA, 
-119.739617324964,35.442504947849,"367",SS0503,Kernridge, ,Operational,PG&E,PG&E,L, ,,YES,YES,,,,110kV to 161kV,Mc Kittrick,Kern,"93251",CA, 
-119.101109817068,35.0941395180847,"368",SS0504,Lakeview, ,Operational,PG&E,PG&E,L, ,,YES,,,,,33kV to 92kV,Bakersfield,Kern,"93313",CA, 
-118.861420028955,35.2967692933935,"369",SS0505,Lamont, ,Operational,PG&E,PG&E,L, ,,,YES,,,,110kV to 161kV,Bakersfield,Kern,"93307",CA, 
-119.151814820299,35.5003610743637,"370",SS0506,Lerdo, ,Operational,PG&E,PG&E,L, ,,YES,YES,,,,110kV to 161kV,Bakersfield,Kern,"93308",CA, 
-119.767438634454,35.6658104975101,"371",SS0507,Texaco Usa Inc.,TEXACO (LOST HILLS),Operational,Other,Other,L, ,,YES,,,,,33kV to 92kV,Lost Hills,Kern,"93249",CA, 
-118.921719314193,35.3611218690043,"372",SS0508,Magunden, ,Operational,PG&E,PG&E,L, ,,YES,YES,YES,,,220kV to 287kV,Bakersfield,Kern,"93306",CA, 
-119.398168534158,35.1077751178733,"373",SS0509,Maricopa, ,Operational,PG&E,PG&E,L, ,,YES,,,,,33kV to 92kV,Taft,Kern,"93268",CA, 
-119.276847304713,35.6883790925858,"374",SS0510,Mc Farland, ,Operational,PG&E,PG&E,L, ,,YES,,,,,33kV to 92kV,Mc Farland,Kern,"93250",CA, 
-119.662312258348,35.3198208271005,"375",SS0511,Sysquoc, ,Operational,PG&E,PG&E,L, ,,YES,,,,,33kV to 92kV,Mc Kittrick,Kern,"93251",CA, 
-119.624534678175,35.2424145218293,"376",SS0512,Midsun, ,Operational,Other,Other,L, ,,,YES,,,,110kV to 161kV,Fellows,Kern,"93224",CA, 
-119.452363617216,35.4036760187877,"377",SS0513,Midway, ,Operational,PG&E,PG&E,L, ,,,YES,YES,YES,,345kV to 500kV,Buttonwillow,Kern,"93206",CA, 
-119.580297805204,35.2329659978329,"378",SS0514,Mobil, ,Operational,Other,Other,L, ,,YES,,,,,33kV to 92kV,Fellows,Kern,"93224",CA, 
-119.407026447946,35.0908201295785,"379",SS0515,Moco, ,Operational,Other,Other,L, ,,YES,,,,,33kV to 92kV,Maricopa,Kern,"93252",CA, 
-119.081336818248,35.5448070263982,"380",SS0516,Mt. Poso, ,Operational,Other,Other,L, ,,,YES,,,,110kV to 161kV,Bakersfield,Kern,"93308",CA, 
-119.30902494023,35.2859948880152,"381",SS0518,Norco, ,Operational,PG&E,PG&E,L, ,,,YES,,,,110kV to 161kV,Tupman,Kern,"93276",CA, 
-119.100673775169,35.2084256343212,"382",SS0520,Old River, ,Operational,PG&E,PG&E,L, ,,YES,,,,,33kV to 92kV,Bakersfield,Kern,"93313",CA, 
-119.021639689436,35.2955511295612,"383",SS0521,Panama, ,Operational,PG&E,PG&E,L, ,,YES,,,,,33kV to 92kV,Bakersfield,Kern,"93307",CA, 
-119.759525553435,35.5177020830116,"384",SS0522,Petro Lewis, ,Operational,Other,Other,L, ,,YES,,,,,33kV to 92kV,Lost Hills,Kern,"93249",CA, 
-119.075432714707,35.5477561703911,"385",SS0524,Ultra Power (Ogle), ,Operational,Other,Other,L, ,,,YES,,,,110kV to 161kV,Bakersfield,Kern,"93308",CA, 
-119.260702919506,35.4420246641524,"386",SS0525,Rio Bravo, ,Operational,PG&E,PG&E,L, ,,,YES,,,,110kV to 161kV,Bakersfield,Kern,"93314",CA, 
-118.822619071167,35.4298184960005,"387",SS0526,Rio Bravo Hydro, ,Operational,PG&E,PG&E,L, ,,YES,,,,,33kV to 92kV,Bakersfield,Kern,"93306",CA, 
-118.942789603299,34.9918244357259,"388",SS0527,Rose, ,Operational,Other,Other,L, ,,YES,,,,,33kV to 92kV,Arvin,Kern,"93203",CA, 
-119.077920552731,35.3771581425157,"389",SS0528,Rosedale, ,Operational,PG&E,PG&E,L, ,,,YES,,,,110kV to 161kV,Bakersfield,Kern,"93308",CA, 
-118.878104329861,35.0923922930713,"390",SS0529,San Bernard, ,Operational,PG&E,PG&E,L, ,,YES,,,,,33kV to 92kV,Arvin,Kern,"93203",CA, 
-119.582334727122,35.1933422991629,"391",SS0530,Santa Fe Energy,KING ELLIS,Operational,Other,Other,L, ,,,YES,,,,110kV to 161kV,Fellows,Kern,"93224",CA, 
-119.437511532032,35.6007407623839,"392",SS0531,Semitropic, ,Operational,PG&E,PG&E,L, ,,,YES,,,,110kV to 161kV,Wasco,Kern,"93280",CA, 
-119.317788946883,35.5138998971224,"393",SS0532,Shafter, ,Operational,PG&E,PG&E,L, ,,,YES,,,,110kV to 161kV,Shafter,Kern,"93263",CA, 
-119.029690305711,35.4839506134394,"394",SS0533,Badger Creek Cogen, ,Operational,PG&E,PG&E,L, ,,,YES,,,,110kV to 161kV,Bakersfield,Kern,"93308",CA, 
-119.45532910412,35.7178165507013,"395",SS0534,Smyrna, ,Operational,PG&E,PG&E,L, ,,,YES,,,,110kV to 161kV,Wasco,Kern,"93280",CA, 
-118.567000808478,35.1088116386479,"396",SS0535,Stallion, ,Operational,Other,Other,L, ,,YES,,,,,33kV to 92kV,Tehachapi,Kern,"93561",CA, 
-119.06762182313,35.3170519802543,"397",SS0536,Stockdale, ,Operational,PG&E,PG&E,L, ,,,YES,YES,,,220kV to 287kV,Bakersfield,Kern,"93313",CA, 
-119.443817964576,35.0932241989044,"398",SS0537,Berry Petroleum,SUNSET,Operational,PG&E,PG&E,L, ,,YES,,,,,33kV to 92kV,Maricopa,Kern,"93252",CA, 
-119.482015341339,35.1359412083381,"399",SS0539,Taft, ,Operational,Other,Other,L, ,,YES,YES,,,,110kV to 161kV,Taft,Kern,"93268",CA, 
-119.44068499803,35.091751251484,"400",SS0540,Tannehill Electric Co., ,Operational,Other,Other,L, ,,YES,,,,,33kV to 92kV,Maricopa,Kern,"93252",CA, 
-118.97962599406,35.019646473648,"401",SS0541,Tecuya, ,Operational,PG&E,PG&E,L, ,,YES,,,,,33kV to 92kV,Bakersfield,Kern,"93313",CA, 
-118.955143507398,35.0196490744781,"402",SS0542,Tejon, ,Operational,PG&E,PG&E,L, ,,YES,,,,,33kV to 92kV,Bakersfield,Kern,"93307",CA, 
-119.696175053919,35.3827432107489,"403",SS0543,Temblor, ,Operational,PG&E,PG&E,L, ,,YES,YES,,,,110kV to 161kV,Mc Kittrick,Kern,"93251",CA, 
-119.571247849631,35.1943363143305,"404",SS0544,Midset, ,Operational,Other,Other,L, ,,,YES,,,,110kV to 161kV,Fellows,Kern,"93224",CA, 
-119.270643095006,35.3541561588125,"405",SS0545,Tupman, ,Operational,PG&E,PG&E,L, ,,,YES,,,,110kV to 161kV,Bakersfield,Kern,"93314",CA, 
-119.858085471506,35.7306515724541,"406",SS0546,Twisselman, ,Operational,PG&E,PG&E,L, ,,YES,,,,,33kV to 92kV,Lost Hills,Kern,"93249",CA, 
-119.006514757725,35.5765274370431,"407",SS0547,Rio Bravo Poso, ,Operational,PG&E,PG&E,L, ,,,YES,,,,110kV to 161kV,Bakersfield,Kern,"93308",CA, 
-118.959036196105,35.5926573349393,"408",SS0549,Vedder, ,Operational,Other,Other,L, ,,YES,YES,,,,110kV to 161kV,Bakersfield,Kern,"93308",CA, 
-119.326181905539,35.6018061478083,"409",SS0550,Wasco, ,Operational,PG&E,PG&E,L, ,,,YES,,,,110kV to 161kV,Wasco,Kern,"93280",CA, 
-118.879995948109,35.2237422795788,"410",SS0551,Weedpatch, ,Operational,PG&E,PG&E,L, ,,YES,,,,,33kV to 92kV,Bakersfield,Kern,"93307",CA, 
-118.778962033676,35.224315308354,"411",SS0552,Wellfield, ,Operational,PG&E,PG&E,L, ,,YES,,,,,33kV to 92kV,Arvin,Kern,"93203",CA, 
-119.040304224561,35.3739228576168,"412",SS0553,West Park, ,Operational,PG&E,PG&E,L, ,,,YES,,,,110kV to 161kV,Bakersfield,Kern,"93301",CA, 
-118.975952262356,35.0887477930993,"413",SS0554,Wheeler Ridge, ,Operational,PG&E,PG&E,L, ,,YES,YES,YES,,,220kV to 287kV,Bakersfield,Kern,"93307",CA, 
-118.977493162089,35.4279519741888,"414",SS0555,Witco, ,Operational,PG&E,PG&E,L, ,,,YES,,,,110kV to 161kV,Bakersfield,Kern,"93308",CA, 
-119.592425348001,35.2960631183392,"415",SS0556,Getty Oil, ,Operational,Other,Other,L, ,,,YES,,,,110kV to 161kV,Mc Kittrick,Kern,"93251",CA, 
-119.020723623393,35.4407006516844,"416",SS0557,Kern Oil, ,Operational,PG&E,PG&E,L, ,,,YES,,,,110kV to 161kV,Bakersfield,Kern,"93308",CA, 
-118.686115452127,34.8155006367618,"417",SS0558,Alamo, ,Operational,SCE,SCE,L, ,,YES,,,,,33kV to 92kV,Lancaster,Los Angeles,"93536",CA, 
-118.524754298865,35.5881033248895,"418",SS0560,Borel, ,Operational,SCE,SCE,L, ,,YES,,,,,33kV to 92kV,Bodfish,Kern,"93205",CA, 
-118.374109033888,35.1238891038087,"419",SS0561,Breeze, ,Operational,SCE,SCE,L, ,,YES,,,,,33kV to 92kV,Tehachapi,Kern,"93561",CA, 
-119.204493158063,35.70369433343,"420",SS0562,Browning, ,Operational,SCE,SCE,L, ,,YES,,,,,33kV to 92kV,Mc Farland,Kern,"93250",CA, 
-118.310809784962,35.0302607279566,"421",SS0563,Cal Cement, ,Operational,SCE,SCE,L, ,,YES,,,,,33kV to 92kV,Mojave,Kern,"93501",CA, 
-117.953054907697,34.9405690405937,"422",SS0565,Corum, ,Operational,SCE,SCE,L, ,,YES,,,,,33kV to 92kV,Edwards,Kern,"93523",CA, 
-118.494655000697,35.1096586664861,"423",SS0566,Cummings, ,Operational,SCE,SCE,L, ,,YES,,,,,33kV to 92kV,Tehachapi,Kern,"93561",CA, 
-119.242473631748,35.7755089382582,"424",SS0567,Delano, ,Operational,SCE,SCE,L, ,,YES,,,,,33kV to 92kV,Delano,Kern,"93215",CA, 
-118.826272665224,34.9412350450947,"425",SS0569,Edmonston, ,Operational,Other,Other,L, ,,YES,,YES,,,220kV to 287kV,Rosamond,Kern,"93560",CA, 
-117.891082247398,34.9844728030494,"426",SS0570,Edwards, ,Operational,SCE,SCE,L, ,,YES,YES,,,,110kV to 161kV,Edwards,Kern,"93523",CA, 
-119.009886856608,34.814994891354,"427",SS0572,Frazier Park, ,Operational,SCE,SCE,L, ,,YES,,,,,33kV to 92kV,Frazier Park,Kern,"93225",CA, 
-118.69506026242,35.7222448880752,"428",SS0573,Glennville, ,Operational,SCE,SCE,L, ,,YES,,,,,33kV to 92kV,Glennville,Kern,"93226",CA, 
-118.186144021422,35.0541039735986,"429",SS0574,Goldtown, ,Operational,SCE,SCE,L, ,,YES,,,,,33kV to 92kV,Mojave,Kern,"93501",CA, 
-118.155455011619,34.8373775223785,"430",SS0575,Great Lakes, ,Operational,SCE,SCE,L, ,,YES,,,,,33kV to 92kV,Rosamond,Kern,"93560",CA, 
-118.55638974115,35.738366704415,"431",SS0576,Greenhorn, ,Operational,SCE,SCE,L, ,,YES,,,,,33kV to 92kV,Wofford Heights,Kern,"93285",CA, 
-118.527559206211,35.4836827543434,"432",SS0577,Havilah, ,Operational,SCE,SCE,L, ,,YES,,,,,33kV to 92kV,Caliente,Kern,"93518",CA, 
-117.70402271796,35.0141177100984,"433",SS0578,Holgate, ,Operational,SCE,SCE,L, ,,YES,YES,,,,110kV to 161kV,Edwards,Kern,"93523",CA, 
-117.795788635,35.6525137698971,"434",SS0579,Inyokern, ,Operational,SCE,SCE,L, ,,YES,YES,,,,110kV to 161kV,Inyokern,Kern,"93527",CA, 
-118.478243648461,35.632653579294,"435",SS0580,Isabella, ,Operational,SCE,SCE,L, ,,YES,,,,,33kV to 92kV,Lake Isabella,Kern,"93240",CA,Check bing on imagery
-118.432352037428,35.7725071598968,"436",SS0583,Kernville, ,Operational,SCE,SCE,L, ,,YES,,,,,33kV to 92kV,Kernville,Kern,"93238",CA, 
-118.481842225205,35.6443984879887,"437",SS0584,Lakegen, ,Operational,SCE,SCE,L, ,,YES,,,,,33kV to 92kV,Lake Isabella,Kern,"93240",CA, 
-118.423274960623,35.3069005795613,"438",SS0585,Loraine, ,Operational,SCE,SCE,L, ,,YES,,,,,33kV to 92kV,Caliente,Kern,"93518",CA, 
-118.379659769842,35.1237569244966,"439",SS0587,Monolith, ,Operational,SCE,SCE,L, ,,YES,,,,,33kV to 92kV,Tehachapi,Kern,"93561",CA, 
-121.832257860016,38.1252970547282,"440",SS0591,Shiloh I, ,Operational,Other,Other,M, ,,,,YES,,,220kV to 287kV,Rio Vista,Solano,"94571",CA, 
-119.233357641447,35.7189459791797,"441",SS0592,Pandol, ,Operational,SCE,SCE,L, ,,YES,,,,,33kV to 92kV,Delano,Kern,"93215",CA,Strange looking but check bing map on bird's eye
-118.843115414776,34.9352728500604,"442",SS0593,Pastoria, ,Operational,SCE,SCE,L, ,,YES,,YES,,,220kV to 287kV,Rosamond,Kern,"93560",CA, 
-119.129795807799,35.7328547794152,"443",SS0594,Quinn,ULTRAGEN,Operational,SCE,SCE,L, ,,YES,,,,,33kV to 92kV,Delano,Kern,"93215",CA, 
-117.647433776813,35.3652185796773,"444",SS0595,Randsburg, ,Operational,SCE,SCE,L, ,,YES,YES,YES,,,220kV to 287kV,Johannesburg,Kern,"93528",CA, 
-117.697719280793,34.9301413350031,"445",SS0596,Rocket Test, ,Operational,SCE,SCE,L, ,,YES,YES,,,,110kV to 161kV,Edwards,Kern,"93524",CA, 
-118.237318832462,34.8642763635632,"446",SS0597,Rosamond, ,Operational,SCE,SCE,L, ,,YES,,,,,33kV to 92kV,Rosamond,Kern,"93560",CA, 
-117.896271130755,34.8799533675032,"447",SS0598,Southbase, ,Operational,SCE,SCE,L, ,,,YES,,,,110kV to 161kV,Edwards,Kern,"93524",CA, 
-118.492495663171,35.4110204659653,"448",SS0602,Walker Basin, ,Operational,SCE,SCE,L, ,,YES,,,,,33kV to 92kV,Caliente,Kern,"93518",CA, 
-118.262809167134,35.6666277554445,"449",SS0603,Weldon, ,Operational,SCE,SCE,L, ,,YES,,,,,33kV to 92kV,Weldon,Kern,"93283",CA, 
-118.751054332573,34.8194089620701,"450",SS0604,Westpac, ,Operational,SCE,SCE,L, ,,YES,,,,,33kV to 92kV,Lebec,Kern,"93243",CA, 
-118.990402927057,35.4522656619178,"451",SS0606,Sycamore, ,Operational,SCE,SCE,L, ,,YES,,,,,33kV to 92kV,Bakersfield,Kern,"93308",CA, 
-119.553592966201,36.0851394535516,"452",SS0607,Boswell, ,Operational,PG&E,PG&E,L, ,,YES,,,,,33kV to 92kV,Corcoran,Kings,"93212",CA, 
-119.571695755351,35.9920283612555,"453",SS0610,Angiola, ,Operational,PG&E,PG&E,L, ,,YES,,,,,33kV to 92kV,Kettleman City,Kings,"93239",CA, 
-119.6472979488,36.2686929275013,"454",SS0611,Armstrong, ,Operational,Other,Other,L, ,,YES,,,,,33kV to 92kV,Hanford,Kings,"93230",CA, 
-120.117145656327,35.9781172931508,"455",SS0612,Avenal, ,Operational,Other,Other,L, ,,YES,,,,,33kV to 92kV,Avenal,Kings,"93204",CA, 
-119.557180074071,36.1093959541582,"456",SS0614,Corcoran, ,Operational,PG&E,PG&E,L, ,,,YES,,,,110kV to 161kV,Corcoran,Kings,"93212",CA, 
-119.655212093865,36.2263083726189,"457",SS0615,Guernsey, ,Operational,PG&E,PG&E,L, ,,YES,,,,,33kV to 92kV,Hanford,Kings,"93230",CA, 
-119.648928086354,36.2696452957433,"458",SS0616,Hanford, ,Operational,Other,Other,L, ,,YES,,,,,33kV to 92kV,Hanford,Kings,"93230",CA, 
-119.685836304235,36.4041215380017,"459",SS0617,Hardwick, ,Operational,PG&E,PG&E,L, ,,YES,,,,,33kV to 92kV,Hanford,Kings,"93230",CA, 
-119.903259314181,36.2419145732169,"460",SS0618,Henrietta, ,Operational,PG&E,PG&E,L, ,,YES,,YES,,,220kV to 287kV,Lemoore,Kings,"93245",CA, 
-119.779901245751,36.2224061168204,"461",SS0619,Jacobs Corner, ,Operational,PG&E,PG&E,L, ,,YES,,,,,33kV to 92kV,Lemoore,Kings,"93245",CA, 
-120.111378981225,36.0435894989294,"462",SS0620,Kettleman Hills, ,Operational,PG&E,PG&E,L, ,,YES,,,,,33kV to 92kV,Avenal,Kings,"93204",CA, 
-119.798287953565,36.3093288158333,"463",SS0621,Lemoore, ,Operational,PG&E,PG&E,L, ,,YES,,,,,33kV to 92kV,Lemoore,Kings,"93245",CA, 
-119.653599286652,36.276328422906,"464",SS0622,Reserve Oil, ,Operational,PG&E,PG&E,L, ,,YES,,,,,33kV to 92kV,Hanford,Kings,"93230",CA, 
-119.949470699229,36.0034478139445,"465",SS0623,Tulare Lake, ,Operational,PG&E,PG&E,L, ,,YES,,,,,33kV to 92kV,Kettleman City,Kings,"93239",CA, 
-122.89398733541,39.0077625017545,"466",SS0638,Clear Lake, ,Operational,PG&E,PG&E,M, ,,YES,,,,,33kV to 92kV,Lakeport,Lake,"95453",CA, 
-122.810138754274,38.8290433557019,"467",SS0639,Eagle Rock, ,Operational,PG&E,PG&E,M, ,,YES,YES,,,,110kV to 161kV,Geyserville,Sonoma,"95441",CA, 
-122.932554400802,39.0772090613829,"468",SS0640,Hartley, ,Operational,PG&E,PG&E,M, ,,YES,,,,,33kV to 92kV,Lakeport,Lake,"95453",CA, 
-122.740992885429,38.9323253486863,"469",SS0641,Konocti, ,Operational,PG&E,PG&E,M, ,,YES,,,,,33kV to 92kV,Kelseyville,Lake,"95451",CA, 
-122.617354064983,38.9106356819421,"470",SS0642,Lower Lake, ,Operational,PG&E,PG&E,M, ,,,YES,,,,110kV to 161kV,Lower Lake,Lake,"95457",CA, 
-122.812824732554,39.1103818352932,"471",SS0643,Lucerne, ,Operational,PG&E,PG&E,U, ,,,YES,,,,110kV to 161kV,Nice,Lake,"95464",CA, 
-122.60870912765,38.7529122040484,"472",SS0644,Middletown, ,Operational,PG&E,PG&E,M, ,,YES,,,,,33kV to 92kV,Middletown,Lake,"95461",CA, 
-122.662369856332,39.0275300134774,"473",SS0645,Redbud, ,Operational,PG&E,PG&E,M, ,,,YES,,,,110kV to 161kV,Clearlake Oaks,Lake,"95423",CA, 
-122.916644944757,39.1457354748711,"474",SS0646,Upper Lake, ,Operational,PG&E,PG&E,U, ,,YES,YES,,,,110kV to 161kV,Lakeport,Lake,"95453",CA, 
-121.277986707015,40.7448869493454,"475",SS0647,Halls Flat, ,Operational,PG&E,PG&E,U, ,,YES,,,,,33kV to 92kV,Mcarthur,Lassen,"96056",CA, 
-120.540330455135,40.3149894957443,"476",SS0648,Janesville, ,Operational,Other,Other,U, ,,YES,,,,,33kV to 92kV,Janesville,Lassen,"96114",CA, 
-120.422615574559,40.3654674946067,"477",SS0649,Standish, ,Operational,Other,Other,U, ,,YES,,,,,33kV to 92kV,Susanville,Lassen,"96130",CA, 
-120.667095996806,40.4174878664829,"478",SS0650,Susan, ,Operational,Other,Other,U, ,,YES,,,,,33kV to 92kV,Susanville,Lassen,"96130",CA, 
-120.526503357516,40.3977987758326,"479",SS0652,Leavitt, ,Operational,Other,Other,U, ,,YES,,,,,33kV to 92kV,Susanville,Lassen,"96130",CA, 
-120.351938110078,40.1552612366165,"480",SS0653,Milford, ,Operational,Other,Other,U, ,,YES,,,,,33kV to 92kV,Milford,Lassen,"96121",CA, 
-120.503476283381,40.9608294185841,"481",SS0654,Madeline, ,Operational,Other,Other,U, ,,YES,,,YES,,345kV to 500kV,Termo,Lassen,"96132",CA, 
-121.091571006518,40.5880659972724,"482",SS0655,Bogard, ,Operational,PG&E,PG&E,U, ,,YES,,,,,33kV to 92kV,Mcarthur,Lassen,"96056",CA, 
-121.088110568823,40.269343316045,"483",SS0656,Hamilton Branch, ,Operational,PG&E,PG&E,U, ,,YES,,,,,33kV to 92kV,Westwood,Plumas,"96137",CA, 
-121.001671405232,40.2999741069569,"484",SS0658,Westwood, ,Operational,Other,Other,U, ,,YES,,,,,33kV to 92kV,Susanville,Lassen,"96130",CA,Co owner lmud
-118.28418441275,34.1626979430945,"485",SS0659,Airway, ,Operational,Other,Other,L, ,,YES,,YES,,,220kV to 287kV,Glendale,Los Angeles,"91201",CA, 
-118.312874819064,33.9465041659895,"486",SS0660,Gramercy, ,Operational,LADWP,LADWP,L, ,,,YES,,,,110kV to 161kV,Los Angeles,Los Angeles,"90047",CA, 
-118.303307459696,33.8477688035455,"487",SS0661,Halldale, ,Operational,LADWP,LADWP,L, ,,YES,YES,,,,110kV to 161kV,Torrance,Los Angeles,"90501",CA, 
-118.425917319189,33.9316855653581,"488",SS0662,Hyperion, ,Operational,LADWP,LADWP,L, ,,YES,YES,YES,,,220kV to 287kV,Los Angeles,Los Angeles,"90045",CA, 
-118.458760943716,34.2735653684314,"489",SS0663,San Fernando, ,Operational,SCE,SCE,L, ,,YES,,,,,33kV to 92kV,Mission Hills,Los Angeles,"91345",CA, 
-118.30962720926,33.9264425228878,"490",SS0665,Imperial, IMPERIAL TERMINAL TOWER,Operational,LADWP,LADWP,L, ,,,YES,,,,110kV to 161kV,Los Angeles,Los Angeles,"90047",CA, 
-118.488385719769,34.0682794367525,"491",SS0666,Kenter Canyon, ,Operational,LADWP,LADWP,L, ,,,YES,YES,,,220kV to 287kV,Los Angeles,Los Angeles,"90049",CA, 
-118.39402946092,33.9903173015012,"492",SS0667,Movie,LA BREA,Operational,SCE,SCE,L, ,,YES,,,,,33kV to 92kV,Culver City,Los Angeles,"90230",CA, 
-118.358740859452,34.105970935761,"493",SS0668,Nichols Canyon, ,Operational,LADWP,LADWP,L, ,,,YES,YES,,,220kV to 287kV,Los Angeles,Los Angeles,"90046",CA, 
-118.450515533192,34.3078673531867,"494",SS0669,Olive, ,Operational,LADWP,LADWP,L, ,,YES,,,,,33kV to 92kV,Sylmar,Los Angeles,"91342",CA,Switching station per ladmp binder tab # 15 drawing # tm 15-2-1 dated 01-10-83
-118.47831923745,34.2806479619148,"495",SS0670,Rinaldi, ,Operational,LADWP,LADWP,L, ,,YES,,YES,YES,,345kV to 500kV,Granada Hills,Los Angeles,"91344",CA, 
-118.229877065482,34.037725321556,"496",SS0671,River, ,Operational,LADWP,LADWP,L, ,,YES,,YES,,,220kV to 287kV,Los Angeles,Los Angeles,"90021",CA, 
-118.226107411285,34.0670974086445,"497",SS0673,Sta. A (St. John), ,Operational,LADWP,LADWP,L, ,,YES,,YES,,,220kV to 287kV,Los Angeles,Los Angeles,"90012",CA, 
-118.255149831544,33.9482771433192,"498",SS0674,Sta. B (Century), ,Operational,LADWP,LADWP,L, ,,,YES,YES,,,220kV to 287kV,Los Angeles,Los Angeles,"90002",CA, 
-118.257868884672,33.798190400612,"499",SS0675,Sta. C (Wilmington), ,Operational,LADWP,LADWP,L, ,,YES,YES,,,,110kV to 161kV,Wilmington,Los Angeles,"90744",CA, 
-118.370745563626,34.0382469478085,"500",SS0676,Sta. D (Fairfax), ,Operational,LADWP,LADWP,L, ,,,YES,YES,,,220kV to 287kV,Los Angeles,Los Angeles,"90034",CA, 
-118.359828304966,34.1762125402676,"501",SS0677,Sta. E (Toluca), ,Operational,LADWP,LADWP,L, ,,YES,,YES,,,220kV to 287kV,North Hollywood,Los Angeles,"91601",CA, 
-118.203828176577,34.0154330432631,"502",SS0678,Sta. F (Velasco), ,Operational,LADWP,LADWP,L, ,,YES,,YES,,,220kV to 287kV,Los Angeles,Los Angeles,"90023",CA, 
-118.254417628391,34.109413251772,"503",SS0679,Sta. G (Atwater), ,Operational,LADWP,LADWP,L, ,,YES,,YES,,,220kV to 287kV,Los Angeles,Los Angeles,"90039",CA, 
-118.347366487143,34.0881865903455,"504",SS0680,Sta. H (Hollywood), ,Operational,LADWP,LADWP,L, ,,,YES,YES,,,220kV to 287kV,Los Angeles,Los Angeles,"90046",CA, 
-118.543494718785,34.2293470198197,"505",SS0681,Sta. J (Northridge), ,Operational,LADWP,LADWP,L, ,,,,YES,,,220kV to 287kV,Northridge,Los Angeles,"91324",CA, 
-118.460022776555,34.0332911722888,"506",SS0682,Sta. K (Olympic), ,Operational,LADWP,LADWP,L, ,,YES,YES,YES,,,220kV to 287kV,Los Angeles,Los Angeles,"90025",CA, 
-118.425355568894,33.9192229510685,"507",SS0683,Sta. L (Scattergood), ,Operational,LADWP,LADWP,L, ,,YES,,YES,,,220kV to 287kV,Playa Del Rey,Los Angeles,"90293",CA, 
-118.392542639445,34.2429280168425,"508",SS0684,Sta. M (Valley), ,Operational,LADWP,LADWP,L, ,,YES,,YES,YES,,345kV to 500kV,Sun Valley,Los Angeles,"91352",CA, 
-118.246117476236,34.0433484723696,"509",SS0686,Sta. P (Market), ,Operational,LADWP,LADWP,L, ,,,,YES,,,220kV to 287kV,Los Angeles,Los Angeles,"90013",CA, 
-118.264949814268,33.770467195788,"510",SS0687,Sta. Q (Harbor), ,Operational,LADWP,LADWP,L, ,,YES,YES,,,,110kV to 161kV,Wilmington,Los Angeles,"90744",CA, 
-118.423141735115,34.1715825693176,"511",SS0688,Sta. S (Van Nuys), ,Operational,LADWP,LADWP,L, ,,,,YES,,,220kV to 287kV,Van Nuys,Los Angeles,"91401",CA, 
-118.591576025465,34.1895015516034,"512",SS0689,Sta. T (Canoga), ,Operational,LADWP,LADWP,L, ,,,,YES,,,220kV to 287kV,Canoga Park,Los Angeles,"91303",CA, 
-118.543788292943,34.1793470726539,"513",SS0690,Sta. U (Tarzana), ,Operational,LADWP,LADWP,L, ,,,,YES,,,220kV to 287kV,Tarzana,Los Angeles,"91356",CA, 
-118.490073995632,34.3121168409312,"514",SS0691,Sylmar, ,Operational,LADWP,LADWP,L, ,,YES,,YES,YES,,345kV to 500kV,Granada Hills,Los Angeles,"91344",CA,"According to the sce data on 11/17/2008, this station is now owned by ladwp"
-118.344066546679,34.1990101089811,"515",SS0693,Lincoln, ,Operational,Other,Other,L, ,,YES,,,,,33kV to 92kV,Burbank,Los Angeles,"91504",CA, 
-118.314016696566,34.1763764724758,"516",SS0695,Mcneil, ,Operational,Other,Other,L, ,,YES,,,,,33kV to 92kV,Burbank,Los Angeles,"91502",CA, 
-117.924954336401,34.1251493608245,"517",SS0696,Aerojet, ,Operational,SCE,SCE,L, ,,YES,,,,,33kV to 92kV,Azusa,Los Angeles,"91702",CA, 
-118.391616327428,33.901609159811,"518",SS0698,Airchem, ,Operational,SCE,SCE,L, ,,YES,,YES,,,220kV to 287kV,Manhattan Beach,Los Angeles,"90266",CA, 
-117.955618216777,34.0474764119968,"519",SS0699,Bassett,AIRPAC,Operational,SCE,SCE,L, ,,YES,,,,,33kV to 92kV,La Puente,Los Angeles,"91744",CA, 
-118.14907918137,34.0912604953372,"520",SS0701,Alhambra, ,Operational,SCE,SCE,L, ,,YES,,,,,33kV to 92kV,Alhambra,Los Angeles,"91801",CA, 
-118.247371482121,33.8349487725295,"521",SS0702,Alon, ,Operational,SCE,SCE,L, ,,YES,,,,,33kV to 92kV,Carson,Los Angeles,"90745",CA, 
-118.026538236252,34.0714434099073,"522",SS0703,Amador, ,Operational,SCE,SCE,L, ,,YES,,,,,33kV to 92kV,El Monte,Los Angeles,"91731",CA, 
-118.321715640539,33.8614302984929,"523",SS0704,Amco, ,Operational,SCE,SCE,L, ,,YES,,,,,33kV to 92kV,Torrance,Los Angeles,"90504",CA, 
-118.147675770959,34.5675010789802,"524",SS0705,Anaverde, ,Operational,SCE,SCE,L, ,,YES,,,,,33kV to 92kV,Palmdale,Los Angeles,"93551",CA, 
-118.038444921965,34.1056240014353,"525",SS0706,Anita, ,Operational,SCE,SCE,L, ,,YES,,,,,33kV to 92kV,Arcadia,Los Angeles,"91007",CA, 
-118.300529091295,34.687507918523,"526",SS0707,Antelope, ,Operational,SCE,SCE,L, ,,YES,,YES,YES,,345kV to 500kV,Lancaster,Los Angeles,"93536",CA, 
-118.501330562778,34.3818562560327,"527",SS0708,Appgen, ,Operational,SCE,SCE,L, ,,YES,,,,,33kV to 92kV,Newhall,Los Angeles,"91321",CA, 
-119.0094538956,35.4959475552234,"528",SS0708,Live Oak Cogen, ,Operational,PG&E,PG&E,L, ,,,YES,,,,110kV to 161kV,Bakersfield,Kern,"93308",CA, 
-118.025718865589,34.1441258774006,"529",SS0709,Arcadia, ,Operational,SCE,SCE,L, ,,YES,,,,,33kV to 92kV,Arcadia,Los Angeles,"91006",CA, 
-118.243465073892,33.8174899926886,"530",SS0710,Arcogen, ,Operational,SCE,SCE,L, ,,YES,,YES,,,220kV to 287kV,Carson,Los Angeles,"90745",CA, 
-118.170599641564,34.1997173977096,"531",SS0711,Arroyo, ,Operational,SCE,SCE,L, ,,YES,,,,,33kV to 92kV,La Canada Flintridge,Los Angeles,"91011",CA, 
-118.164351929865,33.8191974533921,"532",SS0712,Astro, ,Operational,SCE,SCE,L, ,,YES,,,,,33kV to 92kV,Long Beach,Los Angeles,"90807",CA, 
-118.149807503431,33.7813256958385,"533",SS0713,Belmont,ATRICH,Operational,SCE,SCE,L, ,,YES,,,,,33kV to 92kV,Long Beach,Los Angeles,"90804",CA, 
-117.910933918706,34.1360409788172,"534",SS0714,Azusa, ,Operational,SCE,SCE,L, ,,YES,,,,,33kV to 92kV,Azusa,Los Angeles,"91702",CA, 
-118.77470326706,34.7765070304091,"535",SS0715,Bailey, ,Operational,SCE,SCE,L, ,,YES,,YES,,,220kV to 287kV,Lancaster,Los Angeles,"93536",CA, 
-118.171199224543,33.9996101716489,"536",SS0717,Bandini, ,Operational,SCE,SCE,L, ,,YES,,,,,33kV to 92kV,Bell,Los Angeles,"90201",CA, 
-117.990763970849,34.0505235137096,"537",SS0718,Industry, ,Operational,SCE,SCE,L, ,,YES,,,,,33kV to 92kV,La Puente,Los Angeles,"91746",CA, 
-118.227517274198,34.008100891165,"538",SS0719,Beejay, ,Operational,SCE,SCE,L, ,,YES,,,,,33kV to 92kV,Los Angeles,Los Angeles,"90058",CA, 
-118.397322012353,34.0731240526864,"539",SS0720,Beverly, ,Operational,SCE,SCE,L, ,,YES,,,,,33kV to 92kV,Beverly Hills,Los Angeles,"90210",CA, 
-118.140555905511,33.830381725819,"540",SS0721,Boost, ,Operational,SCE,SCE,L, ,,YES,,,,,33kV to 92kV,Long Beach,Los Angeles,"90808",CA, 
-118.063997863356,33.8507691742552,"541",SS0722,Bovine, ,Operational,SCE,SCE,L, ,,YES,,,,,33kV to 92kV,Cerritos,Los Angeles,"90703",CA, 
-118.172266717749,33.7931439415386,"542",SS0723,Bowl, ,Operational,SCE,SCE,L, ,,YES,,,,,33kV to 92kV,Long Beach,Los Angeles,"90806",CA, 
-117.987268227748,34.1337931376549,"543",SS0724,Bradbury, ,Operational,SCE,SCE,L, ,,YES,,,,,33kV to 92kV,Monrovia,Los Angeles,"91016",CA, 
-118.129893589174,33.9373108297,"544",SS0725,Downey,BRASS,Operational,SCE,SCE,L, ,,YES,,,,,33kV to 92kV,Downey,Los Angeles,"90241",CA, 
-117.939877371851,34.1271672142928,"545",SS0726,Brew, ,Operational,SCE,SCE,L, ,,YES,,,,,33kV to 92kV,Baldwin Park,Los Angeles,"91706",CA, 
-118.325870720178,33.8805459254315,"546",SS0727,Bridge, ,Operational,SCE,SCE,L, ,,YES,,,,,33kV to 92kV,Torrance,Los Angeles,"90504",CA, 
-118.084296430652,33.8600744023947,"547",SS0728,Artesia,BRIGEN,Operational,SCE,SCE,L, ,,YES,,,,,33kV to 92kV,Artesia,Los Angeles,"90701",CA, 
-118.311856043481,33.9025189565052,"548",SS0729,Brighton, ,Operational,SCE,SCE,L, ,,YES,,,,,33kV to 92kV,Gardena,Los Angeles,"90249",CA, 
-118.152038549939,33.7669692339537,"549",SS0730,Broadway, ,Operational,SCE,SCE,L, ,,YES,,,,,33kV to 92kV,Long Beach,Los Angeles,"90803",CA, 
-118.206264192763,33.9001114719533,"550",SS0731,Bullis, ,Operational,SCE,SCE,L, ,,YES,,,,,33kV to 92kV,Compton,Los Angeles,"90221",CA, 
-118.232271999692,33.9565024623355,"551",SS0732,Calden, ,Operational,SCE,SCE,L, ,,YES,,,,,33kV to 92kV,Los Angeles,Los Angeles,"90002",CA, 
-118.216974778337,33.8193626241474,"552",SS0733,Cameron, ,Operational,SCE,SCE,L, ,,YES,,YES,,,220kV to 287kV,Long Beach,Los Angeles,"90810",CA, 
-118.22976582204,33.7748643680558,"553",SS0734,Carbogen, ,Operational,SCE,SCE,L, ,,YES,,,,,33kV to 92kV,Long Beach,Los Angeles,"90813",CA, 
-118.047056840291,33.9031901640813,"554",SS0735,Carmenita, ,Operational,SCE,SCE,L, ,,YES,,,,,33kV to 92kV,Santa Fe Springs,Los Angeles,"90670",CA, 
-118.21696992787,33.8639799906564,"555",SS0736,Carson, ,Operational,SCE,SCE,L, ,,YES,,,,,33kV to 92kV,Compton,Los Angeles,"90220",CA, 
-118.105742475361,33.9288251619267,"556",SS0737,Center, ,Operational,SCE,SCE,L, ,,YES,,YES,,,220kV to 287kV,Norwalk,Los Angeles,"90650",CA, 
-118.171666048146,33.8166033862418,"557",SS0738,Certified, ,Operational,SCE,SCE,L, ,,YES,,,,,33kV to 92kV,Long Beach,Los Angeles,"90807",CA, 
-118.237850677253,33.7594091985522,"558",SS0739,Dock,CHAMPLIN,Operational,SCE,SCE,L, ,,YES,,,,,33kV to 92kV,Long Beach,Los Angeles,"90802",CA, 
-118.183281000615,33.7786096431796,"559",SS0740,Cherry, ,Operational,SCE,SCE,L, ,,YES,,,,,33kV to 92kV,Long Beach,Los Angeles,"90813",CA, 
-118.414143117389,33.9125981353581,"560",SS0741,Chevgen, ,Operational,SCE,SCE,L, ,,YES,,,,,33kV to 92kV,El Segundo,Los Angeles,"90245",CA, 
-117.871978764612,34.1190098233911,"561",SS0742,Citrus, ,Operational,SCE,SCE,L, ,,YES,,,,,33kV to 92kV,Glendora,Los Angeles,"91740",CA, 
-118.107132715296,33.7957439375438,"562",SS0743,Clark, ,Operational,SCE,SCE,L, ,,YES,,,,,33kV to 92kV,Long Beach,Los Angeles,"90815",CA, 
-118.108508125724,33.7840952512461,"563",SS0746,College, ,Operational,SCE,SCE,L, ,,YES,,,,,33kV to 92kV,Long Beach,Los Angeles,"90840",CA, 
-118.472143914139,34.025608333921,"564",SS0747,Colorado, ,Operational,SCE,SCE,L, ,,YES,,,,,33kV to 92kV,Santa Monica,Los Angeles,"90404",CA, 
-118.220321166206,33.7568150737907,"565",SS0748,Commodore, ,Operational,SCE,SCE,L, ,,YES,,,,,33kV to 92kV,Long Beach,Los Angeles,"90802",CA, 
-118.206513588734,34.0041415102514,"566",SS0749,Ybarra,CONTAINER,Operational,Other,Other,L, ,,YES,,,,,33kV to 92kV,Los Angeles,Los Angeles,"90058",CA, 
-118.165323725397,33.8634137838773,"567",SS0751,Corners, ,Operational,SCE,SCE,L, ,,YES,,,,,33kV to 92kV,Long Beach,Los Angeles,"90805",CA, 
-118.120352598093,33.8836948982834,"568",SS0752,Cornuta, ,Operational,SCE,SCE,L, ,,YES,,,,,33kV to 92kV,Bellflower,Los Angeles,"90706",CA, 
-117.879572525881,34.0925753093213,"569",SS0753,Cortez, ,Operational,SCE,SCE,L, ,,YES,,,,,33kV to 92kV,Covina,Los Angeles,"91723",CA, 
-118.318747119838,33.9240635056711,"570",SS0754,Cosmic, ,Operational,SCE,SCE,L, ,,YES,,,,,33kV to 92kV,Hawthorne,Los Angeles,"90250",CA, 
-118.714931597435,34.1069672510088,"571",SS0755,Crater, ,Operational,SCE,SCE,L, ,,YES,,,,,33kV to 92kV,Agoura Hills,Los Angeles,"91301",CA, 
-118.37318172181,33.7669397578954,"572",SS0756,Crest, ,Operational,SCE,SCE,L, ,,YES,,,,,33kV to 92kV,Rancho Palos Verdes,Los Angeles,"90275",CA, 
-117.989160075029,34.0575485470299,"573",SS0757,Cryco, ,Operational,SCE,SCE,L, ,,YES,,,,,33kV to 92kV,La Puente,Los Angeles,"91746",CA, 
-118.194252993039,33.963837780103,"574",SS0758,Cudahy, ,Operational,SCE,SCE,L, ,,YES,,,,,33kV to 92kV,Bell,Los Angeles,"90201",CA, 
-118.402597804071,34.0145710760112,"575",SS0759,Culver, ,Operational,SCE,SCE,L, ,,YES,,,,,33kV to 92kV,Culver City,Los Angeles,"90232",CA, 
-117.933615569621,34.1138949895901,"576",SS0760,Dalton, ,Operational,SCE,SCE,L, ,,YES,,,,,33kV to 92kV,Baldwin Park,Los Angeles,"91706",CA, 
-118.096854744728,33.8477305306912,"577",SS0761,Del Amo, ,Operational,SCE,SCE,L, ,,YES,,YES,,,220kV to 287kV,Cerritos,Los Angeles,"90703",CA, 
-118.28896431302,34.7179659958678,"578",SS0762,Del Sur, ,Operational,SCE,SCE,L, ,,YES,,,,,33kV to 92kV,Lancaster,Los Angeles,"93536",CA, 
-117.811224818324,34.0029428088608,"579",SS0763,Diamond Bar, ,Operational,SCE,SCE,L, ,,YES,,,,,33kV to 92kV,Diamond Bar,Los Angeles,"91765",CA, 
-118.222955492617,33.7621887010973,"580",SS0764,Dike, ,Operational,SCE,SCE,L, ,,YES,,,,,33kV to 92kV,Long Beach,Los Angeles,"90802",CA, 
-118.377895327886,33.8723242829178,"581",SS0765,Ditmar, ,Operational,SCE,SCE,L, ,,YES,,,,,33kV to 92kV,Redondo Beach,Los Angeles,"90278",CA, 
-118.223019149418,33.8624713173086,"582",SS0766,Domhill, ,Operational,SCE,SCE,L, ,,YES,,,,,33kV to 92kV,Compton,Los Angeles,"90220",CA, 
-118.382659499559,33.9222785581243,"583",SS0767,Douglas, ,Operational,SCE,SCE,L, ,,YES,,,,,33kV to 92kV,El Segundo,Los Angeles,"90245",CA, 
-118.144256192209,33.8989721242238,"584",SS0768,Dougoil, ,Operational,SCE,SCE,L, ,,YES,,,,,33kV to 92kV,Paramount,Los Angeles,"90723",CA, 
-118.184306240751,34.1508512541184,"585",SS0769,Eagle Rock, ,Operational,SCE,SCE,L, ,,,,YES,,,220kV to 287kV,Glendale,Los Angeles,"91206",CA, 
-118.085710316299,34.1622534110005,"586",SS0770,Eaton, ,Operational,SCE,SCE,L, ,,YES,,,,,33kV to 92kV,Pasadena,Los Angeles,"91107",CA, 
-118.373309908556,33.8956537675778,"587",SS0771,El Nido, ,Operational,SCE,SCE,L, ,,YES,,YES,,,220kV to 287kV,Lawndale,Los Angeles,"90260",CA, 
-118.616384921974,34.4911347971806,"588",SS0772,Elizabeth Lake, ,Operational,SCE,SCE,L, ,,YES,,,,,33kV to 92kV,Castaic,Los Angeles,"91384",CA, 
-118.090458842732,33.8799011481681,"589",SS0773,Eric, ,Operational,SCE,SCE,L, ,,YES,,,,,33kV to 92kV,Cerritos,Los Angeles,"90703",CA, 
-118.167433941103,33.9819990323385,"590",SS0775,Federalgen, ,Operational,SCE,SCE,L, ,,YES,,YES,,,220kV to 287kV,Los Angeles,Los Angeles,"90040",CA, 
-118.362046478405,33.9157958923743,"591",SS0776,Felton, ,Operational,SCE,SCE,L, ,,YES,,,,,33kV to 92kV,Hawthorne,Los Angeles,"90250",CA, 
-118.215471846865,33.9282921747462,"592",SS0777,Fernwood, ,Operational,SCE,SCE,L, ,,YES,,,,,33kV to 92kV,Lynwood,Los Angeles,"90262",CA, 
-118.233286327043,33.8214277165775,"593",SS0779,Polypro,FLETCHER OIL,Operational,SCE,SCE,L, ,,YES,,,,,33kV to 92kV,Carson,Los Angeles,"90745",CA, 
-118.608284944924,34.5145589973266,"594",SS0780,Mwd Foothill, ,Operational,SCE,SCE,L, ,,YES,,,,,33kV to 92kV,Castaic,Los Angeles,"91384",CA, 
-118.226691789354,33.9959910527708,"595",SS0781,Fruitland, ,Operational,SCE,SCE,L, ,,YES,,,,,33kV to 92kV,Los Angeles,Los Angeles,"90058",CA, 
-118.226470375889,33.764572438376,"596",SS0782,Fuel, ,Operational,SCE,SCE,L, ,,YES,,YES,,,220kV to 287kV,Long Beach,Los Angeles,"90802",CA, 
-118.382872127933,33.8992834432364,"597",SS0783,Galaxy, ,Operational,SCE,SCE,L, ,,YES,,,,,33kV to 92kV,Manhattan Beach,Los Angeles,"90266",CA, 
-118.111338406128,33.9615464240232,"598",SS0784,Gallatin, ,Operational,SCE,SCE,L, ,,YES,,,,,33kV to 92kV,Downey,Los Angeles,"90240",CA, 
-117.755267980953,34.0582840206512,"599",SS0785,Pomona,GANESHA,Operational,SCE,SCE,L, ,,YES,,,,,33kV to 92kV,Pomona,Los Angeles,"91766",CA, 
-117.77562408157,34.0575275772344,"600",SS0786,Ganesha,GARDEN STATE,Operational,SCE,SCE,L, ,,YES,,,,,33kV to 92kV,Pomona,Los Angeles,"91766",CA, 
-118.14984023725,34.124958957059,"601",SS0787,Garfield, ,Operational,SCE,SCE,L, ,,YES,,,,,33kV to 92kV,South Pasadena,Los Angeles,"91030",CA, 
-118.233177216106,33.807379466489,"602",SS0788,Gatx, ,Operational,SCE,SCE,L, ,,YES,,,,,33kV to 92kV,Long Beach,Los Angeles,"90810",CA, 
-118.087909418297,34.1513514499379,"603",SS0789,Goodrich, ,Operational,SCE,SCE,L, ,,YES,,YES,,,220kV to 287kV,Pasadena,Los Angeles,"91107",CA, 
-118.827093190997,34.7905395344161,"604",SS0790,Gorman, ,Operational,SCE,SCE,L, ,,YES,,,,,33kV to 92kV,Lebec,Los Angeles,"93243",CA, 
-118.186947959712,34.2214787723679,"605",SS0791,Gould, ,Operational,SCE,SCE,L, ,,YES,,YES,,,220kV to 287kV,La Canada Flintridge,Los Angeles,"91011",CA, 
-118.041812502903,34.0814973221748,"606",SS0792,Ductile,GRANING,Operational,SCE,SCE,L, ,,YES,,,,,33kV to 92kV,El Monte,Los Angeles,"91731",CA, 
-118.047450573224,33.8810865520334,"607",SS0793,Greening, ,Operational,SCE,SCE,L, ,,YES,,,,,33kV to 92kV,Cerritos,Los Angeles,"90703",CA, 
-118.227305321813,33.7789242990233,"608",SS0795,Harborgen, ,Operational,SCE,SCE,L, ,,YES,,YES,,,220kV to 287kV,Long Beach,Los Angeles,"90813",CA, 
-118.515236596782,34.438701711441,"609",SS0796,Haskell, ,Operational,SCE,SCE,L, ,,YES,,,,,33kV to 92kV,Santa Clarita,Los Angeles,"91350",CA, 
-118.14217408627,33.791042995651,"610",SS0797,Hathaway, ,Operational,SCE,SCE,L, ,,YES,,,,,33kV to 92kV,Long Beach,Los Angeles,"90815",CA, 
-118.113851716714,34.611923884823,"611",SS0798,Helijet, ,Operational,SCE,SCE,L, ,,YES,,,,,33kV to 92kV,Palmdale,Los Angeles,"93550",CA, 
-118.025009626466,34.0242741907953,"612",SS0799,Hillgen, ,Operational,SCE,SCE,L, ,,YES,,,,,33kV to 92kV,Hacienda Heights,Los Angeles,"91745",CA, 
-118.222526872207,33.8192641511119,"613",SS0800,Hinson, ,Operational,SCE,SCE,L, ,,YES,,YES,,,220kV to 287kV,Long Beach,Los Angeles,"90810",CA, 
-118.307157046877,33.9226143142677,"614",SS0801,Howard, ,Operational,SCE,SCE,L, ,,YES,,,,,33kV to 92kV,Los Angeles,Los Angeles,"90047",CA, 
-118.391788539924,33.9117138029345,"615",SS0802,Hughesair, ,Operational,SCE,SCE,L, ,,YES,,,,,33kV to 92kV,El Segundo,Los Angeles,"90245",CA, 
-118.340478507968,33.8104649306734,"616",SS0803,Hughtron, ,Operational,SCE,SCE,L, ,,YES,,,,,33kV to 92kV,Torrance,Los Angeles,"90505",CA, 
-118.148272834771,33.9118401530532,"617",SS0804,Imperial, ,Operational,SCE,SCE,L, ,,YES,,,,,33kV to 92kV,Downey,Los Angeles,"90242",CA, 
-117.967701390828,34.033411883001,"618",SS0805,N.N, ,Operational,SCE,SCE,L, ,,YES,,,,,33kV to 92kV,La Puente,Los Angeles,"91744",CA, 
-118.358091291491,33.965643565826,"619",SS0806,Inglewood, ,Operational,SCE,SCE,L, ,,YES,,,,,33kV to 92kV,Inglewood,Los Angeles,"90302",CA, 
-118.159391501813,33.8013369115343,"620",SS0807,Injection, ,Operational,SCE,SCE,L, ,,YES,,,,,33kV to 92kV,Signal Hill,Los Angeles,"90755",CA, 
-118.248176927188,33.8794999675823,"621",SS0808,Jersey, ,Operational,SCE,SCE,L, ,,YES,,,,,33kV to 92kV,Compton,Los Angeles,"90220",CA, 
-118.167955671581,34.2135045794923,"622",SS0809,Jet, ,Operational,SCE,SCE,L, ,,YES,,,,,33kV to 92kV,Altadena,Los Angeles,"91001",CA, 
-118.025532523673,34.0370984538987,"623",SS0811,Jose, ,Operational,SCE,SCE,L, ,,YES,,,,,33kV to 92kV,La Puente,Los Angeles,"91746",CA, 
-118.203565753148,34.0149698132068,"624",SS0812,Kinetic, ,Operational,SCE,SCE,L, ,,YES,,YES,,,220kV to 287kV,Los Angeles,Los Angeles,"90023",CA, 
-118.21048123351,34.2052654416931,"625",SS0813,La Canada, ,Operational,SCE,SCE,L, ,,YES,,,,,33kV to 92kV,La Canada Flintridge,Los Angeles,"91011",CA, 
-118.378314780713,34.0007331535232,"626",SS0814,La Cienega, ,Operational,SCE,SCE,L, ,,YES,,YES,,,220kV to 287kV,Los Angeles,Los Angeles,"90056",CA, 
-118.332830660805,33.869737536853,"627",SS0815,La Fresa, ,Operational,SCE,SCE,L, ,,YES,,YES,,,220kV to 287kV,Torrance,Los Angeles,"90504",CA, 
-118.014392771674,33.8886254669288,"628",SS0816,La Mirada, ,Operational,SCE,SCE,L, ,,YES,,,,,33kV to 92kV,La Mirada,Los Angeles,"90638",CA, 
-118.147861715568,33.9758939693035,"629",SS0817,Laguna Bell, ,Operational,SCE,SCE,L, ,,YES,,YES,,,220kV to 287kV,Los Angeles,Los Angeles,"90040",CA, 
-118.124640805319,33.8302392238556,"630",SS0818,Lakewood, ,Operational,SCE,SCE,L, ,,YES,,,,,33kV to 92kV,Long Beach,Los Angeles,"90808",CA, 
-118.145591922433,34.7004949012967,"631",SS0819,Lancaster, ,Operational,SCE,SCE,L, ,,YES,,,,,33kV to 92kV,Lancaster,Los Angeles,"93534",CA, 
-118.22847993841,34.6906785782523,"632",SS0820,Lanpri, ,Operational,Other,Other,L, ,,YES,,,,,33kV to 92kV,Lancaster,Los Angeles,"93536",CA, 
-117.926416776001,34.0870819856374,"633",SS0821,Lark Ellen, ,Operational,SCE,SCE,L, ,,YES,,,,,33kV to 92kV,Covina,Los Angeles,"91722",CA, 
-118.776087894228,34.0448309227708,"634",SS0822,Latigo, ,Operational,SCE,SCE,L, ,,YES,,,,,33kV to 92kV,Malibu,Los Angeles,"90265",CA, 
-117.769691390149,34.0899759136838,"635",SS0823,Layfair, ,Operational,SCE,SCE,L, ,,YES,,,,,33kV to 92kV,Pomona,Los Angeles,"91768",CA, 
-118.347350418866,33.9422497048478,"636",SS0824,Lennox, ,Operational,SCE,SCE,L, ,,YES,,,,,33kV to 92kV,Inglewood,Los Angeles,"90304",CA, 
-118.217875786709,33.9976026448741,"637",SS0825,Owill,,Operational,Other,Other,L, ,,YES,,,,,33kV to 92kV,Los Angeles,Los Angeles,"90058",CA, 
-118.175021700642,33.8805720198404,"638",SS0826,Lighthipe, ,Operational,SCE,SCE,L, ,,YES,,YES,,,220kV to 287kV,Long Beach,Los Angeles,"90805",CA, 
-117.931844659451,34.1118498072702,"639",SS0827,Liquid, ,Operational,SCE,SCE,L, ,,YES,,,,,33kV to 92kV,Baldwin Park,Los Angeles,"91706",CA, 
-117.96893893193,34.6161964834873,"640",SS0828,Little Rock, ,Operational,SCE,SCE,L, ,,YES,,,,,33kV to 92kV,Palmdale,Los Angeles,"93591",CA, 
-117.731882886372,34.1211610912384,"641",SS0829,Live Oak, ,Operational,SCE,SCE,L, ,,YES,,,,,33kV to 92kV,Claremont,Los Angeles,"91711",CA, 
-118.190496661005,33.8112706723196,"642",SS0831,Los Cerritos, ,Operational,SCE,SCE,L, ,,YES,,,,,33kV to 92kV,Long Beach,Los Angeles,"90806",CA, 
-118.404487226351,33.9318003551641,"643",SS0832,Losulfur, ,Operational,SCE,SCE,L, ,,YES,,,,,33kV to 92kV,Los Angeles,Los Angeles,"90045",CA, 
-118.120586632407,33.8423521063354,"644",SS0833,Lucas, ,Operational,SCE,SCE,L, ,,YES,,,,,33kV to 92kV,Lakewood,Los Angeles,"90713",CA, 
-118.347150767844,34.1721881922853,"645",SS0834,Macneil, ,Operational,SCE,SCE,L, ,,YES,,,,,33kV to 92kV,Burbank,Los Angeles,"91505",CA,Not listed on new sce map. dated jan 1999 deawing # 99_transall. dwg
-118.227591893768,33.7639940465734,"646",SS0835,Main Oil, ,Operational,SCE,SCE,L, ,,YES,,,,,33kV to 92kV,Long Beach,Los Angeles,"90802",CA, 
-118.761452178148,34.1475519645668,"647",SS0836,Malibu, ,Operational,SCE,SCE,L, ,,YES,,,,,33kV to 92kV,Agoura Hills,Los Angeles,"91301",CA, 
-118.465678015974,34.0069779188308,"648",SS0837,Marine, ,Operational,SCE,SCE,L, ,,YES,,,,,33kV to 92kV,Santa Monica,Los Angeles,"90405",CA, 
-118.388967791587,33.7471691816233,"649",SS0838,Marymount, ,Operational,SCE,SCE,L, ,,YES,,,,,33kV to 92kV,Rancho Palos Verdes,Los Angeles,"90275",CA, 
-118.101344272606,33.9695764887496,"650",SS0839,Rivera,MERCURY,Operational,SCE,SCE,L, ,,YES,,,,,33kV to 92kV,Pico Rivera,Los Angeles,"90660",CA, 
-117.90719426859,34.0497204067675,"651",SS0840,Merced,MERGEN,Operational,SCE,SCE,L, ,,YES,,,,,33kV to 92kV,West Covina,Los Angeles,"91791",CA, 
-118.110458062403,34.0372579599672,"652",SS0841,Mesa, ,Operational,SCE,SCE,L, ,,YES,,YES,,,220kV to 287kV,Monterey Park,Los Angeles,"91755",CA, 
-118.335594496874,33.8534759861012,"653",SS0842,Mobgen, ,Operational,SCE,SCE,L, ,,YES,,,,,33kV to 92kV,Torrance,Los Angeles,"90503",CA, 
-118.332944167772,33.8570690247536,"654",SS0843,Mobiloil, ,Operational,SCE,SCE,L, ,,YES,,,,,33kV to 92kV,Torrance,Los Angeles,"90503",CA, 
-118.043093836751,33.954421135323,"655",SS0844,Murphy, ,Operational,SCE,SCE,L, ,,YES,,,,,33kV to 92kV,Whittier,Los Angeles,"90602",CA, 
-118.066823359417,34.0050012201849,"656",SS0846,Narrows, ,Operational,SCE,SCE,L, ,,YES,,,,,33kV to 92kV,Pico Rivera,Los Angeles,"90660",CA, 
-118.228552855632,33.7422675570338,"657",SS0847,Navy Mole, ,Operational,SCE,SCE,L, ,,YES,,,,,33kV to 92kV,Long Beach,Los Angeles,"90802",CA, 
-118.219179802681,33.7639471889821,"658",SS0848,Navy-1, ,Operational,SCE,SCE,L, ,,YES,,,,,33kV to 92kV,Long Beach,Los Angeles,"90802",CA, 
-118.501423850989,34.7751006709866,"659",SS0849,Neenach, ,Operational,SCE,SCE,L, ,,YES,,,,,33kV to 92kV,Lancaster,Los Angeles,"93536",CA, 
-118.268388538039,33.8273485058003,"660",SS0850,Neptune, ,Operational,SCE,SCE,L, ,,YES,,,,,33kV to 92kV,Carson,Los Angeles,"90745",CA, 
-118.129136369295,34.0455660316526,"661",SS0851,Newmark, ,Operational,SCE,SCE,L, ,,YES,,,,,33kV to 92kV,Monterey Park,Los Angeles,"91754",CA, 
-118.559157749857,34.3792081163066,"662",SS0852,Newhall, ,Operational,SCE,SCE,L, ,,YES,,,,,33kV to 92kV,Valencia,Los Angeles,"91355",CA, 
-117.855279241262,34.0067560035189,"663",SS0853,Nogales, ,Operational,SCE,SCE,L, ,,YES,,,,,33kV to 92kV,Walnut,Los Angeles,"91789",CA, 
-118.276314336597,33.8595098866579,"664",SS0854,Nola, ,Operational,SCE,SCE,L, ,,YES,,,,,33kV to 92kV,Gardena,Los Angeles,"90248",CA, 
-118.452736312976,34.4156259296657,"665",SS0855,North Oaks, ,Operational,SCE,SCE,L, ,,YES,,,,,33kV to 92kV,Canyon Country,Los Angeles,"91387",CA, 
-118.094851759096,34.6467074249757,"666",SS0856,Oasis, ,Operational,SCE,SCE,L, ,,YES,,,,,33kV to 92kV,Palmdale,Los Angeles,"93550",CA, 
-117.9222979703,33.9462679244454,"667",SS0857,Olinda, ,Operational,SCE,SCE,L, ,,YES,,YES,,,220kV to 287kV,Rowland Heights,Los Angeles,"91748",CA, 
-118.719279332002,34.808439537663,"668",SS0858,Oso, ,Operational,SCE,SCE,L, ,,YES,,,,,33kV to 92kV,Lancaster,Los Angeles,"93536",CA, 
-118.231262814021,34.0500174636179,"669",SS0859,Owill, ,Operational,SCE,SCE,L, ,,YES,,,,,33kV to 92kV,Los Angeles,Los Angeles,"90012",CA,Unsured the actual location
-117.976745662802,34.034541963539,"670",SS0860,Package, ,Operational,SCE,SCE,L, ,,YES,,,,,33kV to 92kV,La Puente,Los Angeles,"91746",CA, 
-118.233860913886,33.8460237698041,"671",SS0861,Pacline, ,Operational,SCE,SCE,L, ,,YES,,,,,33kV to 92kV,Long Beach,Los Angeles,"90810",CA, 
-118.059173929429,34.5660492804608,"672",SS0862,Palmdale, ,Operational,SCE,SCE,L, ,,YES,,,,,33kV to 92kV,Palmdale,Los Angeles,"93550",CA, 
-118.349220859211,33.7932852727195,"673",SS0863,Palogen, ,Operational,SCE,SCE,L, ,,YES,,,,,33kV to 92kV,Palos Verdes Peninsula,Los Angeles,"90274",CA, 
-118.6573571713,34.5874895741715,"674",SS0863,Castaic, ,Operational,LADWP,LADWP,L, ,,,,YES,,,220kV to 287kV,Castaic,Los Angeles,"91384",CA, 
-118.582823779731,34.439265560925,"675",SS0864,Pardee, ,Operational,SCE,SCE,L, ,,YES,,YES,YES,,345kV to 500kV,Valencia,Los Angeles,"91355",CA, 
-118.082135850545,33.9642011282727,"676",SS0865,Passons, ,Operational,SCE,SCE,L, ,,YES,,,,,33kV to 92kV,Santa Fe Springs,Los Angeles,"90670",CA, 
-117.91966996082,34.5090646677875,"677",SS0866,Pearblossom, ,Operational,SCE,SCE,L, ,,,,YES,,,220kV to 287kV,Littlerock,Los Angeles,"93543",CA, 
-118.206644587221,33.765084980515,"678",SS0867,Pico, ,Operational,SCE,SCE,L, ,,YES,,,,,33kV to 92kV,Long Beach,Los Angeles,"90802",CA, 
-118.081136769523,33.915570932344,"679",SS0868,Pioneer, ,Operational,SCE,SCE,L, ,,YES,,,,,33kV to 92kV,Norwalk,Los Angeles,"90650",CA, 
-118.594181357498,34.463589357518,"680",SS0869,Pitchgen, ,Operational,SCE,SCE,L, ,,YES,,,,,33kV to 92kV,Castaic,Los Angeles,"91384",CA, 
-117.969360564508,34.6906507342296,"681",SS0870,Piute, ,Operational,SCE,SCE,L, ,,YES,,,,,33kV to 92kV,Lancaster,Los Angeles,"93535",CA, 
-118.389706883274,33.9286993024852,"682",SS0871,Polaris, ,Operational,SCE,SCE,L, ,,YES,,,,,33kV to 92kV,El Segundo,Los Angeles,"90245",CA, 
-118.207815549191,33.7648262811441,"683",SS0872,Tidelands,POLB,Operational,SCE,SCE,L, ,,YES,,,,,33kV to 92kV,Long Beach,Los Angeles,"90802",CA, 
-118.067734656703,33.934986213266,"684",SS0873,Powerine, ,Operational,SCE,SCE,L, ,,YES,,,,,33kV to 92kV,Santa Fe Springs,Los Angeles,"90670",CA, 
-118.065597749374,33.958560218109,"685",SS0874,Procal, ,Operational,SCE,SCE,L, ,,YES,,,,,33kV to 92kV,Santa Fe Springs,Los Angeles,"90670",CA, 
-117.969035905269,34.0218653820275,"686",SS0875,Proctor, ,Operational,SCE,SCE,L, ,,YES,,,,,33kV to 92kV,Hacienda Heights,Los Angeles,"91745",CA, 
-117.930411385311,34.0090060747436,"687",SS0876,Puente, ,Operational,SCE,SCE,L, ,,YES,,,,,33kV to 92kV,Rowland Heights,Los Angeles,"91748",CA, 
-118.206078073423,33.9979726272934,"688",SS0877,Leonis,PULPGEN ,Operational,Other,Other,L, ,,YES,,,,,33kV to 92kV,Los Angeles,Los Angeles,"90058",CA, 
-118.228278078055,34.6595362757741,"689",SS0878,Quartz Hill, ,Operational,SCE,SCE,L, ,,YES,,,,,33kV to 92kV,Lancaster,Los Angeles,"93536",CA, 
-117.887690898146,33.9970989119745,"690",SS0879,Railroad, ,Operational,SCE,SCE,L, ,,YES,,,,,33kV to 92kV,Rowland Heights,Los Angeles,"91748",CA, 
-118.130015950624,34.0699143157443,"691",SS0880,Ramona, ,Operational,SCE,SCE,L, ,,YES,,,,,33kV to 92kV,Alhambra,Los Angeles,"91803",CA, 
-118.205303810885,33.9827099005026,"692",SS0881,Randolph, ,Operational,SCE,SCE,L, ,,YES,,,,,33kV to 92kV,Huntington Park,Los Angeles,"90255",CA, 
-118.081062289667,34.121770358806,"693",SS0882,Ravendale, ,Operational,SCE,SCE,L, ,,YES,,,,,33kV to 92kV,San Gabriel,Los Angeles,"91775",CA, 
-117.969404767441,34.7631787241598,"694",SS0883,Redman, ,Operational,SCE,SCE,L, ,,YES,,,,,33kV to 92kV,Lancaster,Los Angeles,"93535",CA, 
-118.244274997763,33.8395912521046,"695",SS0884,Refinery, ,Operational,SCE,SCE,L, ,,YES,,,,,33kV to 92kV,Carson,Los Angeles,"90745",CA, 
-118.152767251094,33.9945609744584,"696",SS0885,Refuse, ,Operational,SCE,SCE,L, ,,YES,,,,,33kV to 92kV,Los Angeles,Los Angeles,"90040",CA, 
-118.024178082257,34.0344426081016,"697",SS0886,Reno, ,Operational,SCE,SCE,L, ,,YES,,,,,33kV to 92kV,Whittier,Los Angeles,"90601",CA, 
-118.162173135802,34.0479376607394,"698",SS0887,Repetto, ,Operational,SCE,SCE,L, ,,YES,,,,,33kV to 92kV,Monterey Park,Los Angeles,"91754",CA, 
-118.379444166239,33.9033810579488,"699",SS0888,Repro, ,Operational,SCE,SCE,L, ,,YES,,YES,,,220kV to 287kV,El Segundo,Los Angeles,"90245",CA, 
-118.161919743954,33.8630299839161,"700",SS0890,Revital, ,Operational,SCE,SCE,L, ,,YES,,,,,33kV to 92kV,Long Beach,Los Angeles,"90805",CA, 
-117.980787430659,34.1051296950401,"701",SS0891,Rio Hondo, ,Operational,SCE,SCE,L, ,,YES,,YES,,,220kV to 287kV,Baldwin Park,Los Angeles,"91706",CA, 
-118.073256665283,34.6103205843175,"702",SS0892,Rockair, ,Operational,SCE,SCE,L, ,,YES,,,,,33kV to 92kV,Palmdale,Los Angeles,"93550",CA, 
-118.354996500833,33.8083654802185,"703",SS0893,Rolling Hills, ,Operational,SCE,SCE,L, ,,YES,,,,,33kV to 92kV,Torrance,Los Angeles,"90505",CA, 
-118.397832500982,33.9031492079469,"704",SS0894,Rosecrans, ,Operational,SCE,SCE,L, ,,YES,,YES,,,220kV to 287kV,El Segundo,Los Angeles,"90245",CA, 
-118.08264664923,34.0922135991491,"705",SS0895,Rosemead, ,Operational,SCE,SCE,L, ,YES,YES,,,,,33kV to 92kV,Rosemead,Los Angeles,"91770",CA, 
-118.081335093563,34.0512135829074,"706",SS0896,Rush, ,Operational,SCE,SCE,L, ,,YES,,,,,33kV to 92kV,Rosemead,Los Angeles,"91770",CA, 
-117.80780687219,34.1171761285514,"707",SS0897,San Dimas, ,Operational,SCE,SCE,L, ,,YES,,,,,33kV to 92kV,San Dimas,Los Angeles,"91773",CA, 
-118.100171126081,34.0986939354084,"708",SS0899,San Gabriel, ,Operational,SCE,SCE,L, ,,YES,,,,,33kV to 92kV,San Gabriel,Los Angeles,"91776",CA, 
-118.298959854805,33.8070333436718,"709",SS0900,Sanitreat, ,Operational,SCE,SCE,L, ,,YES,,,,,33kV to 92kV,Harbor City,Los Angeles,"90710",CA, 
-118.058535855398,33.9480621484718,"710",SS0901,Santa Fe Springs, ,Operational,SCE,SCE,L, ,,YES,,,,,33kV to 92kV,Santa Fe Springs,Los Angeles,"90670",CA, 
-118.488146863193,34.0172521945842,"711",SS0902,Santa Monica, ,Operational,SCE,SCE,L, ,,YES,,,,,33kV to 92kV,Santa Monica,Los Angeles,"90401",CA, 
-118.57581456107,34.4219816325374,"712",SS0903,Saugus, ,Operational,SCE,SCE,L, ,,YES,,YES,,,220kV to 287kV,Valencia,Los Angeles,"91355",CA, 
-118.452184604675,34.047456874065,"713",SS0904,Sawtelle, ,Operational,SCE,SCE,L, ,,YES,,,,,33kV to 92kV,Los Angeles,Los Angeles,"90025",CA, 
-118.203522868594,33.7725261333901,"714",SS0905,Seabright, ,Operational,SCE,SCE,L, ,,YES,,,,,33kV to 92kV,Long Beach,Los Angeles,"90802",CA, 
-118.396680299591,33.9190332147887,"715",SS0906,Sepulveda, ,Operational,SCE,SCE,L, ,,YES,,,,,33kV to 92kV,El Segundo,Los Angeles,"90245",CA, 
-118.241140238121,33.7593621176125,"716",SS0907,Serfgen, ,Operational,SCE,SCE,L, ,,YES,,,,,33kV to 92kV,Long Beach,Los Angeles,"90802",CA, 
-118.243986544809,33.807571018166,"717",SS0908,Shellwatt, ,Operational,SCE,SCE,L, ,,YES,,,,,33kV to 92kV,Carson,Los Angeles,"90745",CA, 
-118.164992812291,34.6427523109203,"718",SS0909,Shuttle, ,Operational,SCE,SCE,L, ,,YES,,,,,33kV to 92kV,Palmdale,Los Angeles,"93551",CA, 
-118.168198653573,33.8114334343536,"719",SS0910,Signal Hill, ,Operational,SCE,SCE,L, ,,YES,,,,,33kV to 92kV,Signal Hill,Los Angeles,"90755",CA, 
-117.773854247817,34.0595047003735,"720",SS0911,Simpson, ,Operational,SCE,SCE,L, ,,YES,,,,,33kV to 92kV,Pomona,Los Angeles,"91768",CA, 
-118.422576636324,34.4518673323665,"721",SS0912,Solemint, ,Operational,SCE,SCE,L, ,,YES,,,,,33kV to 92kV,Canyon Country,Los Angeles,"91351",CA, 
-118.142964569912,33.8741978527241,"722",SS0913,Somerset, ,Operational,SCE,SCE,L, ,,YES,,,,,33kV to 92kV,Bellflower,Los Angeles,"90706",CA, 
-117.837063221056,34.0222334860865,"723",SS0914,Sopipe,,Operational,SCE,SCE,L, ,,YES,,,,,33kV to 92kV,Walnut,Los Angeles,"91789",CA, 
-117.795460152949,34.1274840758765,"724",SS0915,San Dimas Power, ,Operational,SCE,SCE,L, ,,YES,,,,,33kV to 92kV,San Dimas,Los Angeles,"91773",CA, 
-118.374998390691,33.8914044951617,"725",SS0916,Space, ,Operational,SCE,SCE,L, ,,YES,,,,,33kV to 92kV,Redondo Beach,Los Angeles,"90278",CA, 
-118.111242836722,33.9808430974593,"726",SS0917,Sponge, ,Operational,SCE,SCE,L, ,,YES,,,,,33kV to 92kV,Pico Rivera,Los Angeles,"90660",CA, 
-118.359376984899,33.9891786990539,"727",SS0918,La Brea, ,Operational,LADWP,LADWP,L, ,,,YES,,,,110kV to 161kV,Los Angeles,Los Angeles,"90056",CA, 
-118.19868971884,33.7901829911455,"728",SS0919,State St., ,Operational,SCE,SCE,L, ,,YES,,,,,33kV to 92kV,Long Beach,Los Angeles,"90806",CA, 
-118.14049698649,33.9400746259277,"729",SS0920,Stewart, ,Operational,SCE,SCE,L, ,,YES,,,,,33kV to 92kV,Downey,Los Angeles,"90241",CA, 
-118.177092636904,33.8461764250773,"730",SS0921,Oldfield, ,Operational,SCE,SCE,L, ,,YES,,,,,33kV to 92kV,Long Beach,Los Angeles,"90807",CA,Stress
-118.359122822845,34.1429962750506,"731",SS0922,Studio, ,Operational,SCE,SCE,L, ,,YES,,,,,33kV to 92kV,Universal City,Los Angeles,"91608",CA, 
-118.167055165036,33.853179794254,"732",SS0923,Sunnyside, ,Operational,SCE,SCE,L, ,,YES,,,,,33kV to 92kV,Lakewood,Los Angeles,"90712",CA, 
-118.43691647117,33.9777555876919,"733",SS0924,Tahiti, ,Operational,SCE,SCE,L, ,,YES,,YES,,,220kV to 287kV,Marina Del Rey,Los Angeles,"90292",CA, 
-118.697938751854,34.0395551692826,"734",SS0925,Rindge, ,Operational,SCE,SCE,L, ,,YES,,,,,33kV to 92kV,Malibu,Los Angeles,"90265",CA, 
-117.99202065867,33.9323291940346,"735",SS0926,Telegraph, ,Operational,SCE,SCE,L, ,,YES,,,,,33kV to 92kV,Whittier,Los Angeles,"90604",CA, 
-118.495518503208,34.3841709372416,"736",SS0927,Tengen, ,Operational,SCE,SCE,L, ,,YES,,,,,33kV to 92kV,Newhall,Los Angeles,"91321",CA, 
-118.409589972615,33.916005419938,"737",SS0929,Thermal, ,Operational,SCE,SCE,L, ,,YES,,,,,33kV to 92kV,El Segundo,Los Angeles,"90245",CA, 
-118.181540681506,33.7593171071456,"738",SS0930,Thums A, ,Operational,SCE,SCE,L, ,,YES,,,,,33kV to 92kV,Long Beach,Los Angeles  ,"90802",CA, 
-118.159509140576,33.7527548681144,"739",SS0931,Thums B, ,Operational,SCE,SCE,L, ,,YES,,,,,33kV to 92kV,Long Beach ,Los Angeles  ,"90803",CA, 
-118.138879795679,33.7397672280084,"740",SS0932,Thums C, ,Operational,SCE,SCE,L, ,,YES,,,,,33kV to 92kV,Long Beach,Los Angeles ,"90803",CA, 
-118.162571121435,33.741322035102,"741",SS0933,Thums D, ,Operational,SCE,SCE,L, ,,YES,,,,,33kV to 92kV,Long Beach,Los Angeles  ,"90803",CA, 
-118.376565447596,33.8278072561906,"742",SS0934,Topaz, ,Operational,SCE,SCE,L, ,,YES,,,,,33kV to 92kV,Redondo Beach,Los Angeles,"90277",CA, 
-118.344296790258,33.8298418340212,"743",SS0935,Torrance, ,Operational,SCE,SCE,L, ,,YES,,,,,33kV to 92kV,Torrance,Los Angeles,"90503",CA, 
-118.065874881655,34.6406804285862,"744",SS0936,Tortoise, ,Operational,SCE,SCE,L, ,,YES,,,,,33kV to 92kV,Palmdale,Los Angeles,"93550",CA, 
-118.160321682779,33.8727997708377,"745",SS0937,Toyota, ,Operational,SCE,SCE,L, ,,YES,,,,,33kV to 92kV,Long Beach,Los Angeles,"90805",CA, 
-118.385571699,33.9213105173162,"746",SS0938,Trisonic, ,Operational,SCE,SCE,L, ,,YES,,,,,33kV to 92kV,El Segundo,Los Angeles,"90245",CA, 
-117.818161558133,34.0413711235626,"747",SS0939,Trophy, ,Operational,SCE,SCE,L, ,,YES,,,,,33kV to 92kV,Walnut,Los Angeles,"91789",CA, 
-118.18557681932,33.8591443607283,"748",SS0940,Linden,TURBO,Operational,SCE,SCE,L, ,,YES,,,,,33kV to 92kV,Long Beach,Los Angeles,"90805",CA, 
-118.35738435397,34.1429739912642,"749",SS0942,Universal, ,Operational,SCE,SCE,L, ,,YES,,,,,33kV to 92kV,Universal City,Los Angeles,"91608",CA, 
-118.127803777251,34.0067704218413,"750",SS0943,Vail, ,Operational,SCE,SCE,L, ,,YES,,,,,33kV to 92kV,Los Angeles,Los Angeles,"90040",CA, 
-118.631786942912,34.14776351951,"751",SS0944,Valdez, ,Operational,SCE,SCE,L, ,,YES,,,,,33kV to 92kV,Calabasas,Los Angeles,"91302",CA, 
-118.420930291647,33.9903339785255,"752",SS0945,Venice Hydro, ,Operational,SCE,SCE,L, ,,YES,,YES,,,220kV to 287kV,Los Angeles,Los Angeles,"90066",CA, 
-118.220164579616,33.9984509466609,"753",SS0946,Vernon, ,Operational,Other,Other,L, ,,YES,,,,,33kV to 92kV,Los Angeles,Los Angeles,"90058",CA, 
-118.374192447952,33.8588492282012,"754",SS0947,Victoria, ,Operational,SCE,SCE,L, ,,YES,,,,,33kV to 92kV,Redondo Beach,Los Angeles,"90278",CA, 
-118.232052171473,33.8125070297998,"755",SS0948,Air Products, ,Operational,SCE,SCE,L, ,,YES,,,,,33kV to 92kV,Long Beach,Los Angeles,"90810",CA, 
-118.118468560958,34.485961055102,"756",SS0949,Vincent, ,Operational,SCE,SCE,L, ,,,,YES,YES,,345kV to 500kV,Palmdale,Los Angeles,"93550",CA, 
-118.186411756015,34.0451265459075,"757",SS0950,Wabash, ,Operational,SCE,SCE,L, ,,YES,,,,,33kV to 92kV,Los Angeles,Los Angeles,"90063",CA, 
-118.323474809344,33.7919541920668,"758",SS0952,Walteria, ,Operational,SCE,SCE,L, ,,YES,,,,,33kV to 92kV,Lomita,Los Angeles,"90717",CA, 
-118.788541429377,34.6850698960716,"759",SS0953,Warne, ,Operational,SCE,SCE,L, ,,,,YES,,,220kV to 287kV,Lebec,Los Angeles,"93243",CA, 
-118.26171247621,33.8080891574169,"760",SS0954,Watson, ,Operational,SCE,SCE,L, ,,YES,,,,,33kV to 92kV,Carson,Los Angeles,"90745",CA, 
-118.165014292816,33.8836176401165,"761",SS0955,Webco, ,Operational,SCE,SCE,L, ,,YES,,,,,33kV to 92kV,Paramount,Los Angeles,"90723",CA, 
-118.175919804841,33.8113821382034,"762",SS0956,Westex, ,Operational,SCE,SCE,L, ,,YES,,,,,33kV to 92kV,Signal Hill,Los Angeles,"90755",CA, 
-118.420340070501,33.9092893173033,"763",SS0957,Westhill, ,Operational,SCE,SCE,L, ,,YES,,,,,33kV to 92kV,El Segundo,Los Angeles,"90245",CA, 
-118.060988963141,33.938901367913,"764",SS0958,Nietos,WILSHIRE,Operational,SCE,SCE,L, ,,YES,,,,,33kV to 92kV,Santa Fe Springs,Los Angeles,"90670",CA, 
-117.719695540728,34.5793081589703,"765",SS0959,Wilsona, ,Operational,SCE,SCE,L, ,,YES,,,,,33kV to 92kV,Palmdale,Los Angeles,"93591",CA, 
-118.359187663128,33.9960005828978,"766",SS0960,Windsor Hills, ,Operational,SCE,SCE,L, ,,,YES,YES,,,220kV to 287kV,Los Angeles,Los Angeles,"90056",CA, 
-118.334579967729,33.9188657509971,"767",SS0961,Yukon, ,Operational,SCE,SCE,L, ,,YES,,,,,33kV to 92kV,Hawthorne,Los Angeles,"90250",CA, 
-120.103202755981,36.9280066202277,"768",SS0962,Glass, ,Operational,Other,Other,M, ,,YES,,,,,33kV to 92kV,Madera,Madera,"93637",CA, 
-120.201566879859,36.9239132133874,"769",SS0964,Bonita, ,Operational,PG&E,PG&E,M, ,,YES,,,,,33kV to 92kV,Madera,Madera,"93637",CA, 
-119.984603248997,36.9221379666796,"770",SS0965,Borden, ,Operational,PG&E,PG&E,M, ,,YES,,,,,33kV to 92kV,Madera,Madera,"93636",CA, 
-120.338689958718,36.8608062030714,"771",SS0967,Sjve Madera, ,Operational,Other,Other,M, ,,,YES,,,,110kV to 161kV,Firebaugh,Madera,"93622",CA, 
-120.248306307534,37.1085870834468,"772",SS0968,Capco,CAPCO CHOWCHILLA II,Operational,PG&E,PG&E,M, ,,,YES,,,,110kV to 161kV,Chowchilla,Madera,"93610",CA, 
-119.812646266445,36.9235299629083,"773",SS0969,Cassidy, ,Operational,PG&E,PG&E,M, ,,YES,,,,,33kV to 92kV,Madera,Madera,"93636",CA, 
-120.228614509771,37.0932041419999,"774",SS0970,Certainteed, ,Operational,Other,Other,M, ,,,YES,,,,110kV to 161kV,Chowchilla,Madera,"93610",CA, 
-120.250571879858,37.1205566472942,"775",SS0971,Chowchilla, ,Operational,PG&E,PG&E,M, ,,,YES,,,,110kV to 161kV,Chowchilla,Madera,"93610",CA, 
-119.690732487279,37.2274710159229,"776",SS0972,Coarsegold, ,Operational,PG&E,PG&E,M, ,,,YES,,,,110kV to 161kV,Coarsegold,Madera,"93614",CA, 
-120.316730085485,37.0549104176069,"777",SS0974,Dairyland, ,Operational,PG&E,PG&E,M, ,,,YES,,,,110kV to 161kV,Chowchilla,Madera,"93610",CA, 
-120.164413047274,36.8807313112765,"778",SS0975,El Peco, ,Operational,PG&E,PG&E,M, ,,YES,,,,,33kV to 92kV,Madera,Madera,"93637",CA, 
-119.917067671166,36.8528046019901,"779",SS0976,Gregg, ,Operational,PG&E,PG&E,M, ,,,,YES,,,220kV to 287kV,Madera,Madera,"93636",CA, 
-120.055374242821,36.9234956079219,"780",SS0977,Madera, ,Operational,Other,Other,M, ,,YES,,,,,33kV to 92kV,Madera,Madera,"93637",CA, 
-120.328029421601,36.8669587257829,"781",SS0978,Newhall, ,Operational,PG&E,PG&E,M, ,,,YES,,,,110kV to 161kV,Firebaugh,Madera,"93622",CA, 
-119.634318830889,37.3219492558669,"782",SS0979,Oakhurst, ,Operational,PG&E,PG&E,M, ,,,YES,,,,110kV to 161kV,Oakhurst,Madera,"93644",CA, 
-120.157171087029,37.0978212335694,"783",SS0983,Sharon, ,Operational,PG&E,PG&E,M, ,,,YES,,,,110kV to 161kV,Chowchilla,Madera,"93610",CA, 
-120.033571019135,36.983137120813,"784",SS0984,Storey, ,Operational,PG&E,PG&E,M, ,,,,YES,,,220kV to 287kV,Madera,Madera,"93638",CA, 
-119.975361825239,36.9220655090037,"785",SS0986,Norby Lumber Co Inc.,YANCY,Operational,Other,Other,M, ,,YES,,,,,33kV to 92kV,Madera,Madera,"93636",CA, 
-119.519341233662,37.2538828449764,"786",SS0987,Yanke (North Fork), ,Operational,Other,Other,M, ,,YES,,,,,33kV to 92kV,North Fork,Madera,"93643",CA, 
-122.525796699908,38.0781395176496,"787",SS0990,Hamilton Wetlands, ,Operational,PG&E,PG&E,M, ,,,YES,,,,110kV to 161kV,Novato,Marin,"94949",CA, 
-122.5245929836,37.8986225621942,"788",SS0991,Alto, ,Operational,PG&E,PG&E,M, ,,YES,YES,,,,110kV to 161kV,Mill Valley,Marin,"94941",CA, 
-122.706135713764,37.941207078684,"789",SS0992,Bolinas, ,Operational,PG&E,PG&E,M, ,,YES,,,,,33kV to 92kV,Bolinas,Marin,"94924",CA, 
-122.514184358173,37.9378677530533,"790",SS0993,Greenbrae, ,Operational,PG&E,PG&E,M, ,,YES,,,,,33kV to 92kV,Greenbrae,Marin,"94904",CA, 
-122.540550448423,38.0769236410976,"791",SS0994,Ignacio, ,Operational,PG&E,PG&E,M, ,,YES,YES,YES,,,220kV to 287kV,Novato,Marin,"94945",CA, 
-122.537927450506,38.0224283700663,"792",SS0995,Las Gallinas, ,Operational,PG&E,PG&E,M, ,,,YES,,,,110kV to 161kV,San Rafael,Marin,"94903",CA, 
-122.568229942017,38.1086094382523,"793",SS0996,Novato, ,Operational,PG&E,PG&E,M, ,,YES,,,,,33kV to 92kV,Novato,Marin,"94945",CA, 
-122.786438886564,38.0421739057291,"794",SS0997,Olema, ,Operational,PG&E,PG&E,M, ,,YES,,,,,33kV to 92kV,Nicasio,Marin,"94946",CA, 
-122.527202735944,37.9705731963621,"795",SS0998,San Rafael, ,Operational,PG&E,PG&E,M, ,,YES,YES,,,,110kV to 161kV,San Rafael,Marin,"94901",CA, 
-122.49883759403,37.8635635101952,"796",SS0999,Sausalito, ,Operational,PG&E,PG&E,M, ,,,YES,,,,110kV to 161kV,Sausalito,Marin,"94965",CA, 
-122.614001799456,38.1199114318384,"797",SS1000,Stafford, ,Operational,PG&E,PG&E,M, ,,YES,,,,,33kV to 92kV,Novato,Marin,"94945",CA, 
-122.759849803822,38.0548594893077,"798",SS1001,Tocaloma, ,Operational,PG&E,PG&E,M, ,,YES,,,,,33kV to 92kV,Nicasio,Marin,"94946",CA, 
-122.653656662933,38.0120573106605,"799",SS1002,Woodacre, ,Operational,PG&E,PG&E,M, ,,YES,,,,,33kV to 92kV,Woodacre,Marin,"94973",CA, 
-120.125528888782,37.5864505113076,"800",SS1004,Bear Valley, ,Operational,PG&E,PG&E,M, ,,YES,,,,,33kV to 92kV,Mariposa,Mariposa,"95338",CA, 
-119.841215029831,37.6647893557514,"801",SS1006,Indian Flat, ,Operational,PG&E,PG&E,M, ,,YES,,,,,33kV to 92kV,El Portal,Mariposa,"95318",CA, 
-123.786527200269,39.3114066244223,"802",SS1009,Big River, ,Operational,PG&E,PG&E,U, ,,YES,,,,,33kV to 92kV,Mendocino,Mendocino,"95460",CA, 
-123.192404570709,39.1972446614144,"803",SS1010,Calpella, ,Operational,PG&E,PG&E,U, ,,,YES,,,,110kV to 161kV,Ukiah,Mendocino,"95482",CA, 
-123.248533368987,39.786111239417,"804",SS1011,Covelo, ,Operational,PG&E,PG&E,U, ,,YES,,,,,33kV to 92kV,Covelo,Mendocino,"95428",CA, 
-123.711721382541,39.1292551035409,"805",SS1012,Elk, ,Operational,PG&E,PG&E,U, ,,YES,,,,,33kV to 92kV,Elk,Mendocino,"95432",CA, 
-123.79937039962,39.4348243297887,"806",SS1013,Fort Bragg, ,Operational,PG&E,PG&E,U, ,,YES,,,,,33kV to 92kV,Fort Bragg,Mendocino,"95437",CA, 
-123.550857593403,38.8891864942373,"807",SS1014,Garcia, ,Operational,PG&E,PG&E,M, ,,YES,,,,,33kV to 92kV,Point Arena,Mendocino,"95468",CA, 
-123.522084157039,38.7861748351178,"808",SS1015,Gualala, ,Operational,PG&E,PG&E,M, ,,YES,,,,,33kV to 92kV,Gualala,Mendocino,"95445",CA, 
-123.081108322905,38.9727881457417,"809",SS1016,Hopland, ,Operational,PG&E,PG&E,M, ,,YES,,,,,33kV to 92kV,Hopland,Mendocino,"95449",CA, 
-123.477209366692,39.6845814959852,"810",SS1017,Laytonville, ,Operational,PG&E,PG&E,U, ,,YES,,,,,33kV to 92kV,Laytonville,Mendocino,"95454",CA, 
-123.205677587641,39.1737482769366,"811",SS1018,Masonite, ,Operational,Other,Other,U, ,,YES,,,,,33kV to 92kV,Ukiah,Mendocino,"95482",CA, 
-123.196377078244,39.2504785333973,"812",SS1019,Mendocino, ,Operational,PG&E,PG&E,U, ,,YES,YES,,,,110kV to 161kV,Redwood Valley,Mendocino,"95470",CA, 
-123.437914619975,39.0639777680689,"813",SS1020,Philo, ,Operational,PG&E,PG&E,M, ,,YES,,,,,33kV to 92kV,Philo,Mendocino,"95466",CA, 
-123.679910495935,38.9122849659058,"814",SS1022,Point Arena, ,Operational,PG&E,PG&E,M, ,,YES,,,,,33kV to 92kV,Point Arena,Mendocino,"95468",CA, 
-123.191801420319,39.143144572863,"815",SS1023,Ukiah, ,Operational,PG&E,PG&E,U, ,,,YES,,,,110kV to 161kV,Ukiah,Mendocino,"95482",CA, 
-120.922127815168,36.9404524937116,"816",SS1025,Arburua, ,Operational,Other,Other,M, ,,YES,,,,,33kV to 92kV,Los Banos,Merced,"93635",CA, 
-120.809506539131,37.3794061283189,"817",SS1026,Gallo, ,Operational,PG&E,PG&E,M, ,,,YES,,,,110kV to 161kV,Livingston,Merced,"95334",CA, 
-120.907645017029,36.9987380860396,"818",SS1027,Ge3, ,Operational,Other,Other,M, ,,,,YES,,,220kV to 287kV,Los Banos,Merced,"93635",CA, 
-120.819473919671,36.9368066384985,"819",SS1028,Mercy Springs, ,Operational,PG&E,PG&E,M, ,,YES,,,,,33kV to 92kV,Los Banos,Merced,"93635",CA, 
-120.562707135906,37.3613539558247,"820",SS1030,Castle, ,Operational,Other,Other,M, ,,,YES,,,,110kV to 161kV,Atwater,Merced,"95301",CA, 
-120.614671872888,37.3600958977641,"821",SS1031,Atwater, ,Operational,PG&E,PG&E,M, ,,,YES,,,,110kV to 161kV,Atwater,Merced,"95301",CA, 
-120.835551055757,37.0663283374166,"822",SS1032,Canal, ,Operational,PG&E,PG&E,M, ,,YES,,,,,33kV to 92kV,Los Banos,Merced,"93635",CA, 
-120.490181459824,37.1863589147516,"823",SS1033,Sjve El Nido, ,Operational,Other,Other,M, ,,YES,,,,,33kV to 92kV,Merced,Merced,"95341",CA, 
-120.638514842737,37.4284644745662,"824",SS1034,Cressey, ,Operational,PG&E,PG&E,M, ,,,YES,,,,110kV to 161kV,Winton,Merced,"95388",CA, 
-121.195014895042,37.0472944943138,"825",SS1035,International Turbine Research, ,Operational,PG&E,PG&E,M, ,,,YES,,,,110kV to 161kV,Los Banos,Merced,"93635",CA, 
-120.829720505767,36.9252062509689,"826",SS1036,Dos Amigos, ,Operational,Other,Other,M, ,,,,YES,,,220kV to 287kV,Los Banos,Merced,"93635",CA, 
-120.635204105382,36.9747639621784,"827",SS1037,Dos Palos, ,Operational,PG&E,PG&E,M, ,,YES,,,,,33kV to 92kV,Dos Palos,Merced,"93620",CA, 
-120.50545692606,37.3358459986208,"828",SS1038,El Capitan, ,Operational,PG&E,PG&E,M, ,,,YES,,,,110kV to 161kV,Merced,Merced,"95348",CA, 
-120.472684430087,37.1206284187437,"829",SS1039,El Nido, ,Operational,PG&E,PG&E,M, ,,YES,YES,,,,110kV to 161kV,El Nido,Merced,"95317",CA, 
-121.013028753745,37.2532311434925,"830",SS1040,Gustine, ,Operational,PG&E,PG&E,M, ,,YES,,,,,33kV to 92kV,Gustine,Merced,"95322",CA, 
-120.27394225227,37.1849718271431,"831",SS1041,Le Grand, ,Operational,PG&E,PG&E,M, ,,,YES,,,,110kV to 161kV,Le Grand,Merced,"95333",CA, 
-120.760378080738,37.3634219882522,"832",SS1042,Livingston, ,Operational,PG&E,PG&E,M, ,,YES,YES,,,,110kV to 161kV,Livingston,Merced,"95334",CA, 
-120.487226145258,37.2733029626687,"833",SS1043,Merced, ,Operational,PG&E,PG&E,M, ,,YES,YES,,,,110kV to 161kV,Merced,Merced,"95341",CA, 
-120.330331662969,37.5231866653047,"834",SS1044,Merced Falls, ,Operational,PG&E,PG&E,M, ,,YES,,,,,33kV to 92kV,Snelling,Merced,"95369",CA, 
-120.819476253228,36.9835172729725,"835",SS1045,Ortiga, ,Operational,PG&E,PG&E,M, ,,YES,,,,,33kV to 92kV,Los Banos,Merced,"93635",CA, 
-120.726903763562,37.3973921341722,"836",SS1046,Pioneer, ,Operational,Other,Other,M, ,,,YES,,,,110kV to 161kV,Livingston,Merced,"95334",CA, 
-121.013212547773,37.0858368718859,"837",SS1047,Santa Nella, ,Operational,PG&E,PG&E,M, ,,YES,,,,,33kV to 92kV,Los Banos,Merced,"93635",CA, 
-120.63398158299,37.0546421860266,"838",SS1048,Santa Rita, ,Operational,PG&E,PG&E,M, ,,YES,,,,,33kV to 92kV,Dos Palos,Merced,"93620",CA, 
-120.407161030968,37.2933900411484,"839",SS1049,Wilson, ,Operational,PG&E,PG&E,M, ,,YES,YES,YES,,,220kV to 287kV,Merced,Merced,"95340",CA, 
-121.021089691016,37.0535081399014,"840",SS1050,Los Banos, ,Operational,PG&E,PG&E,M,LBS,,YES,YES,YES,YES,,345kV to 500kV,Los Banos,Merced,"93635",CA, 
-121.276548747207,41.7047363398555,"841",SS1053,Clear Lake, ,Operational,PCORP,PCORP,U, ,,YES,,,,,33kV to 92kV,Davis Creek,Modoc,"96108",CA, 
-120.532994340131,41.5007349503754,"842",SS1054,Warner, ,Operational,Other,Other,U, ,,YES,,YES,,,220kV to 287kV,Alturas,Modoc,"96101",CA, 
-120.942121381149,41.2007471742573,"843",SS1055,Adin, ,Operational,Other,Other,U, ,,YES,,,,,33kV to 92kV,Lookout,Modoc,"96054",CA, 
-120.181987897067,41.5315099121814,"844",SS1056,Cedarville, ,Operational,Other,Other,U, ,,YES,,,,,33kV to 92kV,Cedarville,Modoc,"96104",CA, 
-120.366892076214,41.7331300356029,"845",SS1057,Davis Creek, ,Operational,Other,Other,U, ,,YES,,,,,33kV to 92kV,Davis Creek,Modoc,"96108",CA, 
-120.118324381661,41.3335239357147,"846",SS1058,Eagleville, ,Operational,Other,Other,U, ,,YES,,,,,33kV to 92kV,Cedarville,Modoc,"96104",CA, 
-120.167784414519,41.8458106474177,"847",SS1059,Ft. Bidwell, ,Operational,Other,Other,U, ,,YES,,,,,33kV to 92kV,Fort Bidwell,Modoc,"96112",CA, 
-120.505353847408,41.2304525320658,"848",SS1060,Likely, ,Operational,Other,Other,U, ,,YES,,,,,33kV to 92kV,Alturas,Modoc,"96101",CA, 
-121.138062786559,41.2076143798241,"849",SS1061,Lookout, ,Operational,Other,Other,U, ,,YES,,,,,33kV to 92kV,Lookout,Modoc,"96054",CA, 
-120.533453633378,41.4998590092885,"850",SS1062,Alturas, ,Operational,PCORP,PCORP,U, ,,,YES,,,,110kV to 161kV,Alturas,Modoc,"96101",CA, 
-120.880948969513,41.4449003016415,"851",SS1063,Canby 2,CANBY 2,Operational,Other,Other,U, ,,YES,,,,,33kV to 92kV,Canby,Modoc,"96015",CA, 
-120.585952315684,41.4879537621528,"852",SS1064,Goose Lake, ,Operational,Other,Other,U, ,,YES,,,,,33kV to 92kV,Alturas,Modoc,"96101",CA, 
-121.378273338744,41.8881234278711,"853",SS1065,Newell, ,Operational,PCORP,PCORP,U, ,,YES,,,,,33kV to 92kV,Tulelake,Modoc,"96134",CA, 
-121.226476216394,41.6331214223686,"854",SS1066,Perez, ,Operational,PCORP,PCORP,U, ,,YES,,,,,33kV to 92kV,Canby,Modoc,"96015",CA, 
-121.471408822615,41.9533585148778,"855",SS1067,Tulelake, ,Operational,PCORP,PCORP,U, ,,YES,,,,,33kV to 92kV,Tulelake,Siskiyou,"96134",CA, 
-118.916762358907,37.6490864716969,"856",SS1068,Casa Diablo, ,Operational,SCE,SCE,M, ,,YES,YES,,,,110kV to 161kV,Mammoth Lakes,Mono,"93546",CA, 
-119.116442840814,37.9520948006402,"857",SS1070,Lee Vining, ,Operational,SCE,SCE,M, ,,YES,YES,,,,110kV to 161kV,Lee Vining,Mono,"93541",CA, 
-119.171896396194,38.0427359003718,"858",SS1071,Lundy, ,Operational,SCE,SCE,M, ,,YES,,,,,33kV to 92kV,Lee Vining,Mono,"93541",CA, 
-118.674723515665,37.5600086983775,"859",SS1075,Sherwin, ,Operational,SCE,SCE,M, ,,YES,YES,,,,110kV to 161kV,Bishop,Mono,"93514",CA, 
-118.397088778472,37.615301234923,"860",SS1076,Zack, ,Operational,SCE,SCE,M, ,,YES,,,,,33kV to 92kV,Bishop,Mono,"93514",CA, 
-120.863565011558,35.9585562260107,"861",SS1077,Texaco, ,Operational,PG&E,PG&E,L, ,,YES,,,,,33kV to 92kV,San Ardo,Monterey,"93450",CA, 
-121.129772965252,36.228335496772,"862",SS1078,Basic Vegetable, ,Operational,Other,Other,L, ,,YES,,,,,33kV to 92kV,King City,Monterey,"93930",CA, 
-121.679244831995,36.6902817804911,"863",SS1079,Boronda, ,Operational,PG&E,PG&E,L, ,,YES,YES,,,,110kV to 161kV,Salinas,Monterey,"93907",CA, 
-121.629325422911,36.6538859170398,"864",SS1080,Buena Vista, ,Operational,PG&E,PG&E,L, ,,YES,,,,,33kV to 92kV,Salinas,Monterey,"93901",CA, 
-121.39034819098,36.4682142733308,"865",SS1081,Camphora, ,Operational,PG&E,PG&E,L, ,,YES,,,,,33kV to 92kV,Soledad,Monterey,"93960",CA, 
-121.734722463998,36.7631149902504,"866",SS1082,Castroville, ,Operational,PG&E,PG&E,M, ,,YES,YES,,,,110kV to 161kV,Castroville,Monterey,"95012",CA, 
-121.520488635546,36.5724409805942,"867",SS1083,Chualar, ,Operational,PG&E,PG&E,L, ,,YES,,,,,33kV to 92kV,Salinas,Monterey,"93908",CA, 
-121.145824011322,36.265133954279,"868",SS1084,Coburn, ,Operational,PG&E,PG&E,L, ,,YES,,YES,,,220kV to 287kV,King City,Monterey,"93930",CA, 
-121.853023157989,36.5982329419343,"869",SS1085,Del Monte, ,Operational,PG&E,PG&E,L, ,,YES,YES,,,,110kV to 161kV,Monterey,Monterey,"93940",CA, 
-121.5876287317,36.6262318024333,"870",SS1087,Edward Pike Co., ,Operational,PG&E,PG&E,L, ,,YES,,,,,33kV to 92kV,Salinas,Monterey,"93908",CA, 
-121.792512175756,36.6434117617221,"871",SS1088,Fort Ord, ,Operational,PG&E,PG&E,L, ,,,YES,,,,110kV to 161kV,Seaside,Monterey,"93955",CA, 
-121.613298664044,36.7312984638783,"872",SS1089,Gabilan, ,Operational,PG&E,PG&E,M, ,,YES,,,,,33kV to 92kV,Salinas,Monterey,"93906",CA, 
-121.44687749132,36.5088601637999,"873",SS1090,Gonzales, ,Operational,PG&E,PG&E,L, ,,YES,,,,,33kV to 92kV,Gonzales,Monterey,"93926",CA, 
-121.897910927024,36.5568558435214,"874",SS1091,Hatton, ,Operational,PG&E,PG&E,L, ,,YES,,,,,33kV to 92kV,Carmel,Monterey,"93923",CA, 
-121.62858202515,36.6637822810754,"875",SS1092,Industrial Acres, ,Operational,PG&E,PG&E,L, ,,YES,,,,,33kV to 92kV,Salinas,Monterey,"93901",CA, 
-121.167945491282,36.0132368316501,"876",SS1093,Jolon, ,Operational,PG&E,PG&E,L, ,,YES,,,,,33kV to 92kV,King City,Monterey,"93930",CA, 
-121.60597558852,36.7487563118746,"877",SS1095,Lagunitas, ,Operational,PG&E,PG&E,M, ,,YES,,,,,33kV to 92kV,Salinas,Monterey,"93908",CA, 
-121.727207862405,36.477697143509,"878",SS1096,Laureles, ,Operational,PG&E,PG&E,L, ,,YES,,,,,33kV to 92kV,Carmel Valley,Monterey,"93924",CA, 
-121.280067924431,36.3664608608427,"879",SS1097,Los Coches, ,Operational,PG&E,PG&E,L, ,,YES,,,,,33kV to 92kV,Soledad,Monterey,"93960",CA, 
-121.200247852353,36.2938066526176,"880",SS1098,Los Ositos, ,Operational,PG&E,PG&E,L, ,,YES,,,,,33kV to 92kV,King City,Monterey,"93930",CA, 
-121.833531891456,36.61454280108,"881",SS1099,Manzanita, ,Operational,PG&E,PG&E,L, ,,,YES,,,,110kV to 161kV,Seaside,Monterey,"93955",CA, 
-121.890470717402,36.5998225443701,"882",SS1100,Monterey, ,Operational,PG&E,PG&E,L, ,,YES,,,,,33kV to 92kV,Monterey,Monterey,"93940",CA, 
-121.863818661751,36.5895281771286,"883",SS1101,Monterey Navy Lab., ,Operational,PG&E,PG&E,L, ,,YES,,,,,33kV to 92kV,Monterey,Monterey,"93940",CA, 
-121.876871200288,36.5995955260797,"884",SS1102,Navy School, ,Operational,PG&E,PG&E,L, ,,YES,,,,,33kV to 92kV,Monterey,Monterey,"93943",CA, 
-121.634006154757,36.6523783331719,"885",SS1103,Fresh Express,NESTLE,Operational,Other,Other,L, ,,YES,,,,,33kV to 92kV,Salinas,Monterey,"93901",CA, 
-120.851139981586,35.9564700737792,"886",SS1104,Oil Fields, ,Operational,PG&E,PG&E,L, ,,YES,,,,,33kV to 92kV,San Ardo,Monterey,"93450",CA, 
-121.899287485606,36.380081778613,"887",SS1105,Otter, ,Operational,PG&E,PG&E,L, ,,YES,,,,,33kV to 92kV,Carmel,Monterey,"93923",CA, 
-121.671120124862,36.7853763882788,"888",SS1106,Prunedale, ,Operational,PG&E,PG&E,M, ,,,YES,,,,110kV to 161kV,Salinas,Monterey,"93907",CA, 
-121.65137248521,36.6822708130975,"889",SS1108,Salinas, ,Operational,PG&E,PG&E,L, ,,YES,YES,,,,110kV to 161kV,Salinas,Monterey,"93901",CA, 
-120.868428863862,35.9519423133642,"890",SS1109,Salinas River, ,Operational,Other,Other,L, ,,YES,,,,,33kV to 92kV,San Ardo,Monterey,"93450",CA, 
-120.936792723223,36.073689548895,"891",SS1110,San Ardo, ,Operational,PG&E,PG&E,L, ,,YES,,,,,33kV to 92kV,San Ardo,Monterey,"93450",CA, 
-120.840667788132,35.935489565381,"892",SS1111,Sargent Canyon, ,Operational,Other,Other,L, ,,YES,,,,,33kV to 92kV,San Ardo,Monterey,"93450",CA, 
-121.332483363728,36.4296339071173,"893",SS1112,Soledad, ,Operational,PG&E,PG&E,L, ,,YES,YES,,,,110kV to 161kV,Soledad,Monterey,"93960",CA, 
-121.567120328523,36.6137478939222,"894",SS1113,Spence, ,Operational,PG&E,PG&E,L, ,,YES,,,,,33kV to 92kV,Salinas,Monterey,"93908",CA, 
-121.90840485427,36.5783665051735,"895",SS1114,Viejo, ,Operational,PG&E,PG&E,L, ,,YES,,,,,33kV to 92kV,Monterey,Monterey,"93940",CA, 
-122.269218761091,38.2631570166268,"896",SS1116,Basalt, ,Operational,PG&E,PG&E,M, ,,YES,,,,,33kV to 92kV,Napa,Napa,"94558",CA, 
-122.57859710734,38.5920830434998,"897",SS1117,Calistoga, ,Operational,PG&E,PG&E,M, ,,YES,,,,,33kV to 92kV,Calistoga,Napa,"94515",CA, 
-122.253607770868,38.1662130281971,"898",SS1118,Highway, ,Operational,PG&E,PG&E,M, ,,,YES,,,,110kV to 161kV,American Canyon,Napa,"94503",CA, 
-122.214450365923,38.5085115700552,"899",SS1119,Monticello, ,Operational,PG&E,PG&E,M, ,,,YES,,,,110kV to 161kV,Napa,Napa,"94558",CA, 
-122.278901792433,38.295446872155,"900",SS1120,Napa, ,Operational,PG&E,PG&E,M, ,,YES,YES,,,,110kV to 161kV,Napa,Napa,"94559",CA, 
-122.299440171785,38.3452148090855,"901",SS1121,Pueblo, ,Operational,PG&E,PG&E,M, ,,,YES,,,,110kV to 161kV,Napa,Napa,"94558",CA, 
-122.459097367593,38.4998129383718,"902",SS1122,Silverado, ,Operational,PG&E,PG&E,M, ,,YES,YES,,,,110kV to 161kV,Saint Helena,Napa,"94574",CA, 
-122.26793573958,38.2478240267976,"903",SS1124,Tulucay, ,Operational,PG&E,PG&E,M, ,,YES,,YES,,,220kV to 287kV,Napa,Napa,"94558",CA, 
-120.086218257608,39.3522714951571,"904",SS1125,Glenshire,GLENSHIRE MARTIS VALLEY,Operational,Other,Other,U, ,,YES,,,,,33kV to 92kV,Truckee,Nevada,"96161",CA, 
-120.181111656392,39.3305761187162,"905",SS1128,Truckee,NORTH TRUCKEE,Operational,Other,Other,U, ,,YES,,,,,33kV to 92kV,Truckee,Nevada,"96161",CA, 
-121.035012900596,39.2310448497169,"906",SS1130,Brunswick, ,Operational,PG&E,PG&E,U, ,,,YES,,,,110kV to 161kV,Grass Valley,Nevada,"95945",CA, 
-121.101337121979,39.3318350412179,"907",SS1131,Columbia Hill, ,Operational,PG&E,PG&E,U, ,,YES,,,,,33kV to 92kV,Nevada City,Nevada,"95959",CA, 
-121.061347727973,39.209050320983,"908",SS1132,Grass Valley, ,Operational,PG&E,PG&E,U, ,,YES,,,,,33kV to 92kV,Grass Valley,Nevada,"95945",CA, 
-121.090679380417,39.0440354205232,"909",SS1133,Higgins, ,Operational,PG&E,PG&E,M, ,,,YES,,,,110kV to 161kV,Grass Valley,Nevada,"95949",CA, 
-121.303255863368,39.2090003829591,"910",SS1134,Smartsville, ,Operational,PG&E,PG&E,U, ,,YES,,,,,33kV to 92kV,Smartville,Yuba,"95977",CA, 
-117.847247781728,33.9224979974565,"911",SS1135,Ammonia, ,Operational,SCE,SCE,L, ,,YES,,,,,33kV to 92kV,Brea,Orange,"92823",CA, 
-118.037160357027,33.7525189372374,"912",SS1136,Apollo, ,Operational,SCE,SCE,L, ,,YES,,,,,33kV to 92kV,Huntington Beach,Orange,"92647",CA, 
-117.832021388578,33.8803093378372,"913",SS1137,Atwood, ,Operational,SCE,SCE,L, ,,YES,,,,,33kV to 92kV,Placentia,Orange,"92870",CA, 
-117.981783312732,33.8089061829272,"914",SS1138,Barre, ,Operational,SCE,SCE,L, ,,YES,,YES,,,220kV to 287kV,Stanton,Orange,"90680",CA, 
-117.907053916215,33.656977178317,"915",SS1139,Bayside, ,Operational,SCE,SCE,L, ,,YES,,,,,33kV to 92kV,Costa Mesa,Orange,"92627",CA, 
-118.033265936586,33.7306250004458,"916",SS1140,Bolsa, ,Operational,SCE,SCE,L, ,,YES,,,,,33kV to 92kV,Huntington Beach,Orange,"92649",CA, 
-117.748997931379,33.5976601670322,"917",SS1141,Borrego, ,Operational,SCE,SCE,L, ,,YES,,,,,33kV to 92kV,Laguna Beach,Orange,"92651",CA, 
-117.848019508444,33.9201466702976,"918",SS1142,Brea, ,Operational,SCE,SCE,L, ,,YES,,,,,33kV to 92kV,Brea,Orange,"92821",CA, 
-117.957116882825,33.7372305486988,"919",SS1143,Brookhurst, ,Operational,SCE,SCE,L, ,,YES,,,,,33kV to 92kV,Westminster,Orange,"92683",CA, 
-117.802251776277,33.7345396394989,"920",SS1144,Bryan, ,Operational,SCE,SCE,L, ,,YES,,,,,33kV to 92kV,Tustin,Orange,"92782",CA, 
-117.871415807562,33.8196699483065,"921",SS1146,Burris Pit,BURPIT,Operational,SCE,SCE,L, ,,YES,,,,,33kV to 92kV,Anaheim,Orange,"92806",CA, 
-117.847579239633,33.6718680640893,"922",SS1147,Cabrillo, ,Operational,SCE,SCE,L, ,,YES,,,,,33kV to 92kV,Irvine,Orange,"92612",CA, 
-117.883606929008,33.7131789199018,"923",SS1148,Camden, ,Operational,SCE,SCE,L, ,,YES,,,,,33kV to 92kV,Santa Ana,Orange,"92707",CA, 
-117.746968463335,33.8714506995348,"924",SS1149,Canyon, ,Operational,SCE,SCE,L, ,,YES,,,,,33kV to 92kV,Anaheim,Orange,"92807",CA, 
-117.879545388372,33.910203831373,"925",SS1150,Carolina,TITAN,Operational,SCE,SCE,L, ,,YES,,,,,33kV to 92kV,Fullerton,Orange,"92835",CA, 
-117.849812915286,33.7332367622631,"926",SS1151,Chestnut, ,Operational,SCE,SCE,L, ,,YES,,,,,33kV to 92kV,Santa Ana,Orange,"92705",CA, 
-117.860617653992,33.6605975356557,"927",SS1152,Chip, ,Operational,SCE,SCE,L, ,,YES,,,,,33kV to 92kV,Newport Beach,Orange,"92660",CA, 
-117.631758969133,33.6296051463375,"928",SS1153,Chiquita, ,Operational,SCE,SCE,L, ,,YES,,,,,33kV to 92kV,Mission Viejo,Orange,"92692",CA, 
-117.821914899164,33.6130371885841,"929",SS1154,Coygen, ,Operational,SCE,SCE,L, ,,YES,,,,,33kV to 92kV,Newport Coast,Orange,"92657",CA, 
-117.865151211081,33.6081467976617,"930",SS1155,Crown, ,Operational,SCE,SCE,L, ,,YES,,,,,33kV to 92kV,Corona Del Mar,Orange,"92625",CA, 
-118.072589876113,33.8096350619985,"931",SS1156,Cypress, ,Operational,SCE,SCE,L, ,,YES,,,,,33kV to 92kV,Los Alamitos,Orange,"90720",CA, 
-117.943085884689,33.6853341591628,"932",SS1157,Ellis, ,Operational,SCE,SCE,L, ,,YES,,YES,,,220kV to 287kV,Huntington Beach,Orange,"92646",CA, 
-118.027907884223,33.8510831653723,"933",SS1158,Ely, ,Operational,SCE,SCE,L, ,,YES,,,,,33kV to 92kV,Buena Park,Orange,"90620",CA, 
-117.828543484352,33.6875007111691,"934",SS1159,Estrella,RUDD,Operational,SCE,SCE,L, ,,YES,,,,,33kV to 92kV,Irvine,Orange,"92606",CA, 
-117.867604885466,33.6935691635826,"935",SS1160,Fairview, ,Operational,SCE,SCE,L, ,,YES,,,,,33kV to 92kV,Santa Ana,Orange,"92707",CA, 
-117.921299867169,33.8681391622205,"936",SS1161,Fullerton, ,Operational,SCE,SCE,L, ,,YES,,,,,33kV to 92kV,Fullerton,Orange,"92832",CA, 
-117.971758186159,33.8775578854056,"937",SS1162,Gilbert, ,Operational,SCE,SCE,L, ,,YES,,,,,33kV to 92kV,Fullerton,Orange,"92833",CA, 
-117.91280387794,33.6873411860058,"938",SS1163,Gisler, ,Operational,SCE,SCE,L, ,,YES,,,,,33kV to 92kV,Costa Mesa,Orange,"92626",CA, 
-117.952617891791,33.6545191625281,"939",SS1164,Hamilton, ,Operational,SCE,SCE,L, ,,YES,,,,,33kV to 92kV,Huntington Beach,Orange,"92646",CA, 
-117.742179601319,33.6830340791484,"940",SS1165,Irvine, ,Operational,SCE,SCE,L, ,,YES,,,,,33kV to 92kV,Irvine,Orange,"92618",CA, 
-117.852651783626,33.7134562742286,"941",SS1166,Johanna, ,Operational,SCE,SCE,L, ,,YES,,YES,,,220kV to 287kV,Santa Ana,Orange,"92705",CA, 
-117.863768018224,33.6756063432481,"942",SS1167,Johnair, ,Operational,SCE,SCE,L, ,,YES,,,,,33kV to 92kV,Santa Ana,Orange,"92707",CA, 
-117.933774894529,33.9251701380586,"943",SS1168,La Habra, ,Operational,SCE,SCE,L, ,,YES,,,,,33kV to 92kV,La Habra,Orange,"90631",CA, 
-117.979812157143,33.8462790359095,"944",SS1169,La Palma, ,Operational,SCE,SCE,L, ,,YES,,,,,33kV to 92kV,Buena Park,Orange,"90620",CA, 
-117.852107919889,33.766794164289,"945",SS1170,La Veta, ,Operational,SCE,SCE,L, ,,YES,,,,,33kV to 92kV,Santa Ana,Orange,"92705",CA, 
-117.935639889047,33.6353571602089,"946",SS1171,Lafayette, ,Operational,SCE,SCE,L, ,,YES,,,,,33kV to 92kV,Costa Mesa,Orange,"92627",CA, 
-117.847224282052,33.9228138870198,"947",SS1172,Lambert, ,Operational,SCE,SCE,L, ,,YES,,,,,33kV to 92kV,Brea,Orange,"92823",CA, 
-117.899088414416,33.778214233828,"948",SS1173,Lampson, ,Operational,SCE,SCE,L, ,,YES,,,,,33kV to 92kV,Garden Grove,Orange,"92840",CA, 
-117.899074704935,33.8092585069958,"949",SS1174,Lewis, ,Operational,Other,Other,L, ,,YES,,YES,,,220kV to 287kV,Anaheim,Orange,"92805",CA, 
-117.688554812838,33.6502063597793,"950",SS1175,Limestone, ,Operational,SCE,SCE,L, ,,YES,,,,,33kV to 92kV,Lake Forest,Orange,"92630",CA, 
-117.866036370792,33.6387014741321,"951",SS1176,Macarthur, ,Operational,SCE,SCE,L, ,,YES,,,,,33kV to 92kV,Newport Beach,Orange,"92660",CA, 
-118.027173726089,33.8176978765029,"952",SS1177,Marion, ,Operational,SCE,SCE,L, ,,YES,,,,,33kV to 92kV,Cypress,Orange,"90630",CA, 
-117.802673937276,33.7882451860236,"953",SS1178,Modena, ,Operational,SCE,SCE,L, ,,YES,,,,,33kV to 92kV,Orange,Orange,"92869",CA, 
-117.778871944376,33.5518801687841,"954",SS1179,Morro, ,Operational,SCE,SCE,L, ,,YES,,,,,33kV to 92kV,Laguna Beach,Orange,"92651",CA, 
-117.697545341222,33.6091214906534,"955",SS1180,Moulton, ,Operational,SCE,SCE,L, ,,YES,,,,,33kV to 92kV,Lake Forest,Orange,"92630",CA, 
-117.955114927778,33.9250801264806,"956",SS1181,Coyote Creek, ,Operational,Other,Other,L, ,,YES,,,,,33kV to 92kV,La Habra,Orange,"90631",CA, 
-117.820065908022,33.910521146054,"957",SS1182,Yorba Linda,DIEMER,Operational,Other,Other,L, ,,YES,,,,,33kV to 92kV,Yorba Linda,Orange,"92886",CA, 
-117.71482095329,33.5637951652165,"958",SS1183,Niguel, ,Operational,SCE,SCE,L, ,,YES,,,,,33kV to 92kV,Aliso Viejo,Orange,"92656",CA, 
-118.08906679824,33.757109939572,"959",SS1184,Norseal, ,Operational,SCE,SCE,L, ,,YES,,,,,33kV to 92kV,Seal Beach,Orange,"90740",CA, 
-117.919830944017,33.9208125114045,"960",SS1185,Norweld, ,Operational,SCE,SCE,L, ,,YES,,,,,33kV to 92kV,Brea,Orange,"92821",CA, 
-117.987512921188,33.7163694465456,"961",SS1186,Oceanview, ,Operational,SCE,SCE,L, ,,YES,,,,,33kV to 92kV,Huntington Beach,Orange,"92647",CA, 
-117.861441883643,33.7904851580169,"962",SS1187,Orange, ,Operational,SCE,SCE,L, ,,YES,,,,,33kV to 92kV,Orange,Orange,"92868",CA, 
-117.945023419418,33.6896262627462,"963",SS1188,Kiwi,ORANGEWATER,Operational,SCE,SCE,L, ,,YES,,,,,33kV to 92kV,Fountain Valley,Orange,"92708",CA, 
-117.955549012086,33.6439924035208,"964",SS1189,Orcogen, ,Operational,SCE,SCE,L, ,,YES,,,,,33kV to 92kV,Huntington Beach,Orange,"92646",CA, 
-117.892724008077,33.8609324119709,"965",SS1190,Paper, ,Operational,SCE,SCE,L, ,,YES,,,,,33kV to 92kV,Fullerton,Orange,"92831",CA, 
-117.963697391575,33.9154748786039,"966",SS1191,Parkwood, ,Operational,SCE,SCE,L, ,,YES,,,,,33kV to 92kV,La Habra,Orange,"90631",CA, 
-117.878621016389,33.871592307583,"967",SS1192,Placentia, ,Operational,SCE,SCE,L, ,,YES,,,,,33kV to 92kV,Placentia,Orange,"92870",CA, 
-118.021220805835,33.6735775800601,"968",SS1193,Recovery, ,Operational,SCE,SCE,L, ,,YES,,,,,33kV to 92kV,Huntington Beach,Orange,"92648",CA, 
-117.768007930679,33.6649001489512,"969",SS1194,Santiago, ,Operational,SCE,SCE,L, ,,YES,,YES,,,220kV to 287kV,Irvine,Orange,"92618",CA, 
-117.789682732046,33.8288599429656,"970",SS1195,Serrano, ,Operational,SCE,SCE,L, ,,,,YES,YES,,345kV to 500kV,Orange,Orange,"92867",CA, 
-118.012073688625,33.7722040438812,"971",SS1196,Shawnee, ,Operational,SCE,SCE,L, ,,YES,,,,,33kV to 92kV,Westminster,Orange,"92683",CA, 
-118.017172899615,33.6922771620363,"972",SS1197,Slater, ,Operational,SCE,SCE,L, ,,YES,,,,,33kV to 92kV,Huntington Beach,Orange,"92648",CA, 
-117.849027114965,33.6878504046573,"973",SS1198,Smithtool, ,Operational,SCE,SCE,L, ,,YES,,,,,33kV to 92kV,Irvine,Orange,"92614",CA, 
-118.0215115571,33.6737411532429,"974",SS1199,Soco, ,Operational,SCE,SCE,L, ,,YES,,,,,33kV to 92kV,Huntington Beach,Orange,"92648",CA, 
-117.828778188716,33.7124862757193,"975",SS1200,Steelcase, ,Operational,SCE,SCE,L, ,,YES,,,,,33kV to 92kV,Tustin,Orange,"92782",CA, 
-117.901918556304,33.7448001915313,"976",SS1201,Sullivan, ,Operational,SCE,SCE,L, ,,YES,,,,,33kV to 92kV,Santa Ana,Orange,"92704",CA, 
-117.957364819534,33.8828895465456,"977",SS1202,Sunnyhills, ,Operational,SCE,SCE,L, ,,YES,,,,,33kV to 92kV,Fullerton,Orange,"92833",CA, 
-117.920415900375,33.7145251522175,"978",SS1203,Talbert, ,Operational,SCE,SCE,L, ,,YES,,,,,33kV to 92kV,Santa Ana,Orange,"92704",CA, 
-117.999900818328,33.7449743918686,"979",SS1204,Team, ,Operational,SCE,SCE,L, ,,YES,,,,,33kV to 92kV,Westminster,Orange,"92683",CA, 
-117.979550874122,33.7661581776271,"980",SS1205,Trask, ,Operational,SCE,SCE,L, ,,YES,,,,,33kV to 92kV,Garden Grove,Orange,"92844",CA, 
-117.928466901638,33.7655031424067,"981",SS1206,Vera, ,Operational,SCE,SCE,L, ,,YES,,,,,33kV to 92kV,Garden Grove,Orange,"92843",CA, 
-117.834385585855,33.8154767497847,"982",SS1207,Villa Park, ,Operational,SCE,SCE,L, ,,YES,,YES,,,220kV to 287kV,Orange,Orange,"92865",CA, 
-117.859376840297,33.7560450804178,"983",SS1208,Washington, ,Operational,SCE,SCE,L, ,,YES,,,,,33kV to 92kV,Santa Ana,Orange,"92701",CA, 
-117.997416845282,33.6655821413578,"984",SS1209,Wave, ,Operational,SCE,SCE,L, ,,YES,,,,,33kV to 92kV,Huntington Beach,Orange,"92648",CA, 
-117.788135902507,33.8889161507424,"985",SS1210,Yorba Linda, ,Operational,SCE,SCE,L, ,,YES,,,,,33kV to 92kV,Yorba Linda,Orange,"92886",CA, 
-117.665521949392,33.5125841783669,"986",SS1211,Capistrano, ,Operational,SDG&E,SDG&E,L, ,,,YES,,,,110kV to 161kV,San Juan Capistrano,Orange,"92675",CA, 
-117.570487468855,33.4633363712904,"987",SS1212,Cristianitos, ,Operational,SDG&E,SDG&E,L, ,,,YES,,,,110kV to 161kV,San Juan Capistrano,San Diego,"92675",CA, 
-117.70296393669,33.4949401896675,"988",SS1213,Laguna Niguel, ,Operational,SDG&E,SDG&E,L, ,,,YES,,,,110kV to 161kV,Laguna Niguel,Orange,"92677",CA, 
-117.590599842858,33.4094556229543,"989",SS1214,San Mateo, ,Operational,SDG&E,SDG&E,L, ,,YES,YES,,,,110kV to 161kV,San Clemente,Orange,"92672",CA, 
-117.673507813541,33.5629069977858,"990",SS1215,Trabuco, ,Operational,SDG&E,SDG&E,L, ,,,YES,,,,110kV to 161kV,Laguna Niguel,Orange,"92677",CA, 
-120.026450880255,39.2429534741096,"991",SS1218,Brockway, ,Operational,Other,Other,U, ,,YES,,,,,33kV to 92kV,Kings Beach,Placer,"96143",CA, 
-120.112619731493,39.2806908006113,"992",SS1219,Northstar, ,Operational,Other,Other,U, ,,YES,,,,,33kV to 92kV,Truckee,Placer,"96161",CA, 
-120.201140584905,39.2055243617672,"993",SS1220,Squaw Valley, ,Operational,Other,Other,U, ,,YES,,,,,33kV to 92kV,Tahoe City,Placer,"96145",CA, 
-120.144455084615,39.1661717417022,"994",SS1221,Tahoe City, ,Operational,Other,Other,U, ,,YES,,,,,33kV to 92kV,Tahoe City,Placer,"96145",CA, 
-120.181975710807,39.3309662107058,"995",SS1222,Burney Lumber Co., ,Operational,Other,Other,U, ,,YES,,,,,33kV to 92kV,Truckee,Nevada,"96161",CA, 
-120.22124954085,39.3373616532341,"996",SS1223,Truckee Donner, ,Operational,Other,Other,U, ,,YES,,,,,33kV to 92kV,Truckee,Nevada,"96161",CA, 
-120.169667723064,39.3295826749229,"997",SS1224,Martis Valley,SPANT MILL,Operational,Other,Other,U, ,,YES,,,,,33kV to 92kV,Truckee,Nevada,"96161",CA, 
-121.264019093703,38.7636224827145,"998",SS1226,Atlantic, ,Operational,PG&E,PG&E,M, ,,YES,,YES,,,220kV to 287kV,Roseville,Placer,"95678",CA, 
-121.069813385235,38.9034880045289,"999",SS1227,Auburn, ,Operational,PG&E,PG&E,M, ,,YES,,,,,33kV to 92kV,Auburn,Placer,"95603",CA, 
-121.091658430259,38.9467945339039,"1000",SS1228,Bell, ,Operational,PG&E,PG&E,M, ,,,YES,,,,110kV to 161kV,Auburn,Placer,"95602",CA, 
-120.809279306768,39.214702683374,"1001",SS1230,Bonnie Nook, ,Operational,PG&E,PG&E,U, ,,YES,,,,,33kV to 92kV,Alta,Placer,"95701",CA, 
-120.943485446158,39.1199404569468,"1002",SS1231,Cape Horn, ,Operational,Other,Other,U, ,,YES,,,,,33kV to 92kV,Colfax,Placer,"95713",CA, 
-120.548329100886,39.3096226566035,"1003",SS1232,Cisco Grove, ,Operational,PG&E,PG&E,U, ,,YES,,,,,33kV to 92kV,Norden,Placer,"95724",CA, 
-121.221299448026,38.7988103981226,"1004",SS1233,Del Mar, ,Operational,PG&E,PG&E,M, ,,YES,,,,,33kV to 92kV,Rocklin,Placer,"95677",CA, 
-120.830232119895,39.0192965008376,"1005",SS1234,Foresthill, ,Operational,PG&E,PG&E,M, ,,YES,,,,,33kV to 92kV,Foresthill,Placer,"95631",CA, 
-121.042217187808,38.9569233314319,"1006",SS1235,Halsey, ,Operational,PG&E,PG&E,M, ,,YES,YES,,,,110kV to 161kV,Auburn,Placer,"95602",CA, 
-121.161629399677,38.744310949385,"1007",SS1236,Horseshoe, ,Operational,PG&E,PG&E,M, ,,,YES,,,,110kV to 161kV,Granite Bay,Placer,"95746",CA, 
-121.294080794323,38.9005181817695,"1008",SS1237,Lincoln, ,Operational,PG&E,PG&E,M, ,,YES,,,,,33kV to 92kV,Lincoln,Placer,"95648",CA, 
-121.166547258086,38.8444989923332,"1009",SS1238,Penryn, ,Operational,PG&E,PG&E,M, ,,YES,,,,,33kV to 92kV,Penryn,Placer,"95663",CA, 
-121.087845341933,38.9012500860676,"1010",SS1239,Placer, ,Operational,PG&E,PG&E,M, ,,YES,YES,,,,110kV to 161kV,Auburn,Placer,"95603",CA, 
-121.306527649946,38.8220852977489,"1011",SS1240,Pleasant Grove, ,Operational,PG&E,PG&E,M, ,,YES,,,,,33kV to 92kV,Rocklin,Placer,"95765",CA, 
-121.231678821198,38.7879584296765,"1012",SS1241,Rocklin, ,Operational,PG&E,PG&E,M, ,,YES,,,,,33kV to 92kV,Rocklin,Placer,"95677",CA, 
-120.952932158892,39.1153393473362,"1013",SS1242,Shady Glen, ,Operational,PG&E,PG&E,U, ,,YES,,,,,33kV to 92kV,Colfax,Placer,"95713",CA, 
-120.378836625806,39.3192799038257,"1014",SS1243,Summit, ,Operational,PG&E,PG&E,U, ,,YES,YES,,,,110kV to 161kV,Truckee,Nevada,"96162",CA, 
-120.328801634021,39.3176914294674,"1015",SS1244,Summit Meter, ,Operational,Other,Other,U, ,,YES,YES,,,,110kV to 161kV,Truckee,Nevada,"96162",CA, 
-120.496907544183,39.3138746435977,"1016",SS1245,Tamarack, ,Operational,PG&E,PG&E,U, ,,YES,YES,,,,110kV to 161kV,Norden,Placer,"95724",CA, 
-121.246171240011,38.7801398789089,"1017",SS1246,Taylor Rd., ,Operational,Other,Other,M, ,,YES,,,,,33kV to 92kV,Rocklin,Placer,"95677",CA, 
-120.987970455849,39.0359574355915,"1018",SS1247,Weimar, ,Operational,PG&E,PG&E,M, ,,YES,,,,,33kV to 92kV,Colfax,Placer,"95713",CA, 
-121.193720884895,38.7013858903967,"1019",SS1248,Santa Juanita-Canyon Fall, ,Operational,SMUD,SMUD,M, ,,YES,,,,,33kV to 92kV,Folsom,Sacramento,"95630",CA, 
-121.304143351788,38.7374232898722,"1020",SS1249,Sp Retarder Yard, ,Operational,SMUD,SMUD,M, ,,YES,,,,,33kV to 92kV,Roseville,Placer,"95678",CA, 
-121.324035591203,38.810362498434,"1021",SS1250,RPP2, ,Operational,Other,Other,M, ,,YES,,YES,,,220kV to 287kV,Lincoln,Placer,"95648",CA, 
-120.375087576492,39.8196641280774,"1022",SS1251,Beckworth, ,Operational,Other,Other,U, ,,YES,,,,,33kV to 92kV,Portola,Plumas,"96122",CA, 
-120.159685134118,39.7988828044822,"1023",SS1252,Chilcoot, ,Operational,Other,Other,U, ,,YES,,,,,33kV to 92kV,Chilcoot,Plumas,"96105",CA, 
-120.464624241668,39.8038752993348,"1024",SS1254,Portola, ,Operational,Other,Other,U, ,,YES,,,,,33kV to 92kV,Portola,Plumas,"96122",CA, 
-121.085323211045,40.1715520591491,"1025",SS1255,Big Meadows, ,Operational,PG&E,PG&E,U, ,,YES,,,,,33kV to 92kV,Greenville,Plumas,"95947",CA, 
-121.227007332327,40.302420546591,"1026",SS1256,Chester, ,Operational,PG&E,PG&E,U, ,,YES,,,,,33kV to 92kV,Chester,Plumas,"96020",CA, 
-120.910688976009,39.9385574253735,"1027",SS1257,East Quincy, ,Operational,PG&E,PG&E,U, ,,YES,,,,,33kV to 92kV,Quincy,Plumas,"95971",CA, 
-120.948171809508,39.9392611578754,"1028",SS1258,Gansner, ,Operational,PG&E,PG&E,U, ,,YES,,,,,33kV to 92kV,Quincy,Plumas,"95971",CA, 
-121.065432251326,40.0224121868572,"1029",SS1259,Grays Flat, ,Operational,PG&E,PG&E,U, ,,YES,,,,,33kV to 92kV,Twain,Plumas,"95984",CA, 
-121.081231103511,40.1506858909719,"1030",SS1260,Greenville, ,Operational,PG&E,PG&E,U, ,,YES,,,,,33kV to 92kV,Greenville,Plumas,"95947",CA, 
-120.914482732205,39.9351666608634,"1031",SS1262,Plumas, ,Operational,Other,Other,U, ,,YES,,,,,33kV to 92kV,Quincy,Plumas,"95971",CA, 
-120.96311015259,40.0269668208284,"1032",SS1263,Spanish Creek, ,Operational,PG&E,PG&E,U, ,,YES,,,,,33kV to 92kV,Quincy,Plumas,"95971",CA, 
-116.232296509767,33.7093423027782,"1033",SS1269,Carreon, ,Operational,IID,IID,L, ,,YES,,,,,33kV to 92kV,Indio,Riverside,"92201",CA, 
-116.115397998084,33.6728134199344,"1034",SS1271,Coachella Valley, ,Operational,IID,IID,L, ,,,YES,YES,,,220kV to 287kV,Coachella,Riverside,"92236",CA, 
-116.388671201815,33.8094863191878,"1035",SS1272,Edom, ,Operational,IID,IID,L, ,,YES,,,,,33kV to 92kV,Thousand Palms,Riverside,"92276",CA, 
-115.714640282646,33.6620022392108,"1036",SS1273,Chiriaco, ,Operational,IID,IID,L, ,YES,,,,,,12kV to 32kV,Desert Center,Riverside,"92239",CA, 
-116.217247558582,33.6846393563612,"1037",SS1275,Jackson, ,Operational,IID,IID,L, ,,YES,,,,,33kV to 92kV,Indio,Riverside,"92201",CA, 
-116.265017265564,33.6717513422881,"1038",SS1276,Jefferson, ,Operational,IID,IID,L, ,,YES,,,,,33kV to 92kV,La Quinta,Riverside,"92253",CA, 
-116.386334294572,33.6993695752308,"1039",SS1277,Silver Spur,MARSHALL,Operational,SCE,SCE,L, ,,YES,,,,,33kV to 92kV,Palm Desert,Riverside,"92260",CA, 
-116.088299987319,33.5869663999469,"1040",SS1278,Mecca, ,Operational,IID,IID,L, ,,YES,,,,,33kV to 92kV,Thermal,Riverside,"92274",CA, 
-115.921620028538,33.5232314298529,"1041",SS1280,North Shore, ,Operational,IID,IID,L, ,,YES,,,,,33kV to 92kV,Mecca,Riverside,"92254",CA, 
-116.059805882735,33.4371470024123,"1042",SS1281,Oasis, ,Operational,IID,IID,L, ,,YES,,,,,33kV to 92kV,Thermal,Riverside,"92274",CA, 
-116.355292239948,33.8878467516184,"1043",SS1282,Sky Valley, ,Operational,IID,IID,L, ,,YES,,,,,33kV to 92kV,Desert Hot Springs,Riverside,"92241",CA, 
-116.136212287644,33.6387221457816,"1044",SS1283,Thermal, ,Operational,IID,IID,L, ,,YES,,,,,33kV to 92kV,Thermal,Riverside,"92274",CA, 
-116.198679900898,33.7188617488111,"1045",SS1284,Van Buren, ,Operational,IID,IID,L, ,,YES,,,,,33kV to 92kV,Indio,Riverside,"92201",CA, 
-115.626592730319,33.7047012639841,"1046",SS1286,Julian Hinds, ,Operational,SCE,SCE,L, ,,,,YES,,,220kV to 287kV,Desert Center,Riverside,"92239",CA, 
-117.370065421601,33.9781144181307,"1047",SS1287,Riverside, ,Operational,Other,Other,L, ,,YES,,,,,33kV to 92kV,Riverside,Riverside,"92507",CA, 
-117.218732459369,33.9020562247614,"1048",SS1288,Alessandro, ,Operational,SCE,SCE,L, ,,YES,YES,,,,110kV to 161kV,Moreno Valley,Riverside,"92551",CA, 
-117.137422157251,33.5972994939152,"1049",SS1289,Auld, ,Operational,SCE,SCE,L, ,,YES,YES,,,,110kV to 161kV,Murrieta,Riverside,"92563",CA, 
-117.506335172024,34.0113367855502,"1050",SS1290,Bain, ,Operational,SCE,SCE,L, ,,YES,,,,,33kV to 92kV,Riverside,Riverside,"92509",CA, 
-116.872779745096,33.9223256553364,"1051",SS1291,Banning, ,Operational,SCE,SCE,L, ,,YES,YES,,,,110kV to 161kV,Banning,Riverside,"92220",CA, 
-117.212310237512,33.8289589938811,"1052",SS1292,Bunker, ,Operational,SCE,SCE,L, ,,YES,YES,,,,110kV to 161kV,Perris,Riverside,"92571",CA, 
-117.326332429669,33.8589201184026,"1053",SS1293,Cajalco, ,Operational,SCE,SCE,L, ,,YES,YES,,,,110kV to 161kV,Riverside,Riverside,"92508",CA, 
-117.537783670609,33.8450536854051,"1054",SS1294,Chase, ,Operational,SCE,SCE,L, ,,YES,,,,,33kV to 92kV,Corona,Riverside,"92881",CA, 
-116.335064434423,33.7574715946028,"1055",SS1295,Concho, ,Operational,SCE,SCE,L, ,,YES,YES,,,,110kV to 161kV,Palm Desert,Riverside,"92211",CA, 
-117.57187566815,33.8843953536213,"1056",SS1296,Corona, ,Operational,SCE,SCE,L, ,,YES,,,,,33kV to 92kV,Corona,Riverside,"92880",CA, 
-117.387712374265,34.0293319669048,"1057",SS1297,Crestmore, ,Operational,SCE,SCE,L, ,,,YES,,,,110kV to 161kV,Riverside,Riverside,"92509",CA, 
-117.539283438753,33.8554334855547,"1058",SS1298,Databank, ,Operational,SCE,SCE,L, ,,YES,,,,,33kV to 92kV,Corona,Riverside,"92881",CA, 
-117.580105989022,33.8924246616522,"1059",SS1299,Delgen, ,Operational,SCE,SCE,L, ,,YES,,,,,33kV to 92kV,Corona,Riverside,"92880",CA, 
-116.577315050022,33.9369111825105,"1060",SS1300,Devers, ,Operational,SCE,SCE,L, ,,,YES,YES,YES,,345kV to 500kV,Desert Hot Springs,Riverside,"92240",CA, 
-116.493927032156,33.8079534272322,"1061",SS1301,Eisenhower, ,Operational,SCE,SCE,L, ,,YES,YES,,,,110kV to 161kV,Palm Springs,Riverside,"92264",CA, 
-117.326168557458,33.6743784718356,"1062",SS1302,Elsinore, ,Operational,SCE,SCE,L, ,,YES,YES,,,,110kV to 161kV,Lake Elsinore,Riverside,"92530",CA, 
-116.505068679239,33.8461534171162,"1063",SS1303,Farrell, ,Operational,SCE,SCE,L, ,,YES,YES,,,,110kV to 161kV,Palm Springs,Riverside,"92262",CA, 
-116.92873660385,33.9267180703857,"1064",SS1304,Foil, ,Operational,SCE,SCE,L, ,,YES,,,,,33kV to 92kV,Banning,Riverside,"92220",CA, 
-116.543521452157,33.9014784092923,"1065",SS1305,Garnet, ,Operational,SCE,SCE,L, ,,YES,YES,,,,110kV to 161kV,Desert Hot Springs,Riverside,"92240",CA, 
-117.457431423978,34.0050243313667,"1066",SS1306,Glen Avon, ,Operational,SCE,SCE,L, ,,YES,,,,,33kV to 92kV,Riverside,Riverside,"92509",CA, 
-116.346639516863,33.7294602980374,"1067",SS1308,Indian Wells, ,Operational,SCE,SCE,L, ,,YES,YES,,,,110kV to 161kV,Palm Desert,Riverside,"92211",CA, 
-117.477320923917,33.7602591187686,"1068",SS1309,Ivyglen, ,Operational,SCE,SCE,L, ,,YES,YES,,,,110kV to 161kV,Corona,Riverside,"92883",CA, 
-117.58829217189,33.857745886894,"1069",SS1310,Jefferson, ,Operational,SCE,SCE,L, ,,YES,,,,,33kV to 92kV,Corona,Riverside,"92882",CA, 
-115.488685361322,33.8611560618941,"1070",SS1311,Kem, ,Operational,SCE,SCE,L, ,,YES,,,,,33kV to 92kV,Desert Center,Riverside,"92239",CA, 
-116.987446379669,33.926009018039,"1071",SS1312,Maraschino, ,Operational,SCE,SCE,L, ,,YES,YES,,,,110kV to 161kV,Beaumont,Riverside,"92223",CA, 
-117.243301573849,33.9471611734893,"1072",SS1313,Maxwell, ,Operational,SCE,SCE,L, ,,YES,YES,,,,110kV to 161kV,Moreno Valley,Riverside,"92557",CA, 
-116.920024172579,33.7363839937056,"1073",SS1314,Mayberry,SOBOBA,Operational,SCE,SCE,L, ,,YES,YES,,,,110kV to 161kV,Hemet,Riverside,"92544",CA, 
-116.370098510966,33.8184973906802,"1074",SS1316,Mirage, ,Operational,SCE,SCE,L, ,,,YES,YES,,,220kV to 287kV,Thousand Palms,Riverside,"92276",CA, 
-117.140404703483,33.5037701462314,"1075",SS1317,Moraga, ,Operational,SCE,SCE,L, ,,YES,YES,,,,110kV to 161kV,Temecula,Riverside,"92592",CA, 
-117.172493586198,33.9470395615872,"1076",SS1318,Moreno, ,Operational,SCE,SCE,L, ,,YES,YES,,,,110kV to 161kV,Moreno Valley,Riverside,"92555",CA, 
-116.988307493338,33.7723590022714,"1077",SS1319,Nelson, ,Operational,SCE,SCE,L, ,,YES,YES,,,,110kV to 161kV,Hemet,Riverside,"92543",CA, 
-117.207076934772,33.6873784358613,"1078",SS1320,Newcomb, ,Operational,SCE,SCE,L, ,,YES,YES,,,,110kV to 161kV,Sun City,Riverside,"92586",CA, 
-117.043546409539,33.5437173408579,"1079",SS1321,Pauba, ,Operational,SCE,SCE,L, ,,YES,YES,,,,110kV to 161kV,Temecula,Riverside,"92592",CA, 
-117.522707933132,33.9589191226482,"1080",SS1322,Pedley, ,Operational,SCE,SCE,L, ,,YES,,,,,33kV to 92kV,Riverside,Riverside,"92505",CA, 
-116.392079817585,33.7478117515454,"1081",SS1324,Santa Rosa, ,Operational,SCE,SCE,L, ,,YES,YES,,,,110kV to 161kV,Rancho Mirage,Riverside,"92270",CA, 
-117.291993560685,33.6309090330753,"1082",SS1325,Skylark, ,Operational,SCE,SCE,L, ,,YES,YES,,,,110kV to 161kV,Wildomar,Riverside,"92595",CA, 
-117.203201899079,33.5578090309913,"1083",SS1326,Stadler, ,Operational,SCE,SCE,L, ,,YES,,,,,33kV to 92kV,Murrieta,Riverside,"92562",CA, 
-117.00732693055,33.7335478810352,"1084",SS1327,Stetson, ,Operational,SCE,SCE,L, ,,YES,,,,,33kV to 92kV,Hemet,Riverside,"92545",CA, 
-116.449932595636,33.7919700747115,"1085",SS1328,Tamarisk, ,Operational,SCE,SCE,L, ,,YES,YES,,,,110kV to 161kV,Cathedral City,Riverside,"92234",CA, 
-117.259765812867,33.9087673646888,"1086",SS1329,Tanker, ,Operational,SCE,SCE,L, ,,YES,YES,,,,110kV to 161kV,March Air Reserve Base,Riverside,"92518",CA, 
-116.532032558491,33.8136534047585,"1087",SS1330,Thornhill, ,Operational,SCE,SCE,L, ,,YES,YES,,,,110kV to 161kV,Palm Springs,Riverside,"92264",CA, 
-117.156101832189,33.7399895421365,"1088",SS1331,Valley, ,Operational,SCE,SCE,L, ,,YES,YES,,YES,,345kV to 500kV,Sun City,Riverside,"92585",CA, 
-117.051352655037,34.0105604320556,"1089",SS1332,Yucaipa, ,Operational,SCE,SCE,L, ,,YES,,,,,33kV to 92kV,Yucaipa,San Bernardino,"92399",CA, 
-114.684582332908,33.616120274783,"1090",SS1333,Blythe-Bucks Blvd., ,Operational,SCE,SCE,L, ,,,YES,,,,110kV to 161kV,Blythe,Riverside,"92225",CA, 
-121.156232855455,38.6301148758281,"1091",SS1334,Alder Creek, ,Operational,SMUD,SMUD,M, ,,YES,,,,,33kV to 92kV,Rancho Cordova,Sacramento,"95742",CA, 
-121.211986386728,38.605506722051,"1092",SS1336,Nimbus, ,Operational,Other,Other,M, ,,YES,YES,,,,110kV to 161kV,Rancho Cordova,Sacramento,"95742",CA, 
-121.297954848053,38.5736029001678,"1093",SS1339,Mather, ,Operational,Other,Other,M, ,,YES,,,,,33kV to 92kV,Rancho Cordova,Sacramento,"95670",CA, 
-121.407730387234,38.5481369003853,"1094",SS1341,Brighton, ,Operational,PG&E,PG&E,M, ,,YES,YES,YES,,,220kV to 287kV,Sacramento,Sacramento,"95826",CA, 
-121.13674420792,38.6574824747294,"1095",SS1342,Gold Hill, ,Operational,PG&E,PG&E,M, ,,YES,YES,YES,,,220kV to 287kV,Folsom,Sacramento,"95630",CA, 
-121.590402066125,38.2315553977032,"1096",SS1343,Grand Island, ,Operational,PG&E,PG&E,M, ,,,YES,,,,110kV to 161kV,Walnut Grove,Sacramento,"95690",CA, 
-121.473911362779,38.2255396431604,"1097",SS1344,New Hope, ,Operational,Other,Other,M, ,,YES,,,,,33kV to 92kV,Lodi,San Joaquin,"95242",CA, 
-121.445389133255,38.5392393991021,"1098",SS1345,14Th & 52Nd, ,Operational,SMUD,SMUD,M, ,,YES,,,,,33kV to 92kV,Sacramento,Sacramento,"95820",CA, 
-121.479783831913,38.4910759326021,"1099",SS1346,24Th & Gardendale, ,Operational,SMUD,SMUD,M, ,,YES,,,,,33kV to 92kV,Sacramento,Sacramento,"95822",CA, 
-121.387184827269,38.6782609199768,"1100",SS1347,34Th & E, ,Operational,SMUD,SMUD,M, ,,YES,,,,,33kV to 92kV,North Highlands,Sacramento,"95660",CA, 
-121.515665055708,38.5171104972662,"1101",SS1348,43Rd & S. Land, ,Operational,SMUD,SMUD,M, ,,YES,,,,,33kV to 92kV,Sacramento,Sacramento,"95822",CA, 
-121.380003880328,38.5204217211563,"1102",SS1350,88Th-Fruitridge, ,Operational,SMUD,SMUD,M, ,,YES,,,,,33kV to 92kV,Sacramento,Sacramento,"95828",CA, 
-121.3780553754,38.5179682130439,"1103",SS1353,Airco, ,Operational,SMUD,SMUD,M, ,,YES,,,,,33kV to 92kV,Sacramento,Sacramento,"95828",CA, 
-121.239031076842,38.6935242307515,"1104",SS1355,Almond-Elm, ,Operational,SMUD,SMUD,M, ,,YES,,,,,33kV to 92kV,Orangevale,Sacramento,"95662",CA, 
-121.40985635735,38.5370403881642,"1105",SS1356,Amador-Power Inn, ,Operational,SMUD,SMUD,M, ,,,YES,,,,110kV to 161kV,Sacramento,Sacramento,"95826",CA, 
-121.18647688224,38.5829139109715,"1106",SS1357,American River-Aggregate, ,Operational,SMUD,SMUD,M, ,,YES,,,,,33kV to 92kV,Rancho Cordova,Sacramento,"95742",CA, 
-121.447060829633,38.6248189143672,"1107",SS1358,Arcade-Rio Linda, ,Operational,SMUD,SMUD,M, ,,YES,,,,,33kV to 92kV,Sacramento,Sacramento,"95815",CA, 
-121.434010827567,38.6023199208415,"1108",SS1360,Arden-Point West, ,Operational,SMUD,SMUD,M, ,,YES,,,,,33kV to 92kV,Sacramento,Sacramento,"95815",CA, 
-121.365185870996,38.5944389074099,"1109",SS1361,Arden-Watt, ,Operational,SMUD,SMUD,M, ,,YES,,,,,33kV to 92kV,Sacramento,Sacramento,"95864",CA, 
-121.398430827834,38.510256622828,"1110",SS1362,Army Depot, ,Operational,SMUD,SMUD,M, ,,YES,,,,,33kV to 92kV,Sacramento,Sacramento,"95828",CA, 
-121.364069864832,38.5774369041435,"1111",SS1363,Ashton-American River Dr., ,Operational,SMUD,SMUD,M, ,,YES,,,,,33kV to 92kV,Sacramento,Sacramento,"95864",CA, 
-121.308087852062,38.6881669158342,"1112",SS1364,Auburn Van Muren, ,Operational,SMUD,SMUD,M, ,,YES,,,,,33kV to 92kV,Citrus Heights,Sacramento,"95621",CA, 
-121.34138185685,38.5915381953059,"1113",SS1366,Battlewood-Thistlewood, ,Operational,SMUD,SMUD,M, ,,YES,,,,,33kV to 92kV,Carmichael,Sacramento,"95608",CA, 
-121.231398713742,38.6797538454821,"1114",SS1367,Beech-Greenback, ,Operational,SMUD,SMUD,M, ,,YES,,,,,33kV to 92kV,Orangevale,Sacramento,"95662",CA, 
-121.410229721176,38.6013333813099,"1115",SS1368,Bell Cottage, ,Operational,SMUD,SMUD,M, ,,YES,,,,,33kV to 92kV,Sacramento,Sacramento,"95825",CA, 
-121.410898626285,38.6469848780062,"1116",SS1369,Bell-Winters, ,Operational,SMUD,SMUD,M, ,,YES,,,,,33kV to 92kV,Sacramento,Sacramento,"95838",CA, 
-121.436012050034,38.4353701979334,"1117",SS1370,Big Horn-Meadowspring, ,Operational,SMUD,SMUD,M, ,,YES,,,,,33kV to 92kV,Elk Grove,Sacramento,"95758",CA, 
-121.382905820958,38.7234979023583,"1118",SS1371,Black Eagle-Chrystal Brook, ,Operational,SMUD,SMUD,M, ,,YES,,,,,33kV to 92kV,Antelope,Sacramento,"95843",CA, 
-121.15013073565,38.6723310530189,"1119",SS1372,Blue Ravine-School, ,Operational,SMUD,SMUD,M, ,,YES,,,,,33kV to 92kV,Folsom,Sacramento,"95630",CA, 
-121.36991523431,38.4227938068555,"1120",SS1373,Bond-Elk Grove Florin, ,Operational,SMUD,SMUD,M, ,,YES,,,,,33kV to 92kV,Elk Grove,Sacramento,"95624",CA, 
-121.385979206192,38.6047962543185,"1121",SS1374,Butano-Cottage, ,Operational,SMUD,SMUD,M, ,,YES,,,,,33kV to 92kV,Sacramento,Sacramento,"95825",CA, 
-121.471514511334,38.5117535154109,"1122",SS1376,Campbell Soup, ,Operational,SMUD,SMUD,M, ,,YES,,,,,33kV to 92kV,Sacramento,Sacramento,"95824",CA, 
-121.423853832886,38.5542159345824,"1123",SS1377,Campus Commons, ,Operational,SMUD,SMUD,M, ,,YES,,,,,33kV to 92kV,Sacramento,Sacramento,"95819",CA, 
-121.475839826646,38.6418529013836,"1124",SS1378,Cargo-Northgate, ,Operational,SMUD,SMUD,M, ,,YES,,,,,33kV to 92kV,Sacramento,Sacramento,"95834",CA, 
-121.329077645946,38.6436395790058,"1125",SS1380,Carmichael, ,Operational,SMUD,SMUD,M, ,,YES,,,,,33kV to 92kV,Carmichael,Sacramento,"95608",CA, 
-121.459895049266,38.4482133922919,"1126",SS1381,Carson Ice, ,Operational,SMUD,SMUD,M, ,,YES,,,,,33kV to 92kV,Elk Grove,Sacramento,"95758",CA, 
-121.266570838574,38.6178348917396,"1127",SS1382,Citrus-Coloma, ,Operational,SMUD,SMUD,M, ,,YES,,,,,33kV to 92kV,Rancho Cordova,Sacramento,"95670",CA, 
-121.168948316252,38.3352646643359,"1128",SS1383,Clay Sta.-Twin Cities, ,Operational,SMUD,SMUD,M, ,,YES,,,,,33kV to 92kV,Herald,Sacramento,"95638",CA, 
-121.242418032967,38.3541870291954,"1129",SS1384,Colony-Woods, ,Operational,SMUD,SMUD,M, ,,YES,,,,,33kV to 92kV,Wilton,Sacramento,"95693",CA, 
-121.285855625962,38.603768459877,"1130",SS1385,Cordova-Folsom, ,Operational,SMUD,SMUD,M, ,,YES,,,,,33kV to 92kV,Rancho Cordova,Sacramento,"95670",CA, 
-121.306584859578,38.6049489077698,"1131",SS1386,Cordova-Park, ,Operational,SMUD,SMUD,M, ,,YES,,,,,33kV to 92kV,Rancho Cordova,Sacramento,"95670",CA, 
-121.380487859232,38.6162069010546,"1132",SS1387,Country Club 2, ,Operational,SMUD,SMUD,M, ,,YES,,,,,33kV to 92kV,Sacramento,Sacramento,"95821",CA, 
-121.378395839351,38.6087319273876,"1133",SS1388,Country Club 3, ,Operational,SMUD,SMUD,M, ,,YES,,,,,33kV to 92kV,Sacramento,Sacramento,"95864",CA, 
-121.399026836741,38.5349689195951,"1134",SS1389,Crystal Creamery, ,Operational,SMUD,SMUD,M, ,,YES,,,,,33kV to 92kV,Sacramento,Sacramento,"95826",CA, 
-121.328870915955,38.6394286128198,"1135",SS1390,Cypress-Manzanita, ,Operational,SMUD,SMUD,M, ,,YES,,,,,33kV to 92kV,Carmichael,Sacramento,"95608",CA, 
-121.326530770748,38.7036355242982,"1136",SS1391,Daly-Roseville, ,Operational,SMUD,SMUD,M, ,,YES,,,,,33kV to 92kV,Sacramento,Sacramento,"95842",CA, 
-121.462775806566,38.7101779268003,"1137",SS1392,Delano, ,Operational,SMUD,SMUD,M, ,,YES,,,,,33kV to 92kV,Elverta,Sacramento,"95626",CA, 
-121.307863848337,38.6500798986776,"1138",SS1393,Dewey-Winding, ,Operational,SMUD,SMUD,M, ,,YES,,,,,33kV to 92kV,Fair Oaks,Sacramento,"95628",CA, 
-121.188391901796,38.4427499012468,"1139",SS1394,Dillard-Orange, ,Operational,SMUD,SMUD,M, ,,YES,,,,,33kV to 92kV,Wilton,Sacramento,"95693",CA, 
-121.256951924098,38.4019173082277,"1140",SS1395,Dillard-Wilton, ,Operational,SMUD,SMUD,M, ,,YES,,,,,33kV to 92kV,Wilton,Sacramento,"95693",CA, 
-121.281553019733,38.5861596015839,"1141",SS1396,Disk Data, ,Operational,SMUD,SMUD,M, ,,YES,,,,,33kV to 92kV,Rancho Cordova,Sacramento,"95670",CA, 
-121.44434869374,38.6090169952164,"1142",SS1398,Dixeanne-Evergreen, ,Operational,SMUD,SMUD,M, ,,YES,,,,,33kV to 92kV,Sacramento,Sacramento,"95815",CA, 
-121.346550844146,38.6934599046913,"1143",SS1399,Don Julio-Elkhorn, ,Operational,SMUD,SMUD,M, ,,YES,,,,,33kV to 92kV,Sacramento,Sacramento,"95842",CA, 
-121.346572845149,38.7145619313677,"1144",SS1400,Don Julio-Lorac Vista, ,Operational,SMUD,SMUD,M, ,,YES,,,,,33kV to 92kV,Antelope,Sacramento,"95843",CA, 
-121.125624465287,38.6898001235422,"1145",SS1401,E. Natoma-Blue Ravine, ,Operational,SMUD,SMUD,M, ,,YES,,,,,33kV to 92kV,Folsom,Sacramento,"95630",CA, 
-121.43060601528,38.553746805418,"1146",SS1402,East City, ,Operational,SMUD,SMUD,M, ,,,YES,,,,110kV to 161kV,Sacramento,Sacramento,"95817",CA, 
-121.364028333069,38.6067940463014,"1147",SS1403,Eastern-El Camino, ,Operational,SMUD,SMUD,M, ,,YES,,,,,33kV to 92kV,Sacramento,Sacramento,"95864",CA, 
-121.364081837004,38.6184468952367,"1148",SS1404,Eastern-Marconi, ,Operational,SMUD,SMUD,M, ,,YES,,,,,33kV to 92kV,Sacramento,Sacramento,"95821",CA, 
-121.398975830839,38.6275989225824,"1149",SS1405,Edison-Ball, ,Operational,SMUD,SMUD,M, ,,YES,,,,,33kV to 92kV,Sacramento,Sacramento,"95821",CA, 
-121.403863552227,38.6108262292476,"1150",SS1406,El Camino, ,Operational,SMUD,SMUD,M, ,,YES,,,,,33kV to 92kV,Sacramento,Sacramento,"95821",CA, 
-121.45625183711,38.608316919408,"1151",SS1407,El Monte, ,Operational,SMUD,SMUD,M, ,,YES,,,,,33kV to 92kV,Sacramento,Sacramento,"95815",CA, 
-121.272273504749,38.591166431121,"1152",SS1408,Electronic Data Systems, ,Operational,SMUD,SMUD,M, ,,YES,,,,,33kV to 92kV,Rancho Cordova,Sacramento,"95670",CA, 
-121.371472852725,38.4781739188544,"1153",SS1409,Elk Grove Florin-Gerber, ,Operational,SMUD,SMUD,M, ,,YES,,,,,33kV to 92kV,Sacramento,Sacramento,"95829",CA, 
-121.353020536379,38.3727187884082,"1154",SS1410,Elk Grove, ,Operational,SMUD,SMUD,M, ,,YES,,YES,,,220kV to 287kV,Elk Grove,Sacramento,"95624",CA, 
-121.376015848497,38.4086239441168,"1155",SS1411,Elk Grove-Colton, ,Operational,SMUD,SMUD,M, ,,YES,,,,,33kV to 92kV,Elk Grove,Sacramento,"95624",CA, 
-121.207273038059,38.6930000094437,"1156",SS1412,Elm, ,Operational,SMUD,SMUD,M, ,,YES,,,,,33kV to 92kV,Orangevale,Sacramento,"95662",CA, 
-121.478485667442,38.7138539185081,"1157",SS1413,Elverta, ,Operational,WAPA,WAPA,M,ELV,,YES,,YES,,,220kV to 287kV,Elverta,Sacramento,"95626",CA, 
-121.576177939684,38.7141885381639,"1158",SS1414,Elverta-Powerline, ,Operational,SMUD,SMUD,M, ,,YES,,,,,33kV to 92kV,Sacramento,Sacramento,"95837",CA, 
-121.420066592383,38.7140528365374,"1159",SS1415,Elverta-Cherrybrooke, ,Operational,SMUD,SMUD,M, ,,YES,,,,,33kV to 92kV,Elverta,Sacramento,"95626",CA, 
-121.399702480371,38.6126511024267,"1160",SS1416,Elvyra-Fulton, ,Operational,SMUD,SMUD,M, ,,YES,,,,,33kV to 92kV,Sacramento,Sacramento,"95821",CA, 
-121.363156758443,38.6314446252734,"1161",SS1417,Engle-Eastern, ,Operational,SMUD,SMUD,M, ,,YES,,,,,33kV to 92kV,Sacramento,Sacramento,"95821",CA, 
-121.408445788394,38.3501692108003,"1162",SS1418,Eschinger-Bruceville, ,Operational,SMUD,SMUD,M, ,,YES,,,,,33kV to 92kV,Elk Grove,Sacramento,"95757",CA, 
-121.447072833384,38.6056549289826,"1163",SS1419,Evergreen-Royal Oaks, ,Operational,SMUD,SMUD,M, ,,YES,,,,,33kV to 92kV,Sacramento,Sacramento,"95815",CA, 
-121.432184267114,38.5932983454092,"1164",SS1420,Exposition, ,Operational,SMUD,SMUD,M, ,,YES,,,,,33kV to 92kV,Sacramento,Sacramento,"95815",CA, 
-121.417170207755,38.5552401485213,"1165",SS1421,Filtration Plant, ,Operational,SMUD,SMUD,M, ,,YES,,,,,33kV to 92kV,Sacramento,Sacramento,"95826",CA, 
-121.159315414301,38.6960089660833,"1166",SS1422,Folsom Prison, ,Operational,SMUD,SMUD,M, ,,YES,,,,,33kV to 92kV,Folsom,Sacramento,"95630",CA, 
-121.347318101201,38.6935027261911,"1167",SS1423,Foothill, ,Operational,SMUD,SMUD,M, ,,YES,,,,,33kV to 92kV,Sacramento,Sacramento,"95842",CA, 
-121.344036847402,38.5633849097781,"1168",SS1424,Franchise Tax, ,Operational,SMUD,SMUD,M, ,,YES,,,,,33kV to 92kV,Sacramento,Sacramento,"95827",CA, 
-121.453420799781,38.3794971218287,"1169",SS1425,Franklin, ,Operational,SMUD,SMUD,M, ,,YES,,,,,33kV to 92kV,Elk Grove,Sacramento,"95757",CA, 
-121.447252088566,38.4630327231832,"1170",SS1426,Franklin-Ehrhardt, ,Operational,SMUD,SMUD,M, ,,YES,,,,,33kV to 92kV,Sacramento,Sacramento,"95823",CA, 
-121.457913256779,38.4301675514372,"1171",SS1427,Franklin-Laguna, ,Operational,SMUD,SMUD,M, ,,YES,,,,,33kV to 92kV,Elk Grove,Sacramento,"95758",CA, 
-121.517382814617,38.5032649442769,"1172",SS1428,Freehaven-Lake Park, ,Operational,SMUD,SMUD,M, ,,YES,,,,,33kV to 92kV,Sacramento,Sacramento,"95831",CA, 
-121.422161861279,38.6127179288151,"1173",SS1429,Frienza Albatross, ,Operational,SMUD,SMUD,M, ,,YES,,,,,33kV to 92kV,Sacramento,Sacramento,"95815",CA, 
-121.456284535882,38.524321063377,"1174",SS1430,Fruitridge & 44Th, ,Operational,SMUD,SMUD,M, ,,YES,,,,,33kV to 92kV,Sacramento,Sacramento,"95824",CA, 
-121.428614850145,38.5255709219756,"1175",SS1431,Fruitridge & 64Th, ,Operational,SMUD,SMUD,M, ,,YES,,,,,33kV to 92kV,Sacramento,Sacramento,"95820",CA, 
-121.513491829308,38.5228949171194,"1176",SS1432,Fruitridge & S. Land Park, ,Operational,SMUD,SMUD,M, ,,YES,,,,,33kV to 92kV,Sacramento,Sacramento,"95822",CA, 
-121.476702529266,38.5245225231701,"1177",SS1433,Fruitridge& 28Th, ,Operational,SMUD,SMUD,M, ,,YES,,,,,33kV to 92kV,Sacramento,Sacramento,"95824",CA, 
-121.301824827895,38.2545866164906,"1178",SS1434,Galt, ,Operational,SMUD,SMUD,M, ,,YES,,,,,33kV to 92kV,Galt,Sacramento,"95632",CA, 
-121.364154844084,38.6772078948195,"1179",SS1435,Gilman-Cornelia, ,Operational,SMUD,SMUD,M, ,,YES,,,,,33kV to 92kV,North Highlands,Sacramento,"95660",CA, 
-121.539375817446,38.503480936759,"1180",SS1436,Gloria-Florin, ,Operational,SMUD,SMUD,M, ,,YES,,,,,33kV to 92kV,Sacramento,Sacramento,"95831",CA, 
-121.345299834103,38.5549859046106,"1181",SS1437,Goethe-Mayhew, ,Operational,SMUD,SMUD,M, ,,YES,,,,,33kV to 92kV,Sacramento,Sacramento,"95827",CA, 
-121.332238875419,38.543774895867,"1182",SS1438,Granite, ,Operational,SMUD,SMUD,M, ,,YES,,,,,33kV to 92kV,Sacramento,Sacramento,"95827",CA, 
-121.297571867907,38.4339392312993,"1183",SS1439,Grantline-Siefker, ,Operational,SMUD,SMUD,M, ,,YES,,,,,33kV to 92kV,Elk Grove,Sacramento,"95624",CA, 
-121.263296430364,38.6790859348773,"1184",SS1440,Greenback-Fairoaks, ,Operational,SMUD,SMUD,M, ,,YES,,,,,33kV to 92kV,Citrus Heights,Sacramento,"95610",CA, 
-121.383632835248,38.6576719045269,"1185",SS1441,Haggin, ,Operational,SMUD,SMUD,M, ,,YES,,,,,33kV to 92kV,North Highlands,Sacramento,"95660",CA, 
-121.322037864854,38.5553239116022,"1186",SS1442,Happy Lane, ,Operational,SMUD,SMUD,M, ,,YES,,,,,33kV to 92kV,Sacramento,Sacramento,"95827",CA, 
-121.535135844049,38.4939879437689,"1187",SS1443,Havenside-Canal, ,Operational,SMUD,SMUD,M, ,,YES,,,,,33kV to 92kV,Sacramento,Sacramento,"95831",CA, 
-121.22574585754,38.6504689137751,"1188",SS1444,Hazel-Timm, ,Operational,SMUD,SMUD,M, ,,YES,,,,,33kV to 92kV,Fair Oaks,Sacramento,"95628",CA, 
-121.355352643212,38.5082431196793,"1189",SS1445,Hedge, ,Operational,SMUD,SMUD,M, ,,YES,,YES,,,220kV to 287kV,Sacramento,Sacramento,"95829",CA, 
-121.245393389851,38.2946443666921,"1190",SS1446,Herald-Twin Cities, ,Operational,SMUD,SMUD,M, ,,YES,,,,,33kV to 92kV,Herald,Sacramento,"95638",CA, 
-121.517561116566,38.2995163962291,"1191",SS1447,Herzog, ,Operational,SMUD,SMUD,M, ,,YES,,,,,33kV to 92kV,Courtland,Sacramento,"95615",CA, 
-121.510384588038,38.367946295729,"1192",SS1448,Hood, ,Operational,SMUD,SMUD,M, ,,YES,,,,,33kV to 92kV,Elk Grove,Sacramento,"95757",CA, 
-121.397420924713,38.5328247424535,"1193",SS1449,Hunt-Wesson, ,Operational,SMUD,SMUD,M, ,,,,YES,,,220kV to 287kV,Sacramento,Sacramento,"95826",CA, 
-121.418179758151,38.5873094307668,"1194",SS1450,Hurley, ,Operational,SMUD,SMUD,M,HUR,,YES,YES,YES,,,220kV to 287kV,Sacramento,Sacramento,"95825",CA, 
-121.30877983376,38.7225678952387,"1195",SS1451,Imran Woods-Whyte, ,Operational,SMUD,SMUD,M, ,,YES,,,,,33kV to 92kV,Citrus Heights,Sacramento,"95621",CA, 
-121.160775893095,38.6430298958647,"1196",SS1452,Intel, ,Operational,SMUD,SMUD,M, ,,YES,,,,,33kV to 92kV,Folsom,Sacramento,"95630",CA, 
-121.243674620192,38.5066555100002,"1197",SS1453,Jackson-Sunrise, ,Operational,SMUD,SMUD,M, ,,YES,,,,,33kV to 92kV,Elk Grove,Sacramento,"95624",CA, 
-121.423890787987,38.6012865942583,"1198",SS1454,Jamestown-Middleberry, ,Operational,SMUD,SMUD,M, ,,YES,YES,,,,110kV to 161kV,Sacramento,Sacramento,"95815",CA, 
-121.290850845313,38.6653963865404,"1199",SS1455,Kalamazoo-San Juan, ,Operational,SMUD,SMUD,M, ,,YES,,,,,33kV to 92kV,Citrus Heights,Sacramento,"95610",CA, 
-121.426204824933,38.6223509251614,"1200",SS1456,Kathleen Academy, ,Operational,SMUD,SMUD,M, ,,YES,,,,,33kV to 92kV,Sacramento,Sacramento,"95815",CA, 
-121.25992184333,38.6526248866698,"1201",SS1457,Kathywood Bamboo, ,Operational,SMUD,SMUD,M, ,,YES,,,,,33kV to 92kV,Fair Oaks,Sacramento,"95628",CA, 
-121.156869872274,38.4962178979648,"1202",SS1458,Keifer-Jackson, ,Operational,SMUD,SMUD,M, ,,YES,,,,,33kV to 92kV,Sloughhouse,Sacramento,"95683",CA, 
-121.336133836335,38.613414897613,"1203",SS1459,Kenneth-Garfield, ,Operational,SMUD,SMUD,M, ,,YES,,,,,33kV to 92kV,Carmichael,Sacramento,"95608",CA, 
-121.391511688388,38.4807747705252,"1204",SS1460,Keyes-Fibre Co., ,Operational,SMUD,SMUD,M, ,,YES,,,,,33kV to 92kV,Sacramento,Sacramento,"95828",CA, 
-121.391089830309,38.5539119358539,"1205",SS1461,Lake Forest-Bennington, ,Operational,SMUD,SMUD,M, ,,YES,,YES,,,220kV to 287kV,Sacramento,Sacramento,"95826",CA, 
-121.132403951679,38.6571226078716,"1206",SS1462,Lake, ,Operational,SMUD,SMUD,M, ,,YES,,,,,33kV to 92kV,Folsom,Sacramento,"95630",CA, 
-121.445268835791,38.323715154164,"1207",SS1463,Lambert, ,Operational,SMUD,SMUD,M, ,,YES,,,,,33kV to 92kV,Elk Grove,Sacramento,"95757",CA, 
-121.171441427784,38.6823931844788,"1208",SS1465,Leidesdorff-Coloma, ,Operational,SMUD,SMUD,M, ,,YES,,,,,33kV to 92kV,Folsom,Sacramento,"95630",CA, 
-121.309875942544,38.2658909778024,"1209",SS1466,Lodi Iron Works, ,Operational,SMUD,SMUD,M, ,,YES,,,,,33kV to 92kV,Galt,Sacramento,"95632",CA, 
-121.101943918256,38.494736893523,"1210",SS1467,Lone Pine-Jackson, ,Operational,SMUD,SMUD,M, ,,YES,,,,,33kV to 92kV,Sloughhouse,Sacramento,"95683",CA, 
-121.431986316,38.6307321087903,"1211",SS1468,Los Robles-Marysville, ,Operational,SMUD,SMUD,M, ,,YES,,,,,33kV to 92kV,Sacramento,Sacramento,"95838",CA, 
-121.442709897395,38.4754350810452,"1212",SS1469,Mack-Tangerine, ,Operational,SMUD,SMUD,M, ,,YES,,,,,33kV to 92kV,Sacramento,Sacramento,"95823",CA, 
-121.24156484125,38.6639288938466,"1213",SS1470,Madison-Kenneth, ,Operational,SMUD,SMUD,M, ,,YES,,,,,33kV to 92kV,Fair Oaks,Sacramento,"95628",CA, 
-121.373837571937,38.5543416376813,"1214",SS1471,Manlove-Folsom, ,Operational,SMUD,SMUD,M, ,,YES,,,,,33kV to 92kV,Sacramento,Sacramento,"95826",CA, 
-121.344616568909,38.5350137701555,"1215",SS1473,Mayhew-Jackson, ,Operational,SMUD,SMUD,M, ,,YES,,,,,33kV to 92kV,Sacramento,Sacramento,"95827",CA, 
-121.392358568557,38.678440645722,"1216",SS1475,Mcclellan-Adc, ,Operational,SMUD,SMUD,M, ,,YES,,,,,33kV to 92kV,Mcclellan,Sacramento,"95652",CA, 
-121.384747810774,38.6582698930885,"1217",SS1476,Mcclellan-Haggin, ,Operational,SMUD,SMUD,M, ,,YES,,,,,33kV to 92kV,Mcclellan,Sacramento,"95652",CA, 
-121.50595236386,38.4816669825958,"1218",SS1477,Meadowview-Freeport, ,Operational,SMUD,SMUD,M, ,,YES,,,,,33kV to 92kV,Sacramento,Sacramento,"95831",CA, 
-121.466510864688,38.4829879088373,"1219",SS1478,Meadowview-Mack, ,Operational,SMUD,SMUD,M, ,,YES,,,,,33kV to 92kV,Sacramento,Sacramento,"95823",CA, 
-121.464537774453,38.5633874941152,"1220",SS1479,Mid City, ,Operational,SMUD,SMUD,M, ,,,YES,,,,110kV to 161kV,Sacramento,Sacramento,"95816",CA, 
-121.383911868981,38.4604479234045,"1221",SS1480,Morgan Hills-Sonoma Hills, ,Operational,SMUD,SMUD,M, ,,YES,,,,,33kV to 92kV,Sacramento,Sacramento,"95828",CA, 
-121.35725898417,38.6545361653355,"1222",SS1481,Myrtle-Date, ,Operational,SMUD,SMUD,M, ,,YES,,,,,33kV to 92kV,Sacramento,Sacramento,"95841",CA, 
-121.474262338853,38.5881199379827,"1223",SS1482,North City, ,Operational,SMUD,SMUD,M, ,,YES,YES,YES,,,220kV to 287kV,Sacramento,Sacramento,"95816",CA, 
-121.486300720943,38.6503806336305,"1224",SS1483,Natomas,NORTH MARKET SPORTS,Operational,SMUD,SMUD,M, ,,YES,,YES,,,220kV to 287kV,Sacramento,Sacramento,"95834",CA, 
-121.402192846263,38.5811759300996,"1225",SS1484,Northrup, ,Operational,SMUD,SMUD,M, ,,YES,,,,,33kV to 92kV,Sacramento,Sacramento,"95825",CA, 
-121.336133453748,38.6560013738679,"1226",SS1485,Omni-Hackberry, ,Operational,SMUD,SMUD,M, ,,YES,,,,,33kV to 92kV,Sacramento,Sacramento,"95841",CA, 
-121.385314822628,38.6459479076046,"1227",SS1486,Orange Grove-Watt, ,Operational,SMUD,SMUD,M, ,,YES,,,,,33kV to 92kV,North Highlands,Sacramento,"95660",CA, 
-121.266359852861,38.6849798927081,"1228",SS1487,Orangevale, ,Operational,SMUD,SMUD,M, ,,YES,,,,,33kV to 92kV,Citrus Heights,Sacramento,"95610",CA, 
-121.332484187967,38.668305115045,"1229",SS1490,Palm-Hackberry, ,Operational,SMUD,SMUD,M, ,,YES,,,,,33kV to 92kV,Sacramento,Sacramento,"95841",CA, 
-121.315479825365,38.6708782032563,"1230",SS1491,Parkoaks-Hilltop, ,Operational,SMUD,SMUD,M, ,,YES,,,,,33kV to 92kV,Citrus Heights,Sacramento,"95621",CA, 
-121.452589958426,38.4938182043008,"1231",SS1492,Parkway, ,Operational,SMUD,SMUD,M, ,,YES,,,,,33kV to 92kV,Sacramento,Sacramento,"95823",CA, 
-121.46592742692,38.6164716216311,"1232",SS1493,Pg&E Gas Holder, ,Operational,SMUD,SMUD,M, ,,YES,,,,,33kV to 92kV,Sacramento,Sacramento,"95815",CA, 
-121.450310831902,38.6599989294931,"1233",SS1494,Pinedale-Rio Linda, ,Operational,SMUD,SMUD,M, ,,YES,,,,,33kV to 92kV,Sacramento,Sacramento,"95838",CA, 
-121.470022566021,38.489638916221,"1234",SS1495,Pocket, ,Operational,SMUD,SMUD,M, ,,YES,,YES,,,220kV to 287kV,Sacramento,Sacramento,"95822",CA, 
-121.299396295514,38.7054934844142,"1235",SS1496,Poplar-Antelope, ,Operational,SMUD,SMUD,M, ,,YES,,,,,33kV to 92kV,Citrus Heights,Sacramento,"95621",CA, 
-121.409692989831,38.5088598828454,"1236",SS1497,Power Inn-Elder Creek, ,Operational,SMUD,SMUD,M, ,,YES,YES,,,,110kV to 161kV,Sacramento,Sacramento,"95828",CA, 
-121.409060921853,38.4755209589656,"1237",SS1498,Power Inn-Elsie, ,Operational,SMUD,SMUD,M, ,,YES,,,,,33kV to 92kV,Sacramento,Sacramento,"95828",CA, 
-121.577439068216,38.6895894431076,"1238",SS1499,Powerline-Elkhorn, ,Operational,SMUD,SMUD,M, ,,YES,,,,,33kV to 92kV,Sacramento,Sacramento,"95837",CA, 
-121.207862867847,38.6264209130023,"1239",SS1500,Prairie, ,Operational,SMUD,SMUD,M, ,,YES,,,,,33kV to 92kV,Rancho Cordova,Sacramento,"95742",CA, 
-121.168261888904,38.6555078774093,"1240",SS1501,Prairie City-Blue Ravine, ,Operational,SMUD,SMUD,M, ,,YES,,,,,33kV to 92kV,Folsom,Sacramento,"95630",CA, 
-121.401390342376,38.5291041892252,"1241",SS1502,Procter & Gamble, ,Operational,SMUD,SMUD,M, ,,YES,,,,,33kV to 92kV,Sacramento,Sacramento,"95826",CA, 
-121.384043812546,38.6971528941204,"1242",SS1503,Q & Watt, ,Operational,SMUD,SMUD,M, ,,YES,,,,,33kV to 92kV,North Highlands,Sacramento,"95660",CA, 
-121.39729559491,38.4951243423297,"1243",SS1504,Reese-Florin, ,Operational,SMUD,SMUD,M, ,,YES,,,,,33kV to 92kV,Sacramento,Sacramento,"95828",CA, 
-121.430957970436,38.494028797708,"1244",SS1505,Requa Fawn, ,Operational,SMUD,SMUD,M, ,,YES,,,,,33kV to 92kV,Sacramento,Sacramento,"95823",CA, 
-121.456457005899,38.6903609247298,"1245",SS1506,Rio Linda, ,Operational,SMUD,SMUD,M, ,,YES,,,,,33kV to 92kV,Rio Linda,Sacramento,"95673",CA, 
-121.329300867083,38.6210479236477,"1246",SS1507,Robertson-Fairoaks, ,Operational,SMUD,SMUD,M, ,,YES,,,,,33kV to 92kV,Carmichael,Sacramento,"95608",CA, 
-121.327259838743,38.5774138969487,"1247",SS1508,Routier, ,Operational,SMUD,SMUD,M, ,,YES,,,,,33kV to 92kV,Sacramento,Sacramento,"95827",CA, 
-121.427422821637,38.6057679001769,"1248",SS1509,Royal-Yorkshire, ,Operational,SMUD,SMUD,M, ,,YES,,,,,33kV to 92kV,Sacramento,Sacramento,"95815",CA, 
-121.513593004723,38.521061182101,"1249",SS1510,S. Land Park & 35Th Ave., ,Operational,SMUD,SMUD,M, ,,YES,,,,,33kV to 92kV,Sacramento,Sacramento,"95822",CA, 
-121.132123634391,38.6657895481304,"1250",SS1511,S. Lexington-Duxbury, ,Operational,SMUD,SMUD,M, ,,YES,,,,,33kV to 92kV,Folsom,Sacramento,"95630",CA, 
-121.460352961074,38.4485038216931,"1251",SS1512,Sacramento Regional Wwtp, ,Operational,SMUD,SMUD,M, ,,YES,,,,,33kV to 92kV,Elk Grove,Sacramento,"95758",CA, 
-121.398741873431,38.5299981284558,"1252",SS1513,Safeway Stores, ,Operational,SMUD,SMUD,M, ,,YES,,,,,33kV to 92kV,Sacramento,Sacramento,"95826",CA, 
-121.28112687062,38.68202541606,"1253",SS1514,San Simeon-Stefano, ,Operational,SMUD,SMUD,M, ,,YES,,,,,33kV to 92kV,Citrus Heights,Sacramento,"95610",CA, 
-121.41832985713,38.4191659372988,"1254",SS1515,Seasons-Bruceville, ,Operational,SMUD,SMUD,M, ,,YES,,,,,33kV to 92kV,Elk Grove,Sacramento,"95758",CA, 
-121.336956306673,38.6796300600349,"1255",SS1516,Shiloh-Shenandoah, ,Operational,SMUD,SMUD,M, ,,YES,,,,,33kV to 92kV,Sacramento,Sacramento,"95841",CA, 
-121.475050826949,38.5110819369359,"1256",SS1517,South City, ,Operational,SMUD,SMUD,M, ,,,YES,YES,,,220kV to 287kV,Sacramento,Sacramento,"95824",CA, 
-121.497190804571,38.5840969289285,"1257",SS1518,Sta. A, ,Operational,SMUD,SMUD,M, ,,,,YES,,,220kV to 287kV,Sacramento,Sacramento,"95814",CA, 
-121.483006810762,38.5718919398076,"1258",SS1519,Sta. B, ,Operational,SMUD,SMUD,M, ,,YES,YES,YES,,,220kV to 287kV,Sacramento,Sacramento,"95811",CA, 
-121.500496750706,38.5720052025074,"1259",SS1520,Sta. D, ,Operational,SMUD,SMUD,M, ,,,,YES,,,220kV to 287kV,Sacramento,Sacramento,"95811",CA, 
-121.419636460949,38.4701906574832,"1260",SS1521,Stockton Wyndham, ,Operational,SMUD,SMUD,M, ,,YES,,,,,33kV to 92kV,Sacramento,Sacramento,"95823",CA, 
-121.404468778202,38.4403515254518,"1261",SS1522,Stockton-Sheldon, ,Operational,SMUD,SMUD,M, ,,YES,,,,,33kV to 92kV,Elk Grove,Sacramento,"95758",CA, 
-121.26393084865,38.6019009220164,"1262",SS1523,Sunco-Trade Cntr., ,Operational,SMUD,SMUD,M, ,,YES,,,,,33kV to 92kV,Rancho Cordova,Sacramento,"95742",CA, 
-121.270758893765,38.7082291589579,"1263",SS1524,Sunrise Antelope, ,Operational,SMUD,SMUD,M, ,,YES,,,,,33kV to 92kV,Citrus Heights,Sacramento,"95610",CA, 
-121.249169496734,38.664600543534,"1264",SS1525,Sunrise Cntr., ,Operational,SMUD,SMUD,M, ,,YES,,,,,33kV to 92kV,Fair Oaks,Sacramento,"95628",CA, 
-121.25947406959,38.6353250211323,"1265",SS1526,Sutter-Marshall, ,Operational,SMUD,SMUD,M, ,,YES,,,,,33kV to 92kV,Rancho Cordova,Sacramento,"95670",CA, 
-121.290744231205,38.6927213774311,"1266",SS1527,Sylvan-Antelope, ,Operational,SMUD,SMUD,M, ,,YES,,,,,33kV to 92kV,Citrus Heights,Sacramento,"95621",CA, 
-121.381132059161,38.5467905432133,"1267",SS1528,Teichert Aggregates, ,Operational,SMUD,SMUD,M, ,,YES,,,,,33kV to 92kV,Sacramento,Sacramento,"95826",CA, 
-121.243021412205,38.5968100712038,"1268",SS1529,Teledyne, ,Operational,SMUD,SMUD,M, ,,YES,,,,,33kV to 92kV,Rancho Cordova,Sacramento,"95742",CA, 
-121.474552816145,38.6232039196704,"1269",SS1530,Tenaya-Northgate, ,Operational,SMUD,SMUD,M, ,,YES,,,,,33kV to 92kV,Sacramento,Sacramento,"95833",CA, 
-121.498265985811,38.6201149852488,"1270",SS1531,Truxel, ,Operational,SMUD,SMUD,M, ,,YES,,,,,33kV to 92kV,Sacramento,Sacramento,"95833",CA, 
-121.314543723019,38.2912384553741,"1271",SS1532,Twin Cities, ,Operational,SMUD,SMUD,M, ,,YES,,,,,33kV to 92kV,Galt,Sacramento,"95632",CA, 
-121.51585521465,38.2771950353531,"1272",SS1533,Twin Cities-Snodgrass, ,Operational,SMUD,SMUD,M, ,,YES,,,,,33kV to 92kV,Courtland,Sacramento,"95615",CA, 
-121.203073996527,38.6682363618902,"1273",SS1534,Twin Lakes-Main, ,Operational,SMUD,SMUD,M, ,,YES,,,,,33kV to 92kV,Orangevale,Sacramento,"95662",CA, 
-121.520638349004,38.6136343799008,"1274",SS1535,W. El Camino-I5, ,Operational,SMUD,SMUD,M, ,,YES,,,,,33kV to 92kV,Sacramento,Sacramento,"95833",CA, 
-121.244141480488,38.7082906451463,"1275",SS1536,Wachtel-Oak, ,Operational,SMUD,SMUD,M, ,,YES,,,,,33kV to 92kV,Orangevale,Sacramento,"95662",CA, 
-121.362786825582,38.7058819059955,"1276",SS1537,Walerga-Antelope, ,Operational,SMUD,SMUD,M, ,,YES,,,,,33kV to 92kV,Antelope,Sacramento,"95843",CA, 
-121.364099833929,38.6971878947899,"1277",SS1538,Walerga-Galbrath, ,Operational,SMUD,SMUD,M, ,,YES,,,,,33kV to 92kV,North Highlands,Sacramento,"95660",CA, 
-121.345332711415,38.630866018284,"1278",SS1540,Walnut-Engle, ,Operational,SMUD,SMUD,M, ,,YES,,,,,33kV to 92kV,Carmichael,Sacramento,"95608",CA, 
-121.353152342546,38.390146449912,"1279",SS1541,Waterman-Grantline, ,Operational,SMUD,SMUD,M, ,,YES,,,,,33kV to 92kV,Elk Grove,Sacramento,"95624",CA, 
-121.307708839591,38.5861088989527,"1280",SS1542,White Rock-Folsom, ,Operational,SMUD,SMUD,M, ,,YES,,,,,33kV to 92kV,Rancho Cordova,Sacramento,"95670",CA, 
-121.267862839741,38.5892189042135,"1281",SS1543,White Rock-Sunrise, ,Operational,SMUD,SMUD,M, ,,YES,,,,,33kV to 92kV,Rancho Cordova,Sacramento,"95670",CA, 
-121.276126865914,38.6451828724329,"1282",SS1544,Winding Way-New York, ,Operational,SMUD,SMUD,M, ,,YES,,,,,33kV to 92kV,Fair Oaks,Sacramento,"95628",CA, 
-121.437643671109,38.5083897296939,"1283",SS1545,Wire-48Th, ,Operational,SMUD,SMUD,M, ,,YES,,YES,,,220kV to 287kV,Sacramento,Sacramento,"95823",CA, 
-121.627689740414,36.9062980977417,"1284",SS1547,Granite Rock, ,Operational,Other,Other,M, ,,YES,,,,,33kV to 92kV,Aromas,San Benito,"95004",CA, 
-121.405997929118,36.8628411550023,"1285",SS1548,Hollister, ,Operational,PG&E,PG&E,M, ,,YES,YES,,,,110kV to 161kV,Hollister,San Benito,"95023",CA, 
-121.511973933081,36.856861805698,"1286",SS1549,San Justo, ,Operational,PG&E,PG&E,M, ,,YES,,,,,33kV to 92kV,San Juan Bautista,San Benito,"95045",CA, 
-121.555241709013,36.8868432529877,"1287",SS1550,Sargent, ,Operational,Other,Other,M, ,,YES,,,,,33kV to 92kV,San Juan Bautista,San Benito,"95045",CA, 
-117.322068512708,34.5636771707396,"1288",SS1551,Victorville, ,Operational,LADWP,LADWP,L, ,,YES,YES,YES,YES,,345kV to 500kV,Victorville,San Bernardino,"92394",CA, 
-114.61845637422,34.8435118358272,"1289",SS1553,Needles, ,Operational,Other,Other,L, ,,YES,,,,,33kV to 92kV,Needles,San Bernardino,"92363",CA, 
-114.966258794607,34.8448490552615,"1290",SS1554,Camino, ,Operational,Other,Other,L, ,,,,YES,,,220kV to 287kV,Essex,San Bernardino,"92332",CA, 
-114.171274663031,34.291156786391,"1291",SS1555,Gene, ,Operational,Other,Other,L, ,,YES,,YES,,,220kV to 287kV,Parker Dam,San Bernardino,"92267",CA, 
-117.262656624292,34.0509966114689,"1292",SS1557,Unimed, ,Operational,SCE,SCE,L, ,,YES,,,,,33kV to 92kV,Loma Linda,San Bernardino,"92350",CA, 
-117.409221353487,34.135456306292,"1293",SS1558,Alder, ,Operational,SCE,SCE,L, ,,YES,,,,,33kV to 92kV,Rialto,San Bernardino,"92376",CA, 
-117.53334367395,34.0929918915995,"1294",SS1559,Ameron,"ETIWANDA ""AMERON""",Operational,SCE,SCE,L, ,,YES,,,,,33kV to 92kV,Rancho Cucamonga,San Bernardino,"91739",CA, 
-117.224340598962,34.4490807084163,"1295",SS1560,Apple Valley, ,Operational,SCE,SCE,L, ,,,YES,,,,110kV to 161kV,Apple Valley,San Bernardino,"92308",CA, 
-117.355771245705,34.4153589719649,"1296",SS1561,Aqueduct, ,Operational,SCE,SCE,L, ,,YES,YES,,,,110kV to 161kV,Hesperia,San Bernardino,"92344",CA, 
-117.592665919188,33.9977534509672,"1297",SS1562,Archibald, ,Operational,SCE,SCE,L, ,,YES,,,,,33kV to 92kV,Ontario,San Bernardino,"91761",CA, 
-117.584110086891,34.1210006649926,"1298",SS1563,Archline, ,Operational,SCE,SCE,L, ,,YES,,,,,33kV to 92kV,Rancho Cucamonga,San Bernardino,"91730",CA, 
-117.290116077616,34.1422491952609,"1299",SS1564,Arro, ,Operational,SCE,SCE,L, ,,YES,,,,,33kV to 92kV,San Bernardino,San Bernardino,"92405",CA, 
-117.21625397049,34.283459069976,"1300",SS1565,Arrowhead, ,Operational,SCE,SCE,L, ,,YES,YES,,,,110kV to 161kV,Lake Arrowhead,San Bernardino,"92352",CA, 
-116.074410716063,35.2789113523543,"1301",SS1566,Baker, ,Operational,SCE,SCE,L, ,,YES,YES,,,,110kV to 161kV,Baker,San Bernardino,"92309",CA, 
-117.400204968609,34.0492220944666,"1302",SS1568,Bloomington, ,Operational,SCE,SCE,L, ,,YES,,,,,33kV to 92kV,Bloomington,San Bernardino,"92316",CA, 
-117.731207877222,34.0355751898042,"1303",SS1569,Brockway Glass, ,Operational,SCE,SCE,L, ,,YES,,,,,33kV to 92kV,Pomona,Los Angeles,"91766",CA, 
-117.317155573527,34.0930298433744,"1304",SS1570,Calectric, ,Operational,SCE,SCE,L, ,,YES,YES,,,,110kV to 161kV,San Bernardino,San Bernardino,"92410",CA, 
-117.261034432976,34.0895867322997,"1305",SS1571,Capsule, ,Operational,SCE,SCE,L, ,,YES,,,,,33kV to 92kV,San Bernardino,San Bernardino,"92408",CA, 
-117.277850986964,34.1023000797292,"1306",SS1572,Cardiff, ,Operational,SCE,SCE,L, ,,YES,,,,,33kV to 92kV,San Bernardino,San Bernardino,"92408",CA, 
-116.123882303488,34.149075709069,"1307",SS1573,Carodean, ,Operational,SCE,SCE,L, ,,YES,YES,,,,110kV to 161kV,Twentynine Palms,San Bernardino,"92277",CA, 
-117.678531275258,33.9983541626209,"1308",SS1574,Chino, ,Operational,SCE,SCE,L, ,,YES,,YES,,,220kV to 287kV,Chino,San Bernardino,"91710",CA, 
-115.515701028164,35.2522120679227,"1309",SS1575,Cima, ,Operational,SCE,SCE,L, ,,,,YES,YES,,345kV to 500kV,Nipton,San Bernardino,"92364",CA, 
-117.688611857656,33.9897147684345,"1310",SS1576,Cimgen, ,Operational,SCE,SCE,L, ,,YES,,,,,33kV to 92kV,Chino,San Bernardino,"91710",CA, 
-117.314481117724,34.0589735173353,"1311",SS1579,Colton (Century), ,Operational,SCE,SCE,L, ,,YES,YES,,,,110kV to 161kV,Colton,San Bernardino,"92324",CA, 
-117.341264065886,34.0544804496339,"1312",SS1580,Colton Cement, ,Operational,SCE,SCE,L, ,,YES,,,,,33kV to 92kV,Colton,San Bernardino,"92324",CA, 
-116.861252197756,34.3725486816368,"1313",SS1581,Cottonwood, ,Operational,SCE,SCE,L, ,,YES,YES,,,,110kV to 161kV,Lucerne Valley,San Bernardino,"92356",CA, 
-117.592743371684,34.0842564799895,"1314",SS1582,Cucamonga, ,Operational,SCE,SCE,L, ,,YES,,,,,33kV to 92kV,Rancho Cucamonga,San Bernardino,"91730",CA, 
-117.488066106997,34.0778896152367,"1315",SS1583,Declez, ,Operational,SCE,SCE,L, ,,YES,,,,,33kV to 92kV,Fontana,San Bernardino,"92335",CA, 
-117.25169495869,34.1499270808424,"1316",SS1584,Del Rosa, ,Operational,SCE,SCE,L, ,,YES,,,,,33kV to 92kV,San Bernardino,San Bernardino,"92404",CA, 
-117.335107314775,34.2060229171542,"1317",SS1585,Devil Canyon, ,Operational,SCE,SCE,L, ,,,YES,,,,110kV to 161kV,San Bernardino,San Bernardino,"92407",CA, 
-116.440035894919,35.0494474123941,"1318",SS1586,Dunn Siding, ,Operational,SCE,SCE,L, ,,YES,YES,,,,110kV to 161kV,Ludlow,San Bernardino,"92338",CA, 
-117.623401921991,34.0418081251286,"1319",SS1587,Firehouse, ,Operational,SCE,SCE,L, ,,YES,,,,,33kV to 92kV,Ontario,San Bernardino,"91761",CA, 
-117.723009090166,34.0420533602092,"1320",SS1588,Francis, ,Operational,SCE,SCE,L, ,,YES,,,,,33kV to 92kV,Chino,San Bernardino,"91710",CA, 
-117.492596469128,34.0837764371896,"1321",SS1589,Furnace, ,Operational,SCE,SCE,L, ,,YES,,,,,33kV to 92kV,Fontana,San Bernardino,"92335",CA, 
-116.866412980317,34.8590088682717,"1322",SS1590,Gale, ,Operational,SCE,SCE,L, ,,YES,YES,,,,110kV to 161kV,Daggett,San Bernardino,"92327",CA, 
-117.493438939125,34.0799500982037,"1323",SS1591,Galvanizing, ,Operational,SCE,SCE,L, ,,YES,,,,,33kV to 92kV,Fontana,San Bernardino,"92335",CA, 
-117.56659692601,34.0913541073809,"1324",SS1592,Genamic, ,Operational,SCE,SCE,L, ,,YES,,,,,33kV to 92kV,Rancho Cucamonga,San Bernardino,"91730",CA, 
-114.261287615484,34.3546108780752,"1325",SS1593,Havasu, ,Operational,SCE,SCE,L, ,,YES,,,,,33kV to 92kV,Parker Dam,San Bernardino,"92267",CA, 
-117.289810168169,34.4127839422348,"1326",SS1594,Hesperia, ,Operational,SCE,SCE,L, ,,YES,YES,,,,110kV to 161kV,Hesperia,San Bernardino,"92345",CA, 
-116.180666730133,34.1364378338957,"1327",SS1595,Hi Desert, ,Operational,SCE,SCE,L, ,,YES,YES,,,,110kV to 161kV,Twentynine Palms,San Bernardino,"92277",CA, 
-117.186784983728,34.1079060830203,"1328",SS1596,Highland, ,Operational,SCE,SCE,L, ,,YES,,,,,33kV to 92kV,Redlands,San Bernardino,"92374",CA, 
-117.291703993477,34.0745550755874,"1329",SS1597,Homart, ,Operational,SCE,SCE,L, ,,YES,YES,,,,110kV to 161kV,San Bernardino,San Bernardino,"92408",CA, 
-117.529037310776,34.0629702956847,"1330",SS1598,Hygen, ,Operational,SCE,SCE,L, ,,YES,,,,,33kV to 92kV,Ontario,San Bernardino,"91761",CA, 
-117.541327225043,34.043894073739,"1331",SS1599,Inland, ,Operational,SCE,SCE,L, ,,YES,,,,,33kV to 92kV,Ontario,San Bernardino,"91761",CA, 
-117.542383869622,34.989474979193,"1332",SS1600,Kramer, ,Operational,SCE,SCE,L, ,,YES,YES,YES,,,220kV to 287kV,Edwards,San Bernardino,"93524",CA, 
-114.416948327183,34.4787093882643,"1333",SS1601,Landing, ,Operational,SCE,SCE,L, ,,YES,YES,,,,110kV to 161kV,Needles,San Bernardino,"92363",CA, 
-117.521553730615,34.0666631173736,"1334",SS1602,Linde, ,Operational,SCE,SCE,L, ,,YES,,,,,33kV to 92kV,Fontana,San Bernardino,"92335",CA, 
-117.368618432258,34.3666234487746,"1335",SS1603,Lugo, ,Operational,SCE,SCE,L, ,,,YES,YES,YES,,345kV to 500kV,Hesperia,San Bernardino,"92344",CA, 
-117.386400968148,35.76517949685,"1336",SS1604,Mcgen, ,Operational,SCE,SCE,L, ,,YES,YES,,,,110kV to 161kV,Trona,San Bernardino,"93562",CA, 
-117.120757251279,34.0633059789083,"1337",SS1605,Mentone, ,Operational,SCE,SCE,L, ,,,YES,,,,110kV to 161kV,Mentone,San Bernardino,"92359",CA, 
-117.564351518979,34.0081749985904,"1338",SS1606,Mira Loma, ,Operational,SCE,SCE,L, ,,YES,,YES,YES,,345kV to 500kV,Ontario,San Bernardino,"91761",CA, 
-115.552201128232,35.5015562031609,"1339",SS1607,Mt. Pass, ,Operational,SCE,SCE,L, ,,YES,YES,,,,110kV to 161kV,Nipton,San Bernardino,"92364",CA, 
-117.67497401921,34.0468813408203,"1340",SS1608,Narod, ,Operational,SCE,SCE,L, ,,YES,,,,,33kV to 92kV,Ontario,San Bernardino,"91762",CA, 
-117.643584624062,34.0562591230736,"1341",SS1609,Orange Products, ,Operational,SCE,SCE,L, ,,YES,,,,,33kV to 92kV,Ontario,San Bernardino,"91761",CA, 
-117.639463663401,34.1201516317063,"1342",SS1610,Padua, ,Operational,SCE,SCE,L, ,,YES,,YES,,,220kV to 287kV,Upland,San Bernardino,"91786",CA, 
-117.353499056861,34.101917366972,"1343",SS1611,Pepper, ,Operational,SCE,SCE,L, ,,YES,YES,,,,110kV to 161kV,Rialto,San Bernardino,"92376",CA, 
-116.854288346538,34.354554074787,"1344",SS1612,Permanente, ,Operational,SCE,SCE,L, ,,,YES,,,,110kV to 161kV,Lucerne Valley,San Bernardino,"92356",CA, 
-117.733332895523,33.9962411239078,"1345",SS1613,Peyton, ,Operational,SCE,SCE,L, ,,YES,,,,,33kV to 92kV,Chino Hills,San Bernardino,"91709",CA, 
-117.555712914619,34.4241061708404,"1346",SS1614,Phelan, ,Operational,SCE,SCE,L, ,,YES,YES,,,,110kV to 161kV,Phelan,San Bernardino,"92371",CA, 
-117.531312125427,34.0929282344283,"1347",SS1615,Pipe, ,Operational,SCE,SCE,L, ,,YES,,,,,33kV to 92kV,Rancho Cucamonga,San Bernardino,"91739",CA, 
-116.384720169361,34.7815765407888,"1348",SS1616,Pisgah, ,Operational,SCE,SCE,L, ,,,,YES,,,220kV to 287kV,Ludlow,San Bernardino,"92338",CA, 
-117.454107923061,34.1137101009578,"1349",SS1617,Randall, ,Operational,SCE,SCE,L, ,,YES,,,,,33kV to 92kV,Fontana,San Bernardino,"92336",CA, 
-117.176616546897,34.0603741282386,"1350",SS1618,Redlands, ,Operational,SCE,SCE,L, ,,YES,YES,,,,110kV to 161kV,Redlands,San Bernardino,"92374",CA, 
-117.530500016688,34.1009227897436,"1351",SS1619,Reduction, ,Operational,SCE,SCE,L, ,,YES,,,,,33kV to 92kV,Rancho Cucamonga,San Bernardino,"91739",CA, 
-117.413149021769,34.5761339261081,"1352",SS1620,Roadway, ,Operational,SCE,SCE,L, ,,YES,YES,,,,110kV to 161kV,Adelanto,San Bernardino,"92301",CA, 
-117.506041950004,34.0828950953699,"1353",SS1621,Rolling, ,Operational,SCE,SCE,L, ,,YES,,,,,33kV to 92kV,Fontana,San Bernardino,"92335",CA, 
-117.697570454864,34.0929686250964,"1354",SS1622,San Antonio, ,Operational,SCE,SCE,L, ,,YES,,,,,33kV to 92kV,Montclair,San Bernardino,"91763",CA, 
-117.294311771751,34.474097836268,"1355",SS1626,Savage, ,Operational,SCE,SCE,L, ,,YES,YES,,,,110kV to 161kV,Victorville,San Bernardino,"92395",CA, 
-117.398736369222,35.7001184558819,"1356",SS1627,Searles, ,Operational,SCE,SCE,L, ,,YES,YES,,,,110kV to 161kV,Trona,San Bernardino,"93562",CA, 
-117.330232395955,34.1699756376859,"1357",SS1628,Shandin, ,Operational,SCE,SCE,L, ,,YES,YES,,,,110kV to 161kV,San Bernardino,San Bernardino,"92407",CA, 
-117.695385162439,33.964028465042,"1358",SS1629,Soquel, ,Operational,SCE,SCE,L, ,,YES,,YES,,,220kV to 287kV,Chino Hills,San Bernardino,"91709",CA, 
-117.292689353776,34.10042547393,"1359",SS1630,Stoddard, ,Operational,SCE,SCE,L, ,,YES,,,,,33kV to 92kV,San Bernardino,San Bernardino,"92401",CA, 
-117.500735795803,34.0770027859992,"1360",SS1631,Strip, ,Operational,SCE,SCE,L, ,,YES,,,,,33kV to 92kV,Fontana,San Bernardino,"92335",CA, 
-117.111254686175,34.0271756437298,"1361",SS1632,Tennessee, ,Operational,SCE,SCE,L, ,,YES,YES,,,,110kV to 161kV,Yucaipa,San Bernardino,"92399",CA, 
-116.733165709464,35.2229005178727,"1362",SS1633,Tiefort, ,Operational,SCE,SCE,L, ,,YES,YES,,,,110kV to 161kV,Fort Irwin,San Bernardino,"92310",CA, 
-117.244117912917,34.0621477882312,"1363",SS1634,Timoteo, ,Operational,SCE,SCE,L, ,,YES,YES,,,,110kV to 161kV,Loma Linda,San Bernardino,"92354",CA, 
-117.030968509038,34.863228301304,"1364",SS1635,Tortilla, ,Operational,SCE,SCE,L, ,,YES,YES,,,,110kV to 161kV,Barstow,San Bernardino,"92311",CA, 
-117.6500309023,34.0936201050479,"1365",SS1636,Upland, ,Operational,SCE,SCE,L, ,,YES,,,,,33kV to 92kV,Upland,San Bernardino,"91786",CA, 
-117.388374790415,34.5049354400706,"1366",SS1637,Victor, ,Operational,SCE,SCE,L, ,,YES,YES,YES,,,220kV to 287kV,Victorville,San Bernardino,"92392",CA, 
-117.319193954072,34.0413400974211,"1367",SS1638,Vista, ,Operational,SCE,SCE,L, ,,YES,YES,YES,,,220kV to 287kV,Grand Terrace,San Bernardino,"92313",CA, 
-114.172458007738,34.2937778923518,"1368",SS1640,Whipple, ,Operational,SCE,SCE,L, ,,YES,,YES,,,220kV to 287kV,Parker Dam,San Bernardino,"92267",CA, 
-117.524922313532,34.0485410540915,"1369",SS1641,Wimbledon, ,Operational,SCE,SCE,L, ,,YES,,,,,33kV to 92kV,Ontario,San Bernardino,"91761",CA, 
-116.423410162556,34.1108455783431,"1370",SS1642,Yucca, ,Operational,SCE,SCE,L, ,,YES,YES,,,,110kV to 161kV,Yucca Valley,San Bernardino,"92284",CA, 
-117.047632996465,34.0743420435567,"1371",SS1643,Zanja, ,Operational,SCE,SCE,L, ,,YES,YES,,,,110kV to 161kV,Yucaipa,San Bernardino,"92399",CA, 
-116.115352149781,33.1004868129549,"1372",SS1644,San Felipe, ,Operational,IID,IID,L, ,,YES,,,,,33kV to 92kV,Borrego Springs,San Diego,"92004",CA, 
-116.789882420468,32.8277278515819,"1373",SS1646,Alpine, ,Operational,SDG&E,SDG&E,L, ,,YES,,,,,33kV to 92kV,Alpine,San Diego,"91901",CA, 
-117.070324199263,33.1366812991514,"1374",SS1647,Ash, ,Operational,SDG&E,SDG&E,L, ,,YES,,,,,33kV to 92kV,Escondido,San Diego,"92027",CA, 
-117.236879718194,33.3846479479403,"1375",SS1648,Avocado, ,Operational,SDG&E,SDG&E,L, ,,YES,,,,,33kV to 92kV,Fallbrook,San Diego,"92028",CA, 
-116.679873197153,32.653475230976,"1376",SS1649,Barrett Lake, ,Operational,SDG&E,SDG&E,L, ,,YES,,,,,33kV to 92kV,Jamul,San Diego,"91935",CA, 
-117.250407496517,33.1011368625266,"1377",SS1650,Batiquitos, ,Operational,SDG&E,SDG&E,L, ,,,,YES,,,220kV to 287kV,Carlsbad,San Diego,"92009",CA, 
-117.096288094862,33.0215146418006,"1378",SS1651,Bernardo, ,Operational,SDG&E,SDG&E,L, ,,YES,,,,,33kV to 92kV,San Diego,San Diego,"92127",CA, 
-116.943152770887,32.56259799801,"1379",SS1652,Border, ,Operational,SDG&E,SDG&E,L, ,,YES,,,,,33kV to 92kV,San Diego,San Diego,"92154",CA, 
-116.348202067796,33.2708562424556,"1380",SS1653,Borrego, ,Operational,SDG&E,SDG&E,L, ,,YES,,,,,33kV to 92kV,Borrego Springs,San Diego,"92004",CA, 
-116.586198584919,33.0059870585632,"1381",SS1654,Boulder Creek, ,Operational,SDG&E,SDG&E,L, ,,YES,,,,,33kV to 92kV,Julian,San Diego,"92036",CA, 
-116.273260786752,32.6617347300075,"1382",SS1655,Boulevard, ,Operational,SDG&E,SDG&E,L, ,,YES,,,,,33kV to 92kV,Boulevard,San Diego,"91905",CA, 
-117.245042063316,32.7074782306852,"1383",SS1656,Cabrillo, ,Operational,SDG&E,SDG&E,L, ,,YES,,,,,33kV to 92kV,San Diego,San Diego,"92152",CA, 
-116.488145172509,32.6532470865682,"1384",SS1657,Cameron, ,Operational,SDG&E,SDG&E,L, ,,YES,,,,,33kV to 92kV,Campo,San Diego,"91906",CA, 
-117.332701054915,33.1373852065381,"1385",SS1658,Cannon, ,Operational,SDG&E,SDG&E,L, ,,,YES,,,,110kV to 161kV,Carlsbad,San Diego,"92008",CA, 
-117.012013504647,32.8549222052392,"1386",SS1659,Carlton Hills, ,Operational,SDG&E,SDG&E,L, ,,,YES,,,,110kV to 161kV,Santee,San Diego,"92071",CA, 
-117.108796423979,32.9583563184811,"1387",SS1660,Chicarita, ,Operational,SDG&E,SDG&E,L, ,,,YES,,,,110kV to 161kV,San Diego,San Diego,"92129",CA, 
-117.046774260969,32.7437647165845,"1388",SS1661,Chollas, ,Operational,SDG&E,SDG&E,L, ,,YES,,,,,33kV to 92kV,Lemon Grove,San Diego,"91945",CA, 
-117.183983754533,32.8258965239614,"1389",SS1662,Clairemont, ,Operational,SDG&E,SDG&E,L, ,,YES,,,,,33kV to 92kV,San Diego,San Diego,"92121",CA, 
-117.173323094273,32.6988432519753,"1390",SS1663,Coronado, ,Operational,SDG&E,SDG&E,L, ,,YES,,,,,33kV to 92kV,Coronado,San Diego,"92118",CA, 
-116.852929802224,33.0181479593983,"1391",SS1664,Creelman, ,Operational,SDG&E,SDG&E,L, ,,YES,YES,,,,110kV to 161kV,Ramona,San Diego,"92065",CA, 
-117.25536028068,32.9806896574741,"1392",SS1665,Del Mar, ,Operational,SDG&E,SDG&E,L, ,,YES,,,,,33kV to 92kV,Solana Beach,San Diego,"92075",CA, 
-116.633756896519,32.865246557391,"1393",SS1666,Descanso, ,Operational,SDG&E,SDG&E,L, ,,YES,,,,,33kV to 92kV,Descanso,San Diego,"91916",CA, 
-117.12009711617,32.6815582447825,"1394",SS1667,Division, ,Operational,SDG&E,SDG&E,L, ,,YES,,,,,33kV to 92kV,San Diego,San Diego,"92136",CA, 
-117.219077451749,32.9170448466102,"1395",SS1668,Doublett, ,Operational,SDG&E,SDG&E,L, ,,YES,YES,YES,,,220kV to 287kV,San Diego,San Diego,"92130",CA, 
-117.229908080063,32.9015402401358,"1396",SS1669,Dunhill, ,Operational,SDG&E,SDG&E,L, ,,YES,,,,,33kV to 92kV,San Diego,San Diego,"92121",CA, 
-116.972707569948,32.7952479997123,"1397",SS1670,El Cajon, ,Operational,SDG&E,SDG&E,L, ,,YES,,,,,33kV to 92kV,El Cajon,San Diego,"92020",CA, 
-117.088479778478,32.8159285738017,"1398",SS1671,Elliott, ,Operational,SDG&E,SDG&E,L, ,,YES,,YES,,,220kV to 287kV,San Diego,San Diego,"92124",CA, 
-117.335505038627,33.1369611962655,"1399",SS1672,Encina, ,Operational,SDG&E,SDG&E,L, ,,YES,YES,YES,,,220kV to 287kV,Carlsbad,San Diego,"92008",CA, 
-117.285307502567,33.0506674451752,"1400",SS1673,Encinitas, ,Operational,SDG&E,SDG&E,L, ,,YES,,,,,33kV to 92kV,Encinitas,San Diego,"92024",CA, 
-117.089063274304,33.115803083396,"1401",SS1674,Esco, ,Operational,SDG&E,SDG&E,L, ,,YES,,,,,33kV to 92kV,Escondido,San Diego,"92025",CA, 
-117.116676967031,33.1258174092545,"1402",SS1675,Escondido, ,Operational,SDG&E,SDG&E,L, ,,YES,,YES,,,220kV to 287kV,Escondido,San Diego,"92029",CA, 
-117.164394072571,32.7717082211448,"1403",SS1676,Fashion Valley, ,Operational,SDG&E,SDG&E,L, ,,,,YES,,,220kV to 287kV,San Diego,San Diego,"92111",CA, 
-117.073673353609,33.093249590505,"1404",SS1677,Felicita, ,Operational,SDG&E,SDG&E,L, ,,YES,,,,,33kV to 92kV,Escondido,San Diego,"92025",CA, 
-117.156310296093,32.8949674468667,"1405",SS1678,Fenton, ,Operational,SDG&E,SDG&E,L, ,,YES,,,,,33kV to 92kV,San Diego,San Diego,"92126",CA, 
-117.115345891729,32.6551966368094,"1406",SS1679,Fuel Oil Terminal, ,Operational,SDG&E,SDG&E,L, ,,YES,,,,,33kV to 92kV,National City,San Diego,"91950",CA, 
-117.136114110569,32.8281142789106,"1407",SS1680,General Dynamics, ,Operational,SDG&E,SDG&E,L, ,,YES,,,,,33kV to 92kV,San Diego,San Diego,"92123",CA, 
-117.213608092871,32.8796052103308,"1408",SS1681,Genesee, ,Operational,SDG&E,SDG&E,L, ,,YES,,,,,33kV to 92kV,San Diego,San Diego,"92121",CA, 
-116.498315998027,32.7983340901633,"1409",SS1682,Glencliff, ,Operational,SDG&E,SDG&E,L, ,,YES,,,,,33kV to 92kV,Pine Valley,San Diego,"91962",CA, 
-116.920874243509,32.8044035516123,"1410",SS1683,Granite Hills, ,Operational,SDG&E,SDG&E,L, ,,YES,,,,,33kV to 92kV,El Cajon,San Diego,"92019",CA, 
-117.457526983235,33.3782475374313,"1411",SS1684,Horno, ,Operational,SDG&E,SDG&E,L, ,,YES,,,,,33kV to 92kV,Camp Pendleton,San Diego,"92055",CA, 
-117.097227034561,32.58336189399,"1412",SS1685,Imperial Beach, ,Operational,SDG&E,SDG&E,L, ,,YES,,,,,33kV to 92kV,San Diego,San Diego,"92154",CA, 
-116.9572964601,32.7441563827913,"1413",SS1686,Jamacha, ,Operational,SDG&E,SDG&E,L, ,,YES,,,,,33kV to 92kV,Spring Valley,San Diego,"91978",CA, 
-117.554776290761,33.3742990687602,"1414",SS1687,Japanese Mesa, ,Operational,SDG&E,SDG&E,L, ,,YES,,,,,33kV to 92kV,San Clemente,San Diego,"92672",CA, 
-117.131949209553,32.8328730064742,"1415",SS1688,Kearny, ,Operational,SDG&E,SDG&E,L, ,,YES,,,,,33kV to 92kV,San Diego,San Diego,"92123",CA, 
-117.173759081131,32.7331762490498,"1416",SS1689,Kettner, ,Operational,SDG&E,SDG&E,L, ,,YES,,,,,33kV to 92kV,San Diego,San Diego,"92101",CA, 
-117.14034086716,32.8197896736741,"1417",SS1690,Kyocera, ,Operational,SDG&E,SDG&E,L, ,,YES,,,,,33kV to 92kV,San Diego,San Diego,"92123",CA, 
-117.275276971411,32.8401091394306,"1418",SS1691,La Jolla, ,Operational,SDG&E,SDG&E,L, ,,YES,,,,,33kV to 92kV,La Jolla,San Diego,"92037",CA, 
-117.466910229403,33.312845188082,"1419",SS1692,Las Pulgas, ,Operational,SDG&E,SDG&E,L, ,,YES,,,,,33kV to 92kV,Camp Pendleton,San Diego,"92055",CA, 
-117.085840848809,33.2532396152518,"1420",SS1693,Lilac, ,Operational,SDG&E,SDG&E,L, ,,YES,,,,,33kV to 92kV,Valley Center,San Diego,"92082",CA, 
-116.899197365099,32.8596089293343,"1421",SS1694,Los Coches, ,Operational,SDG&E,SDG&E,L, ,,YES,,YES,,,220kV to 287kV,Lakeside,San Diego,"92040",CA, 
-117.25289082641,33.2064951896885,"1422",SS1697,Melrose, ,Operational,SDG&E,SDG&E,L, ,,YES,,,,,33kV to 92kV,Vista,San Diego,"92083",CA, 
-117.157240861373,32.8296091317767,"1423",SS1698,Mesa Heights, ,Operational,SDG&E,SDG&E,L, ,,YES,,,,,33kV to 92kV,San Diego,San Diego,"92111",CA, 
-117.173137837465,32.9049135510904,"1424",SS1699,Mesa Rim, ,Operational,SDG&E,SDG&E,L, ,,YES,,YES,,,220kV to 287kV,San Diego,San Diego,"92121",CA, 
-116.982974723641,32.6782915627258,"1425",SS1700,Miguel, ,Operational,SDG&E,SDG&E,L, ,,YES,,YES,YES,,345kV to 500kV,Bonita,San Diego,"91902",CA, 
-117.135493637175,32.8941966839734,"1426",SS1701,Miramar, ,Operational,SDG&E,SDG&E,L, ,,YES,,,,,33kV to 92kV,San Diego,San Diego,"92126",CA, 
-117.137431246918,32.7840155034616,"1427",SS1703,Mission, ,Operational,SDG&E,SDG&E,L, ,,YES,YES,YES,,,220kV to 287kV,San Diego,San Diego,"92108",CA, 
-117.235240815399,33.3291090459865,"1428",SS1704,Monserate, ,Operational,SDG&E,SDG&E,L, ,,YES,,,,,33kV to 92kV,Fallbrook,San Diego,"92028",CA, 
-117.099660384689,32.6316619334149,"1429",SS1705,Montgomery, ,Operational,SDG&E,SDG&E,L, ,,YES,,,,,33kV to 92kV,Chula Vista,San Diego,"91910",CA, 
-117.300288039136,33.2522090701461,"1430",SS1706,Morro Hill, ,Operational,SDG&E,SDG&E,L, ,,YES,,,,,33kV to 92kV,Oceanside,San Diego,"92057",CA, 
-117.023038118918,32.7908507720391,"1431",SS1707,Murray, ,Operational,SDG&E,SDG&E,L, ,,YES,,,,,33kV to 92kV,La Mesa,San Diego,"91942",CA, 
-116.294465007905,33.1372281294778,"1432",SS1708,Narrows, ,Operational,SDG&E,SDG&E,L, ,,YES,,,,,33kV to 92kV,Borrego Springs,San Diego,"92004",CA, 
-117.107373117225,32.6730862484955,"1433",SS1709,National City, ,Operational,SDG&E,SDG&E,L, ,,YES,,,,,33kV to 92kV,National City,San Diego,"91950",CA, 
-117.381819815936,33.1967848100891,"1434",SS1711,Oceanside, ,Operational,SDG&E,SDG&E,L, ,,YES,,,,,33kV to 92kV,Oceanside,San Diego,"92054",CA, 
-117.192372077622,32.7660702388342,"1435",SS1712,Old Town, ,Operational,SDG&E,SDG&E,L, ,,YES,YES,YES,,,220kV to 287kV,San Diego,San Diego,"92110",CA, 
-117.057816124098,32.5953452355271,"1436",SS1713,Otay, ,Operational,SDG&E,SDG&E,L, ,,YES,,,,,33kV to 92kV,Chula Vista,San Diego,"91911",CA, 
-116.927679805824,32.5970952912385,"1437",SS1714,Otay Lake, ,Operational,SDG&E,SDG&E,L, ,,YES,,,,,33kV to 92kV,Jamul,San Diego,"91935",CA, 
-117.24018807431,32.7991972323318,"1438",SS1715,Pacific Beach, ,Operational,SDG&E,SDG&E,L, ,,YES,,,,,33kV to 92kV,San Diego,San Diego,"92109",CA, 
-117.112226496089,33.3557191492927,"1439",SS1716,Pala, ,Operational,SDG&E,SDG&E,L, ,,YES,,,,,33kV to 92kV,Pala,San Diego,"92059",CA, 
-117.049983109802,32.7044842255702,"1440",SS1717,Paradise, ,Operational,SDG&E,SDG&E,L, ,,YES,,,,,33kV to 92kV,San Diego,San Diego,"92114",CA, 
-117.219126693977,32.9187070756986,"1441",SS1718,Penasquitos, ,Operational,SDG&E,SDG&E,L, ,,YES,YES,YES,,,220kV to 287kV,San Diego,San Diego,"92130",CA, 
-117.335024136558,33.3091646326238,"1442",SS1719,Pendleton, ,Operational,SDG&E,SDG&E,L, ,,YES,,,,,33kV to 92kV,Oceanside,San Diego,"92058",CA, 
-117.233388064472,32.741484121014,"1443",SS1720,Point Loma, ,Operational,SDG&E,SDG&E,L, ,,YES,,,,,33kV to 92kV,San Diego,San Diego,"92107",CA, 
-117.031271438298,32.9787479828256,"1444",SS1721,Poway, ,Operational,SDG&E,SDG&E,L, ,,YES,,,,,33kV to 92kV,Poway,San Diego,"92064",CA, 
-116.986670121308,32.6651102546435,"1445",SS1722,Proctor Valley, ,Operational,SDG&E,SDG&E,L, ,,,YES,,,,110kV to 161kV,Chula Vista,San Diego,"91914",CA, 
-117.077893646183,32.9938202030903,"1446",SS1723,Rancho Carmel, ,Operational,SDG&E,SDG&E,L, ,,YES,,,,,33kV to 92kV,San Diego,San Diego,"92128",CA, 
-117.198557514514,33.0143174275888,"1447",SS1724,Rancho Santa Fe, ,Operational,SDG&E,SDG&E,L, ,,YES,,,,,33kV to 92kV,Rancho Santa Fe,San Diego,"92067",CA, 
-116.958640873014,33.2858479359043,"1448",SS1725,Rincon, ,Operational,SDG&E,SDG&E,L, ,,YES,,,,,33kV to 92kV,Valley Center,San Diego,"92082",CA, 
-117.237040867729,32.8445452230792,"1449",SS1726,Rose Canyon, ,Operational,SDG&E,SDG&E,L, ,,YES,,,,,33kV to 92kV,La Jolla,San Diego,"92037",CA, 
-117.142377119336,32.6943882538601,"1450",SS1727,Sampson, ,Operational,SDG&E,SDG&E,L, ,,YES,,,,,33kV to 92kV,San Diego,San Diego,"92113",CA, 
-117.334537131216,33.2114698998718,"1451",SS1728,San Luis Rey, ,Operational,SDG&E,SDG&E,L, ,,YES,YES,YES,,,220kV to 287kV,Oceanside,San Diego,"92054",CA, 
-117.197221392208,33.1287951999469,"1452",SS1729,San Marcos, ,Operational,SDG&E,SDG&E,L, ,,YES,,,,,33kV to 92kV,San Marcos,San Diego,"92078",CA, 
-117.02674915366,32.5621652524457,"1453",SS1730,San Ysidro, ,Operational,SDG&E,SDG&E,L, ,,YES,,,,,33kV to 92kV,San Diego,San Diego,"92154",CA, 
-116.67103402817,33.1105046105059,"1454",SS1731,Santa Ysabel, ,Operational,SDG&E,SDG&E,L, ,,YES,,,,,33kV to 92kV,Julian,San Diego,"92036",CA, 
-116.968357139662,32.8544332219559,"1455",SS1732,Santee, ,Operational,SDG&E,SDG&E,L, ,,YES,,,,,33kV to 92kV,Santee,San Diego,"92071",CA, 
-117.114642093226,32.6703662604008,"1456",SS1733,Scrap Disposal Corp., ,Operational,SDG&E,SDG&E,L, ,,YES,,,,,33kV to 92kV,National City,San Diego,"91950",CA, 
-117.112582552881,32.9109757912804,"1457",SS1734,Scripps, ,Operational,SDG&E,SDG&E,L, ,,YES,,,,,33kV to 92kV,San Diego,San Diego,"92131",CA, 
-117.002729123976,32.7389742220141,"1458",SS1736,Spring Valley, ,Operational,SDG&E,SDG&E,L, ,,YES,,,,,33kV to 92kV,Spring Valley,San Diego,"91977",CA, 
-117.169489520525,32.7141463637505,"1459",SS1737,Sta. B, ,Operational,SDG&E,SDG&E,L, ,,YES,,,,,33kV to 92kV,San Diego,San Diego,"92101",CA, 
-117.125948086839,32.7549552452517,"1460",SS1738,Sta. F, ,Operational,SDG&E,SDG&E,L, ,,YES,,,,,33kV to 92kV,San Diego,San Diego,"92104",CA, 
-117.07858613049,32.7456532268657,"1461",SS1739,Streamview, ,Operational,SDG&E,SDG&E,L, ,,YES,,,,,33kV to 92kV,San Diego,San Diego,"92105",CA, 
-117.416563016898,33.2567118549116,"1462",SS1740,Stuart, ,Operational,SDG&E,SDG&E,L, ,,YES,,,,,33kV to 92kV,Oceanside,San Diego,"92058",CA, 
-117.030302143773,32.6580152492576,"1463",SS1741,Sunnyside, ,Operational,SDG&E,SDG&E,L, ,,YES,,,,,33kV to 92kV,Bonita,San Diego,"91902",CA, 
-117.091723127824,32.6583222605088,"1464",SS1742,Sweetwater, ,Operational,SDG&E,SDG&E,L, ,,YES,,,,,33kV to 92kV,National City,San Diego,"91950",CA, 
-117.031115658003,32.9173938141779,"1465",SS1743,Sycamore Canyon, ,Operational,SDG&E,SDG&E,L, ,,YES,YES,YES,,,220kV to 287kV,Santee,San Diego,"92071",CA, 
-117.571441425864,33.453107599272,"1466",SS1744,Talega, ,Operational,SDG&E,SDG&E,L, ,,,YES,,,,110kV to 161kV,San Juan Capistrano,San Diego,"92675",CA, 
-117.239997064969,32.8986862329405,"1467",SS1745,Torrey Pines, ,Operational,SDG&E,SDG&E,L, ,,YES,,,,,33kV to 92kV,San Diego,San Diego,"92121",CA, 
-117.151446435101,32.7132424349376,"1468",SS1746,Urban, ,Operational,SDG&E,SDG&E,L, ,,YES,,,,,33kV to 92kV,San Diego,San Diego,"92101",CA, 
-117.110954120765,32.7300392377105,"1469",SS1747,Wabash, ,Operational,SDG&E,SDG&E,L, ,,YES,,,,,33kV to 92kV,San Diego,San Diego,"92105",CA, 
-116.675918661035,33.2472839923022,"1470",SS1748,Warner, ,Operational,SDG&E,SDG&E,L, ,,YES,,,,,33kV to 92kV,Warner Springs,San Diego,"92086",CA, 
-117.002307551625,33.0154063090358,"1471",SS1749,Warren Canyon, ,Operational,SDG&E,SDG&E,L, ,,YES,,,,,33kV to 92kV,Poway,San Diego,"92064",CA, 
-122.455924700623,37.6916746127403,"1472",SS1751,Daly City, ,Operational,PG&E,PG&E,M, ,,,YES,,,,110kV to 161kV,Daly City,San Mateo,"94014",CA, 
-122.393433909388,37.7875298937833,"1473",SS1752,Embarcadero (Sf Z), ,Operational,PG&E,PG&E,M, ,,,,YES,,,220kV to 287kV,San Francisco,San Francisco,"94105",CA, 
-122.416996152727,37.7836546207555,"1474",SS1753,Larkin,SAN FRAN Y,Operational,PG&E,PG&E,M, ,,,YES,,,,110kV to 161kV,San Francisco,San Francisco,"94109",CA, 
-122.409524125375,37.7035722125138,"1475",SS1754,Martin,SAN FRAN H,Operational,PG&E,PG&E,M, ,,YES,YES,YES,,,220kV to 287kV,Daly City,San Mateo,"94014",CA, 
-122.41380966886,37.7773480333668,"1476",SS1755,Mission,SAN FRAN X,Operational,PG&E,PG&E,M, ,,,YES,,,,110kV to 161kV,San Francisco,San Francisco,"94103",CA, 
-121.526787155297,37.6534004941193,"1477",SS1756,Aec 300, ,Operational,Other,Other,M, ,,,YES,,,,110kV to 161kV,Tracy,San Joaquin,"95377",CA, 
-121.319333780666,37.7051531022164,"1478",SS1758,Banta Carbona, ,Operational,Other,Other,M, ,,YES,,,,,33kV to 92kV,Tracy,San Joaquin,"95304",CA, 
-121.548774534271,37.7217602412044,"1479",SS1760,Ellis, ,Operational,Other,Other,M, ,,,YES,,,,110kV to 161kV,Tracy,San Joaquin,"95377",CA, 
-121.283097855455,37.809501035586,"1480",SS1762,Louise, ,Operational,Other,Other,M, ,,YES,,,,,33kV to 92kV,Lathrop,San Joaquin,"95330",CA, 
-121.412262397416,37.7407631828855,"1481",SS1763,Heinz, ,Operational,Other,Other,M, ,,,YES,,,,110kV to 161kV,Tracy,San Joaquin,"95376",CA, 
-121.054111999653,37.8422569427118,"1482",SS1764,Avena, ,Operational,PG&E,PG&E,M, ,,,YES,,,,110kV to 161kV,Escalon,San Joaquin,"95320",CA, 
-121.35059094074,37.752916975133,"1483",SS1765,Banta, ,Operational,PG&E,PG&E,M, ,,,YES,,,,110kV to 161kV,Tracy,San Joaquin,"95304",CA, 
-121.013673547112,38.0155072716399,"1484",SS1766,Bellota, ,Operational,PG&E,PG&E,M, ,,YES,YES,YES,,,220kV to 287kV,Linden,San Joaquin,"95236",CA, 
-121.326720945005,37.747478412797,"1485",SS1767,Calvo, ,Operational,PG&E,PG&E,M, ,,YES,,,,,33kV to 92kV,Tracy,San Joaquin,"95304",CA, 
-121.4166683647,37.6922344445369,"1486",SS1768,Carbona, ,Operational,PG&E,PG&E,M, ,,,YES,,,,110kV to 161kV,Tracy,San Joaquin,"95377",CA, 
-121.332580925428,37.9552539619066,"1487",SS1769,Channel, ,Operational,PG&E,PG&E,M, ,,YES,,,,,33kV to 92kV,Stockton,San Joaquin,"95203",CA, 
-121.237995945539,38.0055069351354,"1488",SS1770,Cherokee, ,Operational,PG&E,PG&E,M, ,,YES,,,,,33kV to 92kV,Stockton,San Joaquin,"95215",CA, 
-121.18187157204,38.1902193651708,"1489",SS1771,Colony, ,Operational,PG&E,PG&E,M, ,,YES,,,,,33kV to 92kV,Acampo,San Joaquin,"95220",CA, 
-121.316378957811,37.9792052449004,"1490",SS1772,Country Club, ,Operational,PG&E,PG&E,M, ,,YES,,,,,33kV to 92kV,Stockton,San Joaquin,"95211",CA, 
-121.261621960407,37.9629289452535,"1491",SS1773,East Stockton, ,Operational,PG&E,PG&E,M, ,,YES,,,,,33kV to 92kV,Stockton,San Joaquin,"95205",CA, 
-121.290350930386,37.8820839512945,"1492",SS1774,French Camp, ,Operational,PG&E,PG&E,M, ,,YES,,,,,33kV to 92kV,French Camp,San Joaquin,"95231",CA, 
-121.263667894464,37.8308201311998,"1493",SS1775,Gronemeyer,LATHROP,Operational,Other,Other,M, ,,YES,,,,,33kV to 92kV,Lathrop,San Joaquin,"95330",CA, 
-121.320365934222,38.0216019692238,"1494",SS1776,Hammer, ,Operational,PG&E,PG&E,M, ,,YES,,,,,33kV to 92kV,Stockton,San Joaquin,"95210",CA, 
-121.290375932821,37.9637239448723,"1495",SS1777,Harding, ,Operational,PG&E,PG&E,M, ,,YES,,,,,33kV to 92kV,Stockton,San Joaquin,"95202",CA, 
-121.41600877645,37.7488134925512,"1496",SS1778,Tracy,HEINZ,Operational,PG&E,PG&E,M, ,,,YES,,,,110kV to 161kV,Tracy,San Joaquin,"95376",CA, 
-121.341174333665,37.7458854123107,"1497",SS1780,Kasson, ,Operational,PG&E,PG&E,M, ,,,YES,,,,110kV to 161kV,Tracy,San Joaquin,"95304",CA, 
-121.329080912512,37.938566958818,"1498",SS1781,Learner, ,Operational,PG&E,PG&E,M, ,,YES,,,,,33kV to 92kV,Stockton,San Joaquin,"95203",CA, 
-121.146507324823,37.7558047146195,"1499",SS1782,Ripon, ,Operational,PG&E,PG&E,M, ,,YES,,,,,33kV to 92kV,Ripon,San Joaquin,"95366",CA, 
-121.095849939764,38.0169799455831,"1500",SS1783,Linden, ,Operational,PG&E,PG&E,M, ,,YES,,,,,33kV to 92kV,Linden,San Joaquin,"95236",CA, 
-121.160547062897,38.1177430200787,"1501",SS1784,Lockeford, ,Operational,PG&E,PG&E,M, ,,YES,YES,YES,,,220kV to 287kV,Lodi,San Joaquin,"95240",CA, 
-121.391934954827,37.7217229929808,"1502",SS1786,Lyoth, ,Operational,PG&E,PG&E,M, ,,,YES,,,,110kV to 161kV,Tracy,San Joaquin,"95304",CA, 
-121.223856958092,37.8011289551576,"1503",SS1787,Manteca, ,Operational,PG&E,PG&E,M, ,,YES,YES,,,,110kV to 161kV,Manteca,San Joaquin,"95336",CA, 
-121.478862741978,37.99144339513,"1504",SS1788,Mc Donald, ,Operational,PG&E,PG&E,M, ,,YES,,,,,33kV to 92kV,Stockton,San Joaquin,"95206",CA, 
-121.28688860595,38.0779173179617,"1505",SS1789,Mettler, ,Operational,PG&E,PG&E,M, ,,YES,,,,,33kV to 92kV,Lodi,San Joaquin,"95242",CA, 
-121.529198959069,37.9369523371778,"1506",SS1790,Middle River, ,Operational,PG&E,PG&E,M, ,,YES,,,,,33kV to 92kV,Stockton,San Joaquin,"95206",CA, 
-121.280225920733,37.9693699728909,"1507",SS1791,Monarch, ,Operational,PG&E,PG&E,M, ,,YES,,,,,33kV to 92kV,Stockton,San Joaquin,"95205",CA, 
-121.185969946496,37.9688329391228,"1508",SS1792,Mormon, ,Operational,PG&E,PG&E,M, ,,YES,,,,,33kV to 92kV,Stockton,San Joaquin,"95215",CA, 
-121.280965946423,38.0218649494102,"1509",SS1793,Mosher, ,Operational,PG&E,PG&E,M, ,,YES,,,,,33kV to 92kV,Stockton,San Joaquin,"95210",CA, 
-121.328501362399,37.946314080599,"1510",SS1794,National, ,Operational,Other,Other,M, ,,YES,,,,,33kV to 92kV,Stockton,San Joaquin,"95203",CA, 
-121.298531944267,37.9805059658903,"1511",SS1795,Oak Park, ,Operational,PG&E,PG&E,M, ,,YES,,,,,33kV to 92kV,Stockton,San Joaquin,"95204",CA, 
-121.487848939591,37.7133891863405,"1512",SS1796,Owens Illinois, ,Operational,Other,Other,M, ,,,YES,,,,110kV to 161kV,Tracy,San Joaquin,"95377",CA, 
-121.116233351856,37.7319044991513,"1513",SS1797,Lee,RIPON,Operational,PG&E,PG&E,M, ,,,YES,,,,110kV to 161kV,Ripon,San Joaquin,"95366",CA, 
-121.329834357198,37.9433889171306,"1514",SS1798,Robertson, ,Operational,PG&E,PG&E,M, ,,YES,,,,,33kV to 92kV,Stockton,San Joaquin,"95203",CA, 
-121.346409910095,37.9496629699543,"1515",SS1799,Rough & Ready, ,Operational,PG&E,PG&E,M, ,,YES,,,,,33kV to 92kV,Stockton,San Joaquin,"95203",CA, 
-121.290885955578,37.8065019633196,"1516",SS1800,S.J. Power, ,Operational,PG&E,PG&E,M, ,,,YES,,,,110kV to 161kV,Lathrop,San Joaquin,"95330",CA, 
-121.288708915863,37.9474529629191,"1517",SS1801,Stockton Sta. A, ,Operational,PG&E,PG&E,M, ,,YES,YES,,,,110kV to 161kV,Stockton,San Joaquin,"95203",CA, 
-121.348614253035,37.9922939910333,"1518",SS1802,Stagg, ,Operational,PG&E,PG&E,M, ,,YES,,YES,,,220kV to 287kV,Stockton,San Joaquin,"95219",CA, 
-121.271125906337,37.9081791191914,"1519",SS1803,Cargill, ,Operational,Other,Other,M, ,,YES,,,,,33kV to 92kV,Stockton,San Joaquin,"95206",CA, 
-121.310532476354,37.9448497563373,"1520",SS1804,Cal-Cedar, ,Operational,Other,Other,M, ,,YES,,,,,33kV to 92kV,Stockton,San Joaquin,"95203",CA, 
-121.277796927929,37.9785079716988,"1521",SS1805,Sumiden Wire, ,Operational,Other,Other,M, ,,YES,,,,,33kV to 92kV,Stockton,San Joaquin,"95205",CA, 
-121.422168816611,38.1164565167284,"1522",SS1806,Terminous, ,Operational,PG&E,PG&E,M, ,,YES,,,,,33kV to 92kV,Lodi,San Joaquin,"95242",CA, 
-120.944413174633,37.8564215279722,"1523",SS1808,Valley Home, ,Operational,PG&E,PG&E,M, ,,,YES,,,,110kV to 161kV,Oakdale,San Joaquin,"95361",CA, 
-121.177567913247,38.1455009450285,"1524",SS1809,Victor, ,Operational,PG&E,PG&E,M, ,,YES,,,,,33kV to 92kV,Lockeford,San Joaquin,"95237",CA, 
-121.209879491832,38.0516257274536,"1525",SS1810,Waterloo, ,Operational,PG&E,PG&E,M, ,,YES,,,,,33kV to 92kV,Stockton,San Joaquin,"95212",CA, 
-121.240260937969,37.9198459605599,"1526",SS1811,Weber, ,Operational,PG&E,PG&E,M, ,,YES,YES,YES,,,220kV to 287kV,Stockton,San Joaquin,"95205",CA, 
-121.283667685547,37.9902014651836,"1527",SS1812,West Lane, ,Operational,PG&E,PG&E,M, ,,YES,,,,,33kV to 92kV,Stockton,San Joaquin,"95204",CA, 
-120.671428983471,35.4654673211996,"1528",SS1815,Atascadero, ,Operational,PG&E,PG&E,L, ,,YES,,,,,33kV to 92kV,Atascadero,San Luis Obispo,"93422",CA, 
-120.811421155201,35.3612413730893,"1529",SS1816,Baywood, ,Operational,PG&E,PG&E,L, ,,YES,,,,,33kV to 92kV,Morro Bay,San Luis Obispo,"93442",CA, 
-120.586092911336,35.0469395448878,"1530",SS1817,Callendar, ,Operational,PG&E,PG&E,L, ,,,YES,,,,110kV to 161kV,Arroyo Grande,San Luis Obispo,"93420",CA, 
-121.115366432627,35.6004212132081,"1531",SS1818,Cambria, ,Operational,PG&E,PG&E,L, ,,YES,,,,,33kV to 92kV,Cambria,San Luis Obispo,"93428",CA, 
-120.040181642514,35.3806766503462,"1532",SS1819,Carrizo Plains, ,Operational,PG&E,PG&E,L, ,,,YES,,,,110kV to 161kV,Santa Margarita,San Luis Obispo,"93453",CA, 
-120.870346989098,35.4486984564826,"1533",SS1820,Cayucos, ,Operational,PG&E,PG&E,L, ,,YES,,,,,33kV to 92kV,Cayucos,San Luis Obispo,"93430",CA, 
-120.336217881529,35.6865451002691,"1534",SS1821,Cholame, ,Operational,Other,Other,L, ,,YES,,,,,33kV to 92kV,Shandon,San Luis Obispo,"93461",CA, 
-120.705901081965,35.2867016934724,"1535",SS1822,Foothill, ,Operational,PG&E,PG&E,L, ,,,YES,,,,110kV to 161kV,San Luis Obispo,San Luis Obispo,"93405",CA, 
-120.693131817214,35.3201701718358,"1536",SS1823,Goldtree, ,Operational,PG&E,PG&E,L, ,,YES,,,,,33kV to 92kV,San Luis Obispo,San Luis Obispo,"93405",CA, 
-120.453186254522,35.0088597310999,"1537",SS1824,Mesa, ,Operational,PG&E,PG&E,L, ,,,YES,YES,,,220kV to 287kV,Nipomo,San Luis Obispo,"93444",CA, 
-120.657969995946,35.3040827346584,"1538",SS1825,Cal Poly,MUSTANG,Operational,Other,Other,L, ,,YES,,,,,33kV to 92kV,San Luis Obispo,San Luis Obispo,"93405",CA, 
-120.580978432339,35.1017065644512,"1539",SS1826,Oceano, ,Operational,PG&E,PG&E,L, ,,,YES,,,,110kV to 161kV,Arroyo Grande,San Luis Obispo,"93420",CA, 
-120.679478939925,35.6156340027179,"1540",SS1827,Paso Robles, ,Operational,PG&E,PG&E,L, ,,YES,,,,,33kV to 92kV,Paso Robles,San Luis Obispo,"93446",CA, 
-121.05535835264,35.5709133275633,"1541",SS1828,Perry, ,Operational,PG&E,PG&E,L, ,,YES,,,,,33kV to 92kV,Cambria,San Luis Obispo,"93428",CA, 
-120.634853167014,35.2616859480491,"1542",SS1829,San Luis Obispo, ,Operational,PG&E,PG&E,L, ,,YES,YES,,,,110kV to 161kV,San Luis Obispo,San Luis Obispo,"93401",CA, 
-121.251548815667,38.1299226582087,"1543",SS1830,Industrial, ,Operational,PG&E,PG&E,M, ,,YES,,,,,33kV to 92kV,Lodi,San Joaquin,"95240",CA,Source from jim woodward
-120.680293920381,35.5550115809111,"1544",SS1831,Templeton, ,Operational,PG&E,PG&E,L, ,,YES,,YES,,,220kV to 287kV,Templeton,San Luis Obispo,"93465",CA, 
-120.590838257586,35.0408674531135,"1545",SS1832,Union Oil, ,Operational,Other,Other,L, ,,,YES,,,,110kV to 161kV,Arroyo Grande,San Luis Obispo,"93420",CA, 
-122.167695984948,37.4803355109779,"1546",SS1833,Tyco Electronics, ,Operational,Other,Other,M, ,,YES,,,,,33kV to 92kV,Menlo Park,San Mateo,"94025",CA, 
-122.205642672666,37.4156974916581,"1547",SS1834,Slac, ,Operational,Other,Other,M, ,,YES,,YES,,,220kV to 287kV,Menlo Park,San Mateo,"94025",CA, 
-122.175206305131,37.4274117354204,"1548",SS1835,Stanford, ,Operational,Other,Other,M, ,,YES,,,,,33kV to 92kV,Stanford,Santa Clara,"94305",CA, 
-122.403510881906,37.6262403704592,"1549",SS1837,San Francisco Airport, ,Operational,PG&E,PG&E,M, ,,,YES,,,,110kV to 161kV,San Bruno,San Mateo,"94066",CA, 
-122.214020212409,37.4976978703403,"1550",SS1838,Bair, ,Operational,PG&E,PG&E,M, ,,,YES,,,,110kV to 161kV,Redwood City,San Mateo,"94063",CA, 
-122.29284458409,37.5515754246702,"1551",SS1839,Bay Meadows, ,Operational,PG&E,PG&E,M, ,,YES,YES,,,,110kV to 161kV,San Mateo,San Mateo,"94403",CA, 
-122.16849240584,37.4776534035108,"1552",SS1840,Belle Haven, ,Operational,PG&E,PG&E,M, ,,YES,,,,,33kV to 92kV,Menlo Park,San Mateo,"94025",CA, 
-122.265218949068,37.5234607669011,"1553",SS1841,Belmont, ,Operational,PG&E,PG&E,M, ,,,YES,,,,110kV to 161kV,Belmont,San Mateo,"94002",CA, 
-122.319298827838,37.5648877217798,"1554",SS1842,Beresford, ,Operational,PG&E,PG&E,M, ,,YES,,,,,33kV to 92kV,San Mateo,San Mateo,"94402",CA, 
-122.363360862299,37.5899192114655,"1555",SS1843,Burlingame, ,Operational,PG&E,PG&E,M, ,,,YES,,,,110kV to 161kV,Burlingame,San Mateo,"94010",CA, 
-122.175986276798,37.4300238940412,"1556",SS1844,Cardinal, ,Operational,Other,Other,M, ,,YES,,,,,33kV to 92kV,Stanford,Santa Clara,"94305",CA, 
-122.376298825583,37.5528000657453,"1557",SS1845,Carolands, ,Operational,PG&E,PG&E,M, ,,YES,,,,,33kV to 92kV,Burlingame,San Mateo,"94010",CA, 
-122.127990535551,37.4735817018883,"1558",SS1846,Cooley Landing, ,Operational,PG&E,PG&E,M, ,,YES,YES,,,,110kV to 161kV,Palo Alto,San Mateo,"94303",CA, 
-122.361712232405,37.529983740136,"1559",SS1847,Crystal Springs, ,Operational,PG&E,PG&E,M, ,,YES,,,,,33kV to 92kV,Half Moon Bay,San Mateo,"94019",CA, 
-122.403152056143,37.6538074489381,"1560",SS1848,East Grand, ,Operational,PG&E,PG&E,M, ,,,YES,,,,110kV to 161kV,South San Francisco,San Mateo,"94080",CA, 
-122.277331261141,37.4616700649619,"1561",SS1849,Emerald Lake, ,Operational,PG&E,PG&E,M, ,,YES,,,,,33kV to 92kV,Redwood City,San Mateo,"94062",CA, 
-122.18690907569,37.4571506363469,"1562",SS1850,Glenwood, ,Operational,PG&E,PG&E,M, ,,YES,,,,,33kV to 92kV,Menlo Park,San Mateo,"94025",CA, 
-122.430108983631,37.4688422972183,"1563",SS1851,Half Moon Bay & Cm&O Yard, ,Operational,PG&E,PG&E,M, ,,YES,,,,,33kV to 92kV,Half Moon Bay,San Mateo,"94019",CA, 
-122.322036830411,37.5365811820802,"1564",SS1852,Hillsdale, ,Operational,PG&E,PG&E,M, ,,YES,,,,,33kV to 92kV,San Mateo,San Mateo,"94403",CA, 
-122.286357775162,37.4576118943817,"1565",SS1853,Jefferson, ,Operational,PG&E,PG&E,M, ,,YES,,YES,,,220kV to 287kV,Redwood City,San Mateo,"94062",CA, 
-122.227892408006,37.4628367461993,"1566",SS1854,Las Pulgas, ,Operational,PG&E,PG&E,M, ,,YES,,,,,33kV to 92kV,Redwood City,San Mateo,"94061",CA, 
-122.202745173906,37.4328034006664,"1567",SS1855,Menlo, ,Operational,PG&E,PG&E,M, ,,YES,,,,,33kV to 92kV,Menlo Park,San Mateo,"94025",CA, 
-122.391880250794,37.6059331939449,"1568",SS1856,Millbrae, ,Operational,PG&E,PG&E,M, ,,,YES,,,,110kV to 161kV,Millbrae,San Mateo,"94030",CA, 
-122.488802815393,37.5947960688124,"1569",SS1857,Pacifica, ,Operational,PG&E,PG&E,M, ,,YES,,,,,33kV to 92kV,Pacifica,San Mateo,"94044",CA, 
-122.115309103923,37.4397700729953,"1570",SS1858,Colorado Power Sta., ,Operational,Other,Other,M, ,,,YES,,,,110kV to 161kV,Palo Alto,Santa Clara,"94303",CA, 
-122.340111824218,37.5113089598078,"1571",SS1859,Ralston, ,Operational,PG&E,PG&E,M, ,,YES,,,,,33kV to 92kV,San Mateo,San Mateo,"94402",CA, 
-122.213050761173,37.4904617347147,"1572",SS1860,Redwood City, ,Operational,PG&E,PG&E,M, ,,YES,YES,,,,110kV to 161kV,Redwood City,San Mateo,"94063",CA, 
-122.42510127323,37.6209519983086,"1573",SS1861,San Bruno, ,Operational,PG&E,PG&E,M, ,,YES,,,,,33kV to 92kV,San Bruno,San Mateo,"94066",CA, 
-122.244050251757,37.4997483649397,"1574",SS1862,San Carlos, ,Operational,PG&E,PG&E,M, ,,,YES,,,,110kV to 161kV,San Carlos,San Mateo,"94070",CA, 
-122.318650742958,37.5830696738636,"1575",SS1863,San Mateo, ,Operational,PG&E,PG&E,M, ,,YES,YES,YES,,,220kV to 287kV,San Mateo,San Mateo,"94401",CA, 
-122.454249837492,37.6507949876913,"1576",SS1864,Serramonte, ,Operational,PG&E,PG&E,M, ,,YES,YES,,,,110kV to 161kV,Daly City,San Mateo,"94015",CA, 
-122.207567663894,37.5114127664188,"1577",SS1865,Shredder, ,Operational,PG&E,PG&E,M, ,,,YES,,,,110kV to 161kV,Redwood City,San Mateo,"94063",CA, 
-122.44678977735,37.6220270828353,"1578",SS1866,Sneath Lane, ,Operational,PG&E,PG&E,M, ,,YES,,,,,33kV to 92kV,San Bruno,San Mateo,"94066",CA, 
-122.39384966765,37.6383112784398,"1579",SS1867,United Cogen Inc.,U.A.L.,Operational,Other,Other,M, ,,YES,,,,,33kV to 92kV,South San Francisco,San Mateo,"94080",CA, 
-122.311206377974,37.4872922679107,"1580",SS1868,Watershed, ,Operational,PG&E,PG&E,M, ,,YES,,,,,33kV to 92kV,Redwood City,San Mateo,"94062",CA, 
-122.242181288676,37.4370756775794,"1581",SS1869,Woodside, ,Operational,PG&E,PG&E,M, ,,YES,,,,,33kV to 92kV,Redwood City,San Mateo,"94062",CA, 
-120.603856213446,34.6848039871547,"1582",SS1871,Surf, ,Operational,Other,Other,L, ,,,YES,,,,110kV to 161kV,Lompoc,Santa Barbara,"93437",CA, 
-120.186082084202,34.6247718282721,"1583",SS1873,Buellton, ,Operational,PG&E,PG&E,L, ,,,YES,,,,110kV to 161kV,Buellton,Santa Barbara,"93427",CA, 
-120.448409824589,34.8282207747901,"1584",SS1874,Divide, ,Operational,PG&E,PG&E,L, ,,YES,YES,,,,110kV to 161kV,Santa Maria,Santa Barbara,"93455",CA, 
-120.446499967102,34.9105183295504,"1585",SS1875,Fairway, ,Operational,PG&E,PG&E,L, ,,,YES,,,,110kV to 161kV,Santa Maria,Santa Barbara,"93455",CA, 
-120.452347791019,34.6563871479927,"1586",SS1876,Lompoc, ,Operational,Other,Other,L, ,,,YES,,,,110kV to 161kV,Lompoc,Santa Barbara,"93436",CA, 
-120.456972909453,34.6036491832409,"1587",SS1877,Manville,MIGUELITO,Operational,Other,Other,L, ,,,YES,,,,110kV to 161kV,Lompoc,Santa Barbara,"93436",CA, 
-120.298781856468,34.825314624121,"1588",SS1878,Palmer, ,Operational,PG&E,PG&E,L, ,,,YES,,,,110kV to 161kV,Santa Maria,Santa Barbara,"93454",CA, 
-120.435535554748,34.700849102727,"1589",SS1879,Purisima, ,Operational,PG&E,PG&E,L, ,,,YES,,,,110kV to 161kV,Lompoc,Santa Barbara,"93436",CA, 
-120.444137025383,34.950257941597,"1590",SS1880,Santa Maria, ,Operational,PG&E,PG&E,L, ,,,YES,,,,110kV to 161kV,Santa Maria,Santa Barbara,"93458",CA, 
-120.119340125611,34.6251963046226,"1591",SS1881,Santa Ynez, ,Operational,PG&E,PG&E,L, ,,,YES,,,,110kV to 161kV,Solvang,Santa Barbara,"93463",CA, 
-120.33066485968,34.8785938091579,"1592",SS1882,Sisquoc, ,Operational,PG&E,PG&E,L, ,,,YES,,,,110kV to 161kV,Santa Maria,Santa Barbara,"93454",CA, 
-120.15146426435,34.6966989343132,"1593",SS1883,Zaca, ,Operational,PG&E,PG&E,L, ,,,YES,,,,110kV to 161kV,Los Olivos,Santa Barbara,"93441",CA, 
-120.042217049607,34.476745575335,"1594",SS1884,Capitan, ,Operational,SCE,SCE,L, ,,YES,,,,,33kV to 92kV,Goleta,Santa Barbara,"93117",CA, 
-119.514990790236,34.4093898948917,"1595",SS1885,Carpinteria, ,Operational,SCE,SCE,L, ,,YES,,,,,33kV to 92kV,Carpinteria,Santa Barbara,"93013",CA, 
-119.685781157057,34.4183877906494,"1596",SS1886,Desal, ,Operational,SCE,SCE,L, ,,YES,,,,,33kV to 92kV,Santa Barbara,Santa Barbara,"93101",CA, 
-119.900090429657,34.4311325161435,"1597",SS1887,Ellwood,RE ELLWOOD,Operational,SCE,SCE,L, ,,YES,,,,,33kV to 92kV,Goleta,Santa Barbara,"93117",CA, 
-120.199343014402,34.4760229871924,"1598",SS1888,Gaviota, ,Operational,SCE,SCE,L, ,,YES,,,,,33kV to 92kV,Goleta,Santa Barbara,"93117",CA, 
-119.884358814147,34.4687685802981,"1599",SS1889,Goleta, ,Operational,SCE,SCE,L, ,,YES,,YES,,,220kV to 287kV,Goleta,Santa Barbara,"93117",CA, 
-119.871319965717,34.4330167706486,"1600",SS1890,Isla Vista, ,Operational,SCE,SCE,L, ,,YES,,,,,33kV to 92kV,Goleta,Santa Barbara,"93117",CA, 
-119.586723747507,34.4183785333317,"1601",SS1891,Ortega, ,Operational,SCE,SCE,L, ,,YES,,,,,33kV to 92kV,Carpinteria,Santa Barbara,"93013",CA, 
-119.761385699714,34.4519630443927,"1602",SS1892,San Marcos, ,Operational,SCE,SCE,L, ,,YES,,,,,33kV to 92kV,Santa Barbara,Santa Barbara,"93110",CA, 
-119.685586274925,34.423309961457,"1603",SS1893,Santa Barbara, ,Operational,SCE,SCE,L, ,,YES,,,,,33kV to 92kV,Santa Barbara,Santa Barbara,"93103",CA, 
-119.815856961203,34.4491812803795,"1604",SS1895,Vegas, ,Operational,SCE,SCE,L, ,,YES,,,,,33kV to 92kV,Santa Barbara,Santa Barbara,"93111",CA, 
-122.009502884376,37.3856360464551,"1605",SS1896,Advanced Micro Devices,AMD,Operational,Other,Other,M, ,,,YES,,,,110kV to 161kV,Sunnyvale,Santa Clara,"94085",CA, 
-122.016352775877,37.374557252779,"1606",SS1897,Britton, ,Operational,PG&E,PG&E,M, ,,,YES,,,,110kV to 161kV,Sunnyvale,Santa Clara,"94086",CA, 
-121.637479812663,37.1581706262823,"1607",SS1898,Coyote Pumping, ,Operational,Other,Other,M,COY,,,YES,,,,110kV to 161kV,Morgan Hill,Santa Clara,"95037",CA, 
-121.939806098137,37.3561871871704,"1608",SS1899,Brokaw, ,Operational,Other,Other,M, ,,YES,,,,,33kV to 92kV,Santa Clara,Santa Clara,"95050",CA, 
-121.921898142745,37.3473462817226,"1609",SS1900,Fmc, ,Operational,PG&E,PG&E,M, ,,,YES,,,,110kV to 161kV,San Jose,Santa Clara,"95110",CA, 
-122.073136889236,37.3239100667719,"1610",SS1904,Monta Vista, ,Operational,PG&E,PG&E,M, ,,YES,,,,,33kV to 92kV,Cupertino,Santa Clara,"95014",CA, 
-122.093308365205,37.3179115261344,"1611",SS1905,Permanente, ,Operational,Other,Other,M, ,,YES,,,,,33kV to 92kV,Cupertino,Santa Clara,"95014",CA, 
-122.012965149549,37.3849292796074,"1612",SS1906,Signetics, ,Operational,PG&E,PG&E,M, ,,,YES,,,,110kV to 161kV,Sunnyvale,Santa Clara,"94085",CA, 
-122.022139713626,37.3799950710155,"1613",SS1907,Westinghouse,NORTHRUP GRUMMAN,Operational,Other,Other,M, ,,YES,,,,,33kV to 92kV,Sunnyvale,Santa Clara,"94086",CA, 
-121.941942873641,37.4327310550106,"1614",SS1908,Wpcp,ZANKER ROAD,Operational,Other,Other,M, ,,,YES,,,,110kV to 161kV,San Jose,Santa Clara,"95134",CA, 
-118.58046829014,34.457759050303,"1615",SS1909,Lockheed, ,Operational,SCE,SCE,L, ,,YES,,,,,33kV to 92kV,Valencia,Los Angeles,"91355",CA, 
-122.039314668394,37.4186755999817,"1616",SS1910,Moffet Field, ,Operational,WAPA,WAPA,M, ,,,YES,,,,110kV to 161kV,Mountain View,Santa Clara,"94035",CA, 
-121.950888702359,37.3765086873397,"1617",SS1912,Kifer, ,Operational,Other,Other,M, ,,YES,YES,,,,110kV to 161kV,Santa Clara,Santa Clara,"95054",CA, 
-121.976269650711,37.3709925451325,"1618",SS1913,Santa Clara, ,Operational,Other,Other,M, ,,YES,,,,,33kV to 92kV,Santa Clara,Santa Clara,"95051",CA, 
-121.954183913629,37.3770882030007,"1619",SS1914,Scott, ,Operational,Other,Other,M, ,,,YES,,,,110kV to 161kV,Santa Clara,Santa Clara,"95054",CA, 
-121.889885311762,37.259956280835,"1620",SS1915,Almaden, ,Operational,PG&E,PG&E,M, ,,YES,,,,,33kV to 92kV,San Jose,Santa Clara,"95118",CA, 
-122.066403509911,37.4176253267874,"1621",SS1916,Ames, ,Operational,PG&E,PG&E,M, ,,,YES,,,,110kV to 161kV,Mountain View,Santa Clara,"94035",CA, 
-121.832941976995,37.2024263289481,"1622",SS1917,Calero, ,Operational,Other,Other,M, ,,,YES,,,,110kV to 161kV,San Jose,Santa Clara,"95120",CA, 
-121.795052317287,37.2445586509675,"1623",SS1918,Edenvale, ,Operational,PG&E,PG&E,M, ,,,YES,,,,110kV to 161kV,San Jose,Santa Clara,"95123",CA, 
-121.935752824428,37.2920274563263,"1624",SS1919,El Patio, ,Operational,PG&E,PG&E,M, ,,,YES,,,,110kV to 161kV,Campbell,Santa Clara,"95008",CA, 
-121.840097882867,37.3033193181877,"1625",SS1920,Evergreen, ,Operational,PG&E,PG&E,M, ,,YES,YES,,,,110kV to 161kV,San Jose,Santa Clara,"95111",CA, 
-121.912630159424,37.3541005922643,"1626",SS1922,Gish, ,Operational,PG&E,PG&E,M, ,,,YES,,,,110kV to 161kV,San Jose,Santa Clara,"95110",CA, 
-121.90105523542,37.2337085167257,"1627",SS1923,Hicks, ,Operational,PG&E,PG&E,M, ,,YES,YES,YES,,,220kV to 287kV,San Jose,Santa Clara,"95124",CA, 
-121.854738452885,37.3342627854361,"1628",SS1924,Lsi Jennings, ,Operational,Other,Other,M, ,,,YES,,,,110kV to 161kV,San Jose,Santa Clara,"95122",CA, 
-122.010316391596,37.3972011957658,"1629",SS1925,Lawrence, ,Operational,PG&E,PG&E,M, ,,,YES,,,,110kV to 161kV,Sunnyvale,Santa Clara,"94089",CA, 
-121.557231326254,37.0072579932731,"1630",SS1926,Llagas, ,Operational,PG&E,PG&E,M, ,,,YES,,,,110kV to 161kV,Gilroy,Santa Clara,"95020",CA, 
-122.114711873284,37.3938395124097,"1631",SS1927,Los Altos, ,Operational,PG&E,PG&E,M, ,,YES,,,,,33kV to 92kV,Los Altos,Santa Clara,"94022",CA, 
-122.099695264026,37.3610534440519,"1632",SS1929,Loyola, ,Operational,PG&E,PG&E,M, ,,YES,,,,,33kV to 92kV,Los Altos,Santa Clara,"94024",CA, 
-121.864144521268,37.360810223252,"1633",SS1930,Mabury, ,Operational,PG&E,PG&E,M, ,,,YES,,,,110kV to 161kV,San Jose,Santa Clara,"95133",CA, 
-121.878163041862,37.33626730174,"1634",SS1931,Markham, ,Operational,PG&E,PG&E,M, ,,,YES,,,,110kV to 161kV,San Jose,Santa Clara,"95192",CA, 
-121.843339392319,37.3662484571389,"1635",SS1932,Mc Kee, ,Operational,PG&E,PG&E,M, ,,,YES,,,,110kV to 161kV,San Jose,Santa Clara,"95116",CA, 
-121.888359506419,37.4153775329945,"1636",SS1934,Milpitas, ,Operational,PG&E,PG&E,M, ,,,YES,,,,110kV to 161kV,Milpitas,Santa Clara,"95035",CA, 
-121.90597734601,37.4033277476498,"1637",SS1935,Montague, ,Operational,PG&E,PG&E,M, ,,,YES,,,,110kV to 161kV,San Jose,Santa Clara,"95131",CA, 
-122.075412985976,37.3264027330572,"1638",SS1936,Monta Vista (Upper), ,Operational,PG&E,PG&E,M, ,,YES,YES,YES,,,220kV to 287kV,Cupertino,Santa Clara,"95014",CA, 
-121.658890004207,37.1266956179535,"1639",SS1937,Morgan Hill, ,Operational,PG&E,PG&E,M, ,,,YES,,,,110kV to 161kV,Morgan Hill,Santa Clara,"95037",CA, 
-122.069706324436,37.3826033994572,"1640",SS1938,Mt. View, ,Operational,PG&E,PG&E,M, ,,,YES,,,,110kV to 161kV,Mountain View,Santa Clara,"94041",CA, 
-121.902391905785,37.3281603641052,"1641",SS1939,San Jose Sta. A, ,Operational,PG&E,PG&E,M, ,,,YES,,,,110kV to 161kV,San Jose,Santa Clara,"95110",CA, 
-121.901511912674,37.3409590697502,"1642",SS1940,San Jose Sta. B, ,Operational,PG&E,PG&E,M, ,,,YES,,,,110kV to 161kV,San Jose,Santa Clara,"95110",CA, 
-122.01520671867,37.2810316945113,"1643",SS1941,Saratoga, ,Operational,PG&E,PG&E,M, ,,YES,,YES,,,220kV to 287kV,Saratoga,Santa Clara,"95070",CA, 
-121.844736901912,37.3004905317783,"1644",SS1942,Senter, ,Closed,PG&E,PG&E,M, ,,,YES,,,,110kV to 161kV,San Jose,Santa Clara,"95111",CA, 
-122.043163903195,37.3359900805234,"1645",SS1943,Stelling, ,Operational,PG&E,PG&E,M, ,,,YES,,,,110kV to 161kV,Sunnyvale,Santa Clara,"94087",CA, 
-121.867702909137,37.3039990508466,"1646",SS1944,Stone, ,Operational,PG&E,PG&E,M, ,,,YES,,,,110kV to 161kV,San Jose,Santa Clara,"95125",CA, 
-121.796946918807,37.3225630681377,"1647",SS1945,Swift, ,Operational,PG&E,PG&E,M, ,,,YES,,,,110kV to 161kV,San Jose,Santa Clara,"95148",CA, 
-121.927229515243,37.382057106725,"1648",SS1946,Trimble, ,Operational,PG&E,PG&E,M, ,,,YES,,,,110kV to 161kV,San Jose,Santa Clara,"95131",CA, 
-122.068539656383,37.4049922844585,"1649",SS1947,Whisman, ,Operational,PG&E,PG&E,M, ,,,YES,,,,110kV to 161kV,Mountain View,Santa Clara,"94043",CA, 
-122.020593298039,37.3344313981056,"1650",SS1948,Wolfe, ,Operational,PG&E,PG&E,M, ,,,YES,,,,110kV to 161kV,Cupertino,Santa Clara,"95014",CA, 
-122.199668832181,37.0172763319651,"1651",SS1949,Lone Star, ,Operational,Other,Other,M, ,,YES,,,,,33kV to 92kV,Davenport,Santa Cruz,"95017",CA, 
-122.172131583808,37.1308831063926,"1652",SS1950,Big Basin, ,Operational,PG&E,PG&E,M, ,,YES,,,,,33kV to 92kV,Santa Cruz,Santa Cruz,"95060",CA, 
-122.144274173361,37.0953270901377,"1653",SS1951,Burns, ,Operational,PG&E,PG&E,M, ,,YES,,,,,33kV to 92kV,Santa Cruz,Santa Cruz,"95060",CA, 
-122.025123538222,37.0418834396588,"1654",SS1952,Camp Evers, ,Operational,PG&E,PG&E,M, ,,,YES,,,,110kV to 161kV,Scotts Valley,Santa Cruz,"95066",CA, 
-122.154787763081,37.0256925431615,"1655",SS1953,Crusher, ,Operational,PG&E,PG&E,M, ,,YES,,,,,33kV to 92kV,Santa Cruz,Santa Cruz,"95060",CA, 
-121.764227175815,36.9303768078167,"1656",SS1954,Erta, ,Operational,PG&E,PG&E,M, ,,YES,,,,,33kV to 92kV,Watsonville,Santa Cruz,"95076",CA, 
-121.760283896158,36.9519351146018,"1657",SS1955,Green Valley, ,Operational,PG&E,PG&E,M, ,,YES,YES,,,,110kV to 161kV,Watsonville,Santa Cruz,"95076",CA, 
-121.98216623443,36.9923178219008,"1658",SS1956,Paul Sweet, ,Operational,PG&E,PG&E,M, ,,,YES,,,,110kV to 161kV,Santa Cruz,Santa Cruz,"95065",CA, 
-122.188160223626,37.0310635790603,"1659",SS1957,Point Moretti, ,Operational,PG&E,PG&E,M, ,,YES,,,,,33kV to 92kV,Davenport,Santa Cruz,"95017",CA, 
-121.867236595064,36.9792221808135,"1660",SS1958,Rob Roy, ,Operational,PG&E,PG&E,M, ,,,YES,,,,110kV to 161kV,Aptos,Santa Cruz,"95003",CA, 
-122.278614987693,40.4287822742438,"1661",SS1962,Signal, ,Operational,WAPA,WAPA,U, ,,,,YES,,,220kV to 287kV,Anderson,Shasta,"96007",CA, 
-122.269016114866,40.4327215859914,"1662",SS1963,Simpson Paper (Shasta), ,Operational,Other,Other,U, ,,,YES,,,,110kV to 161kV,Anderson,Shasta,"96007",CA, 
-121.715091244121,40.8779583565502,"1663",SS1964,Burney Forest Power,SPI,Operational,Other,Other,U, ,,,YES,YES,,,220kV to 287kV,Burney,Shasta,"96013",CA, 
-121.640853467465,40.9097185021259,"1664",SS1965,Ultra Power,BURNEY MOUNTAIN POWER,Operational,Other,Other,U, ,,YES,,,,,33kV to 92kV,Burney,Shasta,"96013",CA, 
-122.323699953633,40.6184809167084,"1665",SS1969,College View, ,Operational,Other,Other,U, ,,,YES,,,,110kV to 161kV,Redding,Shasta,"96003",CA, 
-122.314179938825,40.5700112574528,"1666",SS1970,East Redding, ,Operational,Other,Other,U, ,,,YES,,,,110kV to 161kV,Redding,Shasta,"96003",CA, 
-122.437753624193,40.583898246552,"1667",SS1971,Eureka Way, ,Operational,Other,Other,U, ,,,YES,,,,110kV to 161kV,Redding,Shasta,"96001",CA, 
-122.382694338095,40.60184184248,"1668",SS1974,Sulphur Creek, ,Operational,Other,Other,U, ,,,YES,,,,110kV to 161kV,Redding,Shasta,"96003",CA, 
-122.30503235304,40.4497289546331,"1669",SS1976,Anderson, ,Operational,PG&E,PG&E,U, ,,YES,,,,,33kV to 92kV,Anderson,Shasta,"96007",CA, 
-122.380708332052,40.8945319375937,"1670",SS1977,Antler, ,Operational,PG&E,PG&E,U, ,,YES,,,,,33kV to 92kV,Lakehead,Shasta,"96051",CA, 
-122.395340765878,40.5624135753363,"1671",SS1978,Benton, ,Operational,PG&E,PG&E,U, ,,YES,YES,,,,110kV to 161kV,Redding,Shasta,"96001",CA, 
-121.671173813358,40.8879267264859,"1672",SS1979,Burney, ,Operational,PG&E,PG&E,U, ,,YES,,,,,33kV to 92kV,Burney,Shasta,"96013",CA, 
-122.3341875489,40.6521925551668,"1673",SS1980,Cascade, ,Operational,PG&E,PG&E,U, ,,YES,YES,,,,110kV to 161kV,Redding,Shasta,"96003",CA, 
-122.264211398797,40.3978748598821,"1674",SS1982,Cottonwood, ,Operational,PG&E,PG&E,U,CW,,YES,YES,YES,,,220kV to 287kV,Cottonwood,Shasta,"96022",CA, 
-122.239791227162,40.555347653801,"1675",SS1985,Deschutes, ,Operational,PG&E,PG&E,U, ,,YES,,,,,33kV to 92kV,Palo Cedro,Shasta,"96073",CA, 
-122.641124334514,40.68689430093,"1676",SS1986,French Gulch, ,Operational,PG&E,PG&E,U, ,,YES,,,,,33kV to 92kV,French Gulch,Shasta,"96033",CA, 
-122.378760913094,40.513322208946,"1677",SS1987,Girvan, ,Operational,PG&E,PG&E,U, ,,YES,,,,,33kV to 92kV,Redding,Shasta,"96001",CA, 
-122.327745172847,40.4617876592722,"1678",SS1988,Jessup, ,Operational,PG&E,PG&E,U, ,,YES,YES,,,,110kV to 161kV,Anderson,Shasta,"96007",CA, 
-121.408247465117,41.0512337179352,"1679",SS1989,Mc Arthur, ,Operational,PG&E,PG&E,U, ,,YES,,,,,33kV to 92kV,Fall River Mills,Shasta,"96028",CA, 
-122.322046672317,40.6190404134195,"1680",SS1991,Oregon Trail, ,Operational,PG&E,PG&E,U, ,,YES,YES,,,,110kV to 161kV,Redding,Shasta,"96003",CA, 
-122.267909438531,40.4343627365551,"1681",SS1992,Panorama, ,Operational,PG&E,PG&E,U, ,,,YES,,,,110kV to 161kV,Anderson,Shasta,"96007",CA, 
-121.544373288559,40.9290008485051,"1682",SS1993,Rising River, ,Operational,PG&E,PG&E,U, ,,YES,,,,,33kV to 92kV,Fall River Mills,Shasta,"96028",CA, 
-121.935802266699,40.8074737435857,"1683",SS1994,Round Mt., ,Operational,PG&E,PG&E,U,RDM,,YES,,YES,YES,,345kV to 500kV,Montgomery Creek,Shasta,"96065",CA, 
-122.349761597454,40.6777583155405,"1684",SS1995,Stillwater, ,Operational,PG&E,PG&E,U, ,,YES,,,,,33kV to 92kV,Shasta Lake,Shasta,"96019",CA, 
-121.915804559969,40.6290286475297,"1685",SS1996,Whitmore, ,Operational,PG&E,PG&E,U, ,,YES,,,,,33kV to 92kV,Whitmore,Shasta,"96096",CA, 
-122.319626435329,41.1461058108114,"1686",SS1997,Castella, ,Operational,PCORP,PCORP,U, ,,YES,,,,,33kV to 92kV,Lakehead,Shasta,"96051",CA, 
-122.28593006065,41.1848390884229,"1687",SS1998,Crag View, ,Operational,PCORP,PCORP,U, ,,YES,YES,,,,110kV to 161kV,Dunsmuir,Shasta,"96025",CA, 
-122.430994323346,40.9401278235586,"1688",SS1999,Dog Creek, ,Operational,PCORP,PCORP,U, ,,YES,YES,,,,110kV to 161kV,Lakehead,Shasta,"96051",CA,Not too sure on location
-122.290721562744,41.1782327949793,"1689",SS2000,Nutglade, ,Operational,PCORP,PCORP,U, ,,YES,,,,,33kV to 92kV,Dunsmuir,Shasta,"96025",CA, 
-122.381842957732,41.0539456236649,"1690",SS2001,Shotgun Creek, ,Operational,PCORP,PCORP,U, ,,YES,,,,,33kV to 92kV,Lakehead,Shasta,"96051",CA, 
-122.456366479669,40.9771499803684,"1691",SS2002,Slate Creek, ,Operational,Other,Other,U, ,,YES,,,,,33kV to 92kV,Lakehead,Shasta,"96051",CA,Under the  i-5 bridge
-120.008666887458,39.5212258324763,"1692",SS2004,California,CAL SUB,Operational,Other,Other,U, ,,,YES,,,,110kV to 161kV,Sierraville,Sierra,"96126",CA, 
-120.381127151302,39.5935039908029,"1693",SS2005,Sierraville, ,Operational,Other,Other,U, ,,YES,,,,,33kV to 92kV,Sierraville,Sierra,"96126",CA, 
-120.242971897614,39.6680612981806,"1694",SS2006,Loyalton, ,Operational,Other,Other,U, ,,YES,,,,,33kV to 92kV,Loyalton,Sierra,"96118",CA, 
-120.217904884577,39.6461323510337,"1695",SS2007,Sierra Brooks, ,Operational,Other,Other,U, ,,YES,,,,,33kV to 92kV,Loyalton,Sierra,"96118",CA, 
-120.104689095527,39.4703926626241,"1696",SS2008,Stampede Dam, ,Operational,Other,Other,U, ,,YES,,,,,33kV to 92kV,Tahoe National Forest,Sierra,"00033",CA, 
-120.844787757169,39.4654763514746,"1697",SS2009,Alleghany, ,Operational,PG&E,PG&E,U, ,,YES,,,,,33kV to 92kV,Alleghany,Sierra,"95910",CA, 
-120.996085544848,39.4381009154195,"1698",SS2010,Pike City, ,Operational,PG&E,PG&E,U, ,,YES,,,,,33kV to 92kV,North San Juan,Sierra,"95960",CA, 
-122.383207695553,41.4320516701149,"1699",SS2011,International Paper, ,Operational,PCORP,PCORP,U, ,,YES,,,,,33kV to 92kV,Weed,Siskiyou,"96094",CA, 
-122.32837541246,41.280397446471,"1700",SS2012,Lake Siskiyou, ,Operational,Other,Other,U, ,,YES,,,,,33kV to 92kV,Mount Shasta,Siskiyou,"96067",CA, 
-122.464108771524,41.8675099500496,"1701",SS2013,Ager, ,Operational,PCORP,PCORP,U, ,,YES,YES,,,,110kV to 161kV,Hornbrook,Siskiyou,"96044",CA, 
-122.399292588624,41.6167567757284,"1702",SS2014,Big Springs, ,Operational,PCORP,PCORP,U, ,,YES,,,,,33kV to 92kV,Montague,Siskiyou,"96064",CA, 
-121.913562474409,41.9668359092439,"1703",SS2015,Dorris, ,Operational,PCORP,PCORP,U, ,,YES,,,,,33kV to 92kV,Dorris,Siskiyou,"96023",CA, 
-122.850136508229,41.6054142284069,"1704",SS2016,Fort Jones, ,Operational,PCORP,PCORP,U, ,,YES,,,,,33kV to 92kV,Fort Jones,Siskiyou,"96032",CA, 
-122.648990907749,41.7112985200557,"1705",SS2017,Greenhorn, ,Operational,PCORP,PCORP,U, ,,YES,,,,,33kV to 92kV,Yreka,Siskiyou,"96097",CA, 
-123.071208103701,41.780210985566,"1706",SS2018,Hamburg, ,Operational,PCORP,PCORP,U, ,,YES,,,,,33kV to 92kV,Somes Bar,Siskiyou,"95568",CA, 
-123.372537061233,41.8035365827167,"1707",SS2019,Happy Camp, ,Operational,PCORP,PCORP,U, ,,YES,,,,,33kV to 92kV,Happy Camp,Siskiyou,"96039",CA, 
-122.360157437348,41.7116199214739,"1708",SS2020,Hart, ,Operational,PCORP,PCORP,U, ,,YES,YES,,,,110kV to 161kV,Montague,Siskiyou,"96064",CA, 
-122.539948652167,41.8979854959484,"1709",SS2021,Hornbrook, ,Operational,PCORP,PCORP,U, ,,YES,,,,,33kV to 92kV,Hornbrook,Siskiyou,"96044",CA, 
-122.369646149116,41.7017358826036,"1710",SS2023,Little Shasta, ,Operational,PCORP,PCORP,U, ,,YES,,,,,33kV to 92kV,Montague,Siskiyou,"96064",CA, 
-122.004723586639,41.8317713459949,"1711",SS2025,Macdoel, ,Operational,PCORP,PCORP,U, ,,YES,,,,,33kV to 92kV,Dorris,Siskiyou,"96023",CA, 
-122.125983383717,41.2663234658987,"1712",SS2026,Mccloud, ,Operational,PCORP,PCORP,U, ,,YES,,,,,33kV to 92kV,Mccloud,Siskiyou,"96057",CA, 
-122.536407840253,41.7270358743076,"1713",SS2027,Montague, ,Operational,PCORP,PCORP,U, ,,YES,,,,,33kV to 92kV,Montague,Siskiyou,"96064",CA, 
-122.270415893093,41.2627076540222,"1714",SS2028,Mott, ,Operational,PCORP,PCORP,U, ,,YES,,,,,33kV to 92kV,Mount Shasta,Siskiyou,"96067",CA, 
-122.321815628583,41.304647920029,"1715",SS2029,Mt. Shasta, ,Operational,PCORP,PCORP,U, ,,YES,,,,,33kV to 92kV,Mount Shasta,Siskiyou,"96067",CA, 
-122.276336217184,41.2206644151398,"1716",SS2030,North Dunsmuir, ,Operational,PCORP,PCORP,U, ,,YES,,,,,33kV to 92kV,Mount Shasta,Siskiyou,"96067",CA, 
-121.995779430256,41.966407570299,"1717",SS2031,Picard, ,Operational,PCORP,PCORP,U, ,,YES,,,,,33kV to 92kV,Dorris,Siskiyou,"96023",CA, 
-122.999523295702,41.7422894886011,"1718",SS2032,Scott Bar, ,Operational,PCORP,PCORP,U, ,,YES,,,,,33kV to 92kV,Fort Jones,Siskiyou,"96032",CA, 
-123.191947708776,41.8405279108981,"1719",SS2033,Seiad, ,Operational,PCORP,PCORP,U, ,,YES,,,,,33kV to 92kV,Klamath River,Siskiyou,"96050",CA, 
-122.364179334608,41.5486437164646,"1720",SS2034,Shastina, ,Operational,PCORP,PCORP,U, ,,YES,YES,,,,110kV to 161kV,Montague,Siskiyou,"96064",CA, 
-122.238922738904,41.2679875567495,"1721",SS2035,Snow Brush, ,Operational,PCORP,PCORP,U, ,,YES,,,,,33kV to 92kV,Dunsmuir,Siskiyou,"96025",CA, 
-121.566361330847,41.9252746443501,"1722",SS2037,Tunnel, ,Operational,PCORP,PCORP,U, ,,YES,,,,,33kV to 92kV,Tulelake,Siskiyou,"96134",CA, 
-122.905635194582,41.4931184826184,"1723",SS2038,Walker Bryan, ,Operational,PCORP,PCORP,U, ,,YES,,,,,33kV to 92kV,Etna,Siskiyou,"96027",CA, 
-122.389726616726,41.4314065373159,"1724",SS2039,Weed, ,Operational,PCORP,PCORP,U, ,,,YES,,,,110kV to 161kV,Weed,Siskiyou,"96094",CA, 
-122.362167027699,41.4517403617161,"1725",SS2040,Weed Jct., ,Operational,PCORP,PCORP,U, ,,YES,YES,,,,110kV to 161kV,Weed,Siskiyou,"96094",CA, 
-122.630758559408,41.7285729173773,"1726",SS2041,Yreka, ,Operational,PCORP,PCORP,U, ,,YES,YES,,,,110kV to 161kV,Yreka,Siskiyou,"96097",CA, 
-122.832924624312,41.3729007736917,"1727",SS2042,Yuba, ,Operational,PCORP,PCORP,U, ,,YES,,,,,33kV to 92kV,Callahan,Siskiyou,"96014",CA, 
-121.785910984099,38.8565073157923,"1728",SS2047,Rclm. Dist. 2047, ,Operational,Other,Other,M, ,,YES,,,,,33kV to 92kV,Knights Landing,Yolo,"95645",CA, 
-121.922622169343,38.403294313043,"1729",SS2049,Amerigas, ,Operational,PG&E,PG&E,M, ,,,,YES,,,220kV to 287kV,Vacaville,Solano,"95688",CA, 
-121.987606545606,38.0437521597883,"1730",SS2050,GWF 5 (Pittsburg), ,Operational,Other,Other,M, ,,YES,,,,,33kV to 92kV,Pittsburg,Contra Costa,"94565",CA, 
-121.946008819557,38.0308289927788,"1731",SS2051,Shell Chemical, ,Operational,PG&E,PG&E,M, ,,YES,,,,,33kV to 92kV,Pittsburg,Contra Costa,"94565",CA, 
-122.119979288483,38.0322854482509,"1732",SS2052,Stauffer, ,Operational,PG&E,PG&E,M, ,,YES,,,,,33kV to 92kV,Martinez,Contra Costa,"94553",CA, 
-122.257261151404,38.0854890013362,"1733",SS2053,Mare Island Sta. H, ,Operational,Other,Other,M, ,,,YES,,,,110kV to 161kV,Vallejo,Solano,"94592",CA, 
-122.289610836404,38.1145259149622,"1734",SS2054,North Mare Island, ,Low kV,Other,Other,M, ,YES,,,,,,12kV to 32kV,Vallejo,Solano,"94592",CA, 
-121.933385327364,38.2715149377033,"1735",SS2055,Travis Afb, ,Operational,Other,Other,M, ,,YES,,,,,33kV to 92kV,Travis Afb,Solano,"94535",CA, 
-121.971560540631,38.320968633923,"1736",SS2056,Cmf Vacaville, ,Low kV,Other,Other,M, ,YES,,,,,,12kV to 32kV,Fairfield,Solano,"94533",CA, 
-122.137375869043,38.0808657733829,"1737",SS2057,Bahia, ,Operational,PG&E,PG&E,M, ,,,,YES,,,220kV to 287kV,Benicia,Solano,"94510",CA, 
-121.775842110042,38.3870813599283,"1738",SS2058,Batavia, ,Operational,PG&E,PG&E,M, ,,YES,,,,,33kV to 92kV,Dixon,Solano,"95620",CA, 
-121.748148209719,38.2963876787274,"1739",SS2059,Cache Slough, ,Operational,PG&E,PG&E,M, ,,YES,,,,,33kV to 92kV,Rio Vista,Solano,"94571",CA, 
-122.248638126388,38.0908675283222,"1740",SS2060,Carquinez, ,Operational,PG&E,PG&E,M, ,,,YES,,,,110kV to 161kV,Vallejo,Solano,"94590",CA, 
-122.112387938189,38.2159349364429,"1741",SS2061,Cordelia, ,Operational,PG&E,PG&E,M, ,,YES,YES,,,,110kV to 161kV,Fairfield,Solano,"94534",CA, 
-121.826006596927,38.4452453199458,"1742",SS2062,Dixon, ,Operational,PG&E,PG&E,M, ,,YES,,,,,33kV to 92kV,Dixon,Solano,"95620",CA, 
-122.096651888906,38.2362282228116,"1743",SS2063,Hale, ,Operational,Other,Other,M, ,,,YES,,,,110kV to 161kV,Fairfield,Solano,"94534",CA, 
-121.758677609359,38.3847548597227,"1744",SS2064,Maine Prairie, ,Operational,PG&E,PG&E,M, ,,YES,,,,,33kV to 92kV,Dixon,Solano,"95620",CA, 
-122.196316129995,38.0658159834492,"1745",SS2065,North Tower, ,Operational,PG&E,PG&E,M, ,,,YES,,,,110kV to 161kV,Benicia,Solano,"94510",CA, 
-121.970692894314,38.285459092819,"1746",SS2066,Peabody, ,Operational,PG&E,PG&E,M, ,,YES,,YES,,,220kV to 287kV,Fairfield,Solano,"94533",CA, 
-122.041242782955,38.2451270011768,"1747",SS2067,Suisun, ,Operational,PG&E,PG&E,M, ,,YES,,,,,33kV to 92kV,Fairfield,Solano,"94533",CA, 
-121.920772596767,38.4011626075995,"1748",SS2068,Vaca-Dixon & Gc Yard, ,Operational,PG&E,PG&E,M, ,,YES,YES,YES,YES,,345kV to 500kV,Vacaville,Solano,"95688",CA, 
-121.980487801949,38.3565191072321,"1749",SS2069,Vacaville, ,Operational,PG&E,PG&E,M, ,,,YES,,,,110kV to 161kV,Vacaville,Solano,"95688",CA, 
-121.951138583487,38.5175955260709,"1750",SS2070,Winters, ,Operational,PG&E,PG&E,M, ,,YES,,,,,33kV to 92kV,Winters,Solano,"95694",CA, 
-122.856245124576,38.6098126342597,"1751",SS2071,City Of Healdsburg,HEALDSBURG,Operational,Other,Other,M, ,YES,YES,,,,,33kV to 92kV,Healdsburg,Sonoma,"95448",CA, 
-123.311872823404,38.6802979661728,"1752",SS2072,Annapolis, ,Operational,PG&E,PG&E,M, ,,YES,,,,,33kV to 92kV,Annapolis,Sonoma,"95412",CA, 
-122.71252628174,38.3789685787945,"1753",SS2073,Bellevue, ,Operational,PG&E,PG&E,M, ,,,YES,,,,110kV to 161kV,Santa Rosa,Sonoma,"95407",CA, 
-123.010273409548,38.797146589086,"1754",SS2074,Cloverdale, ,Operational,PG&E,PG&E,M, ,,,YES,,,,110kV to 161kV,Cloverdale,Sonoma,"95425",CA, 
-122.731634668957,38.3095540384979,"1755",SS2075,Cotati, ,Operational,PG&E,PG&E,M, ,,YES,,,,,33kV to 92kV,Cotati,Sonoma,"94931",CA, 
-122.527895700988,38.3833900216833,"1756",SS2076,Dunbar, ,Operational,PG&E,PG&E,M, ,,YES,,,,,33kV to 92kV,Glen Ellen,Sonoma,"95442",CA, 
-123.223688589672,38.5395880575391,"1757",SS2078,Fort Ross, ,Operational,PG&E,PG&E,M, ,,YES,,,,,33kV to 92kV,Cazadero,Sonoma,"95421",CA, 
-122.760655594387,38.4978134465597,"1758",SS2079,Fulton, ,Operational,PG&E,PG&E,M, ,,YES,YES,YES,,,220kV to 287kV,Santa Rosa,Sonoma,"95403",CA, 
-122.907966246505,38.7098084104449,"1759",SS2080,Geyserville, ,Operational,PG&E,PG&E,M, ,,YES,,,,,33kV to 92kV,Geyserville,Sonoma,"95441",CA, 
-122.581632106652,38.2509506963471,"1760",SS2081,Lakeville, ,Operational,PG&E,PG&E,M, ,,YES,YES,YES,,,220kV to 287kV,Petaluma,Sonoma,"94954",CA, 
-122.89416934882,38.4895023675566,"1761",SS2082,Mirabel, ,Operational,PG&E,PG&E,M, ,,YES,,,,,33kV to 92kV,Forestville,Sonoma,"95436",CA, 
-122.832312643017,38.42528304079,"1762",SS2083,Molino, ,Operational,PG&E,PG&E,M, ,,YES,,,,,33kV to 92kV,Sebastopol,Sonoma,"95472",CA, 
-122.744203142963,38.4532189110723,"1763",SS2084,Monroe, ,Operational,PG&E,PG&E,M, ,,,YES,,,,110kV to 161kV,Santa Rosa,Sonoma,"95403",CA, 
-123.012222918288,38.471409018312,"1764",SS2085,Monte Rio, ,Operational,PG&E,PG&E,M, ,,YES,,,,,33kV to 92kV,Monte Rio,Sonoma,"95462",CA, 
-122.681118164095,38.3155035886047,"1765",SS2086,Penngrove, ,Operational,PG&E,PG&E,M, ,,,YES,,,,110kV to 161kV,Rohnert Park,Sonoma,"94928",CA, 
-122.636699051189,38.239083981794,"1766",SS2087,Petaluma C, ,Operational,PG&E,PG&E,M, ,,YES,,,,,33kV to 92kV,Petaluma,Sonoma,"94952",CA, 
-122.63621070109,38.2341650366174,"1767",SS2088,Petaluma A, ,Operational,PG&E,PG&E,M, ,,YES,,,,,33kV to 92kV,Petaluma,Sonoma,"94952",CA, 
-122.666058988193,38.4900626969093,"1768",SS2089,Rincon, ,Operational,PG&E,PG&E,M, ,,,YES,,,,110kV to 161kV,Santa Rosa,Sonoma,"95404",CA, 
-123.044744604956,38.3434410661748,"1769",SS2090,Salmon Creek, ,Operational,PG&E,PG&E,M, ,,YES,,,,,33kV to 92kV,Bodega Bay,Sonoma,"94923",CA, 
-122.713419518934,38.4367705309302,"1770",SS2091,Santa Rosa A, ,Operational,PG&E,PG&E,M, ,,YES,YES,,,,110kV to 161kV,Santa Rosa,Sonoma,"95401",CA, 
-122.381005289994,38.1613561161902,"1771",SS2092,Skaggs Island, ,Operational,PG&E,PG&E,M, ,,,YES,,,,110kV to 161kV,Sonoma,Sonoma,"95476",CA, 
-122.462078009388,38.2765342829885,"1772",SS2093,Sonoma, ,Operational,PG&E,PG&E,M, ,,,YES,,,,110kV to 161kV,Sonoma,Sonoma,"95476",CA, 
-122.881065927677,38.5105343298688,"1773",SS2095,Wohler, ,Operational,PG&E,PG&E,M, ,,YES,,,,,33kV to 92kV,Healdsburg,Sonoma,"95448",CA, 
-122.764102294612,38.3700109893151,"1774",SS2096,Stony Point,LAGUNA,Operational,Other,Other,M, ,,YES,,,,,33kV to 92kV,Santa Rosa,Sonoma,"95407",CA, 
-121.259315662111,37.5323090132271,"1775",SS2097,Texaco Trading, ,Operational,Other,Other,M, ,,,YES,,,,110kV to 161kV,Patterson,Stanislaus,"95363",CA, 
-120.434087441666,37.7045289058699,"1776",SS2101,Bonds Flat, ,Operational,Other,Other,M, ,,YES,,,,,33kV to 92kV,La Grange,Tuolumne,"95329",CA, 
-120.976873017862,37.6668349545071,"1777",SS2102,Briggsmore, ,Operational,Other,Other,M, ,,YES,,,,,33kV to 92kV,Modesto,Stanislaus,"95350",CA, 
-120.919697536151,37.6393834008542,"1778",SS2103,Claus, ,Operational,Other,Other,M, ,,YES,YES,,,,110kV to 161kV,Modesto,Stanislaus,"95357",CA, 
-121.001274040036,37.6521019787047,"1779",SS2104,Enslen, ,Operational,Other,Other,M, ,,YES,,,,,33kV to 92kV,Modesto,Stanislaus,"95354",CA, 
-121.085823022643,37.6824209752264,"1780",SS2105,Finney, ,Operational,Other,Other,M, ,,YES,,,,,33kV to 92kV,Modesto,Stanislaus,"95358",CA, 
-121.013979999389,37.7325109600303,"1781",SS2106,Ladd, ,Operational,Other,Other,M, ,,YES,,,,,33kV to 92kV,Modesto,Stanislaus,"95356",CA, 
-120.954053048823,37.637512970115,"1782",SS2107,Lapham, ,Operational,Other,Other,M, ,,YES,YES,,,,110kV to 161kV,Modesto,Stanislaus,"95354",CA, 
-120.939647737788,37.6488544917632,"1783",SS2108,Lincoln, ,Operational,Other,Other,M, ,,YES,,,,,33kV to 92kV,Modesto,Stanislaus,"95354",CA, 
-120.00777043295,37.5044395333132,"1784",SS2109,Mariposa, ,Operational,PG&E,PG&E,M, ,,YES,,,,,33kV to 92kV,Mariposa,Mariposa,"95338",CA, 
-120.958177034336,37.6675069767129,"1785",SS2110,Oakdale, ,Operational,Other,Other,M, ,,YES,YES,,,,110kV to 161kV,Modesto,Stanislaus,"95355",CA, 
-121.02024103671,37.6216879843006,"1786",SS2111,Paradise, ,Operational,Other,Other,M, ,,YES,,,,,33kV to 92kV,Modesto,Stanislaus,"95351",CA, 
-120.917063765038,37.6679106306051,"1787",SS2112,Parker, ,Operational,Other,Other,M, ,,YES,YES,YES,,,220kV to 287kV,Modesto,Stanislaus,"95355",CA, 
-121.044448006096,37.6646419746288,"1788",SS2113,Poust, ,Operational,Other,Other,M, ,,YES,,,,,33kV to 92kV,Modesto,Stanislaus,"95358",CA, 
-121.027419025227,37.6717109494115,"1789",SS2114,Prescott, ,Operational,Other,Other,M, ,,YES,,,,,33kV to 92kV,Modesto,Stanislaus,"95350",CA, 
-120.773432199415,37.6468898139516,"1790",SS2115,Reinway, ,Operational,Other,Other,M, ,,YES,YES,,,,110kV to 161kV,Waterford,Stanislaus,"95386",CA, 
-120.940081012412,37.6801189718569,"1791",SS2116,Roselle, ,Operational,Other,Other,M, ,,YES,,,,,33kV to 92kV,Modesto,Stanislaus,"95355",CA, 
-120.975138812019,37.6276445014745,"1792",SS2118,Santa Cruz, ,Operational,Other,Other,M, ,,,YES,,,,110kV to 161kV,Modesto,Stanislaus,"95354",CA, 
-120.979513036272,37.6349179814143,"1793",SS2119,Santa Rosa, ,Operational,Other,Other,M, ,,YES,,,,,33kV to 92kV,Modesto,Stanislaus,"95354",CA, 
-121.051974985052,37.6847369775026,"1794",SS2120,Sisk, ,Operational,Other,Other,M, ,,YES,,,,,33kV to 92kV,Modesto,Stanislaus,"95356",CA, 
-121.021091244986,37.6903918188443,"1795",SS2121,Standiford, ,Operational,Other,Other,M, ,,YES,YES,,,,110kV to 161kV,Modesto,Stanislaus,"95356",CA, 
-121.068644005665,37.7040579730111,"1796",SS2122,Stoddard, ,Operational,Other,Other,M, ,,YES,,,,,33kV to 92kV,Modesto,Stanislaus,"95356",CA, 
-120.976606037606,37.6884109447662,"1797",SS2123,Sylvan, ,Operational,Other,Other,M, ,,YES,,,,,33kV to 92kV,Modesto,Stanislaus,"95350",CA, 
-121.003806010514,37.6858679770628,"1798",SS2125,Woodrow, ,Operational,Other,Other,M, ,,YES,,,,,33kV to 92kV,Modesto,Stanislaus,"95350",CA, 
-121.231123323533,37.5169380202516,"1799",SS2126,Westley, ,Operational,Other,Other,M, ,,,,YES,,,220kV to 287kV,Patterson,Stanislaus,"95363",CA, 
-120.802447847296,37.7419746116209,"1800",SS2127,Warnerville, ,Operational,Other,Other,M, ,,,YES,YES,,,220kV to 287kV,Oakdale,Stanislaus,"95361",CA, 
-120.956173012433,37.6089004220629,"1801",SS2128,Ceres, ,Operational,Other,Other,M, ,,YES,,,,,33kV to 92kV,Ceres,Stanislaus,"95307",CA, 
-120.867550410808,37.5165750622906,"1802",SS2129,College, ,Operational,Other,Other,M, ,,YES,,,,,33kV to 92kV,Turlock,Stanislaus,"95382",CA, 
-120.740212087915,37.4626587417421,"1803",SS2130,Cortez, ,Operational,Other,Other,M, ,,YES,YES,,,,110kV to 161kV,Turlock,Merced,"95380",CA, 
-120.866859062687,37.5007099679883,"1804",SS2132,Fairground, ,Operational,Other,Other,M, ,,YES,,,,,33kV to 92kV,Turlock,Stanislaus,"95380",CA, 
-120.843525473375,37.5226285842908,"1805",SS2133,Geer, ,Operational,Other,Other,M, ,,YES,,,,,33kV to 92kV,Hughson,Stanislaus,"95326",CA, 
-120.975774068646,37.5799408340982,"1806",SS2134,Gilstrap, ,Operational,Other,Other,M, ,,YES,,,,,33kV to 92kV,Modesto,Stanislaus,"95358",CA, 
-120.645362192923,37.5798618096967,"1807",SS2135,Hawkins, ,Operational,Other,Other,M, ,,YES,,,,,33kV to 92kV,Denair,Stanislaus,"95316",CA, 
-120.84879507392,37.4189429857408,"1808",SS2136,Hilmar, ,Operational,Other,Other,M, ,,,YES,,,,110kV to 161kV,Hilmar,Merced,"95324",CA, 
-120.846955963918,37.5950636899369,"1809",SS2137,Hughson, ,Operational,Other,Other,M, ,,YES,YES,,,,110kV to 161kV,Hughson,Stanislaus,"95326",CA, 
-120.866791624149,37.4785967162149,"1810",SS2138,Industrial, ,Operational,Other,Other,M, ,,YES,,,,,33kV to 92kV,Turlock,Stanislaus,"95380",CA, 
-120.771281490517,37.5514560669571,"1811",SS2139,Montpellier, ,Operational,Other,Other,M, ,,YES,,,,,33kV to 92kV,Denair,Stanislaus,"95316",CA, 
-120.935633044349,37.5870369830247,"1812",SS2140,Roeding, ,Operational,Other,Other,M, ,,YES,,,,,33kV to 92kV,Ceres,Stanislaus,"95307",CA, 
-120.846711802876,37.6098265727155,"1813",SS2142,Tuolumne, ,Operational,Other,Other,M, ,,YES,YES,,,,110kV to 161kV,Hughson,Stanislaus,"95326",CA, 
-120.993958757538,37.5224798358322,"1814",SS2144,Westport, ,Operational,Other,Other,M, ,,YES,,,,,33kV to 92kV,Ceres,Stanislaus,"95307",CA, 
-121.308357329567,37.5539855453681,"1815",SS2145,Modesto Energy, ,Operational,Other,Other,M, ,,,YES,,,,110kV to 161kV,Patterson,Stanislaus,"95363",CA, 
-121.126435565524,37.4717210988231,"1816",SS2146,Patterson, ,Operational,Other,Other,M, ,,YES,,,,,33kV to 92kV,Patterson,Stanislaus,"95363",CA, 
-120.907831795958,37.7691980193694,"1817",SS2147,Riverbank, ,Operational,PG&E,PG&E,M, ,,,YES,,,,110kV to 161kV,Oakdale,Stanislaus,"95361",CA, 
-121.147469026057,37.4219429821188,"1818",SS2148,Salado, ,Operational,PG&E,PG&E,M, ,,,YES,,,,110kV to 161kV,Patterson,Stanislaus,"95363",CA, 
-120.826445807235,37.7726516887309,"1819",SS2150,Cottle, ,Operational,PG&E,PG&E,M, ,,,,YES,,,220kV to 287kV,Oakdale,Stanislaus,"95361",CA, 
-121.085889768952,37.3773783222738,"1820",SS2151,Crows Landing, ,Operational,PG&E,PG&E,M, ,,YES,,,,,33kV to 92kV,Newman,Stanislaus,"95360",CA, 
-120.845282015242,37.7509292047207,"1821",SS2152,Hershey, ,Operational,PG&E,PG&E,M, ,,,YES,,,,110kV to 161kV,Oakdale,Stanislaus,"95361",CA, 
-121.11820650787,37.2531839925853,"1822",SS2153,Miller, ,Operational,Other,Other,M, ,,YES,,YES,,,220kV to 287kV,Newman,Stanislaus,"95360",CA, 
-121.01500098034,37.3155811067649,"1823",SS2154,Newman, ,Operational,PG&E,PG&E,M, ,,YES,,,,,33kV to 92kV,Newman,Stanislaus,"95360",CA, 
-121.140700924059,37.3859644405612,"1824",SS2155,Stanislaus Resource Recovery Facility, ,Operational,Other,Other,M, ,,,YES,,,,110kV to 161kV,Newman,Stanislaus,"95360",CA, 
-121.655146132141,38.7848046950742,"1825",SS2156,Rclm. Dist. 1500, ,Operational,Other,Other,M, ,,YES,,,,,33kV to 92kV,Knights Landing,Sutter,"95645",CA, 
-121.597621960998,38.7901805309927,"1826",SS2157,Rclm. Dist. 1001, ,Operational,Other,Other,M, ,,YES,,,,,33kV to 92kV,Nicolaus,Sutter,"95659",CA, 
-121.689834553349,39.069211280822,"1827",SS2158,Barry, ,Operational,PG&E,PG&E,M, ,,YES,,,,,33kV to 92kV,Yuba City,Sutter,"95993",CA, 
-121.516400815145,38.8088429097988,"1828",SS2159,Catlett, ,Operational,PG&E,PG&E,M, ,,YES,,,,,33kV to 92kV,Pleasant Grove,Sutter,"95668",CA, 
-121.542485043514,38.909697427828,"1829",SS2160,East Nicolaus, ,Operational,PG&E,PG&E,M, ,,YES,YES,,,,110kV to 161kV,Nicolaus,Sutter,"95659",CA, 
-121.696233014373,39.0517957501421,"1830",SS2161,Sutter,GREENLEAF,Operational,Other,Other,M,SUT,,,,YES,,,220kV to 287kV,Yuba City,Sutter,"95993",CA, 
-121.648001996378,39.1432767902761,"1831",SS2162,Harter, ,Operational,PG&E,PG&E,U, ,,YES,,,,,33kV to 92kV,Yuba City,Sutter,"95993",CA, 
-121.660286574358,39.2763848858237,"1832",SS2163,Live Oak, ,Operational,PG&E,PG&E,U, ,,YES,,,,,33kV to 92kV,Live Oak,Sutter,"95953",CA, 
-121.910517768045,39.1449485472242,"1833",SS2164,Meridian, ,Operational,Other,Other,U, ,,YES,,,,,33kV to 92kV,Meridian,Sutter,"95957",CA, 
-121.661296273227,39.170227368987,"1834",SS2165,Pease, ,Operational,PG&E,PG&E,U, ,,YES,YES,,,,110kV to 161kV,Yuba City,Sutter,"95993",CA, 
-121.79314921974,38.8624112776674,"1835",SS2166,Rclm. Dist. 108, ,Operational,Other,Other,M, ,,YES,,,,,33kV to 92kV,Knights Landing,Yolo,"95645",CA, 
-121.466829742282,38.9351738417872,"1836",SS2168,Rio Oso, ,Operational,PG&E,PG&E,M, ,,,YES,YES,,,220kV to 287kV,Rio Oso,Sutter,"95674",CA, 
-121.635104171098,38.9816739467332,"1837",SS2169,Tudor, ,Operational,PG&E,PG&E,M, ,,YES,,,,,33kV to 92kV,Yuba City,Sutter,"95993",CA, 
-122.382204873328,40.3824532297544,"1838",SS2170,Olinda (Vic Fazio), ,Operational,Other,Other,U, ,,,,YES,YES,,345kV to 500kV,Cottonwood,Shasta,"96022",CA, 
-122.18757622238,39.9324263803947,"1839",SS2171,Corning, ,Operational,PG&E,PG&E,U, ,,YES,,,,,33kV to 92kV,Corning,Tehama,"96021",CA, 
-122.098342840724,40.1280184259681,"1840",SS2172,Dairyville, ,Operational,PG&E,PG&E,U, ,,YES,,,,,33kV to 92kV,Red Bluff,Tehama,"96080",CA, 
-122.156043762512,40.0640949317501,"1841",SS2173,Gerber, ,Operational,PG&E,PG&E,U, ,,YES,,,,,33kV to 92kV,Gerber,Tehama,"96035",CA, 
-122.096104317732,40.0341947306409,"1842",SS2174,Los Molinos, ,Operational,PG&E,PG&E,U, ,,YES,,,,,33kV to 92kV,Los Molinos,Tehama,"96055",CA, 
-122.213009608323,40.1499681968706,"1843",SS2175,Rawson, ,Operational,PG&E,PG&E,U, ,,YES,,,,,33kV to 92kV,Red Bluff,Tehama,"96080",CA, 
-122.199453435689,40.1457360699268,"1844",SS2176,Red Bank,CORNING PP,Operational,PG&E,PG&E,U,CRN,,YES,,,,,33kV to 92kV,Red Bluff,Tehama,"96080",CA, 
-122.244604249418,40.1823814680984,"1845",SS2177,Red Bluff, ,Operational,PG&E,PG&E,U, ,,YES,,,,,33kV to 92kV,Red Bluff,Tehama,"96080",CA, 
-122.208827396028,40.1384696015912,"1846",SS2178,Tyler, ,Operational,PG&E,PG&E,U, ,,YES,,,,,33kV to 92kV,Red Bluff,Tehama,"96080",CA, 
-122.041688069915,39.9416319069675,"1847",SS2179,Vina, ,Operational,PG&E,PG&E,U, ,,YES,,,,,33kV to 92kV,Corning,Tehama,"96021",CA, 
-123.497896252849,40.6468267119744,"1848",SS2180,Big Creek, ,Operational,PG&E,PG&E,U, ,,YES,,,,,33kV to 92kV,Hyampom,Trinity,"96046",CA, 
-123.209340402637,40.7415632786205,"1849",SS2182,Big Bar, ,Operational,Other,Other,U, ,,YES,,,,,33kV to 92kV,Big Bar,Trinity,"96010",CA, 
-122.946694418175,40.6463847492361,"1850",SS2183,Douglas City, ,Operational,Other,Other,U, ,,YES,,,,,33kV to 92kV,Douglas City,Trinity,"96024",CA, 
-123.33886904851,40.3783294164096,"1851",SS2184,Forest Glen, ,Operational,Other,Other,U, ,,,YES,,,,110kV to 161kV,Southeast Trinity County,Trinity,"00039",CA, 
-123.530161971336,40.7126209582802,"1852",SS2185,Grouse Creek, ,Operational,Other,Other,U, ,,YES,YES,,,,110kV to 161kV,Hyampom,Trinity,"96046",CA, 
-123.162866011368,40.5523390373997,"1853",SS2186,Hayfork, ,Operational,Other,Other,U, ,,YES,,,,,33kV to 92kV,Hayfork,Trinity,"96041",CA, 
-123.48932385563,40.6374141729409,"1854",SS2187,Hyampom, ,Operational,Other,Other,U, ,,YES,,,,,33kV to 92kV,Hyampom,Trinity,"96046",CA, 
-122.807934895435,40.7117605353191,"1855",SS2188,Lewiston, ,Operational,Other,Other,U, ,,YES,,,,,33kV to 92kV,Lewiston,Trinity,"96052",CA, 
-123.472677426871,40.4332440635395,"1856",SS2189,Low Gap, ,Operational,PG&E,PG&E,U, ,,,YES,,,,110kV to 161kV,Bridgeville,Trinity,"95526",CA, 
-122.93441719643,40.7180249700004,"1857",SS2190,Trinity, ,Operational,PG&E,PG&E,U, ,,YES,YES,,,,110kV to 161kV,Weaverville,Trinity,"96093",CA, 
-122.938653826204,40.7232232558158,"1858",SS2191,Mill St., ,Operational,Other,Other,U, ,,YES,,,,,33kV to 92kV,Weaverville,Trinity,"96093",CA, 
-123.04409036219,40.3871646446148,"1859",SS2192,Wildwood, ,Operational,PG&E,PG&E,U, ,,,YES,,,,110kV to 161kV,Platina,Trinity,"96076",CA, 
-119.456823557076,35.9633589025209,"1860",SS2193,Alpaugh, ,Operational,PG&E,PG&E,L, ,,,YES,,,,110kV to 161kV,Corcoran,Tulare,"93212",CA, 
-119.394295733966,36.5202255331471,"1861",SS2194,Dinuba, ,Operational,Other,Other,L, ,,YES,,,,,33kV to 92kV,Dinuba,Tulare,"93618",CA, 
-119.251406859595,36.544831070348,"1862",SS2195,Orosi, ,Operational,PG&E,PG&E,L, ,,YES,,,,,33kV to 92kV,Orosi,Tulare,"93647",CA, 
-119.187997961456,36.4721087194556,"1863",SS2196,Stone Corral, ,Operational,PG&E,PG&E,L, ,,YES,,,,,33kV to 92kV,Visalia,Tulare,"93292",CA, 
-119.20658177159,36.1669214580124,"1864",SS2197,Bliss, ,Operational,SCE,SCE,L, ,,YES,,,,,33kV to 92kV,Strathmore,Tulare,"93267",CA, 
-118.821501454875,36.1265255459842,"1865",SS2198,Boxwood, ,Operational,SCE,SCE,L, ,,YES,,,,,33kV to 92kV,Springville,Tulare,"93265",CA, 
-119.305058203521,35.7787480009311,"1866",SS2199,Captive, ,Operational,SCE,SCE,L, ,,YES,,,,,33kV to 92kV,Delano,Kern,"93215",CA, 
-119.296443092344,36.4144977308209,"1867",SS2200,Chatham, ,Operational,SCE,SCE,L, ,,YES,,,,,33kV to 92kV,Visalia,Tulare,"93291",CA, 
-119.209990219797,35.8343005097502,"1868",SS2201,Columbine, ,Operational,SCE,SCE,L, ,,YES,,,,,33kV to 92kV,Delano,Tulare,"93215",CA, 
-119.334172518509,36.1854369694118,"1869",SS2202,Protein, ,Operational,SCE,SCE,L, ,,YES,,,,,33kV to 92kV,Tulare,Tulare,"93274",CA, 
-119.250779783201,35.8922520155876,"1870",SS2203,Earlimart, ,Operational,SCE,SCE,L, ,,YES,,,,,33kV to 92kV,Earlimart,Tulare,"93219",CA, 
-119.392059152379,36.3427131885555,"1871",SS2204,Elcans, ,Operational,SCE,SCE,L, ,,YES,,,,,33kV to 92kV,Visalia,Tulare,"93291",CA, 
-119.439145731556,36.3265449905563,"1872",SS2205,Goshen, ,Operational,SCE,SCE,L, ,,YES,,,,,33kV to 92kV,Visalia,Tulare,"93277",CA, 
-119.007705862969,36.415449460633,"1873",SS2206,Kawgen, ,Operational,SCE,SCE,L, ,,YES,,,,,33kV to 92kV,Lemon Cove,Tulare,"93244",CA, 
-119.475520752051,36.2399199889375,"1874",SS2207,Laurel, ,Operational,SCE,SCE,L, ,,YES,,,,,33kV to 92kV,Tulare,Tulare,"93274",CA, 
-119.026336537372,36.3866976321292,"1875",SS2208,Lemon Cove, ,Operational,SCE,SCE,L, ,,YES,,,,,33kV to 92kV,Woodlake,Tulare,"93286",CA, 
-119.332154141787,36.2830699684373,"1876",SS2209,Liberty, ,Operational,SCE,SCE,L, ,,YES,,,,,33kV to 92kV,Visalia,Tulare,"93277",CA, 
-119.092007428056,36.2042958895872,"1877",SS2210,Lindsay, ,Operational,SCE,SCE,L, ,,YES,,,,,33kV to 92kV,Lindsay,Tulare,"93247",CA, 
-119.329209118304,36.1313982067237,"1878",SS2211,Lourich, ,Operational,SCE,SCE,L, ,,YES,,,,,33kV to 92kV,Tulare,Tulare,"93274",CA, 
-119.160632037228,35.8054656848897,"1879",SS2212,Mariposa, ,Operational,SCE,SCE,L, ,,YES,,,,,33kV to 92kV,Delano,Tulare,"93215",CA, 
-119.367273526491,36.3413644110929,"1880",SS2213,Oak Grove, ,Operational,SCE,SCE,L, ,,YES,,,,,33kV to 92kV,Visalia,Tulare,"93291",CA, 
-119.394507745914,36.1237242183357,"1881",SS2214,Octol, ,Operational,SCE,SCE,L, ,,YES,,,,,33kV to 92kV,Tulare,Tulare,"93274",CA, 
-119.303347311912,35.9647157498091,"1882",SS2215,Pixley, ,Operational,SCE,SCE,L, ,,YES,,,,,33kV to 92kV,Pixley,Tulare,"93256",CA, 
-119.144084712777,35.9937588361829,"1883",SS2216,Poplar, ,Operational,SCE,SCE,L, ,,YES,,,,,33kV to 92kV,Porterville,Tulare,"93257",CA, 
-119.034687834934,36.0673788844738,"1884",SS2217,Porterville, ,Operational,SCE,SCE,L, ,,YES,,,,,33kV to 92kV,Porterville,Tulare,"93257",CA, 
-119.244556885498,36.3043005297111,"1885",SS2218,Rector, ,Operational,SCE,SCE,L, ,,YES,,YES,,,220kV to 287kV,Visalia,Tulare,"93292",CA, 
-118.93804584272,36.1079525541653,"1886",SS2219,Springville, ,Operational,SCE,SCE,L, ,,YES,,YES,,,220kV to 287kV,Porterville,Tulare,"93257",CA, 
-119.057906973521,36.1458477578223,"1887",SS2220,Strathmore, ,Operational,SCE,SCE,L, ,,YES,,,,,33kV to 92kV,Strathmore,Tulare,"93267",CA, 
-119.018466889732,35.9639188049726,"1888",SS2221,Terra Bella, ,Operational,SCE,SCE,L, ,,YES,,,,,33kV to 92kV,Terra Bella,Tulare,"93270",CA, 
-118.887904119919,36.4534810530484,"1889",SS2222,Three Rivers, ,Operational,SCE,SCE,L, ,,YES,,,,,33kV to 92kV,Three Rivers,Tulare,"93271",CA, 
-119.304199411646,36.0518806597198,"1890",SS2223,Tipton, ,Operational,SCE,SCE,L, ,,YES,,,,,33kV to 92kV,Tipton,Tulare,"93272",CA, 
-119.330581889262,36.213269990093,"1891",SS2224,Tulare, ,Operational,SCE,SCE,L, ,,YES,,,,,33kV to 92kV,Tulare,Tulare,"93274",CA, 
-119.189123078877,36.4142897885817,"1892",SS2226,Venice Hill, ,Operational,SCE,SCE,L, ,,YES,,,,,33kV to 92kV,Visalia,Tulare,"93292",CA, 
-119.134584692586,36.3253643966464,"1893",SS2227,Venida, ,Operational,SCE,SCE,L, ,,YES,,,,,33kV to 92kV,Exeter,Tulare,"93221",CA, 
-119.085035482514,35.8417385074924,"1894",SS2228,Vestal, ,Operational,SCE,SCE,L, ,,YES,,YES,,,220kV to 287kV,California Hot Springs,Tulare,"93207",CA, 
-119.278948543463,36.3297894227882,"1895",SS2229,Visalia, ,Operational,SCE,SCE,L, ,,YES,,,,,33kV to 92kV,Visalia,Tulare,"93292",CA, 
-119.144448578491,35.9108311097282,"1896",SS2230,Wheatland, ,Operational,SCE,SCE,L, ,,YES,,,,,33kV to 92kV,Earlimart,Tulare,"93219",CA, 
-119.179131741006,36.0805616433072,"1897",SS2231,Woodville, ,Operational,SCE,SCE,L, ,,YES,,,,,33kV to 92kV,Porterville,Tulare,"93257",CA, 
-120.381442170689,38.1445549463681,"1898",SS2232,Sierra, ,Operational,Other,Other,M, ,,,YES,YES,,,220kV to 287kV,Murphys,Calaveras,"95247",CA, 
-119.965763212062,37.8751476575221,"1899",SS2233,Early Intake, ,Operational,Other,Other,M, ,,,YES,,,,110kV to 161kV,Groveland,Tuolumne,"95321",CA, 
-120.478503898797,37.8747409944027,"1900",SS2234,Pacific Ultra Power Chinese Sta., ,Operational,PG&E,PG&E,M, ,,,YES,,,,110kV to 161kV,Jamestown,Tuolumne,"95327",CA, 
-120.31989390386,37.9744274486469,"1901",SS2235,Curtis, ,Operational,PG&E,PG&E,M, ,,,YES,,,,110kV to 161kV,Sonora,Tuolumne,"95370",CA, 
-120.315655586542,37.974341174568,"1902",SS2236,Fibreboard Standard Spi, ,Operational,Other,Other,M, ,,,YES,,,,110kV to 161kV,Sonora,Tuolumne,"95370",CA, 
-120.217122050123,38.0528892554191,"1903",SS2237,Mi-Wuk, ,Operational,PG&E,PG&E,M, ,,,YES,,,,110kV to 161kV,Twain Harte,Tuolumne,"95383",CA, 
-120.497798334106,37.9037333374066,"1904",SS2238,Peoria, ,Operational,PG&E,PG&E,M, ,,,YES,,,,110kV to 161kV,Jamestown,Tuolumne,"95327",CA, 
-120.414165129507,37.9799056828635,"1905",SS2239,Racetrack, ,Operational,PG&E,PG&E,M, ,,,YES,,,,110kV to 161kV,Sonora,Tuolumne,"95370",CA, 
-118.871745587094,34.1875515838443,"1906",SS2240,Thousand Oaks, ,Operational,SCE,SCE,L, ,,YES,,,,,33kV to 92kV,Thousand Oaks,Ventura,"91360",CA, 
-118.710010644374,34.2298086485783,"1907",SS2241,Burro Flats, ,Operational,SCE,SCE,L, ,,YES,,,,,33kV to 92kV,West Hills,Ventura,"91307",CA, 
-119.008571008117,34.2207229536341,"1908",SS2242,Camarillo, ,Operational,SCE,SCE,L, ,,YES,,,,,33kV to 92kV,Camarillo,Ventura,"93012",CA, 
-119.047609927748,34.161895196294,"1909",SS2243,Camgen, ,Operational,SCE,SCE,L, ,,YES,,,,,33kV to 92kV,Camarillo,Ventura,"93012",CA, 
-119.309357175186,34.3623696973533,"1910",SS2244,Casitas, ,Operational,SCE,SCE,L, ,,YES,,,,,220kV to 287kV,Ventura,Ventura,"93001",CA, 
-119.222184628454,34.1816691786863,"1911",SS2245,Channel Island, ,Operational,SCE,SCE,L, ,,YES,,,,,33kV to 92kV,Oxnard,Ventura,"93035",CA, 
-119.140126538398,34.2105285096723,"1912",SS2246,Charmin, ,Operational,SCE,SCE,L, ,,YES,,,,,33kV to 92kV,Oxnard,Ventura,"93030",CA, 
-118.702879370237,34.236756256539,"1913",SS2247,Chatsworth, ,Operational,SCE,SCE,L, ,,YES,,,,,33kV to 92kV,Simi Valley,Ventura,"93063",CA, 
-119.096343227384,34.2046229675096,"1914",SS2248,Colonia, ,Operational,SCE,SCE,L, ,,YES,,,,,33kV to 92kV,Camarillo,Ventura,"93010",CA, 
-119.095654302077,34.14596464386,"1915",SS2250,Estero, ,Operational,SCE,SCE,L, ,,YES,,,,,33kV to 92kV,Oxnard,Ventura,"93033",CA, 
-118.710343382023,34.2317923859302,"1916",SS2251,Etec-Gen, ,Operational,SCE,SCE,L, ,,YES,,,,,33kV to 92kV,Simi Valley,Ventura,"93063",CA, 
-118.920765483425,34.40883962718,"1917",SS2252,Fillmore, ,Operational,SCE,SCE,L, ,,YES,,,,,33kV to 92kV,Fillmore,Ventura,"93015",CA, 
-119.263116641008,34.320544161532,"1918",SS2253,Getty, ,Operational,SCE,SCE,L, ,,YES,,,,,33kV to 92kV,Ventura,Ventura,"93001",CA, 
-119.175784869941,34.2261896276298,"1919",SS2254,Gonzales, ,Operational,SCE,SCE,L, ,,YES,,,,,33kV to 92kV,Oxnard,Ventura,"93036",CA, 
-119.156732086091,34.1738479706569,"1920",SS2255,Levy, ,Operational,SCE,SCE,L, ,,YES,,,,,33kV to 92kV,Oxnard,Ventura,"93033",CA, 
-118.902994302608,34.2809227708788,"1921",SS2256,Moorpark, ,Operational,SCE,SCE,L, ,,YES,,YES,,,220kV to 287kV,Moorpark,Ventura,"93021",CA, 
-118.93099046574,34.1960812735955,"1922",SS2257,Newbury, ,Operational,SCE,SCE,L, ,,YES,,,,,33kV to 92kV,Newbury Park,Ventura,"91320",CA, 
-118.784688795056,34.1861806927895,"1923",SS2258,Oak Park, ,Operational,SCE,SCE,L, ,,YES,,,,,33kV to 92kV,Oak Park,Ventura,"91377",CA, 
-119.242394598724,34.4456181434224,"1924",SS2259,Ojai, ,Operational,SCE,SCE,L, ,,YES,,,,,33kV to 92kV,Ojai,Ventura,"93023",CA, 
-119.174295981699,34.197161845459,"1925",SS2260,Oxnard, ,Operational,SCE,SCE,L, ,,YES,,,,,33kV to 92kV,Oxnard,Ventura,"93030",CA, 
-118.834772714522,34.1617211574264,"1926",SS2261,Potrero, ,Operational,SCE,SCE,L, ,,YES,,,,,33kV to 92kV,Westlake Village,Ventura,"91361",CA, 
-119.140009876785,34.211467405291,"1927",SS2262,Procgen, ,Operational,SCE,SCE,L, ,,YES,,,,,33kV to 92kV,Oxnard,Ventura,"93030",CA, 
-118.704416026857,34.2283255345835,"1928",SS2263,Rocketdyne, ,Operational,SCE,SCE,L, ,,YES,,,,,33kV to 92kV,Simi Valley,Ventura,"93063",CA, 
-118.779446043882,34.2784284896158,"1929",SS2264,Royal, ,Operational,SCE,SCE,L, ,,YES,,,,,33kV to 92kV,Simi Valley,Ventura,"93065",CA, 
-119.241879297672,34.2560729580279,"1930",SS2265,San Miguel, ,Operational,SCE,SCE,L, ,,YES,,,,,33kV to 92kV,Ventura,Ventura,"93003",CA, 
-119.184925994104,34.3022612483245,"1931",SS2266,Santa Clara, ,Operational,SCE,SCE,L, ,,YES,,YES,,,220kV to 287kV,Santa Paula,Ventura,"93060",CA, 
-118.717073831621,34.2795590370133,"1932",SS2267,Santa Susana, ,Operational,SCE,SCE,L, ,,YES,,,,,33kV to 92kV,Simi Valley,Ventura,"93063",CA, 
-119.166611072342,34.3006077541355,"1933",SS2268,Saticoy, ,Operational,SCE,SCE,L, ,,YES,,,,,33kV to 92kV,Santa Paula,Ventura,"93060",CA, 
-119.034824642859,34.2097302191053,"1934",SS2269,Three M, ,Operational,Other,Other,L, ,,YES,,,,,33kV to 92kV,Camarillo,Ventura,"93012",CA, 
-119.258878091602,34.2392712471466,"1935",SS2270,Shore, ,Operational,SCE,SCE,L, ,,YES,,,,,33kV to 92kV,Ventura,Ventura,"93001",CA, 
-119.010743223589,34.2642673956155,"1936",SS2271,Somis, ,Operational,SCE,SCE,L, ,,YES,,,,,33kV to 92kV,Somis,Ventura,"93066",CA, 
-119.31045304252,34.317057268743,"1937",SS2272,Tayshell, ,Operational,SCE,SCE,L, ,,YES,,,,,33kV to 92kV,Ventura,Ventura,"93001",CA,Known as ventura substation from ventura county general plan
-118.705931834239,34.2279729395739,"1938",SS2273,Thrust, ,Operational,SCE,SCE,L, ,,YES,,,,,33kV to 92kV,West Hills,Ventura,"91307",CA, 
-118.79633397056,34.3878332628883,"1939",SS2275,Torrey, ,Operational,SCE,SCE,L, ,,YES,,,,,33kV to 92kV,Fillmore,Ventura,"93015",CA, 
-119.246726428638,34.2077617946474,"1940",SS2276,Unioil, ,Operational,SCE,SCE,L, ,,YES,,,,,33kV to 92kV,Oxnard,Ventura,"93035",CA, 
-119.055890637232,34.3564371427322,"1941",SS2277,Wakefield, ,Operational,SCE,SCE,L, ,,YES,,,,,33kV to 92kV,Santa Paula,Ventura,"93060",CA, 
-119.167063663274,34.1307961962291,"1942",SS2278,Ormond Beach, ,Operational,SCE,SCE,L, ,,YES,,YES,,,220kV to 287kV,Oxnard,Ventura,"93033",CA, 
-122.369556433279,38.8365904860961,"1943",SS2279,Homestake,HOMESTAKE MINING CO.,Operational,Other,Other,M, ,,,YES,,,,110kV to 161kV,Napa,Napa,"94558",CA, 
-121.734215253185,38.5452031269012,"1944",SS2282,Davis, ,Operational,Other,Other,M, ,,YES,YES,,,,110kV to 161kV,Davis,Yolo,"95616",CA, 
-121.559998987348,38.5515631115988,"1945",SS2283,Deepwater, ,Operational,PG&E,PG&E,M, ,,,YES,,,,110kV to 161kV,West Sacramento,Yolo,"95691",CA, 
-121.989468947765,38.9250014135013,"1946",SS2284,Dunnigan, ,Operational,PG&E,PG&E,M, ,,YES,,,,,33kV to 92kV,Dunnigan,Yolo,"95937",CA, 
-121.745081560459,38.8092787045117,"1947",SS2285,Knights Landing, ,Operational,PG&E,PG&E,M, ,,YES,YES,,,,110kV to 161kV,Knights Landing,Yolo,"95645",CA, 
-121.969333726403,38.6706809628629,"1948",SS2286,Madison, ,Operational,PG&E,PG&E,M, ,,YES,,,,,33kV to 92kV,Madison,Yolo,"95653",CA, 
-121.794448089248,38.619258952249,"1949",SS2287,Plainfield, ,Operational,PG&E,PG&E,M, ,,YES,,,,,33kV to 92kV,Woodland,Yolo,"95695",CA, 
-121.995067705137,38.5228217166605,"1950",SS2288,Putah Creek, ,Operational,PG&E,PG&E,M, ,,,YES,,,,110kV to 161kV,Winters,Yolo,"95694",CA, 
-121.544887960026,38.589509903894,"1951",SS2289,West Sacramento, ,Operational,PG&E,PG&E,M, ,,YES,YES,,,,110kV to 161kV,West Sacramento,Yolo,"95605",CA, 
-121.858153671317,38.7756501513125,"1952",SS2291,Zamora, ,Operational,PG&E,PG&E,M, ,,,YES,,,,110kV to 161kV,Woodland,Yolo,"95695",CA, 
-121.623966031533,39.0958982906714,"1953",SS2294,Bogue, ,Operational,PG&E,PG&E,U, ,,YES,YES,,,,110kV to 161kV,Yuba City,Sutter,"95991",CA, 
-121.422759847681,39.2258643122137,"1954",SS2295,Browns  Valley, ,Operational,PG&E,PG&E,U, ,,YES,,,,,33kV to 92kV,Marysville,Yuba,"95901",CA, 
-121.220305435294,39.4852540817547,"1955",SS2296,Challenge, ,Operational,PG&E,PG&E,U, ,,YES,,,,,33kV to 92kV,Challenge,Yuba,"95925",CA, 
-121.191491518924,39.3309626235273,"1956",SS2297,Colgate, ,Operational,PG&E,PG&E,U, ,,YES,,YES,,,220kV to 287kV,Dobbins,Yuba,"95935",CA, 
-121.194914020846,39.3398713493814,"1957",SS2298,Dobbins, ,Operational,PG&E,PG&E,U, ,,YES,,,,,33kV to 92kV,Dobbins,Yuba,"95935",CA, 
-121.561042360315,39.1634327995321,"1958",SS2299,East Marysville, ,Operational,PG&E,PG&E,U, ,,YES,,,,,33kV to 92kV,Marysville,Yuba,"95901",CA, 
-121.637122478068,39.2475628153891,"1959",SS2300,Encinal, ,Operational,PG&E,PG&E,U, ,,YES,,,,,33kV to 92kV,Live Oak,Sutter,"95953",CA, 
-121.54633583236,39.0514596992282,"1960",SS2301,Feather River, ,Operational,Other,Other,M, ,,YES,,,,,33kV to 92kV,Marysville,Yuba,"95901",CA, 
-121.58346101371,39.1400246437235,"1961",SS2302,Marysville, ,Operational,PG&E,PG&E,U, ,,YES,,,,,33kV to 92kV,Marysville,Yuba,"95901",CA, 
-121.54295996222,39.0920645924981,"1962",SS2303,Olivehurst, ,Operational,PG&E,PG&E,U, ,,,YES,,,,110kV to 161kV,Olivehurst,Yuba,"95961",CA, 
-121.543038788133,39.0262409493409,"1963",SS2304,Plumas, ,Operational,PG&E,PG&E,M, ,,YES,,,,,33kV to 92kV,Marysville,Yuba,"95901",CA, 
-121.418603107897,39.0131421098827,"1964",SS2305,Wheatland, ,Operational,PG&E,PG&E,M, ,,YES,,,,,33kV to 92kV,Wheatland,Yuba,"95692",CA, 
-121.638335060435,39.1391257417391,"1965",SS2306,Yuba City Sta. A, ,Operational,PG&E,PG&E,U, ,,YES,,,,,33kV to 92kV,Yuba City,Sutter,"95993",CA, 
-121.414988976453,39.2032293895747,"1966",SS2307,Yuba Gold Fields, ,Operational,PG&E,PG&E,U, ,,YES,,,,,33kV to 92kV,Marysville,Yuba,"95901",CA, 
-121.302685299756,39.2085287411836,"1967",SS2308,Smartsville Ss,SMARTVILLE SWITCH,Operational,PG&E,PG&E,U, ,,YES,,,,,33kV to 92kV,Smartville,Yuba,"95977",CA, 
-122.276489056283,39.2371828748661,"1968",SS2309,Maxwell, ,Operational,WAPA,WAPA,U, ,,,,,YES,,345kV to 500kV,Stonyford,Colusa,"95979",CA, 
-122.444069091182,40.6103441300453,"1969",SS2310,Keswick, ,Operational,WAPA,WAPA,U,KE,,,,YES,,,220kV to 287kV,Redding,Shasta,"96003",CA, 
-122.421232860582,40.7150079771036,"1970",SS2311,Shasta, ,Operational,WAPA,WAPA,U,SHA,,,,YES,,,220kV to 287kV,Redding,Shasta,"96003",CA, 
-122.424724590116,40.5101003578237,"1971",SS2312,Redding Power, ,Operational,Other,Other,U, ,,,YES,,,,110kV to 161kV,Redding,Shasta,"96001",CA, 
-120.40622252739,39.0779462085158,"1972",SS2316,French Meadows, ,Operational,PG&E,PG&E,U, ,,YES,,,,,33kV to 92kV,Foresthill,Placer,"95631",CA, 
-123.127827230848,39.3619602656643,"1973",SS2318,Potter Valley, ,Operational,PG&E,PG&E,U, ,,YES,,,,,33kV to 92kV,Potter Valley,Mendocino,"95469",CA, 
-120.111934461471,38.186587252424,"1974",SS2319,Spring Gap, ,Operational,PG&E,PG&E,M, ,,,YES,,,,110kV to 161kV,Long Barn,Tuolumne,"95335",CA, 
-122.386459414875,37.7560991196003,"1975",SS2320,Potrero,SAN FRAN A,Operational,Other,Other,M, ,,,YES,,,,110kV to 161kV,San Francisco,San Francisco,"94107",CA,Pg&e closed it and now it is new sub for tbc
-121.786307626921,38.012839560441,"1976",SS2322,G-P Gypsum (Domtar 1),ZELLERBACH,Operational,Other,Other,M, ,,YES,,,,,33kV to 92kV,Antioch,Contra Costa,"94509",CA, 
-121.860688675348,38.0160272543289,"1977",SS2323,GWF 2 (Antioch), ,Operational,Other,Other,M, ,,,YES,,,,110kV to 161kV,Pittsburg,Contra Costa,"94565",CA, 
-120.856001600352,35.3743347738443,"1978",SS2324,Morro Bay, ,Operational,PG&E,PG&E,L, ,,,YES,YES,,,220kV to 287kV,Morro Bay,San Luis Obispo,"93442",CA, 
-119.62132917661,34.9276006869753,"1979",SS2325,Cuyama, ,Operational,PG&E,PG&E,L, ,,YES,,,,,33kV to 92kV,New Cuyama,Santa Barbara,"93254",CA, 
-120.184794697053,34.6479519841996,"1980",SS2326,Santa Ynez Ss,SANTA YNEZ SWITCH,Operational,PG&E,PG&E,L, ,,,YES,,,,110kV to 161kV,Buellton,Santa Barbara,"93427",CA, 
-117.437787460447,34.5516423968902,"1981",SS2327,Adelanto, ,Operational,LADWP,LADWP,L, ,,,,,YES,,345kV to 500kV,Adelanto,San Bernardino,"92301",CA, 
-117.707387446135,34.0992963810442,"1982",SS2328,Claremont, ,Operational,SCE,SCE,L, ,,YES,,,,,33kV to 92kV,Claremont,Los Angeles,"91711",CA, 
-118.264494527058,33.8946532526046,"1983",SS2329,Fremont, ,Operational,SCE,SCE,L, ,,YES,,,,,33kV to 92kV,Compton,Los Angeles,"90220",CA, 
-120.386394589221,37.967175361784,"1984",SS2331,Sonora Mining, ,Operational,PG&E,PG&E,M, ,,,YES,,,,110kV to 161kV,Sonora,Tuolumne,"95370",CA, 
-117.287874167118,33.1228757568369,"1985",SS2332,Palomar Airport,PALOMAR,Operational,SDG&E,SDG&E,L, ,,,,YES,,,220kV to 287kV,Carlsbad,San Diego,"92008",CA, 
-117.22065418409,32.9587461320842,"1986",SS2334,North City West, ,Operational,SDG&E,SDG&E,L, ,,YES,YES,YES,,,220kV to 287kV,San Diego,San Diego,"92130",CA, 
-122.425048782003,40.6789834944217,"1987",SS2335,Flannigan, ,Operational,Other,Other,U,FLN,,,YES,YES,,,220kV to 287kV,Redding,Shasta,"96003",CA, 
-122.608895102828,38.9370562660317,"1988",SS2336,Highlands, ,Operational,PG&E,PG&E,M, ,,,YES,,,,110kV to 161kV,Clearlake,Lake,"95422",CA, 
-120.84642065716,37.4833298550917,"1989",SS2338,South Turlock, ,Operational,Other,Other,M, ,,YES,,,,,33kV to 92kV,Turlock,Stanislaus,"95380",CA, 
-117.06386860927,33.4909534673797,"1990",SS2339,Pechanga, ,Operational,SCE,SCE,L, ,,YES,YES,,,,110kV to 161kV,Temecula,Riverside,"92592",CA, 
-122.369642499961,40.592779513438,"1991",SS2340,Wintun, ,Operational,PG&E,PG&E,U, ,,YES,,,,,33kV to 92kV,Redding,Shasta,"96003",CA, 
-117.628198481258,33.5499768169148,"1992",SS2341,Margarita, ,Operational,SDG&E,SDG&E,L, ,,,YES,,,,110kV to 161kV,San Juan Capistrano,Orange,"92675",CA, 
-117.016080123015,32.6379232351745,"1993",SS2342,Telegraph Canyon, ,Operational,SDG&E,SDG&E,L, ,,,YES,,,,110kV to 161kV,Chula Vista,San Diego,"91910",CA, 
-117.032718662439,32.9414174290103,"1994",SS2343,Pomerado, ,Operational,SDG&E,SDG&E,L, ,,YES,,,,,33kV to 92kV,Poway,San Diego,"92064",CA, 
-117.098463078437,33.1184035202799,"1995",SS2344,Goal Line, ,Operational,SDG&E,SDG&E,L, ,,YES,,,,,33kV to 92kV,Escondido,San Diego,"92025",CA, 
-117.227044206115,32.9019458055316,"1996",SS2345,Eastgate, ,Operational,SDG&E,SDG&E,L, ,,YES,,,,,33kV to 92kV,San Diego,San Diego,"92121",CA, 
-117.238757500081,33.1414813050039,"1997",SS2346,Shadowridge, ,Operational,SDG&E,SDG&E,L, ,,YES,,YES,,,220kV to 287kV,Vista,San Diego,"92081",CA, 
-117.192513571707,32.746142775437,"1998",SS2347,Ntcq, ,Operational,SDG&E,SDG&E,L, ,,YES,,,,,33kV to 92kV,San Diego,San Diego,"92110",CA, 
-117.182443429006,32.7023116978381,"1999",SS2348,Niqf, ,Operational,SDG&E,SDG&E,L, ,,YES,,,,,33kV to 92kV,Coronado,San Diego,"92118",CA, 
-117.247339388436,32.6795404694521,"2000",SS2349,Sithe, ,Operational,SDG&E,SDG&E,L, ,,YES,,,,,33kV to 92kV,San Diego,San Diego,"92106",CA, 
-115.788927220632,32.8266979374778,"2001",SS2350,Dixieland Prison, ,Operational,IID,IID,L, ,,YES,,,,,33kV to 92kV,Thermal,Imperial,"92274",CA, 
-115.565336381844,32.7635980098639,"2002",SS2351,Clark, ,Operational,IID,IID,L, ,,YES,,,,,33kV to 92kV,El Centro,Imperial,"92243",CA, 
-121.703498818181,40.8829591027225,"2003",SS2352,Sierra Pacific Industries Bfp,BFP,Operational,Other,Other,U, ,,YES,,YES,,,220kV to 287kV,Burney,Shasta,"96013",CA, 
-116.287115886901,33.797748282542,"2004",SS2353,Frances Way, ,Operational,IID,IID,L, ,,YES,,,,,33kV to 92kV,Desert Hot Springs,Riverside,"92241",CA, 
-116.363127268342,33.7201886476106,"2005",SS2355,Palm Village,NORTH LA QUINTA,Operational,SCE,SCE,L, ,,YES,,,,,33kV to 92kV,Palm Desert,Riverside,"92260",CA, 
-116.286778936838,33.7141797888884,"2006",SS2356,Laquinta, ,Operational,IID,IID,L, ,,YES,,,,,33kV to 92kV,La Quinta,Riverside,"92253",CA, 
-119.230055010749,38.2183270546983,"2007",SS2357,Bridgeport,BODIE,Operational,SCE,SCE,M, ,YES,,,,,,12kV to 32kV,Bridgeport,Mono,"93517",CA, 
-117.977809720944,33.6459630283228,"2008",SS2358,Huntington Beach, ,Operational,SCE,SCE,L, ,,YES,,YES,,,220kV to 287kV,Huntington Beach,Orange,"92646",CA, 
-114.714556054271,32.7366306474144,"2009",SS2359,Pilot Knob, ,Operational,IID,IID,L, ,,YES,YES,,,,110kV to 161kV,Winterhaven,Imperial,"92283",CA, 
-115.944880345518,33.3277114129651,"2010",SS2360,Cahuilla, ,Operational,IID,IID,L, ,,YES,,,,,33kV to 92kV,Thermal,Imperial,"92274",CA, 
-117.353561957603,34.0606804093109,"2011",SS2361,Drews, ,Operational,Other,Other,L, ,,YES,YES,,,,110kV to 161kV,Bloomington,San Bernardino,"92316",CA, 
-117.32233909191,34.063662586477,"2012",SS2362,Hub, ,Operational,Other,Other,L, ,,YES,,,,,33kV to 92kV,Colton,San Bernardino,"92324",CA, 
-117.30666652133,34.0600718079949,"2013",SS2363,Century, ,Operational,Other,Other,L, ,,YES,,,,,33kV to 92kV,Colton,San Bernardino,"92324",CA, 
-121.357210995926,38.7630145627971,"2014",SS2365,Fiddyment Receiving, ,Operational,Other,Other,M,FIY,,YES,,YES,,,220kV to 287kV,Roseville,Placer,"95747",CA, 
-121.723369369388,39.0239886722559,"2015",SS2366,O'Banion, ,Operational,WAPA,WAPA,M,OBN,,,,,YES,,345kV to 500kV,Yuba City,Sutter,"95993",CA, 
-121.927665692591,37.411166262996,"2016",SS2367,River Oaks, ,Operational,PG&E,PG&E,M, ,,,YES,,,,110kV to 161kV,San Jose,Santa Clara,"95134",CA, 
-121.959856768835,37.4206981550874,"2017",SS2368,Nortech, ,Operational,PG&E,PG&E,M, ,,,YES,,,,110kV to 161kV,San Jose,Santa Clara,"95134",CA, 
-121.932917786113,37.4274652638013,"2018",SS2369,Los Esteros, ,Operational,PG&E,PG&E,M, ,,,YES,YES,,,220kV to 287kV,San Jose,Santa Clara,"95134",CA, 
-121.951457993745,37.4300517949311,"2019",SS2370,Road, ,Operational,Other,Other,M, ,,,YES,,,,110kV to 161kV,San Jose,Santa Clara,"95134",CA, 
-121.835617897954,37.6738885486776,"2020",SS2371,Cal Mat, ,Operational,PG&E,PG&E,M, ,,YES,,,,,33kV to 92kV,Pleasanton,Alameda,"94588",CA, 
-121.900747147019,37.7040795101441,"2021",SS2374,East Dublin, ,Operational,Other,Other,M, ,,YES,,,,,33kV to 92kV,Dublin,Alameda,"94568",CA, 
-121.59527869742,37.7201883217095,"2022",SS2375,Fayette, ,Operational,PG&E,PG&E,M, ,,YES,,YES,,,220kV to 287kV,Livermore,Alameda,"94550",CA, 
-121.857910874882,37.7448260291351,"2023",SS2376,North Dublin, ,Operational,Other,Other,M, ,,,,,,,220kV to 287kV,Livermore,Contra Costa,"94551",CA, 
-122.428039254732,40.5258456395602,"2024",SS2377,Texas Springs, ,Operational,Other,Other,U, ,,,YES,,,,110kV to 161kV,Redding,Shasta,"96001",CA, 
-117.018407425921,33.2306902755584,"2025",SS2378,Valley Cntr., ,Operational,SDG&E,SDG&E,L, ,,YES,,,,,33kV to 92kV,Valley Center,San Diego,"92082",CA, 
-116.353751092632,32.6990400833458,"2026",SS2379,Crestwood, ,Operational,SDG&E,SDG&E,L, ,,YES,,,,,33kV to 92kV,Boulevard,San Diego,"91905",CA, 
-117.332785195359,34.0222867688508,"2027",SS2381,Highgrove, ,Operational,SCE,SCE,L, ,,YES,YES,,,,110kV to 161kV,Grand Terrace,San Bernardino,"92313",CA, 
-116.792188157434,32.7969757578345,"2028",SS2382,Loveland, ,Operational,SDG&E,SDG&E,L, ,,YES,,,,,33kV to 92kV,Alpine,San Diego,"91901",CA, 
-121.830134662697,38.1246469116253,"2029",SS2383,Birds Landing, ,Operational,Other,Other,M, ,,,,YES,,,220kV to 287kV,Rio Vista,Solano,"94571",CA, 
-117.119273516894,33.0586038337749,"2030",SS2384,Olivenhein, ,Operational,SDG&E,SDG&E,L, ,,YES,,,,,33kV to 92kV,Escondido,San Diego,"92029",CA, 
-117.412509852246,33.7345241878548,"2031",SS2385,Alberhill, ,Proposed,SCE,SCE,L, ,,YES,,,,,33kV to 92kV,Lake Elsinore,Riverside,"92530",CA,To be rectified when the project is up
-120.830939890682,37.418011680835,"2032",SS2386,August, ,Operational,Other,Other,M, ,,,YES,,,,110kV to 161kV,Hilmar,Merced,"95324",CA, 
-121.132335906309,37.4362654132354,"2033",SS2388,Marshall, ,Operational,Other,Other,M, ,,,YES,,,,110kV to 161kV,Patterson,Stanislaus,"95363",CA, 
-120.80920720575,37.5372565738842,"2034",SS2389,Taylor, ,Operational,Other,Other,M, ,,,YES,,,,110kV to 161kV,Denair,Stanislaus,"95316",CA, 
-120.844873973657,37.7346651046661,"2035",SS2390,Oakdale, ,Operational,Other,Other,M, ,,,YES,,,,110kV to 161kV,Oakdale,Stanislaus,"95361",CA, 
-121.771150173628,37.738600010261,"2036",SS2391,Cayetano, ,Operational,PG&E,PG&E,M, ,,,,,,,220kV to 287kV,Livermore,Alameda,"94551",CA, 
-120.91356209511,37.5007116882976,"2037",SS2392,Commons, ,Operational,Other,Other,M, ,,YES,,,,,33kV to 92kV,Turlock,Stanislaus,"95380",CA, 
-120.44368786733,37.6697131215127,"2038",SS2393,La Grange, ,Operational,Other,Other,M, ,,YES,,,,,33kV to 92kV,La Grange,Stanislaus,"95329",CA, 
-114.906610306813,33.5649544425106,"2039",SS2394,Midpoint, ,Operational,Other,Other,L, ,,YES,,,,,33kV to 92kV,Desert Center,Riverside,"92239",CA, 
-117.968700881517,35.1425773719702,"2040",SS2395,Cal City, ,Operational,SCE,SCE,L, ,,YES,,,,,33kV to 92kV,California City,Kern,"93505",CA, 
-117.435427351898,33.91563795685,"2041",SS2397,Freeman, ,Operational,Other,Other,L, ,,YES,,,,,33kV to 92kV,Riverside,Riverside,"92503",CA, 
-117.427745699729,33.9607810755634,"2042",SS2399,Mt. View, ,Operational,Other,Other,L, ,,YES,,,,,33kV to 92kV,Riverside,Riverside,"92504",CA, 
-117.343176395842,34.0035291050779,"2043",SS2400,Alumax,LA COLINA,Operational,Other,Other,L, ,,YES,,,,,33kV to 92kV,Riverside,Riverside,"92507",CA, 
-119.2475359788,34.2734936782287,"2044",SS2401,Pierpont, ,Operational,SCE,SCE,L, ,,YES,,,,,33kV to 92kV,Ventura,Ventura,"93003",CA, 
-117.143256313482,32.6948776777474,"2045",SS2403,Silvergate, ,Operational,SDG&E,SDG&E,L, ,,,,YES,,,220kV to 287kV,San Diego,San Diego,"92113",CA, 
-120.867749267482,40.3604060126216,"2046",SS2404,Coppervale, ,Operational,Other,Other,U, ,,YES,,,,,33kV to 92kV,Susanville,Lassen,"96130",CA, 
-120.738042229294,40.4145043941416,"2047",SS2405,Five Mile, ,Operational,Other,Other,U, ,,YES,,,,,33kV to 92kV,Susanville,Lassen,"96130",CA, 
-120.654547238192,40.4237320256957,"2048",SS2406,Chestnut 1, ,Operational,Other,Other,U, ,,YES,,,,,33kV to 92kV,Susanville,Lassen,"96130",CA, 
-120.660681659196,40.4123174638427,"2049",SS2408,Richmond, ,Operational,Other,Other,U, ,,YES,,,,,33kV to 92kV,Susanville,Lassen,"96130",CA, 
-120.647341805378,40.4082217609721,"2050",SS2409,Modoc, ,Operational,Other,Other,U, ,,YES,,,,,33kV to 92kV,Susanville,Lassen,"96130",CA, 
-120.642175919214,40.4100737895872,"2051",SS2410,Milwood 1, ,Operational,Other,Other,U, ,,YES,,,,,33kV to 92kV,Susanville,Lassen,"96130",CA, 
-120.641588006342,40.410094493946,"2052",SS2411,Milwood 2, ,Operational,Other,Other,U, ,,YES,,,,,33kV to 92kV,Susanville,Lassen,"96130",CA, 
-120.574526732083,40.3819089075232,"2053",SS2412,Johnstonville, ,Operational,Other,Other,U, ,,YES,,,,,33kV to 92kV,Susanville,Lassen,"96130",CA, 
-120.322432610786,40.3520665820013,"2054",SS2413,Maples Lane, ,Closed,Other,Other,U, ,,YES,,,,,33kV to 92kV,Wendel,Lassen,"96136",CA, 
-120.264770438881,40.3683316067861,"2055",SS2414,Honey Lake, ,Operational,Other,Other,U, ,,YES,,,,,33kV to 92kV,Litchfield,Lassen,"96117",CA, 
-120.248858551834,40.3513330486474,"2056",SS2415,Wineagle, ,Operational,Other,Other,U, ,,YES,,,,,33kV to 92kV,Wendel,Lassen,"96136",CA, 
-120.194206932652,40.3003844901605,"2057",SS2416,Amedee, ,Operational,Other,Other,U, ,,YES,,,,,33kV to 92kV,Herlong,Lassen,"96113",CA, 
-117.534520499227,34.088495490649,"2058",SS2417,Rancho Vista, ,Operational,SCE,SCE,L, ,,YES,,YES,YES,,345kV to 500kV,Rancho Cucamonga,San Bernardino,"91730",CA, 
-124.141434492215,41.9275963458506,"2059",SS2418,Morrison Creek, ,Operational,PCORP,PCORP,U, ,,YES,,,,,33kV to 92kV,Smith River,Del Norte,"95567",CA,Http://www.cpuc.ca.gov
-120.181866502795,41.613535397847,"2060",SS2419,Lake City, ,Operational,Other,Other,U, ,,YES,,,,,33kV to 92kV,Lake City,Modoc,"96115",CA, 
-120.634797949422,41.5131178537363,"2061",SS2420,Hilltop, ,Operational,Other,Other,U, ,,YES,,,YES,,345kV to 500kV,Alturas,Modoc,"96101",CA, 
-120.413818568713,41.5643345806881,"2062",SS2421,Cedarville Juction, ,Operational,Other,Other,U, ,,YES,YES,,,,110kV to 161kV,Alturas,Modoc,"96101",CA, 
-120.880106635906,41.4439927547832,"2063",SS2422,Canby 1,CANBY,Operational,Other,Other,U, ,,YES,,,,,33kV to 92kV,Canby,Modoc,"96015",CA, 
-121.137575223715,41.1328031578941,"2064",SS2423,Big Valley Lumber Co., ,Operational,Other,Other,U, ,,YES,,,,,33kV to 92kV,Mcarthur,Lassen,"96056",CA, 
-121.178832390853,41.0913318450398,"2065",SS2424,Muck Valley, ,Operational,Other,Other,U, ,,YES,,,,,33kV to 92kV,Mcarthur,Lassen,"96056",CA, 
-121.017997403084,40.2976022656449,"2066",SS2425,Mt. Lassen, ,Operational,Other,Other,U, ,,YES,,,,,33kV to 92kV,Susanville,Lassen,"96130",CA, 
-124.1832564014,40.7937478478689,"2067",SS2426,Eureka A, ,Operational,PG&E,PG&E,U, ,,YES,,,,,33kV to 92kV,Eureka,Humboldt,"95501",CA, 
-124.180299598018,40.7934273936393,"2068",SS2427,Eureka E, ,Operational,PG&E,PG&E,U, ,,YES,,,,,33kV to 92kV,Eureka,Humboldt,"95501",CA, 
-120.187418791082,40.2752951853719,"2069",SS2428,US ORD Depot-Herlong, ,Operational,Other,Other,U, ,,YES,,,,,33kV to 92kV,Herlong,Lassen,"96113",CA, 
-120.170296144827,40.1445264832346,"2070",SS2429,Patton, ,Operational,Other,Other,U, ,,YES,,,,,33kV to 92kV,Herlong,Lassen,"96113",CA, 
-120.492126099901,40.3127927906794,"2071",SS2430,Edgemont, ,Operational,Other,Other,U, ,,YES,,,,,33kV to 92kV,Janesville,Lassen,"96114",CA, 
-121.635494890194,39.6545161741272,"2072",SS2432,Clark Rd., ,Operational,PG&E,PG&E,U, ,,YES,,,,,33kV to 92kV,Oroville,Butte,"95965",CA, 
-121.632457163897,39.514086556789,"2073",SS2433,Thermalito, ,Operational,PG&E,PG&E,U, ,,,,YES,,,220kV to 287kV,Oroville,Butte,"95965",CA, 
-121.409474368505,39.8264289630861,"2074",SS2434,Cresta, ,Operational,PG&E,PG&E,U, ,,,,YES,,,220kV to 287kV,Oroville,Butte,"95965",CA, 
-121.469957775179,39.7235315615084,"2075",SS2435,Poe, ,Operational,PG&E,PG&E,U, ,,,,YES,,,220kV to 287kV,Oroville,Butte,"95965",CA, 
-121.600308332963,39.6050251986476,"2076",SS2436,Coal Canyon, ,Operational,Other,Other,U, ,,YES,,,,,33kV to 92kV,Oroville,Butte,"95965",CA, 
-121.839322922426,39.7197218822775,"2077",SS2437,Dayton Rd., ,Operational,PG&E,PG&E,U, ,,,YES,,,,110kV to 161kV,Chico,Butte,"95928",CA, 
-121.657333284903,39.7884437492841,"2078",SS2438,Centerville, ,Operational,PG&E,PG&E,U, ,,YES,YES,,,,110kV to 161kV,Chico,Butte,"95928",CA, 
-121.571398161213,39.6985953218218,"2079",SS2439,Lime Saddle, ,Operational,PG&E,PG&E,U, ,,YES,,,,,33kV to 92kV,Paradise,Butte,"95969",CA, 
-122.197532928761,39.7619227412019,"2080",SS2440,High Line, ,Operational,PG&E,PG&E,U, ,,YES,,,,,33kV to 92kV,Orland,Glenn,"95963",CA, 
-123.327066019878,39.405584657748,"2081",SS2441,Willits Sta. A, ,Operational,PG&E,PG&E,U, ,,YES,,,,,33kV to 92kV,Willits,Mendocino,"95490",CA, 
-121.278573305859,39.5509978160616,"2082",SS2442,Forbestown, ,Operational,PG&E,PG&E,U, ,,,YES,,,,110kV to 161kV,Forbestown,Butte,"95941",CA, 
-121.11968312805,39.5803964595347,"2083",SS2443,Sly Creek, ,Operational,PG&E,PG&E,U, ,,,YES,,,,110kV to 161kV,Forbestown,Butte,"95941",CA, 
-121.486216115469,39.5326707485927,"2084",SS2444,Edward C Hyatt, ,Operational,PG&E,PG&E,U, ,,,,YES,,,220kV to 287kV,Oroville,Butte,"95966",CA, 
-120.18375947357,39.3357639775773,"2085",SS2445,North Truckee, ,Operational,Other,Other,U, ,,YES,YES,,,,110kV to 161kV,Truckee,Nevada,"96161",CA, 
-123.18542999777,39.1973210301177,"2086",SS2446,Lake Mendocino, ,Low kV,PG&E,PG&E,U, ,YES,,,,,,12kV to 32kV,Ukiah,Mendocino,"95482",CA, 
-120.327363372947,38.984375119321,"2087",SS2447,Loon Lake, ,Operational,SMUD,SMUD,M, ,,,,YES,,,220kV to 287kV,Eldorado Ntl Forest,El Dorado,"00051",CA, 
-120.37838399007,38.8970176487875,"2088",SS2448,Robbs Peak, ,Operational,SMUD,SMUD,M, ,,,,YES,,,220kV to 287kV,Eldorado Ntl Forest,El Dorado,"00051",CA, 
-122.729297076908,38.7732600101604,"2089",SS2449,Big Geysers, ,Operational,PG&E,PG&E,M, ,,,,YES,,,220kV to 287kV,Middletown,Lake,"95461",CA, 
-122.692423336136,38.7626092000764,"2090",SS2450,Bear Canyon, ,Operational,PG&E,PG&E,M, ,,,,YES,,,220kV to 287kV,Middletown,Lake,"95461",CA, 
-122.707428540727,38.7661547141619,"2091",SS2451,Quicksilver, ,Operational,PG&E,PG&E,M, ,,,,YES,,,220kV to 287kV,Middletown,Lake,"95461",CA, 
-122.722394587227,38.7878069368607,"2092",SS2452,West Ford Flat, ,Operational,PG&E,PG&E,M, ,,,,YES,,,220kV to 287kV,Middletown,Lake,"95461",CA, 
-120.531866631032,38.8340358487252,"2093",SS2453,Jaybird, ,Operational,SMUD,SMUD,M, ,,,,YES,,,220kV to 287kV,Pollock Pines,El Dorado,"95726",CA, 
-120.787085394759,38.7651759747191,"2094",SS2454,White Rock, ,Operational,SMUD,SMUD,M, ,,,,YES,,,220kV to 287kV,Placerville,El Dorado,"95667",CA, 
-122.104074189509,38.5136291598011,"2095",SS2455,Solano Irrigation Dist.,MONTICELLO PH,Low kV,Other,Other,M, ,YES,,,,,,12kV to 32kV,Napa,Napa,"94558",CA, 
-120.492263910526,38.4491700997621,"2096",SS2456,Tiger Creek, ,Operational,PG&E,PG&E,M, ,,YES,YES,YES,,,220kV to 287kV,Pioneer,Amador,"95666",CA, 
-120.669786247919,38.3315400681279,"2097",SS2457,Electra 1, ,Operational,PG&E,PG&E,M, ,,YES,,YES,,,220kV to 287kV,Jackson,Amador,"95642",CA, 
-120.673022004625,38.3313190990644,"2098",SS2458,Electra 2, ,Operational,PG&E,PG&E,M, ,,YES,,,,,33kV to 92kV,Jackson,Amador,"95642",CA, 
-120.814863847101,38.1495993319303,"2099",SS2459,New Hogan, ,Operational,PG&E,PG&E,M, ,,YES,,,,,33kV to 92kV,Valley Springs,Calaveras,"95252",CA, 
-120.380073252503,38.1450533479039,"2100",SS2460,Collierville, ,Operational,Other,Other,M, ,,,YES,YES,,,220kV to 287kV,Murphys,Calaveras,"95247",CA, 
-120.539343833569,38.0718276922929,"2101",SS2461,Angels, ,Operational,PG&E,PG&E,M, ,,,YES,,,,110kV to 161kV,Angels Camp,Calaveras,"95222",CA, 
-120.53002658799,37.9465626033975,"2102",SS2462,New Melones, ,Operational,WAPA,WAPA,M, ,,,YES,,,,110kV to 161kV,Angels Camp,Calaveras,"95222",CA, 
-121.874031558291,38.0302131349732,"2103",SS2463,Los Medanos, ,Operational,Other,Other,M, ,,YES,,,,,33kV to 92kV,Pittsburg,Contra Costa,"94565",CA, 
-121.869405919299,38.0303952756373,"2104",SS2464,Loveridge Rd.,PITTSBURG,Operational,PG&E,PG&E,M, ,,YES,,,,,33kV to 92kV,Pittsburg,Contra Costa,"94565",CA, 
-122.257002648186,38.0444806336723,"2105",SS2465,Oleum, ,Operational,PG&E,PG&E,M, ,,,YES,,,,110kV to 161kV,Rodeo,Contra Costa,"94572",CA, 
-122.061302678697,38.0184200691962,"2106",SS2466,Tesoro, ,Operational,Other,Other,M, ,,,,YES,,,220kV to 287kV,Martinez,Contra Costa,"94553",CA, 
-122.116222250674,38.0149440214752,"2107",SS2467,Martinez, ,Operational,PG&E,PG&E,M, ,,,YES,,,,110kV to 161kV,Martinez,Contra Costa,"94553",CA, 
-122.116274083803,38.0160820655157,"2108",SS2468,Fairview,MARTINEZ REFINERY CO.,Operational,PG&E,PG&E,M, ,,,YES,,,,110kV to 161kV,Martinez,Contra Costa,"94553",CA, 
-120.605579197112,37.8766680562964,"2109",SS2469,Tulloch, ,Operational,PG&E,PG&E,M, ,,,YES,,,,110kV to 161kV,Copperopolis,Calaveras,"95228",CA, 
-121.775308997551,38.0141461918682,"2110",SS2470,Gaylord,CROWN ZELLERBACH,Operational,Other,Other,M, ,,,YES,YES,,,220kV to 287kV,Antioch,Contra Costa,"94509",CA, 
-121.762289617297,38.015284717725,"2111",SS2471,Contra Costa Power, ,Operational,PG&E,PG&E,M, ,,,,YES,,,220kV to 287kV,Antioch,Contra Costa,"94509",CA, 
-121.846596312484,38.0174782968431,"2112",SS2472,Delta Energy, ,Operational,PG&E,PG&E,M, ,,YES,,,,,33kV to 92kV,Antioch,Contra Costa,"94509",CA, 
-121.790847836687,38.0144508321315,"2113",SS2473,Riverview, ,Operational,Other,Other,M, ,,,YES,,,,110kV to 161kV,Antioch,Contra Costa,"94509",CA, 
-122.384140772311,37.9432405824359,"2114",SS2475,Standard Oil 1, ,Operational,Other,Other,M, ,,,YES,,,,110kV to 161kV,Richmond,Contra Costa,"94801",CA, 
-122.389155767194,37.9443000331248,"2115",SS2476,Standard Oil 4, ,Operational,Other,Other,M, ,,,YES,,,,110kV to 161kV,Richmond,Contra Costa,"94801",CA, 
-122.388775093653,37.9409598449715,"2116",SS2477,Standard Oil 3, ,Operational,Other,Other,M, ,,,YES,,,,110kV to 161kV,Richmond,Contra Costa,"94801",CA, 
-122.395112774683,37.9504050379327,"2117",SS2478,Standard Oil 2, ,Operational,Other,Other,M, ,,,YES,,,,110kV to 161kV,Richmond,Contra Costa,"94801",CA, 
-122.380961449525,37.9456304517593,"2118",SS2479,Standard Oil 5, ,Operational,Other,Other,M, ,,,YES,,,,110kV to 161kV,Richmond,Contra Costa,"94801",CA, 
-119.216003290633,37.9443756823097,"2119",SS2480,Poole Ph, ,Operational,SCE,SCE,M, ,,,YES,,,,110kV to 161kV,Lee Vining,Mono,"93541",CA, 
-121.759784430475,37.9462308677334,"2120",SS2481,Lone Tree, ,Operational,PG&E,PG&E,M, ,,,,YES,,,220kV to 287kV,Antioch,Contra Costa,"94531",CA, 
-122.369563895585,37.9261756347837,"2121",SS2482,Richmond R, ,Operational,PG&E,PG&E,M, ,,YES,,,,,33kV to 92kV,Richmond,Contra Costa,"94804",CA, 
-119.123121032382,37.7665993056843,"2122",SS2483,Rush Creek, ,Operational,SCE,SCE,M, ,,,YES,,,,110kV to 161kV,June Lake,Mono,"93529",CA, 
-122.193457455279,37.8835992070507,"2123",SS2484,Orinda, ,Operational,PG&E,PG&E,M, ,,,YES,,,,110kV to 161kV,Orinda,Contra Costa,"94563",CA, 
-118.589952885688,37.5458630845676,"2124",SS2485,Upper Gorge, ,Operational,LADWP,LADWP,M, ,,,,YES,,,220kV to 287kV,Bishop,Mono,"93514",CA, 
-121.660923794814,37.8212364964116,"2125",SS2486,Wind Driven, ,Operational,PG&E,PG&E,M, ,,YES,,YES,,,220kV to 287kV,Byron,Contra Costa,"94514",CA, 
-121.727760814521,37.7914213152502,"2126",SS2487,Vasco Winds, ,Operational,PG&E,PG&E,M, ,,,,YES,,,220kV to 287kV,Byron,Contra Costa,"94514",CA, 
-122.263598659349,37.8375657877681,"2127",SS2488,Oakland D,STATION D,Operational,PG&E,PG&E,M, ,,,YES,,,,110kV to 161kV,Oakland,Alameda,"94609",CA, 
-122.281992823728,37.7978610520659,"2128",SS2489,Oakland C,STATION C,Operational,PG&E,PG&E,M, ,,YES,YES,,,,110kV to 161kV,Oakland,Alameda,"94607",CA, 
-122.280724457432,37.7974340048925,"2129",SS2490,Oakland I, ,Operational,PG&E,PG&E,M, ,,,YES,,,,110kV to 161kV,Oakland,Alameda,"94607",CA, 
-122.23125449705,37.8052849053451,"2130",SS2491,Oakland X,STATION X,Operational,PG&E,PG&E,M, ,,,YES,,,,110kV to 161kV,Oakland,Alameda,"94610",CA, 
-122.271399807471,37.8103090369841,"2131",SS2492,Oakland L,STATION L,Operational,PG&E,PG&E,M, ,,,YES,,,,110kV to 161kV,Oakland,Alameda,"94612",CA, 
-121.580392295819,37.7980328527523,"2132",SS2493,Tracy, ,Operational,WAPA,WAPA,M,TCY,,YES,,YES,YES,,345kV to 500kV,Byron,Alameda,"94514",CA, 
-121.55955707687,37.7942123428573,"2133",SS2494,Mt. House,WESTSIDE,Operational,PG&E,PG&E,M, ,,YES,,,,,33kV to 92kV,Byron,Alameda,"94514",CA, 
-121.649480497292,37.749084115348,"2134",SS2495,California Energy Tesla, ,Operational,PG&E,PG&E,M, ,,YES,,,,,33kV to 92kV,Byron,Alameda,"94514",CA, 
-121.62093869813,37.8005837016123,"2135",SS2496,Delta Pumps, ,Operational,Other,Other,M, ,,,,YES,,,220kV to 287kV,Byron,Alameda,"94514",CA, 
-121.598330907405,37.7473810086529,"2136",SS2497,Fayette Energy Corp.,ALTAMONT MIDWAY (SEAWEST),Operational,Other,Other,M, ,,,,YES,,,220kV to 287kV,Tracy,Alameda,"95391",CA, 
-122.289816033784,37.7886812836069,"2137",SS2498,Ncpa Alameda, ,Operational,Other,Other,M, ,YES,,YES,,,,110kV to 161kV,Alameda,Alameda,"94501",CA, 
-122.292682889092,37.7793156929854,"2138",SS2499,Cartwright, ,Operational,Other,Other,M, ,YES,,YES,,,,110kV to 161kV,Alameda,Alameda,"94501",CA, 
-121.69073288953,37.7612449899997,"2139",SS2500,Green Ridge Services (Dyer Site),US WIND POWER 1,Operational,PG&E,PG&E,M, ,,YES,,,,,33kV to 92kV,Livermore,Alameda,"94551",CA, 
-121.687740133901,37.7297367120049,"2140",SS2501,Frick Green Ridge Power,WEST COAST ENERGY,Operational,PG&E,PG&E,M, ,,YES,,,,,33kV to 92kV,Livermore,Alameda,"94551",CA, 
-118.910032099856,37.646452747655,"2141",SS2502,Mammoth Pacific Il, ,Operational,SCE,SCE,M, ,,,YES,,,,110kV to 161kV,Mammoth Lakes,Mono,"93546",CA, 
-118.914636537568,37.6455242339624,"2142",SS2503,Mammoth Pacific I, ,Operational,SCE,SCE,M, ,,,YES,,,,110kV to 161kV,Mammoth Lakes,Mono,"93546",CA, 
-121.695074111471,37.6933204515017,"2143",SS2504,Lawrence Livermore, ,Operational,WAPA,WAPA,M,LLL,,,YES,YES,,,220kV to 287kV,Livermore,Alameda,"94550",CA, 
-121.658706832351,37.7430950681116,"2144",SS2505,Zond Wind,DIFWIND FARMS LTD VII,Operational,PG&E,PG&E,M, ,,YES,,,,,33kV to 92kV,Livermore,Alameda,"94550",CA, 
-121.705274938452,37.6822339582335,"2145",SS2506,Lawrence Livermore Lab., ,Operational,PG&E,PG&E,M, ,,,YES,,,,110kV to 161kV,Livermore,Alameda,"94550",CA, 
-121.58724626579,37.7265258018163,"2146",SS2507,Midway Green Ridge Services,US WIND POWER 2,Operational,PG&E,PG&E,M, ,,YES,,,,,33kV to 92kV,Livermore,Alameda,"94550",CA, 
-121.610660973132,37.6985811232447,"2147",SS2508,Patterson Pass, ,Operational,Other,Other,M, ,,YES,,,,,33kV to 92kV,Livermore,Alameda,"94550",CA, 
-120.272537623492,37.584142749489,"2148",SS2509,Exchequer, ,Operational,PG&E,PG&E,M, ,,YES,YES,,,,110kV to 161kV,Snelling,Mariposa,"95369",CA, 
-121.921264885939,37.4575491887064,"2149",SS2510,Dixon Landing,NEWBY ISLAND II,Operational,PG&E,PG&E,M, ,,YES,YES,,,,110kV to 161kV,Fremont,Alameda,"94538",CA, 
-120.49004114032,37.4543874308213,"2150",SS2511,Reta, ,Operational,PG&E,PG&E,M, ,,YES,,,,,33kV to 92kV,Winton,Merced,"95388",CA, 
-120.627851919682,37.3624398941126,"2151",SS2512,San Joaquin Power, ,Operational,Other,Other,M, ,,,YES,,,,110kV to 161kV,Winton,Merced,"95388",CA, 
-118.481959787544,37.33530963268,"2152",SS2513,Oxbow, ,Operational,SCE,SCE,M, ,,YES,YES,,,,110kV to 161kV,Bishop,Inyo,"93514",CA,
-118.402844866613,37.4169329332116,"2153",SS2514,White Mt. Radio, ,Operational,SCE,SCE,M, ,,YES,,,,,33kV to 92kV,Bishop,Inyo,"93514",CA, 
-118.440918348457,37.3420676558276,"2154",SS2515,Inyo,CONTROL,Operational,SCE,SCE,M, ,,YES,YES,YES,,,220kV to 287kV,Bishop,Inyo,"93514",CA, 
-118.480872924593,37.3363148256936,"2155",SS2516,Control, ,Operational,SCE,SCE,M, ,,YES,YES,,,,110kV to 161kV,Bishop,Inyo,"93514",CA, 
-118.531744201108,37.3022471180399,"2156",SS2517,Bishop Creek 3, ,Operational,SCE,SCE,M, ,,YES,YES,,,,110kV to 161kV,Bishop,Inyo,"93514",CA, 
-118.501755362961,37.3230319256502,"2157",SS2518,Bishop Creek 4, ,Operational,SCE,SCE,M, ,,YES,YES,,,,110kV to 161kV,Bishop,Inyo,"93514",CA, 
-118.557803396939,37.4377601115896,"2158",SS2519,Control Gorge, ,Operational,LADWP,LADWP,M, ,,,,YES,,,220kV to 287kV,Bishop,Inyo,"93514",CA, 
-117.094911532697,32.6151437543322,"2159",SS2520,South Bay, ,Operational,SDG&E,SDG&E,L, ,,,YES,YES,,,220kV to 287kV,Chula Vista,San Diego,"91910",CA, 
-118.398510211114,37.3601864978444,"2160",SS2521,Dwp, ,Operational,SCE,SCE,M, ,,YES,,,,,33kV to 92kV,Bishop,Inyo,"93514",CA, 
-118.573617974604,37.2738658666113,"2161",SS2522,Bishop Creek 2, ,Operational,SCE,SCE,M, ,,YES,,,,,33kV to 92kV,Bishop,Inyo,"93514",CA, 
-119.08383802762,36.9199963097485,"2162",SS2523,Balch 1, ,Operational,PG&E,PG&E,M, ,,,YES,,,,110kV to 161kV,Shaver Lake,Fresno,"93664",CA, 
-119.306855719334,37.2001018281222,"2163",SS2524,Big Creek 2A, ,Operational,SCE,SCE,M, ,,YES,,YES,,,220kV to 287kV,Shaver Lake,Fresno,"93664",CA, 
-119.305749588492,37.1990319752924,"2164",SS2525,Big Creek 2, ,Operational,SCE,SCE,M, ,,,,YES,,,220kV to 287kV,Shaver Lake,Fresno,"93664",CA, 
-119.242912348322,37.2039504360375,"2165",SS2526,Big Creek 1, ,Operational,SCE,SCE,M, ,,,,YES,,,220kV to 287kV,Shaver Lake,Fresno,"93664",CA, 
-119.256604017344,37.1479948879091,"2166",SS2527,Eastwood, ,Operational,SCE,SCE,M, ,,,,YES,,,220kV to 287kV,Shaver Lake,Fresno,"93664",CA, 
-119.087580854561,36.9089844705515,"2167",SS2528,Balch 2, ,Operational,PG&E,PG&E,M, ,,,YES,YES,,,220kV to 287kV,Shaver Lake,Fresno,"93664",CA, 
-119.020796253546,36.9273904075597,"2168",SS2529,Haas, ,Operational,PG&E,PG&E,M, ,,,,YES,,,220kV to 287kV,Shaver Lake,Fresno,"93664",CA, 
-118.963682393347,37.0391128684661,"2169",SS2530,Helm'S Pumped Storage, ,Operational,PG&E,PG&E,M, ,,,,YES,,,220kV to 287kV,Shaver Lake,Fresno,"93664",CA, 
-119.328840337723,37.2097076015248,"2170",SS2531,Big Creek 8, ,Operational,SCE,SCE,M, ,,,,YES,,,220kV to 287kV,North Fork,Madera,"93643",CA, 
-119.504648204145,37.1513470915759,"2171",SS2532,Wishon, ,Operational,Other,Other,M, ,,YES,YES,,,,110kV to 161kV,North Fork,Madera,"93643",CA, 
-119.338006778683,37.2202782183071,"2172",SS2533,Mammoth, ,Operational,SCE,SCE,M, ,,,,YES,,,220kV to 287kV,North Fork,Madera,"93643",CA, 
-119.488726204109,37.1388615706342,"2173",SS2534,Big Creek 4, ,Operational,SCE,SCE,M, ,,YES,,YES,,,220kV to 287kV,North Fork,Madera,"93643",CA, 
-119.496877548905,37.2035936785844,"2174",SS2535,San Joaquin 2, ,Operational,PG&E,PG&E,M, ,,YES,,,,,33kV to 92kV,North Fork,Madera,"93643",CA, 
-119.49444813547,37.1588082136085,"2175",SS2536,San Joaquin 1A, ,Operational,PG&E,PG&E,M, ,,YES,,,,,33kV to 92kV,North Fork,Madera,"93643",CA, 
-121.016859752413,37.0869036559876,"2176",SS2538,Chevron Los Banos, ,Operational,Other,Other,M, ,,YES,,,,,33kV to 92kV,Gustine,Merced,"95322",CA, 
-121.047442618067,37.0982980676767,"2177",SS2539,Wolfsen Bypass,UNITED HYDRO,Operational,PG&E,PG&E,M, ,,,YES,,,,110kV to 161kV,Gustine,Merced,"95322",CA, 
-118.256938849534,36.9400653050137,"2178",SS2540,Division Creek, ,Operational,SCE,SCE,M, ,,,YES,,,,110kV to 161kV,Independence,Inyo,"93526",CA, 
-118.324148119367,37.1420663841481,"2179",SS2541,Big Pine, ,Operational,SCE,SCE,M, ,,,YES,,,,110kV to 161kV,Independence,Inyo,"93526",CA, 
-120.945220424656,37.013406129828,"2180",SS2542,Wright, ,Operational,PG&E,PG&E,M, ,,,,YES,,,220kV to 287kV,Los Banos,Merced,"93635",CA, 
-121.180097012272,37.0623173602809,"2181",SS2543,Pacheco, ,Operational,WAPA,WAPA,M,PAC,,YES,,,,,33kV to 92kV,Los Banos,Merced,"93635",CA, 
-121.075439843353,37.0666617094621,"2182",SS2544,San Luis, ,Operational,PG&E,PG&E,M, ,,,,YES,,,220kV to 287kV,Los Banos,Merced,"93635",CA, 
-119.552653743546,37.0922410111952,"2183",SS2545,Kerchoff 1, ,Operational,PG&E,PG&E,M, ,,,YES,,,,110kV to 161kV,Friant,Madera,"93626",CA, 
-119.495703794679,37.0679829731391,"2184",SS2546,Auberry, ,Operational,PG&E,PG&E,M, ,,YES,,,,,33kV to 92kV,Auberry,Fresno,"93602",CA, 
-119.388526042374,37.1482060530927,"2185",SS2547,Big Creek 3, ,Operational,SCE,SCE,M, ,,YES,,YES,,,220kV to 287kV,Auberry,Fresno,"93602",CA, 
-119.558024307608,37.0718724296167,"2186",SS2548,Kerchoff 2, ,Operational,PG&E,PG&E,M, ,,,YES,,,,110kV to 161kV,Auberry,Fresno,"93602",CA, 
-119.326788254239,36.8327421902184,"2187",SS2549,Pine Flat, ,Operational,PG&E,PG&E,M, ,,,,YES,,,220kV to 287kV,Sanger,Fresno,"93657",CA, 
-120.77727370283,36.8620684633294,"2188",SS2550,San Luis 3, ,Operational,PG&E,PG&E,M, ,,,,YES,,,220kV to 287kV,Firebaugh,Merced,"93622",CA, 
-120.729731168779,36.780015600628,"2189",SS2551,San Luis 5, ,Operational,PG&E,PG&E,M, ,,,,YES,,,220kV to 287kV,Firebaugh,Fresno,"93622",CA, 
-121.769057604872,36.8002232150731,"2190",SS2552,Dolan Rd., ,Operational,PG&E,PG&E,M, ,,YES,,,,,33kV to 92kV,Moss Landing,Monterey,"95039",CA, 
-121.775714354173,36.8061249226379,"2191",SS2553,Duke Energy Moss Landing, ,Operational,PG&E,PG&E,M, ,,YES,YES,YES,YES,,345kV to 500kV,Moss Landing,Monterey,"95039",CA, 
-119.827995305661,36.7928853560323,"2192",SS2554,Ashlan Ave., ,Operational,PG&E,PG&E,M, ,,,,YES,,,220kV to 287kV,Fresno,Fresno,"93705",CA, 
-121.688047442328,36.6240384688839,"2193",SS2555,Reservation Rd., ,Operational,PG&E,PG&E,L, ,,YES,,,,,33kV to 92kV,Salinas,Monterey,"93908",CA, 
-119.76417233641,36.7195129465574,"2194",SS2556,California Ave., ,Operational,PG&E,PG&E,M, ,,YES,,,,,33kV to 92kV,Fresno,Fresno,"93725",CA, 
-119.723705150222,36.6888550042892,"2195",SS2557,Rio Bravo Fresno, ,Operational,PG&E,PG&E,M, ,,,YES,,,,110kV to 161kV,Fresno,Fresno,"93725",CA, 
-119.740405386883,36.6904492382912,"2196",SS2558,Kings River Consrv., ,Operational,PG&E,PG&E,M, ,,,YES,,,,110kV to 161kV,Fresno,Fresno,"93725",CA, 
-120.11129564729,36.5496581824944,"2197",SS2559,Valley Nitrogen, ,Operational,Other,Other,L, ,,YES,,,,,33kV to 92kV,San Joaquin,Fresno,"93660",CA, 
-119.5806645694,36.5394120788388,"2198",SS2560,East Bank,KES KINGSBURG,Operational,Other,Other,L, ,,,YES,,,,110kV to 161kV,Kingsburg,Fresno,"93631",CA, 
-118.045041078457,36.4439177125471,"2199",SS2561,Bank C, ,Operational,LADWP,LADWP,L, ,,,,YES,,,220kV to 287kV,Lone Pine,Inyo,"93545",CA, 
-120.344216423686,36.1361983487489,"2200",SS2562,Coalinga 1, ,Operational,PG&E,PG&E,L, ,,YES,,,,,33kV to 92kV,Coalinga,Fresno,"93210",CA, 
-120.314703512938,36.237190354013,"2201",SS2563,Coalinga 2, ,Operational,PG&E,PG&E,L, ,,YES,,,,,33kV to 92kV,Coalinga,Fresno,"93210",CA, 
-117.797949416675,36.0367265941068,"2202",SS2564,Coso 1-3, ,Operational,SCE,SCE,L, ,,,YES,,,,110kV to 161kV,Ridgecrest,Inyo,"93555",CA, 
-117.790173820864,36.0014449124633,"2203",SS2565,Coso 8-9, ,Operational,SCE,SCE,L, ,,,YES,,,,110kV to 161kV,Ridgecrest,Inyo,"93555",CA, 
-117.810173082363,36.0061701379168,"2204",SS2566,Coso 7, ,Operational,SCE,SCE,L, ,,,YES,,,,110kV to 161kV,Ridgecrest,Inyo,"93555",CA, 
-117.791520512,36.0185840426767,"2205",SS2567,Coso 4-6, ,Operational,SCE,SCE,L, ,,,YES,,,,110kV to 161kV,Ridgecrest,Inyo,"93555",CA, 
-121.128331590458,36.2258728833543,"2206",SS2568,Calpine Corp., ,Operational,Other,Other,L, ,,YES,,,,,33kV to 92kV,King City,Monterey,"93930",CA, 
-121.125248568992,36.2246035345704,"2207",SS2569,Calpine King Energy Cntr., ,Operational,Other,Other,L, ,,YES,,,,,33kV to 92kV,King City,Monterey,"93930",CA, 
-119.549934650984,36.0565727798375,"2208",SS2570,Quebec Corcoran State Prison, ,Operational,Other,Other,L, ,,YES,,,,,33kV to 92kV,Corcoran,Kings,"93212",CA, 
-118.77959578584,35.4601629833606,"2209",SS2571,Kern River 1, ,Operational,SCE,SCE,L, ,,YES,,,,,33kV to 92kV,Wofford Heights,Kern,"93285",CA, 
-118.436234432646,35.7761977553314,"2210",SS2572,Kern River 3, ,Operational,SCE,SCE,L, ,,YES,,,,,33kV to 92kV,Kernville,Kern,"93238",CA, 
-119.708319275659,35.6055981986301,"2211",SS2573,Lost Hills (Chevron), ,Operational,Other,Other,L, ,,YES,,,,,33kV to 92Kv,Lost Hills,Kern,"93249",CA, 
-119.544247441344,35.578197792033,"2212",SS2574,North Generator, ,Operational,PG&E,PG&E,L, ,,,YES,,,,110kV to 161kV,Lost Hills,Kern,"93249",CA, 
-118.957630776175,35.5592299159677,"2213",SS2575,Poso Mt., ,Operational,PG&E,PG&E,L, ,,,YES,,,,110kV to 161kV,Bakersfield,Kern,"93308",CA, 
-118.983909740221,35.4513717057648,"2214",SS2576,Omar, ,Operational,SCE,SCE,L, ,,YES,,,,,33kV to 92kV,Bakersfield,Kern,"93308",CA, 
-119.040590506901,35.5157539268117,"2215",SS2577,Sierra, ,Operational,PG&E,PG&E,L, ,,,YES,,,,110kV to 161kV,Bakersfield,Kern,"93308",CA, 
-119.007327566883,35.4170691019539,"2216",SS2578,Oildale Cogen, ,Operational,Other,Other,L, ,,,YES,,,,110kV to 161kV,Bakersfield,Kern,"93308",CA, 
-119.013293711692,35.4404158043316,"2217",SS2580,Dai/Oildale Cogen, ,Operational,PG&E,PG&E,L, ,,,YES,,,,110kV to 161kV,Bakersfield,Kern,"93308",CA, 
-117.950132511975,35.3081840870517,"2218",SS2581,Cantil, ,Operational,SCE,SCE,L, ,,YES,,,,,33kV to 92kV,Cantil,Kern,"93519",CA, 
-119.474109149239,35.2769592823374,"2219",SS2583,U.S. Navy 35R, ,Operational,Other,Other,L, ,,,YES,,,,110kV to 161kV,Mc Kittrick,Kern,"93251",CA, 
-119.474092542369,35.2722475687304,"2220",SS2584,Sunset, ,Operational,Other,Other,L, ,,,,YES,,,220kV to 287kV,Mc Kittrick,Kern,"93251",CA, 
-119.46990875532,35.2813358464117,"2221",SS2585,Elk Hills Cogen 1, ,Operational,PG&E,PG&E,L, ,,,YES,,,,110kV to 161kV,Mc Kittrick,Kern,"93251",CA, 
-119.472857952636,35.281172768317,"2222",SS2586,Elk Hills Cogen 2, ,Operational,PG&E,PG&E,L, ,,,YES,,,,110kV to 161kV,Mc Kittrick,Kern,"93251",CA, 
-119.464167734642,35.2786317888728,"2223",SS2587,Elk Hills Cogen 3, ,Operational,PG&E,PG&E,L, ,,,YES,,,,110kV to 161kV,Mc Kittrick,Kern,"93251",CA, 
-119.687626247281,35.4248722643664,"2224",SS2588,Mobil South Belridge, ,Operational,Other,Other,L, ,,,YES,,,,110kV to 161kV,Mc Kittrick,Kern,"93251",CA, 
-119.675488124016,35.363476893945,"2225",SS2589,Welport, ,Operational,PG&E,PG&E,L, ,,YES,,,,,33kV to 92kV,Mc Kittrick,Kern,"93251",CA, 
-119.626996999694,35.2963143370286,"2226",SS2590,Mckittrick, ,Operational,PG&E,PG&E,L, ,,YES,,,,,33kV to 92kV,Mc Kittrick,Kern,"93251",CA, 
-118.927009801624,35.4188394819446,"2227",SS2591,Bear Mt. Limited,BEAR MOUNTAIN COGEN,Operational,Other,Other,L, ,,,YES,,,,110kV to 161kV,Bakersfield,Kern,"93306",CA, 
-118.79674050179,35.4405596317287,"2228",SS2592,Kern Canyon, ,Operational,PG&E,PG&E,L, ,,YES,,,,,33kV to 92kV,Bakersfield,Kern,"93306",CA, 
-117.688291060592,35.6220197925357,"2229",SS2593,Downs, ,Operational,SCE,SCE,L, ,,YES,,,,,33kV to 92kV,Ridgecrest,Kern,"93555",CA, 
-119.004466836404,35.029574153869,"2230",SS2594,Wheeler, ,Operational,Other,Other,L, ,,,,YES,,,220kV to 287kV,Bakersfield,Kern,"93313",CA, 
-118.269904847449,35.0587408007636,"2231",SS2595,Morwind,A B ENERGY INC,Operational,SCE,SCE,L, ,,YES,,,,,33kV to 92kV,Mojave,Kern,"93501",CA, 
-118.276299814967,35.0446709346296,"2232",SS2596,Eastwind,MOJAVE 18,Operational,SCE,SCE,L, ,,YES,,,,,33kV to 92kV,Mojave,Kern,"93501",CA, 
-118.276378476057,35.0437946850621,"2233",SS2597,Westwind,RIDGETOP ENERGY LLC,Operational,SCE,SCE,L, ,,YES,,YES,,,220kV to 287kV,Mojave,Kern,"93501",CA, 
-118.28087109313,35.046037054604,"2234",SS2598,Mojave 17, ,Operational,SCE,SCE,L, ,,,,YES,,,220kV to 287kV,Mojave,Kern,"93501",CA, 
-118.29288666861,35.0386014561845,"2235",SS2599,Winderness,MOJAVE 16,Operational,SCE,SCE,L, ,,,,YES,,,220kV to 287kV,Mojave,Kern,"93501",CA, 
-119.63099859266,35.2273173215768,"2236",SS2600,Midway-Sunset Cogen 1, ,Operational,PG&E,PG&E,L, ,,,YES,,,,110kV to 161kV,Fellows,Kern,"93224",CA, 
-119.630840283619,35.2264784728179,"2237",SS2601,Midway-Sunset Cogen 2, ,Operational,PG&E,PG&E,L, ,,,YES,,,,110kV to 161kV,Fellows,Kern,"93224",CA, 
-119.629751381516,35.225575670835,"2238",SS2602,Midway-Sunset Cogen 3, ,Operational,PG&E,PG&E,L, ,,,YES,,,,110kV to 161kV,Fellows,Kern,"93224",CA, 
-119.598873793887,35.276353227274,"2239",SS2603,North Midway, ,Operational,PG&E,PG&E,L, ,,YES,,,,,33kV to 92kV,Fellows,Kern,"93224",CA, 
-119.559484941877,35.2252704097985,"2240",SS2604,Dome Project, ,Operational,PG&E,PG&E,L, ,,YES,,,,,33kV to 92kV,Fellows,Kern,"93224",CA, 
-119.502740298072,35.145711797955,"2241",SS2605,University, ,Operational,Other,Other,L, ,,,YES,,,,110kV to 161kV,Taft,Kern,"93268",CA, 
-119.348884507712,35.1580029515806,"2242",SS2606,Buena Vista Pumps, ,Operational,PG&E,PG&E,L, ,,,,YES,,,220kV to 287kV,Taft,Kern,"93268",CA, 
-119.441214571032,35.0897995858562,"2243",SS2607,Berry, ,Operational,PG&E,PG&E,L, ,,YES,,,,,33kV to 92kV,Maricopa,Kern,"93252",CA, 
-118.880526707904,34.8602576211842,"2244",SS2608,Lebec, ,Operational,Other,Other,L, ,,YES,,,,,33kV to 92kV,Frazier Park,Kern,"93225",CA, 
-117.700298304869,35.0325157400341,"2245",SS2609,U.S. Borax, ,Operational,Other,Other,L, ,,,YES,,,,110kV to 161kV,Boron,Kern,"93516",CA, 
-118.454603765112,34.5902409798798,"2246",SS2610,San Francisquito 1, ,Operational,LADWP,LADWP,L, ,,,,YES,,,220kV to 287kV,Santa Clarita,Los Angeles,"91390",CA, 
-118.277586171954,34.1559079531594,"2247",SS2611,Grayson, ,Operational,Other,Other,L, ,,,,YES,,,220kV to 287kV,Glendale,Los Angeles,"91201",CA, 
-118.316133754037,34.1777987283153,"2248",SS2612,Magnolia, ,Operational,Other,Other,L, ,,YES,,,,,33kV to 92kV,Burbank,Los Angeles,"91502",CA, 
-118.303837453158,34.1716026583731,"2249",SS2613,Glendale, ,Operational,Other,Other,L, ,,YES,,,,,33kV to 92kV,Burbank,Los Angeles,"91502",CA, 
-118.287733326412,34.1013943247304,"2250",SS2614,Sta. 54, ,Operational,SCE,SCE,L, ,,YES,,,,,33kV to 92kV,Los Angeles,Los Angeles,"90027",CA, 
-118.476016643606,34.0509950631131,"2251",SS2615,Sta. 66, ,Operational,LADWP,LADWP,L, ,,,YES,YES,,,220kV to 287kV,Los Angeles,Los Angeles,"90049",CA, 
-117.821823644839,34.040771442831,"2252",SS2617,Spadra, ,Operational,SCE,SCE,L, ,,YES,,,,,33kV to 92kV,Walnut,Los Angeles,"91789",CA, 
-117.949915663176,34.0082657714531,"2253",SS2618,Walnut, ,Operational,SCE,SCE,L, ,,YES,,YES,,,220kV to 287kV,Hacienda Heights,Los Angeles,"91745",CA, 
-118.024185007519,34.0240671389772,"2254",SS2619,Puente Hills, ,Operational,SCE,SCE,L, ,,YES,,,,,33kV to 92kV,Hacienda Heights,Los Angeles,"91745",CA, 
-118.202450184491,34.0186692926419,"2255",SS2620,Coidgen, ,Closed,SCE,SCE,L, ,,YES,,,,,33kV to 92kV,Los Angeles,Los Angeles,"90023",CA,Name should be coidgen instead of coldgen. unsured the actual location.
-118.37616378394,33.9618101684049,"2256",SS2622,Sta. N (Airport), ,Operational,LADWP,LADWP,L, ,,YES,YES,,,,110kV to 161kV,Los Angeles,Los Angeles,"90045",CA, 
-118.402874647291,33.9024844117775,"2257",SS2623,Chevmain, ,Operational,SCE,SCE,L, ,,YES,,YES,,,220kV to 287kV,El Segundo,Los Angeles,"90245",CA, 
-118.249095966465,33.8757472097829,"2258",SS2624,Icegen,CARSON COGEN,Operational,SCE,SCE,L, ,,YES,,,,,33kV to 92kV,Carson,Los Angeles,"90746",CA, 
-118.393810718979,33.8526342804782,"2259",SS2625,Redondo 1,AES REDONDO,Operational,SCE,SCE,L, ,,YES,,YES,,,220kV to 287kV,Redondo Beach,Los Angeles,"90277",CA, 
-118.282133923068,33.8037154882683,"2260",SS2626,Outfall,TOTAL ENERGY FACILITIES,Operational,SCE,SCE,L, ,,YES,,,,,33kV to 92kV,Carson,Los Angeles,"90745",CA, 
-118.235338416528,33.7940546570665,"2261",SS2627,Shell Los Angeles, ,Operational,SCE,SCE,L, ,,YES,,,,,33kV to 92kV,Wilmington,Los Angeles,"90744",CA, 
-118.265180698711,33.7700695557503,"2262",SS2628,Harbor, ,Operational,LADWP,LADWP,L, ,,YES,YES,,,,110kV to 161kV,Wilmington,Los Angeles,"90744",CA, 
-118.227856925243,33.7751373955793,"2263",SS2629,Hanjin,BP WILMINGTON CALCINER,Operational,SCE,SCE,L, ,,YES,,,,,33kV to 92kV,Long Beach,Los Angeles,"90813",CA, 
-118.225138564984,33.765634679034,"2264",SS2630,Long Beach, ,Operational,SCE,SCE,L, ,,YES,,,,,33kV to 92kV,Long Beach,Los Angeles,"90802",CA, 
-115.646773814456,33.1570994278386,"2265",SS2632,Salton Sea 3, ,Operational,IID,IID,L, ,,YES,,,,,33kV to 92kV,Calipatria,Imperial,"92233",CA, 
-115.639953701992,33.1568155294609,"2266",SS2633,Ce Turbo, ,Operational,IID,IID,L, ,,YES,,,,,33kV to 92kV,Calipatria,Imperial,"92233",CA, 
-115.639992158268,33.157743208317,"2267",SS2634,Salton Sea 2, ,Operational,IID,IID,L, ,,YES,,,,,33kV to 92kV,Calipatria,Imperial,"92233",CA, 
-115.617713922861,33.162319857865,"2268",SS2635,Vulcan, ,Operational,IID,IID,L, ,,YES,,,,,33kV to 92kV,Calipatria,Imperial,"92233",CA, 
-115.615301585647,33.1643646503745,"2269",SS2636,A W Hoch, ,Operational,IID,IID,L, ,,YES,,,,,33kV to 92kV,Calipatria,Imperial,"92233",CA, 
-115.60428091935,33.1780799403237,"2270",SS2637,J J Elmore, ,Operational,IID,IID,L, ,,YES,,,,,33kV to 92kV,Calipatria,Imperial,"92233",CA, 
-115.565813987078,33.1783823675822,"2271",SS2638,J M Leathers, ,Operational,IID,IID,L, ,,YES,,,,,33kV to 92kV,Calipatria,Imperial,"92233",CA, 
-115.534632835849,32.9685133354128,"2272",SS2639,Rockwood, ,Operational,IID,IID,L, ,,YES,,,,,33kV to 92kV,Brawley,Imperial,"92227",CA, 
-115.513879269998,32.9060827416166,"2273",SS2640,Mesquite Research Recovery, ,Operational,IID,IID,L, ,,YES,,,,,33kV to 92kV,Imperial,Imperial,"92251",CA, 
-115.512831009944,32.9032914510204,"2274",SS2641,Brawley, ,Operational,IID,IID,L, ,,YES,,,,,33kV to 92kV,Imperial,Imperial,"92251",CA, 
-115.257324279513,32.8164653836419,"2275",SS2642,East Mesa 1, ,Operational,IID,IID,L, ,,YES,,,,,33kV to 92kV,Winterhaven,Imperial,"92283",CA, 
-115.248778700167,32.7865830175887,"2276",SS2643,East Mesa 2, ,Operational,IID,IID,L, ,,YES,,,,,33kV to 92kV,Winterhaven,Imperial,"92283",CA, 
-115.264855096853,32.7745062460126,"2277",SS2644,East Mesa 3, ,Operational,IID,IID,L, ,,YES,,,,,33kV to 92kV,Winterhaven,Imperial,"92283",CA, 
-115.263280662388,32.7752312415133,"2278",SS2645,Gem Iii, ,Operational,IID,IID,L, ,,YES,,,,,33kV to 92kV,Winterhaven,Imperial,"92283",CA, 
-115.217895402722,32.7060693049155,"2279",SS2646,Drop 4, ,Operational,IID,IID,L, ,,YES,YES,,,,110kV to 161kV,Winterhaven,Imperial,"92283",CA, 
-115.126359100457,32.7060528349418,"2280",SS2647,Drop 3, ,Operational,IID,IID,L, ,,YES,,,,,33kV to 92kV,Winterhaven,Imperial,"92283",CA, 
-114.634397801034,32.779160824805,"2281",SS2648,Siphon Drop, ,Operational,IID,IID,L, ,,YES,,,,,33kV to 92kV,Winterhaven,Imperial,"92283",CA, 
-115.5174836581,32.7144985510747,"2282",SS2649,Heber Geothermal, ,Operational,IID,IID,L, ,,YES,,,,,33kV to 92kV,Heber,Imperial,"92249",CA, 
-115.392044478632,32.6735334229296,"2283",SS2650,Drop 5, ,Operational,IID,IID,L, ,,YES,,,,,33kV to 92kV,Calexico,Imperial,"92231",CA, 
-122.436734673777,41.9329757800225,"2284",SS2651,Iron Gate, ,Operational,PCORP,PCORP,U, ,,YES,,,,,33kV to 92kV,Hornbrook,Siskiyou,"96044",CA, 
-122.335924926839,41.9798643648508,"2285",SS2652,Copco 1, ,Operational,PCORP,PCORP,U, ,,YES,,,,,33kV to 92kV,Montague,Siskiyou,"96064",CA, 
-122.361366679337,41.9769323846925,"2286",SS2653,Copco 2, ,Operational,PCORP,PCORP,U, ,,,YES,,,,110kV to 161kV,Montague,Siskiyou,"96064",CA, 
-122.522645318113,41.6038265899168,"2287",SS2654,Lucerne,LUCERNE MTN,Operational,PCORP,PCORP,U, ,,,YES,,,,110kV to 161kV,Grenada,Siskiyou,"96038",CA, 
-121.497778121542,40.9910296909593,"2288",SS2655,Pit 1 Ph, ,Operational,PG&E,PG&E,U, ,,YES,,YES,,,220kV to 287kV,Fall River Mills,Shasta,"96028",CA, 
-121.548585042887,40.9609779698937,"2289",SS2656,Hat Creek 2, ,Operational,PG&E,PG&E,U, ,,YES,,YES,,,220kV to 287kV,Fall River Mills,Shasta,"96028",CA, 
-121.496759747673,40.9897493916769,"2290",SS2657,Pit 1, ,Operational,PG&E,PG&E,U, ,,,,YES,,,220kV to 287kV,Fall River Mills,Shasta,"96028",CA, 
-121.747630101802,40.9976914648229,"2291",SS2658,Pit 3, ,Operational,PG&E,PG&E,U, ,,,,YES,,,220kV to 287kV,Montgomery Creek,Shasta,"96065",CA, 
-121.849289735611,40.9870887166883,"2292",SS2659,Pit 4, ,Operational,PG&E,PG&E,U, ,,,,YES,,,220kV to 287kV,Montgomery Creek,Shasta,"96065",CA, 
-121.928686186291,40.8776645019836,"2293",SS2660,Cove  Rd., ,Operational,PG&E,PG&E,U, ,YES,,,,,,12kV to 32kV,Montgomery Creek,Shasta,"96065",CA, 
-121.974587955348,40.9925278231547,"2294",SS2661,James B. Black, ,Operational,PG&E,PG&E,U, ,,,,YES,,,220kV to 287kV,Montgomery Creek,Shasta,"96065",CA, 
-121.992331822394,40.922265328377,"2295",SS2662,Pit 6, ,Operational,PG&E,PG&E,U, ,,,,YES,,,220kV to 287kV,Montgomery Creek,Shasta,"96065",CA, 
-121.991058875568,40.846611035626,"2296",SS2663,Pit 7, ,Operational,PG&E,PG&E,U, ,,,,YES,,,220kV to 287kV,Montgomery Creek,Shasta,"96065",CA, 
-121.976571338945,40.9867240553477,"2297",SS2664,Pit 5, ,Operational,PG&E,PG&E,U, ,,,,YES,,,220kV to 287kV,Montgomery Creek,Shasta,"96065",CA, 
-122.761417713757,40.7969626013123,"2298",SS2665,Trinity Hydro, ,Operational,Other,Other,U,TNY,,,,YES,,,220kV to 287kV,Lewiston,Trinity,"96052",CA, 
-122.537105003133,40.5982312661473,"2299",SS2666,Whiskeytown, ,Operational,WAPA,WAPA,U,WHY,,,,YES,,,220kV to 287kV,French Gulch,Shasta,"96033",CA, 
-122.625726192857,40.64589826599,"2300",SS2667,Carr,JUDGE F CARR,Operational,WAPA,WAPA,U,CAR,,,,YES,,,220kV to 287kV,French Gulch,Shasta,"96033",CA, 
-121.937774754059,40.7912084344653,"2301",SS2668,Cedar Creek, ,Operational,PG&E,PG&E,U, ,,YES,,,,,33kV to 92kV,Oak Run,Shasta,"96069",CA, 
-121.873078952706,40.6781703373644,"2302",SS2669,Kilarc, ,Operational,PG&E,PG&E,U, ,,YES,,,,,33kV to 92kV,Whitmore,Shasta,"96096",CA, 
-122.02036918856,40.5718612744543,"2303",SS2670,Cow Creek, ,Operational,PG&E,PG&E,U, ,,YES,,,,,33kV to 92kV,Whitmore,Shasta,"96096",CA, 
-122.322484514399,40.7372342414318,"2304",SS2671,Mt. Gate, ,Operational,PG&E,PG&E,U, ,,,YES,,,,110kV to 161kV,Redding,Shasta,"96003",CA, 
-122.39188334549,40.6335737765845,"2305",SS2672,Beltline, ,Operational,Other,Other,U, ,,,YES,,,,110kV to 161kV,Redding,Shasta,"96003",CA, 
-122.308302702655,40.7443452397033,"2306",SS2673,Mt. Gate Jct., ,Operational,PG&E,PG&E,U, ,,YES,,,,,33kV to 92kV,Redding,Shasta,"96003",CA, 
-122.377581576236,40.5350377985105,"2307",SS2674,Moore Rd., ,Operational,Other,Other,U, ,,,YES,,,,110kV to 161kV,Redding,Shasta,"96001",CA, 
-122.395235482299,40.586397348702,"2308",SS2675,Oregon St, ,Operational,Other,Other,U, ,,,YES,,,,110kV to 161kV,Redding,Shasta,"96001",CA, 
-122.389470533571,40.5748401546491,"2309",SS2676,Waldon, ,Operational,Other,Other,U, ,,,YES,,,,110kV to 161kV,Redding,Shasta,"96001",CA, 
-122.467715540511,40.6280081324759,"2310",SS2677,Spring Creek, ,Operational,WAPA,WAPA,U,SCR,,,,YES,,,220kV to 287kV,Redding,Shasta,"96001",CA, 
-122.389417394928,40.654819136348,"2311",SS2678,Knauf, ,Operational,Other,Other,U, ,,YES,YES,,,,110kV to 161kV,Shasta Lake,Shasta,"96019",CA, 
-122.121711051947,40.4049003804633,"2312",SS2679,Coleman, ,Operational,Other,Other,U, ,,YES,,,,,33kV to 92kV,Shingletown,Shasta,"96088",CA, 
-122.315325348008,40.517999878258,"2313",SS2680,Airport Rd. 1, ,Operational,Other,Other,U, ,,YES,YES,,,,110kV to 161kV,Redding,Shasta,"96002",CA, 
-122.31553585693,40.5193996788277,"2314",SS2681,Airport,AIRPORT RD 2,Operational,WAPA,WAPA,U,AIR,,,YES,YES,,,220kV to 287kV,Redding,Shasta,"96002",CA, 
-122.353611392408,40.5757698910286,"2315",SS2682,Canby,CHURN CREEK,Operational,Other,Other,U, ,,YES,YES,,,,110kV to 161kV,Redding,Shasta,"96002",CA, 
-121.86641934197,40.4595460661151,"2316",SS2683,Volta 1, ,Operational,PG&E,PG&E,U, ,,YES,,,,,33kV to 92kV,Manton,Shasta,"96059",CA, 
-121.965091881582,40.4013243915549,"2317",SS2684,Inskip, ,Operational,PG&E,PG&E,U, ,,YES,,,,,33kV to 92kV,Paynes Creek,Tehama,"96075",CA, 
-122.211679343676,40.1446527579813,"2318",SS2685,Packaging,RED BLUFF,Operational,Other,Other,U, ,,YES,,,,,33kV to 92kV,Red Bluff,Tehama,"96080",CA, 
-121.190733014922,40.1758140116999,"2319",SS2686,Butt Valley, ,Operational,PG&E,PG&E,U, ,,,YES,,,,110kV to 161kV,Canyon Dam,Plumas,"95923",CA, 
-121.148679715507,40.0861223375431,"2320",SS2687,Caribou 2, ,Operational,PG&E,PG&E,U, ,,YES,YES,YES,,,220kV to 287kV,Twain,Plumas,"95984",CA, 
-121.249408731292,40.0074004643855,"2321",SS2688,Belden, ,Operational,PG&E,PG&E,U, ,,,YES,YES,,,220kV to 287kV,Belden,Plumas,"95915",CA, 
-120.944747077844,39.9749301073744,"2322",SS2689,N.N., ,Operational,PG&E,PG&E,U, ,,YES,,,,,33kV to 92kV,Quincy,Plumas,"95971",CA, 
-122.3325037995,39.815148276579,"2323",SS2690,Black Butte, ,Low kV,PG&E,PG&E,U, ,YES,,,,,,12kV to 32kV,Corning,Tehama,"96021",CA, 
-120.370860513559,39.7569629710072,"2324",SS2691,Marble, ,Operational,Other,Other,U, ,,YES,,,,,33kV to 92kV,Portola,Plumas,"96122",CA, 
-120.6448893544,39.8012623443547,"2325",SS2692,Mohawk, ,Operational,Other,Other,U, ,,YES,,,,,33kV to 92kV,Blairsden-Graeagle,Plumas,"96103",CA, 
-120.617696375483,39.7711329826425,"2326",SS2693,Graeagle, ,Low kV,Other,Other,U, ,YES,,,,,,12kV to 32kV,Blairsden-Graeagle,Plumas,"96103",CA, 
-120.58159772802,39.5655448648358,"2327",SS2694,Haypress Middle, ,Low kV,PG&E,PG&E,U, ,YES,,,,,,12kV to 32kV,Calpine,Sierra,"96124",CA, 
-120.596914248323,39.5657161836592,"2328",SS2695,Haypress Lower, ,Low kV,PG&E,PG&E,U, ,YES,,,,,,12kV to 32kV,Calpine,Sierra,"96124",CA, 
-120.027436399807,39.2458585563246,"2329",SS2696,Kings Beach, ,Operational,Other,Other,U, ,,YES,,,,,33kV to 92kV,Kings Beach,Placer,"96143",CA, 
-120.181207006263,39.3301238389863,"2330",SS2697,Truckee Tpud, ,Operational,Other,Other,U, ,,YES,,,,,33kV to 92kV,Truckee,Nevada,"96161",CA, 
-120.766782596344,39.256662036515,"2331",SS2698,Drum 1, ,Operational,PG&E,PG&E,U, ,,YES,YES,,,,110kV to 161kV,Alta,Placer,"95701",CA, 
-120.766641926988,39.2574184331316,"2332",SS2699,Drum 2, ,Operational,PG&E,PG&E,U, ,,YES,,,,,33kV to 92kV,Alta,Placer,"95701",CA, 
-120.596397085722,39.0242422420374,"2333",SS2700,Middle Fork, ,Operational,PG&E,PG&E,M, ,,YES,,YES,,,220kV to 287kV,Foresthill,Placer,"95631",CA, 
-121.640100512776,39.1368644229714,"2334",SS2701,Greenleaf Unit Ii, ,Operational,Other,Other,U, ,,YES,,,,,33kV to 92kV,Yuba City,Sutter,"95993",CA, 
-121.638488492255,39.1384295955658,"2335",SS2702,Yuba City Sta. B, ,Operational,PG&E,PG&E,U, ,,YES,,,,,33kV to 92kV,Yuba City,Sutter,"95993",CA, 
-121.691890976965,39.0525036918284,"2336",SS2703,Sutter Power, ,Operational,PG&E,PG&E,M, ,,YES,,,,,33kV to 92kV,Yuba City,Sutter,"95993",CA, 
-121.313989541666,38.8318661380602,"2337",SS2704,Rio Bravo Rocklin, ,Operational,PG&E,PG&E,M, ,,YES,,,,,33kV to 92kV,Lincoln,Placer,"95648",CA, 
-121.316906876814,39.0488968015796,"2338",SS2705,Camp Far West, ,Operational,PG&E,PG&E,M, ,,YES,,,,,33kV to 92kV,Sheridan,Placer,"95681",CA, 
-121.098482687092,38.8899212225601,"2339",SS2706,Wise, ,Operational,PG&E,PG&E,M, ,,YES,YES,,,,110kV to 161kV,Auburn,Placer,"95603",CA, 
-122.711562993325,38.7487580835069,"2340",SS2707,Ncpa 3 & 4, ,Operational,PG&E,PG&E,M, ,,,,YES,,,220kV to 287kV,Middletown,Lake,"95461",CA, 
-122.881224718987,38.8340282758306,"2341",SS2708,Aidlin Geothermal, ,Operational,PG&E,PG&E,M, ,,,YES,,,,110kV to 161kV,Cloverdale,Sonoma,"95425",CA, 
-122.814965826173,38.805699401062,"2342",SS2709,Geysers Unit 3, ,Operational,PG&E,PG&E,M, ,,,YES,YES,,,220kV to 287kV,Geyserville,Sonoma,"95441",CA, 
-122.802025781955,38.8147090878608,"2343",SS2710,Ridge Line, ,Operational,PG&E,PG&E,M, ,,,YES,,,,110kV to 161kV,Geyserville,Sonoma,"95441",CA, 
-122.783846783268,38.8053051050268,"2344",SS2711,Cobb Creek, ,Operational,PG&E,PG&E,M, ,,,,YES,,,220kV to 287kV,Geyserville,Sonoma,"95441",CA, 
-122.748277803585,38.7685858885069,"2345",SS2712,Socrates 18, ,Operational,PG&E,PG&E,M, ,,,,YES,,,220kV to 287kV,Geyserville,Sonoma,"95441",CA, 
-122.088713732852,37.3177234362785,"2346",SS2713,Magnesium, ,Operational,PG&E,PG&E,M, ,,,YES,,,,110kV to 161kV,Cupertino,Santa Clara,"95014",CA, 
-122.782018802207,38.7867066953527,"2347",SS2714,Sulphur Springs, ,Operational,PG&E,PG&E,M, ,,,,YES,,,220kV to 287kV,Geyserville,Sonoma,"95441",CA, 
-122.808208736054,38.8056150052853,"2348",SS2715,Mccabe, ,Operational,PG&E,PG&E,M, ,,YES,,YES,,,220kV to 287kV,Geyserville,Sonoma,"95441",CA, 
-122.76699329195,38.7959739997946,"2349",SS2716,Fumarole, ,Operational,PG&E,PG&E,M, ,,,,YES,,,220kV to 287kV,Geyserville,Sonoma,"95441",CA, 
-121.383466222269,38.7921693201039,"2350",SS2717,REP SY, ,Operational,Other,Other,M, ,,YES,,,,,33kV to 92kV,Roseville,Placer,"95747",CA,Double circuit
-121.382949735475,38.7924571936241,"2351",SS2718,REP, ,Operational,Other,Other,M, ,,YES,,,,,33kV to 92kV,Roseville,Placer,"95747",CA, 
-121.267888861199,38.7455137505758,"2352",SS2719,Douglas, ,Operational,Other,Other,M, ,,YES,,,,,33kV to 92kV,Roseville,Placer,"95678",CA, 
-121.264138456309,38.7617328907196,"2353",SS2720,Berry, ,Operational,Other,Other,M,RSC,,YES,YES,YES,,,220kV to 287kV,Roseville,Placer,"95678",CA, 
-121.282728192398,38.7794931893555,"2354",SS2721,Park, ,Operational,PG&E,PG&E,M, ,,YES,,,,,33kV to 92kV,Roseville,Placer,"95678",CA, 
-122.719535924541,38.7522726478924,"2355",SS2722,Ncpa 1 & 2, ,Operational,PG&E,PG&E,M, ,,,,YES,,,220kV to 287kV,Middletown,Sonoma,"95461",CA, 
-121.250958358993,38.7526514523058,"2356",SS2723,Hard Rock, ,Operational,SMUD,SMUD,M, ,,YES,,,,,33kV to 92kV,Roseville,Placer,"95661",CA, 
-122.852844623134,38.6065520289823,"2357",SS2724,Fitch Mt., ,Operational,PG&E,PG&E,M, ,,YES,,,,,33kV to 92kV,Healdsburg,Sonoma,"95448",CA, 
-121.161131017085,38.7074653082173,"2358",SS2725,Folsom, ,Operational,WAPA,WAPA,M,FOL,,,YES,YES,,,220kV to 287kV,Folsom,Sacramento,"95630",CA, 
-121.411345836715,38.6474009203634,"2359",SS2726,Mcclellan-Bell, ,Operational,SMUD,SMUD,M, ,,YES,,,,,33kV to 92kV,Mcclellan,Sacramento,"95652",CA, 
-121.393590367562,38.6522957903098,"2360",SS2727,Mcclellan, ,Operational,SMUD,SMUD,M, ,,YES,,,,,33kV to 92kV,Mcclellan,Sacramento,"95652",CA, 
-121.346596835024,38.6063008928672,"2361",SS2728,Walnut, ,Operational,SMUD,SMUD,M, ,,YES,,,,,33kV to 92kV,Carmichael,Sacramento,"95608",CA, 
-121.405748848299,38.6206287714225,"2362",SS2729,Wright, ,Operational,SMUD,SMUD,M, ,,YES,,,,,33kV to 92kV,Sacramento,Sacramento,"95821",CA, 
-121.383578834934,38.6372814982936,"2363",SS2730,Auburn Watt, ,Operational,SMUD,SMUD,M, ,,,,YES,,,220kV to 287kV,Sacramento,Sacramento,"95821",CA, 
-121.23749387605,38.5930998871066,"2364",SS2731,White Rock-Aerojet, ,Operational,SMUD,SMUD,M, ,,YES,,,,,33kV to 92kV,Rancho Cordova,Sacramento,"95742",CA, 
-121.282622841251,38.619218917991,"2365",SS2732,Carmichael Id, ,Operational,SMUD,SMUD,M, ,,YES,,,,,33kV to 92kV,Rancho Cordova,Sacramento,"95670",CA, 
-121.192880677924,38.5149221237775,"2366",SS2733,Kiefer Landfill, ,Operational,SMUD,SMUD,M, ,,YES,,,,,33kV to 92kV,Sloughhouse,Sacramento,"95683",CA, 
-121.491035813891,38.6090799116678,"2367",SS2734,Azusa -Thelma, ,Operational,SMUD,SMUD,M, ,,YES,,,,,33kV to 92kV,Sacramento,Sacramento,"95833",CA, 
-121.439570849773,38.6193439270764,"2368",SS2735,Alamos, ,Operational,SMUD,SMUD,M, ,,YES,,,,,33kV to 92kV,Sacramento,Sacramento,"95815",CA, 
-121.385177085609,38.5806210910321,"2369",SS2736,Larch-Northrop, ,Operational,SMUD,SMUD,M, ,,YES,,,,,33kV to 92kV,Sacramento,Sacramento,"95864",CA, 
-121.381214675399,38.5978712655341,"2370",SS2737,Pak-N-Save 1, ,Operational,SMUD,SMUD,M, ,,YES,,,,,33kV to 92kV,Sacramento,Sacramento,"95864",CA, 
-121.451380824257,38.5707700251575,"2371",SS2738,Arden Pumping Sta., ,Operational,SMUD,SMUD,M, ,,YES,,,,,33kV to 92kV,Sacramento,Sacramento,"95816",CA, 
-121.426489770937,38.5564323255868,"2372",SS2739,Csus, ,Operational,SMUD,SMUD,M, ,,YES,,,,,33kV to 92kV,Sacramento,Sacramento,"95819",CA, 
-121.400089928305,38.5317064533123,"2373",SS2740,Air Products 2, ,Operational,SMUD,SMUD,M, ,,YES,,,,,33kV to 92kV,Sacramento,Sacramento,"95826",CA, 
-121.751385466008,38.5291050905763,"2374",SS2741,Uc Davis, ,Operational,PG&E,PG&E,M, ,,YES,,,,,33kV to 92kV,Dixon,Solano,"95620",CA, 
-121.427933088089,38.4985966822159,"2375",SS2742,Pak-N-Save 2, ,Operational,SMUD,SMUD,M, ,,YES,,,,,33kV to 92kV,Sacramento,Sacramento,"95828",CA, 
-121.918098159914,38.4051833908357,"2376",SS2743,Calpeak Power Vaca Dixon 1, ,Operational,PG&E,PG&E,M, ,,YES,YES,,YES,,345kV to 500kV,Vacaville,Solano,"95688",CA, 
-121.463936022596,38.5085634264338,"2377",SS2744,48Th-Martin Luther King, ,Operational,SMUD,SMUD,M, ,,YES,YES,,,,110kV to 161kV,Sacramento,Sacramento,"95823",CA, 
-121.461845447362,38.4454559194892,"2378",SS2745,Carson Ice Cogen, ,Operational,SMUD,SMUD,M, ,,YES,,,,,33kV to 92kV,Elk Grove,Sacramento,"95758",CA, 
-121.123556333004,38.3443678972444,"2379",SS2746,Rancho Seco, ,Operational,SMUD,SMUD,M, ,,,,YES,,,220kV to 287kV,Herald,Sacramento,"95638",CA, 
-121.124813785044,38.3391312080869,"2380",SS2747,Cosumnes, ,Operational,SMUD,SMUD,M, ,,,,YES,,,220kV to 287kV,Herald,Sacramento,"95638",CA, 
-122.747093851275,38.3014319513393,"2381",SS2748,Central F, ,Operational,Other,Other,M, ,,YES,,,,,33kV to 92kV,Petaluma,Sonoma,"94952",CA, 
-121.312730912954,38.2714499341785,"2382",SS2749,Air Products 1, ,Operational,SMUD,SMUD,M, ,,YES,,,,,33kV to 92kV,Galt,Sacramento,"95632",CA, 
-121.28295088986,38.2749737551247,"2383",SS2750,Marengo-Sprr, ,Operational,SMUD,SMUD,M, ,,YES,,,,,33kV to 92kV,Galt,Sacramento,"95632",CA, 
-122.155124338948,38.1980601706443,"2384",SS2751,Cordelia Interm Pumps, ,Operational,Other,Other,M, ,,YES,,,,,33kV to 92kV,Fairfield,Solano,"94534",CA, 
-122.147864755977,38.2055014345648,"2385",SS2752,Jameson, ,Operational,PG&E,PG&E,M, ,,,YES,,,,110kV to 161kV,Fairfield,Solano,"94534",CA, 
-121.829217820908,38.1236329884475,"2386",SS2753,US Windpower (Russell),"SOLANO WIND, RUSSELL",Operational,Other,Other,M, ,,,,YES,,,220kV to 287kV,Rio Vista,Solano,"94571",CA, 
-121.855740749793,38.241215682681,"2387",SS2754,Creed Energy, ,Operational,PG&E,PG&E,M, ,,,YES,,,,110kV to 161kV,Suisun City,Solano,"94585",CA, 
-121.844170417165,38.2265878169659,"2388",SS2755,Goose Haven, ,Operational,PG&E,PG&E,M, ,,YES,,,,,33kV to 92kV,Suisun City,Solano,"94585",CA, 
-121.866911683321,38.2214526262957,"2389",SS2756,Lambie Energy, ,Operational,PG&E,PG&E,M, ,,YES,,YES,,,220kV to 287kV,Suisun City,Solano,"94585",CA, 
-121.024569749641,38.2268844403941,"2390",SS2757,Camanche Dam, ,Operational,Other,Other,M, ,,,YES,,,,110kV to 161kV,Acampo,San Joaquin,"95220",CA, 
-121.299630723341,38.1461186566007,"2391",SS2759,Mclain, ,Operational,Other,Other,M, ,,YES,,,,,33kV to 92kV,Lodi,San Joaquin,"95242",CA, 
-121.388192753242,38.0879331814619,"2392",SS2760,Lodi Stig, ,Operational,Other,Other,M, ,,,,YES,,,220kV to 287kV,Lodi,San Joaquin,"95242",CA, 
-121.290428954467,38.1160045526532,"2393",SS2761,Henning, ,Operational,PG&E,PG&E,M, ,,YES,,,,,33kV to 92kV,Lodi,San Joaquin,"95242",CA, 
-121.261364800332,38.1372352186819,"2394",SS2762,Lodi,KILLELEA,Operational,Other,Other,M, ,,YES,,,,,33kV to 92kV,Lodi,San Joaquin,"95240",CA, 
-121.263358544077,37.9125509368511,"2395",SS2763,Stockton Cogen, ,Operational,PG&E,PG&E,M, ,,,YES,,,,110kV to 161kV,Stockton,San Joaquin,"95206",CA, 
-121.32837815398,37.9376621401991,"2396",SS2764,Stockton Wastewater, ,Operational,Other,Other,M, ,,YES,,,,,33kV to 92kV,Stockton,San Joaquin,"95206",CA, 
-120.807055887516,37.8302756502084,"2397",SS2765,Frankenheimer, ,Low kV,PG&E,PG&E,M, ,YES,,,,,,12kV to 32kV,Oakdale,Stanislaus,"95361",CA, 
-121.274203954425,37.797849986716,"2398",SS2766,Vierra,HOWARD RD,Operational,PG&E,PG&E,M, ,,YES,,,,,33kV to 92kV,Lathrop,San Joaquin,"95330",CA, 
-121.276558242133,37.8087804610336,"2399",SS2767,Howland Rd.,J.R. SIMPLOT,Operational,PG&E,PG&E,M, ,,YES,,,,,33kV to 92kV,Lathrop,San Joaquin,"95330",CA, 
-121.416896812158,37.7561361002176,"2400",SS2769,Leprino Foods (Tracy), ,Operational,Other,Other,M, ,,YES,YES,,,,110kV to 161kV,Tracy,San Joaquin,"95376",CA, 
-121.544375547415,37.6724480181512,"2401",SS2770,Aec 2, ,Operational,Other,Other,M, ,,,YES,,,,110kV to 161kV,Tracy,San Joaquin,"95377",CA, 
-121.488415527869,37.7200476504009,"2402",SS2771,Thermal Energy,TRACY BIOMASS,Operational,PG&E,PG&E,M, ,,,YES,,,,110kV to 161kV,Tracy,San Joaquin,"95377",CA, 
-121.489944487451,37.710355849692,"2403",SS2772,GWF Tracy, ,Operational,PG&E,PG&E,M, ,,,YES,,,,110kV to 161kV,Tracy,San Joaquin,"95377",CA, 
-122.376853164739,37.7369130495183,"2404",SS2773,Hunters Point,SAN FRAN P-HUNTERS POINT,Operational,PG&E,PG&E,M, ,,,YES,,,,110kV to 161kV,San Francisco,San Francisco,"94124",CA, 
-122.403358901187,37.7460248727315,"2405",SS2774,Bayshore  (Sf W), ,Operational,PG&E,PG&E,M, ,,,YES,,,,110kV to 161kV,San Francisco,San Francisco,"94124",CA, 
-121.040362003817,37.6428929836966,"2406",SS2775,Rosemore A, ,Operational,Other,Other,M, ,,YES,,,,,33kV to 92kV,Modesto,Stanislaus,"95358",CA, 
-121.019645790462,37.6530041946449,"2407",SS2776,Woodland- Mid, ,Operational,Other,Other,M, ,,YES,,,,,33kV to 92kV,Modesto,Stanislaus,"95351",CA, 
-120.993174031026,37.6371539615902,"2408",SS2777,12Th St., ,Operational,Other,Other,M, ,,YES,,,,,33kV to 92kV,Modesto,Stanislaus,"95354",CA, 
-121.006037016405,37.641959968139,"2409",SS2778,8Th St., ,Operational,Other,Other,M, ,,YES,,,,,33kV to 92kV,Modesto,Stanislaus,"95354",CA, 
-120.931325015221,37.6292479770073,"2410",SS2779,Mcclure, ,Operational,Other,Other,M, ,,YES,,,,,33kV to 92kV,Modesto,Stanislaus,"95354",CA, 
-121.098262017952,37.4805310930071,"2411",SS2780,Patterson Water Dist., ,Operational,Other,Other,M, ,,,YES,,,,110kV to 161kV,Patterson,Stanislaus,"95363",CA, 
-120.838047449209,37.4894665908958,"2412",SS2781,F St., ,Operational,Other,Other,M, ,,YES,,,,,33kV to 92kV,Turlock,Stanislaus,"95380",CA, 
-120.906069618995,37.4899476554753,"2413",SS2782,Walnut, ,Operational,Other,Other,M, ,,,YES,YES,,,220kV to 287kV,Turlock,Stanislaus,"95380",CA, 
-120.896821223126,37.487727905702,"2414",SS2783,Walnut Energy, ,Operational,Other,Other,M, ,,,YES,,,,110kV to 161kV,Turlock,Stanislaus,"95380",CA, 
-122.17827358591,37.4553717777133,"2415",SS2784,Sri,SRI INTL,Operational,PG&E,PG&E,M, ,,YES,,,,,33kV to 92kV,Menlo Park,San Mateo,"94025",CA, 
-121.935537948239,37.4547543474679,"2416",SS2785,Newby Island I, ,Operational,PG&E,PG&E,M, ,,YES,,,,,33kV to 92kV,San Jose,Santa Clara,"95134",CA, 
-122.03176302569,37.4095364455965,"2417",SS2786,Lockheed 1, ,Operational,Other,Other,M, ,,,YES,,,,110kV to 161kV,Sunnyvale,Santa Clara,"94089",CA, 
-122.030789661106,37.4161283910916,"2418",SS2787,Lockheed 2, ,Operational,Other,Other,M, ,,,YES,,,,110kV to 161kV,Sunnyvale,Santa Clara,"94089",CA, 
-122.063467858438,37.4181070780716,"2419",SS2788,Nasa, ,Operational,Other,Other,M, ,,,YES,,,,110kV to 161kV,Mountain View,Santa Clara,"94035",CA, 
-121.966494949543,37.4019598752463,"2420",SS2789,Northern Receiving Sta.,GIANERA,Operational,Other,Other,M, ,,,YES,,,,110kV to 161kV,Santa Clara,Santa Clara,"95054",CA, 
-121.944510501006,37.3694102893674,"2421",SS2790,Container Corp., ,Operational,Other,Other,M, ,,YES,,,,,33kV to 92kV,Santa Clara,Santa Clara,"95050",CA, 
-121.787233175858,37.269090210668,"2422",SS2791,Piercy, ,Operational,PG&E,PG&E,M, ,,,YES,,,,110kV to 161kV,San Jose,Santa Clara,"95138",CA, 
-121.977339073157,37.2264348813795,"2423",SS2792,Los Gatos, ,Operational,PG&E,PG&E,M, ,,YES,,,,,33kV to 92kV,Los Gatos,Santa Clara,"95030",CA, 
-121.796399200066,37.2444674157654,"2424",SS2793,Ibm Cottle, ,Operational,Other,Other,M, ,,,YES,,,,110kV to 161kV,San Jose,Santa Clara,"95123",CA, 
-121.804328561034,37.2150749129152,"2425",SS2794,Ibm Harry Rd., ,Operational,Other,Other,M, ,,,YES,,,,110kV to 161kV,San Jose,Santa Clara,"95120",CA, 
-121.895222543514,37.2142128674598,"2426",SS2795,Guadalupe, ,Operational,PG&E,PG&E,M, ,,YES,,,,,33kV to 92kV,San Jose,Santa Clara,"95120",CA, 
-121.749076059416,37.1992456877946,"2427",SS2796,Ibm Bailey Rd., ,Operational,Other,Other,M, ,,,YES,,,,110kV to 161kV,Coyote,Santa Clara,"95013",CA, 
-121.746263654396,37.2262776067719,"2428",SS2797,Metcalf 2, ,Operational,PG&E,PG&E,M, ,,,YES,YES,YES,,345kV to 500kV,Coyote,Santa Clara,"95013",CA, 
-121.746585976372,37.2214090893011,"2429",SS2798,Metcalf Energy Cntr., ,Operational,PG&E,PG&E,M, ,,,,YES,,,220kV to 287kV,Coyote,Santa Clara,"95013",CA, 
-121.74189780544,37.2243815283055,"2430",SS2799,Metcalf 1, ,Operational,PG&E,PG&E,M, ,,YES,YES,YES,,,220kV to 287kV,Coyote,Santa Clara,"95013",CA, 
-121.536408543366,36.9985858380813,"2431",SS2800,Gilroy Food I, ,Operational,Other,Other,M, ,,,YES,,,,110kV to 161kV,Gilroy,Santa Clara,"95020",CA, 
-121.539597934212,36.9983224751888,"2432",SS2801,Gilroy Food Ii, ,Operational,Other,Other,M, ,,,YES,,,,110kV to 161kV,Gilroy,Santa Clara,"95020",CA, 
-121.767944501196,36.9111543507584,"2433",SS2802,Calpine Monterey, ,Operational,Other,Other,M, ,,YES,,,,,33kV to 92kV,Watsonville,Santa Cruz,"95076",CA, 
-117.56623769078,35.0202917475286,"2434",SS2803,Segs 6, ,Operational,SCE,SCE,L, ,,YES,YES,,,,110kV to 161kV,Ridgecrest,San Bernardino,"93555",CA, 
-117.565722199263,35.0155057827124,"2435",SS2804,Segs 7, ,Operational,SCE,SCE,L, ,,YES,YES,,,,110kV to 161kV,Ridgecrest,San Bernardino,"93555",CA, 
-117.55549821702,35.0190386466552,"2436",SS2805,Segs 5, ,Operational,SCE,SCE,L, ,,YES,YES,,,,110kV to 161kV,Ridgecrest,San Bernardino,"93555",CA, 
-117.555654030646,35.0118478119526,"2437",SS2806,Segs 4, ,Operational,SCE,SCE,L, ,,YES,YES,,,,110kV to 161kV,Ridgecrest,San Bernardino,"93555",CA, 
-117.555728784283,35.007352178905,"2438",SS2807,Segs 3, ,Operational,SCE,SCE,L, ,,YES,YES,,,,110kV to 161kV,Ridgecrest,San Bernardino,"93555",CA, 
-117.39334815528,35.7041467440552,"2439",SS2808,Westend, ,Operational,SCE,SCE,L, ,,,YES,,,,110kV to 161kV,Trona,San Bernardino,"93562",CA, 
-117.375433463748,35.7648755552312,"2440",SS2809,Trona,ACE COGEN,Operational,SCE,SCE,L, ,,,YES,,,,110kV to 161kV,Trona,San Bernardino,"93562",CA, 
-120.847375268862,35.2162871656792,"2441",SS2810,Diablo Canyon, ,Operational,PG&E,PG&E,L, ,,,,,YES,,345kV to 500kV,San Luis Obispo,San Luis Obispo,"93405",CA, 
-117.348201864493,35.0266450177575,"2442",SS2811,Harper Lake,"SEGS 8, 9",Operational,SCE,SCE,L, ,,YES,,,,,33kV to 92kV,Hinkley,San Bernardino,"92347",CA, 
-115.121935888092,34.1488340460969,"2443",SS2812,Iron Mt., ,Operational,SCE,SCE,L, ,,YES,,YES,,,220kV to 287kV,Essex,San Bernardino,"92332",CA, 
-120.457761549004,34.9447850130206,"2444",SS2813,Santa Maria Cogen, ,Operational,PG&E,PG&E,L, ,,,YES,,,,110kV to 161kV,Santa Maria,Santa Barbara,"93458",CA, 
-116.854194962316,34.8631069952141,"2445",SS2814,Cool Water, ,Operational,SCE,SCE,L, ,,YES,YES,YES,,,220kV to 287kV,Daggett,San Bernardino,"92327",CA, 
-116.828032483965,34.8615929937879,"2446",SS2815,Segs 2, ,Operational,SCE,SCE,L, ,,YES,YES,,,,110kV to 161kV,Daggett,San Bernardino,"92327",CA, 
-117.363077083828,34.5953111443362,"2447",SS2816,Caldwell, ,Operational,Other,Other,L, ,,YES,,YES,,,220kV to 287kV,Adelanto,San Bernardino,"92301",CA, 
-120.525976286488,34.7637479666519,"2448",SS2817,Vandenberg Afb, ,Operational,Other,Other,L, ,,YES,,,,,33kV to 92kV,Lompoc,Santa Barbara,"93437",CA, 
-117.335077671334,34.6060452142767,"2449",SS2818,Rivertex, ,Operational,SCE,SCE,L, ,,YES,YES,,,,110kV to 161kV,Oro Grande,San Bernardino,"92368",CA, 
-117.101624074247,34.6228366796739,"2450",SS2819,Black Mt., ,Operational,SCE,SCE,L, ,,,YES,,,,110kV to 161kV,Apple Valley,San Bernardino,"92307",CA, 
-117.102168515477,34.6212950137667,"2451",SS2820,Southcap, ,Operational,SCE,SCE,L, ,,,YES,,,,110kV to 161kV,Apple Valley,San Bernardino,"92307",CA, 
-117.099821294031,34.6215227927086,"2452",SS2821,Southdown, ,Operational,SCE,SCE,L, ,,,YES,,,,110kV to 161kV,Apple Valley,San Bernardino,"92307",CA, 
-116.941169103344,34.3830504255837,"2453",SS2822,Pluess, ,Operational,SCE,SCE,L, ,,,YES,,,,110kV to 161kV,Lucerne Valley,San Bernardino,"92356",CA, 
-117.312482372927,34.5659950337541,"2454",SS2823,Soport, ,Operational,SCE,SCE,L, ,,,YES,,,,110kV to 161kV,Victorville,San Bernardino,"92394",CA, 
-119.726536998265,34.4041516876138,"2455",SS2824,Playa, ,Operational,SCE,SCE,L, ,,YES,,,,,33kV to 92kV,Santa Barbara,Santa Barbara,"93109",CA,Sbcfire.com
-114.142249645041,34.2932865467475,"2456",SS2825,Parker, ,Operational,WAPA,WAPA,L, ,,YES,YES,YES,,,220kV to 287kV,Parker Dam,San Bernardino,"92267",CA, 
-114.141413523263,34.2910282215167,"2457",SS2826,Parker 2, ,Operational,WAPA,WAPA,L, ,,,YES,YES,,,220kV to 287kV,Parker Dam,San Bernardino,"92267",CA, 
-117.323481672442,34.3074658167977,"2458",SS2827,Mojave Siphon, ,Operational,Other,Other,L, ,,,YES,,,,110kV to 161kV,San Bernardino,San Bernardino,"92407",CA, 
-117.059093505224,34.1456331096629,"2459",SS2828,Santa Ana 1, ,Operational,SCE,SCE,L, ,,YES,,,,,33kV to 92kV,Mentone,San Bernardino,"92359",CA, 
-117.105730327475,34.0985250422133,"2460",SS2829,Greenspot, ,Operational,SCE,SCE,L, ,,YES,,,,,33kV to 92kV,Highland,San Bernardino,"92346",CA, 
-117.077479691756,34.0742006717334,"2461",SS2830,Crafton Hills, ,Operational,SCE,SCE,L, ,,,YES,,,,110kV to 161kV,Mentone,San Bernardino,"92359",CA, 
-117.099089181698,34.1072331932416,"2462",SS2831,Santa Ana 3, ,Operational,SCE,SCE,L, ,,YES,,,,,33kV to 92kV,Mentone,San Bernardino,"92359",CA, 
-117.188875877389,34.0780643286504,"2463",SS2832,Purewater, ,Operational,SCE,SCE,L, ,,,YES,,,,110kV to 161kV,Redlands,San Bernardino,"92374",CA, 
-117.24037655784,34.0794679392672,"2464",SS2833,Mountainview, ,Operational,SCE,SCE,L, ,,,YES,,,,110kV to 161kV,San Bernardino,San Bernardino,"92408",CA, 
-117.360847987105,34.0417926957872,"2465",SS2834,Agua Mansa, ,Operational,SCE,SCE,L, ,,YES,,,,,33kV to 92kV,Colton,San Bernardino,"92324",CA, 
-117.039649843977,34.0880217513082,"2466",SS2835,Mill Creek 3, ,Operational,SCE,SCE,L, ,,,YES,,,,110kV to 161kV,Yucaipa,San Bernardino,"92399",CA, 
-117.568204402226,34.0440118554614,"2467",SS2836,Milliken,ONTARIO MILL,Operational,SCE,SCE,L, ,,YES,,,,,33kV to 92kV,Ontario,San Bernardino,"91761",CA, 
-117.680638236946,33.9899174405639,"2468",SS2837,Ols Energy Chino, ,Operational,SCE,SCE,L, ,,YES,,,,,33kV to 92kV,Chino,San Bernardino,"91710",CA, 
-116.665407550477,33.9513811894986,"2469",SS2838,Pan Aero, ,Operational,SCE,SCE,L, ,,YES,YES,,,,110kV to 161kV,White Water,Riverside,"92282",CA, 
-116.666838097301,33.9499867393686,"2470",SS2839,Seawind, ,Operational,SCE,SCE,L, ,,YES,YES,,,,110kV to 161kV,White Water,Riverside,"92282",CA, 
-116.718345737881,33.916014839978,"2471",SS2840,Transwind, ,Operational,SCE,SCE,L, ,,YES,YES,,,,110kV to 161kV,White Water,Riverside,"92282",CA, 
-116.642793646438,33.9177534065289,"2472",SS2841,Renwind, ,Operational,SCE,SCE,L, ,,YES,YES,,,,110kV to 161kV,White Water,Riverside,"92282",CA, 
-116.615710292056,33.9371874263909,"2473",SS2842,Venwind, ,Operational,SCE,SCE,L, ,,YES,YES,,,,110kV to 161kV,White Water,Riverside,"92282",CA, 
-116.614793655357,33.9262450749115,"2474",SS2843,Sanwind, ,Closed,SCE,SCE,L, ,,YES,YES,,,,110kV to 161kV,White Water,Riverside,"92282",CA, 
-116.581143483147,33.920655549426,"2475",SS2844,Tiffanywind, ,Operational,SCE,SCE,L, ,,,YES,,,,110kV to 161kV,Desert Hot Springs,Riverside,"92240",CA, 
-116.579699202534,33.9217589521123,"2476",SS2845,Buckwind, ,Operational,SCE,SCE,L, ,,YES,YES,,,,110kV to 161kV,Desert Hot Springs,Riverside,"92240",CA, 
-116.568968657247,33.9316089492817,"2477",SS2846,Terawind, ,Operational,SCE,SCE,L, ,,YES,YES,,,,110kV to 161kV,Desert Hot Springs,Riverside,"92240",CA, 
-116.579826992308,33.9073256434576,"2478",SS2847,Altwind, ,Operational,SCE,SCE,L, ,,YES,YES,,,,110kV to 161kV,Desert Hot Springs,Riverside,"92240",CA, 
-116.579321446139,33.9072089559484,"2479",SS2848,Mountwind, ,Operational,SCE,SCE,L, ,,,YES,,,,110kV to 161kV,Desert Hot Springs,Riverside,"92240",CA, 
-116.552879603107,33.9106275715778,"2480",SS2849,Indigo, ,Operational,SCE,SCE,L, ,,,YES,,,,110kV to 161kV,Desert Hot Springs,Riverside,"92240",CA, 
-117.293580320016,33.9307617993514,"2481",SS2850,Springs Generation, ,Operational,Other,Other,L, ,,YES,,,,,33kV to 92kV,Riverside,Riverside,"92507",CA, 
-116.464351981424,33.8776006584047,"2482",SS2851,Capwind, ,Operational,SCE,SCE,L, ,,YES,YES,,,,110kV to 161kV,Desert Hot Springs,Riverside,"92241",CA, 
-117.452884076004,33.9621649254969,"2483",SS2852,Rerc,RIVERSIDE ENERGY,Operational,Other,Other,L, ,,YES,,,,,33kV to 92kV,Riverside,Riverside,"92504",CA, 
-115.453645039487,33.8108257661541,"2484",SS2853,Eagle Mt., ,Operational,SCE,SCE,L, ,,,YES,YES,,,220kV to 287kV,Desert Center,Riverside,"92239",CA, 
-115.558970745725,33.6712108019673,"2485",SS2854,Capacitor, ,Operational,SCE,SCE,L, ,,,,,YES,,345kV to 500kV,Desert Center,Riverside,"92239",CA, 
-117.453885712855,33.854791253104,"2486",SS2855,Mwd Lake Mathews, ,Operational,SCE,SCE,L, ,,YES,,,,,33kV to 92kV,Riverside,Riverside,"92503",CA, 
-116.734596398538,33.9171300899122,"2487",SS2856,Banwind, ,Operational,SCE,SCE,L, ,,,YES,,,,110kV to 161kV,White Water,Riverside,"92282",CA, 
-117.183061629069,33.835646392987,"2488",SS2857,Perris, ,Operational,SCE,SCE,L, ,,,YES,,,,110kV to 161kV,Perris,Riverside,"92571",CA, 
-117.857013056925,33.8534224257344,"2489",SS2859,Dowling,ANAHEIM GT,Operational,Other,Other,L, ,,YES,,,,,33kV to 92kV,Anaheim,Orange,"92806",CA, 
-117.91138273549,33.8310449901247,"2490",SS2860,Anaheim, ,Operational,Other,Other,L, ,,YES,,,,,33kV to 92kV,Anaheim,Orange,"92805",CA,Source from jim woodard
-117.900732900759,33.8044927829555,"2491",SS2861,Katella, ,Operational,Other,Other,L, ,,YES,,,,,33kV to 92kV,Anaheim,Orange,"92805",CA, 
-117.481362347889,33.7602136421379,"2492",SS2862,Ivyglen Meter, ,Operational,SCE,SCE,L, ,,YES,,,,,33kV to 92kV,Corona,Riverside,"92883",CA, 
-116.284496343895,33.7734485416115,"2493",SS2863,Ave. 42, ,Operational,IID,IID,L, ,,YES,,,,,33kV to 92kV,Indio,Riverside,"92203",CA, 
-116.196619707216,33.7428922964693,"2494",SS2864,Shadow Hills, ,Operational,IID,IID,L, ,,YES,,,,,33kV to 92kV,Indio,Riverside,"92203",CA, 
-117.169901937535,33.7385034962162,"2495",SS2865,Inland Empire, ,Operational,SCE,SCE,L, ,,,YES,,,YES,500 kV DC,Sun City,Riverside,"92585",CA, 
-117.360387271345,33.7002567153053,"2496",SS2866,Fogarty, ,Proposed,SCE,SCE,L, ,,YES,,,,,33kV to 92kV,Lake Elsinore,Riverside,"92530",CA,To be rectified when the project is up
-116.157131583803,33.6699392327546,"2497",SS2867,Ave. 52, ,Operational,IID,IID,L, ,,YES,,,,,33kV to 92kV,Coachella,Riverside,"92236",CA, 
-116.172478978481,33.6765513353162,"2498",SS2868,Coachella Switching, ,Operational,IID,IID,L, ,,YES,,,,,33kV to 92kV,Coachella,Riverside,"92236",CA, 
-116.269893153342,33.6992111557955,"2499",SS2869,Ave. 48, ,Operational,IID,IID,L, ,,YES,,,,,33kV to 92kV,La Quinta,Riverside,"92253",CA, 
-116.239239614908,33.630382641583,"2500",SS2870,Ave. 58, ,Operational,IID,IID,L, ,,YES,YES,,,,110kV to 161kV,La Quinta,Riverside,"92253",CA, 
-117.069813210274,33.6809828649754,"2501",SS2871,Mwd Eastside Res,DIAMOND VALLEY LAKE,Operational,Other,Other,L, ,,YES,,,,,33kV to 92kV,Winchester,Riverside,"92596",CA, 
-117.145999142289,33.6872701279213,"2502",SS2872,Sun City, ,Operational,SCE,SCE,L, ,,YES,YES,,,,110kV to 161kV,Menifee,Riverside,"92584",CA, 
-117.189281257552,33.3946648992101,"2503",SS2873,Red Mt., ,Operational,SDG&E,SDG&E,L, ,,YES,,,,,33kV to 92kV,Fallbrook,San Diego,"92028",CA, 
-117.554226121804,33.3696809597563,"2504",SS2874,San Onofre, ,Operational,SCE,SCE,L, ,,,YES,YES,,,220kV to 287kV,Camp Pendleton,San Diego,"92055",CA, 
-117.141382510451,33.0684924335309,"2505",SS2875,Ncr Metering Sta., ,Operational,SDG&E,SDG&E,L, ,,YES,,,,,33kV to 92kV,Escondido,San Diego,"92029",CA, 
-117.117257522187,33.1209368555096,"2506",SS2876,Calpeak Power Enterprise 7, ,Operational,SDG&E,SDG&E,L, ,,YES,,YES,,,220kV to 287kV,Escondido,San Diego,"92029",CA, 
-117.165883925152,32.8760750097187,"2507",SS2877,Miramar Gt,MIRAMAR GEN TUR,Operational,SDG&E,SDG&E,L, ,,YES,,,,,33kV to 92kV,San Diego,San Diego,"92121",CA, 
-117.222454077176,32.8836062177941,"2508",SS2878,U.C.S.D., ,Operational,SDG&E,SDG&E,L, ,,YES,,,,,33kV to 92kV,La Jolla,San Diego,"92037",CA, 
-117.143467091741,32.6964922335069,"2509",SS2879,Main St., ,Operational,SDG&E,SDG&E,L, ,,YES,YES,YES,,,220kV to 287kV,San Diego,San Diego,"92113",CA, 
-117.18923968429,32.7050968787705,"2510",SS2880,North Island, ,Operational,SDG&E,SDG&E,L, ,,YES,,,,,33kV to 92kV,Coronado,San Diego,"92118",CA, 
-117.114713737864,32.6707621110307,"2511",SS2881,Naval Sta., ,Operational,SDG&E,SDG&E,L, ,,YES,,,,,33kV to 92kV,San Diego,San Diego,"92136",CA, 
-117.058510772677,32.5916900481257,"2512",SS2882,Mmc Chula, ,Operational,SDG&E,SDG&E,L, ,,YES,,,,,33kV to 92kV,Chula Vista,San Diego,"91911",CA, 
-116.944311642569,32.5662903744551,"2513",SS2883,Larkspur Energy Facility, ,Operational,SDG&E,SDG&E,L, ,,YES,,,,,33kV to 92kV,San Diego,San Diego,"92154",CA, 
-121.333066633964,39.1135517365702,"2514",SS2884,Beale Afb 2, ,Operational,Other,Other,U, ,,YES,,,,,33kV to 92kV,Marysville,Yuba,"95901",CA, 
-121.337307449064,39.0977735091795,"2515",SS2885,Beale Afb 1, ,Operational,Other,Other,U, ,,YES,,,,,33kV to 92kV,Beale Afb,Yuba,"95903",CA, 
-121.760027534103,38.6786326381109,"2516",SS2886,Woodland, ,Operational,PG&E,PG&E,M, ,,,YES,,,,110kV to 161kV,Woodland,Yolo,"95776",CA, 
-121.524110150392,38.6071716712703,"2517",SS2888,Dist. 1000, ,Operational,SMUD,SMUD,M, ,,YES,,,,,33kV to 92kV,Sacramento,Sacramento,"95833",CA, 
-120.033829515021,38.2464449171005,"2518",SS2889,Donnells-Curtis, ,Operational,PG&E,PG&E,M, ,,,YES,,,,110kV to 161kV,Long Barn,Tuolumne,"95335",CA, 
-120.076847167683,38.2028657333433,"2519",SS2890,Beardsley, ,Operational,PG&E,PG&E,M, ,,,YES,,,,110kV to 161kV,Long Barn,Tuolumne,"95335",CA, 
-120.149989086736,38.1861204151286,"2520",SS2891,Sand Bar, ,Operational,PG&E,PG&E,M, ,,,YES,,,,110kV to 161kV,Long Barn,Tuolumne,"95335",CA, 
-120.370176291135,38.1378929172349,"2521",SS2892,Stanislaus, ,Operational,Other,Other,M, ,,,YES,,,,110kV to 161kV,Mi Wuk Village,Tuolumne,"95346",CA, 
-120.298798168889,37.8094873579162,"2522",SS2893,New Moccasin Cr, ,Operational,Other,Other,M, ,,,YES,,,,110kV to 161kV,Groveland,Tuolumne,"95321",CA, 
-120.420108242287,37.6966345208741,"2523",SS2894,Don Pedro, ,Operational,Other,Other,M, ,,YES,,,,,33kV to 92kV,La Grange,Tuolumne,"95329",CA, 
-118.789018909284,36.1358184050196,"2524",SS2895,Tule, ,Operational,SCE,SCE,L, ,,YES,,,,,33kV to 92kV,Springville,Tulare,"93265",CA, 
-119.166877744778,34.1959253380463,"2525",SS2897,Oxgen,SITHE ENERGIES,Operational,SCE,SCE,L, ,,YES,,,,,33kV to 92kV,Oxnard,Ventura,"93030",CA, 
-119.249151532569,34.2074562895829,"2526",SS2898,Mandalay, ,Operational,SCE,SCE,L, ,,YES,,YES,,,220kV to 287kV,Oxnard,Ventura,"93035",CA, 
-119.182792703874,34.1429656410626,"2527",SS2899,Willamette,ORMOND BEACH,Operational,SCE,SCE,L, ,,YES,,,,,33kV to 92kV,Oxnard,Ventura,"93033",CA, 
-119.184481548647,34.1411321984972,"2528",SS2900,Onxard Wwtp,WASTEWATER,Operational,SCE,SCE,L, ,,YES,,,,,33kV to 92kV,Oxnard,Ventura,"93033",CA, 
-119.209190420977,34.1566674131939,"2529",SS2901,Lehman,E F OXNARD ENERGY,Operational,SCE,SCE,L, ,,YES,,,,,33kV to 92kV,Port Hueneme Cbc Base,Ventura,"93043",CA, 
-114.49034559643,32.7464981001057,"2530",SS2902,North Gila, ,Operational,Other,Other,L, ,,,YES,,YES,,345kV to 500kV, , , ,AZ,Oos
-114.46955770107,32.6843106538366,"2531",SS2903,Gila, ,Operational,WAPA,WAPA,L, ,,,YES,,,,110kV to 161kV, , , ,AZ, 
-121.316585897779,42.0066069370486,"2532",SS2904,Malin, ,Operational,PG&E,PG&E,U,MLN,,,,YES,YES,,345kV to 500kV, , , ,OR,"Oos, http://en.wikipedia.org/wiki/malin,_oregon. co-owned by pg&e, bpa, pcorp"
-121.390148618369,42.0798586494982,"2533",SS2905,Captain Jack, ,Operational,Other,Other,U, ,,,,,YES,,345kV to 500kV, , , ,OR,Oos
-121.867015368399,39.0058376010409,"2534",SS2906,Wilkins Slough, ,Operational,PG&E,PG&E,M, ,,YES,,,,,33kV to 92kV,Arbuckle,Colusa,"95912",CA, 
-120.909126709844,39.9407492857309,"2535",SS2907,Sierra Pacific, ,Low kV,Other,Other,U, ,YES,,,,,,12kV to 32kV,Quincy,Plumas,"95971",CA, 
-120.88827024842,39.9344029130227,"2536",SS2908,Quincy,PLUMAS-SIERRA REA,Operational,Other,Other,U, ,,YES,,,,,33kV to 92kV,Quincy,Plumas,"95971",CA, 
-122.158465839516,38.2180725408434,"2537",SS2909,Pg&E Pumping Sta., ,Operational,PG&E,PG&E,M, ,,YES,,,,,33kV to 92kV,American Canyon,Solano,"94503",CA, 
-121.797573398151,38.4769084303961,"2538",SS2910,Dixon Canning, ,Operational,Other,Other,M, ,,YES,,,,,33kV to 92kV,Dixon,Solano,"95620",CA, 
-117.303669943811,34.9960998980832,"2539",SS2912,Sandlot,,Operational,SCE,SCE,L, ,,YES,,,,,33kV to 92kV,Hinkley,San Bernardino,"92347",CA,Online on 3rd quarter 2013. need to update the tline when the new aerials are updated.
-121.28950682559,38.5781019585551,"2540",SS2913,Reserver Intl, ,Operational,SMUD,SMUD,M, ,,YES,,,,,33kV to 92kV,Rancho Cordova,Sacramento,"95670",CA, 
-121.313880248937,38.2738509939865,"2541",SS2914,Live Oak Mcfarland, ,Operational,SMUD,SMUD,M, ,,YES,,,,,33kV to 92kV,Galt,Sacramento,"95632",CA, 
-121.796771494798,38.2764707872975,"2542",SS2915,Barker Slough Pumping Sta., ,Operational,PG&E,PG&E,M, ,,,YES,,,,110kV to 161kV,Rio Vista,Solano,"94571",CA, 
-121.376888996457,38.0588610331504,"2543",SS2916,Eight Mile, ,Operational,PG&E,PG&E,M, ,,,,YES,,,220kV to 287kV,Stockton,San Joaquin,"95219",CA, 
-122.287216579197,38.0153393584883,"2544",SS2917,Hercules Ms, ,Operational,PG&E,PG&E,M, ,,YES,,,,,33kV to 92kV,Hercules,Contra Costa,"94547",CA, 
-122.205942151741,37.8191015441,"2545",SS2918,Palo Seco, ,Operational,PG&E,PG&E,M, ,,,YES,,,,110kV to 161kV,Oakland,Alameda,"94611",CA, 
-122.224658273822,37.7706482268114,"2546",SS2919,Owens-Brockway, ,Operational,Other,Other,M, ,,,YES,,,,110kV to 161kV,Oakland,Alameda,"94601",CA, 
-121.966264148303,37.2537580264008,"2547",SS2921,Vasona, ,Operational,PG&E,PG&E,M, ,,,,YES,,,220kV to 287kV,Los Gatos,Santa Clara,"95032",CA, 
-121.763856990571,36.9027657048834,"2548",SS2922,Agrilink Foods, ,Operational,Other,Other,M, ,,YES,,,,,33kV to 92kV,Watsonville,Santa Cruz,"95076",CA, 
-121.755896228341,36.9027469737996,"2549",SS2923,Watsonville, ,Operational,PG&E,PG&E,M, ,,YES,,,,,33kV to 92kV,Watsonville,Santa Cruz,"95076",CA, 
-121.042942037353,37.6425397666017,"2550",SS2924,Rosemore B, ,Operational,Other,Other,M, ,,YES,,YES,,,220kV to 287kV,Modesto,Stanislaus,"95358",CA, 
-120.640203109118,36.7356524977006,"2551",SS2925,Westlands 1 Ra Pp, ,Operational,Other,Other,M, ,,,,YES,,,220kV to 287kV,Firebaugh,Fresno,"93622",CA, 
-121.796351658714,39.7301486779621,"2552",SS2926,Notre Dame, ,Operational,PG&E,PG&E,U, ,,,YES,,,,110kV to 161kV,Chico,Butte,"95928",CA, 
-122.713211377228,38.7662060040999,"2553",SS2927,Santa Rosa Geothermal, ,Operational,Other,Other,M, ,,,,YES,,,220kV to 287kV,Middletown,Lake,"95461",CA, 
-122.71191424214,38.7658615985139,"2554",SS2928,N.N., ,Operational,PG&E,PG&E,M, ,,,,YES,,,220kV to 287kV,Middletown,Lake,"95461",CA, 
-121.864123073708,38.0133839766993,"2555",SS2929,Union Carbide, ,Operational,Other,Other,M, ,,,YES,,,,110kV to 161kV,Pittsburg,Contra Costa,"94565",CA, 
-122.055202844983,38.004430936955,"2556",SS2930,Sfpp Lp, ,Operational,Other,Other,M, ,,YES,,,,,33kV to 92kV,Concord,Contra Costa,"94520",CA, 
-121.749382626239,37.9825454154569,"2557",SS2932,Contra Costa 4, ,Operational,WAPA,WAPA,M,CC4,,YES,,,,,33kV to 92kV,Antioch,Contra Costa,"94531",CA, 
-121.616502127778,37.7672165145999,"2558",SS2933,N.N., ,Operational,Other,Other,M, ,,,,YES,,,220kV to 287kV,Byron,Alameda,"94514",CA, 
-121.614436007215,37.7643318419688,"2559",SS2934,Flowind Corp., ,Operational,Other,Other,M, ,,,,YES,,,220kV to 287kV,Byron,Alameda,"94514",CA, 
-118.186821338603,36.8054537092666,"2560",SS2936,N.N., ,Operational,SCE,SCE,M, ,,,YES,,,,110kV to 161kV,Independence,Inyo,"93526",CA, 
-120.387916960773,36.1809313857188,"2561",SS2937,Coalinga Cogen, ,Operational,PG&E,PG&E,L, ,,YES,,,,,33kV to 92kV,Coalinga,Fresno,"93210",CA, 
-120.251600697996,36.3075167251305,"2562",SS2938,Pleasant Valley Pumps, ,Operational,WAPA,WAPA,L,PLE,,YES,,,,,33kV to 92kV,Coalinga,Fresno,"93210",CA, 
-119.76132909689,35.5175950755914,"2563",SS2939,N.N., ,Operational,PG&E,PG&E,L, ,,,YES,,,,110kV to 161kV,Lost Hills,Kern,"93249",CA, 
-119.403020494154,35.6009061007242,"2564",SS2940,Wasco Prison, ,Operational,PG&E,PG&E,L, ,,,YES,,,,110kV to 161kV,Wasco,Kern,"93280",CA, 
-118.960525980111,35.4406508945087,"2565",SS2941,N.N., ,Operational,PG&E,PG&E,L, ,,,YES,,,,110kV to 161kV,Bakersfield,Kern,"93308",CA, 
-119.097353996944,35.3799962222085,"2566",SS2942,Kern Power, ,Operational,PG&E,PG&E,L, ,,,YES,YES,,,220kV to 287kV,Bakersfield,Kern,"93312",CA, 
-119.011982159202,35.415688382932,"2567",SS2943,Witco Refinery, ,Operational,Other,Other,L, ,,,YES,,,,110kV to 161kV,Bakersfield,Kern,"93308",CA, 
-118.990779358182,35.441489335947,"2568",SS2944,Kern River, ,Operational,Other,Other,L, ,,,YES,,,,110kV to 161kV,Bakersfield,Kern,"93308",CA, 
-118.055177857912,35.2368649486727,"2569",SS2945,Barren Ridge, ,Operational,LADWP,LADWP,L, ,,,,YES,,,220kV to 287kV,Cantil,Kern,"93519",CA,Image availabel in latest google usgs image
-119.164082057601,35.3877144432418,"2570",SS2946,Renfro, ,Operational,PG&E,PG&E,L, ,,,YES,YES,,,220kV to 287kV,Bakersfield,Kern,"93314",CA, 
-119.095381999358,35.3780478448246,"2571",SS2947,Kern Pp Dist., ,Operational,PG&E,PG&E,L, ,,YES,YES,,,,110kV to 161kV,Bakersfield,Kern,"93312",CA, 
-118.313837863215,35.108123781017,"2572",SS2948,Arbwind, ,Operational,SCE,SCE,L, ,,,,YES,,,220kV to 287kV,Tehachapi,Kern,"93561",CA, 
-118.378111428713,35.0994502199939,"2573",SS2949,Highwind, ,Operational,SCE,SCE,L, ,,YES,,YES,,,220kV to 287kV,Tehachapi,Kern,"93561",CA, 
-118.367004251214,35.0881644766395,"2574",SS2950,N.N., ,Operational,SCE,SCE,L, ,,YES,,,,,33kV to 92kV,Tehachapi,Kern,"93561",CA, 
-118.372594306391,35.0759033668127,"2575",SS2951,Zondwind, ,Operational,SCE,SCE,L, ,,YES,,,,,33kV to 92kV,Tehachapi,Kern,"93561",CA, 
-118.334534628656,35.0990814963178,"2576",SS2952,N.N., ,Operational,SCE,SCE,L, ,,,,YES,,,220kV to 287kV,Mojave,Kern,"93501",CA, 
-118.337839575382,35.0982569907118,"2577",SS2953,N.N., ,Operational,SCE,SCE,L, ,,YES,,,,,33kV to 92kV,Mojave,Kern,"93501",CA, 
-118.346657706886,35.053898201532,"2578",SS2954,Midwind, ,Operational,SCE,SCE,L, ,,YES,,,,,33kV to 92kV,Mojave,Kern,"93501",CA, 
-118.320371066626,35.0730518512952,"2579",SS2955,Flowind, ,Operational,SCE,SCE,L, ,,YES,,,,,33kV to 92kV,Mojave,Kern,"93501",CA, 
-118.311087775876,35.078083572764,"2580",SS2956,Varwind, ,Operational,SCE,SCE,L, ,,,,,,,110kV to 161kV,Mojave,Kern,"93501",CA, 
-118.309350430623,35.0787963119349,"2581",SS2957,Enwind, ,Operational,SCE,SCE,L, ,,YES,,,,,33kV to 92kV,Mojave,Kern,"93501",CA, 
-118.304892190643,35.0792246598877,"2582",SS2958,Canwind, ,Operational,SCE,SCE,L, ,,YES,,,,,33kV to 92kV,Mojave,Kern,"93501",CA, 
-119.582631925602,35.2103284396043,"2583",SS2959,Sunrise Power, ,Operational,PG&E,PG&E,L, ,,,YES,,,,110kV to 161kV,Fellows,Kern,"93224",CA, 
-119.581212481728,35.2099534514738,"2584",SS2960,N.N., ,Operational,PG&E,PG&E,L, ,,,YES,,,,110kV to 161kV,Fellows,Kern,"93224",CA, 
-118.500465533173,34.3053201284297,"2585",SS2961,Sylmar-Pac Intertie, ,Operational,SCE,SCE,L, ,,YES,,,,,33kV to 92kV,Granada Hills,Los Angeles,"91344",CA, 
-118.323176727235,34.1919214265295,"2586",SS2963,N.N., ,Operational,SCE,SCE,L, ,,YES,,,,,33kV to 92kV,Burbank,Los Angeles,"91504",CA, 
-118.347333776325,34.1860121431837,"2587",SS2964,Valley Ss, ,Operational,Other,Other,L, ,,YES,,,,,33kV to 92kV,Burbank,Los Angeles,"91505",CA, 
-118.296089494996,34.1659876863892,"2588",SS2965,N.N., ,Operational,Other,Other,L, ,,YES,,,,,33kV to 92kV,Glendale,Los Angeles,"91201",CA, 
-118.339447506891,34.1540202696937,"2589",SS2966,N.N., ,Operational,SCE,SCE,L, ,,YES,,,,,33kV to 92kV,Burbank,Los Angeles,"91505",CA, 
-118.127420565742,33.9207908956089,"2590",SS2968,Downey Med, ,Operational,SCE,SCE,L, ,,YES,,,,,33kV to 92kV,Downey,Los Angeles,"90242",CA, 
-118.300227325203,33.7878365671012,"2591",SS2970,N.N., ,Operational,SCE,SCE,L, ,,YES,,,,,33kV to 92kV,Harbor City,Los Angeles,"90710",CA, 
-115.536014194685,32.9554748005777,"2592",SS2971,N.N., ,Operational,IID,IID,L, ,,YES,,,,,33kV to 92kV,Brawley,Imperial,"92227",CA, 
-122.368855633382,40.6731889699556,"2593",SS2972,N.N., ,Operational,Other,Other,U, ,,,YES,,,,110kV to 161kV,Shasta Lake,Shasta,"96019",CA, 
-122.826706245125,38.8121654705548,"2594",SS2973,N.N., ,Operational,PG&E,PG&E,M, ,,,YES,,,,110kV to 161kV,Geyserville,Sonoma,"95441",CA, 
-121.31400458288,38.7521090094434,"2595",SS2974,Baseline, ,Operational,SMUD,SMUD,M, ,,YES,,,,,33kV to 92kV,Roseville,Placer,"95747",CA, 
-121.308968589369,38.7788937256293,"2596",SS2975,PG2, ,Operational,Other,Other,M, ,,YES,,,,,33kV to 92kV,Roseville,Placer,"95678",CA, 
-121.308607124963,38.7758133202302,"2597",SS2976,PG1, ,Operational,Other,Other,M, ,,YES,YES,,,,110kV to 161kV,Roseville,Placer,"95678",CA, 
-121.269795815967,38.7283333974618,"2598",SS2977,Cirby, ,Operational,Other,Other,M, ,,YES,,,,,33kV to 92kV,Roseville,Placer,"95661",CA, 
-121.830763894317,38.1273908398463,"2599",SS2978,High Winds, ,Operational,Other,Other,M, ,,,,YES,,,220kV to 287kV,Rio Vista,Solano,"94571",CA, 
-121.35630554506,37.6172766085718,"2600",SS2979,Teichert, ,Operational,Other,Other,M, ,,,YES,,,,110kV to 161kV,Tracy,San Joaquin,"95304",CA, 
-121.95636817914,37.3693714399974,"2601",SS2980,Walsh, ,Operational,Other,Other,M, ,,YES,,,,,33kV to 92kV,Santa Clara,Santa Clara,"95050",CA, 
-120.851232405027,35.2159040729738,"2602",SS2981,Pecho Valley, ,Operational,Other,Other,L, ,,,,YES,,,220kV to 287kV,San Luis Obispo,San Luis Obispo,"93405",CA, 
-117.335047425889,34.6014511434641,"2603",SS2982,Oro Grande, ,Operational,SCE,SCE,L, ,,YES,,,,,33kV to 92kV,Oro Grande,San Bernardino,"92368",CA, 
-117.369363218116,34.5800159181825,"2604",SS2983,George A.F.B., ,Operational,SCE,SCE,L, ,,YES,,,,,33kV to 92kV,Victorville,San Bernardino,"92394",CA, 
-117.526424643312,34.1036962339995,"2605",SS2984,Mwd Etiwanda, ,Operational,SCE,SCE,L, ,,YES,,,,,33kV to 92kV,Rancho Cucamonga,San Bernardino,"91739",CA, 
-117.497197054768,33.833896354552,"2606",SS2985,Mwd Temescal, ,Operational,Other,Other,L, ,,YES,,,,,33kV to 92kV,Corona,Riverside,"92881",CA, 
-116.25508769345,33.7428646296428,"2607",SS2986,N.N., ,Operational,IID,IID,L, ,,,,,,,110kV to 161kV,Indio,Riverside,"92203",CA, 
-121.990443924003,39.1911037758024,"2608",SS2988,Colusa Jct., ,Operational,PG&E,PG&E,U, ,,YES,,,,,33kV to 92kV,Colusa,Colusa,"95932",CA, 
-121.733284400281,37.742484685535,"2609",SS2989,N.N., ,Operational,PG&E,PG&E,M, ,,,,YES,,,220kV to 287kV,Livermore,Alameda,"94551",CA, 
-122.747533770948,38.4186497546434,"2610",SS2990,Optical Coating Lab., ,Operational,Other,Other,M, ,,,YES,,,,110kV to 161kV,Santa Rosa,Sonoma,"95407",CA, 
-121.307765894842,38.7815302247901,"2611",SS2991,Industrial, ,Operational,Other,Other,M, ,,YES,,,,,33kV to 92kV,Roseville,Placer,"95678",CA, 
-120.549760667928,38.4210099081426,"2612",SS2992,West Point, ,Operational,PG&E,PG&E,M, ,,YES,,,,,33kV to 92kV,Pioneer,Amador,"95666",CA, 
-120.380801055713,38.1772841299299,"2613",SS2993,N.N., ,Operational,Other,Other,M, ,,,,YES,,,220kV to 287kV,Murphys,Calaveras,"95247",CA, 
-121.386164217241,38.1380313107673,"2614",SS2994,N.N., ,Operational,PG&E,PG&E,M, ,,YES,,,,,33kV to 92kV,Lodi,San Joaquin,"95242",CA, 
-121.660022942089,37.7552969360577,"2615",SS2995,Dyer Rd. Altamont, ,Operational,PG&E,PG&E,M, ,,YES,,,,,33kV to 92kV,Byron,Alameda,"94514",CA, 
-121.603228104264,36.8817009833677,"2616",SS2996,Brigatano, ,Operational,Other,Other,M, ,,YES,,,,,33kV to 92kV,Aromas,San Benito,"95004",CA, 
-121.950664780393,37.3719680746371,"2617",SS2998,Fiberglas, ,Operational,Other,Other,M, ,,YES,,,,,33kV to 92kV,Santa Clara,Santa Clara,"95050",CA, 
-121.013676853933,37.7106769793907,"2618",SS2999,N.N., ,Operational,Other,Other,M, ,,YES,,,,,33kV to 92kV,Modesto,Stanislaus,"95356",CA, 
-121.041723906517,37.7046977756906,"2619",SS3000,N.N., ,Operational,Other,Other,M, ,,YES,,,,,33kV to 92kV,Modesto,Stanislaus,"95356",CA, 
-120.60679183453,37.645039578333,"2620",SS3001,N.N., ,Operational,Other,Other,M, ,,YES,,,,,33kV to 92kV,Waterford,Stanislaus,"95386",CA, 
-121.205947164412,37.5795728775802,"2621",SS3002,Westley, ,Operational,PG&E,PG&E,M, ,,YES,YES,,,,110kV to 161kV,Patterson,Stanislaus,"95363",CA, 
-120.631780357956,37.3634996673323,"2622",SS3003,Jr Wood, ,Operational,Other,Other,M, ,,,YES,,,,110kV to 161kV,Winton,Merced,"95388",CA, 
-120.202662145475,36.9677190021008,"2623",SS3004,Bonita Tap, ,Operational,PG&E,PG&E,M, ,,YES,,,,,33kV to 92kV,Madera,Madera,"93637",CA, 
-120.511962783434,37.3189042543444,"2624",SS3005,Cooper, ,Operational,Other,Other,M, ,,,YES,,,,110kV to 161kV,Merced,Merced,"95348",CA, 
-119.73705933113,36.7001100997403,"2625",SS3007,Sc Johnson Wax, ,Operational,Other,Other,M, ,,,YES,,,,110kV to 161kV,Fresno,Fresno,"93725",CA, 
-120.17044205978,36.5315615799201,"2626",SS3008,Stroud Swicthing Sta., ,Operational,PG&E,PG&E,L, ,,YES,,,,,33kV to 92kV,San Joaquin,Fresno,"93660",CA, 
-120.245110278769,36.130936727634,"2627",SS3010,Jacalitio, ,Operational,Other,Other,L, ,,YES,,,,,33kV to 92kV,Coalinga,Fresno,"93210",CA, 
-119.906263228524,36.2645028112153,"2628",SS3011,Lemoore N.A.S.,LEMOORE NAVAL,Operational,PG&E,PG&E,L, ,,YES,,,,,33kV to 92kV,Lemoore,Kings,"93245",CA, 
-121.127134040047,36.2169923930808,"2629",SS3012,King City, ,Operational,PG&E,PG&E,L, ,,YES,,,,,33kV to 92kV,King City,Monterey,"93930",CA, 
-119.654384440344,36.3129065341534,"2630",SS3013,Hanford, ,Operational,SCE,SCE,L, ,,YES,,,,,33kV to 92kV,Hanford,Kings,"93230",CA, 
-119.654496197049,36.269030618187,"2631",SS3014,Armstrong Ss,ARMSTRONG SWITCHING STATION,Operational,Other,Other,L, ,,YES,,,,,33kV to 92kV,Hanford,Kings,"93230",CA, 
-119.647357989939,36.2697448329743,"2632",SS3015,GWF Hanford, ,Operational,Other,Other,L, ,,YES,,,,,33kV to 92kV,Hanford,Kings,"93230",CA, 
-119.649025097066,36.2551554507719,"2633",SS3016,Contadina, ,Operational,Other,Other,L, ,,YES,,,,,33kV to 92kV,Hanford,Kings,"93230",CA, 
-119.908369020803,35.8430380914561,"2634",SS3017,Las Perillas Pumps, ,Operational,PG&E,PG&E,L, ,,YES,,,,,33kV to 92kV,Avenal,Kings,"93204",CA, 
-119.942602752691,35.8349827957008,"2635",SS3018,Badger Hill Pumps, ,Operational,PG&E,PG&E,L, ,,YES,,,,,33kV to 92kV,Avenal,Kings,"93204",CA, 
-119.312958967469,36.3573321436235,"2636",SS3019,Riverway, ,Operational,SCE,SCE,L, ,,YES,,,,,33kV to 92kV,Visalia,Tulare,"93291",CA,New sub. check google earth
-119.311710883431,36.3185300084747,"2637",SS3020,Mooney, ,Operational,SCE,SCE,L, ,,YES,,,,,33kV to 92kV,Visalia,Tulare,"93277",CA, 
-120.207785070955,35.7309276843092,"2638",SS3021,Polonio Pass, ,Operational,PG&E,PG&E,L, ,,YES,,,,,33kV to 92kV,Shandon,San Luis Obispo,"93461",CA, 
-120.084176204364,35.7075574673391,"2639",SS3022,Bluestone, ,Operational,PG&E,PG&E,L, ,,YES,,,,,33kV to 92kV,Lost Hills,Kern,"93249",CA, 
-119.75220875563,35.6449116111325,"2640",SS3023,Mobil Exploration, ,Operational,Other,Other,L, ,,YES,,,,,33kV to 92kV,Lost Hills,Kern,"93249",CA, 
-119.726010053087,35.6015629250194,"2641",SS3024,N.N., ,Operational,Other,Other,L, ,,YES,,,,,33kV to 92kV,Lost Hills,Kern,"93249",CA, 
-119.73398068972,35.4486588893172,"2642",SS3025,South Belridge Cogen, ,Operational,PG&E,PG&E,L, ,,YES,,,,,33kV to 92kV,Mc Kittrick,Kern,"93251",CA, 
-119.63190522373,35.4562152814783,"2643",SS3026,Belridge 1A, ,Operational,PG&E,PG&E,L, ,,,YES,,,,110kV to 161kV,Mc Kittrick,Kern,"93251",CA, 
-119.660977572137,35.4439463775817,"2644",SS3027,Belridge 1B, ,Operational,PG&E,PG&E,L, ,,,YES,,,,110kV to 161kV,Mc Kittrick,Kern,"93251",CA, 
-119.751018345564,35.4701765307183,"2645",SS3028,King Ellis, ,Operational,PG&E,PG&E,L, ,,YES,,,,,33kV to 92kV,Mc Kittrick,Kern,"93251",CA, 
-119.128939777883,35.3195920636103,"2646",SS3029,Tevis, ,Operational,PG&E,PG&E,L, ,,YES,,,,,33kV to 92kV,Bakersfield,Kern,"93311",CA, 
-118.977533423619,35.0141601813235,"2647",SS3030,Wind Gap,CHRISMAN,Operational,Other,Other,L, ,,,,YES,,,220kV to 287kV,Bakersfield,Kern,"93313",CA, 
-119.051806511961,35.7420993691132,"2648",SS3031,Ultragen, ,Operational,SCE,SCE,L, ,,YES,,,,,33kV to 92kV,Mc Farland,Kern,"93250",CA, 
-118.176282822595,35.2469403178445,"2649",SS3032,Pine Tree Wind Farm, ,Operational,LADWP,LADWP,L, ,,,,YES,,,220kV to 287kV,Caliente,Kern,"93518",CA, 
-118.320570485855,35.0619981834464,"2650",SS3033,Dutchwind, ,Operational,SCE,SCE,L, ,,YES,,,,,33kV to 92kV,Mojave,Kern,"93501",CA, 
-117.7015705157,35.0322837586261,"2651",SS3034,Mogen, ,Operational,SCE,SCE,L, ,,,YES,,,,110kV to 161kV,Boron,Kern,"93516",CA, 
-119.301026098856,34.2797557127188,"2652",SS3035,Ventura, ,Operational,SCE,SCE,L, ,,YES,,,,,33kV to 92kV,Ventura,Ventura,"93001",CA, 
-119.095671122434,34.1287442056072,"2653",SS3036,Missile, ,Operational,SCE,SCE,L, ,,YES,,,,,33kV to 92kV,Oxnard,Ventura,"93033",CA, 
-117.21567013218,34.5175742024158,"2654",SS3037,Rancho, ,Operational,SCE,SCE,L, ,,YES,,,,,33kV to 92kV,Apple Valley,San Bernardino,"92307",CA, 
-117.295125306942,34.5353456932279,"2655",SS3038,Victorville, ,Operational,SCE,SCE,L, ,,YES,,,,,33kV to 92kV,Victorville,San Bernardino,"92395",CA, 
-117.285470214477,34.2428570171058,"2656",SS3039,Huston, ,Operational,SCE,SCE,L, ,,YES,,,,,33kV to 92kV,Crestline,San Bernardino,"92325",CA, 
-116.923191125347,33.947777277004,"2657",SS3041,N.N., ,Operational,SCE,SCE,L, ,,,YES,,,,110kV to 161kV,Banning,Riverside,"92220",CA, 
-117.533303945701,34.0904968767599,"2658",SS3042,Grapeland Peaker, ,Operational,SCE,SCE,L, ,,YES,,,,,33kV to 92kV,Rancho Cucamonga,San Bernardino,"91730",CA, 
-117.521439805923,34.0330135195158,"2659",SS3043,Metalcan, ,Operational,SCE,SCE,L, ,,YES,,,,,33kV to 92kV,Mira Loma,Riverside,"91752",CA, 
-117.645623755138,34.0564863672536,"2660",SS3044,Ontario, ,Operational,SCE,SCE,L, ,,YES,,,,,33kV to 92kV,Ontario,San Bernardino,"91761",CA, 
-117.708673237568,33.9937577633773,"2661",SS3045,Plastic, ,Operational,SCE,SCE,L, ,,YES,,,,,33kV to 92kV,Chino,San Bernardino,"91710",CA, 
-117.440461976773,34.095630348766,"2662",SS3046,Flanco, ,Operational,SCE,SCE,L, ,,YES,,,,,33kV to 92kV,Fontana,San Bernardino,"92335",CA, 
-117.376622871144,34.0230450035251,"2663",SS3047,Fibre, ,Operational,SCE,SCE,L, ,,YES,,,,,33kV to 92kV,Riverside,Riverside,"92509",CA, 
-117.434672399551,34.0767922717121,"2664",SS3048,Kempster, ,Operational,SCE,SCE,L, ,,YES,,,,,33kV to 92kV,Fontana,San Bernardino,"92335",CA, 
-117.368340927479,34.1012995429381,"2665",SS3049,Rialto, ,Operational,SCE,SCE,L, ,,YES,,,,,33kV to 92kV,Rialto,San Bernardino,"92376",CA, 
-117.632307331351,34.0819210810659,"2666",SS3050,Euclid, ,Operational,SCE,SCE,L, ,,YES,,,,,33kV to 92kV,Ontario,San Bernardino,"91764",CA, 
-117.286400866918,34.1645940720566,"2667",SS3051,Valencia, ,Operational,SCE,SCE,L, ,,YES,,,,,33kV to 92kV,San Bernardino,San Bernardino,"92405",CA, 
-117.304361245927,34.1288832798991,"2668",SS3052,Sixteenth St., ,Operational,SCE,SCE,L, ,,,YES,,,,110kV to 161kV,San Bernardino,San Bernardino,"92411",CA, 
-117.310343552625,34.1207154408134,"2669",SS3053,Mt. Vernon, ,Operational,SCE,SCE,L, ,,YES,,,,,33kV to 92kV,San Bernardino,San Bernardino,"92411",CA, 
-117.258314628825,34.1209536436674,"2670",SS3054,Tippecanoe, ,Operational,SCE,SCE,L, ,,YES,,,,,33kV to 92kV,San Bernardino,San Bernardino,"92410",CA, 
-116.946624902549,34.4451398357558,"2671",SS3055,Lucerne, ,Operational,SCE,SCE,L, ,,YES,YES,,,,110kV to 161kV,Lucerne Valley,San Bernardino,"92356",CA, 
-116.890937582458,34.8624831348089,"2672",SS3056,Daggett, ,Operational,SCE,SCE,L, ,,YES,,,,,33kV to 92kV,Daggett,San Bernardino,"92327",CA, 
-117.001851798453,34.8899894715287,"2673",SS3057,East Barstow, ,Operational,SCE,SCE,L, ,,YES,,,,,33kV to 92kV,Barstow,San Bernardino,"92311",CA, 
-117.022121433978,34.9010847313773,"2674",SS3058,Barstow, ,Operational,SCE,SCE,L, ,,YES,,,,,33kV to 92kV,Barstow,San Bernardino,"92311",CA, 
-117.049299927598,34.8916003879201,"2675",SS3059,West Barstow, ,Operational,SCE,SCE,L, ,,YES,,,,,33kV to 92kV,Barstow,San Bernardino,"92311",CA, 
-117.154008015182,34.9072465849349,"2676",SS3060,Hinkley, ,Operational,SCE,SCE,L, ,,YES,,,,,33kV to 92kV,Hinkley,San Bernardino,"92347",CA, 
-117.117736995736,34.8647537584969,"2677",SS3061,Ordway, ,Operational,SCE,SCE,L, ,,YES,,,,,33kV to 92kV,Barstow,San Bernardino,"92311",CA, 
-116.315651840141,34.1359839212127,"2678",SS3062,Joshua Tree, ,Operational,SCE,SCE,L, ,,YES,,,,,33kV to 92kV,Joshua Tree,San Bernardino,"92252",CA, 
-116.053698426085,34.1377931510854,"2679",SS3063,Twentynine Palms, ,Operational,SCE,SCE,L, ,,,YES,,,,110kV to 161kV,Twentynine Palms,San Bernardino,"92277",CA, 
-117.165312738958,34.0277192315076,"2680",SS3064,Smiley, ,Operational,SCE,SCE,L, ,,YES,,,,,33kV to 92kV,Redlands,San Bernardino,"92373",CA, 
-117.54521397991,34.1024392879581,"2681",SS3065,Arbors, ,Operational,Other,Other,L, ,,YES,,,,,33kV to 92kV,Rancho Cucamonga,San Bernardino,"91739",CA, 
-118.178818694835,34.7209286711878,"2682",SS3066,Riteaid, ,Operational,SCE,SCE,L, ,,YES,,,,,33kV to 92kV,Lancaster,Los Angeles,"93536",CA, 
-118.199331492662,34.510223571797,"2683",SS3067,Acton, ,Operational,SCE,SCE,L, ,,,YES,,,,110kV to 161kV,Acton,Los Angeles,"93510",CA, 
-118.6644645338,34.1493849648234,"2684",SS3068,Shelline, ,Operational,SCE,SCE,L, ,,YES,,,,,33kV to 92kV,Calabasas,Los Angeles,"91302",CA, 
-117.588436188377,33.8819321580136,"2685",SS3069,Perez, ,Operational,SCE,SCE,L, ,,YES,,,,,33kV to 92kV,Corona,Riverside,"92882",CA, 
-116.97564821926,33.7468224207142,"2686",SS3070,Hemet, ,Operational,SCE,SCE,L, ,,YES,,,,,33kV to 92kV,Hemet,Riverside,"92543",CA, 
-117.15905720422,33.5178250053723,"2687",SS3071,Stent, ,Operational,SCE,SCE,L, ,,,YES,,,,110kV to 161kV,Temecula,Riverside,"92591",CA, 
-116.875996023154,33.9212763589465,"2688",SS3072,N.N., ,Operational,SCE,SCE,L, ,,YES,,,,,33kV to 92kV,Banning,Riverside,"92220",CA, 
-116.472590555323,33.8084503034145,"2689",SS3073,Desert Outpost, ,Operational,SCE,SCE,L, ,,,YES,,,,110kV to 161kV,Cathedral City,Riverside,"92234",CA, 
-116.54357379831,33.8129854226837,"2690",SS3074,Sunny Dunes, ,Operational,SCE,SCE,L, ,,YES,,,,,33kV to 92kV,Palm Springs,Riverside,"92264",CA, 
-116.543232049763,33.7989703638326,"2691",SS3075,Palm Canyon, ,Operational,SCE,SCE,L, ,,YES,,,,,33kV to 92kV,Palm Springs,Riverside,"92264",CA, 
-116.254351680611,33.7259799743641,"2692",SS3076,N.N., ,Operational,IID,IID,L, ,,YES,,,,,33kV to 92kV,Indio,Riverside,"92201",CA, 
-116.242878428866,33.6995697077426,"2693",SS3077,Avenue 48, ,Operational,IID,IID,L, ,,YES,,,,,33kV to 92kV,Indio,Riverside,"92201",CA, 
-116.234170266065,33.7314408105852,"2694",SS3078,N.N., ,Operational,IID,IID,L, ,,YES,,,,,33kV to 92kV,Indio,Riverside,"92201",CA, 
-116.113188073686,33.5250113641645,"2695",SS3079,N.N., ,Operational,IID,IID,L, ,,YES,,,,,33kV to 92kV,Thermal,Riverside,"92274",CA, 
-117.887351268551,33.8789366665724,"2696",SS3080,Titans, ,Operational,SCE,SCE,L, ,,YES,,,,,33kV to 92kV,Fullerton,Orange,"92831",CA, 
-117.968163271915,33.8375539758906,"2697",SS3081,Hannum, ,Operational,Other,Other,L, ,,YES,,,,,33kV to 92kV,Anaheim,Orange,"92801",CA, 
-117.933191432229,33.8080291289988,"2698",SS3082,Southwest, ,Operational,Other,Other,L, ,,YES,,,,,33kV to 92kV,Anaheim,Orange,"92802",CA, 
-117.910678975115,33.8483726277609,"2699",SS3083,Sharp, ,Operational,Other,Other,L, ,,YES,,,,,33kV to 92kV,Anaheim,Orange,"92801",CA, 
-117.90247169367,33.8266789002469,"2700",SS3084,Vermont, ,Operational,Other,Other,L, ,,YES,,,,,33kV to 92kV,Anaheim,Orange,"92805",CA, 
-117.807112641599,33.8582011359114,"2701",SS3085,Yorba, ,Operational,Other,Other,L, ,,YES,,,,,33kV to 92kV,Anaheim,Orange,"92807",CA, 
-117.869677867877,33.8126706305369,"2702",SS3086,Kinder, ,Operational,SCE,SCE,L, ,,YES,,YES,,,220kV to 287kV,Orange,Orange,"92867",CA, 
-117.924989128327,33.6295439473114,"2703",SS3087,Costa Mesa, ,Operational,SCE,SCE,L, ,,YES,,,,,33kV to 92kV,Newport Beach,Orange,"92663",CA, 
-116.700130854781,32.6671921671967,"2704",SS3088,Barrett, ,Operational,SDG&E,SDG&E,L, ,,YES,,,,,33kV to 92kV,Jamul,San Diego,"91935",CA, 
-117.134205863774,33.0211649204113,"2705",SS3089,Artesian, ,Operational,SDG&E,SDG&E,L, ,,YES,,,,,33kV to 92kV,San Diego,San Diego,"92127",CA, 
-117.2008265299,32.8848467563293,"2706",SS3090,Eastgate, ,Operational,SDG&E,SDG&E,L, ,,YES,,,,,33kV to 92kV,San Diego,San Diego,"92117",CA, 
-117.130802019473,32.7126434333835,"2707",SS3091,Grant Hill, ,Operational,SDG&E,SDG&E,L, ,,YES,YES,,,,110kV to 161kV,San Diego,San Diego,"92102",CA, 
-116.911309472865,32.5741278243391,"2708",SS3092,Otay Mesa, ,Operational,SDG&E,SDG&E,L, ,,YES,,YES,,,220kV to 287kV,San Diego,San Diego,"92154",CA, 
-115.5383438584,32.767235293787,"2709",SS3093,Second Imperial Geothermal, ,Operational,IID,IID,L, ,,YES,,,,,33kV to 92kV,El Centro,Imperial,"92243",CA, 
-115.549417740309,32.7956537316371,"2710",SS3094,Terminal Station, ,Operational,IID,IID,L, ,,YES,,,,,33kV to 92kV,El Centro,Imperial,"92243",CA, 
-115.510234715484,32.8201747248181,"2711",SS3095,Aten, ,Operational,IID,IID,L, ,,YES,,,,,33kV to 92kV,El Centro,Imperial,"92243",CA, 
-115.373001639747,32.6754565142456,"2712",SS3096,Gateway, ,Operational,IID,IID,L, ,,YES,,,,,33kV to 92kV,Calexico,Imperial,"92231",CA, 
-115.63959235596,33.1537132366167,"2713",SS3097,Salton Sea 5, ,Operational,IID,IID,L, ,,YES,,,,,33kV to 92kV,Calipatria,Imperial,"92233",CA, 
-117.979933396944,34.0994885793341,"2714",SS3098,Finance, ,Operational,SCE,SCE,L, ,,YES,,,,,33kV to 92kV,Baldwin Park,Los Angeles,"91706",CA, 
-117.92609503862,34.0822170266812,"2715",SS3099,Badillo, ,Operational,SCE,SCE,L, ,,YES,,,,,33kV to 92kV,West Covina,Los Angeles,"91790",CA, 
-117.965757327893,34.1386603064574,"2716",SS3100,Duarte, ,Operational,SCE,SCE,L, ,,YES,,,,,33kV to 92kV,Duarte,Los Angeles,"91010",CA, 
-118.002809669053,34.1429995911123,"2717",SS3101,Monrovia, ,Operational,SCE,SCE,L, ,,YES,,,,,33kV to 92kV,Monrovia,Los Angeles,"91016",CA, 
-118.008002818025,34.1184402607402,"2718",SS3102,Mayflower, ,Operational,SCE,SCE,L, ,,YES,,,,,33kV to 92kV,Arcadia,Los Angeles,"91006",CA, 
-118.0545427351,34.1582403792128,"2719",SS3103,Sierra Madre, ,Operational,SCE,SCE,L, ,,YES,,,,,33kV to 92kV,Sierra Madre,Los Angeles,"91024",CA, 
-118.067453678055,34.1285427845206,"2720",SS3104,Michillinda, ,Operational,SCE,SCE,L, ,,YES,,,,,33kV to 92kV,Arcadia,Los Angeles,"91007",CA, 
-118.068256323975,34.1061742019461,"2721",SS3105,Temple, ,Operational,SCE,SCE,L, ,,YES,,,,,33kV to 92kV,Temple City,Los Angeles,"91780",CA, 
-118.075957238023,34.0881505308137,"2722",SS3106,Ivar, ,Operational,SCE,SCE,L, ,,YES,,,,,33kV to 92kV,Rosemead,Los Angeles,"91770",CA, 
-118.099330853564,34.1280848822091,"2723",SS3107,San Marino, ,Low kV,SCE,SCE,L, ,YES,,,,,,12kV to 32kV,San Marino,Los Angeles,"91108",CA, 
-118.048860597566,34.0521536535883,"2724",SS3108,Hoyt, ,Operational,SCE,SCE,L, ,,YES,,,,,33kV to 92kV,South El Monte,Los Angeles,"91733",CA, 
-118.165423439914,34.1121627734345,"2725",SS3109,Sangar, ,Operational,SCE,SCE,L, ,,YES,,,,,33kV to 92kV,South Pasadena,Los Angeles,"91030",CA, 
-118.078213116978,34.0018987328856,"2726",SS3110,Bartolo, ,Operational,SCE,SCE,L, ,,YES,,,,,33kV to 92kV,Pico Rivera,Los Angeles,"90660",CA, 
-118.105311351889,34.0205889970293,"2727",SS3111,Harding, ,Operational,SCE,SCE,L, ,,YES,,,,,33kV to 92kV,Montebello,Los Angeles,"90640",CA, 
-118.121652133962,34.0060893935628,"2728",SS3112,Montebello, ,Operational,SCE,SCE,L, ,,YES,,,,,33kV to 92kV,Montebello,Los Angeles,"90640",CA, 
-118.006661529121,33.9480143150188,"2729",SS3113,Friendly Hills, ,Operational,SCE,SCE,L, ,,YES,,,,,33kV to 92kV,Whittier,Los Angeles,"90603",CA, 
-118.094195016891,33.9355016220681,"2730",SS3114,Floraday, ,Operational,SCE,SCE,L, ,,YES,,,,,33kV to 92kV,Downey,Los Angeles,"90241",CA, 
-118.118458106159,33.8997289268375,"2731",SS3115,Woodruff, ,Operational,SCE,SCE,L, ,,YES,,,,,33kV to 92kV,Bellflower,Los Angeles,"90706",CA, 
-118.067685654851,33.9245140034139,"2732",SS3116,Siggen, ,Operational,SCE,SCE,L, ,,YES,,,,,33kV to 92kV,Norwalk,Los Angeles,"90650",CA, 
-118.064884292591,33.9900488308996,"2733",SS3117,Westgate, ,Operational,SCE,SCE,L, ,,YES,,,,,33kV to 92kV,Whittier,Los Angeles,"90606",CA, 
-118.163850802926,33.8932016325813,"2734",SS3118,Ringmill, ,Operational,SCE,SCE,L, ,,YES,,,,,33kV to 92kV,Paramount,Los Angeles,"90723",CA, 
-118.18223919986,34.0574615465077,"2735",SS3119,Terrace, ,Operational,SCE,SCE,L, ,,YES,,,,,33kV to 92kV,Los Angeles,Los Angeles,"90063",CA, 
-118.17897861514,34.0365300290445,"2736",SS3120,Belvedere, ,Operational,SCE,SCE,L, ,,YES,,,,,33kV to 92kV,Los Angeles,Los Angeles,"90063",CA, 
-118.162601698491,34.0335362809168,"2737",SS3121,Bicknell, ,Operational,SCE,SCE,L, ,,YES,,,,,33kV to 92kV,Los Angeles,Los Angeles,"90022",CA, 
-118.154637677861,34.0244059774246,"2738",SS3122,Amalia, ,Operational,SCE,SCE,L, ,,YES,,,,,33kV to 92kV,Los Angeles,Los Angeles,"90022",CA, 
-118.186146812775,33.9810557008451,"2739",SS3123,Maywood, ,Operational,SCE,SCE,L, ,,YES,,,,,33kV to 92kV,Bell,Los Angeles,"90201",CA, 
-118.247992713334,33.9755530046039,"2740",SS3124,Naomi, ,Operational,SCE,SCE,L, ,,YES,,,,,33kV to 92kV,Los Angeles,Los Angeles,"90001",CA, 
-118.18996128492,33.9567711776983,"2741",SS3125,Plaster, ,Operational,SCE,SCE,L, ,,YES,,,,,33kV to 92kV,South Gate,Los Angeles,"90280",CA, 
-118.177433001643,33.9534727721701,"2742",SS3126,Shultz, ,Operational,SCE,SCE,L, ,,YES,,,,,33kV to 92kV,South Gate,Los Angeles,"90280",CA, 
-118.16607145523,33.9464073909953,"2743",SS3127,Velasco, ,Operational,SCE,SCE,L, ,,YES,,,,,33kV to 92kV,South Gate,Los Angeles,"90280",CA, 
-118.174991042277,33.9453388413849,"2744",SS3128,Shred, ,Operational,SCE,SCE,L, ,,YES,,,,,33kV to 92kV,South Gate,Los Angeles,"90280",CA, 
-118.236902949355,33.9586620083739,"2745",SS3129,Graham, ,Operational,SCE,SCE,L, ,,YES,,,,,33kV to 92kV,Los Angeles,Los Angeles,"90001",CA, 
-118.213056820827,33.9470984358534,"2746",SS3130,South Gate, ,Operational,SCE,SCE,L, ,,YES,,,,,33kV to 92kV,South Gate,Los Angeles,"90280",CA, 
-118.212784411148,33.9270948346111,"2747",SS3131,Lynwood, ,Operational,SCE,SCE,L, ,,YES,,,,,33kV to 92kV,Lynwood,Los Angeles,"90262",CA, 
-118.187996355391,33.9206587964738,"2748",SS3132,Brewster, ,Operational,SCE,SCE,L, ,,YES,,,,,33kV to 92kV,Lynwood,Los Angeles,"90262",CA, 
-118.238552170797,33.9164912928127,"2749",SS3133,Athens, ,Operational,SCE,SCE,L, ,,YES,,,,,33kV to 92kV,Compton,Los Angeles,"90222",CA, 
-118.195683158385,33.8817669814438,"2750",SS3134,Longdon, ,Operational,SCE,SCE,L, ,,YES,,,,,33kV to 92kV,Compton,Los Angeles,"90221",CA, 
-118.117618286861,33.8667972909272,"2751",SS3135,Hedda, ,Operational,SCE,SCE,L, ,,YES,,,,,33kV to 92kV,Lakewood,Los Angeles,"90713",CA, 
-117.973098697419,34.125865722584,"2752",SS3136,Hopeful, ,Operational,SCE,SCE,L, ,,YES,,,,,33kV to 92kV,Duarte,Los Angeles,"91010",CA, 
-118.148399743726,34.1914730526615,"2753",SS3137,Fair Oaks, ,Operational,SCE,SCE,L, ,,YES,,,,,33kV to 92kV,Altadena,Los Angeles,"91001",CA, 
-118.388519809395,34.2227159867079,"2754",SS3138,Sta. 67, ,Operational,LADWP,LADWP,L, ,,YES,,,,,33kV to 92kV,Sun Valley,Los Angeles,"91352",CA, 
-118.334883096004,34.188510680578,"2755",SS3139,N.N., ,Operational,SCE,SCE,L, ,,YES,,,,,33kV to 92kV,Burbank,Los Angeles,"91506",CA, 
-118.267091760841,34.1580921171108,"2756",SS3140,N.N., ,Operational,Other,Other,L, ,,YES,,,,,33kV to 92kV,Glendale,Los Angeles,"91203",CA, 
-118.280179133282,34.1577870563239,"2757",SS3141,Air Way (Glendale),,Operational,LADWP,LADWP,L, ,,YES,,YES,,,220kV to 287kV,Glendale,Los Angeles,"91201",CA, 
-118.260835442591,34.1464925634825,"2758",SS3142,N.N., ,Operational,Other,Other,L, ,,YES,,,,,33kV to 92kV,Glendale,Los Angeles,"91204",CA, 
-118.267720820029,34.1131176267769,"2759",SS3143,N.N., ,Operational,SCE,SCE,L, ,,YES,,,,,33kV to 92kV,Los Angeles,Los Angeles,"90027",CA, 
-118.226223037691,34.1206953221091,"2760",SS3144,N.N., ,Operational,SCE,SCE,L, ,,YES,,,,,33kV to 92kV,Los Angeles,Los Angeles,"90065",CA, 
-118.214407845777,34.0867278064427,"2761",SS3145,N.N., ,Operational,SCE,SCE,L, ,,YES,,,,,33kV to 92kV,Los Angeles,Los Angeles,"90065",CA, 
-118.189370732191,34.1139341905216,"2762",SS3146,N.N., ,Operational,SCE,SCE,L, ,,YES,,,,,33kV to 92kV,Los Angeles,Los Angeles,"90042",CA, 
-118.224708602761,33.8974292621273,"2763",SS3147,Compton, ,Operational,SCE,SCE,L, ,,YES,,,,,33kV to 92kV,Compton,Los Angeles,"90220",CA, 
-118.239305538067,33.8240082506998,"2764",SS3148,Carbonic, ,Operational,SCE,SCE,L, ,,YES,,,,,33kV to 92kV,Carson,Los Angeles,"90745",CA, 
-118.214083152935,33.8315149014632,"2765",SS3149,Davidson City, ,Operational,SCE,SCE,L, ,,YES,,,,,33kV to 92kV,Long Beach,Los Angeles,"90810",CA, 
-118.191570906046,33.7831960312534,"2766",SS3150,Locust, ,Operational,SCE,SCE,L, ,,YES,,,,,33kV to 92kV,Long Beach,Los Angeles,"90813",CA, 
-118.360861607631,34.0899451275388,"2767",SS3151,Fairfax, ,Operational,SCE,SCE,L, ,,YES,,,,,33kV to 92kV,Los Angeles,Los Angeles,"90046",CA, 
-118.45855281265,34.0216673723209,"2768",SS3152,Pearl, ,Operational,SCE,SCE,L, ,,YES,,,,,33kV to 92kV,Santa Monica,Los Angeles,"90405",CA, 
-118.465972226256,34.0297600669314,"2769",SS3153,Papermate, ,Operational,SCE,SCE,L, ,,YES,,,,,33kV to 92kV,Santa Monica,Los Angeles,"90404",CA, 
-118.402191167258,34.0150428471767,"2770",SS3154,Sony, ,Operational,SCE,SCE,L, ,,YES,,,,,33kV to 92kV,Culver City,Los Angeles,"90232",CA, 
-118.416399488684,34.0114380113111,"2771",SS3155,Mwd Venice, ,Operational,SCE,SCE,L, ,,YES,,,,,33kV to 92kV,Culver City,Los Angeles,"90230",CA, 
-118.335501017181,33.920557604693,"2772",SS3156,Northrop, ,Operational,SCE,SCE,L, ,,YES,,,,,33kV to 92kV,Hawthorne,Los Angeles,"90250",CA, 
-118.357854065326,33.8949037523763,"2773",SS3158,Lawndale, ,Operational,SCE,SCE,L, ,,,,YES,,,220kV to 287kV,Lawndale,Los Angeles,"90260",CA, 
-118.39084937749,33.9095139228484,"2774",SS3159,Wesbasin, ,Operational,SCE,SCE,L, ,,YES,,,,,33kV to 92kV,El Segundo,Los Angeles,"90245",CA, 
-118.411509994071,33.9093685338308,"2775",SS3160,Chevcentral, ,Operational,SCE,SCE,L, ,,YES,,,,,33kV to 92kV,El Segundo,Los Angeles,"90245",CA, 
-118.409881960019,33.8952959336352,"2776",SS3161,El Porto, ,Operational,SCE,SCE,L, ,,YES,,,,,33kV to 92kV,Manhattan Beach,Los Angeles,"90266",CA, 
-118.34834324367,33.8659801928908,"2777",SS3162,Perry, ,Operational,SCE,SCE,L, ,,YES,,,,,33kV to 92kV,Torrance,Los Angeles,"90504",CA, 
-118.387816772978,33.8482838640573,"2778",SS3163,Redondo, ,Operational,SCE,SCE,L, ,,YES,,,,,33kV to 92kV,Redondo Beach,Los Angeles,"90277",CA, 
-118.330040751118,33.8481617185842,"2779",SS3164,Vapor, ,Operational,SCE,SCE,L, ,,YES,,,,,33kV to 92kV,Torrance,Los Angeles,"90503",CA, 
-118.387329674289,33.7796573358075,"2780",SS3165,Bluff Cove, ,Operational,SCE,SCE,L, ,,YES,,,,,33kV to 92kV,Rancho Palos Verdes,Los Angeles,"90275",CA, 
-118.384623371724,33.8990889126551,"2781",SS3166,N.N., ,Operational,SCE,SCE,L, ,,,,YES,,,220kV to 287kV,Manhattan Beach,Los Angeles,"90266",CA, 
-120.107041589605,36.928166451126,"2782",SS3167,Canandaiqua Winery, ,Operational,Other,Other,M, ,,YES,,,,,33kV to 92kV,Madera,Madera,"93637",CA, 
-122.260955886969,39.5366969684314,"2783",SS3168,Schuller, ,Operational,Other,Other,U, ,,,,YES,,,220kV to 287kV,Willows,Glenn,"95988",CA, 
-122.263830273846,39.3652772277065,"2784",SS3169,Delevan, ,Operational,PG&E,PG&E,U, ,,,,YES,,,220kV to 287kV,Stonyford,Colusa,"95979",CA, 
-115.467884809144,33.1340615336212,"2785",SS3169,Arkansas,,Operational,IID,IID,L,,,,YES,,,,110kV to 161kV,Calipatria,Imperial,"92223",CA,
-121.44217735131,39.1944275206417,"2786",SS3170,Cal-Sierra, ,Operational,Other,Other,U, ,,YES,,,,,33kV to 92kV,Marysville,Yuba,"95901",CA, 
-122.433170600625,38.8741347284345,"2787",SS3171,Processing Site, ,Operational,Other,Other,M, ,,,YES,,,,110kV to 161kV,Lower Lake,Lake,"95457",CA, 
-121.568828035086,38.5675271444626,"2788",SS3172,Sacramento Mail, ,Operational,Other,Other,M, ,,YES,,,,,33kV to 92kV,West Sacramento,Yolo,"95691",CA, 
-121.30820996851,38.822705931128,"2789",SS3173,Formica, ,Operational,Other,Other,M, ,,YES,,,,,33kV to 92kV,Rocklin,Placer,"95765",CA, 
-121.217450563505,38.8009220969238,"2790",SS3174,Sierra Pine, ,Operational,Other,Other,M, ,,YES,,,,,33kV to 92kV,Rocklin,Placer,"95677",CA, 
-120.677512022815,38.7401923836803,"2791",SS3175,Michigan Cal, ,Operational,Other,Other,M, ,,,YES,,,,110kV to 161kV,Camino,El Dorado,"95709",CA, 
-120.965466652318,38.6532594025617,"2792",SS3176,Pw Pipe, ,Operational,Other,Other,M, ,,YES,,,,,33kV to 92kV,Shingle Springs,El Dorado,"95682",CA, 
-122.708993459697,38.4402566012547,"2793",SS3177,Santa Rosa B, ,Operational,PG&E,PG&E,M, ,,YES,,,,,33kV to 92kV,Santa Rosa,Sonoma,"95404",CA, 
-122.583800450834,38.4428207995682,"2794",SS3178,Oakmont North, ,Operational,PG&E,PG&E,M, ,,,,YES,,,220kV to 287kV,Santa Rosa,Sonoma,"95409",CA, 
-122.593330154693,38.4288515403445,"2795",SS3179,Oakmont South, ,Operational,PG&E,PG&E,M, ,,,,YES,,,220kV to 287kV,Santa Rosa,Sonoma,"95409",CA, 
-122.209097251865,38.1381841999129,"2796",SS3180,Parkway,PG&E,Operational,PG&E,PG&E,M, ,,,,YES,,,220kV to 287kV,Vallejo,Solano,"94591",CA, 
-122.241211650687,38.1065147007686,"2797",SS3181,Vallejo B, ,Operational,PG&E,PG&E,M, ,,YES,,,,,33kV to 92kV,Vallejo,Solano,"94590",CA, 
-122.253158975984,38.0984697266601,"2798",SS3182,Vallejo C, ,Operational,PG&E,PG&E,M, ,,YES,,,,,33kV to 92kV,Vallejo,Solano,"94590",CA, 
-122.221686088023,38.048584145218,"2799",SS3183,Crockett, ,Operational,PG&E,PG&E,M, ,,YES,,,,,33kV to 92kV,Crockett,Contra Costa,"94525",CA, 
-121.953585432556,38.4079631598576,"2800",SS3184,Liquid Carbonic Inc., ,Operational,Other,Other,M, ,,YES,,,,,33kV to 92kV,Vacaville,Solano,"95688",CA, 
-121.696486949628,38.160044688315,"2801",SS3185,Rio Vista, ,Low kV,PG&E,PG&E,M, ,YES,,,,,,12kV to 32kV,Rio Vista,Solano,"94571",CA, 
-121.387934845613,38.1382705379463,"2802",SS3186,Sebastini Winery (Nathanson),NATHANSON,Operational,Other,Other,M, ,,YES,,,,,33kV to 92kV,Lodi,San Joaquin,"95242",CA, 
-121.245407915406,38.1526231661289,"2803",SS3187,Woodbridge Winery, ,Operational,Other,Other,M, ,,YES,,,,,33kV to 92kV,Acampo,San Joaquin,"95220",CA, 
-121.850858588934,38.018611906996,"2804",SS3188,Trans Bay Cable, ,Operational,PG&E,PG&E,M, ,,,YES,YES,,,220kV to 287kV,Antioch,Contra Costa,"94509",CA, 
-122.478570934811,37.8398372030631,"2805",SS3189,Sausalito Meter, ,Operational,PG&E,PG&E,M, ,,,YES,,,,110kV to 161kV,Sausalito,Marin,"94965",CA, 
-122.350607506749,37.9956726097079,"2806",SS3190,Msc, ,Operational,Other,Other,M, ,,,YES,,,,110kV to 161kV,San Pablo,Contra Costa,"94806",CA, 
-122.347397394743,37.962090692116,"2807",SS3191,Brookside, ,Operational,PG&E,PG&E,M, ,,YES,,,,,33kV to 92kV,San Pablo,Contra Costa,"94806",CA, 
-122.398732310295,37.9469112195381,"2808",SS3192,Standard Oil 6, ,Operational,Other,Other,M, ,,,YES,,,,110kV to 161kV,Richmond,Contra Costa,"94801",CA, 
-122.324609681649,37.9385457863356,"2809",SS3193,Mira Vista, ,Operational,PG&E,PG&E,M, ,,YES,,,,,33kV to 92kV,Richmond,Contra Costa,"94805",CA, 
-122.337337396227,37.92500847075,"2810",SS3194,Richmond Q, ,Operational,PG&E,PG&E,M, ,,YES,,,,,33kV to 92kV,Richmond,Contra Costa,"94804",CA, 
-122.359378160218,37.9247191431361,"2811",SS3195,Virginia, ,Operational,PG&E,PG&E,M, ,,YES,,,,,33kV to 92kV,Richmond,Contra Costa,"94804",CA, 
-122.306864412632,37.9094209756246,"2812",SS3196,Waldo, ,Operational,PG&E,PG&E,M, ,,YES,,,,,33kV to 92kV,El Cerrito,Contra Costa,"94530",CA, 
-122.286287747733,37.9018783979602,"2813",SS3197,Oak, ,Operational,PG&E,PG&E,M, ,,YES,,,,,33kV to 92kV,Berkeley,Contra Costa,"94707",CA, 
-122.296616732101,37.9022272365986,"2814",SS3198,Fairmont, ,Operational,PG&E,PG&E,M, ,,YES,,,,,33kV to 92kV,El Cerrito,Contra Costa,"94530",CA, 
-122.292196527758,37.8908538388239,"2815",SS3199,Solano, ,Operational,PG&E,PG&E,M, ,,YES,,,,,33kV to 92kV,Albany,Alameda,"94706",CA, 
-122.255092527183,37.8849775066606,"2816",SS3200,Ridge, ,Operational,PG&E,PG&E,M, ,,YES,,,,,33kV to 92kV,Berkeley,Alameda,"94708",CA, 
-122.27292583697,37.8889193123076,"2817",SS3201,Arlington, ,Operational,PG&E,PG&E,M, ,,YES,,,,,33kV to 92kV,Berkeley,Alameda,"94707",CA, 
-122.245376606283,37.8758668724878,"2818",SS3202,Hillside, ,Operational,Other,Other,M, ,,,YES,,,,110kV to 161kV,Berkeley,Alameda,"94720",CA, 
-122.278155905755,37.8724246056778,"2819",SS3203,Berkeley F, ,Operational,PG&E,PG&E,M, ,,YES,,,,,33kV to 92kV,Berkeley,Alameda,"94703",CA, 
-122.258948085068,37.8639537533853,"2820",SS3204,Berkeley T, ,Operational,Other,Other,M, ,,YES,,,,,33kV to 92kV,Berkeley,Alameda,"94704",CA, 
-122.26867425022,37.8580396914967,"2821",SS3205,Stuart, ,Operational,PG&E,PG&E,M, ,,YES,,,,,33kV to 92kV,Berkeley,Alameda,"94703",CA, 
-122.279653713174,37.8544817411603,"2822",SS3206,Russell, ,Operational,Other,Other,M, ,,YES,,,,,33kV to 92kV,Berkeley,Alameda,"94702",CA, 
-122.328714827455,37.8210149949591,"2823",SS3207,Oakland P, ,Operational,PG&E,PG&E,M, ,,YES,,,,,33kV to 92kV,Oakland,Alameda ,"94607",CA, 
-122.312693491825,37.8090483103637,"2824",SS3208,Cuthbertson,MARITIME,Operational,Other,Other,M, ,,YES,,,,,33kV to 92kV,Oakland,Alameda,"94607",CA, 
-122.288437497919,37.7985270866205,"2825",SS3209,Schnitzer Steel, ,Operational,Other,Other,M, ,,YES,,,,,33kV to 92kV,Oakland,Alameda,"94607",CA, 
-122.219991365599,37.8363153433395,"2826",SS3210,Florence, ,Operational,PG&E,PG&E,M, ,,YES,,,,,33kV to 92kV,Oakland,Alameda,"94618",CA, 
-122.07493041815,37.9266102185636,"2827",SS3211,Geary, ,Operational,PG&E,PG&E,M, ,,YES,,,,,33kV to 92kV,Pleasant Hill,Contra Costa,"94523",CA, 
-122.082100380946,37.9387992654275,"2828",SS3212,Pleasant Hill, ,Operational,PG&E,PG&E,M, ,,YES,,,,,33kV to 92kV,Pleasant Hill,Contra Costa,"94523",CA, 
-122.06094769999,37.9047970660061,"2829",SS3213,Walnut Creek, ,Operational,PG&E,PG&E,M, ,,YES,,,,,33kV to 92kV,Walnut Creek,Contra Costa,"94596",CA, 
-122.073715145137,37.8950991586497,"2830",SS3214,Saranap, ,Operational,PG&E,PG&E,M, ,,YES,,,,,33kV to 92kV,Walnut Creek,Contra Costa,"94595",CA, 
-122.442581379052,37.6625187630744,"2831",SS3215,Lawndale, ,Operational,PG&E,PG&E,M, ,,,YES,,,,110kV to 161kV,South San Francisco,San Mateo,"94080",CA, 
-122.406482043277,37.6351335838792,"2832",SS3216,Shaw Rd., ,Operational,Other,Other,M, ,,YES,,,,,33kV to 92kV,San Bruno,San Mateo,"94066",CA, 
-122.423145747188,37.6040260879749,"2833",SS3217,San Andreas, ,Operational,PG&E,PG&E,M, ,,YES,,,,,33kV to 92kV,Millbrae,San Mateo,"94030",CA, 
-122.39251753936,37.6058153011294,"2834",SS3218,Santa Paula, ,Operational,Other,Other,M, ,,,YES,,,,110kV to 161kV,Millbrae,San Mateo,"94030",CA, 
-122.391026883247,37.608099502088,"2835",SS3219,Ma, ,Operational,Other,Other,M, ,,,YES,,,,110kV to 161kV,Millbrae,San Mateo,"94030",CA, 
-122.266717371756,37.5306235254265,"2836",SS3220,Oracle, ,Operational,Other,Other,M, ,,YES,YES,,,,110kV to 161kV,Redwood City,San Mateo,"94065",CA, 
-122.35628506402,37.5250739902808,"2837",SS3221,N.N., ,Operational,PG&E,PG&E,M, ,,YES,,,,,33kV to 92kV,San Mateo,San Mateo,"94402",CA, 
-122.206240072818,37.5131322338143,"2838",SS3222,Rmc Lonestar, ,Operational,Other,Other,M, ,,,YES,,,,110kV to 161kV,Redwood City,San Mateo,"94063",CA, 
-122.161615744632,37.7223859612565,"2839",SS3223,Ward, ,Operational,PG&E,PG&E,M, ,,YES,,,,,33kV to 92kV,San Leandro,Alameda,"94577",CA, 
-122.155394061052,37.7398646719757,"2840",SS3224,Bancroft, ,Operational,PG&E,PG&E,M, ,,YES,,,,,33kV to 92kV,Oakland,Alameda,"94603",CA, 
-122.177165215253,37.7069797860098,"2841",SS3225,Domtar 2, ,Operational,Other,Other,M, ,,,YES,,,,110kV to 161kV,San Leandro,Alameda,"94577",CA, 
-122.12624319701,37.680205113244,"2842",SS3226,San Lorenzo, ,Operational,PG&E,PG&E,M, ,,YES,,,,,33kV to 92kV,San Lorenzo,Alameda,"94580",CA, 
-122.143913712765,37.7158089913748,"2843",SS3227,Cherry, ,Operational,PG&E,PG&E,M, ,,YES,,,,,33kV to 92kV,San Leandro,Alameda,"94578",CA, 
-122.122203165503,37.7012356115966,"2844",SS3228,Oriole, ,Operational,PG&E,PG&E,M, ,,YES,,,,,33kV to 92kV,San Leandro,Alameda,"94578",CA, 
-122.102175521087,37.6863841400199,"2845",SS3229,Hayward O, ,Operational,PG&E,PG&E,M, ,,YES,,,,,33kV to 92kV,Hayward,Alameda,"94541",CA, 
-122.084984433589,37.6685063291292,"2846",SS3230,Soto, ,Operational,PG&E,PG&E,M, ,,YES,,,,,33kV to 92kV,Hayward,Alameda,"94541",CA, 
-122.082786338435,37.7018658077887,"2847",SS3231,Parsons, ,Operational,PG&E,PG&E,M, ,,YES,,,,,33kV to 92kV,Castro Valley,Alameda,"94546",CA, 
-121.967667653051,37.7821164978078,"2848",SS3232,Technical Ecological Services, ,Operational,PG&E,PG&E,M, ,,,,YES,,,220kV to 287kV,Danville,Contra Costa,"94526",CA, 
-121.631735307359,37.7828914477504,"2849",SS3233,Tosco Byron Pumping, ,Operational,Other,Other,M, ,,YES,,,,,33kV to 92kV,Byron,Alameda,"94514",CA, 
-121.517613851515,37.7768287940502,"2850",SS3234,Westside, ,Operational,PG&E,PG&E,M, ,,YES,,,,,33kV to 92kV,Tracy,San Joaquin,"95391",CA, 
-121.804345837709,37.7521445083414,"2851",SS3235,N.N., ,Operational,PG&E,PG&E,M, ,,YES,,,,,33kV to 92kV,Livermore,Alameda,"94551",CA, 
-121.944437093217,37.5124423236804,"2852",SS3236,Western Digital, ,Operational,Other,Other,M, ,,,YES,,,,110kV to 161kV,Fremont,Alameda,"94539",CA, 
-121.981703824161,37.502798951129,"2853",SS3237,Newark Distribution, ,Operational,PG&E,PG&E,M, ,,,,YES,,,220kV to 287kV,Fremont,Alameda,"94538",CA, 
-121.546437002702,37.6462366105651,"2854",SS3238,N.N., ,Operational,Other,Other,M, ,,,YES,,,,110kV to 161kV,Tracy,San Joaquin,"95377",CA, 
-121.268157847731,37.9704429809385,"2855",SS3239,Van Den Bergh Foods, ,Operational,Other,Other,M, ,,YES,,,,,33kV to 92kV,Stockton,San Joaquin,"95205",CA, 
-121.268683475196,37.9681014365992,"2856",SS3240,Ragu, ,Operational,PG&E,PG&E,M, ,,YES,,,,,33kV to 92kV,Stockton,San Joaquin,"95205",CA, 
-121.30117643159,37.9431564239478,"2857",SS3241,Newark-Sierra-Paperbroad, ,Operational,PG&E,PG&E,M, ,,,YES,,,,110kV to 161kV,Stockton,San Joaquin,"95203",CA, 
-121.260718566362,37.9048659087327,"2858",SS3242,Jm Manufacturing, ,Operational,Other,Other,M, ,,YES,,,,,33kV to 92kV,Stockton,San Joaquin,"95206",CA, 
-121.28806410457,37.8082731377346,"2859",SS3243,Libbey Owens Ford, ,Operational,Other,Other,M, ,,YES,,,,,33kV to 92kV,Lathrop,San Joaquin,"95330",CA, 
-121.360084830924,37.6132338640671,"2860",SS3244,Granite Vernallis, ,Operational,Other,Other,M, ,,,YES,,,,110kV to 161kV,Tracy,San Joaquin,"95304",CA, 
-120.314691001777,37.9641039493564,"2861",SS3245,Sierra Pacific Industries, ,Operational,Other,Other,M, ,,,YES,,,,110kV to 161kV,Sonora,Tuolumne,"95370",CA, 
-122.092657950915,37.3151896492913,"2862",SS3246,Kaiser Cement, ,Operational,Other,Other,M, ,,YES,,,,,33kV to 92kV,Cupertino,Santa Clara,"95014",CA, 
-121.945811437076,37.3630597105403,"2863",SS3247,Mathew, ,Operational,Other,Other,M, ,,YES,,,,,33kV to 92kV,Santa Clara,Santa Clara,"95050",CA, 
-121.010802880502,37.0414624513364,"2864",SS3248,Pacheco Wind Power, ,Operational,Other,Other,M, ,,,,YES,,,220kV to 287kV,Los Banos,Merced,"93635",CA, 
-121.990364668905,36.9842827002996,"2865",SS3250,Arana, ,Operational,PG&E,PG&E,M, ,,YES,,,,,33kV to 92kV,Santa Cruz,Santa Cruz,"95062",CA, 
-122.025084800559,36.9814723899738,"2866",SS3251,Blaine St., ,Operational,PG&E,PG&E,M, ,,YES,,,,,33kV to 92kV,Santa Cruz,Santa Cruz,"95060",CA, 
-122.05695446119,36.9746511477197,"2867",SS3252,Meder, ,Operational,PG&E,PG&E,M, ,,YES,,,,,33kV to 92kV,Santa Cruz,Santa Cruz,"95060",CA, 
-122.052479242324,36.9601393187271,"2868",SS3253,Cliff Drive, ,Operational,PG&E,PG&E,M, ,,YES,,,,,33kV to 92kV,Santa Cruz,Santa Cruz,"95060",CA, 
-121.980136624874,36.9764191729559,"2869",SS3254,Capitola, ,Operational,PG&E,PG&E,M, ,,YES,,,,,33kV to 92kV,Santa Cruz,Santa Cruz,"95062",CA, 
-121.964641801963,36.9763256443311,"2870",SS3255,Opal Cliffs, ,Operational,PG&E,PG&E,M, ,,YES,,,,,33kV to 92kV,Capitola,Santa Cruz,"95010",CA, 
-121.973765254904,36.9647228893411,"2871",SS3256,Roland, ,Operational,PG&E,PG&E,M, ,,YES,,,,,33kV to 92kV,Santa Cruz,Santa Cruz,"95062",CA, 
-121.951032619546,36.9867746802252,"2872",SS3257,Soquel, ,Operational,PG&E,PG&E,M, ,,YES,,,,,33kV to 92kV,Soquel,Santa Cruz,"95073",CA, 
-121.91540350858,36.9842787283856,"2873",SS3258,Seacliff, ,Operational,PG&E,PG&E,M, ,,YES,,,,,33kV to 92kV,Aptos,Santa Cruz,"95003",CA, 
-121.894286214402,36.9754645611817,"2874",SS3259,Rio Del Mar, ,Operational,PG&E,PG&E,M, ,,YES,,,,,33kV to 92kV,Aptos,Santa Cruz,"95003",CA, 
-121.919016688272,36.6173858052985,"2875",SS3260,Pacific Grove, ,Operational,PG&E,PG&E,L, ,,YES,,,,,33kV to 92kV,Pacific Grove,Monterey,"93950",CA, 
-121.944267696284,36.5901134738225,"2876",SS3261,Forest, ,Operational,PG&E,PG&E,L, ,,YES,,,,,33kV to 92kV,Pebble Beach,Monterey,"93953",CA, 
-121.919649873021,36.5608223723148,"2877",SS3262,Carmel, ,Operational,PG&E,PG&E,L, ,,YES,,,,,33kV to 92kV,Carmel,Monterey,"93923",CA, 
-121.363917940389,36.8625677652622,"2878",SS3263,Santa Ana, ,Operational,Other,Other,M, ,,YES,,,,,33kV to 92kV,Hollister,San Benito,"95023",CA, 
-119.824676412199,36.8795710176026,"2879",SS3264,Valley Children'S Hospital, ,Operational,Other,Other,M, ,,,YES,,,,110kV to 161kV,Madera,Madera,"93636",CA, 
-119.803332343969,36.8499240359775,"2880",SS3265,Pinedale, ,Operational,PG&E,PG&E,M, ,,,YES,,,,110kV to 161kV,Fresno,Fresno,"93711",CA, 
-119.673787096655,36.7779994446623,"2881",SS3266,Airways, ,Operational,PG&E,PG&E,M, ,,,YES,,,,110kV to 161kV,Fresno,Fresno,"93727",CA, 
-119.881057865907,36.703671516578,"2882",SS3267,Fresno Waste Water, ,Operational,Other,Other,M, ,,YES,,,,,33kV to 92kV,Fresno,Fresno,"93706",CA, 
-119.792698917107,36.7263557312497,"2883",SS3268,Danish Creamery, ,Operational,Other,Other,M, ,,YES,,,,,33kV to 92kV,Fresno,Fresno,"93706",CA, 
-120.367600598613,36.2378967468228,"2884",SS3269,Cal Resources Llc,CALWIND RESOURCES,Operational,Other,Other,L, ,,YES,,,,,33kV to 92kV,Coalinga,Fresno,"93210",CA, 
-120.252024188997,36.1339727782387,"2885",SS3270,Ca State Dept Of Corrections, ,Operational,Other,Other,L, ,,YES,,,,,33kV to 92kV,Coalinga,Fresno,"93210",CA, 
-119.812273994281,36.3003589413598,"2886",SS3271,Leprino Foods (Lemoore), ,Operational,Other,Other,L, ,,YES,,,,,33kV to 92kV,Lemoore,Kings,"93245",CA, 
-119.793072845075,36.305221146923,"2887",SS3272,Candlewick (Dixie) Yarn, ,Operational,Other,Other,L, ,,YES,,,,,33kV to 92kV,Lemoore,Kings,"93245",CA, 
-119.791084967537,36.3039951805502,"2888",SS3273,Leprino, ,Operational,Other,Other,L, ,,YES,,,,,33kV to 92kV,Lemoore,Kings,"93245",CA, 
-119.6911999441,36.3206073084719,"2889",SS3274,Grangeville, ,Operational,SCE,SCE,L, ,,YES,,,,,33kV to 92kV,Hanford,Kings,"93230",CA, 
-120.693151410845,35.3205665292971,"2890",SS3275,California Mens Colony, ,Operational,PG&E,PG&E,L, ,,YES,,,,,33kV to 92kV,San Luis Obispo,San Luis Obispo,"93405",CA, 
-119.30997709622,35.2825776428696,"2891",SS3276,Arco Western Energy, ,Operational,Other,Other,L, ,,,YES,,,,110kV to 161kV,Tupman,Kern,"93276",CA, 
-118.963739973668,35.4207501424371,"2892",SS3277,Cal Resources Llc,CALWIND RESOURCES 2,Operational,Other,Other,L, ,,,YES,,,,110kV to 161kV,Bakersfield,Kern,"93308",CA, 
-118.924897005314,35.3581321882965,"2893",SS3278,Bolthouse Farms, ,Operational,Other,Other,L, ,,,YES,,,,110kV to 161kV,Bakersfield,Kern,"93307",CA, 
-119.07732228292,35.3770826079412,"2894",SS3279,Texaco Refining & Manufacturing, ,Operational,Other,Other,L, ,,,YES,,,,110kV to 161kV,Bakersfield,Kern,"93308",CA, 
-119.304108697351,35.0823098595331,"2895",SS3280,Pentland, ,Operational,Other,Other,L, ,,YES,,,,,33kV to 92kV,Bakersfield,Kern,"93311",CA, 
-119.296667775962,35.0832427670926,"2896",SS3281,Texaco Basic Training, ,Operational,Other,Other,L, ,,YES,,,,,33kV to 92kV,Bakersfield,Kern,"93311",CA, 
-119.064414824954,35.0599754562895,"2897",SS3282,Pacific Pipeline Emidio, ,Operational,Other,Other,L, ,,YES,,,,,33kV to 92kV,Bakersfield,Kern,"93313",CA, 
-118.900750748605,35.4220218939173,"2898",SS3283,Cal Water, ,Operational,Other,Other,L, ,,YES,,,,,33kV to 92kV,Bakersfield,Kern,"93306",CA, 
-118.860845680648,35.2472915653224,"2899",SS3284,Grimmway-Malaga, ,Operational,Other,Other,L, ,,YES,,,,,33kV to 92kV,Arvin,Kern,"93203",CA, 
-118.372490357526,35.075452570605,"2900",SS3285,Northwind, ,Operational,SCE,SCE,L, ,,YES,,,,,33kV to 92kV,Tehachapi,Kern,"93561",CA, 
-118.352420642287,35.0352454370328,"2901",SS3286,Oakwind, ,Operational,SCE,SCE,L, ,,YES,,,,,33kV to 92kV,Mojave,Kern,"93501",CA, 
-118.351463222811,35.0316149249059,"2902",SS3287,Southwind, ,Operational,SCE,SCE,L, ,,YES,,,,,33kV to 92kV,Mojave,Kern,"93501",CA, 
-120.260177629484,34.8893816403316,"2903",SS3288,Garey, ,Operational,Other,Other,L, ,,YES,,,,,33kV to 92kV,Santa Maria,Santa Barbara,"93454",CA, 
-120.454833959311,34.6427730132944,"2904",SS3289,Lompoc - Control Building, ,Operational,PG&E,PG&E,L, ,,,YES,,,,110kV to 161kV,Lompoc,Santa Barbara,"93436",CA, 
-121.79687987035,40.8902756209626,"2905",SS3291,Hatchet Ridge Wind, ,Operational,PG&E,PG&E,U, ,,,,YES,,,220kV to 287kV,Burney,Shasta,"96013",CA, 
-119.911443346592,34.4315863764513,"2906",SS3292,Onshore, ,Operational,SCE,SCE,L, ,,YES,,,,,33kV to 92kV,Goleta,Santa Barbara,"93117",CA, 
-119.851377849348,34.4195056999954,"2907",SS3293,Colegio, ,Operational,Other,Other,L, ,,YES,,,,,33kV to 92kV,Santa Barbara,Santa Barbara,"93106",CA, 
-119.011843926917,34.2634266368877,"2908",SS3294,Shellsom, ,Operational,SCE,SCE,L, ,,YES,,,,,33kV to 92kV,Somis,Ventura,"93066",CA, 
-118.598776889344,34.4310908332082,"2909",SS3295,Colossus, ,Operational,SCE,SCE,L, ,,YES,,,,,33kV to 92kV,Valencia,Los Angeles,"91355",CA, 
-118.919439045828,34.1928610599719,"2910",SS3296,Pharmacy, ,Operational,SCE,SCE,L, ,,YES,,,,,33kV to 92kV,Newbury Park,Ventura,"91320",CA, 
-118.344433798639,33.8247053668,"2911",SS3297,Haveda, ,Operational,SCE,SCE,L, ,,YES,,,,,33kV to 92kV,Torrance,Los Angeles,"90505",CA, 
-118.311109384648,33.8475068944497,"2912",SS3298,Moog, ,Operational,SCE,SCE,L, ,,YES,,,,,33kV to 92kV,Torrance,Los Angeles,"90501",CA, 
-118.215748286012,33.7962893460402,"2913",SS3299,Larder, ,Operational,SCE,SCE,L, ,,YES,,,,,33kV to 92kV,Long Beach,Los Angeles,"90810",CA, 
-118.213493761221,33.7677175385421,"2914",SS3300,Thumsgen, ,Operational,SCE,SCE,L, ,,YES,,,,,33kV to 92kV,Long Beach,Los Angeles,"90802",CA, 
-117.914289434424,33.9970734902774,"2915",SS3301,Santee, ,Operational,SCE,SCE,L, ,,YES,,,,,33kV to 92kV,Rowland Heights,Los Angeles,"91748",CA, 
-117.95968370481,33.8694645873019,"2916",SS3302,Basta, ,Operational,SCE,SCE,L, ,,YES,,,,,33kV to 92kV,Fullerton,Orange,"92833",CA, 
-117.642362995422,33.667002031079,"2917",SS3303,Viejo, ,Operational,SCE,SCE,L, ,,YES,,YES,,,220kV to 287kV,Foothill Ranch,Orange,"92610",CA, 
-121.327567098843,39.9109646369,"2918",SS3304,Grizzly, ,Operational,PG&E,PG&E,U, ,,,,YES,,,220kV to 287kV,Belden,Plumas,"95915",CA, 
-120.724830880408,39.0008951584601,"2919",SS3306,Ralston, ,Operational,Other,Other,M, ,,YES,,YES,,,220kV to 287kV,Foresthill,Placer,"95631",CA, 
-121.319561958068,38.7813675449171,"2920",SS3307,Foothills, ,Operational,Other,Other,M, ,,YES,,,,,33kV to 92kV,Roseville,Placer,"95747",CA, 
-121.362313861225,38.7922656607958,"2921",SS3308,West Plan, ,Operational,Other,Other,M, ,,YES,,,,,33kV to 92kV,Roseville,Placer,"95747",CA, 
-115.43627644398,32.6700102997209,"2922",SS3309,Border, ,Operational,IID,IID,L, ,,YES,,,,,33kV to 92kV,Calexico,Imperial,"92231",CA, 
-117.993771901486,33.7534905086686,"2923",SS3310,Cedarwood, ,Operational,SCE,SCE,L, ,,YES,,,,,33kV to 92kV,Westminster,Orange,"92683",CA, 
-117.440689732284,33.8588033558461,"2924",SS3311,El Sobrante, ,Operational,SCE,SCE,L, ,,YES,YES,,,,110kV to 161kV,Riverside,Riverside,"92503",CA, 
-117.942583734065,33.6871981944181,"2925",SS3312,Orcosan, ,Operational,SCE,SCE,L, ,,YES,,,,,33kV to 92kV,Fountain Valley,Orange,"92708",CA, 
-117.868526136614,33.7268994182713,"2926",SS3313,Edinger, ,Operational,SCE,SCE,L, ,,YES,,,,,33kV to 92kV,Santa Ana,Orange,"92707",CA, 
-117.605575853338,33.6431852933226,"2927",SS3314,Oneill, ,Operational,SCE,SCE,L, ,,YES,,,,,33kV to 92kV,Rancho Santa Margarita,Orange,"92688",CA, 
-117.284686182639,33.9234564951463,"2928",SS3315,Edgemont, ,Operational,SCE,SCE,L, ,,YES,,,,,33kV to 92kV,Moreno Valley,Riverside,"92553",CA, 
-117.122810785291,33.8343837507331,"2929",SS3316,Nuevo, ,Operational,SCE,SCE,L, ,,YES,,,,,33kV to 92kV,Nuevo,Riverside,"92567",CA, 
-117.187595312808,33.5399078078964,"2930",SS3317,Murrietta 2, ,Operational,SCE,SCE,L, ,,,YES,,,,110kV to 161kV,Murrieta,Riverside,"92562",CA, 
-116.983740187633,33.9338156421853,"2931",SS3318,Beaumont, ,Operational,SCE,SCE,L, ,,YES,,,,,33kV to 92kV,Beaumont,Riverside,"92223",CA, 
-116.959371240982,33.7833444676555,"2932",SS3319,San Jacinto, ,Operational,SCE,SCE,L, ,,,YES,,,,110kV to 161kV,San Jacinto,Riverside,"92583",CA, 
-116.783837335043,33.9139840354879,"2933",SS3320,Cabazon, ,Operational,SCE,SCE,L, ,,YES,YES,,,,110kV to 161kV,Cabazon,Riverside,"92230",CA, 
-116.65017182176,33.9215812797952,"2934",SS3321,Whitewater, ,Operational,SCE,SCE,L, ,,,YES,,,,110kV to 161kV,White Water,Riverside,"92282",CA, 
-116.505152844962,33.9326108534116,"2935",SS3322,Coffee, ,Operational,SCE,SCE,L, ,,,YES,,,,110kV to 161kV,Desert Hot Springs,Riverside,"92240",CA, 
-116.545892414464,33.8455464917462,"2936",SS3323,Holiday, ,Operational,SCE,SCE,L, ,,YES,,,,,33kV to 92kV,Palm Springs,Riverside,"92262",CA, 
-116.546081921256,33.8251355555161,"2937",SS3324,Palm Springs, ,Operational,SCE,SCE,L, ,,YES,,,,,33kV to 92kV,Palm Springs,Riverside,"92262",CA, 
-116.514828074387,33.8301894031136,"2938",SS3325,Belding, ,Operational,SCE,SCE,L, ,,YES,,,,,33kV to 92kV,Palm Springs,Riverside,"92262",CA, 
-115.451081742771,33.8096378947425,"2939",SS3326,N.N., ,Operational,Other,Other,L, ,,,,YES,,,220kV to 287kV,Desert Center,Riverside,"92239",CA, 
-121.907840816565,37.7999400038233,"2940",SS3327,Tassajara, ,Operational,PG&E,PG&E,M, ,,,,YES,,,220kV to 287kV,Danville,Contra Costa,"94506",CA, 
-122.744431363081,38.7894637249155,"2941",SS3328,Calistoga 19, ,Operational,PG&E,PG&E,M, ,,,,YES,,,220kV to 287kV,Middletown,Lake,"95461",CA, 
-120.850369217555,38.2570732553664,"2942",SS3329,Pardee, ,Operational,PG&E,PG&E,M, ,,YES,,,,,33kV to 92kV,Ione,Amador,"95640",CA, 
-122.074314516294,38.0327314874587,"2943",SS3330,Urich, ,Operational,Other,Other,M, ,,YES,,,,,33kV to 92kV,Martinez,Contra Costa,"94553",CA, 
-124.056857453837,41.2942820152223,"2944",SS3331,Orick, ,Operational,PG&E,PG&E,U, ,,YES,,,,,33kV to 92kV,Orick,Humboldt,"95555",CA, 
-124.199131481704,40.7867714447836,"2945",SS3332,Simpson Paper (Humbolt), ,Operational,Other,Other,U, ,,YES,,,,,33kV to 92kV,Samoa,Humboldt,"95564",CA, 
-118.071149897819,33.8914944171133,"2946",SS3333,Southpac, ,Operational,SCE,SCE,L, ,,YES,,,,,33kV to 92kV,Norwalk,Los Angeles,"90650",CA, 
-118.096210918703,33.762902060986,"2947",SS3334,Haynes, ALAMITOS,Operational,LADWP,LADWP,L, ,,YES,,YES,,,220kV to 287kV,Long Beach,Los Angeles,"90803",CA, 
-122.756806614881,38.790075481165,"2948",SS3335,Sonoma 3, ,Operational,PG&E,PG&E,M, ,,,,YES,,,220kV to 287kV,Geyserville,Sonoma,"95441",CA, 
-117.92343004503,34.1139460690095,"2949",SS3335,Kirkwall, ,Operational,Other,Other,L, ,,YES,,,,,33kV to 92kV,Azusa,Los Angeles,"91702",CA, 
-122.755212653785,38.7787259246868,"2950",SS3336,Grant 20, ,Operational,PG&E,PG&E,M, ,,,,YES,,,220kV to 287kV,Geyserville,Sonoma,"95441",CA, 
-120.683954111044,35.7523311973011,"2951",SS3337,San Miguel, ,Operational,PG&E,PG&E,L, ,,YES,,,,,33kV to 92kV,Paso Robles,San Luis Obispo,"93446",CA, 
-121.32341813498,37.9633070594223,"2952",SS3338,Stockton Acres, ,Operational,PG&E,PG&E,M, ,,YES,,,,,33kV to 92kV,Stockton,San Joaquin,"95203",CA, 
-120.934882023393,37.6272369673385,"2953",SS3339,Mariposa, ,Operational,Other,Other,M, ,,YES,,,,,33kV to 92kV,Modesto,Stanislaus,"95354",CA, 
-121.603297459491,37.7974843644699,"2954",SS3340,Kelso, ,Operational,PG&E,PG&E,M, ,,,,YES,,,220kV to 287kV,Byron,Alameda,"94514",CA, 
-116.996775120021,32.7952462405967,"2955",SS3341,Garfield, ,Operational,SDG&E,SDG&E,L, ,,YES,,,,,33kV to 92kV,El Cajon,San Diego,"92020",CA, 
-118.463009347694,37.350090222578,"2956",SS3342,Bishop Creek 6, ,Operational,SCE,SCE,M, ,,YES,,,,,33kV to 92kV,Bishop,Inyo,"93514",CA, 
-120.527617401174,37.946202108281,"2957",SS3343,Melones, ,Operational,Other,Other,M, ,,,YES,,,,110kV to 161kV,Angels Camp,Tuolumne,"95222",CA, 
-122.46198494105,40.6238552354327,"2958",SS3344,Keswick, ,Operational,PG&E,PG&E,U, ,,YES,,,,,33kV to 92kV,Redding,Shasta,"96001",CA, 
-122.781303061665,38.8238860319316,"2959",SS3345,Lake View, ,Operational,PG&E,PG&E,M, ,,,,YES,,,220kV to 287kV,Geyserville,Sonoma,"95441",CA, 
-119.336823496314,35.4059329902505,"2960",SS3346,Golden Valley, ,Operational,Other,Other,L, ,,,YES,,,,110kV to 161kV,Buttonwillow,Kern,"93206",CA, 
-121.701878505559,37.9952946333787,"2961",SS3347,Contra Costa, ,Operational,WAPA,WAPA,M,CC1,,YES,,,,,33kV to 92kV,Oakley,Contra Costa,"94561",CA, 
-121.727891301453,37.9833665911738,"2962",SS3348,Contra Costa 3, ,Operational,WAPA,WAPA,M,CC3,,YES,,,,,33kV to 92kV,Oakley,Contra Costa,"94561",CA, 
-121.048466211404,37.0983387706367,"2963",SS3349,O'Neill, ,Operational,WAPA,WAPA,M,ONE,,,YES,,,,110kV to 161kV,Gustine,Merced,"95322",CA, 
-122.76738408523,40.7921974998268,"2964",SS3350,Trinity, ,Operational,WAPA,WAPA,U,TNI,,YES,,YES,,,220kV to 287kV,Lewiston,Trinity,"96052",CA, 
-122.924826012287,40.7022950037365,"2965",SS3351,Weaverville, ,Operational,WAPA,WAPA,U,WEA,,YES,,,,,33kV to 92kV,Weaverville,Trinity,"96093",CA, 
-121.18978870396,38.656318488719,"2966",SS3352,Sacramento Operations Ce, ,Operational,WAPA,WAPA,M,SPO,,,,YES,,,220kV to 287kV,Folsom,Sacramento,"95630",CA, 
-121.594837126787,37.8081301616948,"2967",SS3353,Bethany Byron, ,Operational,Other,Other,M,BB,,YES,,,,,33kV to 92kV,Byron,Contra Costa,"94514",CA, 
-121.626401009384,37.9178028924114,"2968",SS3354,East Contra Costa Irrigation Dist., ,Operational,Other,Other,M,ECCID,,YES,,,,,33kV to 92kV,Brentwood,Contra Costa,"94513",CA, 
-114.59984385217,33.6062076509878,"2969",SS3356,Blythe, ,Operational,SCE,SCE,L, ,,YES,,,,,33kV to 92kV,Blythe,Riverside,"92225",CA, 
-117.392437524999,34.0057367374218,"2970",SS3357,West Riverside, ,Low kV,SCE,SCE,L, ,,YES,,,,,33kV to 92kV,Riverside,Riverside,"92509",CA, 
-117.554655967938,33.932646423293,"2971",SS3358,Norco, ,Low kV,SCE,SCE,L, ,YES,,,,,,12kV to 32kV,Norco,Riverside,"92860",CA, 
-117.174952544443,33.9232050300526,"2972",SS3359,Moval, ,Operational,Other,Other,L, ,,,YES,,,,110kV to 161kV,Moreno Valley,Riverside,"92555",CA, 
-116.702267601546,35.2625020372773,"2973",SS3360,Military, ,Operational,SCE,SCE,L, ,,YES,,,,,33kV to 92kV,Fort Irwin,San Bernardino,"92310",CA, 
-119.592398224584,36.3422427233574,"2974",SS3361,Mascot, ,Proposed,SCE,SCE,L, ,,YES,,,,,33kV to 92kV,Hanford,Kings,"93230",CA, 
-114.157644066147,34.3151445140971,"2975",SS3362,Black Meadows, ,Operational,WAPA,WAPA,L, ,,,,YES,,,220kV to 287kV,Parker Dam,San Bernardino ,"92267",CA, 
-117.649187676522,35.0001894133073,"2976",SS3363,Amargo, ,Operational,SCE,SCE,L, ,,YES,,,,,33kV to 92kV,Boron,Kern,"93516",CA, 
-117.881292380944,35.0135865864587,"2977",SS3364,North Muroc, ,Operational,SCE,SCE,L, ,,YES,,,,,33kV to 92kV,Edwards,Kern,"93523",CA, 
-118.280677509563,35.0348446002346,"2978",SS3365,Windhub, ,Operational,SCE,SCE,L, ,,,,,YES,,345kV to 500kV,Mojave,Kern,"93501",CA, 
-114.517165313009,33.7293449966728,"2979",SS3366,North Intake, ,Operational,SCE,SCE,L, ,,YES,,,,,33kV to 92kV,Blythe,Riverside,"92225",CA, 
-114.572456080595,33.6909443458189,"2980",SS3367,Second Ave., ,Operational,SCE,SCE,L, ,,YES,,,,,33kV to 92kV,Blythe,Riverside,"92225",CA, 
-114.623748510107,33.6604598622528,"2981",SS3368,Defrain, ,Operational,SCE,SCE,L, ,,YES,,,,,33kV to 92kV,Blythe,Riverside,"92225",CA, 
-114.551005512804,33.6112737948007,"2982",SS3369,Olive Lake, ,Operational,SCE,SCE,L, ,,YES,,,,,33kV to 92kV,Blythe,Riverside,"92225",CA, 
-114.679944353367,33.6108590538399,"2983",SS3370,Dunes, ,Operational,SCE,SCE,L, ,,YES,,,,,33kV to 92kV,Blythe,Riverside,"92225",CA, 
-116.920572681143,34.0875473374413,"2984",SS3371,Forest Home, ,Low kV,SCE,SCE,L, ,,YES,,,,,33kV to 92kV,Forest Falls,San Bernardino,"92339",CA, 
-117.201412109072,34.2343824744608,"2985",SS3372,Burnt Mill, ,Low kV,SCE,SCE,L, ,,YES,,,,,33kV to 92kV,San Bernardino,San Bernardino,"92407",CA, 
-117.260480737988,33.673047286157,"2986",SS3373,Canyon Lake, ,Low kV,SCE,SCE,L, ,,YES,,,,,33kV to 92kV,Sun City,Riverside,"92587",CA, 
-116.46328663963,33.7783657848477,"2987",SS3374,Cathedral City, ,Low kV,SCE,SCE,L, ,,YES,,,,,33kV to 92kV,Cathedral City,Riverside,"92234",CA, 
-116.912363616769,34.1957181552769,"2988",SS3375,Converse Flats, ,Low kV,SCE,SCE,L, ,,YES,,,,,33kV to 92kV,Angelus Oaks,San Bernardino,"92305",CA, 
-117.2441982389,33.7845360318587,"2989",SS3376,Gavilan, ,Operational,SCE,SCE,L, ,,YES,,,,,33kV to 92kV,Perris,Riverside,"92570",CA, 
-116.780824123385,35.2740610301556,"2990",SS3377,Goldstone, ,Low kV,SCE,SCE,L, ,,YES,,,,,33kV to 92kV,Fort Irwin,San Bernardino,"92310",CA, 
-116.829346259469,34.9030121640174,"2991",SS3378,Yermo, ,Operational,SCE,SCE,L, ,,YES,,,,,33kV to 92kV,Newberry Springs,San Bernardino,"92365",CA, 
-116.653183414434,34.9574808651247,"2992",SS3379,Harvard, ,Operational,SCE,SCE,L, ,,YES,,,,,33kV to 92kV,Newberry Springs,San Bernardino,"92365",CA, 
-116.66265762549,34.8367427260932,"2993",SS3380,Cady, ,Operational,SCE,SCE,L, ,,YES,,,,,33kV to 92kV,Newberry Springs,San Bernardino,"92365",CA, 
-117.247968514179,34.7859299153566,"2994",SS3381,Wilde, ,Operational,SCE,SCE,L, ,,YES,,,,,33kV to 92kV,Helendale,San Bernardino,"92342",CA, 
-117.323918582281,34.7405154674959,"2995",SS3382,Helendale, ,Operational,SCE,SCE,L, ,,YES,,,,,33kV to 92kV,Helendale,San Bernardino,"92342",CA, 
-117.33888839938,34.6821230651808,"2996",SS3383,Bryman, ,Operational,SCE,SCE,L, ,,YES,,,,,33kV to 92kV,Oro Grande,San Bernardino,"92368",CA, 
-116.715466127687,33.7464406428803,"2997",SS3384,Idyllwild, ,Operational,SCE,SCE,L, ,,YES,,,,,33kV to 92kV,Idyllwild,Riverside,"92549",CA, 
-117.81658228745,35.6484772848915,"2998",SS3385,Inyokern Town, ,Operational,SCE,SCE,L, ,,YES,,,,,33kV to 92kV,Inyokern,Kern,"93527",CA, 
-116.414583605578,36.3053669913182,"2999",SS3386,Junction, ,Low kV,SCE,SCE,L, ,,YES,,,,,33kV to 92kV,Shoshone,Inyo,"92384",CA, 
-119.010655482982,37.6515236407959,"3000",SS3387,Minaret, ,Low kV,SCE,SCE,M, ,,YES,,,,,33kV to 92kV,Mammoth Lakes,Mono,"93546",CA, 
-117.338999055549,34.1571878539586,"3001",SS3388,Muscoy, ,Low kV,SCE,SCE,L, ,,YES,,,,,33kV to 92kV,San Bernardino,San Bernardino,"92407",CA, 
-116.368990892066,34.2073750803937,"3002",SS3389,Nugget, ,Low kV,SCE,SCE,L, ,,YES,,,,,33kV to 92kV,Yucca Valley,San Bernardino,"92284",CA, 
-118.96437593764,37.6366580590011,"3003",SS3390,Skiland, ,Low kV,SCE,SCE,M, ,,YES,,,,,33kV to 92kV,Mammoth Lakes,Mono,"93546",CA, 
-117.800308088795,35.0974098370787,"3004",SS3391,Peerless, ,Low kV,SCE,SCE,L, ,,YES,,,,,33kV to 92kV,Edwards,Kern,"93523",CA, 
-117.672881332339,35.626339454517,"3005",SS3392,Ridgecrest, ,Operational,SCE,SCE,L, ,,YES,,,,,33kV to 92kV,Ridgecrest,Kern,"93555",CA, 
-114.655928063116,33.5249616462912,"3006",SS3393,Ripley, ,Low kV,SCE,SCE,L, ,,YES,,,,,33kV to 92kV,Blythe,Riverside,"92225",CA, 
-117.415566343347,33.999242462293,"3007",SS3394,Rubidoux, ,Low kV,SCE,SCE,L, ,,YES,,,,,33kV to 92kV,Riverside,Riverside,"92509",CA, 
-117.103987857533,34.2080449243972,"3008",SS3395,Running Springs, ,Low kV,SCE,SCE,L, ,,YES,,,,,33kV to 92kV,Running Springs,San Bernardino,"92382",CA, 
-116.427363251074,33.7502538983216,"3009",SS3396,Thunderbird, ,Low kV,SCE,SCE,L, ,,YES,,,,,33kV to 92kV,Rancho Mirage,Riverside,"92270",CA, 
-114.725188423073,33.4185802409928,"3010",SS3397,Verdant, ,Low kV,SCE,SCE,L, ,,YES,,,,,33kV to 92kV,Winterhaven,Imperial,"92283",CA, 
-117.370373392255,35.7735601262119,"3011",SS3398,Trona, ,Low kV,SCE,SCE,L, ,,YES,,,,,33kV to 92kV,Trona,San Bernardino,"93562",CA, 
-117.624138573903,34.3585244589271,"3012",SS3399,Wrightwood, ,Low kV,SCE,SCE,L, ,,YES,,,,,33kV to 92kV,Wrightwood,San Bernardino,"92397",CA, 
-118.215327855061,33.7773549966651,"3013",SS3400,Arco, ,Operational,SCE,SCE,L, ,,YES,,,,,33kV to 92kV,Long Beach,Los Angeles,"90813",CA, 
-120.041880279794,34.477473506453,"3014",SS3401,Exgen, ,Operational,SCE,SCE,L, ,,YES,,,,,33kV to 92kV,Goleta,Santa Barbara,"93117",CA, 
-117.546096789837,34.097430208575,"3015",SS3402,Forge, ,Operational,SCE,SCE,L, ,,YES,,,,,33kV to 92kV,Rancho Cucamonga,San Bernardino,"91730",CA, 
-118.709418846575,34.0826865517879,"3016",SS3403,Reclaim, ,Operational,SCE,SCE,L, ,,YES,,,,,33kV to 92kV,Malibu,Los Angeles,"90265",CA, 
-117.255436414892,33.584186941638,"3017",SS3404,Tenaja, ,Operational,SCE,SCE,L, ,,,YES,,,,110kV to 161kV,Wildomar,Riverside,"92595",CA, 
-117.849922288388,33.6403690081352,"3018",SS3405,University, ,Operational,SCE,SCE,L, ,,YES,,,,,33kV to 92kV,Irvine,Orange,"92617",CA, 
-119.341068958619,36.2049970157465,"3019",SS3406,Dairymans, ,Operational,SCE,SCE,L, ,,YES,,,,,33kV to 92kV,Tulare,Tulare,"93274",CA, 
-118.373690690063,34.0004647823863,"3020",SS3407,Stanhill, ,Operational,SCE,SCE,L, ,,,,YES,,,220kV to 287kV,Los Angeles,Los Angeles,"90056",CA, 
-122.067602745582,37.4185252879067,"3021",SS3408,Ames Distribution, ,Operational,PG&E,PG&E,M, ,,,YES,,,,110kV to 161kV,Mountain View,Santa Clara,"94035",CA, 
-122.006344793583,37.3771662407492,"3022",SS3409,Applied Materials, ,Operational,Other,Other,M, ,,YES,,,,,33kV to 92kV,Sunnyvale,Santa Clara,"94085",CA, 
-122.347221266747,37.9395586691607,"3023",SS3410,Barrett, ,Operational,PG&E,PG&E,M, ,,YES,,,,,33kV to 92kV,Richmond,Contra Costa,"94804",CA, 
-122.029320652415,38.0416595444096,"3024",SS3411,Bay Point, ,Operational,PG&E,PG&E,M, ,,YES,,,,,33kV to 92kV,Concord,Contra Costa,"94520",CA, 
-119.571662907512,36.0687373594116,"3025",SS3412,Boswell Dairy Ave., ,Operational,PG&E,PG&E,L, ,,YES,,,,,33kV to 92kV,Corcoran,Kings,"93212",CA, 
-121.024445243026,38.2136310554419,"3026",SS3413,Camanche, ,Operational,Other,Other,M, ,,,,YES,,,220kV to 287kV,Acampo,San Joaquin,"95220",CA, 
-119.961384453148,35.9969517832993,"3027",SS3414,Chevron Kettleman, ,Operational,PG&E,PG&E,L, ,,YES,,,,,33kV to 92kV,Kettleman City,Kings,"93239",CA, 
-122.141045702096,40.4009489477349,"3028",SS3415,Coleman Hatchery, ,Operational,PG&E,PG&E,U, ,,YES,,,,,33kV to 92kV,Anderson,Shasta,"96007",CA, 
-122.017128969449,37.5956103722773,"3029",SS3416,Air Liquide, ,Operational,Other,Other,M, ,,,YES,,,,110kV to 161kV,Union City,Alameda,"94587",CA, 
-121.255875244945,37.9111629999412,"3030",SS3417,Dana, ,Operational,Other,Other,M, ,,YES,,,,,33kV to 92kV,Stockton,San Joaquin,"95206",CA, 
-121.208271316752,37.0635933443647,"3031",SS3418,Dinosaur Point, ,Operational,PG&E,PG&E,M, ,,,YES,,,,110kV to 161kV,Los Banos,Merced,"93635",CA, 
-122.00320293829,39.5533434596935,"3032",SS3419,Glenn-Colusa Irrig, ,Operational,Other,Other,U, ,,YES,,,,,33kV to 92kV,Glenn,Glenn,"95943",CA, 
-121.415558749997,37.7402330592839,"3033",SS3420,H J Heinz Co., ,Operational,Other,Other,M, ,,YES,,,,,33kV to 92kV,Tracy,San Joaquin,"95376",CA, 
-121.93366684107,37.4257311847477,"3034",SS3421,Svp, ,Operational,Other,Other,M, ,,,YES,,,,110kV to 161kV,San Jose,Santa Clara,"95134",CA, 
-121.560873419684,39.4733632976506,"3035",SS3422,Louisiana Pacific Corp., ,Operational,Other,Other,U, ,,YES,,,,,33kV to 92kV,Oroville,Butte,"95965",CA, 
-121.337691334343,37.9421071717128,"3036",SS3423,Pacific Ethanol, ,Operational,Other,Other,M, ,,YES,,,,,33kV to 92kV,Stockton,San Joaquin,"95206",CA, 
-119.985855823159,37.5936502400978,"3037",SS3424,Saxon Creek, ,Operational,Other,Other,M, ,,YES,,,,,33kV to 92kV,Midpines,Mariposa,"95345",CA, 
-121.070545798896,38.6467748561895,"3038",SS3425,Video Products Distribution, ,Operational,Other,Other,M, ,,YES,,,,,33kV to 92kV,El Dorado Hills,El Dorado,"95762",CA, 
-118.981565451227,37.0085626340539,"3039",SS3426,Woodchuck, ,Operational,PG&E,PG&E,M, ,,,YES,,,,110kV to 161kV,Shaver Lake,Fresno,"93664",CA, 
-121.625310773649,37.7769699672378,"3040",SS3427,South Bay 2, ,Operational,PG&E,PG&E,M, ,,YES,,,,,33kV to 92kV,Byron,Alameda,"94514",CA, 
-121.128167183723,39.572230024244,"3041",SS3428,Yuba Co Water Agency, ,Operational,Other,Other,U, ,,,YES,,,,110kV to 161kV,Forbestown,Butte,"95941",CA, 
-116.966379440617,32.8293859161864,"3042",SS3429,Clark Helicopter, ,Operational,SDG&E,SDG&E,L, ,,YES,,,,,33kV to 92kV,El Cajon,San Diego,"92020",CA, 
-122.27639616957,41.2012386818523,"3043",SS3430,South Dunsmuir, ,Operational,PCORP,PCORP,U, ,,YES,,,,,33kV to 92kV,Dunsmuir,Siskiyou,"96025",CA, 
-120.921033019994,37.7130887505411,"3044",SS3431,Claus, ,Operational,Other,Other,M, ,,YES,YES,,,,110kV to 161kV,Modesto,Stanislaus,"95357",CA, 
-118.345120421222,34.1850674022873,"3045",SS3432,N.N., ,Operational,Other,Other,L, ,,YES,,,,,33kV to 92kV,Burbank,Los Angeles,"91505",CA, 
-118.345518210608,34.1881305294132,"3046",SS3433,N.N., ,Operational,Other,Other,L, ,,YES,,,,,33kV to 92kV,Burbank,Los Angeles,"91505",CA, 
-118.186124230094,37.4116419749616,"3047",SS3435,White Mt., ,Operational,SCE,SCE,M, ,,YES,,,,,33kV to 92kV,Bishop,Inyo,"93514",CA, 
-118.479567505156,37.3346556288523,"3048",SS3436,Bishop Creek 5, ,Operational,SCE,SCE,M, ,,YES,,,,,33kV to 92kV,Bishop,Inyo,"93514",CA, 
-118.310132783879,33.3330326414785,"3049",SS3438,Pebbly Beach, ,Operational,SCE,SCE,L, ,,YES,,,,,33kV to 92kV,Avalon,Los Angeles,"90704",CA, 
-118.492398823293,33.4366261621372,"3050",SS3439,Little Harbor, ,Operational,Other,Other,L, ,,YES,,,,,33kV to 92kV,Avalon,Los Angeles,"90704",CA,Unsured the substation name
-118.879859946212,36.4616465263081,"3051",SS3440,Kaweah 2, ,Operational,SCE,SCE,L, ,,YES,,,,,33kV to 92kV,Three Rivers,Tulare,"93271",CA, 
-118.861968709371,36.4650903975593,"3052",SS3441,Kaweah 1, ,Operational,SCE,SCE,L, ,,YES,,,,,33kV to 92kV,Three Rivers,Tulare,"93271",CA, 
-118.835628609156,36.4860643608522,"3053",SS3442,Kaweah 3, ,Operational,SCE,SCE,L, ,,YES,,,,,33kV to 92kV,Three Rivers,Tulare,"93271",CA, 
-118.435204860278,34.8592730092439,"3054",SS3443,Whirlwind, ,Operational,SCE,SCE,L, ,,,,YES,YES,,345kV to 500kV,Rosamond,Kern,"93560",CA,Will be online on 12/31/2011
-117.077207872416,33.9665542695923,"3055",SS3444,El Casco, ,Operational,SCE,SCE,L, ,,,YES,,,,110kV to 161kV,Redlands,Riverside,"92373",CA,Online at mid 2012. need to add the tline when the aerials are updated.
-117.434947784523,34.1537771014354,"3056",SS3445,Falcon Ridge, ,Proposed,SCE,SCE,L, ,,YES,,,,,33kV to 92kV,Rialto,San Bernardino,"92377",CA,Online on summer 2014. required update for both sub & tline
-117.618585925985,33.9701817386473,"3057",SS3446,Kimball, ,Operational,SCE,SCE,L, ,,YES,,,,,33kV to 92kV,Chino,San Bernardino,"91708",CA, 
-117.115281184086,33.5427518926128,"3058",SS3447,Triton, ,Proposed,SCE,SCE,L, ,,,YES,,,,110kV to 161kV,Temecula,Riverside,"92591",CA,Unsured. need to update tline as well when the aerials are upated.
-118.180237581442,34.5576404600253,"3059",SS3448,Ritter Ranch, ,Operational,SCE,SCE,L, ,,YES,,,,,33kV to 92kV,Palmdale,Los Angeles,"93551",CA,Unsured location
-120.229139302965,38.5259248790932,"3060",SS3449,Km Green, ,Proposed,Other,Other,M, ,,YES,YES,,,,110kV to 161kV,Pioneer,Amador,"95666",CA, 
-120.065848353049,38.6874605411288,"3061",SS3450,Km Blue, ,Proposed,Other,Other,M, ,,YES,,,,,33kV to 92kV,Markleeville,Alpine,"96120",CA, 
-121.281501369772,37.9611599636056,"3062",SS3451,Aurora, ,Operational,PG&E,PG&E,M, ,,YES,,,,,33kV to 92kV,Stockton,San Joaquin,"95202",CA, 
-121.346316765003,37.9499608295999,"3063",SS3452,Port Of Stockton, ,Operational,Other,Other,M, ,,YES,,,,,33kV to 92kV,Stockton,San Joaquin,"95203",CA, 
-122.040255714015,37.9867632180457,"3064",SS3453,Gill, ,Operational,PG&E,PG&E,M, ,,,YES,,,,110kV to 161kV,Concord,Contra Costa,"94520",CA, 
-122.400209742113,37.7831045482688,"3065",SS3454,Moscone, ,Operational,Other,Other,M, ,,,YES,,,,110kV to 161kV,San Francisco,San Francisco,"94103",CA, 
-122.403611917618,37.7921205966114,"3066",SS3455,Bank Of America, ,Operational,Other,Other,M, ,,,YES,,,,110kV to 161kV,San Francisco,San Francisco,"94104",CA, 
-122.420313773427,37.7461981813048,"3067",SS3456,Bart, ,Operational,Other,Other,M, ,,,YES,,,,110kV to 161kV,San Francisco,San Francisco,"94110",CA, 
-115.500177985398,33.2430521543763,"3068",SS3457,Niland Ss, ,Operational,IID,IID,L, ,,,YES,,,,110kV to 161kV,Calipatria,Impeial,"92233",CA, 
-118.81554129225,35.1948661423135,"3069",SS3458,Sycamore Grimmway Farm, ,Operational,SCE,SCE,L, ,,YES,,,,,33kV to 92kV,Arvin,Kern,"93203",CA, 
-119.250049453133,34.204301841534,"3070",SS3459,Mcgrath Beach, ,Operational,SCE,SCE,L, ,,YES,,,,,33kV to 92kV,Oxnard,Ventura,"93035",CA, 
-117.957601828668,36.0934372049407,"3071",SS3460,Coso Little Lake, ,Operational,SCE,SCE,L, ,YES,,YES,,,,110kV to 161kV,Ridgecrest,Inyo,"93555",CA, 
-120.992859176498,37.609124376653,"3072",SS3461,Crows Landing, ,Operational,Other,Other,M, ,,YES,,,,,33kV to 92kV,Modesto,Stanislaus,"95358",CA, 
-121.178300553447,37.4748953552536,"3073",SS3462,Roger, ,Operational,Other,Other,M, ,,,,YES,,,220kV to 287kV,Patterson,Stanislaus,"95363",CA, 
-117.375210865753,33.7019114677231,"3074",SS3463,Dryden, ,Operational,SCE,SCE,L, ,,YES,YES,,,,110kV to 161kV,Lake Elsinore,Riverside,"92530",CA, 
-117.598823130107,33.5262155261157,"3075",SS3464,Rancho Mission Viejo, ,Operational,SDG&E,SDG&E,L, ,,,YES,,,,110kV to 161kV,San Juan Capistrano,Orange,"92675",CA, 
-117.156836601416,32.7790254657342,"3076",SS3465,Friars, ,Operational,SDG&E,SDG&E,L, ,,,,YES,,,220kV to 287kV,San Diego,San Diego,"92108",CA, 
-120.149926102819,39.4000741205062,"3077",SS3466,Hobart,HOBART TAP,Operational,Other,Other,M, ,,YES,,,,,33kV to 92kV,Truckee,Nevada,"96161",CA, 
-120.247955319044,39.6707801672516,"3078",SS3467,Cemetery, ,Operational,Other,Other,M, ,,YES,,,,,33kV to 92kV,Loyalton,Sierra,"96118",CA, 
-115.49249780511,33.168671279324,"3079",SS3468,Ca Calipatria, ,Operational,IID,IID,L, ,,YES,,,,,33kV to 92kV,Calipatria,Imperial,"92233",CA, 
-122.358767146954,40.4942010524243,"3080",SS3469,Clear Creek, ,Proposed,Other,Other,U, ,,,YES,,,,110kV to 161kV,Anderson,Shasta,"96007",CA, 
-122.315560702337,40.549671891501,"3081",SS3470,Goodwater, ,Proposed,Other,Other,U, ,,,YES,,,,110kV to 161kV,Redding,Shasta,"96002",CA, 
-122.339808925002,40.6507501601568,"3082",SS3471,Oasis Rd, ,Proposed,Other,Other,U, ,,,YES,,,,110kV to 161kV,Redding,Shasta,"96003",CA, 
-122.420852611572,40.6348441378062,"3083",SS3472,Quartz Hill, ,Proposed,Other,Other,U, ,,,YES,,,,110kV to 161kV,Redding,Shasta,"96003",CA, 
-122.301907781574,40.5097671552124,"3084",SS3473,Stillwater, ,Proposed,Other,Other,U, ,,,YES,,,,110kV to 161kV,Redding,Shasta,"96002",CA, 
-122.319821404095,40.6799487172882,"3085",SS3474,Tierra Oaks, ,Proposed,Other,Other,U, ,,,YES,,,,110kV to 161kV,Redding,Shasta,"96003",CA, 
-117.348840345541,33.998871594674,"3086",SS3475,Hunter, ,Operational,Other,Other,L, ,,YES,,,,,33kV to 92kV,Riverside,Riverside,"92507",CA, 
-117.332336279075,33.9718938993736,"3087",SS3476,University, ,Operational,Other,Other,L, ,,YES,,,,,33kV to 92kV,Rivierside,Riverside,"92521",CA, 
-117.323478314503,33.9552445285888,"3088",SS3477,La Colina, ,Operational,Other,Other,L, ,,YES,,,,,33kV to 92kV,Rivierside,Rivierside,"92507",CA, 
-117.391987248952,33.957514072558,"3089",SS3478,Plaza, ,Operational,Other,Other,L, ,,YES,,,,,33kV to 92kV,Riverside,Riverside,"92506",CA, 
-117.383168039656,33.953282089425,"3090",SS3479,Magnolia, ,Operational,Other,Other,L, ,,YES,,,,,33kV to 92kV,Riverside,Riverside,"92506",CA, 
-117.405002613743,33.931735811338,"3091",SS3480,Casa Blanca, ,Operational,Other,Other,L, ,,YES,,,,,33kV to 92kV,Riverside,Riverside,"92504",CA, 
-117.325101941013,33.9016389222341,"3092",SS3481,Orangecrest, ,Operational,Other,Other,L, ,,YES,,,,,33kV to 92kV,Riverside,Riverside,"92508",CA, 
-117.486614217624,33.9146850176161,"3093",SS3482,Harvey Lynn, ,Operational,Other,Other,L, ,,YES,,,,,33kV to 92kV,Riverside,Riverside,"92505",CA, 
-117.466607101466,33.9045485573223,"3094",SS3483,Kaiser, ,Operational,Other,Other,L, ,,YES,,,,,33kV to 92kV,Riverside,Riverside,"92505",CA, 
-121.943544842469,37.3631715330236,"3095",SS3484,De La Cruz, ,Operational,Other,Other,M, ,,YES,,,,,33kV to 92kV,Santa Clara,Santa Clara,"95050",CA, 
-121.752772767512,40.8591448680647,"3096",SS3485,Carberry, ,Operational,PG&E,PG&E,N, ,,YES,,YES,,,220kV to 287kV,Burney,Shasta,"96013",CA, 
-122.312728269272,37.8098324483423,"3097",SS3486,Davis, ,Operational,Other,Other,M, ,YES,,,,,,12kV to 32kV,Oakland,Alameda,"94607",CA, 
-120.148358266208,41.4418884324624,"3098",SS3487,Steamboat, ,Operational,Other,Other,U, ,,YES,,,,,33kV to 92kV,Cedarville,Modoc,"96104",CA, 
-120.004203054409,39.6562263561544,"3099",SS3488,Bordertown, ,Operational,Other,Other,U, ,,,,,YES,,345kV to 500kV,Sierraville,Sierra,"96126",CA, 
-120.539520714548,41.3697483874957,"3100",SS3489,N.N., ,Operational,Other,Other,U, ,,YES,,,,,33kV to 92kV,Likely,Modoc,"96116",CA, 
-121.114342279835,41.1323494026416,"3101",SS3490,N.N., ,Operational,Other,Other,U, ,,YES,,,,,33kV to 92kV,Mcarthur,Lassen,"96056",CA, 
-124.079201651365,40.5512437681135,"3102",SS3491,Rio Dell Tap, ,Operational,PG&E,PG&E,U, ,,YES,,,,,33kV to 92kV,Hydesville,Humboldt,"95547",CA, 
-120.172300147345,40.0898331768493,"3103",SS3492,Herlong, ,Operational,Other,Other,U, ,,YES,,,,,33kV to 92kV,Doyle,Lassen,"96109",CA, 
-121.244881023692,40.2996820250605,"3104",SS3493,Collins Pine Co., ,Operational,Other,Other,U, ,,YES,,,,,33kV to 92kV,Chester,Plumas,"96020",CA, 
-117.429291895479,34.0735513306071,"3105",SS3494,Thrive Fontana, ,Operational,SCE,SCE,L, ,YES,YES,,,,,33kV to 92kV,Fontana,San Bernardino,"92335",CA, 
-121.408489403733,38.572071850685,"3106",SS3495,Scripps, ,Operational,SMUD,SMUD,M, ,,YES,,,,,33kV to 92kV,Sacramento,Sacramento,"95825",CA, 
-121.229399912932,38.6274129431721,"3107",SS3496,Gold Country, ,Operational,SMUD,SMUD,M, ,,YES,,,,,33kV to 92kV,Sacramento,Sacramento,"95670",CA, 
-121.192349311711,38.6424508257368,"3108",SS3497,Folsom-Iron Point, ,Operational,SMUD,SMUD,M, ,YES,,,,,,12kV to 32kV,Sacramento,Sacramento,"95630",CA, 
-121.145434993994,38.6446826033652,"3109",SS3498,Iron Point, ,Operational,SMUD,SMUD,M, ,YES,,,,,,12kV to 32kV,Sacramento,Sacramento,"95630",CA,Internal usage for caliso. not connected with any t-line.
-121.395472724581,38.419507093599,"3110",SS3499,West Stockton, ,Operational,SMUD,SMUD,M, ,,YES,,,,,33kV to 92kV,Sacramento,Sacramento,"95758",CA, 
-121.506557530322,38.6489183885572,"3111",SS3500,East Drainage Canal, ,Operational,SMUD,SMUD,M, ,,YES,,,,,33kV to 92kV,Sacramento,Sacramento,"95834",CA, 
-121.335260255006,38.485631194127,"3112",SS3501,Alder Creek-Bradshaw, ,Operational,SMUD,SMUD,M, ,YES,,,,,,12kV to 32kV,Sacramento,Sacramento,"95829",CA, 
-121.240479071423,38.5458693868876,"3113",SS3502,Anatolia, ,Operational,SMUD,SMUD,M, ,,YES,,,,,33kV to 92kV,Sacramento,Sacramento,"95742",CA, 
-121.375595707849,38.5953227084565,"3114",SS3503,Arden, ,Operational,SMUD,SMUD,M, ,,YES,,,,,33kV to 92kV,Sacramento,Sacramento,"95864",CA, 
-121.18074059796,38.6531033672033,"3115",SS3504,Blue Ravine, ,Operational,SMUD,SMUD,M, ,,YES,,,,,33kV to 92kV,Sacramento,Sacramento,"95630",CA, 
-121.418326909765,38.3950835440006,"3116",SS3505,Bruceville, ,Operational,SMUD,SMUD,M, ,,YES,,,,,33kV to 92kV,Sacramento,Sacramento,"95757",CA, 
-121.207873915368,38.5533006765481,"3117",SS3506,Canyonlands, ,Operational,SMUD,SMUD,M, ,,,,YES,,,220kV to 287kV,Sacramento,Sacramento,"95742",CA, 
-121.380756911482,38.6132722392218,"3118",SS3507,Kings, ,Operational,SMUD,SMUD,M, ,,YES,,,,,33kV to 92kV,Sacramento,Sacramento,"95821",CA, 
-121.375531358416,38.4376549672962,"3119",SS3508,Sheldon, ,Operational,SMUD,SMUD,M, ,,YES,,,,,33kV to 92kV,Sacramento,Sacramento,"95624",CA, 
-121.519220936256,38.65397335619,"3120",SS3509,Del Paso, ,Operational,SMUD,SMUD,M, ,,YES,,,,,33kV to 92kV,Sacramento,Sacramento,"95834",CA, 
-121.539127798089,38.6425517007204,"3121",SS3510,Arena, ,Operational,SMUD,SMUD,M, ,,YES,,,,,33kV to 92kV,Sacramento,Sacramento,"95834",CA, 
-121.505600887872,38.6846550969236,"3122",SS3511,Elkhorn, ,Operational,SMUD,SMUD,M, ,,YES,,,,,33kV to 92kV,Sacramento,Sacramento,"95835",CA, 
-121.449609098469,38.4069806947454,"3123",SS3512,Franklin-Elk Grove, ,Operational,SMUD,SMUD,M, ,,YES,,,,,33kV to 92kV,Sacramento,Sacramento,"95757",CA, 
-121.448731854224,38.4217125020635,"3124",SS3513,Laguna Pointe-Franklin, ,Operational,SMUD,SMUD,M, ,,YES,,,,,33kV to 92kV,Sacramento,Sacramento,"95758",CA, 
-121.107136105416,38.6592337315112,"3125",SS3514,Golflinks, ,Operational,SMUD,SMUD,M, ,,YES,,,,,33kV to 92kV,Sacramento,Sacramento,"95630",CA, 
-121.482113914411,38.4159091378523,"3126",SS3515,Maritime, ,Operational,SMUD,SMUD,M, ,,YES,,,,,33kV to 92kV,Sacramento,Sacramento,"95758",CA, 
-121.513203627015,38.6302281054064,"3127",SS3516,Natomas Crossing, ,Operational,SMUD,SMUD,M, ,YES,,,,,,12kV to 32kV,Sacramento,Sacramento,"95834",CA, 
-121.406604920335,38.4534235191912,"3128",SS3517,Power Inn-Geneva Pointe, ,Operational,SMUD,SMUD,M, ,,YES,,,,,33kV to 92kV,Sacramento,Sacramento,"95624",CA, 
-121.514446731338,38.5194143502468,"3129",SS3518,S Land Park, ,Operational,SMUD,SMUD,M, ,YES,,,,,,12kV to 32kV,Sacramento,Sacramento,"95822",CA, 
-121.26476133278,38.6713821629983,"3130",SS3519,Macy Plaza, ,Operational,SMUD,SMUD,M, ,,YES,,,,,33kV to 92kV,Sacramento,Sacramento,"95610",CA, 
-121.313196384271,38.6327970006022,"3131",SS3520,Sutter-Vale Vista, ,Operational,SMUD,SMUD,M, ,YES,,,,,,12kV to 32kV,Sacramento,Sacramento,"95608",CA, 
-121.212449680293,38.586047688012,"3132",SS3521,White Rock-Nike, ,Operational,SMUD,SMUD,M, ,,YES,,,,,33kV to 92kV,Sacramento,Sacramento,"95742",CA, 
-121.484978686767,38.5692250868556,"3133",SS3522,Q-19Th, ,Operational,SMUD,SMUD,M, ,,YES,,,,,33kV to 92kV,Sacramento,Sacramento,"95811",CA, 
-121.373813981658,38.386885927254,"3134",SS3523,Promanade, ,Operational,SMUD,SMUD,M, ,,YES,,,,,33kV to 92kV,Sacramento,Sacramento,"95757",CA, 
-121.477712021092,38.4301611341214,"3135",SS3523,Apple Inc, ,Operational,SMUD,SMUD,M, ,,YES,,,,,33kV to 92kV,Sacramento,Sacramento,"95758",CA, 
-121.420164403861,38.5846042391062,"3136",SS3524,American River Parkway, ,Operational,SMUD,SMUD,M, ,,YES,,,,,33kV to 92kV,Sacramento,Sacramento,"95825",CA, 
-121.396333503803,38.5187762336931,"3137",SS3525,Midway-Siena, ,Operational,SMUD,SMUD,M, ,,YES,,,,,33kV to 92kV,Sacramento,Sacramento,"95828",CA, 
-121.335060858758,38.4020815522753,"3138",SS3526,Bradshaw-Grant Line, ,Operational,SMUD,SMUD,M, ,,YES,,,,,33kV to 92kV,Sacramento,Sacramento,"95624",CA, 
-121.350465097701,38.4530285553166,"3139",SS3527,Calvine-Kingbridge, ,Operational,SMUD,SMUD,M, ,YES,,,,,,12kV to 32kV,Sacramento,Sacramento,"95829",CA, 
-121.118245807554,38.6521740131044,"3140",SS3528,Cavitt, ,Operational,SMUD,SMUD,M, ,,,YES,,,,110kV to 161kV,Sacramento,Sacramento,"95630",CA, 
-121.151747233832,38.6871148623208,"3141",SS3529,Cimmaron-E Natomas, ,Operational,SMUD,SMUD,M, ,,YES,,,,,33kV to 92kV,Sacramento,Sacramento,"95630",CA, 
-121.31604577987,38.501377175509,"3142",SS3530,Knox-Florin, ,Operational,SMUD,SMUD,M, ,,YES,,,,,33kV to 92kV,Sacramento,Sacramento,"95829",CA, 
-120.281877364791,39.3273534346436,"3143",SS3531,Donner Lake,,Operational,Other,Other,M,,,YES,YES,,,,110kV to 161kV,Truckee,Nevada,"96161",CA,
-116.682867008303,32.8090994993205,"3144",SS3532,Suncrest,,Operational,SDG&E,SDG&E,L,,,,,YES,YES,,345kV to 500kV,Alpine,San Diego,"91901",CA,
-116.731218966581,33.7047907762897,"3145",SS3533,Mountain Center,,Operational,Other,Other,L,,,YES,,,,,33kV to 92kV,Idyllwild,San Bernardino,"92549",CA,
-116.675078919398,33.6686755392448,"3146",SS3534,Lake Hemet,,Operational,Other,Other,L,,,YES,,,,,33kV to 92kV,Mountain Center,Riverside,"92561",CA,
-116.788443589264,33.5151836663385,"3147",SS3534,Lake Riverside,,Operational,Other,Other,L,,,YES,,,,,33kV to 92kV,Aguanga,Riverside,"92536",CA,
-116.639696154571,33.5581564013131,"3148",SS3535,Tony Lappos,,Operational,Other,Other,L,,,YES,,,,,33kV to 92kV,Anza,Riverside,"92539",CA,
-118.480402077112,34.3118900009937,"3149",SS3536,Sylmar East,,Operational,LADWP,LADWP,L,,,YES,,YES,,,220kV to 287kV,Sylmar,Los Angeles,"91342",CA,
-119.11704690477,37.9523451391929,"3150",SS3537,Cain Ranch P.T.,,Operational,SCE,SCE,M,,,YES,,,,,33kV to 92kV,Lee Vining,Mono,"93541",CA,
-119.123325548113,37.7669800544188,"3151",SS3538,June Lake,,Operational,SCE,SCE,L,,,YES,,,,,33kV to 92kV,June Lake,Mono,"93529",CA,
-118.239989786731,33.7729452580555,"3152",SS3539,Sta. 119,,Operational,LADWP,LADWP,L,,,YES,YES,,,,110kV to 161kV,Wilmington,Los Angeles,"90744",CA,
-117.9763544047,33.8169892703898,"3153",SS3540,Clair,,Operational,Other,Other,L,,,YES,,,,,33kV to 92kV,Anaheim,Orange,"92804",CA,
-117.746382559495,33.864367295638,"3154",SS3541,Park,,Operational,Other,Other,L,,,YES,,,,,33kV to 92kV,Anaheim,Orange,"92808",CA,
-117.768310111279,33.8564672183443,"3155",SS3542,Fairmont,,Operational,Other,Other,L,,,YES,,,,,33kV to 92kV,Anaheim,Orange,"92808",CA,
-117.862255331021,33.8583939647467,"3156",SS3543,Canyon,,Operational,Other,Other,L,,,YES,,,,,33kV to 92kV,Anaheim,Orange,"92806",CA,
-121.972627282136,37.4031237434406,"3157",SS3544,Tasman,,Operational,Other,Other,M,,,YES,,,,,33kV to 92kV,Santa Clara,Santa Clara,"95054",CA,
-121.996189980989,37.3273375321704,"3158",SS3545,Serra,,Operational,Other,Other,M,,,YES,,,,,33kV to 92kV,Santa Clara,Santa Clara,"95051",CA,
-121.997840579599,37.3770610854287,"3159",SS3546,Zeno,,Operational,Other,Other,M,,,YES,,,,,33kV to 92kV,Santa Clara,Santa Clara,"95051",CA,
-121.978444917806,37.3390880198854,"3160",SS3547,Homestead,,Operational,Other,Other,M,,,YES,,,,,33kV to 92kV,Santa Clara,Santa Clara,"95051",CA,
-121.955288916716,37.3769911274029,"3161",SS3548,Raymond,,Operational,Other,Other,M,,,YES,,,,,33kV to 92kV,Santa Clara,Santa Clara,"95054",CA,
-121.954313793629,37.3757977529254,"3162",SS3549,Kenneth,,Operational,Other,Other,M,,,YES,,,,,33kV to 92kV,Santa Clara,Santa Clara,"95054",CA,
-121.978352850542,37.3816947258677,"3163",SS3550,Central,,Operational,Other,Other,M,,,YES,,,,,33kV to 92kV,Santa Clara,Santa Clara,"95054",CA,
-121.967500714331,37.3865780852691,"3164",SS3551,Juliette,,Operational,Other,Other,M,,,YES,,,,,33kV to 92kV,Santa Clara,Santa Clara,"95054",CA,
-121.956564269692,37.3851641123371,"3165",SS3552,Norman Avenue,,Operational,Other,Other,M,,,YES,,,,,33kV to 92kV,Santa Clara,Santa Clara,"95054",CA,
-121.967642617247,37.3913561842987,"3166",SS3553,Agnew,,Operational,Other,Other,M,,,YES,,,,,33kV to 92kV,Santa Clara,Santa Clara,"95054",CA,
-121.957524734339,37.3943701440571,"3167",SS3554,Palm,,Operational,Other,Other,M,,,YES,,,,,33kV to 92kV,Santa Clara,Santa Clara,"95054",CA,
-121.9741802654,37.3739915765458,"3168",SS3555,Northwestern,,Operational,Other,Other,M,,,YES,,,,,33kV to 92kV,Santa Clara,Santa Clara,"95051",CA,
-121.950937219527,37.3759305483199,"3169",SS3556,Lafayette,,Operational,Other,Other,M,,,YES,,,,,33kV to 92kV,Santa Clara,Santa Clara,"95054",CA,
-121.951428511891,37.3769527836761,"3170",SS3557,Duane,,Operational,Other,Other,M,,,YES,,,,,33kV to 92kV,Santa Clara,Santa Clara,"95054",CA,
-114.815916129999,33.5789751239863,"3171",SS3558,Colorado River,,Operational,SCE,SCE,L,,,,,,YES,,345kV to 500kV,Desert Center,Riverside,"92239",CA,
-118.234314968558,34.0030100209223,"3172",SS3559,Bj,,Operational,Other,Other,L,,,YES,,,,,33kV to 92kV,Los Angeles,Los Angeles,"90058",CA,
-118.232566221904,34.0032577741545,"3173",SS3560,Kinetic,,Operational,Other,Other,L,,,YES,,,,,33kV to 92kV,Los Angeles,Los Angeles,"90058",CA,
-118.177137204117,33.9893103887107,"3174",SS3561,Matherson Trigas,,Operational,SCE,SCE,L,,,YES,,,,,33kV to 92kV,Maywood,Los Angeles,"90270",CA,
-117.32649636436,34.0866061496411,"3175",SS3562,North,,Operational,Other,Other,L,,,YES,,,,,33kV to 92kV,Colton,San Bernardino,"92324",CA,
-117.371204125647,34.5901021323756,"3176",SS3563,Cement,,Operational,SCE,SCE,L,,,YES,,,,,33kV to 92kV,Victorville,San Bernardino,"92394",CA,
-117.555719325753,33.8827541724689,"3177",SS3564,Corona Sunkist,,Operational,Other,Other,L,,YES,YES,,,,,33kV to 92kV,Corona,Riverside,"92880",CA,
-119.553599489539,36.6844764280446,"3178",SS3565,Sanger Power and Feed, ,Operational,Other,Other,M, ,,YES,,,,,33kV to 92kV,Sanger,Fresno,"93657",CA, 
-118.226152098902,34.187562955842,"3179",SS3567,Glorietta,,Operational,Other,Other,L,,,YES,,,,,33kV to 92kV,Glendale,Los Angeles,"91208",CA,
-118.22373705889,34.2031486032158,"3180",SS3568,Montrose,,Operational,Other,Other,L,,,YES,,,,,33kV to 92kV,Montrose,Los Angeles,"91020",CA,
-115.313174853571,33.69808958173,"3181",SS3569,Red Bluff,,Operational,SCE,SCE,L,,,,,,YES,,345kV to 500kV,Desert Center,Riverside,"92239",CA,
-116.042849753737,32.7426282495569,"3182",SS3570,Ocotillo Express,,Operational,SDG&E,SDG&E,L,,,,,,YES,,345kV to 500kV,Ocotillo,Imperial,"92259",CA,
-116.814855615714,34.2686467516562,"3183",SS3571,Palomino,,Operational,Other,Other,L,,YES,,,,,,12kV to 32kV,Big Bear City,San Bernardino,"92314",CA,
-116.827036587585,34.2506246286197,"3184",SS3572,Maple,,Operational,Other,Other,L,,YES,,,,,,12kV to 32kV,Big Bear City,San Bernardino,"92314",CA,
-116.831027218502,34.2663357523692,"3185",SS3573,Maltby,,Operational,Other,Other,L,,YES,,,,,,12kV to 32kV,Big Bear City,San Bernardino,"92314",CA,
-116.849588533991,34.2653789588949,"3186",SS3574,Bear City,,Operational,Other,Other,L,,YES,,,,,,12kV to 32kV,Big Bear City,San Bernardino,"92314",CA,
-116.857877033202,34.2243040888255,"3187",SS3575,Bear Mt.,,Operational,Other,Other,L,,YES,,,,,,12kV to 32kV,Big Bear City,San Bernardino,"92314",CA,
-116.863784968384,34.2267522238472,"3188",SS3576,Moonridge,,Operational,Other,Other,L,,YES,,,,,,12kV to 32kV,Big Bear City,San Bernardino,"92314",CA,
-116.866606106287,34.2618429009897,"3189",SS3577,Division,,Operational,Other,Other,L,,YES,,,,,,12kV to 32kV,Big Bear City,San Bernardino,"92314",CA,
-116.882186755592,34.2614059479316,"3190",SS3578,Fawnskin,,Operational,Other,Other,L,,YES,,,,,,12kV to 32kV,Big Bear City,San Bernardino,"92314",CA,
-116.891409774163,34.2526882474249,"3191",SS3579,Lake,,Operational,Other,Other,L,,YES,,,,,,12kV to 32kV,Big Bear City,San Bernardino,"92314",CA,
-116.88538487486,34.2470405665257,"3192",SS3580,Meadow,,Operational,Other,Other,L,,YES,,,,,,12kV to 32kV,Big Bear City,San Bernardino,"92314",CA,
-116.889657954662,34.2361964011149,"3193",SS3581,Summit,,Operational,Other,Other,L,,YES,,,,,,12kV to 32kV,Big Bear City,San Bernardino,"92314",CA,
-116.900342141103,34.2453742469909,"3194",SS3582,Pine Knot,,Operational,Other,Other,L,,YES,,,,,,12kV to 32kV,Big Bear City,San Bernardino,"92314",CA,
-116.910429502829,34.2401749862183,"3195",SS3583,Village,,Operational,Other,Other,L,,YES,,,,,,12kV to 32kV,Big Bear City,San Bernardino,"92314",CA,
-116.820145751247,34.3037606302823,"3196",SS3584,Goldhill,,Operational,SCE,SCE,L,,YES,,,,,,12kV to 32kV,Big Bear City,San Bernardino,"92314",CA,
-118.247889638726,35.2070860467039,"3197",SS3585,N.N.,,Operational,SCE,SCE,L,,,YES,,,,,33kV to 92kV,Tehachapi,Kern,"93561",CA,
-118.185883452673,35.3450846909427,"3198",SS3586,Sky River North,,Operational,SCE,SCE,L,,,,,YES,,,220kV to 287kV,Caliente,Kern,"93518",CA,
-114.515913434011,33.7539377575217,"3199",SS3587,Black Point,,Proposed,WAPA,WAPA,L,,,,YES,,,,110kV to 161kV,Desert Center,Riverside,"92239",CA,
-114.656271073806,33.9814569362105,"3200",SS3588,Rice Interconnection,,Proposed,WAPA,WAPA,L,,,,YES,,,,110kV to 161kV,Desert Center,Riverside,"92239",CA,
-121.831801535682,38.1248162027809,"3201",SS3589,Shiloh IV,,Operational,Other,Other,M,,,,,YES,,,220kV to 287kV,Rio Vista,Solano,"94571",CA,
-117.589230590174,33.456869530202,"3202",SS3590,Pico,,Operational,SDG&E,SDG&E,L,,,YES,YES,YES,,,220kV to 287kV,San Clemente,San Diego,"92673",CA,
-115.468914933658,35.5444079476673,"3203",SS3591,Ivanpah,,Proposed,SCE,SCE,L,,,,YES,,,,110kV to 161kV,Nipton,San Bernardino,"92364",CA,
-117.293981749017,34.4743457415841,"3204",SS3592,Afg,,Operational,SCE,SCE,L,,YES,,YES,,,,110kV to 161kV,Victorville,San Bernardino,"92395",CA,
-118.098870368359,33.7648293376652,"3205",SS3593,Alamitos,,Operational,SCE,SCE,L,,YES,YES,,,,,33kV to 92kV,Long Beach,Los Angeles,"90803",CA,
-118.111796038225,34.1714344985372,"3206",SS3594,Allen,,Low kV,SCE,SCE,L,,YES,,,,,,12kV to 32kV,Pasadena,Los Angeles,"91104",CA,
-119.577201413074,36.1383845139006,"3207",SS3595,Waukena,,Operational,PG&E,PG&E,M,,,,YES,,,,110kV to 161kV,Corcoran,Kings,"93213",CA,
-123.198865402226,39.1437858267489,"3208",SS3596,Orchard Street,,Operational,PG&E,PG&E,U,,,,YES,,,,110kV to 161kV,Ukiah,Mendocino,"95482",CA,
-115.745367504395,34.5510266634214,"3209",SS3597,Amboy,,Low kV,SCE,SCE,L,,YES,,,,,,12kV to 32kV,Amboy,San Bernardino,"92304",CA,
-116.504338543867,33.9326001823526,"3210",SS3598,Aventura P.T.,,Operational,SCE,SCE,L,,YES,YES,,,,,33kV to 92kV,Desert Hot Springs,Riverside,"92240",CA,
-114.168118501437,34.2606573504975,"3211",SS3599,Big Bend Bia,,Low kV,SCE,SCE,L,,YES,,,,,,12kV to 32kV,Parker Dam,San Bernardino,"92267",CA,
-121.846407832976,38.171315121825,"3212",SS3600,Shiloh II,,Operational,PG&E,PG&E,U,,,,,YES,,,220kV to 287kV,Rio Vista,Solano,"94571",CA,
-121.846902937386,38.1695176256644,"3213",SS3601,Shiloh III,,Operational,PG&E,PG&E,U,,,,,YES,,,220kV to 287kV,Rio Vista,Solano,"94571",CA,
-116.124116864516,32.6273123087125,"3214",SS3602,East County,,Proposed,SDG&E,SDG&E,L,,,,YES,,YES,,345kV to 500kV,Jacumba,San Diego,"91934",CA,To be operated by fall 2014
-115.573177229084,33.2049075628299,"3215",SS3603,Bannister,,Operational,IID,IID,L,,,,,YES,,,220kV to 287kV,Niland,Imperia:,"92257",CA,
-116.71961220049,33.9137315861968,"3216",SS3604,N.N.,,Operational,SCE,SCE,L,,,,YES,,,,110kV to 161kV,White Water,Riverside,"92282",CA,
-116.555784177732,33.9019599780912,"3217",SS3605,Hugo,,Operational,SCE,SCE,L,,,,YES,,,,110kV to 161kV,Desert Hot Springs,Riverside,"92240",CA,
-116.09772690339,34.2448316663458,"3218",SS3606,Leatherneck,,Operational,SCE,SCE,L,,,YES,YES,,,,110kV to 161kV,Twenty Nine Palms,Bernardino,"92277",CA,
-118.957904261131,35.1072855930419,"3219",SS3607,Adobe,,Operational,PG&E,PG&E,L,,,,YES,,,,110kV to 161kV,Bakersfield,Kern,"93307",CA,
-119.90597482015,36.2217951886469,"3220",SS3608,Kent,,Operational,PG&E,PG&E,M,,,YES,,,,,33kV to 92kV,Lemoore,Kings,"93245",CA,
-118.261512581946,34.1338464130819,"3221",SS3609,Acacia,,Operational,Other,Other,L,,,YES,,,,,33kV to 92kV,Glendale,Los Angeles,"91201",CA,
-118.28132560973,34.1802098805907,"3222",SS3610,Bel Aire,,Operational,Other,Other,L,,,YES,,,,,33kV to 92kV,Glendale,Los Angeles,"91201",CA,
-118.247391478592,34.1477832411994,"3223",SS3611,Howard,,Operational,Other,Other,L,,,YES,,,,,33kV to 92kV,Glendale,Los Angeles,"91206",CA,
-118.249686475902,34.1580072444995,"3224",SS3612,Rossmoyne,,Operational,Other,Other,L,,,YES,,,,,33kV to 92kV,Glendale,Los Angeles,"91207",CA,
-118.231057137258,34.1506188254486,"3225",SS3613,Scholl,,Operational,Other,Other,L,,,YES,,,,,33kV to 92kV,Glendale,Los Angeles,"91206",CA,
-118.251363015536,34.1342990683265,"3226",SS3614,Tropico,,Operational,Other,Other,L,,,YES,,,,,33kV to 92kV,Glendale,Los Angeles,"91205",CA,
-117.834959084001,34.0224136375155,"3227",SS3615,Grand Crossings,,Operational,Other,Other,L,,,YES,,,,,33kV to 92kV,Walnut,Los Angeles,"91789",CA,
-115.423246963181,32.9531757177446,"3228",SS3616,Alamorio,,Operational,IID,IID,L,,,YES,,,,,33kV to 92kV,Brawely,Imperial,"92227",CA,
-115.466311749145,33.0831615776031,"3229",SS3617,Alhambra,,Operational,IID,IID,L,,,,YES,,,,110kV to 161kV,Calipatria,Imperial,"92223",CA,
-114.714205560439,32.7382006173814,"3230",SS3618,Araz,,Operational,IID,IID,L,,,YES,,,,,33kV to 92kV,Winterhaven,Imperial,"92283",CA,
-114.82802133973,33.054935405744,"3231",SS3619,Black Mountain,,Operational,IID,IID,L,,,YES,,,,,33kV to 92kV,Winterhaven,Imperial,"92283",CA,
-114.827380142141,33.0517134842822,"3232",SS3620,Black Mountain,,Operational,IID,IID,L,,,YES,,,,,33kV to 92kV,Winterhaven,Imperial,"92283",CA,
-115.425160651803,32.9734308996342,"3233",SS3621,Casey Rd Gin,,Operational,IID,IID,L,,,YES,,,,,33kV to 92kV,Brawley,Imperial,"92227",CA,
-115.37404802399,32.8100342616705,"3234",SS3622,Chestnut Cooling,,Operational,IID,IID,L,,,YES,,,,,33kV to 92kV,Holtville,Imperial,"92250",CA,
-116.163452743839,33.7443319031018,"3235",SS3623,Dillon,,Operational,IID,IID,L,,,YES,,,,,33kV to 92kV,Desert Center,Riverside,"92239",CA,
-115.256804702132,32.8164704807137,"3236",SS3624,Ormesa #1 Geo,,Operational,IID,IID,L,,,YES,,,,,33kV to 92kV,Winterhaven,Imperial,"92283",CA,
-115.560695828229,32.9630723136015,"3237",SS3625,Panno,,Operational,IID,IID,L,,,YES,,,,,33kV to 92kV,Brawley,Imperial,"92227",CA,
-115.853817099716,32.7904780924024,"3238",SS3626,Plaster City,,Operational,IID,IID,L,,,YES,,,,,33kV to 92kV,Thermal,Imperial,"92274",CA,
-115.647254085408,33.1580807882594,"3239",SS3627,SS #1 Geo,,Operational,IID,IID,L,,,YES,,,,,33kV to 92kV,Calipatria,Imperial,"92233",CA,
-115.578292469651,32.8086446216259,"3240",SS3628,GIOS MH Park,,Operational,IID,IID,L,,YES,,,,,,12kV to 32kV,El Centro,Imperial,"92243",CA,
-115.524252544348,32.7291549335277,"3241",SS3629,Heber,,Operational,IID,IID,L,,,YES,,,,,33kV to 92kV,Heber,Imperial,"92249",CA,
-115.534642753387,32.7142518841731,"3242",SS3630,Herber Imperial Geo,,Operational,IID,IID,L,,,YES,,,,,33kV to 92kV,El Centro,Imperial,"92243",CA,
-114.47351891591,32.8808936342739,"3243",SS3631,Imperial Dam,,Operational,IID,IID,L,,,YES,,,,,33kV to 92kV,Winterhaven,Imperial,"92283",CA,
-115.505268109301,32.8257579363721,"3244",SS3632,Imperial Valley Col.,,Operational,IID,IID,L,,YES,,,,,,12kV to 32kV,Imperial,Imperial,"92251",CA,
-115.622455622922,33.1482771600705,"3245",SS3633,Lindsey,,Operational,IID,IID,L,,,YES,,,,,33kV to 92kV,Calipatria,Imperial,"92233",CA,
-116.294281102116,33.6820142001323,"3246",SS3634,Marshall,,Operational,IID,IID,L,,,YES,,,,,33kV to 92kV,La Quinta,Riverside,"92253",CA,
-116.060761419483,33.5558020435833,"3247",SS3635,Mecca,,Operational,IID,IID,L,,,YES,,,,,33kV to 92kV,Mecca,Riverside,"92254",CA,
-115.501292433332,33.2432760994067,"3248",SS3636,Ninland Dist.,,Operational,IID,IID,L,,,YES,,,,,33kV to 92kV,Calipatria,Imperial,"92233",CA,
-115.498766095385,33.2430229935697,"3249",SS3637,Ninland Gen.,,Operational,IID,IID,L,,,YES,,,,,33kV to 92kV,Calipatria,Imperial,"92233",CA,
-115.542738701107,33.0420195226835,"3250",SS3638,North End Division,,Operational,IID,IID,L,,YES,,,,,,12kV to 32kV,Brawley,Imperial,"92227",CA,
-115.248342482935,32.7865405873582,"3251",SS3639,Ormesa #2 Geo,,Operational,IID,IID,L,,,YES,,,,,33kV to 92kV,Winterhaven,Imperial,"92283",CA,
-115.535765756945,32.9556623451827,"3252",SS3640,Rockwood,,Operational,IID,IID,L,,,YES,,,,,33kV to 92kV,Brawley,Imperial,"92227",CA,
-115.448549980333,33.1703003363286,"3253",SS3641,Sonora,,Operational,IID,IID,L,,,,,YES,,,220kV to 287kV,Calipatria,Imperial,"92233",CA,
-115.536186962135,32.7997956515524,"3254",SS3642,Systems Operating Center,,Operational,IID,IID,L,,,YES,,,,,33kV to 92kV,El Centro,Imperial,"92243",CA,
-115.849405416704,32.7907937258118,"3255",SS3643,U.S. Gypsum,,Operational,IID,IID,L,,,YES,,,,,33kV to 92kV,Thermal,Imperial,"92274",CA,
-115.337487004175,32.7229397454977,"3256",SS3644,Verde,,Operational,IID,IID,L,,,YES,,,,,33kV to 92kV,Holtville,Imperial,"92250",CA,
-114.637371081861,32.7383671673836,"3257",SS3645,Winterhaven Pole Yard,,Operational,IID,IID,L,,,YES,,,,,33kV to 92kV,Winterhaven,Imperial,"92283",CA,
-114.710751768324,32.7198293466408,"3258",SS3646,Yucca Axis Plant,,Operational,IID,IID,L,,,,YES,,,,110kV to 161kV,Winterhaven,,,AZ,
-121.296289023606,38.7393907514467,"3259",SS3647,Vernon,,Operational,Other,Other,M,,,YES,,,,,33kV to 92kV,Roseville,Placer,"95678",CA,
-121.328599007363,38.8015455646793,"3260",SS3648,Dave Bakkie,,Operational,Other,Other,M,,,YES,,,,,33kV to 92kV,Roseville,Placer,"95747",CA,
-121.234843885009,38.7382206680766,"3261",SS3649,South East,,Operational,Other,Other,M,,,YES,,,,,33kV to 92kV,Roseville,Placer,"95661",CA,
