id,type,area,lat,lon
10TH_STW_1_1LNODE,LOAD,AVA,46.39089999998146,-116.98003473525635
10TH_STW_1_2LNODE,LOAD,AVA,46.39089999998146,-116.98016526474365
119TH_BP_LNODEXF1,LOAD,BPAT,45.70954,-122.496448
12TH_S_LNODENMZ,LOAD,BANC,37.63715677998629,-120.99316020050249
12TH_S_LNODEXWQ,LOAD,BANC,37.63715677998629,-120.99327439949751
26FTDROP_GNODEIT,GEN,NV,39.484637,-118.903608
2C559EQ2_7_N001,GEN,CA,35.294502,-118.854003
2NDST_BP_LNODELD1,LOAD,BPAT,45.61327499998214,-121.20712500150557
2NDST_BP_LNODELD2,LOAD,BPAT,45.61327499998214,-121.20725299849443
3RD_HTCH_1_1LNODE,LOAD,AVA,47.652754123545215,-117.4014
3RD_HTCH_1_2LNODE,LOAD,AVA,47.652672938206386,-117.40133041753451
3RD_HTCH_1_3LNODE,LOAD,AVA,47.652672938206386,-117.4014695824655
4LAKES_1_IPLNODE,LOAD,AVA,-117.5651,47.5288
72ND_ST_LNODEOAD,LOAD,NWMT,45.756631,-108.700307
7AVEN_BP_LNODEFMR,LOAD,BPAT,46.1212,-122.9324
8TH_ST_LNODEBXG,LOAD,BANC,37.64197726998626,-121.00603849646912
8TH_ST_LNODELZF,LOAD,BANC,37.64197726998626,-121.00615270353089
9TH_CENT_1_13_1LNODE,LOAD,AVA,47.648799999980504,-117.3217330469234
9TH_CENT_1_13_2LNODE,LOAD,AVA,47.648799999980504,-117.3218669530766
AA_LNODE10A,LOAD,APS,33.618315,-111.927736
AA_LNODE12A,LOAD,APS,33.61831499995315,-111.92762810848367
AA_LNODE13A,LOAD,APS,33.618225153907645,-111.92762810859617
AA_LNODE14A,LOAD,APS,33.61816162320244,-111.92770439936274
AA_LNODER1A,LOAD,APS,33.6181464300399,-111.92781073688339
AA_LNODER2A,LOAD,APS,33.618177548355625,-111.92791195025296
AA_LNODER4A,LOAD,APS,33.618243074772124,-111.92798576672737
AA_LNODER6A,LOAD,APS,33.61832798707176,-111.92802102780107
ABBSLR_U1GNODE,GEN,SRP,33.0502189999886,-111.34186359106359
ABBSLR_U2GNODE,GEN,SRP,33.0502189999886,-111.34197040893642
ABRN_LNODEWR1,LOAD,PGE,45.36482999998227,-122.59793626294004
ABRN_LNODEWR2,LOAD,PGE,45.36482999998227,-122.59806373705996
ABSAROKE_LNODEOAD,LOAD,NWMT,45.49951599998221,-109.44792013141782
ABSAROKE_LNODEREA,LOAD,NWMT,45.49951599998221,-109.44804786858218
ACES_3_H2LOADGNODE,GEN,LADWP,35.2565,-118.027519
ACTON_LNODE115,LOAD,BPAT,45.63543,-121.945344
ACX_GNODESWMPCC,GEN,APS,34.50434526063168,-110.333918
ACX_LNODENTL,LOAD,APS,34.50426386967096,-110.33386097779906
ACX_LNODEUXL,LOAD,APS,34.50426386967096,-110.33397502220093
ADAIR_1_G01GNODE,GEN,BPAT,44.703637,-123.217572
ADAMS_BP_LNODEXF1,LOAD,BPAT,44.05688382,-123.1061359
ADCC_2_N001,GEN,CA,37.632663,-121.785728
ADDY_AVA_7_AVA_ADDYLNODE,LOAD,AVA,48.358,-117.85
ADEL_NW_LNODEOAD,LOAD,NWMT,47.018281,-111.587425
ADLSPP_GNODESOLAR,GEN,LADWP,35.229635,-118.1957
ADOBE_LNODE01,LOAD,NV,40.8534344367499,-115.79932843553127
ADOBE_LNODE02,LOAD,NV,40.853253563126806,-115.79932843585769
ADOBE_LNODE03,LOAD,NV,40.853253563126806,-115.79956756414231
ADOBE_LNODE08,LOAD,NV,40.8534344367499,-115.79956756446873
AD_LNODE10A,LOAD,APS,33.708874,-112.134464
AD_LNODE12A,LOAD,APS,33.70887399995289,-112.13435589863751
AD_LNODE18A,LOAD,APS,33.70879612171551,-112.13440994936776
AD_LNODE20A,LOAD,APS,33.70879612171551,-112.13451805063224
AD_LNODE21A,LOAD,APS,33.70887399995289,-112.1345721013625
AD_LNODE22A,LOAD,APS,33.70895187826092,-112.13451805073026
AD_LNODER9A,LOAD,APS,33.70895187826092,-112.13440994926974
AEC300_1_N001,LOAD,CA,37.74,-121.48
AFPR_GNODE011,GEN,IPCO,42.7779727879236,-112.876153
AFPR_GNODE012,GEN,IPCO,42.777892106020666,-112.87608953648844
AFPR_GNODE013,GEN,IPCO,42.777892106020666,-112.87621646351157
AFSR_GNODEFSR,GEN,IPCO,42.823467,-112.738241
AFTON_3_AFTONCTGNODE,GEN,PNM,32.11432399998879,-106.84841683416694
AFTON_3_AFTONSTGNODE,GEN,PNM,32.11432399998879,-106.84852316583306
AFTS_LNODE131,LOAD,IPCO,42.775149,-112.873317
AF_2_UNIT4GNODE,GEN,SRP,33.55711076412233,-112.2186701235517
AF_2_UNIT5GNODE,GEN,SRP,33.557032999953336,-112.2186162472004
AF_2_UNIT6GNODE,GEN,SRP,33.55695523585435,-112.2186701236487
AF_2_UNIT7GNODE,GEN,SRP,32.90388,-111.789478
AF_2_UNIT8GNODE,GEN,SRP,32.90387999995474,-111.78937135595777
AF_6_UNIT1GNODE,GEN,SRP,33.55695523585435,-112.2187778763513
AF_6_UNIT2GNODE,GEN,SRP,33.557032999953336,-112.21883175279959
AF_6_UNIT3GNODE,GEN,SRP,33.55711076412233,-112.2187778764483
AGNEW_1_N003,LOAD,CA,37.51,-121.84
AGRICO_7_B1,GEN,CA,36.61707583794443,-120.099846
AGRICO_7_B3,GEN,CA,36.6169950810137,-120.09978791045373
AGRICO_7_B4,GEN,CA,36.6169950810137,-120.09990408954627
AGUAF_SR_LNODELD1,LOAD,SRP,33.55424776208332,-112.21605612674992
AGUAF_SR_LNODELD2,LOAD,SRP,33.55416999995331,-112.21600225359681
AGUAF_SR_LNODELD3,LOAD,SRP,33.55409223789332,-112.21605612684691
AGUAF_SR_LNODELD4,LOAD,SRP,33.55409223789332,-112.21616387315309
AGUAF_SR_LNODELD5,LOAD,SRP,33.55416999995331,-112.21621774640319
AGUAF_SR_LNODELD6,LOAD,SRP,33.55424776208332,-112.21616387325008
AGUAMNSA_7_B1,GEN,CA,34.042605,-117.362707
AGUCALG1_7_B1,GEN,CA,32.9774,-113.4945
AG_LNODER1A,LOAD,APS,33.94437799998814,-113.17928367346995
AG_LNODER3A,LOAD,APS,33.94437799998814,-113.17939232653005
AHSAH_BP_1_DCHGNODE,GEN,BPAT,46.507503999981374,-116.30667852060786
AHSAH_BP_LNODEHKA,LOAD,BPAT,46.507503999981374,-116.30680947939214
AHWAT_SR_LNODELD1,LOAD,SRP,33.32749599998847,-111.98952736340104
AHWAT_SR_LNODELD2,LOAD,SRP,33.32749599998847,-111.98963463659896
AIC_NEW_LNODEEQL69,LOAD,APS,32.37123601,-112.855061
AIRPA_SR_LNODELD1,LOAD,SRP,33.32328477742069,-111.911797
AIRPORT_LNODE06,LOAD,NV,39.49604,-119.789509
AIRPORT_LNODE42,LOAD,NV,39.49603999994234,-119.78939291928168
AIRPORT_LNODE65,LOAD,NV,39.49595042410344,-119.78939291943126
AIRPORT_LNODE66,LOAD,NV,39.49588708447307,-119.78947500081956
AIRPORT_LNODE67,LOAD,NV,39.49587193699876,-119.78958940953915
AIRPORT_LNODE69,LOAD,NV,39.49590296170395,-119.78969830519064
AIRPORT_LNODE82,LOAD,NV,39.495968291023885,-119.78977772451518
AIRPORT_LNODE83,LOAD,NV,39.49605294793704,-119.78981566204529
AIRPROD_1_N001,LOAD,CA,36.65,-119.54
AIRWYHGT_1_1LNODE,LOAD,AVA,47.651499999980565,-117.60443304504159
AIRWYHGT_1_2LNODE,LOAD,AVA,47.651499999980565,-117.60456695495841
AIR_1_AIR_SUNED_SLRGNODE,GEN,EPE,32.26903436655341,-106.93828254142224
AIR_LNODEXF2,LOAD,PSE,46.9525,-122.916389
AIR_LNODE_20,LOAD,EPE,32.26885452224631,-106.93828254163301
AIR_LNODE_22,LOAD,EPE,32.26885452224631,-106.93849523614479
AIR_LNODE_OL,LOAD,EPE,32.26903436655341,-106.93849523635555
AIR_SUB_LNODENAA,LOAD,LADWP,33.96205409081493,-118.376
AIR_SUB_LNODENAB,LOAD,LADWP,33.961972954579615,-118.37594352117388
AIR_SUB_LNODEONC,LOAD,LADWP,33.961972954579615,-118.37605647882611
AJ_LNODEFDR2,LOAD,APS,34.512401,-110.13129
AKINGS02_7_N001,GEN,CA,36.2226,-119.90512
AKL_1_CONNLEY_G02GNODE,GEN,BPAT,43.30749999998336,-120.994338103031
ALAMEDA_LNODELD1,LOAD,SRP,33.39340967189258,-111.9196805970313
ALAMEDA_LNODELD2,LOAD,SRP,33.39323032801483,-111.91968059725292
ALAMEDA_LNODELD3,LOAD,SRP,33.39323032801483,-111.91989540274709
ALAMEDA_LNODELD4,LOAD,SRP,33.39340967189258,-111.9198954029687
ALAMITOS_2_N001,LOAD,CA,33.771584,-118.100596
ALAMITOS_2_N040,LOAD,CA,33.77,-118.1
ALAMOGCP_1_ALAMOPVGNODE,GEN,PNM,32.863658,-105.999137
ALAMOGCP_1_OTEROPVGNODE,GEN,PNM,32.975434,-105.974688
ALAMOGCP_LNODENTER,LOAD,PNM,32.90955372143359,-105.964
ALAMOGCP_LNODERTHX,LOAD,PNM,32.90947313927097,-105.96394458313144
ALAMOGCP_LNODEUTHX,LOAD,PNM,32.90947313927097,-105.96405541686856
ALAMOSC_7_N001,GEN,CA,38.575917,-121.497846
ALAMT1G_7_B1,GEN,CA,33.771583999952796,-118.10048775137712
ALAMT1G_7_N002,LOAD,CA,33.77149401717401,-118.1004877514908
ALAMT2G_7_B1,GEN,CA,33.77143038978412,-118.10056429476926
ALAMT2G_7_N002,LOAD,CA,33.771415173499584,-118.10067098425147
ALAMT3G_7_B1,GEN,CA,33.765977986588545,-118.103663
ALAMT3G_7_N002,LOAD,CA,33.77144633917227,-118.10077253262283
ALAMT4G_7_B1,GEN,CA,33.76589700669301,-118.10360675930583
ALAMT4G_7_N002,LOAD,CA,33.771511965310076,-118.10084659342048
ALAMT5G_7_B1,GEN,CA,33.76589700669301,-118.10371924069416
ALAMT5G_7_N002,LOAD,CA,33.771597006833865,-118.1008819712055
ALAMT6G_7_B1,GEN,CA,33.771686855225234,-118.1008760572907
ALAMT6G_7_N002,LOAD,CA,33.77176916262267,-118.10083231072662
ALASB1_7_NSB1,GEN,CA,33.781275,-118.054633
ALBANY_LNODESBM,LOAD,BPAT,44.621483,-123.127191
ALBENI_F_1_GAF1GNODE,GEN,BPAT,48.18079984950271,-116.997714
ALBENI_F_1_GAF2GNODE,GEN,BPAT,48.18071907522741,-116.99764405967973
ALBENI_F_1_GAF3GNODE,GEN,BPAT,48.18071907522741,-116.99778394032026
ALBERTON_LNODEOAD,LOAD,NWMT,47.006045,-114.485632
ALCAZAR_LNODEAZAR,LOAD,PNM,35.0724458,-106.5678547
ALDER_7_G11GNODE,GEN,TPWR,46.801469999980995,-122.31035400873336
ALDER_7_G12GNODE,GEN,TPWR,46.801469999980995,-122.31048599126665
ALDRD_BP_LNODE5KV,LOAD,BPAT,44.150144,-123.367074
ALDR_LNODEWR1,LOAD,PGE,45.5161199999822,-122.6317411135449
ALDR_LNODEWR2,LOAD,PGE,45.5161199999822,-122.6318688864551
ALEX_FDR1LNODE,LOAD,TPWR,47.270018304026124,-122.39106337373524
ALEX_FDR2LNODE,LOAD,TPWR,47.26993999992279,-122.39099674766761
ALEX_FDR3LNODE,LOAD,TPWR,47.269861695935305,-122.39106337393238
ALEX_FDR4LNODE,LOAD,TPWR,47.269861695935305,-122.39119662606761
ALEX_FDR5LNODE,LOAD,TPWR,47.26993999992279,-122.39126325233238
ALEX_FDR6LNODE,LOAD,TPWR,47.270018304026124,-122.39119662626476
ALFAL_BP_1_YDPGNODE,GEN,BPAT,46.301181969654756,-120.218452
ALFAL_BP_LNODEDR1,LOAD,BPAT,46.30110101515265,-120.2183843473413
ALFAL_BP_LNODEDR2,LOAD,BPAT,46.30110101515265,-120.2185196526587
ALGODONE_LNODESUB1,LOAD,PNM,35.38566932998751,-106.46437653774548
ALGODONE_LNODESUB2,LOAD,PNM,35.38566932998751,-106.46448686225452
ALG_LNODEXF1,LOAD,PSE,48.613056,-122.336944
ALHAMBRA_1_N001,LOAD,CA,37.99408499998608,-122.13031167024367
ALHAMBRA_1_N002,LOAD,CA,37.99408499998608,-122.13042632975633
ALHAM_SR_LNODELD1,LOAD,SRP,33.548412,-112.108821
ALHAM_SR_LNODELD2,LOAD,SRP,33.54841199995336,-112.10871326643608
ALHAM_SR_LNODELD3,LOAD,SRP,33.54832221278299,-112.108821
ALKALIN_LNODE08,LOAD,NV,37.823878999986164,-117.33733676303959
ALKALIN_LNODE09,LOAD,NV,37.823878999986164,-117.3374512369604
ALKALI_C_LNODELD1,LOAD,NWMT,45.85801099998198,-108.5908946641872
ALKALI_C_LNODELD2,LOAD,NWMT,45.85801099998198,-108.59102333581279
ALKALI_LNODEMR2,LOAD,BPAT,37.825317,-117.336857
ALLEGHNY_6_N001,LOAD,CA,39.464893,-120.844946
ALLEN_LNODE-1,LOAD,NV,36.275718729907695,-115.185918
ALLEN_LNODE-2,LOAD,NV,36.27563813503229,-115.18586028153884
ALLEN_LNODE-3,LOAD,NV,36.27563813503229,-115.18597571846117
ALLISON_LNODEISON,LOAD,PNM,35.5194,-108.775
ALLN_1_ALLN SOLARGNODE,GEN,PNM,32.565392,-107.466737
ALLST_BP_LNODEISS,LOAD,BPAT,46.107472999981745,-123.03237825151284
ALLST_BP_LNODETSS,LOAD,BPAT,46.107472999981745,-123.03250774848716
ALMADEN_6_N001,LOAD,CA,37.26027,-121.890082
ALMASL3_7_N001,GEN,CA,33.93288512643223,-116.50017437357386
ALMASL3_7_N002,GEN,CA,33.93270487347249,-116.50017437380377
ALMASL_7_GUS6N,GEN,CA,33.93270487347249,-116.50039162619622
ALMASL_7_GUS7N,GEN,CA,33.93288512643223,-116.50039162642615
ALMA_LNODE131,LOAD,IPCO,42.878393999983686,-112.45002178696126
ALMA_LNODE132,LOAD,IPCO,42.878393999983686,-112.45014421303874
ALMDACT1_7_B1,GEN,CA,37.788781,-122.289418
ALMDACT2_7_B1,GEN,CA,38.72860599998584,-121.30288146337323
ALMERGB2_7_N001,GEN,CA,33.769903,-118.10159
ALMOND1_6_UNIT1GNODE,GEN,TIDC,37.57411162276853,-120.98511610244
ALMOND2_1_UNIT2GNODE,GEN,TIDC,37.574111622713666,-120.98500201361121
ALMOND2_1_UNIT3GNODE,GEN,TIDC,37.57402119992752,-120.98511610244
ALMOND2_1_UNIT4GNODE,GEN,TIDC,37.574111622713666,-120.9852301912688
ALMOND_LNODEAUX,LOAD,TIDC,37.574202045609525,-120.98511610244
ALM_LNODE_20,LOAD,EPE,31.406545928791935,-106.03011666666667
ALM_LNODE_21,LOAD,EPE,31.406464535592438,-106.0300616077104
ALPAUGH_7_N002,LOAD,CA,35.963463732836644,-119.456796
ALPDIST_LNODEXF1,LOAD,PSE,47.27888899998066,-122.24521136434163
ALPDIST_LNODEXF2,LOAD,PSE,47.27888899998066,-122.24534463565837
ALPINE_6_N001,LOAD,CA,32.82778299998866,-116.78987271391081
ALPINE_6_N005,LOAD,CA,32.82778299998866,-116.78997928608918
ALQ_LNODEXF1,LOAD,PSE,48.471581,-122.551184
ALS_LNODELA5,LOAD,EPE,31.406464535592438,-106.03017172562295
ALTA1G_7_B1,GEN,CA,34.86020621378198,-116.853187
ALTA2G_7_B1,GEN,CA,34.859848,-116.863239
ALTA30ST_7_B1,GEN,CA,34.87,-116.84
ALTA31GT_7_B1,GEN,CA,34.87,-116.88
ALTA32GT_7_B1,GEN,CA,34.86059999998754,-116.85384494143638
ALTA40ST_7_B1,GEN,CA,34.87,-116.86
ALTA41GT_7_B1,GEN,CA,34.87,-116.85
ALTA42GT_7_B1,GEN,CA,34.86059999998754,-116.85395505856361
ALTA6B2_7_N003,GEN,CA,35.034468999987546,-118.28400189198645
ALTA6E2_7_N002,GEN,CA,35.034468999987546,-118.28411210801355
ALTAD1_7_N006,GEN,CA,35.038348999987576,-118.29271189112849
ALTAD2_7_N006,GEN,CA,35.038348999987576,-118.2928221088715
ALTAVSTA_LNODELD2,LOAD,SRP,33.54841199995336,-112.10892873356391
ALTAVSTA_LNODELD3,LOAD,SRP,33.548501787217006,-112.108821
ALTA_LNODE-3,LOAD,NV,36.16685253162196,-115.19193609765058
ALTA_LNODE-4,LOAD,NV,36.1666734682757,-115.19193609790393
ALTA_LNODE-5,LOAD,NV,36.1666734682757,-115.19215790209606
ALTA_LNODE-6,LOAD,NV,36.16685253162196,-115.19215790234942
ALTO_6_N001,LOAD,CA,37.89825299998615,-122.52430271885964
ALTO_6_N101,LOAD,CA,37.89825299998615,-122.52441728114036
ALTTA_BP_LNODEPRT,LOAD,BPAT,41.51205899998436,-120.5236838478691
ALTTA_BP_LNODETON,LOAD,BPAT,41.51205899998436,-120.5238041521309
ALTWD1_7_N003,GEN,CA,33.90769999998812,-116.57964571595434
ALTWD1_7_N004,GEN,CA,33.90769999998812,-116.57975428404565
ALVEY_BP_LNODEBUS,LOAD,BPAT,43.99796699998286,-123.0153931412266
ALVEY_BP_LNODESER,LOAD,BPAT,43.99796699998286,-123.0155188587734
AL_LNODER1A,LOAD,APS,33.348757999988464,-112.8326023428582
AL_LNODER3A,LOAD,APS,33.348757999988464,-112.8327096571418
AMD_LNODE_20,LOAD,EPE,32.39291111111111,-106.28947222222222
AMERIGAS_1_N001,LOAD,CA,38.43,-121.79
AMERI_SR_LNODELD1,LOAD,SRP,33.36007763979444,-111.81994633179212
AMERI_SR_LNODELD2,LOAD,SRP,33.35999999995379,-111.81989266368002
AMESBS_1_N004,LOAD,CA,37.41751022008469,-122.066192
AMESBS_1_N101,LOAD,CA,37.41742888994297,-122.06613287861066
AMESDST_1_N001,LOAD,CA,37.41742888994297,-122.06625112138934
AME_LNODEXF1,LOAD,PSE,47.648889,-121.972222
AMFORST_6_N001,LOAD,CA,38.369191999986,-120.79657754861613
AMOS_LNODELD2,LOAD,SRP,33.218202,-111.52797
AMR_LNODE_10,LOAD,EPE,31.68273477987215,-106.30565555555555
AMR_LNODE_11,LOAD,EPE,31.682653443385156,-106.30560037190999
AMR_LNODE_12,LOAD,EPE,31.682653443385156,-106.30571073920112
AMSTRDAM_LNODEOAD,LOAD,NWMT,45.743765,-111.30037
AMTY_LNODEBR1,LOAD,PGE,45.113019999982384,-123.23791245083008
AMTY_LNODEBR2,LOAD,PGE,45.113019999982384,-123.23803954916993
ANACOND_LNODEK3H,LOAD,NWMT,46.13366499998172,-112.94802020520667
ANACOND_LNODEK4H,LOAD,NWMT,46.13366499998172,-112.94814979479332
ANACO_BP_LNODE303,LOAD,BPAT,46.099664,-112.875838
ANAMOLY_LNODE34,LOAD,NV,38.32398,-117.335718
ANA_LNODEXF1,LOAD,PSE,48.510556,-122.611389
ANDERSON_6_N001,LOAD,CA,40.449838,-122.305068
ANDER_SR_LNODELD2,LOAD,SRP,33.411875999988425,-111.85850427966164
ANDER_SR_LNODELD3,LOAD,SRP,33.411875999988425,-111.85861172033835
ANDREWS_LNODE-1,LOAD,NV,36.24091399998714,-115.0852104900783
ANDREWS_LNODE-2,LOAD,NV,36.24091399998714,-115.0853215099217
ANGIOLA_6_N001,LOAD,CA,35.992007,-119.57137
ANGUS_LNODEMR3,LOAD,BPAT,46.211167921431034,-119.17164
ANGUS_LNODEUD1,LOAD,BPAT,46.21108703926462,-119.17157251865157
ANGUS_LNODEUD2,LOAD,BPAT,46.21108703926462,-119.17170748134842
ANITA_6_N001,LOAD,CA,39.811047,-121.919761
ANNAPOLS_6_N001,LOAD,CA,38.680315,-123.311782
ANP_LNODE502,LOAD,PSE,48.438056,-122.371667
ANRN_GNODE115,GEN,IPCO,43.356998,-115.452555
ANTELOPE_6_N001,LOAD,CA,35.658117,-119.996015
ANTHEM_LNODE-1,LOAD,NV,35.982083729740424,-115.084224
ANTHEM_LNODE-2,LOAD,NV,35.98200313511603,-115.08416649724509
ANTHEM_LNODE-3,LOAD,NV,35.98200313511603,-115.0842815027549
ANTIMONY_LNODEOAD,LOAD,NWMT,47.543185,-115.593458
ANTLER_6_N001,LOAD,CA,40.893581,-122.379244
ANTLO_BP_LNODE69,LOAD,BPAT,44.908372,-120.716538
ANT_LNODETMT,LOAD,EPE,32.024202777777774,-106.60188055555555
ANT_LNODE_20,LOAD,EPE,32.024202777733294,-106.60177423568491
ANT_LNODE_21,LOAD,EPE,32.02411263722151,-106.60188055555555
ANT_LNODE_22,LOAD,EPE,32.024202777733294,-106.60198687542618
ANT_LNODE_23,LOAD,EPE,32.02429291833446,-106.60188055555555
AN_LNODE18A,LOAD,APS,34.629939432164605,-112.44030109738816
AN_LNODE22A,LOAD,APS,34.62975856773674,-112.44030109762775
AN_LNODE25A,LOAD,APS,34.62975856773674,-112.44052090237224
AN_LNODE26A,LOAD,APS,34.629939432164605,-112.44052090261184
APACHE_1_GT3IDGNODE,GEN,WALC,32.061656,-109.892824
APACHE_1_ST1IDGNODE,GEN,WALC,32.06165599995558,-109.89271767470426
APACHE_2_GT4IDGNODE,GEN,WALC,32.061565891674974,-109.89271767480899
APACHE_2_GT5IDGNODE,GEN,WALC,33.775038985782324,-113.65521874334144
APACHE_2_GT6IDGNODE,GEN,WALC,33.77485901412326,-113.65521874356887
APACHE_2_ST2IDGNODE,GEN,WALC,32.06150217553896,-109.89279285809425
APACHE_2_ST3IDGNODE,GEN,WALC,32.061486938032935,-109.8928976519641
APACHE_6_GT1IDGNODE,GEN,WALC,32.061518147179825,-109.89299739606454
APACHE_6_GT2IDGNODE,GEN,WALC,32.0615838648568,-109.89307014096903
APACHE_6_PV1IDGNODE,GEN,WALC,32.061669024995396,-109.8931048901573
APACHE_LNODELD1,LOAD,SRP,33.41378199998842,-111.68500727770441
APACHE_LNODELD2,LOAD,SRP,33.41378199998842,-111.68511472229558
APEX_GNODE1,GEN,LADWP,36.416,-114.960916
APEX_GNODE1A,GEN,LADWP,36.415999999948305,-114.96080465404943
APEX_GNODE1B,GEN,LADWP,36.415910396790096,-114.960916
APEX_LNODEPEX1A,LOAD,LADWP,36.415999999948305,-114.96102734595057
APEX_LNODEPEX1B,LOAD,LADWP,36.41608960320988,-114.960916
APEX_SL_1_ APXSGNODE,GEN,NWMT,47.58163,-111.06085
APPLEHL_1_N001,LOAD,CA,38.73992576174639,-120.67700091995808
APPLEHL_1_N002,LOAD,CA,38.73974623814083,-120.67700092024737
APPLEHL_1_N004,GEN,CA,38.73974623814083,-120.67723107975263
APPLEWAY_1_1LNODE,LOAD,AVA,47.70419999998051,-116.79603300915231
APPLEWAY_1_2LNODE,LOAD,AVA,47.70419999998051,-116.7961669908477
APPMAT_1_N001,LOAD,CA,37.359999999986435,-121.97994317305394
APPMAT_1_N010,LOAD,CA,37.359999999986435,-121.98005682694607
APR_LNODE110,LOAD,PSE,47.153611,-122.273611
APTORVC_6_N002,GEN,CA,39.480833,-121.562222
APX SOLR_GNODEIT,GEN,NV,36.359161,-114.911174
AQ_LNODEVX3,LOAD,APS,33.683704999988215,-112.03579497869823
AQ_LNODEX11,LOAD,APS,33.683704999988215,-112.03590302130176
ARBUCKLE_6_N001,LOAD,CA,39.017625,-122.061575
ARBWIND_6_N001,GEN,CA,35.12178,-118.388974
ARCAD_SR_LNODELD2,LOAD,SRP,33.48393371387868,-111.93968120389253
ARCAD_SR_LNODELD3,LOAD,SRP,33.483855999953555,-111.9396274078816
ARCATA_6_N001,LOAD,CA,40.867132,-124.088286
ARCO1G_7_B1,GEN,CA,33.821111,-118.241667
ARCPSE_LNODEXF8,LOAD,PSE,48.88694399997989,-122.72659889582596
ARCPSE_LNODEXF9,LOAD,PSE,48.88694399997989,-122.72673510417404
ARC_LNODER2A,LOAD,APS,32.807647999988724,-111.53170072239043
ARC_LNODER4A,LOAD,APS,32.807647999988724,-111.53180727760957
ARDENN_LNODE-4,LOAD,NV,36.00803799998727,-115.21270565351396
ARDENN_LNODE-5,LOAD,NV,36.00803799998727,-115.21281634648604
ARDEN_1_ARDENLNODE,LOAD,AVA,48.4584,-117.8817
ARD_LNODEXF1,LOAD,PSE,47.63083332998052,-122.13521085956322
ARD_LNODEXF4,LOAD,PSE,47.63083332998052,-122.13534474043679
ARHP_GNODERHP,GEN,IPCO,43.593889,-115.923631
ARIEL_LNODEMR,LOAD,BPAT,45.95306,-122.56611
ARIZO_SR_LNODELD2,LOAD,SRP,33.49,-111.95
ARIZO_SR_LNODELD3,LOAD,SRP,33.489999999953525,-111.949892394632
ARLT_LNODEBR2,LOAD,PGE,45.113019999982384,-122.60728245083007
ARLT_LNODEBR3,LOAD,PGE,45.113019999982384,-122.60740954916993
ARMEL_CK_LNODEOAD,LOAD,NWMT,45.861615,-106.656414
ARMINGTN_LNODEOAD,LOAD,NWMT,47.347451,-110.892968
ARMSTRNG_1_XF1LNODE,LOAD,AVA,46.76548688172083,-117.2233103731094
ARMS_LNODEONG,LOAD,PGE,45.847824,-122.820679
ARN_LNODEXF3,LOAD,PSE,48.888108999979906,-122.72870989393758
ARN_LNODEXF4,LOAD,PSE,48.888108999979906,-122.72884610606242
ARRIBAT_1_LASVEGASPVGNODE,GEN,PNM,35.643336,-105.208497
ARRIBA_1_SANMIGUEL1PVGNODE,GEN,PNM,35.64111799998742,-105.18087479471203
ARRIBA_1_SANMIGUEL2PVGNODE,GEN,PNM,35.64111799998742,-105.18098520528798
ARRIBA_LNODERIBA,LOAD,PNM,35.643443,-105.181132
ARROW_CR_LNODEOAD,LOAD,NWMT,47.424861,-110.156
ARROYO_1_ARROYOBATTERYGNODE,GEN,PNM,34.65067831389528,-104.01434503683612
ARROYO_1_ARROYOSOLARGNODE,GEN,PNM,34.65059999995065,-104.0142900737761
ARR_LNODE_20,LOAD,EPE,32.33292875427228,-106.71142420022161
ARR_LNODE_21,LOAD,EPE,32.33274902341655,-106.71142420043279
ARR_LNODE_22,LOAD,EPE,32.33274902341655,-106.71163691067832
ARR_LNODE_23,LOAD,EPE,32.33292875427228,-106.7116369108895
ARS_LNODEXF5,LOAD,PSE,48.88472199997991,-122.72882089942254
ARS_LNODEXF6,LOAD,PSE,48.88472199997991,-122.72895710057746
ARTESIAN_LNODE-2,LOAD,NV,36.17454971935886,-115.115167
ARTESIAN_LNODE-3,LOAD,NV,36.17446914030672,-115.11510936746707
ARTESIAN_LNODE-4,LOAD,NV,36.17446914030672,-115.11522463253293
ARVINED_1_N001,LOAD,CA,35.15044599998752,-118.87870286987292
ARVIN_6_N001,LOAD,CA,35.15044599998752,-118.87881313012709
AR_LNODE10A,LOAD,APS,32.668036,-114.496067
AR_LNODE12A,LOAD,APS,32.668035999954824,-114.49596054012623
AR_LNODER1A,LOAD,APS,32.66794638079682,-114.496067
AR_LNODER2A,LOAD,APS,32.668035999954824,-114.49617345987376
AR_LNODER4A,LOAD,APS,32.66812561920335,-114.496067
ASARCO_LNODELD0,LOAD,SRP,33.00169253049087,-110.77390624502696
ASARCO_LNODELD1,LOAD,SRP,33.00151346941833,-110.77390624524364
ASARCO_LNODELD2,LOAD,SRP,33.00151346941833,-110.77411975475636
ASARCO_LNODELD3,LOAD,SRP,33.00169253049087,-110.77411975497303
ASC_LNODEC_1,LOAD,EPE,31.759522222222223,-106.39498611111112
ASC_LNODEC_2,LOAD,EPE,31.75952222217844,-106.39487986900826
ASC_LNODEC_3,LOAD,EPE,31.759431888261894,-106.39487986911196
ASC_LNODEC_4,LOAD,EPE,31.759368012577763,-106.39495499357149
ASC_LNODE_10,LOAD,EPE,31.759352736916757,-106.39505970544842
ASC_LNODE_11,LOAD,EPE,31.75938402421337,-106.3951593715065
ASC_LNODE_13,LOAD,EPE,31.759449906451277,-106.39523205949203
ASC_LNODE_14,LOAD,EPE,31.7595352798356,-106.39526678148908
ASC_LNODE_SS,LOAD,EPE,31.75962547883892,-106.3952609771756
ASHE_5_G01GNODE,GEN,BPAT,46.479542,-119.335977
ASHE_BP_LNODESSS,LOAD,BPAT,46.479541999925374,-119.33584614360434
ASHE_BP_LNODEUX1,LOAD,BPAT,46.479463962878185,-119.335911571896
ASHE_BP_LNODEUX2,LOAD,BPAT,46.479463962878185,-119.336042428104
ASHE_BP_LNODEUX3,LOAD,BPAT,46.479541999925374,-119.33610785639566
ASHE_LNODETRB,LOAD,BPAT,46.479620037084466,-119.33604242829166
ASHE_LNODETRS,LOAD,BPAT,46.479620037084466,-119.33591157170834
ASHLAN_2_N001,LOAD,CA,36.79263892472445,-119.82749
ASHLAN_2_N007,LOAD,CA,36.7925580376235,-119.82743168375806
ASHLAN_2_N008,LOAD,CA,36.7925580376235,-119.82754831624194
ASH_6_N001,LOAD,CA,33.1365697302963,-117.070292
ASH_6_N005,LOAD,CA,33.13648913483958,-117.0702364310647
ASH_6_N101,LOAD,CA,33.13648913483958,-117.07034756893529
ASH_GROV_LNODEOAD,LOAD,NWMT,46.543053,-111.923081
ASIMI_LNODELD1,LOAD,NWMT,45.97249268032939,-112.68637296412632
ASIMI_LNODELD2,LOAD,NWMT,45.97231331952543,-112.6863729645442
ASIMI_LNODELD3,LOAD,NWMT,45.97231331952543,-112.68663103545579
ASIMI_LNODELD4,LOAD,NWMT,45.97249268032939,-112.68663103587367
ASPENAIR_LNODEOAD,LOAD,NWMT,45.803107,-108.446028
ASPEN_LNODESPEN,LOAD,PNM,37.69337956,-122.069288
AST_LNODEXF1,LOAD,BPAT,45.61061,-122.492083
AS_7_AVAL_SOLAR_IGNODE,GEN,TEPC,31.99714211998919,-110.96828424232535
AS_7_AVAL_SOLAR_IIGNODE,GEN,TEPC,31.99714211998919,-110.96839055767465
AS_LNODER2A,LOAD,APS,35.219803999987505,-112.48270985937616
AS_LNODER6A,LOAD,APS,35.219803999987505,-112.48282014062384
ATASCDRO_6_N001,LOAD,CA,35.465309,-120.671582
ATHOL_1_KOOTENAILNODE,LOAD,AVA,47.9517813097738,-116.69933689079333
ATHOL_1_NLIGHTSLNODE,LOAD,AVA,47.9517813097738,-116.69947118569887
ATLAS_BKLNODE,LOAD,TPWR,47.23113,-122.45349
ATRISCO_1_ATRISCOBATTERYGNODE,GEN,PNM,34.828829,-105.001307
ATRISCO_1_ATRISCOSOLARGNODE,GEN,PNM,34.828828999950424,-105.0011969062847
ATWATER_1_B2,LOAD,CA,37.35999599998639,-120.6146481730584
ATWATER_1_N001,LOAD,CA,37.35999599998639,-120.6147618269416
ATWELL_1_N001,GEN,CA,35.895076,-119.510968
ATW_SUB_LNODEONB,LOAD,LADWP,34.1096541600031,-118.254
ATW_SUB_LNODEONC,LOAD,LADWP,34.10957291998536,-118.25394335044959
ATW_SUB_LNODEOND,LOAD,LADWP,34.10957291998536,-118.2540566495504
AT_LNODE11A,LOAD,APS,33.591145,-111.839045
AT_LNODE13A,LOAD,APS,33.59114499995326,-111.8389371703874
AT_LNODE16A,LOAD,APS,33.591067211165246,-111.83899108524231
AT_LNODE17A,LOAD,APS,33.591067211165246,-111.83909891475768
AT_LNODER3A,LOAD,APS,33.59114499995326,-111.8391528296126
AT_LNODER4A,LOAD,APS,33.59122278881141,-111.83909891485492
AT_LNODER7A,LOAD,APS,33.59122278881141,-111.83899108514508
AUBERRY_6_N001,LOAD,CA,37.06806099998665,-119.495719527536
AUBERRY_6_N003,LOAD,CA,37.06806099998665,-119.495832472464
AUBURN_6_N001,LOAD,CA,38.903397,-121.069921
AUGUSTA_LNODEOAD,LOAD,NWMT,47.581295,-112.32846
AUGUST_LNODEDR1,LOAD,TIDC,37.4182520696912,-120.831252690486
AUGUST_LNODEDR3,LOAD,TIDC,37.4182452743243,-120.831131410372
AUGUST_LNODEDR4,LOAD,TIDC,37.4182458785436,-120.830989786937
AUGUST_LNODEDR5,LOAD,TIDC,37.4182557186304,-120.831363604619
AUSTIN_LNODE2001,LOAD,NV,33.303178,-111.910617
AUSTIN_LNODELD2,LOAD,SRP,33.303198999988474,-111.91057538638817
AUSTIN_LNODELD3,LOAD,SRP,33.303198999988474,-111.91068261361183
AUS_LNODES_1,LOAD,EPE,31.783183333333334,-106.42010833333333
AUS_LNODES_2,LOAD,EPE,31.78318333328903,-106.42000208053949
AUS_LNODES_3,LOAD,EPE,31.783093013386456,-106.42000208064327
AUS_LNODES_4,LOAD,EPE,31.78302914761106,-106.42007721266242
AUS_LNODE_10,LOAD,EPE,31.783013874319234,-106.42018193507622
AUS_LNODE_11,LOAD,EPE,31.783045156762896,-106.42028161116345
AUS_LNODE_12,LOAD,EPE,31.78311102878038,-106.42035430646351
AUS_LNODE_13,LOAD,EPE,31.783196388920782,-106.42038903195477
AUS_LNODE_14,LOAD,EPE,31.783286573931903,-106.42038322705741
AUS_LNODE_15,LOAD,EPE,31.783369189690983,-106.42034028705662
AUS_LNODE_16,LOAD,EPE,31.783434913550174,-106.42026740615213
AUS_LNODE_17,LOAD,EPE,31.783477673652268,-106.42017381504255
AUS_LNODE_18,LOAD,EPE,31.783494456500527,-106.42006941233849
AVENAL_6_GN001,GEN,CA,35.977778,-120.116944
AVENAL_6_GN002,GEN,CA,35.978055999987326,-120.1168886700662
AVENAL_6_GN003,GEN,CA,35.978055999987326,-120.11699932993379
AVENA_1_N001,LOAD,CA,37.842208,-121.054122
AVERA_LNODE-1,LOAD,NV,36.0859379999873,-115.28239060577774
AVERA_LNODE-2,LOAD,NV,36.0859379999873,-115.28250139422225
AVILA_LNODEVILA,LOAD,PNM,35.2917,-106.556
AVOCADO_6_N001,LOAD,CA,33.38466699998843,-117.23692330729693
AVOCADO_6_N002,LOAD,CA,33.38466699998843,-117.23703069270306
AVONDALE_1_1LNODE,LOAD,AVA,47.7831,-116.7875
AVO_LNODEXF1,LOAD,PSE,47.706944,-122.091389
AVRA_LNODET101,LOAD,WALC,32.31972699998857,-111.30328982327444
AVSOLAR_7_N008,GEN,CA,34.789501,-118.431381
AVY_LNODEFAB1AEQL,LOAD,APS,33.828456,-111.947776
AVY_LNODEFAB1BEQL,LOAD,APS,34.51240099995092,-110.1311802491303
AVY_LNODEFAB2AEQL,LOAD,APS,33.82845599995262,-111.94766761747803
AVY_LNODEFAB2BEQL,LOAD,APS,34.51231056484171,-110.13118024924941
AVY_LNODEGAS1AEQL,LOAD,APS,33.82836596571568,-111.94766761759217
AVY_LNODEGAS1BEQL,LOAD,APS,34.51224661760753,-110.13125785477406
AWT_LNODE-1,LOAD,NV,36.111609,-115.021792
AW_LNODE10A,LOAD,APS,33.66769,-112.227447
AW_LNODE12A,LOAD,APS,33.667689999953026,-112.22733899463277
AW_LNODE13A,LOAD,APS,33.667600110663585,-112.22733899474564
AW_LNODER1A,LOAD,APS,33.66753654938031,-112.22741536601677
AW_LNODER2A,LOAD,APS,33.667521348905055,-112.22752181574803
AW_LNODER4A,LOAD,APS,33.66755248219818,-112.22762313592118
AW_LNODER5A,LOAD,APS,33.66761804015309,-112.22769703028949
AW_LNODER9A,LOAD,APS,33.6677029933218,-112.22773232857249
AXFOR_BP_LNODEFMR,LOAD,BPAT,45.8032,-122.5275
AY_7_AVRA_VALLEYGNODE,GEN,TEPC,32.401147,-111.126306
AY_LNODE13A,LOAD,APS,33.595912,-112.153228
AY_LNODER1A,LOAD,APS,33.59591199995322,-112.1531201595699
AY_LNODER2A,LOAD,APS,33.59582217315744,-112.153228
AY_LNODER4A,LOAD,APS,33.59591199995322,-112.1533358404301
AY_LNODER6A,LOAD,APS,33.596001826842574,-112.153228
AZ_LNODE10A,LOAD,APS,32.825248999988695,-113.45471071500126
AZ_LNODE12A,LOAD,APS,32.825248999988695,-113.45481728499874
BADGERCK_7_N001,GEN,CA,35.496111,-119.008889
BADM_GNODEADM,GEN,IPCO,43.560926,-116.121325
BAFCOG12_7_B1,GEN,CA,36.224444,-121.124722
BAFOOD1_6_N001,LOAD,CA,36.33,-121.16
BAHIA_2_N001,LOAD,CA,38.08095331088854,-122.13739126700075
BAHIA_2_N011,LOAD,CA,38.08077268899996,-122.13739126728416
BAILYJ1_1_N010,LOAD,CA,34.77604,-118.77504
BAIR_1_N001,LOAD,CA,37.496937,-122.214157
BAKER_1_N001,LOAD,CA,35.284771,-116.064256
BAKRC_BP_LNODEKER,LOAD,BPAT,46.15045389006966,-122.9174
BAKRS_BP_LNODEXF1,LOAD,BPAT,46.150373054945376,-122.9173326323319
BAKRS_BP_LNODEXF2,LOAD,BPAT,46.150373054945376,-122.9174673676681
BAK_LNODEXF2,LOAD,PSE,48.788611,-122.464722
BALBOA_LNODE-1,LOAD,NV,36.038482722577456,-114.959518
BALBOA_LNODE-2,LOAD,NV,36.03840213869751,-114.95946046376211
BALBOA_LNODE-3,LOAD,NV,36.03840213869751,-114.95957553623788
BALCH1_7_B2,GEN,CA,36.71984988713081,-119.766937
BALFOUR_6_N001,LOAD,CA,37.92596,-121.678546
BAL_LNODEXF1,LOAD,PSE,47.268056,-121.756944
BANACK_R_LNODEOAD,LOAD,NWMT,45.177256,-113.015712
BANDON_LNODEACW,LOAD,BPAT,43.106645999983456,-124.39670943036042
BANDON_LNODEITY,LOAD,BPAT,43.106645999983456,-124.39683256963957
BANGOR_6_N001,LOAD,CA,39.388064,-121.402937
BANGO_BP_LNODE2KV,LOAD,BPAT,47.711182094987265,-122.693554
BANGO_BP_LNODEUB2,LOAD,BPAT,47.71110095248528,-122.69348437631493
BANGO_BP_LNODEUB6,LOAD,BPAT,47.71110095248528,-122.69362362368507
BANGS_LNODEKGC,LOAD,BANC,37.70469,-121.0418
BANNING_1_N001,LOAD,CA,33.922289,-116.87283
BANTA_6_N001,LOAD,CA,37.7528989999862,-121.35057581075783
BARBERNW_LNODEOAD,LOAD,NWMT,46.315191,-109.384079
BARCELON_LNODELD2,LOAD,SRP,33.535586,-112.157146
BARCELON_LNODELD3,LOAD,SRP,33.535594,-112.157188
BARCKML_LNODE53,LOAD,NV,40.974748,-116.351597
BARGE_PM_LNODEOAD,LOAD,NWMT,46.038126,-112.483379
BARKERRD_1_1LNODE,LOAD,AVA,47.6863,-117.1511
BARPKGEN_7_B1,GEN,CA,33.807265,-117.98445
BARRETTS_LNODEOAD,LOAD,NWMT,45.145006,-112.724278
BARRETT_6_N001,LOAD,CA,32.667194,-116.700208
BARRET_R_LNODEOAD,LOAD,NWMT,45.181065,-112.744068
BARRE_2_N043,GEN,CA,33.80918301670945,-117.9833296629365
BARRE_6_N001,LOAD,CA,33.80900298319592,-117.98332966316445
BARRE_6_N002,LOAD,CA,33.80900298319592,-117.98354633683554
BARRE_6_N003,LOAD,CA,33.80918301670945,-117.9835463370635
BARRY_6_N001,LOAD,CA,39.069323,-121.690208
BARTL_SR_LNODELD2,LOAD,SRP,33.381519,-111.996235
BARTON_1_N001,LOAD,CA,36.76408490976673,-119.735935
BARTON_1_N007,LOAD,CA,36.76400404510246,-119.73587672164825
BARTON_1_N008,LOAD,CA,36.76400404510246,-119.73599327835174
BAR_LNODEXF1,LOAD,PSE,47.00114999998092,-122.91552970563923
BAR_LNODEXF2,LOAD,PSE,47.00114999998092,-122.91566229436077
BASALT_6_N002,LOAD,CA,38.26328599998595,-122.26916657483297
BASALT_6_N101,LOAD,CA,38.26328599998595,-122.26928142516702
BASELIN_LNODREA,LOAD,NWMT,45.78497,-108.715555
BASEL_SR_LNODELD3,LOAD,SRP,33.365527999988444,-111.6913993263832
BASEL_SR_LNODELD4,LOAD,SRP,33.365527999988444,-111.69150667361679
BASIN_LNODEOAD,LOAD,NWMT,46.271628,-112.251144
BASN_LNODEOT1,LOAD,PGE,45.55409999998218,-122.69713607126546
BASN_LNODEOT2,LOAD,PGE,45.55409999998218,-122.69726392873454
BASSH_SR_LNODELD1,LOAD,SRP,33.48127699998833,-111.7093502067145
BASSH_SR_LNODELD2,LOAD,SRP,33.48127699998833,-111.7094577932855
BAS_LNODEFC1,LOAD,PSE,47.420332215699936,-122.255833
BAS_LNODEFC2,LOAD,PSE,47.420250892129076,-122.25576360733083
BAS_LNODEXF1,LOAD,PSE,47.420250892129076,-122.25590239266917
BATAVIA_6_N001,LOAD,CA,38.385820999985995,-121.77570654480984
BATIQTOS_1_N001,LOAD,CA,33.1011727252775,-117.250399
BATIQTOS_1_N008,LOAD,CA,33.101092137348985,-117.25034345864424
BATIQTOS_1_N015,LOAD,CA,33.101092137348985,-117.25045454135577
BATLEMT_LNODE11,LOAD,NV,40.648296291906746,-116.9449774237209
BATLEMT_LNODE12,LOAD,NV,40.64821799993877,-116.94491784758159
BATLEMT_LNODE21,LOAD,NV,40.648139708062644,-116.94497742386069
BATLEMT_LNODE26,LOAD,NV,40.648139708062644,-116.9450965761393
BATLEMT_LNODE55,LOAD,NV,40.64821799993877,-116.9451561524184
BATLEMT_LNODE67,LOAD,NV,40.648296291906746,-116.9450965762791
BATLG_BP_LNODEGRD,LOAD,BPAT,45.7944,-122.5997
BAXTER_LNODEEND,LOAD,BPAT,46.412909,-119.196471
BAX_LNODEEQL,LOAD,APS,34.57798701,-113.19717
BAYMDWS_1_N001,LOAD,CA,37.55162541726735,-122.29307795256243
BAYMDWS_1_N004,LOAD,CA,37.551444582623034,-122.29307795283914
BAYMDWS_1_N008,LOAD,CA,37.551444582623034,-122.29330604716085
BAYMDWS_1_N012,LOAD,CA,37.55162541726735,-122.29330604743757
BAYSHOR1_1_N001,LOAD,CA,37.74603599998622,-122.40302381566526
BAYSHOR2_1_N001,LOAD,CA,37.74603599998622,-122.40313818433472
BAYWOOD_6_N001,LOAD,CA,35.360177,-120.811564
BAZZA_LNODE66,LOAD,NV,40.98212,-116.399284
BBWF_GNODEBWF,GEN,IPCO,42.500507,-113.917763
BB_LNODE10A,LOAD,APS,33.059968999988634,-111.31844658443096
BB_LNODE14A,LOAD,APS,33.059968999988634,-111.31855341556904
BCHA_5_PWXAPR-APND,GEN,BCHA,49.0,-120.183
BCHA_5_PWXNPR1-APND,GEN,BCHA,49.0,-120.188
BCHA_5_PWXNPR2-APND,GEN,BCHA,49.0,-120.187
BCHA_5_PWXNPR4-APND,GEN,BCHA,49.0,-120.185
BCHA_5_PWXNPR5-APND,GEN,BCHA,49.0,-120.184
BCHA_5_PWXNPR6-APND,GEN,BCHA,49.0,-120.182
BCHA_5_PWXNPR7-APND,GEN,BCHA,49.0,-120.181
BCHA_5_PWXNPR8-APND,GEN,BCHA,49.0,-120.18
BCH_LNODEXF1,LOAD,PSE,48.907011,-122.719094
BCKSCRK_7_B2,GEN,CA,39.91061999998525,-121.32763342860044
BCKSCRK_7_B3,GEN,CA,39.91061999998525,-121.32775057139956
BCKSCRK_7_N002,GEN,CA,40.07531,-121.16143
BCN_PP_GNODE13,GEN,LADWP,35.25649999994998,-118.02740870870198
BCN_PP_GNODE14,GEN,LADWP,35.256409938714704,-118.02740870882452
BCN_PP_GNODE25,GEN,LADWP,35.256346255850296,-118.02748669648798
BCN_PP_GNODE26,GEN,LADWP,35.256331026297495,-118.02759539921192
BCN_PP_GNODE37,GEN,LADWP,35.256362219137785,-118.02769886381517
BCN_PP_GNODE38,GEN,LADWP,35.25642790248788,-118.02777432216055
BCN_PP_GNODE4A,GEN,LADWP,35.25651301815539,-118.0278103675471
BCN_PP_GNODE4B,GEN,LADWP,35.256602944886815,-118.02780434205276
BCN_PP_GNODE51,GEN,LADWP,35.256685324053805,-118.02775976999177
BCN_PP_GNODE52,GEN,LADWP,35.25675085970186,-118.02768411899217
BCN_PP_GNODEB,GEN,LADWP,35.25679349735428,-118.02758697059737
BCN_PP_GNODEC,GEN,LADWP,35.25681023213946,-118.0274785996597
BCN_PP_LNODESS1,LOAD,LADWP,35.25680070871138,-118.02736892630813
BCN_PP_LNODESS2,LOAD,LADWP,35.256766720360744,-118.02726679027704
BCRK1-1_7_B1,GEN,CA,37.20429023212008,-119.23948671197283
BCRK1-1_7_B3,GEN,CA,37.20410976777209,-119.23948671224372
BCRK1-2_1_N003,GEN,CA,37.20211413832903,-119.240844
BCRK1-2_1_N004,GEN,CA,37.20203293082091,-119.24078513663534
BCRK1-2_7_B1,GEN,CA,37.20410976777209,-119.23971328775627
BCRK1-2_7_B3,GEN,CA,37.20429023212008,-119.23971328802716
BCRK2-1_7_B1,GEN,CA,37.20006199998648,-119.3067533611352
BCRK2-1_7_B3,GEN,CA,37.20006199998648,-119.3068666388648
BCRK2-2_7_B1,GEN,CA,37.20009022892537,-119.30678672228738
BCRK2-2_7_B3,GEN,CA,37.19990977096677,-119.30678672255819
BCRK2-3_7_B1,GEN,CA,37.19990977096677,-119.30701327744181
BCRK2-3_7_B3,GEN,CA,37.20009022892537,-119.30701327771261
BCRK3-1_7_B1,GEN,CA,37.148517,-119.386623
BCRK3-1_7_B3,GEN,CA,37.148516999946224,-119.38650985039031
BCRK3-2_7_B1,GEN,CA,37.14842681151724,-119.386623
BCRK3-2_7_B3,GEN,CA,37.148516999946224,-119.38673614960969
BCRK3-3_7_B1,GEN,CA,37.1486071884827,-119.386623
BCRK4_7_B1,GEN,CA,37.12999999998655,-119.4999434485229
BCRK4_7_B3,GEN,CA,37.12999999998655,-119.5000565514771
BCRK8_7_B1,GEN,CA,37.209599999986466,-119.32884334943829
BCRK8_7_B3,GEN,CA,37.209599999986466,-119.32895665056172
BCSR_GNODECSR,GEN,IPCO,43.444244,-116.333381
BCTWAPA_LNODEAPNV,LOAD,WALC,35.584544,-114.474579
BCW1_2_GNODE1,GEN,PGE,45.648783723153414,-120.6107
BCW1_2_GNODE2,GEN,PGE,45.64870313840384,-120.61063344505826
BCW1_2_GNODE3,GEN,PGE,45.64870313840384,-120.61076655494175
BCWF_GNODECWF,GEN,IPCO,43.0569,-115.4803
BC_LNODER1A,LOAD,APS,34.71884,-110.13527
BDI_LNODEXF1,LOAD,PSE,47.321944,-122.007222
BDLRKSP1_7_B1,GEN,CA,32.56753899998902,-116.94238779352185
BDLRKSP2_7_B1,GEN,CA,32.56753899998902,-116.94249420647814
BEACON_7_12F1LNODE,LOAD,AVA,47.67977810183373,-117.3447330255462
BEACON_7_12F2LNODE,LOAD,AVA,47.67969999992204,-117.34466605129292
BEACON_7_12F3LNODE,LOAD,AVA,47.679621898127245,-117.34473302574672
BEACON_7_12F4LNODE,LOAD,AVA,47.679621898127245,-117.34486697425328
BEACON_7_12F5LNODE,LOAD,AVA,47.67969999992204,-117.34493394870708
BEACON_7_12F6LNODE,LOAD,AVA,47.67977810183373,-117.3448669744538
BEARCRK_6_N010,GEN,CA,40.534454,-121.959109
BEARDSLY_7_B1,GEN,CA,38.198681999986036,-120.01524359323984
BEARTAP_1_N001,LOAD,CA,35.38,-119.0
BEAVE_BP_LNODESID,LOAD,BPAT,45.276305,-123.823763
BECKNER_LNODEKNER,LOAD,PNM,35.611902,-106.028451
BECK_RD_1_1LNODE,LOAD,AVA,47.70787,-117.02479
BEELI_SR_LNODELD1,LOAD,SRP,33.47352983706549,-111.909369
BEELI_SR_LNODELD2,LOAD,SRP,33.473449081454746,-111.90931310508728
BEELI_SR_LNODELD3,LOAD,SRP,33.473449081454746,-111.90942489491272
BEGL_SLR_1_BESLGNODE,GEN,NWMT,47.53181817646531,-111.281067
BELDEN_7_B1,GEN,CA,39.466564,-120.844348
BELEN_1_LALUZGNODE,GEN,PNM,34.616633,-106.815587
BELFA_BP_LNODEAC1,LOAD,BPAT,47.42080821555495,-122.84753
BELFA_BP_LNODEAC2,LOAD,BPAT,47.420726892201586,-122.84746060688899
BELFA_BP_LNODEUD3,LOAD,BPAT,47.420726892201586,-122.84759939311101
BELFRY_R_LNODEOAD,LOAD,NWMT,45.156895,-108.965184
BELGRADE_LNODEK1L,LOAD,NWMT,45.774506999981995,-111.1794897877824
BELGRADE_LNODEK2H,LOAD,NWMT,45.774506999981995,-111.17961821221759
BELLAGIO_LNODE-1,LOAD,NV,36.11071199998724,-115.17934358914192
BELLAGIO_LNODE-2,LOAD,NV,36.11071199998724,-115.17945441085807
BELLCRK_LNODE57,LOAD,NV,40.990637,-116.435239
BELLEF_7_CN10,LOAD,CA,39.776083,-122.10383
BELLEF_7_CN11,LOAD,CA,39.77608299994151,-122.10371323062876
BELLN_BP_LNODESS,LOAD,BPAT,48.797482,-122.422829
BELLPGE_1_N001,LOAD,CA,38.947418999985814,-121.0911283822858
BELLPGE_1_N005,LOAD,CA,38.947418999985814,-121.0912436177142
BELLROCK_LNODEK1L,LOAD,NWMT,45.78338799998196,-108.57599877503812
BELLROCK_LNODEK2L,LOAD,NWMT,45.78338799998196,-108.57612722496188
BELLVUE_1_N001,LOAD,CA,38.379084046922976,-122.712022
BELLVUE_1_N003,LOAD,CA,38.37900297652332,-122.711962292445
BELLVUE_1_N005,LOAD,CA,38.37900297652332,-122.712081707555
BELL_BPA_LNODE234,LOAD,BPAT,47.75093705012706,-117.37458497842192
BELL_BPA_LNODEISS,LOAD,BPAT,47.75085899992201,-117.37451795704487
BELL_BPA_LNODELD1,LOAD,BPAT,47.75078094983395,-117.37458497862295
BELL_BPA_LNODELD2,LOAD,BPAT,47.75078094983395,-117.37471902137705
BELL_BPA_LNODESS6,LOAD,BPAT,47.75085899992201,-117.37478604295512
BELL_BPA_LNODETSS,LOAD,BPAT,47.75093705012706,-117.37471902157807
BELMONT_1_N001,LOAD,CA,37.52332024549896,-122.264967
BELMONT_1_N006,LOAD,CA,37.52323887723573,-122.26490776711239
BELMONT_1_N008,LOAD,CA,37.52323887723573,-122.26502623288762
BELRIDGE_1_N001,LOAD,CA,35.455722,-119.631903
BELTWAY_LNODE-4,LOAD,NV,36.182309,-115.344281
BELT_LNODEOAD,LOAD,NWMT,47.388761,-110.95111
BELVIST_LNODE71,LOAD,NV,39.47634456827515,-119.76193796187847
BELVIST_LNODE82,LOAD,NV,39.47616543160948,-119.76193796217729
BELVIST_LNODE83,LOAD,NV,39.47616543160948,-119.76217003782271
BELVIST_LNODE84,LOAD,NV,39.47634456827515,-119.76217003812152
BEL_LNODEXF1,LOAD,PSE,47.317777999980656,-122.31243332421417
BEL_LNODEXF2,LOAD,PSE,47.317777999980656,-122.31256667578583
BEL_LPGE_LNODEWR1,LOAD,PGE,45.45615072329484,-122.596527
BEL_LPGE_LNODEWR2,LOAD,PGE,45.45607013833338,-122.59646067261339
BEL_LPGE_LNODEWR3,LOAD,PGE,45.45607013833338,-122.5965933273866
BENTC_BP_LNODEPUD,LOAD,BPAT,46.299542,-119.494302
BENTO_BP_LNODESS1,LOAD,BPAT,46.458018,-119.273084
BEOWAWE_GNODEIT,GEN,NV,40.555376,-116.617074
BERESFRD_6_N001,LOAD,CA,37.565013999986284,-122.31923796388803
BERESFRD_6_N002,LOAD,CA,37.565013999986284,-122.31935203611197
BERNARDO_6_N001,LOAD,CA,33.021575,-117.096228
BERNARDO_6_N002,LOAD,CA,33.021574999954524,-117.09612121988424
BERNARDO_6_N009,LOAD,CA,33.02148546856512,-117.096228
BERNARDO_6_N013,LOAD,CA,33.021574999954524,-117.09633478011577
BERNARDO_6_N014,LOAD,CA,33.0216645314348,-117.096228
BERNARDO_LNODEARDO,LOAD,PNM,33.02157451,-117.0962277
BERTL_BP_LNODE2KV,LOAD,BPAT,44.055878999982745,-123.16545508304357
BERTL_BP_LNODEXF2,LOAD,BPAT,44.055878999982745,-123.16558091695643
BERVLLY_6_N001,LOAD,CA,37.586478,-120.125088
BETHE_BP_LNODE2KV,LOAD,BPAT,44.07579073,-123.1449518
BETZE_LNODE66,LOAD,NV,40.964648,-116.373792
BE_LNODER1A,LOAD,APS,33.66054999998823,-112.37879400559507
BE_LNODER3A,LOAD,APS,33.66054999998823,-112.37890199440493
BFD_LNODE_10,LOAD,EPE,31.819305977365477,-106.40382186623788
BFD_LNODE_11,LOAD,EPE,31.819227777733605,-106.40376873256574
BFD_LNODE_12,LOAD,EPE,31.819149578168197,-106.40382186632787
BFD_LNODE_13,LOAD,EPE,31.819149578168197,-106.40392813367214
BFD_LNODE_14,LOAD,EPE,31.819227777733605,-106.40398126743426
BFD_LNODE_15,LOAD,EPE,31.819305977365477,-106.40392813376212
BFLO_JMP_LNODEOAD,LOAD,NWMT,45.425491,-109.80497
BFRY_LNODEWR1,LOAD,PGE,45.42458299998232,-122.70755520750731
BFRY_LNODEWR2,LOAD,PGE,45.42458299998232,-122.70768279249269
BF_LNODE10A,LOAD,APS,33.654434,-112.041205
BF_LNODE12A,LOAD,APS,33.654433999953106,-112.04109702534977
BF_LNODE13A,LOAD,APS,33.6543441223818,-112.04109702546253
BF_LNODE14A,LOAD,APS,33.65428056938463,-112.04117337501353
BF_LNODER1A,LOAD,APS,33.65426537089096,-112.04127979447033
BF_LNODER2A,LOAD,APS,33.654296500125476,-112.04138108582785
BF_LNODER4A,LOAD,APS,33.65436204953415,-112.04145495918037
BF_LNODER5A,LOAD,APS,33.65444699162821,-112.04149024742429
BGD_GNODEBAG,GEN,APS,34.56574099998771,-113.17539908830717
BGD_LNODER4A,LOAD,APS,34.56574099998771,-113.17550891169283
BGSKYGN3_7_N001,GEN,CA,34.734117,-118.306665
BGTIMB_C_LNODEK1L,LOAD,NWMT,45.836103,-109.957412
BGTMB_WD_1_BGTWGNODE,GEN,NWMT,45.85531,-109.6499
BG_LNODEMR1,LOAD,APS,32.664863,-112.859425
BHL_LNODEXF1,LOAD,PSE,47.649713,-122.651045
BHP_BP_LNODEFMR,LOAD,BPAT,46.0425,-122.8677
BHS_LNODEXF1,LOAD,PSE,48.946389,-122.488611
BICENTEN_LNODE-1,LOAD,NV,35.94031173718292,-115.118675
BICENTEN_LNODE-2,LOAD,NV,35.940231131394846,-115.11861751969148
BICENTEN_LNODEBK3,LOAD,NV,35.940231131394846,-115.11873248030851
BICKNELL_LNODENVLY,LOAD,WALC,31.922180134129214,-111.060599
BICKNELL_LNODET102,LOAD,WALC,31.922098932923287,-111.06054376518676
BICKNELL_LNODEXIDE,LOAD,WALC,31.922098932923287,-111.06065423481324
BIGBASN_6_N001,LOAD,CA,37.129545,-122.172132
BIGBEND_LNODE-1,LOAD,NV,35.15824099998752,-114.58160686861142
BIGBEND_LNODE-2,LOAD,NV,35.15824099998752,-114.58171713138857
BIGCREEK_1_XFMRSLNODE,LOAD,AVA,47.5245,-116.049
BIGCRK1_7_B2,GEN,CA,37.257045,-119.158936
BIGCRK1_7_N001,LOAD,CA,37.20203293082091,-119.24090286336467
BIGED_BP_LNODE2SS1,LOAD,BPAT,45.606691,-121.11599
BIGED_BP_LNODE2SS3,LOAD,BPAT,45.60669099992859,-121.11586201900238
BIGED_BP_LNODE3SS1,LOAD,BPAT,45.606601466995116,-121.11586201920665
BIGED_BP_LNODE3SS3,LOAD,BPAT,45.60653815771604,-121.11595251533579
BIGED_BP_LNODEDR1,LOAD,BPAT,45.606523017491654,-121.1160786528551
BIGED_BP_LNODEDR3,LOAD,BPAT,45.60655402730653,-121.11619871214536
BIGED_BP_LNODEDR5,LOAD,BPAT,45.60661932529765,-121.11628627334817
BIGED_BP_LNODEF2A,LOAD,BPAT,45.60670394163914,-121.11632810021857
BIGED_BP_LNODEFDR1,LOAD,BPAT,45.60679334086402,-121.11632110845073
BIGED_BP_LNODEFDR2,LOAD,BPAT,45.60687523683428,-121.11626938754051
BIGED_BP_LNODELFDR2,LOAD,BPAT,45.60694038810317,-121.11618160280338
BIGEL_BP_LNODEINL,LOAD,BPAT,47.732023,-117.260879
BIGMDWS_6_N001,LOAD,CA,40.171215,-121.085128
BIGRIVR_6_N001,LOAD,CA,39.311461,-123.786522
BIGSK230_2_N025,GEN,CA,34.685261,-118.304753
BIGSPIN_LNODELD2,LOAD,SRP,33.35376,-111.942444
BIGSPIN_LNODELD3,LOAD,SRP,33.35375999995387,-111.9423366759379
BIG_HOLE_LNODEOAD,LOAD,NWMT,45.764678,-112.78754
BIG_HORN_NODE01,GEN,AVRN,45.882574,-120.285805
BIG_HORN_NODE02,GEN,AVRN,45.938451,-120.283994
BIG_LNODEG_1,LOAD,EPE,31.864376377426733,-106.3393381612097
BIG_LNODEG_2,LOAD,EPE,31.864195844707396,-106.33933816141786
BIG_LNODEG_3,LOAD,EPE,31.864195844707396,-106.33955072747102
BIG_LNODEG_4,LOAD,EPE,31.864376377426733,-106.33955072767918
BIG_LNODEXF1,LOAD,PSE,48.432778,-122.263056
BINARY_LNODELD1,LOAD,SRP,33.411861,-111.969064
BIOLA_6_N001,LOAD,CA,36.792525,-120.114116
BIOMSJCT_6_GN001,GEN,CA,36.7575,-120.3658
BIXLER_6_N001,LOAD,CA,37.9370142319286,-121.528389
BJ_LNODE10A,LOAD,APS,32.49536899998869,-114.71704580567403
BJ_LNODE12A,LOAD,APS,32.49536899998869,-114.71715219432596
BKAT_LNODE1_L,LOAD,IPCO,43.60519499998304,-116.45311663797524
BKAT_LNODE2_L,LOAD,IPCO,43.60519499998304,-116.45324136202476
BKB_LNODEXF1,LOAD,PSE,48.406389,-122.326111
BKCL_GNODE011,GEN,IPCO,42.782781,-112.37212
BKFT_LNODE161,LOAD,IPCO,43.176464,-112.359772
BKRSFLD_2_N001,LOAD,CA,35.388298999987455,-119.0044078374034
BKRSFLD_2_N101,LOAD,CA,35.388298999987455,-119.0045181625966
BK_LNODER2A,LOAD,APS,33.436539820877414,-112.592578
BK_LNODER4A,LOAD,APS,33.436459089548784,-112.59252214572561
BK_LNODER5A,LOAD,APS,33.436459089548784,-112.5926338542744
BLACKMTN_1_CAPCHILDGNODE,GEN,WALC,32.169181,-111.090592
BLACK_BP_LNODEFMR,LOAD,BPAT,46.512794,-119.872457
BLAIR_FDR1LNODE,LOAD,TPWR,47.25150830795897,-122.38481339367964
BLAIR_FDR2LNODE,LOAD,TPWR,47.251429999922856,-122.38474678755625
BLAIR_FDR3LNODE,LOAD,TPWR,47.251351692002416,-122.38481339387661
BLAIR_FDR4LNODE,LOAD,TPWR,47.251351692002416,-122.38494660612339
BLAIR_FDR5LNODE,LOAD,TPWR,47.251429999922856,-122.38501321244375
BLAIR_FDR6LNODE,LOAD,TPWR,47.25150830795897,-122.38494660632036
BLAKE_BP_LNODEMAN,LOAD,BPAT,46.73575499998117,-122.98147811756138
BLAKE_BP_LNODEORT,LOAD,BPAT,46.73575499998117,-122.98160988243862
BLANCHRD_1_XFMR1LNODE,LOAD,AVA,48.0939,-117.0229
BLAST_7_N005,GEN,CA,33.887668,-116.573691
BLAZER_LNODEAZER,LOAD,PNM,33.04562679,-106.0249782
BLA_LNODEXF1,LOAD,PSE,48.979611,-122.726647
BLCH38750_7_B1,GEN,CA,36.719769056420425,-119.76687877968308
BLCH38751_7_B1,GEN,CA,36.719769056420425,-119.76699522031691
BLCKBUTT_7_B1,GEN,CA,39.814905,-122.332335
BLDRBCH_LNODE-1,LOAD,NV,36.020348,-114.781217
BLDRVLY_LNODE67,LOAD,NV,40.948185,-116.43915
BLGS_CTY_LNODEK1H,LOAD,NWMT,45.781670999982005,-108.50065877750964
BLGS_CTY_LNODEK2H,LOAD,NWMT,45.781670999982005,-108.50078722249036
BLGS_ES_LNODEK3H,LOAD,NWMT,45.7927117487795,-108.489626
BLGS_ES_LNODEK4H,LOAD,NWMT,45.79263112559082,-108.48955924156164
BLGS_ES_LNODEK5H,LOAD,NWMT,45.79263112559082,-108.48969275843835
BLGS_STM_LNODELD1,LOAD,NWMT,45.77449999998198,-108.48063578779241
BLGS_STM_LNODELD2,LOAD,NWMT,45.77449999998198,-108.48076421220759
BLGS_SW1_LNODEOAD,LOAD,NWMT,45.802156,-108.471105
BLGS_SW2_LNODEOAD,LOAD,NWMT,45.803385,-108.469338
BLG_LNODE1,LOAD,PSE,47.466111,-122.237222
BLKDIA_7_N001,GEN,CA,38.030013,-121.870688
BLK_EGL_7_BKE1GNODE,GEN,NWMT,47.52135218057495,-111.261262
BLK_EGL_7_BKE2GNODE,GEN,NWMT,47.521270909691566,-111.26119251886361
BLK_EGL_7_BKE3GNODE,GEN,NWMT,47.521270909691566,-111.26133148113638
BLLEHVN_6_N001,LOAD,CA,37.4772652825887,-122.16793304841748
BLLEHVN_6_N002,LOAD,CA,37.477186999945324,-122.16787609695427
BLLEHVN_6_N004,LOAD,CA,37.477108717384,-122.1679330485368
BLLEHVN_6_N006,LOAD,CA,37.477108717384,-122.1680469514632
BLLEHVN_6_N007,LOAD,CA,37.477186999945324,-122.16810390304572
BLLEHVN_6_N009,GEN,CA,37.4772652825887,-122.16804695158251
BLLK_LNODEWR1,LOAD,PGE,45.553317999982156,-122.42880007215564
BLLK_LNODEWR4,LOAD,PGE,45.553317999982156,-122.42892792784437
BLL_LNODE10A,LOAD,APS,33.636467,-112.219543
BLL_LNODE14A,LOAD,APS,33.63646699995309,-112.21943506681362
BLL_LNODE18A,LOAD,APS,33.63638917737845,-112.21948903345557
BLL_LNODE20A,LOAD,APS,33.63638917737845,-112.21959696654442
BLL_LNODE21A,LOAD,APS,33.63646699995309,-112.21965093318639
BLL_LNODE22A,LOAD,APS,33.63654482259805,-112.21959696664196
BLL_LNODER9A,LOAD,APS,33.63654482259805,-112.21948903335804
BLM W_2_COSBT1GN,GEN,CA,33.13707573037748,-117.335374
BLME7G_7_B1,GEN,CA,36.00195372683413,-117.7886
BLME8G_7_B1,GEN,CA,36.00187313656915,-117.78854248587012
BLMW9G_7_B1,GEN,CA,36.00187313656915,-117.78865751412988
BLPR_GNODE011,GEN,IPCO,44.83648,-116.898503
BLPR_GNODE012,GEN,IPCO,44.83647999992979,-116.89837619373338
BLPR_GNODE013,GEN,IPCO,44.8363900788923,-116.898503
BLPR_GNODE014,GEN,IPCO,44.83647999992979,-116.89862980626661
BLPR_GNODE015,GEN,IPCO,44.83656992110765,-116.898503
BLS_LNODEXF2,LOAD,PSE,48.792778,-122.509444
BLUDIST_LNODEXF1,LOAD,PSE,46.86,-122.851667
BLUE MT_GNODEIT,GEN,NV,40.994784,-118.143582
BLUECRK_1_1LNODE,LOAD,AVA,47.6411,-116.6791
BLUELAKE_7_GN001,GEN,CA,40.8786,-123.9942
BLUELKE_6_N001,LOAD,CA,40.88014,-123.980584
BLUERDGE_2_G23GNODE,GEN,BPAT,45.462280722673164,-119.582932
BLUERDGE_2_Z21GNODE,GEN,BPAT,45.46220013864419,-119.58286566616975
BLUERDGE_2_Z22GNODE,GEN,BPAT,45.46220013864419,-119.58299833383025
BLUER_BP_LNODE115,LOAD,BPAT,44.15270199998272,-122.32032699468897
BLUER_BP_LNODELEC,LOAD,BPAT,44.15270199998272,-122.32045300531102
BLUEWATR_LNODERXF1,LOAD,PNM,35.2578,-107.94
BLUSTNPP_6_N003,LOAD,CA,38.575523,-121.497588
BLYTHES1_7_N002,GEN,CA,33.67555599998821,-114.75633498817996
BLYTHESC_1_GN001,GEN,CA,33.5917,-114.7444
BLYTHESC_1_N005,LOAD,CA,33.614957,-114.682935
BMBS_1_BMBSGNODE,GEN,IPCO,43.904,-116.82
BMPR_GNODE011,GEN,IPCO,43.146975,-115.666646
BMSU_LNODE011A,LOAD,IPCO,42.908449699983706,-115.1813623418597
BMSU_LNODE012A,LOAD,IPCO,42.908449699983706,-115.18148485814031
BMT_LNODE10A,LOAD,APS,34.57786532036653,-112.35655008048828
BMT_LNODE12A,LOAD,APS,34.5777869999508,-112.35649516108005
BMT_LNODER1A,LOAD,APS,34.57770867960881,-112.35655008059177
BMT_LNODER2A,LOAD,APS,34.57770867960881,-112.35665991940823
BMT_LNODER4A,LOAD,APS,34.5777869999508,-112.35671483891996
BMT_LNODER9A,LOAD,APS,34.57786532036653,-112.35665991951173
BNAVSTA_6_N001,LOAD,CA,36.653344,-121.62946
BNAVSTA_6_N002,LOAD,CA,36.65334399994771,-121.62934811906177
BNDRS_CL_LNODEPH1,LOAD,SCL,48.98799999997981,-117.35093172533158
BNDRS_CL_LNODEPH2,LOAD,SCL,48.98799999997981,-117.35106827466842
BNDRYSCL_2_GEN51GNODE,GEN,SCL,48.98823460112658,-117.35087672495015
BNDRYSCL_2_GEN52GNODE,GEN,SCL,48.98815699991944,-117.35080845011296
BNDRYSCL_2_GEN53GNODE,GEN,SCL,48.98807939883314,-117.35087672516282
BNDRYSCL_2_GEN54GNODE,GEN,SCL,48.98807939883314,-117.35101327483719
BNDRYSCL_2_GEN55GNODE,GEN,SCL,48.98815699991944,-117.35108154988704
BNDRYSCL_2_GEN56GNODE,GEN,SCL,48.98823460112658,-117.35101327504985
BNKS_LNODEBR1,LOAD,PGE,45.607494,-123.113777
BNTACRB_6_N001,LOAD,CA,37.7528989999862,-121.35069018924217
BOARD_BP_LNODE1SS,LOAD,BPAT,45.845204,-119.648308
BOA_LNODEXF1,LOAD,PSE,47.287590412787125,-122.24319971037168
BOA_LNODEXF2,LOAD,PSE,47.28740958705826,-122.24319971082735
BOA_LNODEXF3,LOAD,PSE,47.28740958705826,-122.24346628917264
BOA_LNODEXF4,LOAD,PSE,47.287590412787125,-122.24346628962832
BOEING_LNODEBK4,LOAD,BPAT,45.71200755290503,-119.88986374934917
BOEIN_BP_LNODEBK1,LOAD,BPAT,45.71182844695144,-119.88986374976017
BOEIN_BP_LNODEBK2,LOAD,BPAT,45.71182844695144,-119.89012025023983
BOEIN_BP_LNODEBK3,LOAD,BPAT,45.71200755290503,-119.89012025065082
BOGARD_6_N001,LOAD,CA,40.586552,-121.093959
BOGLE_SR_LNODELD1,LOAD,SRP,33.25867499998853,-111.70394642710266
BOGLE_SR_LNODELD2,LOAD,SRP,33.25867499998853,-111.70405357289734
BOGUE_1_N001,LOAD,CA,39.09613073444745,-121.623771
BOGUE_1_N201,LOAD,CA,39.096050132760894,-121.62371103865068
BOISEC_C_LNODEWR1,LOAD,PGE,45.847823999927755,-122.82055035941332
BOISEC_C_LNODEWR2,LOAD,PGE,45.84773439328132,-122.820679
BOLINAS_6_N001,LOAD,CA,37.941119,-122.707332
BOLLMAN_1_N003,LOAD,CA,38.04,-121.98
BOLTHSE_1_N009,LOAD,CA,35.36215899998747,-118.92362184077258
BONITA_6_N001,LOAD,CA,36.967863,-120.20266
BONNER_LNODEK1L,LOAD,NWMT,46.875319,-113.872895
BONNIEN_7_N001,LOAD,CA,39.214314999985774,-120.80917722077704
BONNIEN_7_N002,GEN,CA,39.214314999985774,-120.80929277922296
BONNVILL_1_G01GNODE,GEN,BPAT,45.63951,-121.94697
BONNVILL_1_G02GNODE,GEN,BPAT,45.63950999992853,-121.94684193813278
BONNVILL_1_G09GNODE,GEN,BPAT,45.63942046285028,-121.94684193833741
BONNVILL_1_G10GNODE,GEN,BPAT,45.639357150640464,-121.94693249164982
BONNVILL_2_F1GNODE,GEN,BPAT,45.63934200971518,-121.94705870887341
BONNVILL_2_F2GNODE,GEN,BPAT,45.63937302096537,-121.94717884402738
BONNVILL_2_G03GNODE,GEN,BPAT,45.639438321979135,-121.94726646055916
BONNVILL_2_G04GNODE,GEN,BPAT,45.63952294223765,-121.94730831385999
BONNVILL_2_G05GNODE,GEN,BPAT,45.63961234560112,-121.94730131767479
BONNVILL_2_G06GNODE,GEN,BPAT,45.63969424536281,-121.94724956408312
BONNVILL_2_G07GNODE,GEN,BPAT,45.639759399648035,-121.94716172387582
BONNVILL_2_G08GNODE,GEN,BPAT,45.63980178918962,-121.94704892241349
BONNVILL_2_G11GNODE,GEN,BPAT,45.6398184265836,-121.94692309011876
BONNVILL_2_G12GNODE,GEN,BPAT,45.639808958544386,-121.94679574555937
BONNVILL_2_G13GNODE,GEN,BPAT,45.6397751679326,-121.9466771528289
BONNVILL_2_G14GNODE,GEN,BPAT,45.63972044612186,-121.9465757908888
BONNVILL_2_G15GNODE,GEN,BPAT,45.63964928147843,-121.9464980746294
BONNVILL_2_G16GNODE,GEN,BPAT,45.63956679239464,-121.9464482725245
BONNVILL_2_G17GNODE,GEN,BPAT,45.63947832110773,-121.94642857220337
BONNVILL_2_G18GNODE,GEN,BPAT,45.63938909593711,-121.9464392521047
BONNV_BP_LNODE3SS,LOAD,BPAT,45.639303963590635,-121.94647892407984
BONNV_BP_LNODE4SS,LOAD,BPAT,45.639227189118856,-121.94654481808593
BONNV_BP_LNODE5SS,LOAD,BPAT,45.639162318438686,-121.94663308580316
BONRF_BP_LNODEHTS,LOAD,BPAT,48.67410999998015,-116.3026432087305
BONRF_BP_LNODEYBF,LOAD,BPAT,48.67410999998015,-116.3027787912695
BON_LNODEXF1,LOAD,PSE,47.195,-122.191944
BOONE_LNODELD1,LOAD,SRP,33.43788999998838,-111.70426325271585
BOONE_LNODELD2,LOAD,SRP,33.43788999998838,-111.70437074728414
BOP_LNODEXF1,LOAD,PSE,47.081443261190444,-122.348889
BOP_LNODEXF2,LOAD,PSE,47.081361869384146,-122.34881999208538
BOP_LNODEXF3,LOAD,PSE,47.081361869384146,-122.34895800791462
BORDEN_2_N007,LOAD,CA,36.92227399998671,-119.98422371699712
BORDEN_2_N008,GEN,CA,36.92227399998671,-119.98433628300289
BORDER_6_N001,LOAD,CA,32.56633480869927,-116.944389
BORDER_6_N008,LOAD,CA,32.566254095638485,-116.94433370647506
BORONDA_6_N001,LOAD,CA,36.689983,-121.679239
BORREGO_6_N009,GEN,CA,33.28726,-116.348867
BOR_LNODE1,LOAD,PSE,47.50027799998062,-122.2024331586155
BOR_LNODE2,LOAD,PSE,47.50027799998062,-122.2025668413845
BOR_LNODENST,LOAD,EPE,31.96673611111111,-106.58663888888888
BOSWELL_6_N001,LOAD,CA,36.085115,-119.552823
BOTTLERK_7_N001,GEN,CA,38.8348,-122.7677
BOUCEHIL_1_CAPPCHILDGNODE,GEN,WALC,33.961835,-113.920345
BOULDER_1_13_4LNODE,LOAD,AVA,47.6968,-117.1413
BOULDER_LNODEOAD,LOAD,NWMT,46.238229,-112.11781
BOULDRPK_1_1_6GNODE,GEN,AVA,47.6968,-117.1472
BOWLES_6_N001,LOAD,CA,36.605651,-119.773312
BOWMAN_7_N002,GEN,CA,39.448352,-120.653417
BOW_LNODEXF2,LOAD,PSE,47.44561020772212,-122.294722
BOW_LNODEXF3,LOAD,PSE,47.44552889611794,-122.29465258420691
BOW_LNODEXF4,LOAD,PSE,47.44552889611794,-122.29479141579309
BOX_CNYN_1_1GNODE,GEN,AVA,48.77970369637791,-117.4152574758959
BOX_CNYN_1_1LNODE,GEN,AVA,48.779703696298036,-117.4151215990411
BOX_CNYN_1_2GNODE,GEN,AVA,48.77961415951566,-117.4152574758959
BOX_CNYN_1_3GNODE,GEN,AVA,48.779703696298036,-117.41539335275071
BOX_CNYN_1_4GNODE,GEN,AVA,48.77979323324014,-117.4152574758959
BOZ_SS_LNODEK5L,LOAD,NWMT,45.67141299998211,-111.05246292837747
BOZ_SS_LNODEK6L,LOAD,NWMT,45.67141299998211,-111.05259107162254
BOZ_WS_LNODEK1L,LOAD,NWMT,45.69372199998209,-111.0974838991225
BOZ_WS_LNODEK2L,LOAD,NWMT,45.69372199998209,-111.09761210087751
BQ_GNODEBDG,GEN,APS,33.494335,-112.810006
BRADY_1_CAPCHILDGNODE,GEN,WALC,32.817269,-111.416621
BRADY_NW_LNODEOAD,LOAD,NWMT,48.037992,-111.843269
BRASA_BP_LNODEFMR,LOAD,BPAT,44.144329,-121.052632
BRAWLEY_1_CAPCHILDGNODE,GEN,WALC,32.248689,-111.230825
BRDEW_CY_LNODEOAD,LOAD,NWMT,46.098886,-108.874154
BRDGPORT_FDR1LNODE,LOAD,TPWR,47.21372042958574,-122.53605687141915
BRDGPORT_FDR2LNODE,LOAD,TPWR,47.213539570260124,-122.53605687187317
BRDGPORT_FDR3LNODE,LOAD,TPWR,47.213539570260124,-122.53632312812682
BRDGPORT_FDR4LNODE,LOAD,TPWR,47.21372042958574,-122.53632312858085
BRDGVLT_7_N001,LOAD,CA,40.47956799998481,-123.78034162638289
BRDGVLT_7_N002,GEN,CA,40.47956799998481,-123.7804603736171
BRDR_LNODE131,LOAD,IPCO,42.016537,-114.674482
BRDST_SC_LNODE370,LOAD,SCL,47.621477,-122.345636
BRDST_SC_LNODE371,LOAD,SCL,47.62147699992214,-122.34550213245876
BRDST_SC_LNODE372,LOAD,SCL,47.62138676978108,-122.3455021326898
BRDST_SC_LNODE373,LOAD,SCL,47.62132296750769,-122.34559679122047
BRDST_SC_LNODE374,LOAD,SCL,47.6213077093816,-122.3457287304605
BRDST_SC_LNODE375,LOAD,SCL,47.6213389606622,-122.34585431191111
BRDST_SC_LNODE376,LOAD,SCL,47.62140476712357,-122.34594590054202
BRDST_SC_LNODE377,LOAD,SCL,47.621490042376834,-122.345989651297
BRDST_SC_LNODE378,LOAD,SCL,47.62158013776968,-122.34598233798444
BRDST_SC_LNODE379,LOAD,SCL,47.62166267148854,-122.34592823817434
BRDST_SC_LNODE380,LOAD,SCL,47.6217283301158,-122.34583641573309
BRDST_SC_LNODE381,LOAD,SCL,47.62177104778487,-122.34571850038888
BRDST_SC_LNODE382,LOAD,SCL,47.62178781396217,-122.34558696344162
BRDST_SC_LNODE383,LOAD,SCL,47.62177827262567,-122.34545384567109
BRDST_SC_LNODE384,LOAD,SCL,47.62174422043773,-122.34532987651096
BRDST_SC_LNODE385,LOAD,SCL,47.62168907502767,-122.34522391932788
BRDST_SC_LNODE386,LOAD,SCL,47.621617359509834,-122.34514267983411
BRDST_SC_LNODE387,LOAD,SCL,47.62153423190097,-122.34509062000889
BRDST_SC_LNODE388,LOAD,SCL,47.62144507579365,-122.34507002664523
BRDST_SC_LNODE389,LOAD,SCL,47.62135515997867,-122.34508119078922
BRDST_SC_LNODE390,LOAD,SCL,47.62126936867853,-122.34512266134531
BRDST_SC_LNODE391,LOAD,SCL,47.621191999954405,-122.3451915426791
BRDST_SC_LNODE392,LOAD,SCL,47.62112662716565,-122.34528381200126
BRDST_SC_LNODE393,LOAD,SCL,47.62107601673653,-122.34539463759675
BRDST_SC_LNODE394,LOAD,SCL,47.62104209462256,-122.34551868356118
BRDST_SC_LNODE395,LOAD,SCL,47.621025953578304,-122.3456503906408
BRDST_SC_LNODE396,LOAD,SCL,47.62102789343235,-122.34578422608912
BRDST_SC_LNODE397,LOAD,SCL,47.62104748696214,-122.34591489820008
BRDST_SC_LNODE398,LOAD,SCL,47.62108366453221,-122.34603753341432
BRDST_SC_LNODE399,LOAD,SCL,47.6211348113451,-122.34614781567878
BRDST_SC_LNODE600,LOAD,SCL,47.621198871896816,-122.34624208912696
BRDST_SC_LNODE601,LOAD,SCL,47.62127345699596,-122.34631742619226
BRDST_SC_LNODE602,LOAD,SCL,47.62135594945653,-122.34637166401941
BRDST_SC_LNODE603,LOAD,SCL,47.62144360529621,-122.3464034125452
BRDST_SC_LNODE604,LOAD,SCL,47.62153364794708,-122.34641203792096
BRDST_SC_LNODE607,LOAD,SCL,47.62162335360384,-122.34639762508239
BRDST_SC_LNODE620,LOAD,SCL,47.621710126388756,-122.34636092327034
BRDST_SC_LNODE652,LOAD,SCL,47.62179156250675,-122.34630327819703
BRDST_SC_LNODE653,LOAD,SCL,47.62186550298781,-122.34622655436215
BRDST_SC_LNODE654,LOAD,SCL,47.62193007497878,-122.34613305077221
BRDST_SC_LNODE656,LOAD,SCL,47.621983721849126,-122.34602541302333
BRDST_SC_LNODE657,LOAD,SCL,47.62202522262184,-122.3459065443884
BRDST_SC_LNODE658,LOAD,SCL,47.62205370143474,-122.34577951821555
BRDST_SC_LNODE659,LOAD,SCL,47.622068627884616,-122.34564749360814
BRDST_SC_LNODE660,LOAD,SCL,47.62206980921094,-122.34551363602417
BRDST_SC_LNODE771,LOAD,SCL,47.62205737534279,-122.34538104411344
BRDWAYB3_7_B1,GEN,CA,34.125227,-118.15221
BRDWTR_H_1_BRDWGNODE,GEN,NWMT,46.120668,-111.407377
BRD_S_LM_LNODEOAD,LOAD,NWMT,45.640578,-110.571265
BREC_5_WINDGNODE,GEN,SRP,34.636189,-110.134819
BREEZE_LNODEYT1,LOAD,NV,35.123880999987534,-118.37403687435777
BREEZE_LNODEYT2,LOAD,NV,35.123880999987534,-118.37414712564222
BREGGEN_7_N006,GEN,CA,33.27055,-116.34805
BRENTWOD_2_N001,LOAD,CA,37.91959423612686,-121.676423
BRENTWOD_2_N006,LOAD,CA,37.91951288192155,-121.67636345967551
BRENTWOD_2_N011,LOAD,CA,37.91951288192155,-121.67648254032449
BRE_LNODEXF1,LOAD,PSE,47.570555999980584,-122.63132210360483
BRE_LNODEXF2,LOAD,PSE,47.570555999980584,-122.63145589639517
BRGSMR_LNODEGZB,LOAD,BANC,37.66621999998627,-120.97704287657282
BRGSMR_LNODETHU,LOAD,BANC,37.66621999998627,-120.97715712342718
BRG_LNODEXF1,LOAD,PSE,47.768611,-122.183611
BRIDGER_LNODELD1,LOAD,NWMT,45.319237,-108.924414
BRINECON_LNODE-1,LOAD,NV,36.08941,-115.049324
BRITTN_1_N001,LOAD,CA,37.37433620668406,-122.015575
BRITTN_1_N005,LOAD,CA,37.37425489664326,-122.01551592726007
BRITTN_1_N006,LOAD,CA,37.37425489664326,-122.01563407273993
BRITTON_1_BRITTONPVGNODE,GEN,PNM,35.012058,-106.095783
BRI_LNODEXF1,LOAD,PSE,48.7775,-122.409444
BRKRSLG_1_N005,LOAD,CA,38.57552299994369,-121.49747300547165
BRK_7_BAKEOVENGNODE,GEN,AVRN,45.120877,-120.866664
BRK_7_DAYBREAKGNODE,GEN,AVRN,45.139346,-120.885117
BRL_GNODEGEN3,GEN,PSE,48.5439785506836,-121.74097573613429
BRL_GNODEGEN4,GEN,PSE,48.543799449157945,-121.74097573661294
BRNCKCRN_1_BRINKENSLNODE,LOAD,AVA,46.99324050283035,-116.9202637005052
BRNG_LNODEBR2,LOAD,PGE,45.434815,-122.374908
BRNS_LNODEWR1,LOAD,PGE,44.88064999998245,-123.02849357598528
BRNS_LNODEWR2,LOAD,PGE,44.88064999998245,-123.02862042401472
BRNTW_BP_LNODE115,LOAD,BPAT,44.605728,-123.610081
BRNYFRST_7_B1,GEN,CA,40.879444,-121.719722
BROAD_BP_LNODEXF1,LOAD,BPAT,46.285939,-119.194237
BROAD_SR_LNODELD2,LOAD,SRP,33.40538899998842,-112.04972728630234
BROAD_SR_LNODELD4,LOAD,SRP,33.40538899998842,-112.04983471369766
BROCKWAY_LNODE01,LOAD,NV,39.243063530935196,-120.02634939696748
BROCKWAY_LNODE02,LOAD,NV,39.242884468950564,-120.02634939726258
BROCKWAY_LNODE51,LOAD,NV,39.242884468950564,-120.02658060273741
BROCKWAY_LNODE52,LOAD,NV,39.243063530935196,-120.02658060303253
BROOK_SR_LNODE12LD3,LOAD,SRP,33.419335,-112.188542
BROOK_SR_LNODELD1,LOAD,SRP,33.41933499995368,-112.18843454397319
BROOK_SR_LNODELD2,LOAD,SRP,33.419257326630934,-112.18848827203466
BROWNING_LNODEOAD,LOAD,NWMT,48.595799,-113.019823
BROWNSPT_FDR1LNODE,LOAD,TPWR,47.281120414639496,-122.38948672394244
BROWNSPT_FDR2LNODE,LOAD,TPWR,47.280939585206,-122.38948672439797
BROWNSPT_FDR3LNODE,LOAD,TPWR,47.280939585206,-122.38975327560203
BROWNSPT_FDR4LNODE,LOAD,TPWR,47.281120414639496,-122.38975327605755
BRO_LNODEXF1,LOAD,PSE,48.030913,-122.427561
BRP1_2_GNODE1,GEN,PGE,46.173904,-123.172962
BRP1_2_GNODE2,GEN,PGE,46.1739039999266,-123.17283226654027
BRP1_2_GNODE3,GEN,PGE,46.17381416315963,-123.1728322667522
BRP1_2_GNODE4,GEN,PGE,46.17375063903948,-123.17292400205535
BRP1_2_GNODE5,GEN,PGE,46.17373544743551,-123.17305186678502
BRP1_2_GNODE6,GEN,PGE,46.173766562479756,-123.17317357005851
BRP1_2_GNODE7,GEN,PGE,46.17383208205761,-123.17326233025251
BRP1_2_GNODE8,GEN,PGE,46.17391698554532,-123.1733047298751
BRRNDAC_6_N001,LOAD,CA,35.658183,-120.040362
BRT_LNODEXF1,LOAD,PSE,47.49361099998059,-122.20771116406209
BRT_LNODEXF2,LOAD,PSE,47.49361099998059,-122.2078448359379
BRUNSWCK_1_N003,LOAD,CA,39.23119771901711,-121.034946
BRUNSWCK_1_N008,LOAD,CA,39.23111714047599,-121.03488594065819
BRUNSWCK_1_N101,LOAD,CA,39.23111714047599,-121.03500605934181
BRUNSWCK_GNODEIT,GEN,NV,39.188912,-119.697277
BRUNSWCK_LNODE5KV,LOAD,NV,39.15182373998576,-119.74893526582187
BRUNSWCK_LNODE9KV,LOAD,NV,39.15182373998576,-119.74905073417813
BRU_GNODEGEN1,GEN,PSE,48.6494977193123,-121.691389
BRU_GNODEGEN2,GEN,PSE,48.64941714032233,-121.69131858259713
BRU_LNODE1,LOAD,PSE,48.64941714032233,-121.69145941740287
BRWNSVY_6_N001,LOAD,CA,39.226226,-121.422634
BRW_LNODEXF1,LOAD,PSE,48.506667,-122.650278
BR_LNODE10A,LOAD,APS,34.65809799998763,-111.10787403271235
BR_LNODE12A,LOAD,APS,34.65809799998763,-111.10798396728765
BSKYNGSU_2_N002,GEN,CA,34.722028,-118.282093
BSKYNPM_7_N001,GEN,CA,34.744265,-118.313084
BSKYNPM_7_N003,GEN,CA,34.731297,-118.321867
BSKYNPM_7_N004,GEN,CA,34.718861,-118.3221
BSPHYD26_7_N001,GEN,CA,37.3362,-118.52021
BSPHYD34_1_N001,GEN,CA,37.273333,-118.573333
BSPO_GNODE011,GEN,IPCO,42.913830844113605,-115.071037
BSPO_GNODE012,GEN,IPCO,42.91375007792548,-115.07097333031876
BSPO_GNODE013,GEN,IPCO,42.91375007792548,-115.07110066968124
BSTRE_BP_LNODEEET,LOAD,BPAT,46.72853599998114,-122.9514771297527
BST_LNODE_10,GEN,EPE,31.965705555544226,-106.58338851199329
BST_LNODE_11,GEN,EPE,31.965705555544226,-106.58349482134003
BTHL_LNODEWR5,LOAD,PGE,44.92775,-122.949753
BTHY_LNODEWR1,LOAD,PGE,45.54765299998218,-122.82967107857958
BTHY_LNODEWR2,LOAD,PGE,45.54765299998218,-122.82979892142042
BTLR_LNODE131,LOAD,IPCO,43.58594699998309,-116.20481966634429
BTLR_LNODE132,LOAD,IPCO,43.58594699998309,-116.20494433365572
BTN_LNODEXF1,LOAD,PSE,48.476667,-122.331111
BTOOTH_P_LNODEOAD,LOAD,NWMT,45.778765,-108.485882
BTR_LNODEXF1,LOAD,PSE,47.6575549999805,-122.15309704083766
BTR_LNODEXF2,LOAD,PSE,47.6575549999805,-122.15323095916233
BTWD_LNODEBR1,LOAD,PGE,45.379204,-122.04496
BUBG_LNODE131,LOAD,IPCO,42.9418404999836,-115.74626989096834
BUBG_LNODE132,LOAD,IPCO,42.9418404999836,-115.74639250903166
BUCKEYE_LNODE75,LOAD,NV,38.96361061263054,-119.71004174926833
BUCKEYE_LNODE76,LOAD,NV,38.96343138725605,-119.71004174955989
BUCKEYE_LNODE77,LOAD,NV,38.96343138725605,-119.71027225044011
BUCKEYE_LNODE78,LOAD,NV,38.96361061263054,-119.71027225073166
BUCKH_SR_LNODELD1,LOAD,SRP,33.43767999998845,-111.73239425293535
BUCKH_SR_LNODELD2,LOAD,SRP,33.43767999998845,-111.73250174706466
BUCKMAN_LNODESUB1,LOAD,PNM,35.77602199998734,-106.1151967570725
BUCKMAN_LNODESUB2,LOAD,PNM,35.77602199998734,-106.1153072429275
BUCKWND_1_N001,GEN,CA,33.91,-116.57
BUCKWND_1_N101,GEN,CA,33.91417,-116.577685
BUCKWND_1_N201,GEN,CA,33.924705,-116.597189
BUC_LNODEXF1,LOAD,PSE,47.16059199998082,-122.03386849783648
BUC_LNODEXF2,LOAD,PSE,47.16059199998082,-122.03400150216352
BUELLTON_1_N001,LOAD,CA,34.625261999987686,-120.18631205143852
BUELLTON_1_N003,LOAD,CA,34.625261999987686,-120.18642194856149
BUENAVS1_7_B1,LOAD,CA,36.653254242119594,-121.62934811919219
BUENAVS1_7_B3,LOAD,CA,36.65319077379855,-121.6294272308971
BUENAVS1_7_B4,LOAD,CA,36.653175595551595,-121.62953750035395
BUENAVS1_7_B5,LOAD,CA,36.65320668330105,-121.62964245619625
BUENAVS1_7_B6,LOAD,CA,36.653272145363964,-121.6297190021347
BUENAVS1_7_B7,LOAD,CA,36.65335697428145,-121.62975556706088
BUENAVS2_7_B1,LOAD,CA,36.65344659805961,-121.62974945473616
BUENAVS2_7_B3,LOAD,CA,36.653528699704175,-121.62970424026268
BUENAVS2_7_B4,LOAD,CA,36.653594014575496,-121.62962749889522
BUENAVS2_7_B5,LOAD,CA,36.653636508590544,-121.62952895027708
BUENAVT_2_N006,GEN,CA,35.16,-119.37
BUFFALO_LNODELD1,LOAD,NWMT,46.813557,-109.766682
BUGU_LNODE131,LOAD,IPCO,42.622229899983864,-114.94842953716314
BUGU_LNODE32,LOAD,IPCO,42.622229899983864,-114.94855126283686
BULLARD_1_N001,LOAD,CA,36.824388,-119.769224
BULLARD_1_N004,LOAD,CA,36.824387999947184,-119.76911168846675
BULLARD_1_N005,LOAD,CA,36.824298097276774,-119.769224
BULLARD_1_N006,LOAD,CA,36.824387999947184,-119.76933631153325
BULLARD_1_N009,GEN,CA,36.824477902723245,-119.769224
BULL_MTN_LNODEOAD,LOAD,NWMT,46.051507,-108.851874
BUL_LNODEFDR23,LOAD,APS,33.82830230193948,-111.94774425555134
BUL_LNODEFDR24,LOAD,APS,34.51223132483228,-110.13136602485879
BUL_LNODEFDR25,LOAD,APS,33.82828707695321,-111.94785107700348
BUNKRHIL_1_XF1LNODE,LOAD,AVA,47.5377,-116.1357
BURBA_BP_LNODECID,LOAD,BPAT,46.226559999981596,-118.98635103791324
BURBA_BP_LNODEREA,LOAD,BPAT,46.226559999981596,-118.98648096208676
BURLNGME_1_N001,LOAD,CA,37.589627,-122.363434
BURNHAM_LNODE-1,LOAD,NV,36.0529617212837,-115.120912
BURNHAM_LNODE-2,LOAD,NV,36.05288113934437,-115.12085445456555
BURNHAM_LNODE-3,LOAD,NV,36.05288113934437,-115.12096954543445
BURNT_BP_LNODEETN,LOAD,BPAT,44.606,-123.61
BURRIS_LNODERRIS,LOAD,PNM,34.61325,-106.432
BURRO_LNODEURRO,LOAD,PNM,37.846042,-107.726458
BURTO_SR_LNODELD3,LOAD,SRP,33.405858,-112.284164
BUTLER_C_LNODEK1H,LOAD,NWMT,46.938744,-114.100394
BUTTE_1_N010,LOAD,CA,39.7118129999855,-121.81325170045862
BUTTE_1_N101,LOAD,CA,39.7118129999855,-121.81336829954137
BUTTVLLY_7_B1,GEN,CA,40.13,-121.17
BU_LNODE10A,LOAD,APS,33.422665,-111.916736
BU_LNODE12A,LOAD,APS,33.42266499995366,-111.91662853709344
BU_LNODE14A,LOAD,APS,33.422575308183745,-111.91662853720446
BU_LNODE17A,LOAD,APS,33.42251188656735,-111.9167045248989
BU_LNODE18A,LOAD,APS,33.4224967194933,-111.91681043998503
BU_LNODE21A,LOAD,APS,33.422527784376356,-111.91691125127566
BU_LNODE22A,LOAD,APS,33.42259319827793,-111.91698477450613
BU_LNODE25A,LOAD,APS,33.42267796477447,-111.91701989549944
BU_LNODE28A,LOAD,APS,33.42276752259138,-111.9170140245057
BU_LNODE29A,LOAD,APS,33.422849563801044,-111.91697059547069
BU_LNODE30A,LOAD,APS,33.4229148305882,-111.91689688452387
BU_LNODE33A,LOAD,APS,33.42295729331832,-111.91680222749235
BU_LNODE34A,LOAD,APS,33.4229739594502,-111.91669663572644
BU_LNODE36A,LOAD,APS,33.42296447509682,-111.91658977494677
BU_LNODE37A,LOAD,APS,33.4229306261911,-111.91649025818617
BU_LNODER9A,LOAD,APS,33.422875809946035,-111.91640520050792
BVA_NXT_3_BV1_NXTERA_BATGNODE,GEN,EPE,32.06964306080904,-106.288756
BVA_NXT_3_BV1_NXTERA_SLRGNODE,GEN,EPE,32.06956196958351,-106.28870075123028
BVA_NXT_3_BV2_NXTERA_SLRGNODE,GEN,EPE,32.06956196958351,-106.28881124876972
BVRT_LNODEWR1,LOAD,PGE,45.48396299998219,-122.797736147824
BVRT_LNODEWR2,LOAD,PGE,45.48396299998219,-122.79786385217601
BV_LNODE10A,LOAD,APS,33.664846,-111.964054
BV_LNODE12A,LOAD,APS,33.664845999953066,-111.96394600123129
BV_LNODE13A,LOAD,APS,33.66475611318355,-111.96394600134414
BV_LNODER1A,LOAD,APS,33.66469255368217,-111.96402236794943
BV_LNODER2A,LOAD,APS,33.66467735363309,-111.96412881117723
BV_LNODER4A,LOAD,APS,33.66470848605343,-111.9642301251603
BV_LNODER5A,LOAD,APS,33.6647740421704,-111.96430401501408
BV_LNODER9A,LOAD,APS,33.66485899295767,-111.96433931114052
BWILLIAM_LNODEILLW,LOAD,WALC,34.16145330172,-114.38177086852794
BW_LNODEFDR2,LOAD,APS,34.51226264716692,-110.131468982488
BYPS_GNODE131,GEN,IPCO,42.558865,-114.058604
BY_LNODER1A,LOAD,APS,33.025086,-113.038614
BZ_GNODESTZ,GEN,APS,33.378814649972796,-112.67687631319446
BZ_GNODETRPG,GEN,APS,33.37873699995378,-112.67682262648478
BZ_LNODE12A,LOAD,APS,33.3786593500041,-112.67687631329032
BZ_LNODER13,LOAD,APS,33.3786593500041,-112.67698368670968
BZ_LNODER1A,LOAD,APS,33.37873699995378,-112.67703737351522
BZ_LNODER3A,LOAD,APS,33.378814649972796,-112.67698368680554
B_6_N001,LOAD,CA,32.714377595830264,-117.16944251257752
B_6_N003,LOAD,CA,32.714198404079745,-117.16944251279143
B_6_N005,LOAD,CA,32.714198404079745,-117.16965548720856
B_6_N007,LOAD,CA,32.714377595830264,-117.16965548742249
B_G_I_7_BGIGNODE,GEN,NWMT,45.810849,-108.428377
B_G_I_LNODEOAD,LOAD,NWMT,45.81185675374898,-108.434107
B_STREET_6_YELM_G1-3GNODE,GEN,BPAT,46.72853599998114,-122.95160887024728
C493GEN_7_N003,GEN,CA,32.738434,-115.994209
C590M1_7_N004,GEN,CA,32.753333,-115.726389
C643TM1_7_N001,GEN,CA,33.341833,-112.904028
C877P2C2_7_ND002,GEN,CA,35.86643,-120.32946
CABALLO3_7_N001,GEN,CA,36.219999999987145,-119.89994450730237
CABALLO3_7_N002,GEN,CA,36.219999999987145,-119.90005549269763
CABALLOT_LNODEPPER,LOAD,PNM,32.95394581,-107.3188334
CABANA_LNODE-1,LOAD,NV,36.11465571830362,-115.056331
CABANA_LNODE-2,LOAD,NV,36.114575140834326,-115.05627341258538
CABANA_LNODE-3,LOAD,NV,36.114575140834326,-115.0563885874146
CABAZON_7_B1,GEN,CA,33.92901,-116.719726
CABINETG_1_XF1LNODE,LOAD,AVA,48.0917,-116.0561
CABINET_2_1GNODE,GEN,AVA,48.0866,-116.0582
CABINET_2_2GNODE,GEN,AVA,48.08659999992153,-116.05806553141348
CABINET_2_3GNODE,GEN,AVA,48.08651017409502,-116.0582
CABINET_2_4GNODE,GEN,AVA,48.08659999992153,-116.05833446858652
CABINET_2_SS2LNODE,LOAD,AVA,48.08668982590493,-116.0582
CABRILLO_1_N001,LOAD,CA,32.70751759908557,-117.24492651689708
CABRILLO_6_N001,LOAD,CA,32.70733840082447,-117.24492651711095
CABRILLO_6_N004,LOAD,CA,32.70733840082447,-117.24513948288904
CABRILLO_6_N011,GEN,CA,32.70751759908557,-117.24513948310292
CACK_LNODE131,LOAD,IPCO,43.035606999983585,-116.02868154429986
CACK_LNODE132,LOAD,IPCO,43.035606999983585,-116.02880445570014
CACTUS_LNODE-1,LOAD,NV,36.002364999987314,-115.17117565672247
CACTUS_LNODE-2,LOAD,NV,36.002364999987314,-115.17128634327753
CADA_LNODE31,LOAD,IPCO,43.549999999983115,-116.57993772011898
CADA_LNODET132,LOAD,IPCO,43.549999999983115,-116.58006227988102
CADET_6_N002,GEN,CA,35.1133,-119.4706
CAESARS_LNODE-1,LOAD,NV,36.11735299998724,-115.17974258456219
CAESARS_LNODE-2,LOAD,NV,36.11735299998724,-115.1798534154378
CALAVE_1_N001,LOAD,CA,36.71900181109094,-119.76554095699167
CALAVE_1_N002,LOAD,CA,36.718822188804005,-119.76554095725366
CALAVE_1_N004,LOAD,CA,36.718822188804005,-119.76576504274634
CALCMENT_7_N4,LOAD,CA,37.37,-120.64
CALISTGA_6_N001,LOAD,CA,38.592664,-122.57862
CALLENDR_1_N001,LOAD,CA,35.04,-120.6
CALPELLA_1_N001,LOAD,CA,39.197538,-123.192135
CALSUB_LNODEET,LOAD,NV,39.521219,-120.008761
CALYO_BP_LNODE2KV,LOAD,BPAT,44.08802051998271,-123.08524115248775
CALYO_BP_LNODEKV2,LOAD,BPAT,44.08802051998271,-123.08536704751225
CAL_1_CAL_TX_SLRGNODE,GEN,EPE,31.826209736973144,-106.25038817432329
CAL_LNODE_10,LOAD,EPE,31.826029151827598,-106.25038817453118
CAL_LNODE_11,LOAD,EPE,31.826029151827598,-106.25060071435682
CAL_LNODE_12,LOAD,EPE,31.826209736973144,-106.2506007145647
CAMANCHE_7_N001,GEN,CA,38.226854124077015,-121.0245
CAMANCHE_7_N002,GEN,CA,38.22677293794635,-121.02444033255529
CAMANCHE_7_N003,GEN,CA,38.22677293794635,-121.0245596674447
CAMASSW_LNODEMAS,GEN,BPAT,45.584349,-122.40644
CAMAS_GMILLGNODE,GEN,BPAT,45.58214999998221,-122.40405603878821
CAMDEN_6_N001,LOAD,CA,36.446258999987045,-119.79904229562648
CAMDEN_6_N002,LOAD,CA,36.446258999987045,-119.79915370437352
CAMERON_6_N001,LOAD,CA,32.65324599998863,-116.48807277404411
CAMERO_LNODEK2,LOAD,NV,36.037898,-115.190495
CAMER_SR_LNODELD2,LOAD,SRP,33.44469,-111.638525
CAMINO_2_N001,LOAD,CA,34.83,-114.99
CAMPHORA_6_N001,LOAD,CA,36.46829799998704,-121.39017127220814
CAMPHORA_6_N003,LOAD,CA,36.46829799998704,-121.39028272779186
CAM_GNODE1,GEN,BANC,38.7956669999859,-120.6219594423665
CAM_GNODE2,GEN,BANC,38.7956669999859,-120.6220745576335
CAM_LNODEXF2,LOAD,PSE,47.358333,-122.280833
CANALIPC_LNODENK1,LOAD,IPCO,42.54097678,-113.585623
CANAL_6_N001,LOAD,CA,37.066368999986636,-120.8354215297125
CANAL_6_N006,LOAD,CA,37.066368999986636,-120.8355344702875
CANAL_SC_LNODE721,LOAD,SCL,47.661916,-122.365197
CANAL_SC_LNODE722,LOAD,SCL,47.661915999922144,-122.36506307564711
CANAL_SC_LNODE723,LOAD,SCL,47.661825801335986,-122.36506307587851
CANAL_SC_LNODE724,LOAD,SCL,47.66176202137523,-122.36515777458091
CANAL_SC_LNODE725,LOAD,SCL,47.66174676858521,-122.36528976981377
CANAL_SC_LNODE726,LOAD,SCL,47.66177800893647,-122.36541540455923
CANAL_SC_LNODE727,LOAD,SCL,47.66184379238413,-122.3655070320593
CANAL_SC_LNODE728,LOAD,SCL,47.66192903781518,-122.3655508013821
CANAL_SC_LNODE729,LOAD,SCL,47.66201910170039,-122.3655434849665
CANAL_SC_LNODE730,LOAD,SCL,47.66210160655609,-122.36548936219751
CANAL_SC_LNODE731,LOAD,SCL,47.66216724222166,-122.36539750078794
CANAL_SC_LNODE732,LOAD,SCL,47.66220994495183,-122.36527953540147
CANAL_SC_LNODE733,LOAD,SCL,47.66222670526584,-122.36514794263083
CANAL_SC_LNODE734,LOAD,SCL,47.66221716726595,-122.36501476836605
CANAL_SC_LNODE735,LOAD,SCL,47.662183126986314,-122.36489074659447
CANBY_BP_LNODEACW,LOAD,BPAT,41.444925999984385,-120.88087787131334
CANBY_BP_LNODEVEC,LOAD,BPAT,41.444925999984385,-120.88099812868666
CANEZ_LNODEDIST,LOAD,TEPC,31.508430889989263,-111.0020066662775
CANFERRY_1_CYF1GNODE,GEN,NWMT,46.64897015624437,-111.72781426692327
CANFERRY_1_CYF2GNODE,GEN,NWMT,46.64889199992472,-111.72774853403652
CANFERRY_1_CYF3GNODE,GEN,NWMT,46.64881384371807,-111.72781426711325
CANFERRY_LNODEGOVT,LOAD,NWMT,46.64881384371807,-111.72794573288675
CANFERRY_LNODESTN,LOAD,NWMT,46.64889199992472,-111.72801146596348
CANTGEN_7_N002,GEN,CA,36.428641,-120.338173
CANYN_CR_LNODEOAD,LOAD,NWMT,46.805925999981056,-112.25375700150144
CANYONNW_LNODEOAD,LOAD,NWMT,44.978678,-110.704996
CANYONP1_7_GN001,GEN,CA,33.858146060756724,-117.86155854781974
CANYONP2_7_GN001,GEN,CA,33.85796593914824,-117.86155854804848
CANYONP3_7_GN001,GEN,CA,33.85796593914824,-117.86177545195152
CANYONP4_7_GN001,GEN,CA,33.858146060756724,-117.86177545218025
CAN_SUB_LNODEONA,LOAD,LADWP,34.18955419166312,-118.592
CAN_SUB_LNODEONB,LOAD,LADWP,34.189472904155366,-118.59194326369176
CAN_SUB_LNODEONC,LOAD,LADWP,34.189472904155366,-118.59205673630824
CAPAY_6_N001,LOAD,CA,39.775993256822886,-122.10383
CAPEH_BP_LNODEPUD,LOAD,BPAT,45.592868,-122.17698
CAPITOL_LNODEITOL,LOAD,PNM,40.785920434163245,-111.89710056058136
CAPITOL_LNODELONA,LOAD,PNM,40.785739565713676,-111.89710056090665
CAPITOL_LNODETTAN,LOAD,PNM,40.785739565713676,-111.89733943909334
CAPSTRNO_1_N016,GEN,CA,33.512894,-117.665545
CAPWIND_1_B1,GEN,CA,33.88,-116.46
CAP_LNODEXF1,LOAD,PSE,47.033888999980896,-122.89326666037542
CAP_LNODEXF2,LOAD,PSE,47.033888999980896,-122.89339933962458
CARABOU_7_B1,GEN,CA,40.08553000636179,-121.148241
CARABOU_7_B12,GEN,CA,40.08544899680309,-121.14817986838234
CARABOU_7_B3,GEN,CA,40.08544899680309,-121.14830213161765
CARBOGEN_7_B1,GEN,CA,33.81886,-118.222474
CARBONA_6_N003,LOAD,CA,37.69218399998622,-121.41818185598439
CARBONA_6_N101,LOAD,CA,37.69218399998622,-121.4182961440156
CARBU_BP_LNODERK1,LOAD,BPAT,45.63726899998217,-122.69874197187345
CARBU_BP_LNODERK3,LOAD,BPAT,45.63726899998217,-122.69887002812655
CAREY_LNODE-5,LOAD,NV,36.204587,-115.061532
CAREY_LNODE-6,LOAD,NV,36.20458699994881,-115.06142103935365
CAREY_LNODE-7,LOAD,NV,36.204497464409016,-115.061532
CAREY_LNODEBK8,LOAD,NV,36.20458699994881,-115.06164296064635
CAREY_LNODEBK9,LOAD,NV,36.20467653559105,-115.061532
CARLIN_LNODE12,LOAD,NV,40.726565,-116.116231
CARLOTTA_6_N001,LOAD,CA,40.541122999984744,-124.06382054930958
CARLOTTA_6_N003,LOAD,CA,40.541122999984744,-124.06393945069041
CARLO_SR_LNODELD1,LOAD,SRP,33.38016,-110.955
CARLSN_R_LNODEOAD,LOAD,NWMT,45.30526,-112.641345
CARLTNHS_1_GN001,GEN,CA,32.857709,-117.028847
CARLTNHS_1_N001,LOAD,CA,32.85503754591703,-117.01185140348343
CARLTNHS_1_N004,LOAD,CA,32.85485845399255,-117.01185140369861
CARLTNHS_1_N011,GEN,CA,32.85485845399255,-117.01206459630139
CARLTNHS_1_N012,GEN,CA,32.85503754591703,-117.01206459651657
CARLT_BP_LNODESS,LOAD,BPAT,45.280888,-123.152852
CARMEN_S_1_G01GNODE,GEN,BPAT,44.28592633998258,-122.04126949041881
CARMEN_S_1_G02GNODE,GEN,BPAT,44.28592633998258,-122.0413957095812
CARNATIO_6_N001,LOAD,CA,35.311332,-119.083574
CARNERAS_6_N001,LOAD,CA,35.541055,-119.805238
CAROLNDS_6_N001,LOAD,CA,37.55291899998627,-122.37633097506193
CAROLNDS_6_N002,LOAD,CA,37.55291899998627,-122.37644502493806
CARQUINZ_1_N001,LOAD,CA,38.09103799998602,-122.24848662968667
CARQUINZ_1_N002,LOAD,CA,38.09103799998602,-122.24860137031332
CARRE_SR_LNODELD2,LOAD,SRP,33.38661,-111.493
CARRIZO_1_N001,LOAD,CA,35.3805629695311,-120.040252
CARRIZO_LNODEHILL,LOAD,PNM,35.38048201522088,-120.04019467441788
CARRIZO_LNODEZOT1,LOAD,PNM,35.38048201522088,-120.04030932558213
CARRO_BP_LNODE115,LOAD,BPAT,46.0835,-122.862
CARSONN_LNODE30,LOAD,NV,39.172588,-119.759409
CARSONN_LNODE31,LOAD,NV,39.17258799994301,-119.75929350273708
CARSONN_LNODE32,LOAD,NV,39.172498461061664,-119.75929350288415
CARSONN_LNODE33,LOAD,NV,39.17243514756361,-119.75937517170843
CARSONN_LNODE40,LOAD,NV,39.17242000633913,-119.75948900537975
CARSONN_LNODE41,LOAD,NV,39.17245101824553,-119.75959735369219
CARSONN_LNODE42,LOAD,NV,39.17251632061359,-119.75967637383101
CARSONN_LNODE43,LOAD,NV,39.172600942599686,-119.75971412067214
CARSO_BP_LNODE115,LOAD,BPAT,45.72027,-121.804133
CARTWRIT_LNODELD2,LOAD,SRP,33.487344843331186,-112.160674
CARTWRIT_LNODELD3,LOAD,SRP,33.487264078321864,-112.16061808966664
CARTWRIT_LNODELD4,LOAD,SRP,33.487264078321864,-112.16072991033336
CARTWRT_1_N001,LOAD,CA,37.78999999998617,-122.24994278512781
CARTWRT_1_N010,LOAD,CA,37.78999999998617,-122.25005721487219
CARUTHRS_6_N001,LOAD,CA,36.531554,-119.882758
CAR_LNODEXF1,LOAD,PSE,48.76,-122.459444
CAR_SM_LNODENE1,LOAD,BANC,38.642773175556165,-121.3294330286556
CAR_SM_LNODENE2,LOAD,BANC,38.64259349099788,-121.32943302894401
CAR_SM_LNODENE3,LOAD,BANC,38.64259349099788,-121.329663082168
CAR_SM_LNODENE4,LOAD,BANC,38.642773175556165,-121.3296630824564
CASAGRND_LNODED2_1,LOAD,WALC,32.53977981970275,-111.463012
CASAGRND_LNODEED22,LOAD,WALC,32.5396990901362,-111.46295671152816
CASAGRND_LNODEED23,LOAD,WALC,32.5396990901362,-111.46306728847183
CASCES_7_N008,GEN,CA,37.9201,-121.2392
CASCL_BP_LNODEITY,LOAD,BPAT,45.67804272662886,-121.853013
CASCL_BP_LNODELKS,LOAD,BPAT,45.677962136666174,-121.85294640595782
CASCL_BP_LNODEMID,LOAD,BPAT,45.677962136666174,-121.85307959404217
CASEY_SR_LNODELD1,LOAD,SRP,33.354889,-111.597447
CASEY_SR_LNODELD2,LOAD,SRP,33.35488899995387,-111.59733967372493
CASHI_SR_LNODELD1,LOAD,SRP,33.4362908207715,-112.284866
CASHI_SR_LNODELD4,LOAD,SRP,33.43621008960176,-112.28481014599582
CASHI_SR_LNODELD5,LOAD,SRP,33.43621008960176,-112.28492185400418
CASTLE_LNODEDR1,LOAD,TIDC,37.36195490350885,-120.56264978595905
CASTLE_LNODEDR2,LOAD,TIDC,37.36187666885442,-120.5625929569803
CASTLE_LNODEDR3,LOAD,TIDC,37.36179843428164,-120.56264978607754
CASTLE_LNODEDR4,LOAD,TIDC,37.36179843428164,-120.56276344403506
CASTLE_LNODEDR5,LOAD,TIDC,37.36187666885442,-120.5628202731323
CASTLE_LNODEDR6,LOAD,TIDC,37.36195490350885,-120.56276344415355
CASTROVL_2_N001,LOAD,CA,37.69127699998625,-122.06100285669102
CASTROVL_2_N003,LOAD,CA,37.69127699998625,-122.06111714330898
CASTROVL_2_N006,LOAD,CA,36.76278384840137,-121.73625384648868
CAS_LA_LNODESMW,LOAD,LADWP,34.587237,-118.656638
CAS_LNODEXF1,LOAD,PSE,47.202222,-120.969167
CAS_PP_GNODE1,GEN,LADWP,34.587236999950775,-118.65652814911085
CAS_PP_GNODE2,GEN,LADWP,34.587146563795926,-118.65652814923041
CAS_PP_GNODE3,GEN,LADWP,34.58708261582251,-118.65660582547926
CAS_PP_GNODE4,GEN,LADWP,34.58706732287038,-118.65671409414223
CAS_PP_GNODE5,GEN,LADWP,34.58709864556691,-118.65681714559958
CAS_PP_GNODE6,GEN,LADWP,34.58716460235568,-118.65689230262743
CAS_PP_GNODE7,GEN,LADWP,34.58725007235644,-118.656928204074
CAS_PP_LNODE1AUX,LOAD,LADWP,34.58734037344726,-118.65692220263387
CAS_PP_LNODE2AUX,LOAD,LADWP,34.58742309555189,-118.65687780855163
CAS_PP_LNODE3AUX,LOAD,LADWP,34.587488904018386,-118.65680245963806
CAS_PP_LNODE4AUX,LOAD,LADWP,34.58753171916694,-118.65670569917606
CAS_PP_LNODE5AUX,LOAD,LADWP,34.58754852361777,-118.65659776098718
CAS_PP_LNODE6AUX,LOAD,LADWP,34.58753896054594,-118.65648852558515
CATALGEN_7_N001,GEN,CA,34.94,-118.35
CATALYST_7_N001,LOAD,CA,37.33647699998642,-121.87909619952335
CATALYST_7_N002,GEN,CA,37.33647699998642,-121.87920980047664
CATHL_BP_LNODE115,LOAD,BPAT,46.195702,-123.371192
CATLETT_6_N001,LOAD,CA,38.808811,-121.516115
CAVLSRGN_7_B1,GEN,CA,35.342221,-119.913255
CAWELOB_6_N001,LOAD,CA,35.57097799998741,-119.11546380934058
CAWELOC_1_N001,LOAD,CA,35.57097799998741,-119.11557419065942
CAWP_GNODEAWP,GEN,IPCO,42.878333,-115.016389
CAYETNO_2_N002,GEN,CA,37.754444,-121.728889
CAYUCOS_6_N001,LOAD,CA,35.44865399998744,-120.8703058292383
CAYUCOS_6_N006,LOAD,CA,35.44865399998744,-120.8704161707617
CA_LNODE10A,LOAD,APS,33.82831826044832,-111.94795275098562
CA_LNODE14A,LOAD,APS,33.82838392411509,-111.94802690339363
CA_LNODER2A,LOAD,APS,33.828469014271185,-111.94806232494018
CBLSTN_T_LNODEOAD,LOAD,NWMT,45.773011,-111.504256
CB_LNODE10A,LOAD,APS,33.511889,-111.917781
CB_LNODE12A,LOAD,APS,33.51188899995347,-111.91767334705149
CB_LNODE14A,LOAD,APS,33.51179924201718,-111.91767334716317
CB_LNODE18A,LOAD,APS,33.51173577361437,-111.91774946923724
CB_LNODE21A,LOAD,APS,33.51172059535138,-111.91785557162724
CB_LNODE22A,LOAD,APS,33.51175168315085,-111.91795656119628
CB_LNODE24A,LOAD,APS,33.51181714530824,-111.91803021444865
CB_LNODE25A,LOAD,APS,33.511901974337285,-111.91806539755243
CB_LNODE26A,LOAD,APS,33.51199159822178,-111.91805951617737
CB_LNODER9A,LOAD,APS,33.51207369995424,-111.9180160103413
CCOSTA_2_N001,LOAD,CA,37.998693,-121.783314
CCRK_1_UNIT1_BESSGNODE,GEN,PGE,46.875054229115094,-119.971
CCRK_LNODEWR1,LOAD,PGE,45.3414,-122.7808
CCR_7_CSS_BESSGNODE,GEN,APS,33.144785,-112.67636
CCR_7_PAL_BESSGNODE,GEN,APS,33.14478499995434,-112.67625304471527
CCR_GNODECCS,GEN,APS,33.043359533181395,-112.66613619134503
CCR_GNODEPAL,GEN,APS,33.04318046672752,-112.66613619156216
CCR_LNODE14A,LOAD,APS,33.04318046672752,-112.66634980843784
CCR_LNODER2A,LOAD,APS,33.043359533181395,-112.66634980865497
CCSUB_1_N001,LOAD,CA,38.03,-121.75
CCSUB_2_N001,LOAD,CA,38.01999999998606,-121.75994265860079
CCSUB_2_N010,LOAD,CA,38.01999999998606,-121.7600573413992
CCSUB_6_N024,GEN,CA,38.000648,-121.75077
CC_LNODE10A,LOAD,APS,33.475287,-112.066284
CC_LNODE11A,LOAD,APS,33.47528699995358,-112.06617642628053
CC_LNODE13A,LOAD,APS,33.475197270153075,-112.06617642639195
CC_LNODE14A,LOAD,APS,33.47513382164514,-112.06625249244274
CC_LNODE17A,LOAD,APS,33.47511864814004,-112.06635851674523
CC_LNODE18A,LOAD,APS,33.47514972619476,-112.06645943198946
CC_LNODE19A,LOAD,APS,33.475215167832474,-112.06653303103532
CC_LNODE21A,LOAD,APS,33.475299970270996,-112.06656818824506
CC_LNODE22A,LOAD,APS,33.475389566061665,-112.06656231119801
CC_LNODE25A,LOAD,APS,33.475471642058174,-112.06651883738053
CC_LNODE26A,LOAD,APS,33.475536936519646,-112.06644505042485
CC_LNODE27A,LOAD,APS,33.475579417254735,-112.06635029578493
CC_LNODE29A,LOAD,APS,33.475596090453315,-112.0662445951347
CC_LNODE30A,LOAD,APS,33.47558660207828,-112.06613762416215
CC_LNODER9A,LOAD,APS,33.47555273881974,-112.0660380047819
CDALENE_1_1LNODE,LOAD,AVA,47.69099999998053,-116.76553301800016
CDALENE_1_2LNODE,LOAD,AVA,47.69099999998053,-116.76566698199984
CDPO_GNODE001,GEN,IPCO,44.52520499998252,-116.04857974473356
CDPO_GNODE002,GEN,IPCO,44.52520499998252,-116.04870625526644
CDRFL_SC_LNODE611,LOAD,SCL,47.419413,-121.78232
CDRFL_SC_LNODE612,LOAD,SCL,47.41941299992247,-121.78218645522365
CDS_LNODER2A,LOAD,APS,34.3346609999878,-112.11387926684468
CDS_LNODER4A,LOAD,APS,34.3346609999878,-112.11398873315532
CDWL_LNODE62A,LOAD,IPCO,43.679081999982984,-116.6860135320885
CDWL_LNODEGEN,LOAD,IPCO,43.679081999982984,-116.6861384679115
CD_LNODE10A,LOAD,APS,33.302934,-111.83437
CD_LNODE12A,LOAD,APS,33.30293399995397,-111.83426277327192
CD_LNODE13A,LOAD,APS,33.30285638863304,-111.83431638668367
CD_LNODER1A,LOAD,APS,33.30285638863304,-111.83442361331633
CD_LNODER2A,LOAD,APS,33.30293399995397,-111.83447722672808
CD_LNODER5A,LOAD,APS,33.30301161134393,-111.83442361341174
CD_LNODER9A,LOAD,APS,33.30301161134393,-111.83431638658826
CE1_LNODE_10,LOAD,EPE,31.807113999988896,-106.5192158686355
CE1_LNODE_11,LOAD,EPE,31.807113999988896,-106.5193221313645
CEDARFLS_1_GEN5GNODE,GEN,SCL,47.41933474597879,-121.78225322771107
CEDARFLS_1_GEN6GNODE,GEN,SCL,47.41933474597879,-121.78238677228893
CEDARFLS_LNODE2797,LOAD,SCL,47.41941299992247,-121.78245354477635
CEDARFLS_LNODE2798,LOAD,SCL,47.41949125398247,-121.78238677248741
CEDARFLS_LNODE2799,LOAD,SCL,47.41949125398247,-121.78225322751258
CEDAR_BP_LNODEVIL,LOAD,BPAT,46.858647,-123.282636
CEDAR_FDR1LNODE,LOAD,TPWR,47.2256,-122.47526
CEDAR_FDR2LNODE,LOAD,TPWR,47.22559999992286,-122.4751268446329
CEDAR_FDR3LNODE,LOAD,TPWR,47.225509572328455,-122.47512684486004
CEDAR_FDR4LNODE,LOAD,TPWR,47.225445630433725,-122.4752209998095
CEDAR_FDR5LNODE,LOAD,TPWR,47.22543033891818,-122.47535223713874
CEDAR_FDR6LNODE,LOAD,TPWR,47.225461658588856,-122.47547715050034
CEDAR_FDR7LNODE,LOAD,TPWR,47.22552760905904,-122.47556825187883
CEDAR_FDR8LNODE,LOAD,TPWR,47.22561307092426,-122.47561176987423
CEDRCRK_6_N001,GEN,CA,40.79116899998464,-121.93783227523659
CEDRCRK_6_N101,LOAD,CA,40.79116899998464,-121.93795172476342
CEDRSTRM_LNODELD1,LOAD,SRP,33.44030999998842,-111.96293125018414
CEDRSTRM_LNODELD2,LOAD,SRP,33.44030999998842,-111.96303874981585
CED_LNODEXF1,LOAD,PSE,47.211389,-122.303611
CEK_LNODESEC,LOAD,PSE,47.650833,-122.696667
CELILO_LNODEDC1BURB,LOAD,BPAT,45.59572,-121.11431
CELILO_LNODEDC1GLEN,LOAD,BPAT,45.595719999928605,-121.1141820453889
CELILO_LNODEDC1LADWP,LOAD,BPAT,45.59564246301346,-121.11424602278285
CELILO_LNODEDC2BURB,LOAD,BPAT,45.59564246301346,-121.11437397721714
CELILO_LNODEDC2GLEN,LOAD,BPAT,45.595719999928605,-121.11443795461109
CELILO_LNODEDC2LADWP,LOAD,BPAT,45.595797536950826,-121.11437397739394
CELILO_LNODENCL,GEN,BPAT,45.595797536950826,-121.11424602260605
CELILO_NDB1,LOAD,BPAT,45.59460799998219,-121.11301502402263
CELILO_NDB2,LOAD,BPAT,45.59460799998219,-121.11314297597737
CENT403_7_N006,GEN,CA,37.249,-121.1122
CENTENNL_LNODELD1,LOAD,SRP,33.30018499998848,-111.88997538920253
CENTENNL_LNODELD2,LOAD,SRP,33.30018499998848,-111.89008261079746
CENTERS_6_N001,LOAD,CA,33.928884073837764,-118.105463
CENTERS_6_N004,GEN,CA,33.9288029630683,-118.10540656089853
CENTERS_6_N008,GEN,CA,34.004722,-118.09917
CENTERS_6_N200,LOAD,CA,33.9288029630683,-118.10551943910147
CENTF_BP_LNODE420,LOAD,BPAT,46.59552499998121,-117.8067843614825
CENTF_BP_LNODE428,LOAD,BPAT,46.59552499998121,-117.8069156385175
CENTRALP_LNODERALP,LOAD,PNM,35.48562099998746,-108.42316082380833
CENTURY_7_B1,GEN,CA,34.06069023060133,-117.35319108429329
CENTURY_7_B3,GEN,CA,34.06050976930267,-117.3531910845252
CENTURY_7_B4,GEN,CA,34.06050976930267,-117.3534089154748
CENTURY_7_B5,GEN,CA,34.06069023060133,-117.35340891570671
CEN_LINC_7_G01GNODE,GEN,BPAT,45.58214999998221,-122.40418396121179
CEN_LNODEXF1,LOAD,PSE,47.61249999998056,-122.1866000726815
CEN_LNODEXF2,LOAD,PSE,47.61249999998056,-122.1867339273185
CEN_SUB_LNODEONB,LOAD,LADWP,33.948054083699034,-118.255
CEN_SUB_LNODEONC,LOAD,LADWP,33.94797295813763,-118.25494353789466
CEN_SUB_LNODEOND,LOAD,LADWP,33.94797295813763,-118.25505646210534
CERES_LNODEDR1,LOAD,TIDC,37.6088562120824,-120.956729570412
CERES_LNODEDR3,LOAD,TIDC,37.6089710504,-120.956595705015
CERES_LNODEDR4,LOAD,TIDC,37.6089019185376,-120.956592000755
CERES_LNODEDR5,LOAD,TIDC,37.6087606610128,-120.956712881849
CERES_LNODEDR7,LOAD,TIDC,37.6089324750351,-120.956712057352
CERES_LNODEDR8,LOAD,TIDC,37.6090011903052,-120.956714357349
CERTTEED_1_N001,LOAD,CA,37.059999999986665,-120.07994353791257
CERTTEED_1_N002,LOAD,CA,37.059999999986665,-120.08005646208743
CE_LNODE13A,LOAD,APS,33.59195178934649,-111.94499008431856
CE_LNODE14A,LOAD,APS,33.5918739999532,-111.94493616873436
CE_LNODE17A,LOAD,APS,33.5917962106301,-111.9449900844158
CE_LNODE18A,LOAD,APS,33.5917962106301,-111.9450979155842
CE_LNODE21A,LOAD,APS,33.5918739999532,-111.94515183126563
CE_LNODER9A,LOAD,APS,33.59195178934649,-111.94509791568143
CF_LNODEMR1,LOAD,APS,32.574129,-112.874192
CG_LNODE11A,LOAD,APS,32.885031,-111.775034
CG_LNODE12A,LOAD,APS,32.885030999954765,-111.77492737491949
CG_LNODE22A,LOAD,APS,32.8849414602911,-111.77492737502722
CG_LNODE26A,LOAD,APS,32.88487814622914,-111.77500277029083
CG_LNODER2A,LOAD,APS,32.884863004877005,-111.77510785962272
CG_LNODER4A,LOAD,APS,32.88489401707997,-111.775207884949
CG_LNODER6A,LOAD,APS,32.88495932005032,-111.77528083495989
CG_LNODER7A,LOAD,APS,32.885043942794844,-111.77531568212973
CG_LNODER8A,LOAD,APS,32.88513334873239,-111.77530985690252
CH.STN._7_N001,GEN,CA,37.874825,-120.474061
CHALKCLF_7_N001,GEN,CA,35.097222,-119.429722
CHALLNGE_6_N001,LOAD,CA,39.48543,-121.220509
CHAMBERS_1_INLAND_IP_LLNODE,LOAD,AVA,46.7217849374732,-117.312687771925
CHAMB_SR_LNODELD1,LOAD,SRP,33.463530999988386,-111.90081722568337
CHAMB_SR_LNODELD2,LOAD,SRP,33.463530999988386,-111.90092477431664
CHANDLER_1_G01GNODE,GEN,BPAT,46.26683999998152,-119.59004496423996
CHANDLER_1_G02GNODE,GEN,BPAT,46.26683999998152,-119.59017503576004
CHANNEL_6_N001,LOAD,CA,37.95526599998612,-121.33242068885451
CHAPARRL_LNODELD2,LOAD,SRP,33.51723899998838,-111.8863671676678
CHAPARRL_LNODELD3,LOAD,SRP,33.51723899998838,-111.8864748323322
CHARKA_1_N001,LOAD,CA,35.608038,-119.325523
CHARMNGN_7_N001,GEN,CA,34.21039,-119.13967
CHA_1_CHA_SUNED_SLRGNODE,GEN,EPE,32.001958333333334,-106.40601388888889
CHA_LNODEXF1,LOAD,PSE,47.003283,-122.863291
CHA_LNODE_10,LOAD,EPE,32.001958333289,-106.40590757269372
CHA_LNODE_11,LOAD,EPE,32.00188025305981,-106.40596073083658
CHA_LNODE_13,LOAD,EPE,32.00188025305981,-106.4060670469412
CHA_LNODE_14,LOAD,EPE,32.001958333289,-106.40612020508405
CHA_LNODE_15,LOAD,EPE,32.00203641358465,-106.40606704703174
CHA_LNODE_OL,LOAD,EPE,32.00203641358465,-106.40596073074603
CHCARITA_1_N001,LOAD,CA,32.9600895309367,-117.08989329478639
CHCARITA_1_N004,LOAD,CA,32.95991046897258,-117.08989329500262
CHCARITA_1_N008,LOAD,CA,32.95991046897258,-117.09010670499737
CHCARITA_1_N012,GEN,CA,32.9600895309367,-117.0901067052136
CHC_LNODE31A,LOAD,APS,38.95999999998579,-120.89994237638588
CHC_LNODE33A,LOAD,APS,38.95999999998579,-120.90005762361412
CHEATHAM_LNODE12LD3,LOAD,SRP,33.376741939988435,-112.18174231523628
CHEAT_SR_LNODELD2,LOAD,SRP,33.376741939988435,-112.18184968476372
CHEHA_BP_LNODERV2,LOAD,BPAT,46.59912499998116,-122.94694735505595
CHEHA_BP_LNODESS,LOAD,BPAT,46.59912499998116,-122.94707864494404
CHEMA_BP_LNODEF1A,LOAD,BPAT,45.01444499998241,-122.99936550799582
CHEMA_BP_LNODESS,LOAD,BPAT,45.01444499998241,-122.9994924920042
CHEMW_BP_G01GNODE,GEN,BPAT,46.13105388033854,-122.98463
CHEMW_BP_G02GNODE,GEN,BPAT,46.13097305981099,-122.98456266822541
CHEMW_BP_G05GNODE,GEN,BPAT,46.13097305981099,-122.9846973317746
CHENEY_1_CHENEYLNODE,LOAD,AVA,47.476729255541,-117.57935975191343
CHENEY_1_IPLLNODE,LOAD,AVA,47.476729255541,-117.57949339583017
CHEROKEE_6_N001,LOAD,CA,38.005513,-121.237769
CHESH_BP_LNODEDR1,LOAD,BPAT,44.19286899998274,-123.23061796121675
CHESH_BP_LNODEDR2,LOAD,BPAT,44.19286899998274,-123.23074403878326
CHESTER_1_1LNODE,LOAD,AVA,47.64279999998054,-117.27253305112151
CHESTER_1_2LNODE,LOAD,AVA,47.64279999998054,-117.27266694887848
CHESTER_6_N001,LOAD,CA,40.304405,-121.224282
CHESTN_7_NBT1,GEN,CA,36.16025353120251,-119.90482510750581
CHESTN_7_NBT2,GEN,CA,36.16007446869522,-119.9048251077591
CHESTN_7_NSR1,GEN,CA,36.16007446869522,-119.9050468922409
CHESTN_7_NSR2,GEN,CA,36.16025353120251,-119.90504689249418
CHEVGEN1_7_B1,GEN,CA,37.93,-122.38
CHEVGEN2_7_B1,GEN,CA,37.95,-122.4
CHEVMAIN_6_N004,GEN,CA,33.903611,-118.414167
CHEWELAH_1_1LNODE,LOAD,AVA,48.2666,-117.7273
CHEYENNE_LNODE-1,LOAD,NV,36.21928372267788,-115.277849
CHEYENNE_LNODE-2,LOAD,NV,36.21920313864725,-115.2777913309659
CHEYENNE_LNODE-3,LOAD,NV,36.21920313864725,-115.27790666903411
CHICOA_6_N001,LOAD,CA,39.71879299998543,-121.82096169136352
CHICOA_6_N010,LOAD,CA,39.71879299998543,-121.82107830863647
CHICOB_1_N001,LOAD,CA,39.725493999985424,-121.84718768259572
CHICOB_1_N002,LOAD,CA,39.725493999985424,-121.84730431740428
CHICO_R_LNODEOAD,LOAD,NWMT,45.361776,-110.709684
CHIEF_BP_LNODERV1,LOAD,BPAT,47.986251,-119.651597
CHIEF_JO_2_G01GNODE,GEN,BPAT,47.98625099992175,-119.65146266177241
CHIEF_JO_2_G02GNODE,GEN,BPAT,47.98616108614822,-119.65146266200642
CHIEF_JO_2_G03GNODE,GEN,BPAT,47.986097507580865,-119.65155765336112
CHIEF_JO_2_G04GNODE,GEN,BPAT,47.98608230295294,-119.65169005650358
CHIEF_JO_2_G05GNODE,GEN,BPAT,47.986113444657825,-119.65181607950358
CHIEF_JO_2_G06GNODE,GEN,BPAT,47.98617902038479,-119.651907990167
CHIEF_JO_2_G07GNODE,GEN,BPAT,47.98626399664227,-119.65195189475713
CHIEF_JO_2_G08GNODE,GEN,BPAT,47.98635377614028,-119.65194455573608
CHIEF_JO_2_G09GNODE,GEN,BPAT,47.986436020478436,-119.6518902657111
CHIEF_JO_2_G10GNODE,GEN,BPAT,47.98650144889326,-119.65179812041592
CHIEF_JO_2_G11GNODE,GEN,BPAT,47.98654401678577,-119.65167979046957
CHIEF_JO_2_G12GNODE,GEN,BPAT,47.98656072417721,-119.65154779102339
CHIEF_JO_2_G13GNODE,GEN,BPAT,47.98655121629359,-119.65141420519566
CHIEF_JO_2_G14GNODE,GEN,BPAT,47.98651728349797,-119.65128980014765
CHIEF_JO_2_G15GNODE,GEN,BPAT,47.98646233143732,-119.65118347041174
CHIEF_JO_2_G16GNODE,GEN,BPAT,47.98639086736752,-119.65110194527826
CHIEF_JO_5_G17GNODE,GEN,BPAT,47.98630803122085,-119.65104970241435
CHIEF_JO_5_G18GNODE,GEN,BPAT,47.98621918771432,-119.651029036652
CHIEF_JO_5_G19GNODE,GEN,BPAT,47.986129587165244,-119.65104024005866
CHIEF_JO_5_G20GNODE,GEN,BPAT,47.98604409667087,-119.6510818564347
CHIEF_JO_5_G21GNODE,GEN,BPAT,47.98596699922181,-119.65115097996302
CHIEF_JO_5_G22GNODE,GEN,BPAT,47.985901855648024,-119.6512435737091
CHIEF_JO_5_G23GNODE,GEN,BPAT,47.98585142267327,-119.65135478896931
CHIEF_JO_5_G24GNODE,GEN,BPAT,47.98581761949984,-119.65147927107864
CHIEF_JO_5_G25GNODE,GEN,BPAT,47.98580153505029,-119.651611441238
CHIEF_JO_5_G26GNODE,GEN,BPAT,47.98580346810189,-119.65174574724908
CHIEF_JO_5_G27GNODE,GEN,BPAT,47.98582299293003,-119.65187687880153
CHINO_6_GN001,GEN,CA,33.985057,-117.700871
CHINO_6_N003,GEN,CA,33.99848218150198,-117.67886922333959
CHINO_6_N007,LOAD,CA,33.998301818402325,-117.67886922357054
CHINO_6_N008,LOAD,CA,33.998301818402325,-117.67908677642946
CHINO_6_N010,GEN,CA,34.059534,-117.773825
CHINO_6_N019,GEN,CA,33.965617,-117.659059
CHINO_6_N020,GEN,CA,34.05099999998795,-117.58994555280512
CHINO_6_N108,GEN,CA,34.0408,-117.8217
CHIPARK_7_B1,GEN,CA,39.267746,-120.776138
CHIRICAH_LNODERXFR,LOAD,WALC,31.884047,-109.694707
CHI_LNODESEC,LOAD,PSE,47.590278,-122.713611
CHLDHOSP_1_N001,LOAD,CA,36.87,-119.81
CHLS_LNODEWR1,LOAD,PGE,45.50860599998225,-122.77300712167904
CHLS_LNODEWR2,LOAD,PGE,45.50860599998225,-122.77313487832096
CHOLLAS_6_N001,LOAD,CA,32.744058749573895,-117.046316
CHOLLAS_6_N008,LOAD,CA,32.743978125200904,-117.04626065732346
CHOLLAS_6_N009,LOAD,CA,32.743978125200904,-117.04637134267654
CHOPP_SR_LNODELD0,LOAD,SRP,33.4269826946653,-111.67480252822378
CHOTEAU_LNODEOAD,LOAD,NWMT,47.80875,-112.179256
CHOWCOGN_7_N001,GEN,CA,37.12081409943256,-120.250611
CHRIS_SR_LNODELD2,LOAD,SRP,33.4765549999884,-112.18694621178196
CHRIS_SR_LNODELD3,LOAD,SRP,33.4765549999884,-112.18705378821804
CHRLO_H_LNODEOAD,LOAD,NWMT,46.129355,-114.179283
CHROME_J_LNODEOAD,LOAD,NWMT,45.348879,-109.599908
CHR_LNODEXF2,LOAD,PSE,47.795833,-122.586667
CHR_PDS1_LNODE-1,LOAD,NV,36.157466,-115.250212
CHSTN_1_N001,LOAD,CA,38.09,-120.3
CHSTN_7_B1,GEN,CA,37.874056,-120.477556
CHS_LNODEK1L,LOAD,NWMT,45.65666053992137,-108.76415289474639
CHS_LNODEK2L,LOAD,NWMT,45.656481459935485,-108.76415289515607
CHS_LNODEK3L,LOAD,NWMT,45.656481459935485,-108.76440910484393
CHS_LNODEK4L,LOAD,NWMT,45.65666053992137,-108.7644091052536
CHUKAR_7_BESSGNODE,GEN,NV,39.55580555998553,-119.43585859248527
CHUKAR_LNODE192,LOAD,NV,39.55580555998553,-119.43597480751473
CHWCHLA2_7_N001,GEN,CA,36.543895,-119.204619
CHWCHLLA_1_N001,LOAD,CA,37.12073295026913,-120.25055224215674
CHWCHLLA_1_N002,LOAD,CA,37.12073295026913,-120.25066975784326
CH_GNODECHST1,GEN,APS,34.93941,-110.303577
CH_GNODECHST3,GEN,APS,34.939409999950314,-110.30346683231495
CH_LNODEAXL1,LOAD,APS,34.93931968909366,-110.30346683243627
CH_LNODEAXL2,LOAD,APS,34.939255829719976,-110.30354473269277
CH_LNODET1L,LOAD,APS,34.93924055795583,-110.30365331358615
CH_LNODET3L,LOAD,APS,34.939271837253834,-110.303756662229
CIBOLA_1_ROUTE66GNODE,GEN,PNM,34.65052168608005,-104.01434503693997
CIENEGA_LNODEC12,LOAD,TEPC,32.03521484,-110.7218859
CIG_GNODEPKR,GEN,BANC,38.445751,-121.462621
CIG_LNODEFDR10,LOAD,APS,33.69152701,-112.024196
CIG_LNODEFDR12,LOAD,APS,33.69152700995298,-112.02408793916435
CIG_LNODEFDR13,LOAD,APS,33.691437099429784,-112.0240879392774
CIG_LNODEFDR17,LOAD,APS,33.691373523132086,-112.02416434977054
CIG_LNODEFDR18,LOAD,APS,33.69135831906617,-112.02427085417106
CIG_LNODEFDR2,LOAD,APS,33.69138945971349,-112.02437222637916
CIG_LNODEFDR20,LOAD,APS,33.691455033154355,-112.02444615869756
CIG_LNODEFDR21,LOAD,APS,33.691540006390746,-112.02448147510903
CIG_LNODEFDR9,LOAD,APS,33.69162978263441,-112.02447557145244
CIG_SM_LNODESS,LOAD,BANC,38.44525,-121.461543055556
CIMA_2_N101,LOAD,CA,35.2691,-115.49292
CIMGEN_7_B1,GEN,CA,33.99848218150198,-117.67908677666041
CINIZA_LNODENIZA,LOAD,PNM,35.48562099998746,-108.42327117619168
CITRUS_LNODED23,LOAD,SRP,33.218668999988516,-111.71231846205997
CITRUS_LNODELD0,LOAD,SRP,33.218668999988516,-111.71242553794004
CITYUKH_1_B1,LOAD,CA,39.14300254479826,-123.19181754359136
CITYUKH_1_N001,GEN,CA,39.142823455087914,-123.19181754388508
CJ_LNODE10A,LOAD,APS,33.571504,-112.129118
CJ_LNODE12A,LOAD,APS,33.57150399995333,-112.12901021474701
CJ_LNODE13A,LOAD,APS,33.57141419367218,-112.12901021485914
CJ_LNODE14A,LOAD,APS,33.57135069108453,-112.12908643048637
CJ_LNODE17A,LOAD,APS,33.57133550464623,-112.12919266327468
CJ_LNODE20A,LOAD,APS,33.57136660918971,-112.12929377695859
CJ_LNODE21A,LOAD,APS,33.57143210660566,-112.12936752073033
CJ_LNODE22A,LOAD,APS,33.57151698132459,-112.12940274707451
CJ_LNODER9A,LOAD,APS,33.57160665348182,-112.1293968584721
CKD_LNODEFDR2,LOAD,APS,33.82855891404392,-111.94805640371092
CKD_LNODEFDR4,LOAD,APS,34.51232860319354,-110.131544071085
CL34STUP_LNODE3LD,LOAD,NWMT,45.890047,-106.614087
CL34STUP_LNODE4LC,LOAD,NWMT,45.89004699992766,-106.61395822923451
CL34STUP_LNODEBRINE,LOAD,NWMT,45.889957370713965,-106.614087
CLAIRMNT_6_N008,LOAD,CA,32.825996732119705,-117.184096
CLAMMNA_1_N001,LOAD,CA,37.807826,-121.276142
CLANCY_LNODEOAD,LOAD,NWMT,46.479916,-111.992939
CLAREMNT_LNODEEMNT,LOAD,PNM,35.114,-106.636
CLARIBEL_LNODEGFP,LOAD,BANC,37.71028,-120.9688
CLARKFRK_1_1LNODE,LOAD,AVA,48.1523,-116.1871
CLARKRD_7_N001,LOAD,CA,39.6546447946953,-121.635292
CLARKRD_7_N002,GEN,CA,39.65456410263663,-121.63523148926075
CLARKRD_7_N003,GEN,CA,39.65456410263663,-121.63535251073925
CLARK_GNODE 4,GEN,NV,36.086427,-115.049192
CLARK_GNODE 5,GEN,NV,36.08642699994901,-115.04908121091242
CLARK_GNODE 6,GEN,NV,36.086337468025896,-115.0490812110386
CLARK_GNODE 7,GEN,NV,36.08627415944256,-115.04915955069062
CLARK_GNODE 8,GEN,NV,36.08625901939711,-115.04926874402868
CLARK_GNODE 9,GEN,NV,36.08629002890671,-115.04937267560616
CLARK_GNODE10,GEN,NV,36.08635532621613,-115.04944847452776
CLARK_GNODE11,GEN,NV,36.086439941635845,-115.0494846826087
CLARK_GNODE12,GEN,NV,36.086529339846024,-115.04947862992677
CLARK_GNODE13,GEN,NV,36.08661123485261,-115.04943385669864
CLARK_GNODE14,GEN,NV,36.086676385334606,-115.04935786425428
CLARK_GNODE15,GEN,NV,36.08671877239728,-115.04926027738254
CLARK_GNODE16,GEN,NV,36.086735408828304,-115.04915141731263
CLARK_GNODE17,GEN,NV,36.08672594136961,-115.04904124895045
CLARK_GNODE18,GEN,NV,36.086692152772734,-115.048938651931
CLARK_GNODE19,GEN,NV,36.0866374341999,-115.04885096155066
CLARK_GNODE20,GEN,NV,36.08656627373825,-115.0487837274595
CLARK_GNODE21,GEN,NV,36.086483789465824,-115.04874064242266
CLARK_GNODE22,GEN,NV,36.08639532329898,-115.0487235990418
CLARK_LNODE14,LOAD,NV,36.08630610325123,-115.04873283824656
CLARK_LNODE19,LOAD,NV,36.086220975755474,-115.04876715916504
CLARK_LNODE21,LOAD,NV,36.086144205628436,-115.04882416540849
CLARK_SR_LNODELD2,LOAD,SRP,33.291786,-111.731891
CLARMNT_1_N001,LOAD,CA,32.82591613392796,-117.18404062431202
CLARMNT_1_N028,GEN,CA,32.82591613392796,-117.18415137568797
CLAUS_LNODEKSN,LOAD,BANC,37.639389999986214,-120.91954289863075
CLAUS_LNODESME,LOAD,BANC,37.639389999986214,-120.91965710136925
CLAYMONT_LNODE-1,LOAD,NV,36.115191530442864,-115.14271617211409
CLAYMONT_LNODE-2,LOAD,NV,36.11501246945506,-115.1427161723668
CLAYMONT_LNODE-3,LOAD,NV,36.11501246945506,-115.1429378276332
CLAYMONT_LNODE-4,LOAD,NV,36.115191530442864,-115.14293782788592
CLAYTN_1_N001,LOAD,CA,38.34245511038229,-120.93484110965764
CLAYTN_1_N004,LOAD,CA,37.943825,-121.969415
CLAYTN_1_N029,LOAD,CA,38.3422748895056,-120.93484110994348
CLAYTN_1_N030,LOAD,CA,38.3422748895056,-120.93507089005652
CLAYTON_LNODELINE,LOAD,PNM,48.01271493413664,-117.565692
CLAYTON_LNODEYTON,LOAD,PNM,48.012634032910505,-117.5656221783917
CLAYT_BP_LNODEAND,LOAD,BPAT,48.012634032910505,-117.56576182160829
CLAY_6_N001,LOAD,CA,38.34245511038229,-120.93507089034236
CLA_LNODE1,LOAD,PSE,47.177987,-121.791509
CLCK_LNODEWR1,LOAD,PGE,45.39800599998224,-122.56681523272613
CLCK_LNODEWR2,LOAD,PGE,45.39800599998224,-122.56694276727387
CLEARGEN_6_N004,GEN,CA,33.889805,-117.58836
CLEARWTR_1_3GNODE,GEN,AVA,46.4307,-116.9759
CLEARWTR_1_4GNODE,GEN,AVA,46.43069999992555,-116.97576932342228
CLEARWTR_7_T1LNODE,GEN,AVA,46.43062200018794,-116.97583466180465
CLEARWTR_7_T2LNODE,GEN,AVA,46.43062200018794,-116.97596533819535
CLEARWTR_7_T3LNODE,GEN,AVA,46.43069999992555,-116.97603067657771
CLEARWTR_7_T4LNODE,GEN,AVA,46.430777999774776,-116.97596533838237
CLEARWTR_7_T5LNODE,GEN,AVA,46.430777999774776,-116.97583466161764
CLEDIST_LNODEXF2,LOAD,PSE,47.183611,-120.956944
CLEMANS_LNODELD2,LOAD,SRP,33.34874099998846,-111.89481834287477
CLEMA_SR_LNODELD3,LOAD,SRP,33.34874099998846,-111.89492565712523
CLEMENT_FDR1LNODE,LOAD,TPWR,47.196760432077724,-122.47477691030849
CLEMENT_FDR2LNODE,LOAD,TPWR,47.19657956776811,-122.47477691076213
CLEMENT_FDR3LNODE,LOAD,TPWR,47.19657956776811,-122.47504308923787
CLEMENT_FDR4LNODE,LOAD,TPWR,47.196760432077724,-122.47504308969151
CLERLKE_6_N001,LOAD,CA,39.007954999985856,-122.89377935245265
CLERLKE_6_N012,LOAD,CA,39.007954999985856,-122.89389464754734
CLFAS_BP_LNODEIER,LOAD,BPAT,48.36283777587005,-114.143889
CLFAS_BP_LNODELLE,LOAD,BPAT,48.362757112043816,-114.14381890605372
CLFAS_BP_LNODERV3,LOAD,BPAT,48.362757112043816,-114.14395909394628
CLINESCO_3_ELCABOWF1GNODE,GEN,PNM,34.809264228382716,-106.525602
CLINESCO_3_ELCABOWF2GNODE,GEN,PNM,34.80918288579527,-106.52554480163825
CLINTN_R_LNODEOAD,LOAD,NWMT,46.754561,-113.709168
CLI_6_CLINT_SLRGNODE,GEN,EPE,46.94186389,-118.5669444
CLI_LNODE14,LOAD,EPE,31.583856076518725,-106.2550524892836
CLI_LNODE15,LOAD,EPE,31.58377777773364,-106.25499942310138
CLI_LNODE16,LOAD,EPE,31.58369947901445,-106.25505248937277
CLI_LNODE_11,LOAD,EPE,31.58369947901445,-106.25515862173722
CLI_LNODE_12,LOAD,EPE,31.58377777773364,-106.25521168800861
CLI_LNODE_13,LOAD,EPE,31.583856076518725,-106.2551586218264
CLMBAHL_6_N001,LOAD,CA,39.331874,-121.101368
CLNT_LNODE10A,LOAD,APS,33.652686875906156,-111.95138002948568
CLNT_LNODE12A,LOAD,APS,33.65250712400001,-111.95138002971117
CLNT_LNODEFDR2,LOAD,APS,33.65250712400001,-111.95159597028882
CLNT_LNODER5A,LOAD,APS,33.652686875906156,-111.95159597051432
CLOUGH_LNODEIYF,LOAD,BANC,37.62761111,-120.9751667
CLOUGH_LNODEYBR,LOAD,BANC,37.62761110994497,-120.97505251712948
CLOVIS_1_N001,LOAD,CA,36.826043942491545,-119.681281
CLOVIS_1_N004,LOAD,CA,36.825963028740034,-119.68122263908639
CLOVIS_1_N101,LOAD,CA,36.825963028740034,-119.68133936091361
CLOVRDLE_1_N001,LOAD,CA,38.795757,-123.011412
CLPR_GNODE001,GEN,IPCO,42.667123,-114.780106
CLRKSVLE_1_N001,LOAD,CA,38.655559898770534,-121.060175
CLRKSVLE_1_N003,LOAD,CA,38.655479050599546,-121.06011522698469
CLRKSVLE_1_N004,LOAD,CA,38.655479050599546,-121.0602347730153
CLRKS_BP_LNODE115,LOAD,BPAT,46.423867,-117.100011
CLR_1_CLR_WNDGNODE,GEN,PSE,39.12823755117562,-119.13316128161424
CLR_LNODEXF1,LOAD,PSE,46.980625,-120.555512
CLSAJCT_6_N001,LOAD,CA,39.190857,-121.990506
CLTN_LNODEBR1,LOAD,PGE,45.171368,-122.442192
CLT_LNODE10A,LOAD,APS,33.496241722037,-112.3231241905977
CLT_LNODE13A,LOAD,APS,33.496163999953474,-112.323070381292
CLT_LNODER1A,LOAD,APS,33.49608627793974,-112.3231241906943
CLT_LNODER2A,LOAD,APS,33.49608627793974,-112.3232318093057
CLT_LNODER4A,LOAD,APS,33.496163999953474,-112.32328561870801
CLT_LNODER9A,LOAD,APS,33.496241722037,-112.32323180940232
CLUFF_SR_LNODELD1,LOAD,SRP,33.445841,-111.666663
CLUMBS_R_LNODEOAD,LOAD,NWMT,45.667987,-109.28362
CLVR PK_FDR1LNODE,LOAD,TPWR,47.156510435919046,-122.51519700550413
CLVR PK_FDR2LNODE,LOAD,TPWR,47.1563295639271,-122.51519700595682
CLVR PK_FDR3LNODE,LOAD,TPWR,47.1563295639271,-122.51546299404318
CLVR PK_FDR4LNODE,LOAD,TPWR,47.156510435919046,-122.51546299449586
CLVR_LNODEWR1,LOAD,PGE,44.9085,-122.9463
CLV_LNODEXF1,LOAD,PSE,48.326111,-122.668611
CLWTER_2_N003,LOAD,CA,35.39850993300358,-118.93957167203409
CLW_LNODE10A,LOAD,APS,33.740766,-112.306425
CLW_LNODE13A,LOAD,APS,33.74076599995289,-112.30631682385906
CLW_LNODER1A,LOAD,APS,33.74067604514137,-112.306425
CLW_LNODER5A,LOAD,APS,33.74076599995289,-112.30653317614093
CLW_LNODER9A,LOAD,APS,33.740855954858716,-112.306425
CLXT_LNODEBR1,LOAD,PGE,44.98416,-123.000259
CLYDE_PK_LNODEILS,LOAD,NWMT,45.90771999998193,-110.61857458678809
CLYDE_PK_LNODELYD,LOAD,NWMT,45.90771999998193,-110.61870341321192
CLYPSE_LNODEXF2,LOAD,PSE,47.632222,-122.201944
CL_2_SES_BATTERYGNODE,GEN,SRP,42.841518,-114.903599
CL_LNODER1A,LOAD,APS,33.008483718457356,-111.525738
CL_LNODER2A,LOAD,APS,33.00840314075906,-111.52568252412863
CL_LNODER3A,LOAD,APS,33.00840314075906,-111.52579347587137
CM3_PP_GNODEF1_5,GEN,LADWP,35.871943999987344,-114.92827772086322
CM3_PP_GNODEF6_10,GEN,LADWP,35.871943999987344,-114.92838827913677
CMBLND_7_N002,GEN,CA,34.865664,-116.75428
CMBLND_7_N004,GEN,CA,34.8656639999503,-116.7541698793079
CMBLND_7_N006,GEN,CA,34.86557364656648,-116.75428
CMBLND_7_N008,GEN,CA,34.8656639999503,-116.75439012069211
CMBLND_7_N010,GEN,CA,34.86575435343336,-116.75428
CMC_GNODE1,GEN,APS,33.66007784050184,-112.10894600618334
CMC_GNODE2,GEN,APS,33.659999999953044,-112.10889201246438
CMC_LNODE17A,LOAD,APS,33.65992215947467,-112.10894600628104
CMC_LNODE1A,LOAD,APS,33.65992215947467,-112.10905399371896
CMC_LNODE21A,LOAD,APS,33.659999999953044,-112.10910798753561
CMC_LNODE9A,LOAD,APS,33.66007784050184,-112.10905399381666
CMFS_1_SOLA_CIMGNODE,GEN,PNM,36.468438,-104.635097
CMPEVRS_1_N001,LOAD,CA,37.041635999986624,-122.02530956161661
CMPEVRS_1_N002,LOAD,CA,37.041635999986624,-122.02542243838339
CMPFARW_7_B1,GEN,CA,39.048802,-121.316966
CMX_LNODEMR1,LOAD,APS,34.77845799998761,-112.08374997361902
CMX_LNODEMR2,LOAD,APS,34.77845799998761,-112.08386002638098
CNBY_LNODEBR1,LOAD,PGE,45.267414,-122.721695
CNBY_LNODEBR2,LOAD,PGE,45.267413999929204,-122.7215676877346
CNBY_LNODEBR3,LOAD,PGE,45.2673243977747,-122.721695
CNBY_LNODEBR4,LOAD,PGE,45.267413999929204,-122.7218223122654
CNCOURS_LNODE-1,LOAD,NV,36.082880719324464,-115.119336
CNCOURS_LNODE-2,LOAD,NV,36.082800140324004,-115.11927843477434
CNCOURS_LNODE-3,LOAD,NV,36.082800140324004,-115.11939356522566
CNDLARIA_LNODE31,LOAD,NV,38.283425,-118.019694
CNLS_LNODEBR1,LOAD,PGE,45.5194,-122.8063
CNTL_LNODEWR1,LOAD,PGE,45.505799999982194,-122.48438712469715
CNTL_LNODEWR2,LOAD,PGE,45.505799999982194,-122.48451487530285
CNTRVL12_7_N002,GEN,CA,39.788877,-121.657383
CNTRYCB_6_N001,LOAD,CA,37.97966036733168,-121.31639835392943
CNTRYCB_6_N002,LOAD,CA,37.979479632557,-121.31639835421177
CNTRYCB_6_N004,LOAD,CA,37.979479632557,-121.31662764578823
CNTRYCB_6_N006,LOAD,CA,37.97966036733168,-121.31662764607057
CNYN_LNODEWR1,LOAD,PGE,45.51694653145261,-122.69109522528268
CNYN_LNODEWR2,LOAD,PGE,45.516767468404915,-122.69109522568928
CNYN_LNODEWR3,LOAD,PGE,45.516767468404915,-122.69135077431072
CNYN_LNODEWR4,LOAD,PGE,45.51694653145261,-122.6913507747173
CN_LNODER2A,LOAD,APS,34.71737099998766,-111.90460700176753
CN_LNODER4A,LOAD,APS,34.71737099998766,-111.90471699823246
COAL_LNODECOAL,LOAD,PNM,35.0782,-106.63
COBURGEW_LNODEFUTURE,LOAD,BPAT,44.09856998998275,-123.06291244272636
COBUR_BP_LNODE2KV,LOAD,BPAT,44.09856998998275,-123.06303835727364
COCHRANE_1_CCH1GNODE,GEN,NWMT,47.553538999980574,-111.14895411653956
COCHRANE_1_CCH2GNODE,GEN,NWMT,47.553538999980574,-111.14908788346045
COFFI_BP_G04GNODE,GEN,BPAT,46.13993,-122.9937
COGNTNL_7_B1,GEN,CA,37.943611,-121.330278
COH_LNODE-1,LOAD,NV,36.071917,-114.994242
COH_LNODE-2,LOAD,NV,36.07191699994903,-114.9941312297601
COLBERT_1_BPAT_COLBERTLNODE,LOAD,AVA,47.8376,-117.3526
COLDC_BP_LNODE115,LOAD,BPAT,46.563037,-119.813236
COLEMAN_7_B1,GEN,CA,40.404645,-122.121904
COLGATE1_7_B1,GEN,CA,39.33116799998566,-121.19201112395356
COLGATE2_7_B1,GEN,CA,39.33116799998566,-121.19212687604643
COLLEGE_1_MANZANOPVGNODE,GEN,PNM,34.744085,-106.653449
COLLEGE_1_VISTAPVGNODE,GEN,PNM,34.741417,-106.657062
COLLEG_LNODEDR1,LOAD,TIDC,37.6091056801805,-120.992876143573
COLLEG_LNODEDR2,LOAD,TIDC,37.6091096218649,-120.992789582042
COLLEG_LNODEDR5,LOAD,TIDC,37.6090266914486,-120.992698116343
COLLEG_LNODER15,LOAD,TIDC,37.6090419641747,-120.993034819943
COLLINS_7_N002,GEN,CA,40.303422,-121.244431
COLLINS_FDR1LNODE,LOAD,TPWR,47.140009999980784,-122.36923352285922
COLLINS_FDR2LNODE,LOAD,TPWR,47.140009999980784,-122.36936647714077
COLLINS_LNODEOAD,LOAD,NWMT,47.955881,-111.778162
COLLI_SR_LNODELD2,LOAD,SRP,33.4626419999884,-112.29050322662816
COLLI_SR_LNODELD3,LOAD,SRP,33.4626419999884,-112.29061077337184
COLLRVL1_7_B1,GEN,CA,38.14,-120.4
COLLRVL2_7_B1,GEN,CA,38.15,-120.39
COLL_WAL_1_1LNODE,LOAD,AVA,47.662899999980546,-117.43373303714503
COLL_WAL_1_2LNODE,LOAD,AVA,47.662899999980546,-117.43386696285496
COLMA_BP_LNODEERV,LOAD,BPAT,47.294057999980716,-120.07734234847372
COLMA_BP_LNODESS1,LOAD,BPAT,47.294057999980716,-120.07747565152629
COLNGA1_6_N001,LOAD,CA,36.13602399998719,-120.34444457141348
COLNGA1_6_N002,LOAD,CA,36.13602399998719,-120.34455542858652
COLNGA2_6_N001,LOAD,CA,36.236577,-120.315114
COLONY_6_N001,LOAD,CA,38.190132,-121.181632
COLSTRIP34_5_NWMTSHAREGNODE,GEN,NWMT,45.89004699992766,-106.61421577076548
COLSTRIP_5_AVAGNODE,GEN,AVA,45.88359341963015,-106.6131447041032
COLSTRIP_7_COL3GNODE,GEN,NWMT,45.8844,-106.612196
COLSTRIP_7_COL4GNODE,GEN,NWMT,45.8844,-106.611481
COLSTRIP_7_TLN34GNODE,GEN,NWMT,45.89013662928603,-106.614087
COLSTRI_LNODE4LD,LOAD,NWMT,45.891075621686426,-106.61669661303837
COLSTRI_LNODE5LD,LOAD,NWMT,45.8909979999277,-106.61663222625673
COLSTRI_LNODELD1,LOAD,NWMT,45.89092037827743,-106.61669661321835
COLSTRI_LNODELD2,LOAD,NWMT,45.89092037827743,-106.61682538678166
COLSTRI_LNODET1L,LOAD,NWMT,45.8909979999277,-106.61688977374328
COLSTR_R_LNODEOAD,LOAD,NWMT,45.891075621686426,-106.61682538696162
COLUMBRL_1_G01GNODE,GEN,BPAT,45.61984,-120.22645
COLUMBUS_1_N001,LOAD,CA,35.398330066896115,-118.93957167228022
COLUMBUS_1_N003,LOAD,CA,35.398330066896115,-118.93979232771979
COLUMBUS_1_N005,LOAD,CA,35.39850993300358,-118.9397923279659
COLUM_ES_LNODEOAD,LOAD,NWMT,45.64432,-109.244664
COLUSA_6_N001,LOAD,CA,39.213610999985775,-122.00296022131043
COLUSA_6_N004,LOAD,CA,39.213610999985775,-122.00307577868956
COLVILLE_1_1LNODE,LOAD,AVA,48.5453537302311,-117.9142
COLVILLE_1_2LNODE,LOAD,AVA,48.545273134863066,-117.91412971333223
COLVILLE_1_3LNODE,LOAD,AVA,48.545273134863066,-117.91427028666777
COLWATER_1_N001,LOAD,CA,34.86012489309556,-116.85312978164612
COLWATER_1_N002,LOAD,CA,34.86012489309556,-116.85324421835388
COL_LNODEXF2,LOAD,PSE,47.589444,-122.146389
COMB_H_2_2_Z1GNODE,GEN,BPAT,45.94425818198193,-118.67868766920805
COMB_H_2_2_ZDGNODE,GEN,BPAT,45.94425818198193,-118.67881661279195
COMMERC_LNODE-1,LOAD,NV,36.16066299998725,-115.15327055344537
COMMERC_LNODE-2,LOAD,NV,36.16066299998725,-115.15338144655463
COMMONS_LNODEDR1,LOAD,TIDC,37.6091045275098,-120.992962913259
COMMONS_LNODEDR3,LOAD,TIDC,37.5166183000533,-120.867554724081
COMMONS_LNODEDR4,LOAD,TIDC,37.516699044633,-120.867555122205
COMMONS_LNODEDR5,LOAD,TIDC,37.5164895041446,-120.867550987033
COMMONS_LNODEDR7,LOAD,TIDC,37.5165532160667,-120.867553025577
COMMONS_LNODEDR8,LOAD,TIDC,37.5008689404211,-120.913270146673
CONCHO_1_N002,LOAD,CA,33.785845,-116.342689
CONCTRAT_LNODELD1,LOAD,NWMT,46.008194,-112.500634
CONCTRAT_LNODELD2,LOAD,NWMT,46.00819399992728,-112.50050484507295
CONCTRAT_LNODELD3,LOAD,NWMT,46.0081042946638,-112.5005048452824
CONCTRAT_LNODELD4,LOAD,NWMT,46.008040863530184,-112.50059617150242
CONCTRAT_LNODELD5,LOAD,NWMT,46.00802569416396,-112.50072346603554
CONCTRAT_LNODELD6,LOAD,NWMT,46.00805676366299,-112.50084462658795
CONCTRAT_LNODELD7,LOAD,NWMT,46.00812218733435,-112.50093299096423
CONCTRAT_LNODELD8,LOAD,NWMT,46.0082069665407,-112.50097520150676
CONDO_BP_LNODEDON,LOAD,BPAT,45.231263,-120.258768
CONDWIND_1_Z1GNODE,GEN,BPAT,45.24622499998227,-120.27751836000817
CONDWIND_1_Z2GNODE,GEN,BPAT,45.24622499998227,-120.27764563999183
CONEL_BP_LNODENRD,LOAD,BPAT,46.648226999981205,-118.86721026818411
CONNELL_LNODEFRK,LOAD,BPAT,46.648226999981205,-118.86734173181588
CONOCONW_LNODEK1H,LOAD,NWMT,45.77824499998202,-108.48902078243027
CONOCONW_LNODEK2H,LOAD,NWMT,45.77824499998202,-108.48914921756973
CONRAD_LNODELD1,LOAD,NWMT,48.16711499998036,-111.94424570975895
CONRAD_LNODEOAD,LOAD,NWMT,48.16711499998036,-111.94438029024106
CONRAD_P_LNODEOAD,LOAD,NWMT,48.148985,-111.962234
CONTADNA_1_N001,LOAD,CA,36.29,-119.71
CONTLIME_LNODEOAD,LOAD,NWMT,46.329204,-111.618437
CONTROLX_1_N001,LOAD,CA,37.342839,-118.471988
CONTROLX_1_N002,GEN,CA,37.342838999945684,-118.47187438463926
CONTROLX_1_N003,GEN,CA,37.342760774939634,-118.4719311923788
CONTROLX_1_N004,GEN,CA,37.342760774939634,-118.47204480762119
CONTROLX_1_N005,GEN,CA,37.342838999945684,-118.47210161536073
CONTROLX_1_N008,GEN,CA,37.64595426063257,-118.915805
CONTROLX_1_N009,GEN,CA,37.64587286966881,-118.91574565290023
CONTROLX_1_N010,GEN,CA,37.64587286966881,-118.91586434709977
CONTROL_1_N034,GEN,CA,37.34291722503321,-118.47204480773954
CONTROL_7_N001,LOAD,CA,37.34291722503321,-118.47193119226046
CONT_DR_LNODEOAD,LOAD,NWMT,45.982181,-112.487785
CONVALOF_LNODELD1,LOAD,SRP,33.46413999998846,-112.24624422503585
CONVALOF_LNODELD2,LOAD,SRP,33.46413999998846,-112.24635177496415
COOK_SR_LNODELD2,LOAD,SRP,33.596755,-112.171572
COOLDGEN_LNODE10AUX,LOAD,SRP,32.91692,-111.50214
COOLDGEN_LNODE11AUX,LOAD,SRP,32.916919999954736,-111.50203334238641
COOLDGEN_LNODE12AUX,LOAD,SRP,32.91683046521593,-111.5020333424943
COOLDGEN_LNODEU1AUX,LOAD,SRP,32.91676715463641,-111.50210876076218
COOLDGEN_LNODEU2AUX,LOAD,SRP,32.91675201411707,-111.50221388215834
COOLDGEN_LNODEU3AUX,LOAD,SRP,32.91678302461422,-111.50231393800385
COOLDGEN_LNODEU4AUX,LOAD,SRP,32.91684832399259,-111.50238691027307
COOLDGEN_LNODEU5AUX,LOAD,SRP,32.91693294208263,-111.50242176807566
COOLDGEN_LNODEU6AUX,LOAD,SRP,32.91702234310265,-111.50241594107139
COOLDGEN_LNODEU7AUX,LOAD,SRP,32.91710424067381,-111.50237283747627
COOLDGEN_LNODEU8AUX,LOAD,SRP,32.91716939319037,-111.50229967889666
COOLDGEN_LNODEU9AUX,LOAD,SRP,32.91721178157549,-111.50220573119991
COOLE_SR_LNODE12LD4,LOAD,SRP,33.329403779508695,-111.704785
COOLE_SR_LNODELD2,LOAD,SRP,33.329323110233176,-111.70472925738318
COOLE_SR_LNODELD3,LOAD,SRP,33.329323110233176,-111.70484074261682
COOLIDGE_LNODE12_5,LOAD,WALC,33.00287499998867,-111.31343362177672
COOLIDGE_LNODEEBIA,LOAD,WALC,33.00287499998867,-111.31354037822327
COOPER_LNODEDR1,LOAD,TIDC,37.3189566034476,-120.5119493179366
COOPER_LNODEDR2,LOAD,TIDC,37.31895660339336,-120.51183575699493
COOPER_LNODEDR3,LOAD,TIDC,37.318866291449055,-120.51183575713138
COOPER_LNODEDR4,LOAD,TIDC,37.318802431310424,-120.51191605677509
COOPER_LNODEDR5,LOAD,TIDC,37.318787159360575,-120.51202798203006
COOPER_LNODEDR6,LOAD,TIDC,37.31881843902539,-120.51213451388375
COOPER_LNODEDR7,LOAD,TIDC,37.318884305211256,-120.51221220923813
COOPER_LNODEDR8,LOAD,TIDC,37.318969657813994,-120.51224932323211
COOPER_LNODEDR9,LOAD,TIDC,37.31905983488123,-120.51224311913526
COOPER_LNODER14,LOAD,TIDC,37.31914244338007,-120.5121972257278
COOPER_LNODER15,LOAD,TIDC,37.31920816147405,-120.51211933201114
COOPER_LNODER16,LOAD,TIDC,37.31925091782716,-120.51201930357878
COOPER_LNODER17,LOAD,TIDC,37.31926769919903,-120.51190771989396
COOPE_SR_LNODELD1,LOAD,SRP,33.259564999988484,-111.80627242630719
COOPE_SR_LNODELD2,LOAD,SRP,33.259564999988484,-111.80637957369281
COPPERMT_6_GN001,GEN,CA,35.7814,-114.9933
COPPERMT_7_N002,GEN,CA,35.7881,-114.9933
COPUS_6_N001,LOAD,CA,35.093593,-119.278466
COP_1_COPPERGNODE,GEN,EPE,31.757154224172176,-106.37431042562187
COP_LNODE_10,LOAD,EPE,31.75697355351726,-106.37431042582924
COP_LNODE_11,LOAD,EPE,31.75697355351726,-106.37452290750409
COP_LNODE_12,LOAD,EPE,31.757154224172176,-106.37452290771145
CORALBLF_LNODEARA1,LOAD,PNM,35.2257,-106.653
CORALBLF_LNODEARA2,LOAD,PNM,35.225699999949995,-106.65288971709793
CORALBLF_LNODEARA3,LOAD,PNM,35.22560991136286,-106.65288971722036
CORALBLF_LNODEARA4,LOAD,PNM,35.22554620915775,-106.65296769894705
CORALBLF_LNODEARA5,LOAD,PNM,35.22553097497969,-106.65307639339613
CORALBLF_LNODEARA6,LOAD,PNM,35.22556217729337,-106.65317985012327
CORALBLF_LNODEARA7,LOAD,PNM,35.22562788059186,-106.65325530272429
CORALBLF_LNODEARA8,LOAD,PNM,35.22571302210944,-106.65329134536664
CORALBLF_LNODEBLUFF1,LOAD,PNM,35.22580297615193,-106.65328532033072
CORAMA_7_N003,GEN,CA,35.075,-118.3158
CORA_LNODEK1L,LOAD,NWMT,46.027397,-112.52431
CORBE_SR_LNODELD2,LOAD,SRP,33.35783478961867,-111.829682
CORBE_SR_LNODELD3,LOAD,SRP,33.35775410517822,-111.82962622869822
CORBE_SR_LNODELD4,LOAD,SRP,33.35775410517822,-111.82973777130178
CORCORAN_1_N001,LOAD,CA,36.10957699998725,-119.55797958991954
CORCORAN_1_N005,LOAD,CA,36.10957699998725,-119.55809041008045
CORDELIA_6_N001,LOAD,CA,38.216066,-122.112082
CORDPMP_6_N003,LOAD,CA,38.575433098781254,-121.497588
CORNELL_LNODENELL,LOAD,PNM,45.53,-122.83
CORNING_6_N004,LOAD,CA,39.93198099998522,-122.18732639815484
CORNING_6_N006,LOAD,CA,39.93198099998522,-122.18744360184516
CORONADO_6_N001,LOAD,CA,32.698823762005226,-117.173249
CORONADO_6_N002,LOAD,CA,32.69874311898509,-117.17319367259638
CORONA_1_N001,LOAD,CA,32.69874311898509,-117.17330432740361
CORON_SR_LNODEDMS,LOAD,SRP,34.57782626195052,-109.279113
CORON_SR_LNODEDU1,LOAD,SRP,34.57774486901149,-109.27905592605157
CORON_SR_LNODEDU2,LOAD,SRP,34.57774486901149,-109.27917007394842
CORRAL1_6_N002,GEN,CA,38.029722,-120.929722
CORRAL_6_N001,LOAD,CA,38.1014979999861,-120.92635462577833
CORRAL_6_N003,LOAD,CA,38.1014979999861,-120.92646937422167
CORSGOLD_1_N001,LOAD,CA,37.22751499998653,-119.69108432761332
CORSGOLD_1_N003,LOAD,CA,37.22751499998653,-119.69119767238668
CORTEZ_LNODE44,LOAD,NV,40.26142299998492,-116.72002992221282
CORTEZ_LNODEDR1,LOAD,TIDC,37.5005587104299,-120.913235680039
CORTEZ_LNODEDR3,LOAD,TIDC,37.5007571927422,-120.913267914805
CORTEZ_LNODEDR5,LOAD,TIDC,37.5006522266335,-120.913263660994
CORTEZ_LNODEDR6,LOAD,TIDC,37.5008124927682,-120.913424010622
CORTEZ_LNODEDR7,LOAD,TIDC,37.5007095209272,-120.913352769965
CORTEZ_LNODELLS,LOAD,NV,40.26142299998492,-116.72014807778719
CORTE_SR_LNODELD1,LOAD,SRP,33.571346,-112.109385
CORTE_SR_LNODELD2,LOAD,SRP,33.57134599995328,-112.10927721510242
CORTINA_1_N106,LOAD,CA,39.121407,-122.224176
CORVLS_LNODEMPC,LOAD,NWMT,46.31254399998155,-114.1049768801128
CORVLS_LNODEREA,LOAD,NWMT,46.31254399998155,-114.1051071198872
COR_LNODENE1,LOAD,BANC,38.55393333331922,-121.20798139654603
COR_LNODENE3,LOAD,BANC,38.55393333331922,-121.20809638123197
COTATI_6_N101,LOAD,CA,38.30970399998603,-122.73153156284509
COTATI_6_N102,LOAD,CA,38.30970399998603,-122.73164643715491
COTTLEA_2_N001,LOAD,CA,37.772676259234935,-120.825545
COTTLE_7_N001,LOAD,CA,37.77259487036768,-120.82548555286246
COTTLE_7_N002,GEN,CA,37.77259487036768,-120.82560444713754
COTTONWD_1_COTTONWODLNODE,LOAD,AVA,46.06385384800087,-116.3526
COTTONWD_LNODENWD1,LOAD,PNM,46.06377307597981,-116.35253279059233
COTTONWD_LNODENWD2,LOAD,PNM,46.06377307597981,-116.35266720940767
COTWDPGE_1_N001,LOAD,CA,34.38040399998781,-116.87675022716886
COTWDPGE_1_N024,GEN,CA,34.38040399998781,-116.87685977283114
COT_LNODEXF1,LOAD,PSE,47.7325,-122.0875
COUGAR_1_G01GNODE,GEN,BPAT,44.13035699998273,-122.24378301410528
COUGAR_1_G02GNODE,GEN,BPAT,44.13035699998273,-122.24390898589472
COUL_CTY_1_1LNODE,LOAD,AVA,47.61254439855754,-119.2761686988336
COVELO6_6_N001,LOAD,CA,39.78628299998532,-123.24850460152904
COVERD_7_B1,GEN,CA,39.78628299998532,-123.24862139847097
COVE_U1GNODE,GEN,SRP,38.561331948368924,-112.580249
COVE_U2GNODE,GEN,SRP,38.56125102580034,-112.58018925049846
COWCREEK_6_N001,GEN,CA,40.570817,-122.02093
COWDE_SR_LNODELD2,LOAD,SRP,33.47,-112.3
COWFALLS_2_G01GNODE,GEN,BPAT,46.466595999981365,-122.10915159558118
COWFALLS_2_G02GNODE,GEN,BPAT,46.466595999981365,-122.10928240441882
COYOTESP_5_GTGNODE,GEN,AVA,45.848253764144815,-119.6731
COYOTESP_5_STGNODE,GEN,AVA,45.848173117908104,-119.6730331558296
COYOTESP_SSLNODE,LOAD,AVA,45.848173117908104,-119.6731668441704
COYTEJCT_6_ABIQUIUHYDROGNODE,GEN,PNM,36.240083,-106.423086
COY_LNODE_10,LOAD,EPE,31.81346529165626,-106.17834444444445
COY_LNODE_11,LOAD,EPE,31.813384020826796,-106.17828922744219
COY_LNODE_DC,LOAD,EPE,31.813384020826796,-106.1783996614467
CO_5_UNIT1GNODE,GEN,SRP,34.57781899998772,-109.2788290805196
CO_5_UNIT2GNODE,GEN,SRP,34.57781899998772,-109.27893891948041
CPBORDER_7_B1,GEN,CA,32.566254095638485,-116.94444429352494
CPCSTCN_7_B1,GEN,CA,37.9125,-121.260833
CPELCAJN_7_B1,GEN,CA,32.79542673784513,-116.972394
CPESCNDO_7_A1,GEN,CA,33.125525,-117.116857
CPESCNDO_7_B1,GEN,CA,33.12552499995441,-117.11675007427063
CPGS_U10GNODE,GEN,SRP,32.917423,-111.50352
CPGS_U11GNODE,GEN,SRP,32.9174229999547,-111.50341334185545
CPGS_U12GNODE,GEN,SRP,32.91733346527904,-111.50341334196335
CPGS_U1GNODE,GEN,SRP,32.917270154744095,-111.50348876060669
CPGS_U2GNODE,GEN,SRP,32.917255014235415,-111.50359388252615
CPGS_U3GNODE,GEN,SRP,32.917286024710734,-111.50369393886973
CPGS_U4GNODE,GEN,SRP,32.917351324043096,-111.50376691150223
CPGS_U5GNODE,GEN,SRP,32.91743594207349,-111.50380176947833
CPGS_U6GNODE,GEN,SRP,32.91752534303043,-111.50379594244507
CPGS_U7GNODE,GEN,SRP,32.91760724054389,-111.50375283863538
CPGS_U8GNODE,GEN,SRP,32.9176723930145,-111.50367967969157
CPGS_U9GNODE,GEN,SRP,32.91771478136971,-111.50358573152712
CPLECEF_1_N001,LOAD,CA,37.25999999998651,-121.63994328855216
CPLECEF_1_N005,LOAD,CA,37.25999999998651,-121.64005671144784
CPL_LNODE10A,LOAD,APS,33.581730781871244,-111.91994009588568
CPL_LNODE12A,LOAD,APS,33.58165299995322,-111.91988619186853
CPL_LNODE14A,LOAD,APS,33.58157521810533,-111.91994009598285
CPL_LNODER2A,LOAD,APS,33.58157521810533,-111.92004790401715
CPL_LNODER4A,LOAD,APS,33.58165299995322,-111.92010180813148
CPL_LNODER6A,LOAD,APS,33.581730781871244,-111.92004790411433
CPP_GNODEPL1,GEN,BANC,38.33835555555556,-121.124475
CPP_GNODEPL2,GEN,BANC,38.3383555554995,-121.12436011171378
CPP_GNODEPL3,GEN,BANC,38.33826544163048,-121.124475
CPP_LNODESS1,LOAD,BANC,38.3383555554995,-121.12458988828622
CPP_LNODESS2,LOAD,BANC,38.33844566948052,-121.124475
CPV_LNODEXF1,LOAD,PSE,48.211944,-122.6925
CP_LNODE12A,LOAD,APS,34.86925621094054,-111.820717
CP_LNODER2A,LOAD,APS,34.8691748945163,-111.82065977834846
CP_LNODER4A,LOAD,APS,34.8691748945163,-111.82077422165153
CQ_LNODE12A,LOAD,APS,35.17576113207404,-111.65383773162242
CQ_LNODE14A,LOAD,APS,35.17558086782599,-111.65383773186693
CQ_LNODE20A,LOAD,APS,35.17558086782599,-111.65405826813307
CQ_LNODE24A,LOAD,APS,35.17576113207404,-111.65405826837758
CRABTREE_LNODENK1,LOAD,BANC,37.64506,-120.60683
CRAIGMNT_1_1LNODE,LOAD,AVA,46.2432,-116.4631
CRAIG_LNODE-1,LOAD,NV,36.24367472538992,-115.117711
CRAIG_LNODE-2,LOAD,NV,36.24359413729124,-115.11765331006244
CRAIG_LNODE-3,LOAD,NV,36.24359413729124,-115.11776868993756
CRAIG_NW_LNODEOAD,LOAD,NWMT,47.077927,-111.98106
CRANDALL_FDR1LNODE,LOAD,TPWR,47.22652042736443,-122.43138684254589
CRANDALL_FDR2LNODE,LOAD,TPWR,47.226339572481294,-122.43138684300021
CRANDALL_FDR3LNODE,LOAD,TPWR,47.226339572481294,-122.43165315699979
CRANDALL_FDR4LNODE,LOAD,TPWR,47.22652042736443,-122.43165315745411
CRANEVLY_6_N002,GEN,CA,37.253718,-119.519352
CRANEVLY_6_N003,GEN,CA,35.10395411513102,-118.9538
CRBU38812_7_B1,GEN,CA,40.069999999985214,-121.14994119857617
CRBU38812_7_B3,GEN,CA,40.069999999985214,-121.15005880142382
CRCANAL_6_N001,LOAD,CA,40.1384740349693,-122.208547
CRCKTCOG_7_N001,GEN,CA,38.056667,-122.219444
CREEDGT1_7_GN001,GEN,CA,38.241389,-121.855
CREELMAN_6_N001,LOAD,CA,33.01815871873613,-116.853026
CREELMAN_6_N004,LOAD,CA,33.01807814061963,-116.85297051775382
CREELMAN_6_N014,LOAD,CA,33.01807814061963,-116.85308148224618
CRESCENT_FDR1LNODE,LOAD,TPWR,47.08289043534747,-122.40039719023882
CRESCENT_FDR2LNODE,LOAD,TPWR,47.08270956449904,-122.40039719068972
CRESCENT_FDR3LNODE,LOAD,TPWR,47.08270956449904,-122.40066280931029
CRESCENT_FDR4LNODE,LOAD,TPWR,47.08289043534747,-122.40066280976119
CRESSEY_1_N001,LOAD,CA,37.42852799998634,-120.6386900986629
CRESSEY_1_N003,GEN,CA,37.42852799998634,-120.63880390133708
CRESTA_7_B1,GEN,CA,39.825906999985364,-121.40962854734235
CRESTA_7_B3,GEN,CA,39.825906999985364,-121.40974545265765
CRESTWD_6_N001,LOAD,CA,32.699023999988746,-116.35373376108788
CREST_BP_LNODEPAL,LOAD,BPAT,47.770999,-118.50578
CRESWELL_LNODET1,LOAD,BPAT,43.91723999998277,-123.06129322907769
CRESWELL_LNODET2,LOAD,BPAT,43.91723999998277,-123.06141877092232
CRE_LNODEXF1,LOAD,PSE,48.3075,-122.596389
CRISMON_QCKS1GNODE,GEN,SRP,33.266367,-111.616988
CRL_LNODE13A,LOAD,APS,33.5804918882564,-112.107633
CRL_LNODER1A,LOAD,APS,33.58041105585916,-112.1075769826949
CRL_LNODER2A,LOAD,APS,33.58041105585916,-112.1076890173051
CRNL_LNODEWR1,LOAD,PGE,45.523197,-123.048126
CROFOOT_LNODE61,LOAD,NV,40.66357299998468,-118.1832534067575
CROFT_FDR1LNODE,LOAD,TPWR,47.170270434935134,-122.44537697249949
CROFT_FDR2LNODE,LOAD,TPWR,47.17008956491096,-122.4453769729525
CROFT_FDR3LNODE,LOAD,TPWR,47.17008956491096,-122.4456430270475
CROFT_FDR4LNODE,LOAD,TPWR,47.170270434935134,-122.44564302750051
CROWLNDG_LNODEDR1,LOAD,TIDC,37.4627004272953,-120.740076630976
CROWLNDG_LNODEDR3,LOAD,TIDC,37.462786962981,-120.740080933369
CROWLNDG_LNODEDR4,LOAD,TIDC,37.462613876709,-120.740078364387
CROWLNDG_LNODEDR5,LOAD,TIDC,37.4625421344261,-120.740074305354
CROWLNDG_LNODEDR7,LOAD,TIDC,37.4627827502437,-120.740270351347
CRO_LNODE_10,LOAD,EPE,31.813183758596846,-106.53862742296911
CRO_LNODE_11,LOAD,EPE,31.813105555511186,-106.53857429047264
CRO_LNODE_12,LOAD,EPE,31.813027352491986,-106.53862742305908
CRO_LNODE_13,LOAD,EPE,31.813027352491986,-106.53873368805203
CRO_LNODE_14,LOAD,EPE,31.813105555511186,-106.53878682063848
CRO_LNODE_15,LOAD,EPE,31.813183758596846,-106.538733688142
CRR_7_UNIT1GNODE,GEN,BANC,40.64683999998475,-122.62710042533165
CRR_7_UNIT2GNODE,GEN,BANC,40.64683999998475,-122.62721957466835
CRSC DUN_GNODEIT,GEN,NV,38.251020999985954,-117.37269157816044
CRSCDUN_LNODESS,LOAD,NV,38.251020999985954,-117.37280642183956
CRSTN_SC_LNODE800,LOAD,SCL,48.71577553065536,-121.14139430518121
CRSTN_SC_LNODE801,LOAD,SCL,48.715596469185414,-121.14139430566419
CRSTN_SC_LNODE802,LOAD,SCL,47.506449,-122.26718
CRSTN_SC_LNODE803,LOAD,SCL,47.50644899992237,-122.26704630722179
CRSTN_SC_LNODE804,LOAD,SCL,47.506358689485694,-122.26704630745182
CRSTN_SC_LNODE805,LOAD,SCL,47.50629483043447,-122.26714084240687
CRSTN_SC_LNODE806,LOAD,SCL,47.506279558730306,-122.26727260940255
CRSTN_SC_LNODE807,LOAD,SCL,47.506310837821886,-122.26739802690842
CRSTN_SC_LNODE808,LOAD,SCL,47.50637670284498,-122.26748949597061
CRSTN_SC_LNODE809,LOAD,SCL,47.50646205398496,-122.26753318960772
CRSTN_SC_LNODE810,LOAD,SCL,47.50655222955351,-122.26752588584075
CRSTN_SC_LNODE811,LOAD,SCL,47.50663483671857,-122.26747185665643
CRSTN_SC_LNODE812,LOAD,SCL,47.506700553774685,-122.2673801540889
CRSTN_SC_LNODE813,LOAD,SCL,47.50674330945767,-122.26726239268382
CRSTN_SC_LNODE814,LOAD,SCL,47.50676009055509,-122.26713102745937
CRSTVLY_LNODE44,LOAD,NV,40.406011,-116.609318
CRS_LNODEFDR1,LOAD,APS,33.82864126851041,-111.94801260303463
CRS_LNODEFDR4,LOAD,APS,34.5124140722063,-110.1315799398425
CRS_LNODEFDR5,LOAD,APS,33.82870678450584,-111.94793826130459
CRTCHFLD_1_1LNODE,LOAD,AVA,46.3721,-117.0902
CRTRS_PD_LNODEILG,LOAD,NWMT,47.18458743354789,-109.27784393866729
CRTRS_PD_LNODEINF,LOAD,NWMT,47.18440656629804,-109.27784393912064
CRTRS_PD_LNODEROY,LOAD,NWMT,47.18440656629804,-109.27811006087936
CRTRS_PD_LNODERTR,LOAD,NWMT,47.18458743354789,-109.27811006133271
CRTS_LNODEWR1,LOAD,PGE,45.586617,-122.698135
CRTY_5_GNODECTG,GEN,PGE,45.69393472889497,-119.808257
CRTY_5_GNODESTG,GEN,PGE,45.693854135533094,-119.80819038422688
CRTY_LNODEDSS,LOAD,PGE,45.693854135533094,-119.80832361577312
CRUSHER_6_N001,LOAD,CA,37.021645,-122.154383
CRUSHER_LNODEOAD,LOAD,NWMT,46.006367,-112.510099
CRVR_LNODEWR2,LOAD,PGE,45.40372999998228,-122.52942422737158
CRVR_LNODEWR3,LOAD,PGE,45.40372999998228,-122.52955177262842
CRWSLDG_6_N001,LOAD,CA,37.377307,-121.085672
CRYPSE_LNODERGS,LOAD,PSE,46.953439,-121.475264
CRYSTAL_2_GEMINI_BESSGNODE,GEN,NV,39.245687,-120.027203
CRYSTAL_2_GEMINI_PVGNODE,GEN,NV,39.24568699994282,-120.02708739280563
CRYSTLSG_6_N001,LOAD,CA,37.528913,-122.361067
CR_CR_US_LNODEOAD,LOAD,NWMT,46.120791,-111.447533
CSADIAB_7_N001,GEN,CA,37.64793,-118.98914
CSCCOG_6_N001,GEN,CA,37.364297,-121.944238
CSCDL_BP_LNODEURN,GEN,BPAT,45.228813,-123.15982
CSCGNRA1_7_N101,GEN,CA,37.353858999986436,-121.95587117992001
CSCGNRA2_7_N101,GEN,CA,37.353858999986436,-121.95598482007999
CSG_GNODEPL1,GEN,BANC,38.510770642377544,-121.475030555556
CSG_GNODEPL2,GEN,BANC,38.51068967879612,-121.47497081777371
CSG_LNODESS,LOAD,BANC,38.51068967879612,-121.47509029333828
CSP1_5_GNODECTG1,GEN,PGE,45.847609763950345,-119.672557
CSP1_5_GNODESTG1,GEN,PGE,45.84752911800538,-119.67249015684531
CSP1_LNODEFN4,LOAD,PGE,45.84752911800538,-119.67262384315468
CSTLROCK_LNODEOAD,LOAD,NWMT,45.871503,-106.77951
CSTRVLLE_1_N001,LOAD,CA,36.762604151493385,-121.73625384675147
CSTRVLLE_1_N003,GEN,CA,36.762604151493385,-121.73647815324853
CSTRVLLE_1_N004,GEN,CA,36.76278384840137,-121.73647815351131
CSUCISL_7_N001,GEN,CA,34.161195,-119.047916
CTL_7_HYD2_BESSGNODE,GEN,APS,33.14469544719258,-112.67625304482442
CTL_7_HYD_BESSGNODE,GEN,APS,33.14463212386927,-112.67632867357696
CTL_GNODEHY2,GEN,APS,33.02552953164642,-113.32808321478706
CTL_GNODEHYD,GEN,APS,33.02535046826251,-113.328083215004
CTL_LNODE12A,LOAD,APS,33.02535046826251,-113.32829678499601
CTL_LNODER4A,LOAD,APS,33.02552953164642,-113.32829678521294
CTRDIST_LNODEXF2,LOAD,PSE,47.339167,-122.241667
CTRPKGEN_7_B1,GEN,CA,33.926051,-118.106067
CTTNW_BP_LNODEOTD,LOAD,BPAT,45.7986,-119.3715
CTYMESA_LNODEEMO,LOAD,WALC,33.25321259302594,-111.48181986398554
CTYMESA_LNODEIS,LOAD,WALC,33.25303340688221,-111.48181986420524
CTYMESA_LNODESR,LOAD,WALC,33.25303340688221,-111.48203413579476
CTYMESA_LNODEWD,LOAD,WALC,33.25321259302594,-111.48203413601446
CT_LNODE10A,LOAD,APS,34.743473405896424,-112.03535497853119
CT_LNODE14A,LOAD,APS,34.7432925940046,-112.03535497877199
CT_LNODE18A,LOAD,APS,34.7432925940046,-112.035575021228
CT_LNODE22A,LOAD,APS,34.743473405896424,-112.0355750214688
CUCHILLA_LNODEILLA,LOAD,PNM,35.321052,-106.393389
CUCHILLO_LNODEILLO,LOAD,PNM,33.155539,-107.240365
CULBR_SR_LNODELD1,LOAD,SRP,33.465917,-111.778749
CUM_LNODEXF1,LOAD,PSE,47.285556,-121.925
CURLEW_LNODEFMR,LOAD,IPCO,41.96603023998423,-112.94426728161878
CURLEW_LNODELEW,LOAD,IPCO,41.96603023998423,-112.94438791838122
CURRIN_LNODE127,LOAD,BPAT,44.062082159982744,-123.05694547705042
CURRIN_LNODEOAKW,LOAD,BPAT,44.062082159982744,-123.05707132294958
CURRYST_LNODE80,LOAD,NV,39.15854072491568,-119.768211
CURRYST_LNODE81,LOAD,NV,39.15846013752678,-119.76815099614244
CURRYST_LNODE82,LOAD,NV,39.15846013752678,-119.76827100385756
CURTIS1_7_N001,LOAD,CA,37.974949221777045,-120.320668
CURTISS_1_N010,GEN,CA,37.974867889096444,-120.32060843056674
CURTISS_1_N101,LOAD,CA,37.974867889096444,-120.32072756943327
CURTISS_1_N103,GEN,CA,38.232108,-122.092706
CUSHMAN1_7_G21GNODE,GEN,TPWR,47.42392999998054,-123.22129322358268
CUSHMAN1_7_G22GNODE,GEN,TPWR,47.42392999998054,-123.22142677641732
CUSHMAN2_7_G31GNODE,GEN,TPWR,47.3687603835491,-123.15909654854966
CUSHMAN2_7_G32GNODE,GEN,TPWR,47.36857961629602,-123.15909654900703
CUSHMAN2_7_G33GNODE,GEN,TPWR,47.36857961629602,-123.15936345099297
CUSHMAN2_SYNCLNODE,LOAD,TPWR,47.3687603835491,-123.15936345145035
CUSHMN_P_LNODEOAD,LOAD,NWMT,46.291691,-109.035796
CUSICKPD_1_XF1LNODE,GEN,AVA,48.341801048320995,-117.30239065418431
CUSICKPD_1_XF2LNODE,GEN,AVA,48.341801048320995,-117.3025255126579
CUSTERTP_FDR1LNODE,LOAD,TPWR,47.1799304340398,-122.54978694961531
CUSTERTP_FDR2LNODE,LOAD,TPWR,47.17974956580628,-122.54978695006857
CUSTERTP_FDR3LNODE,LOAD,TPWR,47.17974956580628,-122.55005304993144
CUSTERTP_FDR4LNODE,LOAD,TPWR,47.1799304340398,-122.55005305038469
CUS_LNODEXF1,LOAD,PSE,48.930243,-122.659017
CUTBANK_LNODEOAD,LOAD,NWMT,48.62439899998021,-112.31425727244121
CUTBNK_P_LNODEOAD,LOAD,NWMT,48.62439899998021,-112.31439272755878
CU_LNODE10A,LOAD,APS,34.5402512620105,-111.878348
CU_LNODER2A,LOAD,APS,34.540169868981515,-111.87829095176403
CU_LNODER6A,LOAD,APS,34.540169868981515,-111.87840504823596
CVFRT_SR_LNODEAUX,LOAD,SRP,38.56125102580034,-112.58030874950154
CVNT_7_GNODE1,GEN,PGE,45.048313,-122.962561
CVNT_LNODETLD,LOAD,PGE,45.04894,-122.969208
CV_LNODE10A,LOAD,APS,34.753176241592236,-112.465811
CV_LNODE14A,LOAD,APS,34.75309487919048,-112.46575382659007
CV_LNODEFDR4,LOAD,APS,34.51250437225302,-110.13157394386582
CV_LNODER6A,LOAD,APS,34.75309487919048,-112.46586817340993
CWD_LNODEXF2,LOAD,PSE,47.694722,-122.197778
CWW1_5_PGEWNDGNODE,GEN,PGE,46.759711,-105.994477
CWWIND3_5_AVAGNODE,GEN,AVA,46.791637,-106.226052
CW_LNODE10A,LOAD,APS,33.449398,-112.362741
CW_LNODE12A,LOAD,APS,33.44939799995357,-112.36263348127943
CW_LNODE14A,LOAD,APS,33.44930828924132,-112.36263348139065
CW_LNODE18A,LOAD,APS,33.44924485423078,-112.36270950855146
CW_LNODE20A,LOAD,APS,33.449229683953554,-112.36281547864743
CW_LNODE21A,LOAD,APS,33.44926075539715,-112.36291634229721
CW_LNODE22A,LOAD,APS,33.44932618311359,-112.36298990371422
CW_LNODER9A,LOAD,APS,33.44941096751219,-112.36302504294893
CXS_6_SOLAR1GNODE,GEN,SRP,42.8415179999349,-114.90347668260169
CXS_6_SOLAR2GNODE,GEN,SRP,42.84142831225218,-114.90347668277924
CXS_6_SOLAR3GNODE,GEN,SRP,42.84136489354303,-114.90356317415227
CX_LNODE17A,LOAD,APS,33.583507,-111.885166
CX_LNODE18A,LOAD,APS,33.58350699995322,-111.88505818767902
CX_LNODE21A,LOAD,APS,33.583417183610536,-111.88505818779124
CX_LNODE22A,LOAD,APS,33.5833536739083,-111.8851344225584
CX_LNODE25A,LOAD,APS,33.5833384857686,-111.8852406820247
CX_LNODE26A,LOAD,APS,33.58336959379686,-111.8853418211011
CX_LNODE30A,LOAD,APS,33.583435098550744,-111.88541558339206
CX_LNODE33A,LOAD,APS,33.58351998277877,-111.88545081858274
CX_LNODE34A,LOAD,APS,33.58360966498247,-111.8854449285017
CX_LNODE36A,LOAD,APS,33.583691820139684,-111.88540135825895
CX_LNODE38A,LOAD,APS,33.58375717757667,-111.88532740764155
CYMRIC_1_N001,LOAD,CA,35.31,-119.63
CYMRIC_1_N004,GEN,CA,35.304875,-119.614281
CY_LNODE10A,LOAD,APS,32.705277,-114.666041
CY_LNODE12A,LOAD,APS,32.70527699995498,-114.66593451834025
CY_LNODE13A,LOAD,APS,32.70519940396864,-114.66598775921643
CY_LNODE14A,LOAD,APS,32.70519940396864,-114.66609424078356
CY_LNODER1A,LOAD,APS,32.70527699995498,-114.66614748165975
CY_LNODER2A,LOAD,APS,32.705354596008824,-114.66609424087618
CY_LNODER5A,LOAD,APS,32.705354596008824,-114.66598775912382
DAGGET_7_N003,GEN,CA,34.868932,-116.776963
DAGGET_7_N005,GEN,CA,34.868931999950405,-116.77685287703123
DAGGET_7_N007,GEN,CA,34.86884164823974,-116.77685287715224
DAGGET_7_N009,GEN,CA,34.86877775997781,-116.77693074578971
DAGGET_7_N011,GEN,CA,34.86876248130522,-116.77703928261136
DAGGET_7_N013,GEN,CA,34.868793774753286,-116.77714258930605
DAGGET_7_N017,GEN,CA,34.86885966995407,-116.7772179324842
DAGGET_7_N018,GEN,CA,34.86894506014691,-116.77725392285437
DAILY_R_LNODEOAD,LOAD,NWMT,45.203553,-110.897432
DAIRYLND_1_N001,LOAD,CA,37.055221,-120.317015
DAIRYLND_1_N013,GEN,CA,36.934007,-120.388283
DALE_LNODE132,LOAD,IPCO,42.740057,-114.776142
DALTON_1_13_1LNODE,LOAD,AVA,47.74399999998058,-116.78533298296804
DALTON_1_13_2LNODE,LOAD,AVA,47.74399999998058,-116.78546701703195
DALYCTY_1_N001,LOAD,CA,37.69180126214444,-122.455704
DALYCTY_1_N005,LOAD,CA,37.69171986891291,-122.45564461457239
DANEBO_LNODE2KV,LOAD,BPAT,44.074020819982735,-123.17719326564541
DANEBO_LNODEKV2,LOAD,BPAT,44.074020819982735,-123.17731913435459
DANISHCM_1_N001,LOAD,CA,36.71900181109094,-119.76576504300833
DARBY_LNODEMPC,LOAD,NWMT,46.01577499998184,-114.17077040975778
DARBY_LNODEREA,LOAD,NWMT,46.01577499998184,-114.17089959024223
DARYLDGN_7_N003,GEN,CA,37.01099,-120.37209
DAVISAZ_LNODEISAZ,LOAD,WALC,35.1141,-114.3356
DAVIS_1_N001,LOAD,CA,39.06008956957949,-121.70988464738468
DAVIS_1_N007,LOAD,CA,39.05991043030674,-121.70988464767737
DAVIS_1_N012,LOAD,CA,39.05991043030674,-121.71011535232263
DAVIS_1_N018,GEN,CA,39.06008956957949,-121.7101153526153
DAVIS_1_N029,GEN,CA,38.55228299998595,-121.69441750802935
DAVIS_1_N030,GEN,CA,38.55228299998595,-121.69453249197065
DAVIS_2_HYDR1GNODE,GEN,WALC,35.114099999950035,-114.33548975217334
DAVIS_2_HYDR2GNODE,GEN,WALC,35.11400981632507,-114.33548975229537
DAVIS_2_HYDR3GNODE,GEN,WALC,35.11394604691791,-114.3355677092202
DAVIS_2_HYDR4GNODE,GEN,WALC,35.11393079666878,-114.33567636909974
DAVIS_2_HYDR5GNODE,GEN,WALC,35.113962031899355,-114.33577979292296
DAWNLS_7_N001,GEN,CA,34.90309999998757,-118.25134492716377
DAWSON_6_UNIT1GNODE,GEN,TIDC,37.65097224893899,-120.470619527844
DAYTONTP_LNODE22,LOAD,NV,39.229461,-119.563772
DAYTON_LNODETON,LOAD,BPAT,45.21790999998239,-123.08629638081067
DAYTO_BP_LNODESS,LOAD,BPAT,45.21790999998239,-123.08642361918933
DAZ_LNODER3,LOAD,APS,33.883158413000295,-112.15125818924221
DAZ_LNODER4,LOAD,APS,33.88297824690462,-112.15125818947135
DAZ_LNODER5,LOAD,APS,33.88297824690462,-112.15147521052866
DAZ_LNODER6,LOAD,APS,33.883158413000295,-112.1514752107578
DBMS_1_DBMSGNODE,GEN,IPCO,43.90399999993132,-116.81987448846398
DBN_2_UNIT4GNODE,GEN,SRP,32.903802459076225,-111.78942467802558
DBN_2_UNIT5GNODE,GEN,SRP,32.903802459076225,-111.78953132197442
DBN_LNODEBL8,LOAD,APS,32.885011,-111.775001
DBN_U1GNODE,GEN,SRP,32.90387999995474,-111.78958464404222
DBN_U2GNODE,GEN,SRP,32.90395754090115,-111.7895313220678
DBN_U3GNODE,GEN,SRP,32.90395754090115,-111.78942467793219
DBY_GNODEAJO,GEN,APS,32.369571,-112.830228
DD_LNODE10A,LOAD,APS,33.65208,-111.89276
DD_LNODE12A,LOAD,APS,33.652079999953045,-111.8926520307938
DD_LNODE13A,LOAD,APS,33.651990124455104,-111.89265203090653
DD_LNODE18A,LOAD,APS,33.65192657292396,-111.89272837660803
DD_LNODE20A,LOAD,APS,33.65191137478094,-111.89283479069925
DD_LNODER1A,LOAD,APS,33.65194250329737,-111.89293607694974
DD_LNODER2A,LOAD,APS,33.65200805119389,-111.89300994657759
DD_LNODER4A,LOAD,APS,33.652092991328495,-111.89304523304227
DD_LNODER5A,LOAD,APS,33.65218273259916,-111.89303933439112
DD_LNODER9A,LOAD,APS,33.65226494186606,-111.89299570074682
DEADWOOD_1_N001,GEN,CA,39.53,-121.095833
DEARY_1_1LNODE,LOAD,AVA,46.8012,-116.5129
DEBUONO_LNODE-1,LOAD,NV,36.18586271999461,-115.043238
DEBUONO_LNODEBK2,LOAD,NV,36.18578213998878,-115.0431803584618
DEBUONO_LNODEBK3,LOAD,NV,36.18578213998878,-115.04329564153821
DECATUR_LNODE-3,LOAD,NV,36.114141530468984,-115.21359917356361
DECATUR_LNODE-4,LOAD,NV,36.113962469428984,-115.2135991738163
DECATUR_LNODE-5,LOAD,NV,36.113962469428984,-115.21382082618369
DECATUR_LNODE-7,LOAD,NV,36.114141530468984,-115.21382082643639
DECAT_BP_LNODEATR,LOAD,BPAT,48.50692556182347,-122.80457781824481
DECAT_BP_LNODEELY,LOAD,BPAT,48.50674643801824,-122.8045778187226
DECAT_BP_LNODEHER,LOAD,BPAT,48.50674643801824,-122.80484818127739
DECAT_BP_LNODETUR,LOAD,BPAT,48.50692556182347,-122.80484818175519
DECCTG1_7_B1,GEN,CA,38.069999999985995,-121.86994263781037
DECCTG2_7_B1,GEN,CA,38.069999999985995,-121.85994263781036
DECCTG3_7_B1,GEN,CA,38.069999999985995,-121.87005736218963
DECPTSG_2_N001,LOAD,CA,38.05999999998602,-121.86994264179833
DECPTSG_2_N018,LOAD,CA,38.05999999998602,-121.87005735820168
DECSTG1_7_B1,GEN,CA,38.069999999985995,-121.86005736218964
DEC_LNODEXF1,LOAD,PSE,47.033056,-122.924167
DEEMINE_LNODE43,LOAD,NV,41.02890799998454,-116.43474007969975
DEEMINE_LNODEDN,LOAD,NV,41.02890799998454,-116.43485992030024
DEEPWATR_1_N101,LOAD,CA,38.55162999998592,-121.56020750817653
DEEPWATR_1_N104,LOAD,CA,38.55162999998592,-121.56032249182347
DEERCRK_7_B1,GEN,CA,39.29807,-120.8443
DEFIANCE_FDR1LNODE,LOAD,TPWR,47.282200414335286,-122.52102672167011
DEFIANCE_FDR2LNODE,LOAD,TPWR,47.282019585510156,-122.52102672212565
DEFIANCE_FDR3LNODE,LOAD,TPWR,47.282019585510156,-122.52129327787434
DEFIANCE_FDR4LNODE,LOAD,TPWR,47.282200414335286,-122.52129327832989
DELAMO_2_N001,LOAD,CA,33.84836303124857,-118.096994
DELAMO_2_N014,LOAD,CA,33.84828198436281,-118.09693765855927
DELAMO_2_N022,LOAD,CA,33.84828198436281,-118.09705034144073
DELAMO_2_N050,GEN,CA,33.911933,-118.052003
DELAMO_2_N051,GEN,CA,33.914167,-118.053611
DELENA_LNODEFMR,LOAD,BPAT,46.095127,-123.073736
DELGER_LNODEOAD,LOAD,NWMT,45.395812,-109.720649
DELIGHT_1_DELIGHTLNODE,LOAD,AVA,46.80221878663661,-118.54615727987
DELL_REA_LNODEOAD,LOAD,NWMT,44.702572,-112.6903
DELMAR_6_N001,LOAD,CA,38.7988788301003,-121.220655
DELMAR_6_N001A,LOAD,CA,38.798798084934575,-121.22059518327069
DELMAR_6_N005,LOAD,CA,38.798798084934575,-121.22071481672931
DELMAR_6_N010,LOAD,CA,32.980789999988666,-117.25535963525417
DELMAR_6_N011,LOAD,CA,32.980789999988666,-117.25546636474583
DELMNTE_1_N010,LOAD,CA,36.599053999987,-121.8539621246086
DELMNTE_1_N201,LOAD,CA,36.599053999987,-121.85407387539139
DELSURC1_7_N003,GEN,CA,34.497778,-117.471111
DELSURC1_7_N004,GEN,CA,34.6651389999877,-118.28767002884497
DELSURC1_7_N005,GEN,CA,34.6651389999877,-118.28777997115502
DELSURC1_7_N006,GEN,CA,34.708589,-118.274121
DELTAPMP_2_N008,GEN,CA,37.80083,-121.62083
DELTA_SR_LNODELD3,LOAD,SRP,33.245373,-111.832666
DELTA_SR_LNODELD4,LOAD,SRP,33.24537299995411,-111.83255887780082
DELTA_SR_LNODELD5,LOAD,SRP,33.24528341039906,-111.83255887791063
DELTA_SR_LNODELD6,LOAD,SRP,33.24522006105917,-111.83263462468918
DELTE_BP_LNODE2KV,LOAD,BPAT,44.07312318998272,-123.102764366497
DELTE_BP_LNODEKV2,LOAD,BPAT,44.07312318998272,-123.102890233503
DEMING_LNODEEAST,LOAD,PNM,32.2729999999891,-107.75994682609537
DEMING_LNODEWEST,LOAD,PNM,32.2729999999891,-107.76005317390462
DEMOS_BP_LNODESS,LOAD,BPAT,45.515104999982185,-120.68605411464812
DEMOS_BP_LNODEUSH,LOAD,BPAT,45.515104999982185,-120.68618188535189
DENNY_SC_LNODE100,LOAD,SCL,47.619077,-122.331941
DENNY_SC_LNODE101,LOAD,SCL,47.61907699992219,-122.33180713589779
DENNY_SC_LNODE102,LOAD,SCL,47.61898676795706,-122.33180713612882
DENNY_SC_LNODE103,LOAD,SCL,47.61892296439388,-122.33190179222773
DENNY_SC_LNODE104,LOAD,SCL,47.61890770595931,-122.3320337280783
DENNY_SC_LNODE105,LOAD,SCL,47.61893895787171,-122.33215930630277
DENNY_SC_LNODE106,LOAD,SCL,47.61900476566343,-122.33225089258076
DENNY_SC_LNODE107,LOAD,SCL,47.619090042640565,-122.33229464221178
DENNY_SC_LNODE108,LOAD,SCL,47.61918013985484,-122.33228732908705
DENNY_SC_LNODE109,LOAD,SCL,47.61926267524209,-122.33223323066673
DENNY_SC_LNODE110,LOAD,SCL,47.61932833519666,-122.33214141058438
DENNY_SC_LNODE111,LOAD,SCL,47.619371053729296,-122.33202349826944
DENNY_SC_LNODE112,LOAD,SCL,47.619387820245564,-122.33189196470137
DENNY_SC_LNODE113,LOAD,SCL,47.61937827871615,-122.33175885035067
DENNY_SC_LNODE114,LOAD,SCL,47.61934422583986,-122.3316348843753
DENNY_SC_LNODE115,LOAD,SCL,47.619289079315045,-122.33152892991426
DENNY_SC_LNODE116,LOAD,SCL,47.6192173623474,-122.33144769250748
DENNY_SC_LNODE117,LOAD,SCL,47.61913423305805,-122.33139563401961
DENNY_SC_LNODE118,LOAD,SCL,47.619045075148435,-122.33137504118494
DENNY_SC_LNODE119,LOAD,SCL,47.618955157515686,-122.33138620504207
DENNY_SC_LNODE120,LOAD,SCL,47.61886936448126,-122.33142767453273
DENNY_SC_LNODE121,LOAD,SCL,47.61879199419297,-122.33149655409696
DENNY_SC_LNODE122,LOAD,SCL,47.61872662008257,-122.33158882104874
DENNY_SC_LNODE123,LOAD,SCL,47.61867600863032,-122.33169964379718
DENNY_SC_LNODE605,LOAD,SCL,47.61864208583057,-122.33182368657496
DENNY_SC_LNODE608,LOAD,SCL,47.61862594446002,-122.33195539027112
DENNY_SC_LNODEBKA,LOAD,SCL,47.61862788435331,-122.33208922228131
DENNY_SC_LNODEBKB,LOAD,SCL,47.618647478279186,-122.3322198910354
DENTON_LNODEMPC,LOAD,NWMT,47.271884999980756,-110.06416137176245
DENTON_LNODEREA,LOAD,NWMT,47.271884999980756,-110.06429462823755
DERPK_BP_LNODEIPL,LOAD,BPAT,47.959753,-117.496252
DERRICK_6_N002,GEN,CA,36.22307799998724,-120.33680550479866
DERRICK_6_N003,GEN,CA,36.22307799998724,-120.33691649520135
DESABLA_7_B1,GEN,CA,39.716250681588065,-121.52100969471633
DESCANSO_6_N001,LOAD,CA,32.86524,-116.633752
DESRT PK_GNODEIT,GEN,NV,39.753085,-118.954065
DESRTBSN_LNODE1AUX,LOAD,SRP,32.903814999988704,-111.79086767801225
DESRTBSN_LNODE3AUX,LOAD,SRP,32.903814999988704,-111.79097432198775
DES_LNODEXF1,LOAD,PSE,47.403056,-122.315833
DETROIT_2_G01GNODE,GEN,BPAT,44.724757,-122.253753
DETROIT_2_G02GNODE,GEN,BPAT,44.72475699993,-122.2536262966608
DETROIT_2_G03GNODE,GEN,BPAT,44.7246669778506,-122.253753
DETRO_BP_LNODESS1,LOAD,BPAT,44.72475699993,-122.2538797033392
DETRO_BP_LNODESS2,LOAD,BPAT,44.724847022149426,-122.253753
DEVERS_1_N057,GEN,CA,34.245053,-115.568108
DEVERS_1_N081,GEN,CA,33.9245,-116.5307
DEVERS_1_N102,GEN,CA,34.192222,-116.090278
DEVERS_1_N103,GEN,CA,34.191656,-116.09052
DEVERS_2_N072,GEN,CA,34.156906,-116.2295
DEVLDNPP_6_N003,LOAD,CA,35.774930999987355,-119.97393475743563
DEVLSDN_6_N001,LOAD,CA,35.774930999987355,-119.97404524256437
DEXTER_1_G01GNODE,GEN,BPAT,43.924605999982774,-122.80565922073713
DEXTER_LNODELEC,LOAD,BPAT,43.924605999982774,-122.80578477926288
DEXZEL_1_N001,GEN,CA,35.451389,-118.985
DE_LNODE10A,LOAD,APS,34.57129443673738,-112.4812091694114
DE_LNODER1A,LOAD,APS,34.57111356316425,-112.48120916965033
DE_LNODER5A,LOAD,APS,34.57111356316425,-112.48142883034967
DE_LNODER9A,LOAD,APS,34.57129443673738,-112.4814288305886
DFS_1_N001,LOAD,CA,36.72,-120.6
DGPAN1_7_B1,GEN,CA,36.655315,-120.580328
DGR_LNODEXF1,LOAD,PSE,47.2375,-122.226667
DGVADIX_7_B1,GEN,CA,38.40169803483637,-121.919929
DG_LNODE10A,LOAD,APS,33.68096,-111.981165
DG_LNODE12A,LOAD,APS,33.68095999995299,-111.98105696378796
DG_LNODE13A,LOAD,APS,33.68087009886624,-111.98105696390093
DG_LNODE14A,LOAD,APS,33.68080652924109,-111.9811333569826
DG_LNODE20A,LOAD,APS,33.680791326770915,-111.98123983711426
DG_LNODEFDR,LOAD,APS,33.68082246414992,-111.98134118622293
DG_LNODER1A,LOAD,APS,33.6808880307087,-111.9814151016945
DG_LNODER2A,LOAD,APS,33.680972995026885,-111.98145041005834
DG_LNODER4A,LOAD,APS,33.681062761848196,-111.98144450774687
DG_LNODER6A,LOAD,APS,33.6811449945214,-111.98140084702372
DHD_LNODE13,LOAD,EPE,31.752597679362125,-106.2820524361262
DHD_LNODE14,LOAD,EPE,31.752519444400534,-106.28199931678716
DHD_LNODE15,LOAD,EPE,31.752441209504827,-106.28205243621596
DHD_LNODE_10,LOAD,EPE,31.752441209504827,-106.28215867489403
DHD_LNODE_11,LOAD,EPE,31.752519444400534,-106.28221179432283
DHD_LNODE_12,LOAD,EPE,31.752597679362125,-106.2821586749838
DIABLO1_7_B1,GEN,CA,35.215923,-120.847545
DIABLO1_7_N001,LOAD,CA,35.215922999950024,-120.84743471985068
DIABLO2_7_B1,GEN,CA,35.215832902808515,-120.847545
DIABLO2_7_N001,LOAD,CA,35.215922999950024,-120.84765528014933
DIABLOCN_2_N001,LOAD,CA,35.21601309719158,-120.847545
DIABLO_2_GEN31GNODE,GEN,SCL,48.715596469185414,-121.1416656943358
DIABLO_2_GEN32GNODE,GEN,SCL,48.71577553065536,-121.14166569481878
DIAMOND_1_XF1LNODE,LOAD,AVA,46.9219,-117.5251
DIDR_7_HYDROGNODE,GEN,IPCO,45.2436836142444,-116.70132372375457
DILAD_BP_LNODE2KV,LOAD,BPAT,44.00530038998276,-123.0774629336353
DILAD_BP_LNODEKV2,LOAD,BPAT,44.00530038998276,-123.07758866636469
DIL_ARPT_LNODEOAD,LOAD,NWMT,45.242344,-112.550197
DIL_CITY_LNODELD1,LOAD,NWMT,45.21820962809938,-112.64254676111851
DIL_CITY_LNODELD2,LOAD,NWMT,45.218030371759326,-112.64254676151964
DIL_REA_LNODEOAD,LOAD,NWMT,45.225304,-112.630297
DIMND_LK_1_XF1LNODE,GEN,AVA,48.14460151981184,-117.1556805618345
DIMND_MC_LNODEOAD,LOAD,NWMT,47.1431,-114.842048
DINUBAE_7_B2,GEN,CA,36.56911269503489,-119.41841731931687
DINUBAE_7_N001,LOAD,CA,36.56893330486095,-119.41841731957626
DINUBA_6_N001,LOAD,CA,36.56893330486095,-119.41864068042374
DINUBA_6_N005,LOAD,CA,36.56911269503489,-119.41864068068313
DIRYVLLE_6_N001,LOAD,CA,40.12799,-122.097838
DISCOVRY_7_N002,GEN,CA,35.371389,-119.018333
DISCO_BP_LNODEXF1,LOAD,BPAT,45.63197599998211,-121.2032759784767
DISCO_BP_LNODEXF2,LOAD,BPAT,45.63197599998211,-121.2034040215233
DISCV_BP_LNODEBAY,LOAD,BPAT,47.99855,-122.884149
DISPLAY_LNODELD4,LOAD,SRP,33.353670353039334,-111.94233667604843
DIVISION_6_N001,LOAD,CA,32.6815959999886,-117.12003376624276
DIVISION_6_N009,LOAD,CA,32.6815959999886,-117.12014023375725
DIXI_LNODEIXI,LOAD,IPCO,43.3569,-115.4529
DIXON-J1_6_N101,LOAD,CA,38.44545401121386,-121.826237
DIXONLD_1_N001,LOAD,CA,37.457825231051295,-121.921353
DIXONLD_1_N002,LOAD,CA,37.457743884459624,-121.92129383478914
DIXONLD_1_N008,LOAD,CA,37.457743884459624,-121.92141216521087
DIXON_6_B1,LOAD,CA,38.445372994377905,-121.8261772770627
DIXON_6_N002,LOAD,CA,38.445372994377905,-121.8262967229373
DIXON_BP_LNODERLO,LOAD,BPAT,47.30972,-114.300464
DLLY_LNODEBR1,LOAD,PGE,45.489,-123.094
DLRDG_SC_LNODE736,LOAD,SCL,47.549541,-122.366239
DLRDG_SC_LNODE737,LOAD,SCL,47.54954099992229,-122.36610523922567
DLRDG_SC_LNODE738,LOAD,SCL,47.54945071775787,-122.36610523945609
DLRDG_SC_LNODE739,LOAD,SCL,47.549386878698236,-122.36619982249147
DLRDG_SC_LNODE740,LOAD,SCL,47.54937161177495,-122.3663316565033
DLRDG_SC_LNODE741,LOAD,SCL,47.549402881074215,-122.36645713779616
DLRDG_SC_LNODE742,LOAD,SCL,47.549468725477595,-122.36654865337968
DLRDG_SC_LNODE743,LOAD,SCL,47.54955404989769,-122.36659236923997
DLRDG_SC_LNODE744,LOAD,SCL,47.549644197236205,-122.36658506175903
DLRDG_SC_LNODE745,LOAD,SCL,47.54972677854076,-122.36653100509588
DLRDG_SC_LNODE746,LOAD,SCL,47.54979247502402,-122.36643925588837
DLRDG_SC_LNODE747,LOAD,SCL,47.5498352173222,-122.36632143458927
DLRDG_SC_LNODE748,LOAD,SCL,47.54985199316628,-122.3661900025516
DLRDG_SC_LNODE749,LOAD,SCL,47.54984244632881,-122.36605699095149
DLRDG_SC_LNODE768,LOAD,SCL,47.54980837450819,-122.36593312066475
DLWR_LNODEWR2,LOAD,PGE,45.577065,-122.69278
DLY_5_PPGOGNODE,GEN,APS,33.35396,-111.798829
DL_CITY_LNODELD1,LOAD,NWMT,45.218030371759326,-112.64280123848036
DL_CITY_LNODELD2,LOAD,NWMT,45.21820962809938,-112.64280123888149
DL_COMPR_LNODEOAD,LOAD,NWMT,46.430332,-112.72798
DMNDSPR_1_N001,LOAD,CA,38.69304699998593,-120.82566347343
DMNDSPR_1_N003,LOAD,CA,38.69304699998593,-120.82577852656999
DM_LNODE10A,LOAD,APS,33.846032,-112.140209
DM_LNODE12A,LOAD,APS,33.84603199995253,-112.14010057616052
DM_LNODE13A,LOAD,APS,33.84594194991313,-112.1401005762748
DM_LNODER1A,LOAD,APS,33.84587827496305,-112.1401772434498
DM_LNODER2A,LOAD,APS,33.84586304730444,-112.14028410562416
DM_LNODER4A,LOAD,APS,33.84589423627262,-112.14038581836628
DM_LNODER5A,LOAD,APS,33.84595991146438,-112.14045999904268
DM_LNODER9A,LOAD,APS,33.846045016555024,-112.14049543409281
DNCR_LNODEBR1,LOAD,PGE,45.429432,-122.275558
DNNY_LNODEWR1,LOAD,PGE,45.469134999982174,-122.78696116316465
DNNY_LNODEWR2,LOAD,PGE,45.469134999982174,-122.78708883683535
DNPR_GNODE011,GEN,IPCO,43.17853597994358,-115.733822
DNPR_GNODE012,GEN,IPCO,43.17845501001024,-115.73375789366901
DNPR_GNODE013,GEN,IPCO,43.17845501001024,-115.73388610633098
DOBBINS_6_N001,LOAD,CA,39.339604,-121.197378
DOBSO_SR_LNODELD1,LOAD,SRP,33.393495803211486,-111.880704
DOBSO_SR_LNODELD2,LOAD,SRP,33.39341509838176,-111.88064819172695
DOBSO_SR_LNODELD3,LOAD,SRP,33.39341509838176,-111.88075980827304
DODGEJCT_2_Z4GNODE,GEN,BPAT,46.50565399998137,-117.84592052398713
DODGE_BP_LNODE502,LOAD,BPAT,46.50565399998137,-117.84605147601286
DOE45_BP_LNODEIGO,LOAD,BPAT,46.4367810430623,-119.364779
DOE45_BP_LNODEXF1,LOAD,BPAT,46.43669997844871,-119.36471108693561
DOE45_BP_LNODEXF2,LOAD,BPAT,46.43669997844871,-119.36484691306438
DOLANRD_1_N001,LOAD,CA,36.800296,-121.769123
DOMTAR_1_N001,LOAD,CA,38.13,-121.65
DONNELLS_7_B1,GEN,CA,38.198681999986036,-120.01535840676016
DONNER_LNODE07,LOAD,NV,39.327305,-120.281812
DONN_LNODE134,LOAD,IPCO,42.90519169998365,-112.53964364678208
DONN_LNODELOT,LOAD,IPCO,42.90519169998365,-112.53976615321791
DONPEDRO_6_MIDUNIT1GNODE,GEN,BANC,37.69681945189631,-120.41992431977502
DONPEDRO_6_MIDUNIT2GNODE,GEN,BANC,37.696638577993326,-120.41992432005385
DONPEDRO_6_MIDUNIT3GNODE,GEN,BANC,37.696638577993326,-120.42015290994614
DONPEDRO_6_MIDUNIT4GNODE,GEN,BANC,37.69681945189631,-120.42015291022497
DONPEDRO_6_UNIT1GNODE,GEN,TIDC,37.696159890468,-120.4206077500803
DONPEDRO_6_UNIT2GNODE,GEN,TIDC,37.69615989041284,-120.42049345587557
DONPEDRO_6_UNIT3GNODE,GEN,TIDC,37.696069453519215,-120.4206077500803
DONPEDRO_6_UNIT4GNODE,GEN,TIDC,37.69615989041284,-120.42072204428503
DONPEDRO_LNODENSS,LOAD,TIDC,37.6962503274167,-120.4206077500803
DON_7_BATTERYGNODE,GEN,SRP,33.291782,-111.966759
DOOLEY_2_Z1GNODE,GEN,BPAT,45.72700999998204,-120.82496185425856
DOOLEY_2_Z2GNODE,GEN,BPAT,45.72700999998204,-120.82509014574144
DORMA_SR_LNODELD2,LOAD,SRP,33.291721,-111.965419
DOSCONDO_LNODEO_L1,LOAD,WALC,32.77433599998874,-109.62389873550191
DOSCONDO_LNODEO_L2,LOAD,WALC,32.77433599998874,-109.6240052644981
DOSPALS_6_N001,LOAD,CA,36.97484,-120.635012
DOUBLEC_7_B1,GEN,CA,35.500556,-119.045833
DOVE_GNODEIT,GEN,NV,39.560093604344345,-119.51312877510045
DOVE_LNODE101,LOAD,NV,39.559914395539856,-119.51312877540076
DOVE_LNODEIE,LOAD,NV,39.559914395539856,-119.51336122459924
DOVE_LNODERUM,LOAD,NV,39.560093604344345,-119.51336122489955
DOWER_7_LDEQLNODE,LOAD,AVA,47.63640942062717,-116.8657468229042
DOWNER_LNODEOAD,LOAD,NWMT,45.688555,-110.51131
DOWNS_LNODE85,LOAD,NV,39.042660745781546,-119.696283
DOWNS_LNODE86,LOAD,NV,39.04258012709385,-119.6962230714213
DOWNS_LNODE87,LOAD,NV,39.04258012709385,-119.69634292857869
DOYLE_LNODEOAD,LOAD,NWMT,46.667382,-114.027378
DP_7_DEMOSSGNODE,GEN,TEPC,32.254106,-110.993417
DP_LNODER11,LOAD,APS,33.43284288998839,-112.11767505798244
DP_LNODER5A,LOAD,APS,33.43284288998839,-112.11778254201757
DRACKRS2_7_N003,GEN,CA,33.67555599998821,-114.75644301182004
DRAIN_BP_LNODEAIN,LOAD,BPAT,43.658102206875256,-123.314743
DRAIN_BP_LNODEOUG,LOAD,BPAT,43.658020896544016,-123.31467811226854
DRAIN_BP_LNODETON,LOAD,BPAT,43.658020896544016,-123.31480788773146
DREWSG12_7_B1,GEN,CA,34.060990230829425,-117.35309108363238
DREWSG12_7_B3,GEN,CA,34.06080976907458,-117.3530910838643
DREWSG34_7_B1,GEN,CA,34.06080976907458,-117.3533089161357
DREWSG34_7_B3,GEN,CA,34.060990230829425,-117.35330891636761
DREXEL_LNODEC2,LOAD,TEPC,32.149353,-110.944847
DREXEL_LNODEC42,LOAD,TEPC,32.1493529999555,-110.94474066464515
DREXEL_LNODEDIST1,LOAD,TEPC,32.14926296969627,-110.944847
DREXEL_LNODEDIST2,LOAD,TEPC,32.1493529999555,-110.94495333535484
DREXEL_LNODEDIST3,LOAD,TEPC,32.14944303030354,-110.944847
DRHM_LNODEWR1,LOAD,PGE,45.39924455154506,-122.76467246310719
DRHM_LNODEWR2,LOAD,PGE,45.39906544831308,-122.76467246351145
DRHM_LNODEWR3,LOAD,PGE,45.39906544831308,-122.76492753648854
DRHM_LNODEWR4,LOAD,PGE,45.39924455154506,-122.76492753689281
DRK_LNODE11L,LOAD,APS,34.979577999987555,-112.37184390516857
DRK_LNODE19L,LOAD,APS,34.979577999987555,-112.37195409483142
DRMD_CTY_LNODEK1L,LOAD,NWMT,46.664342,-113.153325
DRUM38780_7_B1,GEN,CA,39.2569625304325,-120.76732137470198
DRUM38780_7_B3,GEN,CA,39.25678346945318,-120.76732137499728
DRUM38780_7_B4,GEN,CA,39.25678346945318,-120.76755262500272
DRUM38780_7_B7,GEN,CA,39.2569625304325,-120.76755262529802
DRUM5_7_B1,GEN,CA,39.2677459999428,-120.77602235710606
DRYE_U1GNODE,GEN,SRP,34.636188999950704,-110.13470909016051
DRYE_U2GNODE,GEN,SRP,34.636110684143155,-110.13476404513214
DRYE_U3GNODE,GEN,SRP,34.636110684143155,-110.13487395486786
DRYGULCH_1_XFMR13LNODE,LOAD,AVA,46.4116,-117.1121
DRYW_U1GNODE,GEN,SRP,34.636188999950704,-110.13492890983949
DRYW_U2GNODE,GEN,SRP,34.636267315832214,-110.13487395497164
DRYW_U3GNODE,GEN,SRP,34.636267315832214,-110.13476404502836
DRY_CRKC_LNODEOAD,LOAD,NWMT,45.215351,-109.064344
DR_LNODER1A,LOAD,APS,33.60927999998832,-112.25332306456711
DR_LNODER2A,LOAD,APS,33.60927999998832,-112.25343093543289
DSAMIGO_2_N011,GEN,CA,36.92392,-120.82823
DSK_LNODE4AL,LOAD,APS,33.49366901,-112.778463
DSN_7_FHS_BESS1GNODE,GEN,APS,32.647158,-114.430403
DSN_7_FHS_BESS2GNODE,GEN,APS,32.647157999954906,-114.43029655125483
DSN_7_YUMAGNODE,GEN,APS,32.64706836918878,-114.43029655136151
DSN_7_YUMA_BESSGNODE,GEN,APS,32.64700499070711,-114.43037182193773
DSRTHV3_7_N002,GEN,CA,33.80146799998815,-115.40253684050273
DSRTHV3_7_N003,GEN,CA,33.80146799998815,-115.40264515949727
DS_LNODE12A,LOAD,APS,33.622866,-111.959773
DS_LNODE13A,LOAD,APS,33.622865999953135,-111.95966509805851
DS_LNODE14A,LOAD,APS,33.622788187621715,-111.95971904907798
DS_LNODER1A,LOAD,APS,33.622788187621715,-111.95982695092202
DS_LNODER4A,LOAD,APS,33.622865999953135,-111.95988090194149
DS_LNODER5A,LOAD,APS,33.622943812354805,-111.95982695101947
DS_LNODER9A,LOAD,APS,33.622943812354805,-111.95971904898053
DTCHFLT1_7_B1,GEN,CA,39.25662499998567,-120.7665901876255
DTCHFLT2_7_B1,GEN,CA,39.25662499998567,-120.7667058123745
DT_LNODER2A,LOAD,APS,33.56811388204776,-111.978342
DT_LNODER3A,LOAD,APS,33.56803305896355,-111.97828599717995
DT_LNODER4A,LOAD,APS,33.56803305896355,-111.97839800282004
DUANECT1_7_N002,GEN,CA,37.37675420747823,-121.9508
DUANECT2_7_N002,GEN,CA,37.376672896246184,-121.95074092449018
DUANEST3_7_N002,GEN,CA,37.376672896246184,-121.95085907550981
DUCKB_BP_LNODE115,LOAD,BPAT,47.660629,-122.950149
DUFUR_BP_LNODEXF1,LOAD,BPAT,45.45342999998221,-121.13128917909421
DUFUR_BP_LNODEXF3,LOAD,BPAT,45.45342999998221,-121.1314168209058
DUKMOSS1_7_B1,GEN,CA,36.85999999998676,-121.75994379811462
DUKMOSS1_7_N001,LOAD,CA,36.85999999998676,-121.76005620188538
DUKMOSS2_7_B1,GEN,CA,36.85,-121.76
DUKMOSS2_7_N001,LOAD,CA,36.84999999994714,-121.75988762218331
DUKMOSS3_7_B2,GEN,CA,36.84991007433619,-121.76
DUKMOSS3_7_N001,LOAD,CA,36.84999999994714,-121.76011237781668
DUKMOSS3_7_N002,LOAD,CA,36.85008992566386,-121.76
DUKMOSS4_7_B1,GEN,CA,36.85,-121.72
DUKMOSS4_7_N001,LOAD,CA,36.84999999994714,-121.71988762218332
DUKMOSS5_7_B1,GEN,CA,36.83999999998681,-121.71994382404901
DUKMOSS5_7_N001,LOAD,CA,36.83999999998681,-121.72005617595099
DUKMOSS6_7_B2,GEN,CA,36.84991007433619,-121.72
DUKMOSS6_7_N001,LOAD,CA,36.84999999994714,-121.72011237781669
DUKMOSS6_7_N002,LOAD,CA,36.85008992566386,-121.72
DUMBARTN_1_N001,LOAD,CA,37.557155251259346,-122.057606
DUMBARTN_1_N003,LOAD,CA,37.55707387435557,-122.05754673393427
DUMBARTN_1_N011,LOAD,CA,37.55707387435557,-122.05766526606573
DUNBAR_6_N001,LOAD,CA,38.38322299998598,-122.52777754540057
DUNBAR_6_N002,LOAD,CA,38.38322299998598,-122.52789245459942
DUNHILL_6_N001,LOAD,CA,32.901543,-117.229958
DUNLAP_6_N001,LOAD,CA,36.64502999998689,-119.15909106962141
DUNNIGAN_6_N001,LOAD,CA,38.924808,-121.989951
DUNNSIDE_1_N001,LOAD,CA,35.03321,-116.467335
DURANGO_LNODE-1,LOAD,NV,36.11554171829086,-115.276133
DURANGO_LNODE-2,LOAD,NV,36.115461140840765,-115.27607541194935
DURANGO_LNODE-3,LOAD,NV,36.115461140840765,-115.27619058805065
DUR_LNODE_10,LOAD,EPE,31.77495419493729,-106.43576944444445
DUR_LNODE_11,LOAD,EPE,31.77487290251935,-106.43571423578219
DUR_LNODE_12,LOAD,EPE,31.77487290251935,-106.4358246531067
DUTCHFL_LNODE07,LOAD,NV,41.16318234574813,-117.64998199302913
DUTCHFL_LNODE08,LOAD,NV,41.16300165412738,-117.64998199336002
DUTCHFL_LNODE09,LOAD,NV,41.16300165412738,-117.65022200663998
DUTCHFL_LNODE10,LOAD,NV,41.16318234574813,-117.65022200697086
DUTTON_LNODEOAD,LOAD,NWMT,47.849848,-111.709925
DUTTON_P_LNODEOAD,LOAD,NWMT,47.826755,-111.409835
DUT_LNODEXF1,LOAD,PSE,47.114655,-122.634601
DUV_LNODEXF1,LOAD,PSE,47.731944,-121.971111
DU_LNODE12A,LOAD,APS,33.432833,-112.11771
DU_LNODE13A,LOAD,APS,33.43283299995362,-112.11760251598548
DU_LNODE14A,LOAD,APS,33.432743301074325,-112.11760251609658
DU_LNODER1A,LOAD,APS,33.43267987443086,-112.11767851871656
DU_LNODER4A,LOAD,APS,33.43266470615463,-112.11778445460652
DU_LNODER5A,LOAD,APS,33.43269577349997,-112.11788528569853
DU_LNODER6A,LOAD,APS,33.432761192586526,-112.11795882337054
DU_LNODER9A,LOAD,APS,33.43284596580197,-112.11799395126246
DVLCYN1G_7_B1,GEN,CA,34.25,-117.29
DVLCYN2G_7_B1,GEN,CA,34.26,-117.31
DVLCYN3G_7_B1,GEN,CA,34.19,-117.33
DVLCYN4G_7_B1,GEN,CA,34.19,-117.32
DVPR_GNODEVPR,GEN,IPCO,43.544225,-116.100666
DVY_LNODE10A,LOAD,APS,33.771893,-111.996289
DVY_LNODE13A,LOAD,APS,33.77189299995276,-111.9961807506497
DVY_LNODER1A,LOAD,APS,33.771803016941064,-111.996289
DVY_LNODER2A,LOAD,APS,33.77189299995276,-111.9963972493503
DVY_LNODER4A,LOAD,APS,33.77198298305894,-111.996289
DV_LNODE10A,LOAD,APS,33.663069,-112.133495
DV_LNODE13A,LOAD,APS,33.66306899995306,-112.13338700535193
DV_LNODE14A,LOAD,APS,33.66297911475649,-112.13338700546477
DV_LNODE17A,LOAD,APS,33.66291555636734,-112.13346336915633
DV_LNODE18A,LOAD,APS,33.662900356584274,-112.13356980832285
DV_LNODE20A,LOAD,APS,33.66293148845979,-112.13367111844035
DV_LNODE21A,LOAD,APS,33.66299704342964,-112.13374500547488
DV_LNODE22A,LOAD,APS,33.663081992730255,-112.13378030025459
DV_LNODE28A,LOAD,APS,33.66317174368511,-112.13377440021362
DV_LNODE30A,LOAD,APS,33.66325396182346,-112.13373075628759
DV_LNODER9A,LOAD,APS,33.663319369364395,-112.13365668060828
DWMSH_SC_LNODE670,LOAD,SCL,47.514354,-122.307178
DWMSH_SC_LNODE671,LOAD,SCL,47.51435399992225,-122.30704429450199
DWMSH_SC_LNODE672,LOAD,SCL,47.5142636944962,-122.30704429473208
DWMSH_SC_LNODE673,LOAD,SCL,47.514199838988034,-122.30713883868135
DWMSH_SC_LNODE674,LOAD,SCL,47.514184568131164,-122.30727061821354
DWMSH_SC_LNODE675,LOAD,SCL,47.51421584548731,-122.30739604765182
DWMSH_SC_LNODE676,LOAD,SCL,47.51428170685608,-122.3074875254166
DWMSH_SC_LNODE677,LOAD,SCL,47.514367053260564,-122.30753122321093
DWMSH_SC_LNODE678,LOAD,SCL,47.514457223825985,-122.3075239187492
DWMSH_SC_LNODE679,LOAD,SCL,47.51453982640784,-122.30746988442449
DWMSH_SC_LNODE680,LOAD,SCL,47.514605539817886,-122.30737817313218
DWMSH_SC_LNODE681,LOAD,SCL,47.514648293128765,-122.30726040052292
DWMSH_SC_LNODE682,LOAD,SCL,47.514665073295184,-122.30712902279997
DWMSH_SC_LNODE683,LOAD,SCL,47.51465552399812,-122.3069960661673
DWMSH_SC_LNODE684,LOAD,SCL,47.51462144339892,-122.30687224707015
DWMSH_SC_LNODE685,LOAD,SCL,47.514566251978344,-122.30676641814584
DWMSH_SC_LNODE686,LOAD,SCL,47.51449447662429,-122.30668527698938
DWMSH_SC_LNODE687,GEN,SCL,47.51441127965711,-122.30663328017913
DWMSH_SC_LNODE688,LOAD,SCL,47.51432204916113,-122.30661271174046
DWMSH_SC_LNODE689,LOAD,SCL,47.514232058323174,-122.30662386236777
DWMSH_SC_LNODE690,LOAD,SCL,47.51414619544107,-122.30666528272265
DWMSH_SC_LNODE691,LOAD,SCL,47.514068762162076,-122.30673408067624
DWMSH_SC_LNODE692,LOAD,SCL,47.514003334827514,-122.30682623830893
DWMSH_SC_LNODE693,LOAD,SCL,47.51395268216985,-122.30693692975436
DWORSHAK_1_G01GNODE,GEN,BPAT,46.528443,-116.367189
DWORSHAK_5_G02GNODE,GEN,BPAT,46.52844299992516,-116.36705796489343
DWORSHAK_5_G03GNODE,GEN,BPAT,46.52835284858081,-116.367189
DWORS_BP_LNODESS,LOAD,BPAT,46.52844299992516,-116.36732003510656
DWORS_BP_LNODESS1,LOAD,BPAT,46.528533151419225,-116.367189
DW_LNODE10A,LOAD,APS,34.55023626214465,-112.248492
DW_LNODE14A,LOAD,APS,34.55015486891438,-112.24843494477817
DW_LNODER2A,LOAD,APS,34.55015486891438,-112.24854905522183
DX_LNODE10A,LOAD,APS,33.75629991530137,-111.93423189371416
DX_LNODE12A,LOAD,APS,33.756221999952764,-111.93417778752665
DX_LNODE13A,LOAD,APS,33.75614408467503,-111.93423189381251
DX_LNODEDR4A,LOAD,APS,33.75614408467503,-111.93434010618749
DX_LNODER1A,LOAD,APS,33.756221999952764,-111.93439421247335
DX_LNODER2A,LOAD,APS,33.75629991530137,-111.93434010628584
DYERSM3_7_N001,GEN,CA,37.76133,-121.6909
DYR_LNODE16,LOAD,EPE,31.801080987524934,-106.44253575870623
DYR_LNODE_11,LOAD,EPE,31.801002777733373,-106.4424826286144
DYR_LNODE_12,LOAD,EPE,31.800924568008277,-106.44253575879617
DYR_LNODE_13,LOAD,EPE,31.800924568008277,-106.44264201897983
DYR_LNODE_14,LOAD,EPE,31.801002777733373,-106.44269514916161
DYR_LNODE_15,LOAD,EPE,31.801080987524934,-106.44264201906977
DYTN_LNODEBR1,LOAD,PGE,45.203720781865805,-123.104446
DYTN_LNODEBR3,LOAD,PGE,45.20364010904803,-123.10437989557091
DYTN_LNODEWBR8,LOAD,PGE,45.20364010904803,-123.10451210442908
DY_LNODE12A,LOAD,APS,33.595058,-112.342518
DY_LNODE13A,LOAD,APS,33.59505799995323,-112.34241016150925
DY_LNODE14A,LOAD,APS,33.59496817383668,-112.34241016162156
DY_LNODE17A,LOAD,APS,33.59490465722332,-112.34248641489349
DY_LNODE18A,LOAD,APS,33.594889467430804,-112.34259270015254
DY_LNODE20A,LOAD,APS,33.59492057884422,-112.3426938637788
DY_LNODE21A,LOAD,APS,33.594986090726266,-112.34276764397447
DY_LNODE25A,LOAD,APS,33.59507098419146,-112.34280288771808
DY_LNODE26A,LOAD,APS,33.595160676154464,-112.34279699620747
DY_LNODE29A,LOAD,APS,33.59524284025189,-112.34275341538881
DY_LNODER9A,LOAD,APS,33.59530820480123,-112.34267944682102
DZ_LNODE10A,LOAD,APS,33.744515,-111.886145
DZ_LNODE12A,LOAD,APS,33.74451499995282,-111.88603681505069
DZ_LNODE13A,LOAD,APS,33.74442504170149,-111.88603681516416
DZ_LNODER1A,LOAD,APS,33.74436143165509,-111.8861133134187
DZ_LNODER2A,LOAD,APS,33.7443462195182,-111.88621994014471
DZ_LNODER4A,LOAD,APS,33.74437737669593,-111.88632142878389
DZ_LNODER5A,LOAD,APS,33.74444298494553,-111.8863954460177
DZ_LNODER9A,LOAD,APS,33.74452800328888,-111.88643080299259
E TRACY_GNODET3,GEN,NV,39.56298299998551,-119.51910488416586
E TRACY_GNODET4,GEN,NV,39.56298299998551,-119.51922111583414
EAGLEMTN_2_N001,LOAD,CA,33.82005401596653,-115.44
EAGLEMTN_2_N002,LOAD,CA,33.8199729920039,-115.43994369314599
EAGLE_BP_LNODEBID,LOAD,BPAT,46.68300299998117,-119.1906122076356
EAGLE_BP_LNODEEND,LOAD,BPAT,46.68300299998117,-119.19074379236442
EAGLE_LNODE01,LOAD,NV,39.621437637560526,-119.20844962902278
EAGLE_LNODE02,LOAD,NV,39.62125836232329,-119.20844962932424
EAGLE_LNODE18,LOAD,NV,39.62125836232329,-119.20868237067577
EAGLROCK_2_N001,LOAD,CA,38.8293359999859,-122.81077743066047
EAGLROCK_2_N012,LOAD,CA,38.8293359999859,-122.81089256933953
EAGL_LNODE131,LOAD,IPCO,43.69480399998301,-116.349791510216
EAGL_LNODE132,LOAD,IPCO,43.69480399998301,-116.34991648978401
EALY_SR_LNODELD2,LOAD,SRP,33.39389199998846,-111.55952629799215
EALY_SR_LNODELD4,LOAD,SRP,33.39389199998846,-111.55963370200784
EAR_LNODEXF1,LOAD,PSE,47.465556,-122.225833
EASTGATE_6_N004,GEN,CA,32.88501672380562,-117.200894
EASTGATE_6_N101,LOAD,CA,32.88493613808494,-117.20083859603457
EASTGATE_6_N201,LOAD,CA,32.88493613808494,-117.20094940396542
EASTLOOP_LNODE2C3,LOAD,TEPC,32.229381,-110.838394
EASTLOOP_LNODEC42,LOAD,TEPC,32.22938099995573,-110.83828765676992
EASTLOOP_LNODEC53,LOAD,TEPC,32.2293030942111,-110.83834082843055
EASTLOOP_LNODEDIST1,LOAD,TEPC,32.2293030942111,-110.83844717156946
EASTLOOP_LNODEDIST2,LOAD,TEPC,32.22938099995573,-110.83850034323008
EASTLOOP_LNODEDIST3,LOAD,TEPC,32.22945890576682,-110.83844717166062
EASTLOOP_LNODEIST47,LOAD,TEPC,32.22945890576682,-110.83834082833938
EASTO_BP_LNODESER,LOAD,BPAT,48.429538,-119.500924
EASTRDGE_LNODERDGE,LOAD,PNM,35.10057248,-106.5000315
EASTSIDE_LNODEMPT1,LOAD,WALC,36.03520299998726,-114.49520763764967
EASTSIDE_LNODEMPT2,LOAD,WALC,36.03520299998726,-114.49531836235032
EASTWOOD_7_B1,GEN,CA,37.136003,-119.260776
EAST_BNC_LNODEOAD,LOAD,NWMT,45.300545,-112.425458
EAST_F_FDR1LNODE,LOAD,TPWR,47.25515,-122.42761
EAST_F_FDR2LNODE,LOAD,TPWR,47.255149999922786,-122.42747677947216
EAST_F_FDR3LNODE,LOAD,TPWR,47.255059578522626,-122.42747677969963
EAST_F_FDR4LNODE,LOAD,TPWR,47.25499564100799,-122.42757098072452
EAST_F_FDR5LNODE,LOAD,TPWR,47.25498035053992,-122.4277022822755
EAST_F_FDR6LNODE,LOAD,TPWR,47.255011668065045,-122.42782725676427
EAST_F_FDR7LNODE,LOAD,TPWR,47.2550776140174,-122.42791840272416
EAST_F_FDR8LNODE,LOAD,TPWR,47.25516307002831,-122.42796194201595
EA_LNODER2A,LOAD,APS,33.64418492110884,-111.885984
EA_LNODER4A,LOAD,APS,33.64410403943293,-111.88592790711152
EA_LNODER5A,LOAD,APS,33.64410403943293,-111.88604009288848
EBCTP_7_GENGNODE,GEN,TPWR,46.5053,-119.1313
EBMUDGRY_1_N001,LOAD,CA,37.93,-122.04
ECHOL_BP_LNODEING,LOAD,BPAT,47.492645999980574,-121.8728941648539
ECHOL_BP_LNODESS,LOAD,BPAT,47.492645999980574,-121.8730278351461
ECRK_LNODEBR1,LOAD,PGE,45.357599999982284,-122.36199726934082
ECRK_LNODEWBR6,LOAD,PGE,45.357599999982284,-122.36212473065919
ECY_LNODE101,LOAD,BANC,38.55445658675582,-121.43093112608555
ECY_LNODE102,LOAD,BANC,38.55427674646514,-121.4309311263732
ECY_LNODE103,LOAD,BANC,38.55427674646514,-121.43116109584881
ECY_LNODE104,LOAD,BANC,38.55445658675582,-121.43116109613645
EC_LNODEFDR2,LOAD,APS,33.45789801,-112.065736
EC_LNODEFDR22,LOAD,APS,33.457898009953546,-112.06562846332169
EC_LNODEFDR23,LOAD,APS,33.45780829305238,-112.06562846343296
EC_LNODEFDR24,LOAD,APS,33.45774485366559,-112.06570450329178
EC_LNODEFDR28,LOAD,APS,33.45772968234174,-112.06581049108678
EC_LNODEFDR3,LOAD,APS,33.45776075592888,-112.06591137158271
EC_LNODEFDR4,LOAD,APS,33.45782618815897,-112.06598494528596
EC_LNODEFDR7,LOAD,APS,33.45791097840656,-112.06602009038971
EC_LNODEFDR8,LOAD,APS,33.45800056131724,-112.0660142153661
EC_LNODET40,LOAD,APS,33.45808262551466,-112.06597075651794
EC_LNODET50,LOAD,APS,33.45814791058954,-112.06589699496955
EC_LNODET60,LOAD,APS,33.45819038521765,-112.06580227295694
EDD_LNODEOSS,LOAD,EPE,32.8139722222222,-104.240322222222
EDENVALE_1_N001,LOAD,CA,37.24503626216962,-121.7958386130011
EDENVALE_1_N004,LOAD,CA,37.24485573772219,-121.79583861327271
EDENVALE_1_N006,LOAD,CA,37.24485573772219,-121.79606538672729
EDENVALE_1_N008,LOAD,CA,37.24503626216962,-121.7960653869989
EDEN_LNODE041A,LOAD,IPCO,42.561834550550195,-114.2307054184618
EDEN_LNODE042A,LOAD,IPCO,42.56165544932133,-114.2307054188108
EDEN_LNODE043A,LOAD,IPCO,42.56165544932133,-114.2309485811892
EDEN_LNODE51A,LOAD,IPCO,42.561834550550195,-114.2309485815382
EDES_1_N001,LOAD,CA,37.738786999986225,-122.19371982090533
EDES_1_N003,LOAD,CA,37.738786999986225,-122.19383417909467
EDGAR_P_LNODEOAD,LOAD,NWMT,45.479392,-108.852306
EDGAR_R_LNODEOAD,LOAD,NWMT,45.463681,-108.902378
EDGECOMB_LNODEXF2,LOAD,BPAT,48.13999999998043,-122.15993272905811
EDGEC_BP_LNODEXF1,LOAD,BPAT,48.13999999998043,-122.16006727094188
EDG_LNODEXF1,LOAD,PSE,47.243056,-122.293333
EDMON1AP_7_N001,LOAD,CA,34.986313,-118.738787
EDMON2AP_7_N001,LOAD,CA,34.986312999950265,-118.73867680688261
EDMON3AP_7_N001,LOAD,CA,34.98622271993701,-118.73867680700413
EDMON3AP_7_N002,LOAD,CA,34.98615888237297,-118.73875472524391
EDMON4AP_7_N001,LOAD,CA,34.98614361582445,-118.738863331203
EDMON4AP_7_N002,LOAD,CA,34.98617488443967,-118.73896670370384
EDMON5AP_7_N001,LOAD,CA,34.98624072734969,-118.73904209487607
EDMON5AP_7_N002,LOAD,CA,34.986326049781965,-118.73907810817316
EDMON6AP_7_N001,LOAD,CA,34.986416194964555,-118.73907208804029
EDMON6AP_7_N002,LOAD,CA,34.98649877424742,-118.73902755565565
EDMON7AP_7_N001,LOAD,CA,34.98656446909455,-118.73895197200041
EDMON7AP_7_N002,LOAD,CA,34.98660721032227,-118.7388549100885
EDMON8AP_7_N001,LOAD,CA,34.98662398575978,-118.738746635625
EDMON8AP_7_N002,LOAD,CA,34.986614439197844,-118.738637059907
EDMONSTN_2_N023,GEN,CA,34.943887,-118.824836
EDWARDS_1_N001,LOAD,CA,34.991871,-117.890005
EDWARD_7_N001,GEN,CA,34.995241,-118.104212
ED_2_LNODEED_2,LOAD,WALC,32.521474,-111.330082
ED_4_LNODEEAST,LOAD,WALC,32.444215863044484,-111.333408
ED_4_LNODENTER,LOAD,WALC,32.444135068465556,-111.33335272574965
ED_4_LNODEWEST,LOAD,WALC,32.444135068465556,-111.33346327425035
ED_5CO_LNODED5CO,LOAD,WALC,32.361317,-111.341108
EECLOUSE_LNODEGOODNOE,LOAD,BPAT,45.56144,-120.497
EECLO_BP_LNODE2KV,LOAD,BPAT,45.81170199998192,-120.83346873376111
EECLO_BP_LNODEESS,LOAD,BPAT,45.81170199998192,-120.83359726623888
EELNS_BP_LNODESBG,LOAD,BPAT,46.999877,-120.522321
EELRIVR_6_N001,LOAD,CA,40.602658,-124.210199
EGAN_LNODE12LD3,LOAD,SRP,33.24932399998847,-111.60191143541417
EGAN_SR_LNODELD2,LOAD,SRP,33.24932399998847,-111.60201856458583
EGLPCHR_LNODE2R,LOAD,NV,40.24677199998502,-118.39076294302957
EGLPCHR_LNODE52,LOAD,NV,40.24677199998502,-118.39088105697043
EGRANGVL_1_EGRANVILLNODE,LOAD,AVA,45.93171961254645,-116.1025026285684
EGR_LNODE10A,LOAD,APS,33.493067133191786,-112.95342968808272
EGR_LNODE2A,LOAD,APS,33.492887646715154,-112.95342968830579
EGR_LNODER5A,LOAD,APS,33.492887646715154,-112.95364491169421
EGR_LNODER9A,LOAD,APS,33.493067133191786,-112.95364491191728
EGT_LNODEXF1,LOAD,PSE,47.574166999980555,-122.13187710088995
EGT_LNODEXF2,LOAD,PSE,47.574166999980555,-122.13201089911004
EG_LNODE13A,LOAD,APS,32.882956543956354,-111.714665688471
EG_LNODER1A,LOAD,APS,32.882878999954755,-111.7146123770353
EG_LNODER2A,LOAD,APS,32.882801456021056,-111.7146656885643
EG_LNODER4A,LOAD,APS,32.882801456021056,-111.71477231143571
EG_LNODER6A,LOAD,APS,32.882878999954755,-111.71482562296471
EG_LNODER9A,LOAD,APS,32.882956543956354,-111.714772311529
EHWP_GNODEHWP,GEN,IPCO,45.066944,-117.863611
EIGHTHST_LNODEK1L,LOAD,NWMT,45.76652274255534,-108.536585
EIGHTHST_LNODEK2L,LOAD,NWMT,45.766442128702884,-108.53651828063735
EIGHTHST_LNODEK3L,LOAD,NWMT,45.766442128702884,-108.53665171936265
EIGHTMI_2_N017,LOAD,CA,38.058077,-121.375292
EISENHOW_1_N001,LOAD,CA,33.830599,-116.497612
EISENHOW_1_N038,GEN,CA,33.808698,-116.491846
EISEN_6_N001,LOAD,CA,35.35714,-118.97131
EKELS_BP_LNODELSO,LOAD,BPAT,46.14273,-122.908052
EKHN_LNODE131,LOAD,IPCO,43.668348,-114.327759
EKRT_LNODE041A,LOAD,IPCO,43.56936779998313,-116.12693589102098
EKRT_LNODE042A,LOAD,IPCO,43.56936779998313,-116.12706050897901
ELAND_2_BATTERY_BES13GNODE,GEN,LADWP,35.256711678297364,-118.02717949390222
ELAND_2_BATTERY_BES14GNODE,GEN,LADWP,35.2566400971406,-118.02711256189784
ELAND_2_BATTERY_BES21GNODE,GEN,LADWP,35.256557125225505,-118.02706967043794
ELAND_2_BATTERY_BES22GNODE,GEN,LADWP,35.25646813604881,-118.02705270362267
ELAND_2_SOLAR_SOL13GNODE,GEN,LADWP,35.25637838853188,-118.02706190130196
ELAND_2_SOLAR_SOL14GNODE,GEN,LADWP,35.256292757759844,-118.02709606800228
ELAND_2_SOLAR_SOL21GNODE,GEN,LADWP,35.256215533763715,-118.02715281810428
ELAND_2_SOLAR_SOL22GNODE,GEN,LADWP,35.25615028323567,-118.02722883732204
ELBE_BKLNODE,LOAD,TPWR,46.76538,-122.19153
ELBUTTE_1_ELBUTTEHYDROGNODE,GEN,PNM,36.522221,-108.155098
ELCAJNEG_7_GN001,GEN,CA,32.796809,-116.971034
ELCAJNGT_7_N001,LOAD,CA,32.795346131065216,-116.97233863745876
ELCAJNGT_7_N004,LOAD,CA,32.795346131065216,-116.97244936254124
ELCAPTAN_LNODE-1,LOAD,NV,36.24061899998722,-115.2890154903247
ELCAPTAN_LNODE-2,LOAD,NV,36.24061899998722,-115.2891265096753
ELCAPTN_1_N001,LOAD,CA,37.335801999986415,-120.50517320028958
ELCAPTN_1_N004,LOAD,CA,37.335801999986415,-120.50528679971042
ELCAPTN_1_N005,LOAD,CA,37.365512,-120.578993
ELCERRO_1_MEADOWLAKEPVGNODE,GEN,PNM,34.80918288579527,-106.52565919836175
ELCRRTO_1_N001,LOAD,CA,37.91620499998609,-122.30313670905946
ELCRRTO_1_N023,LOAD,CA,37.91620499998609,-122.30325129094054
ELDORAD_LNODERADO,LOAD,PNM,35.547,-105.926
ELDORU1_7_B2,GEN,CA,38.779268,-120.606523
ELDORU2_7_B2,GEN,CA,38.793574,-120.619152
ELDR_LNODE011A,LOAD,IPCO,42.89508972594565,-112.46687752407901
ELDR_LNODE012A,LOAD,IPCO,42.8949102739239,-112.46687752443542
ELDR_LNODE013A,LOAD,IPCO,42.8949102739239,-112.4671224755646
ELDR_LNODE014A,LOAD,IPCO,42.89508972594565,-112.46712247592099
ELD_LNODEXF2,LOAD,PSE,47.057222,-122.96
ELECTRA_7_B1,GEN,CA,38.331039072187586,-120.669901
ELECTRA_7_B3,GEN,CA,38.33095796389112,-120.66984130415862
ELECTRA_7_B4,GEN,CA,38.33095796389112,-120.66996069584138
ELENS_BP_LNODEDR1,LOAD,BPAT,46.998729,-120.563794
ELENS_BP_LNODEKLI,LOAD,BPAT,46.99872899992349,-120.56366141807717
ELENS_BP_LNODEPSE,LOAD,BPAT,46.99863857711856,-120.56366141830155
ELENS_BP_LNODERE1,LOAD,BPAT,46.99857463861001,-120.56375516776605
ELENS_BP_LNODERV1,LOAD,BPAT,46.998559347904624,-120.56388583991443
ELENS_BP_LNODERV3,LOAD,BPAT,46.99859066591785,-120.56401021532876
ELENS_BP_LNODESB2,LOAD,BPAT,46.99865661289649,-120.56410092437069
ELENS_BP_LNODEURE,LOAD,BPAT,46.99874207023615,-120.56414425494833
ELENS_BP_LNODEWAY,LOAD,BPAT,46.99883235800473,-120.56413701185885
ELE_GNODETTL,GEN,PSE,46.990833,-122.174722
ELK PLN_FDR1LNODE,LOAD,TPWR,47.05311043232649,-122.36875726885326
ELK PLN_FDR2LNODE,LOAD,TPWR,47.05292956752019,-122.3687572693034
ELK PLN_FDR3LNODE,LOAD,TPWR,47.05292956752019,-122.3690227306966
ELK PLN_FDR4LNODE,LOAD,TPWR,47.05311043232649,-122.36902273114674
ELKCREEK_6_N001,LOAD,CA,39.12957472883464,-123.711777
ELKCREEK_6_N003,GEN,CA,39.1294941355673,-123.71171701645353
ELKHIL1G_7_B2,GEN,CA,35.45005393216391,-119.48
ELKHIL1G_7_N001,LOAD,CA,35.22604999998747,-119.37772885850012
ELKHIL2G_7_B2,GEN,CA,35.449973033904435,-119.47994266468339
ELKHIL2G_7_N001,LOAD,CA,35.22604999998747,-119.37783914149988
ELKHIL3G_7_B1,GEN,CA,35.449973033904435,-119.4800573353166
ELKHORN_LNODEELKBK4,LOAD,NV,36.29350455473325,-115.29549988921009
ELKHORN_LNODEK1,LOAD,NV,36.2933254451639,-115.29549988946516
ELKHORN_LNODEK2,LOAD,NV,36.2933254451639,-115.29572211053483
ELKHORN_LNODEK3,LOAD,NV,36.29350455473325,-115.29572211078991
ELK_6_N001,LOAD,CA,39.1294941355673,-123.71183698354646
ELK_GNODEBOE,GEN,BANC,38.254784,-121.278195
ELK_GNODEBRU,GEN,BANC,38.365542,-121.41692
ELK_GNODEESC,GEN,BANC,38.350107,-121.408849
ELK_GNODEKAM,GEN,BANC,38.364956,-121.38109
ELK_GNODEKOS,GEN,BANC,38.239794,-121.337571
ELK_GNODEMCK,GEN,BANC,38.302534,-121.296522
ELK_GNODEPTP,GEN,BANC,38.339226,-121.431903
ELK_GNODERSS,GEN,BANC,38.344405,-121.123591
ELK_GNODETWI,GEN,BANC,38.342876,-121.119841
ELK_SM_LNODENE2,LOAD,BANC,38.37273738362879,-121.354256944444
ELK_SM_LNODENE7,LOAD,BANC,38.372656308170484,-121.35419723840097
ELK_SM_LNODENE8,LOAD,BANC,38.372656308170484,-121.35431665048702
ELLIOTT_6_N001,LOAD,CA,32.81585999998874,-117.08840071898302
ELLIOTT_6_N004,LOAD,CA,32.81585999998874,-117.08850728101697
ELLISTON_LNODEOAD,LOAD,NWMT,46.573379,-112.506163
ELLIS_6_N001,LOAD,CA,37.716505,-121.548766
ELLIS_6_N003,GEN,CA,33.685278,-117.942778
ELLIS_6_N006,GEN,CA,33.647155,-117.979546
ELLIS_6_N105,LOAD,CA,33.685126,-117.943596
ELLIS_SR_LNODE122,LOAD,SRP,33.41309381109081,-110.858
ELLIS_SR_LNODE132,LOAD,SRP,33.41301309444211,-110.8579441709622
ELLIS_SR_LNODELD1,LOAD,SRP,33.41301309444211,-110.8580558290378
ELLSGTY_1_N001,LOAD,CA,33.685294,-117.943088
ELL_LNODEXF1,LOAD,PSE,47.271389,-122.228333
ELMAR_R_LNODEOAD,LOAD,NWMT,46.89427,-114.092481
ELMA_BP_LNODEARY,LOAD,BPAT,47.008607254957894,-123.402699
ELMA_BP_LNODEAST,LOAD,BPAT,47.00852587250044,-123.40263009415801
ELMA_BP_LNODEEST,LOAD,BPAT,47.00852587250044,-123.402767905842
ELMA_PGE_LNODEBR1,LOAD,PGE,44.928153999982484,-122.97823055281546
ELMA_PGE_LNODEBR2,LOAD,PGE,44.928153999982484,-122.97835744718454
ELMIRA_LNODET1,LOAD,BPAT,44.06557199998276,-123.35829407369897
ELMIRA_LNODET2,LOAD,BPAT,44.06557199998276,-123.35841992630102
ELMO_BP_LNODELYP,LOAD,BPAT,47.833601,-114.353853
ELMR_1_BSP1GNODE,GEN,IPCO,43.17770097948975,-115.716472
ELMR_LNODE133,LOAD,IPCO,43.1776200102372,-115.71640789508466
ELMR_LNODE62A,LOAD,IPCO,43.1776200102372,-115.71653610491535
ELNIDBIO_6_N001,GEN,CA,37.186933,-120.490547
ELNIDO_1_N004,LOAD,CA,37.12061299998659,-120.47270746040512
ELNIDO_2_N001,LOAD,CA,37.12061299998659,-120.47282053959488
ELNIDO_2_N012,LOAD,CA,33.89624399998809,-118.37271472929694
ELNIDO_7_N001,LOAD,CA,33.89624399998809,-118.37282327070305
ELN_LNODE12A,LOAD,APS,35.213793099089344,-111.62771572036003
ELN_LNODE13A,LOAD,APS,35.213612900810624,-111.62771572060481
ELN_LNODER1A,LOAD,APS,35.213612900810624,-111.62793627939519
ELN_LNODER2A,LOAD,APS,35.213793099089344,-111.62793627963997
ELPATIO_1_N001,LOAD,CA,37.29223717683988,-121.935913
ELPATIO_1_N006,LOAD,CA,37.29215591156547,-121.93585402427247
ELPATIO_1_N015,LOAD,CA,37.29215591156547,-121.93597197572753
ELRANCHO_LNODE-1,LOAD,NV,39.541604757302494,-119.775678
ELRANCHO_LNODE-2,LOAD,NV,39.54152412133318,-119.77561762992806
ELRANCHO_LNODE-3,LOAD,NV,39.54152412133318,-119.77573837007193
ELTOP_BP_LNODEND2,LOAD,BPAT,46.430783,-119.024182
ELV_6_WLFGNODE,GEN,BANC,38.71426666666667,-121.476948055556
ELV_LNODENE1,LOAD,BANC,38.71426666661026,-121.47683299057677
ELV_LNODENE2,LOAD,BANC,38.71418891290697,-121.47689052312896
ELV_LNODENE3,LOAD,BANC,38.71418891290697,-121.47700558798303
ELV_LNODENE4,LOAD,BANC,38.71426666661026,-121.47706312053523
ELV_LNODENE5,LOAD,BANC,38.71434442039811,-121.4770055881082
ELV_LNODENE6,LOAD,BANC,38.71434442039811,-121.4768905230038
EMBRCDR_2_N001,LOAD,CA,37.780090430972514,-122.37988558363396
EMBRCDR_2_N008,LOAD,CA,37.77990956891692,-122.37988558391392
EMBRCDR_2_N101,LOAD,CA,37.77990956891692,-122.38011441608609
EMBRCDR_2_N104,LOAD,CA,37.780090430972514,-122.38011441636604
EMBUDO_LNODEBUDO,LOAD,PNM,35.1265,-106.496
EMERSON_LNODE21,LOAD,NV,39.19199953577414,-119.75846147477483
EMERSON_LNODE22,LOAD,NV,39.19182046411184,-119.75846147506923
EMERSON_LNODE23,LOAD,NV,39.19182046411184,-119.75869252493078
EMERSON_LNODE24,LOAD,NV,39.19199953577414,-119.75869252522517
EME_U1GNODE,GEN,SRP,32.869078,-111.554927
EMPIREW_LNODEPIRE,LOAD,WALC,32.402375,-111.381734
EMRLDLE_6_N001,LOAD,CA,37.462178,-122.277933
EMRYSVE_1_N001,LOAD,CA,39.163430999985756,-121.56151425780503
EMRYSVE_1_N003,LOAD,CA,39.163430999985756,-121.56162974219497
ENCANWND_6_N001,GEN,CA,35.07,-118.47
ENCANWND_6_N003,GEN,CA,35.0697,-118.3167
ENCHHILL_LNODEHILL,LOAD,PNM,35.3502,-106.494
ENCINAL_6_N001,LOAD,CA,39.247383,-121.637248
ENCINA_1_N001,LOAD,CA,33.13699513479889,-117.33531843066032
ENCINA_1_N049,LOAD,CA,33.13699513479889,-117.33542956933968
ENCNITAS_6_N001,LOAD,CA,33.05068472041646,-117.285325
ENCNITAS_6_N004,LOAD,CA,33.05060413977941,-117.28526949553299
ENCNITAS_6_N011,LOAD,CA,33.05060413977941,-117.285380504467
ENDER_BP_LNODESBY,LOAD,BPAT,45.501665,-121.141988
ENERGIZE_2_Z1GNODE,GEN,BPAT,45.78392799998203,-120.53590777426007
ENID_RD_1_G01GNODE,GEN,BPAT,44.11683,-123.17752
ENNIS_CY_LNODEOAD,LOAD,NWMT,45.350433,-111.741437
ENSLEN_LNODEHKQ,LOAD,BANC,37.65224426097517,-121.0013
ENSLEN_LNODELOU,LOAD,BANC,37.65216286949752,-121.00124064749899
ENSLEN_LNODEWFN,LOAD,BANC,37.65216286949752,-121.00135935250101
ENT_LNODE1,LOAD,PSE,48.87944399997992,-122.57243190793861
ENT_LNODE2,LOAD,PSE,48.87944399997992,-122.57256809206139
ENU_LNODEXF1,LOAD,PSE,47.206944,-121.985556
EN_LNODE10A,LOAD,APS,33.481993,-112.110013
EN_LNODE12A,LOAD,APS,33.48199299995354,-112.10990541188974
EN_LNODE13A,LOAD,APS,33.48190326509559,-112.1099054120012
EN_LNODEFDR20,LOAD,APS,33.48183981301153,-112.1099814882278
EN_LNODEFDR22,LOAD,APS,33.48182463865118,-112.11008752671374
EN_LNODER1A,LOAD,APS,33.48185571845755,-112.11018845545799
EN_LNODER2A,LOAD,APS,33.481921163783625,-112.11026206434966
EN_LNODER4A,LOAD,APS,33.482005971001875,-112.11029722626267
EN_LNODER5A,LOAD,APS,33.48209557184248,-112.1102913484295
EN_LNODER9A,LOAD,APS,33.482177652465055,-112.11024786879632
EO_LNODE10A,LOAD,APS,33.64208782679553,-111.97973502697305
EO_LNODE12A,LOAD,APS,33.64200999995309,-111.97968105404365
EO_LNODE13A,LOAD,APS,33.64193217318101,-111.97973502707062
EO_LNODE20A,LOAD,APS,33.64193217318101,-111.97984297292939
EO_LNODE22A,LOAD,APS,33.64200999995309,-111.97989694595634
EO_LNODER9A,LOAD,APS,33.64208782679553,-111.97984297302696
EPINE_SC_LNODE750,LOAD,SCL,47.614714,-122.303072
EPINE_SC_LNODE751,LOAD,SCL,47.61471399992216,-122.30293814217002
EPINE_SC_LNODE752,LOAD,SCL,47.61462376465571,-122.302938142401
EPINE_SC_LNODE753,LOAD,SCL,47.61455995875813,-122.3030327940648
EPINE_SC_LNODE754,LOAD,SCL,47.61454469976527,-122.30316472373353
EPINE_SC_LNODE755,LOAD,SCL,47.61457595282106,-122.30329029607404
EPINE_SC_LNODE756,LOAD,SCL,47.614641763020586,-122.30338187806072
EPINE_SC_LNODE757,LOAD,SCL,47.61472704311781,-122.30342562564178
EPINE_SC_LNODE758,LOAD,SCL,47.61481714362843,-122.30341831285963
EPINE_SC_LNODE759,LOAD,SCL,47.614899682035514,-122.30336421697407
EPINE_SC_LNODE760,LOAD,SCL,47.614965344392324,-122.303272401194
EPINE_SC_LNODE761,LOAD,SCL,47.61500806448787,-122.3031544944039
EPINE_SC_LNODE762,LOAD,SCL,47.6150248316176,-122.30302296699897
EPINE_SC_LNODE763,LOAD,SCL,47.61501528973914,-122.30288985888545
EPINE_SC_LNODE764,LOAD,SCL,47.61498123561696,-122.3027658987186
EPINE_SC_LNODE765,LOAD,SCL,47.61492608707453,-122.30265994922209
EPO_LNODEXF1,LOAD,PSE,47.529444,-122.629167
EPRT_LNODEWR1,LOAD,PGE,45.49083,-122.581192
EROSBD_LNODEOAD,LOAD,NWMT,45.289881999982256,-109.55236932619805
EROSBD_R_LNODEOAD,LOAD,NWMT,45.289881999982256,-109.55249667380195
ERTA_6_N001,LOAD,CA,36.930594,-121.763827
ESCA_2_SOLA_ESCAGNODE,GEN,PNM,34.82873862820921,-105.00119690640553
ESCNDIDO_6_N001,LOAD,CA,33.12543545233769,-117.116857
ESCNDIDO_6_N046,LOAD,CA,33.12552499995441,-117.11696392572938
ESCNDIDO_6_N053,LOAD,CA,33.12561454766245,-117.116857
ESCO_6_N001,LOAD,CA,33.115770727187964,-117.089119
ESCO_6_N004,LOAD,CA,33.11569013639368,-117.08906344744015
ESQUON_6_N001,LOAD,CA,39.607876,-121.768445
ESRPP1_7_N001,GEN,CA,33.6808,-117.0698
ESRPP1_7_N003,GEN,CA,33.680799999953,-117.0696919641604
ESRPP1_7_N004,GEN,CA,33.680710099008856,-117.06969196427336
ESRPP1_7_N005,GEN,CA,33.680646529484555,-117.06976835709168
ESRPP2_7_N001,GEN,CA,33.6806313270385,-117.06987483685627
ESRPP2_7_N003,GEN,CA,33.68066246436811,-117.06997618561557
ESRPP2_7_N004,GEN,CA,33.680728030822905,-117.07005010083232
ESRPP2_7_N005,GEN,CA,33.68081299500627,-117.07008540907445
ESRPP3_7_N001,GEN,CA,33.6809027616852,-117.07007950678332
ESRPP3_7_N002,GEN,CA,33.68098499422794,-117.07003584621069
ESRPP3_7_N004,GEN,CA,33.681050413228206,-117.06996174227723
ESRPP3_7_N005,GEN,CA,33.68109297498864,-117.06986658058361
ESR_GNODEGEN1,GEN,PSE,48.74647853267344,-122.4851422192351
ESR_GNODEGEN2,GEN,PSE,48.746299467167006,-122.48514221971892
ESR_GNODEGEN3,GEN,PSE,48.746299467167006,-122.48541378028108
ESR_GNODEGEN4,GEN,PSE,48.74647853267344,-122.4854137807649
ESTANCIA_LNODEIAES,LOAD,PNM,34.8158,-106.088
ESTC_LNODEBR1,LOAD,PGE,45.28521999998225,-122.33529432991199
ESTC_LNODEBR2,LOAD,PGE,45.28521999998225,-122.33542167008801
ESTGRND_1_N001,LOAD,CA,37.653951261060854,-122.403031
ESTGRND_1_N005,LOAD,CA,37.65386986945481,-122.402971646041
ESTGRND_1_N009,LOAD,CA,37.65386986945481,-122.403090353959
ESTPRTL_1_N001,LOAD,CA,37.876677,-122.186415
ESTQNCY_6_N001,LOAD,CA,39.938128,-120.910322
ESTWND_7_N001,GEN,CA,35.063959,-118.288975
ESUB_LNODE123,LOAD,PGE,45.54187,-122.695122
ESUB_LNODE415,LOAD,PGE,45.541869999928714,-122.69499417018518
ESUB_LNODEK27,LOAD,PGE,45.54179246433814,-122.69505808518073
ESUB_LNODEWR4,LOAD,PGE,45.54179246433814,-122.69518591481926
ESUB_LNODEWR5,LOAD,PGE,45.541869999928714,-122.69524982981483
ES_7_SOL_BESSGNODE,GEN,APS,33.567889,-112.306002
ES_LNODE12A,LOAD,APS,33.567888999953304,-112.30589422287305
ES_LNODE14A,LOAD,APS,33.567811228074646,-112.30594811148507
ES_LNODE18A,LOAD,APS,33.567811228074646,-112.30605588851493
ES_LNODE21A,LOAD,APS,33.567888999953304,-112.30610977712695
ES_LNODEFDR10,LOAD,APS,33.56796677190209,-112.30605588861201
ES_LNODER9A,LOAD,APS,33.56796677190209,-112.30594811138799
ETA_LNODESUB1,LOAD,PNM,35.85863377998733,-106.28050892641384
ETA_LNODESUB2,LOAD,PNM,35.85863377998733,-106.28061947358616
ETGT_LNODE011A,LOAD,IPCO,42.54543694639029,-114.44459005604833
ETGT_LNODE013A,LOAD,IPCO,42.545257853481296,-114.444590056397
ETGT_LNODE016A,LOAD,IPCO,42.545257853481296,-114.44483314360299
ETGT_LNODE017A,LOAD,IPCO,42.54543694639029,-114.44483314395167
ETIWANDA_6_GN001,GEN,CA,34.075283,-117.517116
ETIWANDA_6_GN002,GEN,CA,34.083333,-117.516388
ETIWANDA_6_GN003,GEN,CA,34.08066,-117.520693
ETIWANDA_6_N001,LOAD,CA,34.0883812512724,-117.5255740237224
ETIWANDA_6_N003,LOAD,CA,34.08814499998799,-117.52552751207779
ETIWANDA_6_N004,GEN,CA,34.0882007486314,-117.52557402395475
ETIWANDA_6_N006,GEN,CA,34.0882007486314,-117.52579197604526
ETIWANDA_6_N008,GEN,CA,34.0883812512724,-117.5257919762776
ETIWANDA_6_N011,GEN,CA,34.07872699998798,-117.5166845223289
ETIWANDA_6_N015,GEN,CA,34.128745,-117.423003
ETIWANDA_6_N016,GEN,CA,34.070765,-117.512555
ETIWANDA_6_N018,GEN,CA,34.07872699998798,-117.5167934776711
ETIWANDA_6_N019,GEN,CA,34.05099999998795,-117.59005444719487
ETIWANDA_6_N023,GEN,CA,34.045361,-117.540193
ETN_LNODEXF1,LOAD,PSE,47.233333,-121.177222
ETWPKGEN_7_B1,GEN,CA,34.08814499998799,-117.52563648792221
ET_LNODE10A,LOAD,APS,33.349871,-112.423171
ET_LNODE12A,LOAD,APS,33.34987099995388,-112.42306368354423
ET_LNODER1A,LOAD,APS,33.3497813554343,-112.423171
ET_LNODER5A,LOAD,APS,33.34987099995388,-112.42327831645576
ET_LNODER9A,LOAD,APS,33.34996064456576,-112.423171
EUGENE_LNODEOOP,LOAD,BPAT,44.075592,-123.146567
EUREKAA_6_N001,LOAD,CA,40.793883999984665,-124.18290627263764
EUREKA_6_N001,LOAD,CA,40.793883999984665,-124.18302572736236
EUSTIS_LNODEOAD,LOAD,NWMT,45.989868,-111.466973
EVANS_SR_LNODELD1,LOAD,SRP,33.44483899998843,-112.19767724543493
EVANS_SR_LNODELD2,LOAD,SRP,33.44483899998843,-112.19778475456506
EVA_LNODEXF2,LOAD,PSE,47.415278,-122.2275
EVERG_SR_LNODELD2,LOAD,SRP,45.64999999998214,-122.52993595583729
EVERG_SR_LNODELD3,LOAD,SRP,45.64999999998214,-122.53006404416271
EVE_LNODEXF1,LOAD,PSE,47.64638899998054,-122.12521104860762
EVE_LNODEXF2,LOAD,PSE,47.64638899998054,-122.12534495139236
EVRGREEN_1_N001,LOAD,CA,37.303338999986465,-121.8408102375639
EVRGREEN_1_N019,LOAD,CA,37.303338999986465,-121.84092376243609
EWAN_1_XF1LNODE,LOAD,AVA,47.0575,-117.7456
EW_LNODEMR3,LOAD,APS,33.413461,-112.136645
EXCALIB_LNODE-1,LOAD,NV,36.0940925313501,-115.17938520075313
EXCALIB_LNODE-2,LOAD,NV,36.09391346854797,-115.17938520100557
EXCALIB_LNODE-3,LOAD,NV,36.09391346854797,-115.17960679899441
EXCALIB_LNODE-4,LOAD,NV,36.0940925313501,-115.17960679924687
EXCHQUER_7_B1,GEN,CA,37.59,-120.29
EXE_LNODE_10,LOAD,EPE,31.796172656864567,-106.51260242637997
EXE_LNODE_11,LOAD,EPE,31.796094444400158,-106.51254929729431
EXE_LNODE_12,LOAD,EPE,31.796016232002213,-106.5126024264699
EXE_LNODE_13,LOAD,EPE,31.796016232002213,-106.51270868464121
EXE_LNODE_14,LOAD,EPE,31.796094444400158,-106.51276181381678
EXE_LNODE_15,LOAD,EPE,31.796172656864567,-106.51270868473112
EXXONBH_7_B2,GEN,CA,38.08077268899996,-122.13762073271585
EXXONBH_7_N001,LOAD,CA,38.08095331088854,-122.13762073299924
EXXONBH_7_N005,GEN,CA,38.097075,-122.141678
EXXON_LNODEK5L,LOAD,NWMT,45.81177612310606,-108.43404021244282
EXXON_LNODEK6L,LOAD,NWMT,45.81177612310606,-108.43417378755717
E_AND_W_LNODEOAD,LOAD,NWMT,45.710169,-110.365234
E_COLFAX_1_1LNODE,LOAD,AVA,46.886,-117.3559
E_FARMS_1_1LNODE,LOAD,AVA,47.7039,-117.0533
E_GALL_LNODEK3L,LOAD,NWMT,45.691043999982114,-111.02102590266891
E_GALL_LNODEK4L,LOAD,NWMT,45.691043999982114,-111.02115409733108
E_HELENA_LNODEBK1L,LOAD,NWMT,46.59194499998117,-111.94004436788057
E_HELENA_LNODEK4H,LOAD,NWMT,46.59194499998117,-111.94017563211943
E_HILLS_LNODEE_N,LOAD,IPCO,42.481371269984,-113.62760399822572
E_HILLS_LNODEE_S,LOAD,IPCO,42.481371269984,-113.62772540177428
FAB_LNODEXF1,LOAD,PSE,48.303611,-122.653333
FAC_LNODEXF1,LOAD,PSE,47.5827779999806,-122.16771109445703
FAC_LNODEXF2,LOAD,PSE,47.5827779999806,-122.16784490554298
FAIRCHLD_1_S_FAIRCHILDLNODE,LOAD,AVA,47.60836018572481,-117.6509221084165
FAIRCHLD_1_XFMRLNODE,LOAD,AVA,47.64035559664132,-117.6498095570821
FAIRFILD_LNODEOAD,LOAD,NWMT,47.61252,-111.987759
FAIRGRND_LNODEDR1,LOAD,TIDC,37.5006945896515,-120.867048786933
FAIRGRND_LNODEDR3,LOAD,TIDC,37.5005735349484,-120.866718665766
FAIRGRND_LNODEDR4,LOAD,TIDC,37.5005721589657,-120.866803820595
FAIRGRND_LNODEDR5,LOAD,TIDC,37.5005181954718,-120.867051337755
FAIRGRND_LNODEDR7,LOAD,TIDC,37.5005718981617,-120.866887330714
FAIRGRND_LNODEDR8,LOAD,TIDC,37.5005716373084,-120.866970837622
FAIRHAVN_6_N001,LOAD,CA,40.80028,-124.195714
FAIRMON_LNODEOAD,LOAD,NWMT,46.038756,-112.790018
FAIRVIW_LNODE10,LOAD,NV,39.15190472573549,-119.749309
FAIRVIW_LNODE11,LOAD,NV,39.151824137116904,-119.74924900088561
FAIRVIW_LNODE12,LOAD,NV,39.151824137116904,-119.74936899911438
FAIRV_BP_LNODE115,LOAD,BPAT,43.21331699998346,-124.07506225674054
FAIRV_BP_LNODESS,LOAD,BPAT,43.21331699998346,-124.07518574325947
FAIRWAY_1_N001,LOAD,CA,34.91059499998762,-120.44635292480474
FAIRWAY_1_N002,LOAD,CA,34.91059499998762,-120.44646307519525
FAIRW_SR_LNODELD1,LOAD,SRP,33.43712882112812,-111.846668
FAIRW_SR_LNODELD2,LOAD,SRP,33.437048089423406,-111.84661214508627
FAIRW_SR_LNODELD3,LOAD,SRP,33.437048089423406,-111.84672385491373
FALCON_LNODELD1,LOAD,SRP,33.42680330524199,-111.67480252844587
FALCON_LNODELD3,LOAD,SRP,33.42680330524199,-111.67501747155413
FALLON_LNODE01,LOAD,NV,39.460116,-118.78415
FALLON_LNODE02,LOAD,NV,39.460115999942424,-118.78403399624635
FALLON_LNODE03,LOAD,NV,39.460038436420554,-118.7840919981878
FALLON_LNODEABB,LOAD,NV,39.460038436420554,-118.78420800181219
FALLON_LNODECNT,LOAD,NV,39.460115999942424,-118.78426600375364
FALLON_LNODERVR,LOAD,NV,39.46019356355069,-118.78420800194145
FALLON_LNODESN,LOAD,NV,39.46019356355069,-118.78409199805854
FALLS_SR_LNODELD2,LOAD,SRP,33.48377828609811,-111.93968120398907
FALLS_SR_LNODELD3,LOAD,SRP,33.48377828609811,-111.93978879601093
FALLS_SR_LNODELD4,LOAD,SRP,33.483855999953555,-111.9398425921184
FAL_LNODEXF1,LOAD,PSE,47.572222,-121.888333
FAMOSO_1_N001,LOAD,CA,35.60500099998741,-119.20248280260235
FAMOSO_6_N008,GEN,CA,35.60500099998741,-119.20259319739765
FARGO_BP_LNODE115,LOAD,BPAT,45.2454369999823,-122.81690136059885
FARGO_BP_LNODERGO,LOAD,BPAT,45.2454369999823,-122.81702863940116
FARREL_1_N001,LOAD,CA,33.85654399998807,-116.49686777574072
FARREL_1_N002,LOAD,CA,33.85654399998807,-116.49697622425927
FAR_LNODEGCO,LOAD,EPE,31.03099722221177,-104.83217230414813
FAR_LNODE_21,LOAD,EPE,31.03099722221177,-104.83227769585187
FAR_SUB_LNODEONA,LOAD,LADWP,34.03809021316632,-118.37089113436087
FAR_SUB_LNODEONB,LOAD,LADWP,34.0379097867377,-118.37089113459244
FAR_SUB_LNODEONC,LOAD,LADWP,34.0379097867377,-118.37110886540755
FAR_SUB_LNODEOND,LOAD,LADWP,34.03809021316632,-118.37110886563912
FAULKNER_LNODE-1,LOAD,NV,36.0353977228821,-115.031344
FAULKNER_LNODE-2,LOAD,NV,36.03531713854517,-115.03128646568965
FAULKNER_LNODE-3,LOAD,NV,36.03531713854517,-115.03140153431036
FAUL_LNODELOAD,LOAD,WALC,32.9262,-111.5917
FAYETTE_1_B1,GEN,CA,37.747357,-121.598252
FBERBORD_1_N001,GEN,CA,37.97,-120.3
FCH_LNODEXF1,LOAD,PSE,47.15583299998078,-122.28187750357456
FCH_LNODEXF2,LOAD,PSE,47.15583299998078,-122.28201049642544
FCR_LNODEXF1,LOAD,PSE,47.355556,-122.018889
FC_3_PNM_FCST4GNODE,GEN,PNM,36.68590699998685,-108.48496001961313
FC_5_PNM_FCST5GNODE,GEN,PNM,36.68590699998685,-108.48507198038686
FC_GNODEFCST4,GEN,APS,36.68897175721251,-108.48249201586475
FC_GNODEFCST5,GEN,APS,36.68889399994754,-108.48243603184271
FC_LNODEBPS,LOAD,APS,36.68881624276124,-108.48249201597797
FC_LNODEL1L,LOAD,APS,36.68881624276124,-108.48260398402203
FC_LNODEL2L,LOAD,APS,36.68889399994754,-108.4826599681573
FC_LNODEUXL,LOAD,APS,36.68897175721251,-108.48260398413525
FD1_GNODEGEN1,GEN,PSE,48.454449,-122.436131
FD2_GNODEGEN2,GEN,PSE,48.454754,-122.436121
FD3_GNODEGEN3,GEN,PSE,48.455082,-122.434529
FD4_GNODEGEN4,GEN,PSE,48.455344,-122.433931
FELICITA_6_N001,LOAD,CA,33.093263724336374,-117.073637
FELICITA_6_N005,LOAD,CA,33.09318313781945,-117.07358146461416
FELICITA_6_N009,LOAD,CA,33.09318313781945,-117.07369253538583
FELLOWSG_7_N001,LOAD,CA,35.195188999987465,-119.58505586292793
FELLOWSG_7_N002,GEN,CA,35.195188999987465,-119.58516613707206
FERNLEY_LNODE14,LOAD,NV,39.59079662028657,-119.24894670292272
FERNLEY_LNODE15,LOAD,NV,39.59061737959754,-119.2489467032236
FERNLEY_LNODE16,LOAD,NV,39.59061737959754,-119.2491792967764
FERNLEY_LNODE17,LOAD,NV,39.59079662028657,-119.24917929707728
FERNR_BP_LNODEANE,LOAD,BPAT,44.029031,-123.352154
FERN_HIL_LNODEILL,LOAD,BPAT,46.174678,-123.75736
FERRI_SR_LNODELD1,LOAD,SRP,33.26841699998851,-111.88078841835402
FERRI_SR_LNODELD2,LOAD,SRP,33.26841699998851,-111.88089558164597
FER_GNODEGEN1,GEN,PSE,48.82838672784398,-122.686111
FER_GNODEGEN2,GEN,PSE,48.828306136056305,-122.68604032032569
FER_GNODEGEN3,GEN,PSE,48.828306136056305,-122.68618167967432
FE_LNODER2A,LOAD,APS,33.96315599998806,-112.78397565188149
FE_LNODER4A,LOAD,APS,33.96315599998806,-112.78408434811851
FGWP_GNODE031,GEN,IPCO,42.821052,-114.932013
FHS_GNODEFHS,GEN,APS,32.64698983394974,-114.43047673747564
FH_7_FT_HUA_SOL_P1GNODE,GEN,TEPC,31.564062009989144,-110.35408474172985
FH_7_FT_HUA_SOL_P2GNODE,GEN,TEPC,31.564062009989144,-110.35419085827016
FH_LNODE10A,LOAD,APS,32.66899661208407,-114.4305967697731
FH_LNODE12A,LOAD,APS,32.6689189999551,-114.43054353963869
FH_LNODE18A,LOAD,APS,32.66884138789374,-114.43059676986559
FH_LNODE20A,LOAD,APS,32.66884138789374,-114.43070323013441
FH_LNODE22A,LOAD,APS,32.6689189999551,-114.43075646036131
FH_LNODER9A,LOAD,APS,32.66899661208407,-114.43070323022688
FIBRE89_1_G04GNODE,GEN,BPAT,46.123913,-122.976234
FIBRE89_1_G05GNODE,GEN,BPAT,46.1239129999268,-122.97610444499725
FIBRE89_1_G06GNODE,GEN,BPAT,46.123823205293085,-122.976234
FIBRE89_1_G07GNODE,GEN,BPAT,46.1239129999268,-122.97636355500275
FIBRE89_1_G09GNODE,GEN,BPAT,46.12400279470691,-122.976234
FIDAL_BP_LNODESS,LOAD,BPAT,48.500597,-122.690276
FIFE_FDR1LNODE,LOAD,TPWR,47.24003,-122.35263
FIFE_FDR2LNODE,LOAD,TPWR,47.24002999992293,-122.35249681254288
FIFE_FDR3LNODE,LOAD,TPWR,47.239939575160484,-122.35249681277018
FIFE_FDR4LNODE,LOAD,TPWR,47.23987563526842,-122.35259099041063
FIFE_FDR5LNODE,LOAD,TPWR,47.239860344231744,-122.35272225936745
FIFE_FDR6LNODE,LOAD,TPWR,47.23989166292146,-122.35284720283265
FIFE_FDR7LNODE,LOAD,TPWR,47.239957611326076,-122.35293832616634
FIFE_FDR8LNODE,LOAD,TPWR,47.24004307051461,-122.35298185464968
FIFTHS_7_N002,GEN,CA,36.15955999998722,-120.11191455426473
FIFTHS_7_N003,GEN,CA,36.15955999998722,-120.11202544573527
FIGARDN_2_N001,LOAD,CA,36.8220309999868,-119.85852484727552
FIGARDN_2_N101,LOAD,CA,36.8220309999868,-119.85863715272448
FIGHTCRK_1_METHANEGNODE,GEN,AVA,47.53182221289902,-116.9313578476564
FILBERT_LNODEERT,LOAD,BPAT,45.50988799998222,-123.10076112029661
FILBERT_LNODEROV,LOAD,BPAT,45.50988799998222,-123.10088887970339
FILR_7_BSP1GNODE,GEN,IPCO,43.90390956853059,-116.81987448865463
FILR_LNODELD,LOAD,IPCO,43.903845623936654,-116.81996323861755
FINLEY_B_7_G01GNODE,GEN,BPAT,45.879,-119.704
FINLEY_LNODELD1,LOAD,SRP,33.374934,-111.809825
FINNEY_LNODESNV,LOAD,BANC,37.627520677678156,-120.9751667
FIREBAGH_6_N001,LOAD,CA,36.850688,-120.466577
FIREHOUS_LNODEBUSH,LOAD,WALC,34.8569,-114.6245
FIRSTST_1_LOSNINOSPVGNODE,GEN,PNM,34.63804999998768,-106.75694504400998
FIRSTST_LNODESTST,LOAD,PNM,34.63804999998768,-106.75705495599001
FISHCRK_LNODEEFC,LOAD,NWMT,46.279644,-109.382089
FISHERS_LNODERK1,LOAD,BPAT,45.62177399998214,-122.50090899109802
FISHERS_LNODERK2,LOAD,BPAT,45.62177399998214,-122.50103700890199
FIY_LNODE0LD,LOAD,BANC,38.762778,-121.356944
FLAMINGO_LNODE-1,LOAD,NV,36.114948718299296,-115.162811
FLAMINGO_LNODE-2,LOAD,NV,36.114868140836485,-115.16275341237515
FLAMINGO_LNODE-3,LOAD,NV,36.114868140836485,-115.16286858762484
FLC_LNODEXF1,LOAD,PSE,47.4225,-122.241111
FLD_2_RSP_BATTERYGNODE,GEN,SRP,33.354102,-111.935991
FLD_LNODEXF1,LOAD,PSE,48.009722,-122.519444
FLETT_FDR1LNODE,LOAD,TPWR,47.18898425987228,-122.51653
FLETT_FDR2LNODE,LOAD,TPWR,47.188902870043094,-122.51646085406782
FLETT_FDR3LNODE,LOAD,TPWR,47.188902870043094,-122.51659914593219
FLINT_1_N001,LOAD,CA,38.88530299998586,-121.06669540924167
FLORENC_LNODEMPC,LOAD,NWMT,46.6299539999812,-114.07982630033517
FLORENC_LNODEREA,LOAD,NWMT,46.6299539999812,-114.07995769966483
FLORE_BP_LNODEETA,LOAD,BPAT,43.98275343688761,-124.08324831436452
FLORE_BP_LNODEOOD,LOAD,BPAT,43.9825725629746,-124.08324831474745
FLORE_BP_LNODEXF1,LOAD,BPAT,43.9825725629746,-124.08349968525255
FLORE_BP_LNODEXF2,LOAD,BPAT,43.98275343688761,-124.08349968563547
FLORJUNC_LNODELD3,LOAD,SRP,33.263746,-111.354947
FLOWD3-6_7_N100,GEN,CA,37.746099,-121.653765
FLOWD3-6_7_N101,GEN,CA,37.731895999986165,-121.65189782594057
FLOWND1_1_N01,GEN,CA,37.731895999986165,-121.65201217405944
FLR_LNODER2A,LOAD,APS,34.05736599998801,-112.81659454577004
FLR_LNODER4A,LOAD,APS,34.05736599998801,-112.81670345422995
FLTHD_BP_LNODEEWAY,LOAD,BPAT,48.245006,-114.312552
FLTHD_BP_LNODESWAY,LOAD,BPAT,48.2450059999213,-114.31241730242628
FLTHP_BP_LNODEDR2,LOAD,BPAT,48.24491629859645,-114.312552
FLTHP_BP_LNODEDR3,LOAD,BPAT,48.2450059999213,-114.31268669757371
FLTHP_BP_LNODEDR4,LOAD,BPAT,48.24509570140348,-114.312552
FLUME_SR_LNODELD0,LOAD,SRP,33.446344,-111.935353
FL_LNODE14A,LOAD,APS,33.453987,-112.078108
FL_LNODE17A,LOAD,APS,33.45398699995357,-112.07800047159671
FL_LNODE18A,LOAD,APS,33.45389728590969,-112.07800047170795
FL_LNODE19A,LOAD,APS,33.45383384854337,-112.07807650571547
FL_LNODEDR12A,LOAD,APS,33.4538186777027,-112.07818248535467
FL_LNODER2A,LOAD,APS,33.453849750300286,-112.0782833580878
FL_LNODER3A,LOAD,APS,33.45391518044647,-112.07835692612949
FL_LNODER4A,LOAD,APS,33.45399996799365,-112.07839206852876
FL_LNODER7A,LOAD,APS,33.454089548051236,-112.07838619395717
FL_LNODER8A,LOAD,APS,33.454171609635054,-112.07834273845317
FMC_1_N001,LOAD,CA,37.347699999986396,-121.92219018683774
FMC_1_N003,LOAD,CA,37.347699999986396,-121.92230381316226
FMNT_LNODEWR1,LOAD,PGE,44.929337,-123.048691
FNW_LNODEXF1,LOAD,PSE,47.485278,-122.655278
FOLSOM_7_UNIT1GNODE,GEN,BANC,38.70678387306045,-121.15846
FOLSOM_7_UNIT2GNODE,GEN,BANC,38.70670306345457,-121.15840021271839
FOLSOM_7_UNIT3GNODE,GEN,BANC,38.70670306345457,-121.1585197872816
FOOTHILL_1_N001,LOAD,CA,35.27,-120.7
FOOTH_SR_LNODELD1,LOAD,SRP,33.38032099998841,-112.04526831165703
FOOTH_SR_LNODELD2,LOAD,SRP,33.38032099998841,-112.04537568834297
FORBSTWN_7_B1,GEN,CA,39.551012,-121.278784
FORDS_BP_LNODECL1,LOAD,BPAT,46.73702718461078,-123.006745
FORDS_BP_LNODECL2,LOAD,BPAT,46.73694590767421,-123.00667653086273
FORDS_BP_LNODEIS4,LOAD,BPAT,46.73694590767421,-123.00681346913727
FORD_1_13_1LNODE,LOAD,AVA,47.904,-117.8234
FORD_LNODE-1,LOAD,NV,36.030676999987335,-115.17110664035059
FORD_LNODE-2,LOAD,NV,36.030676999987335,-115.17121735964942
FORGR_BP_LNODEOR1,LOAD,BPAT,45.52463799998221,-123.08850410423199
FORGR_BP_LNODEOR2,LOAD,BPAT,45.52463799998221,-123.08863189576802
FORKBUTT_7_B1,GEN,CA,39.812222,-121.577778
FORSTHL_6_N001,LOAD,CA,39.01927,-120.830271
FORTORD_6_N001,LOAD,CA,36.643363,-121.792138
FORTRSS_6_N001,LOAD,CA,38.539559,-123.223713
FOSSI_BP_LNODE69,LOAD,BPAT,44.994966,-120.203463
FOSTERW_7_N001,LOAD,CA,38.02007534657929,-122.06127131707333
FOSTERW_7_N004,GEN,CA,38.01989465330933,-122.06127131735612
FOSTER_1_G01GNODE,GEN,BPAT,44.41227899998265,-122.67144280783594
FOSTER_1_G02GNODE,GEN,BPAT,44.41227899998265,-122.67156919216406
FOSTR_BP_LNODEDR1,LOAD,BPAT,47.99122990931972,-119.65359865534985
FOSTR_BP_LNODEDR2,LOAD,BPAT,47.99105009052373,-119.65359865581797
FOSTR_BP_LNODELAS,LOAD,BPAT,47.99105009052373,-119.65386734418202
FOSTR_BP_LNODEOSS,LOAD,BPAT,47.99122990931972,-119.65386734465014
FOSTW_BP_LNODEBK1,LOAD,BPAT,44.412054167633244,-122.671
FOSTW_BP_LNODEBK2,LOAD,BPAT,44.4119729161646,-122.67093432898086
FOSTW_BP_LNODEURE,LOAD,BPAT,44.4119729161646,-122.67106567101914
FOUNDRY_LNODELD1,LOAD,SRP,33.37131979464252,-111.940839
FOUNDRY_LNODELD2,LOAD,SRP,33.37123910266624,-111.94078321484437
FOUNDRY_LNODELD3,LOAD,SRP,33.37123910266624,-111.94089478515563
FOUNT_SR_LNODELD2,LOAD,SRP,33.598537,-111.714006
FOURHILL_LNODEHILL,LOAD,PNM,35.05737829,-106.4984358
FOUR_3_UNIT4GNODE,GEN,SRP,36.6870629999869,-108.48011101818496
FOUR_5_UNIT5GNODE,GEN,SRP,36.6870629999869,-108.48022298181505
FOWLER_LNODELD1,LOAD,SRP,33.474246,-112.229814
FP_LNODE10A,LOAD,APS,33.449995,-111.993938
FP_LNODE12A,LOAD,APS,33.4499949999536,-111.99383048002142
FP_LNODE13A,LOAD,APS,33.449905288809234,-111.99383048013263
FP_LNODE17A,LOAD,APS,33.44984185349313,-111.99390650818299
FP_LNODER1A,LOAD,APS,33.449826683142796,-111.99401247951887
FP_LNODER2A,LOAD,APS,33.449857754736044,-111.99411334434878
FP_LNODER4A,LOAD,APS,33.44992318276761,-111.9941869066265
FP_LNODER5A,LOAD,APS,33.45000796757463,-111.99422204627236
FP_LNODER9A,LOAD,APS,33.450097544737055,-111.99421617216099
FR1_GNODEGEN1,GEN,PSE,47.07972199998086,-122.3643775992432
FR2_GNODEGEN2,GEN,PSE,47.07972199998086,-122.3645104007568
FR4_1_ROCKGRDN_G01GNODE,GEN,BPAT,43.32589999998336,-121.13253807314346
FRANKLIN_6_N003,LOAD,CA,38.012317,-122.264655
FRANK_BP_LNODEDR1,LOAD,BPAT,46.231138,-119.041414
FRANK_BP_LNODEDR2,LOAD,BPAT,46.23113799992635,-119.04128405913562
FRANK_BP_LNODEDR3,LOAD,BPAT,46.231048113300076,-119.041414
FRANK_BP_LNODEDR4,LOAD,BPAT,46.23113799992635,-119.04154394086437
FRANK_BP_LNODERV3,LOAD,BPAT,46.23122788669993,-119.041414
FRANZ_BP_LNODEHOL,LOAD,BPAT,47.110576,-122.352635
FRAN_CDR_1_1LNODE,LOAD,AVA,47.71569999998043,-117.4311330015137
FRAN_CDR_1_2LNODE,LOAD,AVA,47.71569999998043,-117.4312669984863
FRAZI_SR_LNODELD1,LOAD,SRP,33.66363999998819,-111.12394600201402
FRAZI_SR_LNODELD2,LOAD,SRP,33.66363999998819,-111.12405399798597
FRA_LNODEXF1,LOAD,PSE,47.461389,-122.555556
FRA_SM_LNODENE1,LOAD,BANC,38.38101134187077,-121.4768906014164
FRA_SM_LNODENE2,LOAD,BANC,38.380933333277234,-121.47683314740071
FRA_SM_LNODENE3,LOAD,BANC,38.38085532476781,-121.47689060154032
FRA_SM_LNODENE4,LOAD,BANC,38.38085532476781,-121.47700550957168
FRA_SM_LNODENE5,LOAD,BANC,38.380933333277234,-121.47706296371129
FRA_SM_LNODENE6,LOAD,BANC,38.38101134187077,-121.4770055096956
FRBS_3_BSP1GNODE,GEN,IPCO,42.8413497271528,-114.90368372968432
FRCHTN_R_LNODEOAD,LOAD,NWMT,46.947494,-114.191628
FRDRKSON_FDR1LNODE,LOAD,TPWR,47.07565831884867,-122.36945360456204
FRDRKSON_FDR2LNODE,LOAD,TPWR,47.07557999992326,-122.36938720931924
FRDRKSON_FDR3LNODE,LOAD,TPWR,47.07550168111301,-122.3694536047572
FRDRKSON_FDR4LNODE,LOAD,TPWR,47.07550168111301,-122.36958639524279
FRDRKSON_FDR5LNODE,LOAD,TPWR,47.07557999992326,-122.36965279068076
FRDRKSON_FDR6LNODE,LOAD,TPWR,47.07565831884867,-122.36958639543796
FRD_2_FREDCOGN_BPASHAREGNODE,GEN,BPAT,48.543799449157945,-121.74124626338707
FREC_7_B1,GEN,CA,39.096050132760894,-121.62383096134931
FREDCOGN_2_GTGNODE,GEN,BPAT,47.086419999980826,-122.36552359053005
FREDCOGN_2_STGNODE,GEN,BPAT,47.086419999980826,-122.36565640946995
FREDCOGN_7_PSEGNODE,GEN,PSE,45.269700601082505,-122.3187836841289
FREDONIA_LNODELD,LOAD,WALC,34.1733,-114.574
FREESTON_LNODELD2,LOAD,SRP,33.29156899998847,-111.76360039720183
FREESTON_LNODELD3,LOAD,SRP,33.29156899998847,-111.76370760279816
FREEW_BP_LNODETR1,LOAD,BPAT,45.95530199998193,-118.40073551023461
FREEW_BP_LNODETR2,LOAD,BPAT,45.95530199998193,-118.40086448976538
FREMNT_1_N001,LOAD,CA,37.54118124868743,-121.962063
FREMNT_1_N007,LOAD,CA,37.54109987564155,-121.96200374944321
FREMNT_1_N013,LOAD,CA,37.54109987564155,-121.96212225055679
FRE_6_JSTC_BESSGNODE,GEN,APS,33.35395999995387,-111.79872167554603
FRFLD_WD_6_FRFWGNODE,GEN,NWMT,47.713293999980486,-111.95074700310666
FRFLD_WD_6_GRFWGNODE,GEN,NWMT,47.713293999980486,-111.95088099689333
FRG_LNODEXF2,LOAD,PSE,47.069167,-122.870278
FRH_LNODE_11,LOAD,EPE,31.77178197384796,-106.36659722222221
FRH_LNODE_12,LOAD,EPE,31.771700679730625,-106.36654201429954
FRH_LNODE_13,LOAD,EPE,31.771700679730625,-106.36665243014488
FRIANTDM_7_B1,GEN,CA,37.0,-119.705278
FRIARS_1_N001,LOAD,CA,32.77904499998872,-117.15675673371696
FRIARS_1_N009,LOAD,CA,32.77904499998872,-117.15686326628304
FRIAS_LNODE-2,LOAD,NV,36.00202972682385,-115.205178
FRIAS_LNODE-3,LOAD,NV,36.00194913657434,-115.20512048582574
FRIAS_LNODEBK-1,LOAD,NV,36.00194913657434,-115.20523551417426
FRITOLAY_7_N002,GEN,CA,35.395063,-119.321633
FRNCHGLH_6_N001,LOAD,CA,40.68692,-122.641204
FRNCHMD_7_B1,GEN,CA,39.26765646965988,-120.776138
FRN_LNODE3ABA,LOAD,APS,33.67315304401179,-112.62524248204144
FRN_LNODE4ABA,LOAD,APS,33.672973255894256,-112.62524248226727
FRN_LNODE5ABA,LOAD,APS,33.672973255894256,-112.62545851773274
FRN_LNODE6ABA,LOAD,APS,33.67315304401179,-112.62545851795856
FROGTOWN_7_N001,LOAD,CA,38.056504,-120.53381
FROMAN_LNODECPI,LOAD,BPAT,44.571363,-123.046934
FROMBERG_LNODEOAD,LOAD,NWMT,45.391954,-108.91831
FRONTIER_LNODETIER,LOAD,PNM,47.999783,-122.110293
FRONTRNG_LNODEOAD,LOAD,NWMT,46.755716,-109.858114
FRSR_3_SOLARGNODE,GEN,IPCO,42.84138079057929,-114.90379847595919
FRS_1_CONNLEY_G01GNODE,GEN,BPAT,43.30749999998336,-120.994461896969
FRTRK_BP_LNODEATE,LOAD,BPAT,43.250563,-120.899286
FRTSWRD_6_GN001,GEN,CA,40.199822,-123.523145
FRTSWRD_6_N001,LOAD,CA,40.21377199998503,-123.59658599020719
FRTSWRD_6_N004,GEN,CA,40.21377199998503,-123.5967040097928
FRUITLND_6_N001,LOAD,CA,40.28584,-123.837372
FRUITVLE_6_N001,LOAD,CA,35.376774999987504,-119.0924868388967
FRUITVLE_6_N101,LOAD,CA,35.376774999987504,-119.09259716110328
FRU_LNODEXF2,LOAD,PSE,47.155278,-122.297222
FRVW_LNODEWR1,LOAD,PGE,44.53513699998246,-122.43128773956694
FRVW_LNODEWR2,LOAD,PGE,44.53513699998246,-122.43141426043306
FSGL_LNODE132,LOAD,IPCO,42.821173004359295,-114.9320501
FSGL_LNODEGWP,LOAD,IPCO,42.821092297802785,-114.93198657275786
FSGL_LNODESWP,LOAD,IPCO,42.821092297802785,-114.93211362724213
FSTREET_LNODEDR1,LOAD,TIDC,37.4895796064313,-120.838424090027
FSTREET_LNODEDR3,LOAD,TIDC,37.4896984214952,-120.838270217479
FSTREET_LNODEDR4,LOAD,TIDC,37.4896152090171,-120.838173674241
FSTREET_LNODEDR5,LOAD,TIDC,37.4894938869083,-120.83833925837
FT CHUR_GNODE 1,GEN,NV,39.12815999994307,-119.13310356335558
FT CHUR_GNODE 2,GEN,NV,39.12808244879583,-119.13316128174134
FT CHUR_GNODEIT,GEN,NV,39.164541,-119.181466
FTB_LNODEB_1,LOAD,EPE,31.808355555544402,-106.42052186838946
FTB_LNODEB_2,LOAD,EPE,31.808355555544402,-106.42062813161054
FTCHMTN_6_N001,LOAD,CA,38.60608399998592,-122.85282549557644
FTCHMTN_6_N003,LOAD,CA,38.60608399998592,-122.85294050442356
FTCHUR_LNODE10,LOAD,NV,39.12808244879583,-119.13327671825866
FTCHUR_LNODEU1,LOAD,NV,39.12815999994307,-119.13333443664443
FTCHUR_LNODEU2,LOAD,NV,39.12823755117562,-119.13327671838577
FTLEW_C_BK_ELNODE,LOAD,TPWR,47.10564426199154,-122.56051
FTLEW_C_BK_WLNODE,LOAD,TPWR,47.105562868983526,-122.560440959699
FTLEW_S_BKLNODE,LOAD,TPWR,47.105562868983526,-122.56057904030101
FTL_LNODENE1,LOAD,BANC,38.69308721315885,-121.348651111111
FTL_LNODENE2,LOAD,BANC,38.693006393405355,-121.34859132777218
FTL_LNODENE3,LOAD,BANC,38.693006393405355,-121.34871089444981
FTSAGE_LNODE99,LOAD,NV,40.074642,-119.973748
FULTON_1_N020,GEN,CA,38.496652983384124,-122.75949
FULTON_2_N010,LOAD,CA,38.49657200829278,-122.75943026543568
FULTON_2_N049,LOAD,CA,38.49657200829278,-122.75954973456432
FWD_LNODEXF1,LOAD,PSE,47.445,-122.153611
FWY_LNODEXF1,LOAD,PSE,47.402583,-122.295213
FYP1_1_GNODE6,GEN,PGE,45.26952139877592,-122.31878368453087
FYP1_1_GNODE7,GEN,PGE,45.26952139877592,-122.31903831546913
FYP1_1_GNODE8,GEN,PGE,45.269700601082505,-122.31903831587108
F_6_N001,LOAD,CA,32.75497274686537,-117.126027
F_6_N002,LOAD,CA,32.75489212655523,-117.12597165333155
F_6_N005,LOAD,CA,32.75489212655523,-117.12608234666845
GABBS_LNODE47,LOAD,NV,38.871863999985834,-117.90358141462102
GABBS_LNODE48,LOAD,NV,38.871863999985834,-117.90369658537898
GABILAN_6_N001,LOAD,CA,36.731511,-121.61325
GAFFNEY_1_IPLLNODE,LOAD,AVA,47.40693888888889,-118.0529861111111
GAGE_LNODEOAD,LOAD,NWMT,46.483582,-108.382484
GAG_LNODEXF1,LOAD,PSE,48.460556,-122.332778
GALE_1_N001,LOAD,CA,34.85946599998758,-116.86535894183864
GALLINA_LNODEAS69,LOAD,PNM,35.5782794,-108.7523115
GANSNER_6_N101,LOAD,CA,39.939187,-120.948157
GANSO_1_N001,LOAD,CA,35.501698,-119.449132
GARBT1GN_7_N001,GEN,CA,34.825178,-118.528244
GARCES_LNODE-2,LOAD,NV,36.16399871889063,-115.150886
GARCES_LNODE-3,LOAD,NV,36.16391814054088,-115.1508283757276
GARCES_LNODE-4,LOAD,NV,36.16391814054088,-115.1509436242724
GARCIA_6_N001,LOAD,CA,38.88879,-123.550318
GARDINE_LNODEOAD,LOAD,NWMT,45.044523,-110.730359
GARDI_BP_LNODECLP,LOAD,BPAT,43.74176838532104,-124.1132098927609
GARDI_BP_LNODEDR1,LOAD,BPAT,43.74158761454255,-124.11320989313865
GARDI_BP_LNODEDR2,LOAD,BPAT,43.74158761454255,-124.11346010686135
GARDI_BP_LNODEINC,LOAD,BPAT,43.74176838532104,-124.11346010723909
GAREY_1_N002,LOAD,CA,34.98,-120.26
GARFIELD_1_GARFIELDLNODE,LOAD,AVA,47.0056,-117.1298
GARFIELD_6_N001,LOAD,CA,32.795125,-116.996848
GARNEILL_LNODEK1L,LOAD,NWMT,46.81376,-109.760133
GARNET_1_N106,GEN,CA,33.938661056114945,-116.57638968010619
GARNET_7_N001,LOAD,CA,33.93858299995228,-116.57633536031197
GARNET_7_N003,GEN,CA,33.938504943861176,-116.57638968020579
GARNET_7_N006,GEN,CA,33.938504943861176,-116.57649831979421
GARNET_7_N008,GEN,CA,33.93858299995228,-116.57655263968802
GARNET_7_N009,GEN,CA,33.938661056114945,-116.57649831989382
GARNET_7_N011,GEN,CA,33.890556,-116.543056
GARNET_7_N014,GEN,CA,33.934,-116.5781
GARNET_7_N016,GEN,CA,34.0,-116.5206
GARNET_7_N017,GEN,CA,33.934725,-116.640548
GARNET_7_N020,GEN,CA,33.93689999998809,-116.61544568209975
GARY_LNODE011A,LOAD,IPCO,43.669389946136825,-116.27955684572011
GARY_LNODE012A,LOAD,IPCO,43.66931169993197,-116.27949439160305
GARY_LNODE013A,LOAD,IPCO,43.66923345382915,-116.27955684588295
GARY_LNODE014A,LOAD,IPCO,43.66923345382915,-116.27968175411705
GARY_LNODE017A,LOAD,IPCO,43.66931169993197,-116.27974420839695
GARY_LNODEDHL,LOAD,IPCO,43.669389946136825,-116.27968175427989
GAR_LNODEXF1,LOAD,PSE,47.183611,-122.23
GASCL_SR_LNODELD1,LOAD,SRP,33.41456,-110.862
GATESBK4_7_N002,GEN,CA,38.181446,-120.03067
GATESBK4_7_N003,GEN,CA,36.136584,-120.344032
GAUCH_SR_LNODELD2,LOAD,SRP,33.570841883410516,-112.16953
GAUCH_SR_LNODELD3,LOAD,SRP,33.570761058282166,-112.16947399399395
GAUCH_SR_LNODELD4,LOAD,SRP,33.570761058282166,-112.16958600600606
GBK_LNODEXF1,LOAD,PSE,48.098611,-122.573889
GBS_LNODE10A,LOAD,APS,34.74912299998764,-112.57891398667202
GBS_LNODE12A,LOAD,APS,34.74912299998764,-112.57902401332798
GB_7_GB2_BESSGNODE,GEN,APS,33.144616980302025,-112.6764340883551
GB_7_GB_BESSGNODE,GEN,APS,33.14464799704058,-112.67653442344569
GB_GNODEGBS1,GEN,APS,32.940379,-112.759321
GB_GNODEGBS2,GEN,APS,32.94037899995466,-112.75921431703225
GB_LNODE10A,LOAD,APS,32.94028946772157,-112.759321
GB_LNODE12A,LOAD,APS,32.94037899995466,-112.75942768296775
GB_LNODE22A,LOAD,APS,32.940468532278445,-112.759321
GCOUL_BP_LNODE115SYD,LOAD,BPAT,47.955251,-118.998684
GCOUL_BP_LNODE230SYD,LOAD,BPAT,47.955250999921766,-118.99854970075478
GCOUL_BP_LNODE500,LOAD,BPAT,47.955161058265304,-118.99854970098855
GCOUL_BP_LNODE500SYD,LOAD,BPAT,47.955097459981666,-118.99864466477867
GCOUL_BP_LNODEABD7582,LOAD,BPAT,47.955082250638746,-118.99877702950062
GCOUL_BP_LNODEABD7782,LOAD,BPAT,47.955113402001075,-118.99890301593136
GCOUL_BP_LNODEIND,LOAD,BPAT,47.95517899806363,-118.99899489992399
GCOUL_BP_LNODELEM,LOAD,BPAT,47.95526400067304,-118.99903879177343
GCOUL_BP_LNODEMBD7582,LOAD,BPAT,47.955353808012326,-118.99903145488155
GCOUL_BP_LNODEMBD7782,LOAD,BPAT,47.95543607785501,-118.99897718061021
GCOUL_BP_LNODEMP1,LOAD,BPAT,47.95550152655959,-118.99888506205387
GCOUL_BP_LNODEMP2,LOAD,BPAT,47.95554410765259,-118.998766766445
GCOUL_BP_LNODEMP3,LOAD,BPAT,47.95556082022517,-118.99863480530313
GCOUL_BP_LNODEMP4,LOAD,BPAT,47.95555130939317,-118.99850125824003
GCOUL_BP_LNODEMP5,LOAD,BPAT,47.95551736607489,-118.99837688929237
GCOUL_BP_LNODEMP6,LOAD,BPAT,47.955462396973395,-118.99827059041138
GCOUL_BP_LNODENAL,LOAD,BPAT,47.955390910742274,-118.99818908893467
GCOUL_BP_LNODES12,LOAD,BPAT,47.955308048907675,-118.99813686123005
GCOUL_BP_LNODES34,LOAD,BPAT,47.955219177850175,-118.99811620146377
GCRK_LNODEBR1,LOAD,PGE,45.59947,-123.221642
GDSPR HR_GNODEIT,GEN,NV,35.840500761980365,-115.432989
GDSPRHR_LNODEHR,LOAD,NV,35.84042011899616,-115.43293156561258
GEER_LNODEDR1,LOAD,TIDC,37.52250334748,-120.843709746797
GEER_LNODEDR2,LOAD,TIDC,37.5224993081714,-120.843588348711
GEER_LNODEDR3,LOAD,TIDC,37.5224318250334,-120.843496861832
GEER_LNODEDR4,LOAD,TIDC,37.5224297824039,-120.843426269924
GEER_LNODEDR5,LOAD,TIDC,37.5224263420376,-120.843557323915
GEER_LNODEDR7,LOAD,TIDC,37.5224225565731,-120.843630755159
GEER_LNODEDR8,LOAD,TIDC,37.522425898329,-120.843709042834
GENESEE_6_N001,LOAD,CA,32.87974054062765,-117.2133823800825
GENESEE_6_N005,LOAD,CA,32.87956145928191,-117.21338238029792
GENESEE_6_N011,LOAD,CA,32.87956145928191,-117.21359561970208
GENESEE_6_N015,LOAD,CA,32.87974054062765,-117.2135956199175
GENE_2_N001,LOAD,CA,34.3,-114.23
GEN_BUS_7_N003,GEN,CA,40.967,-124.105
GEOENGY_7_B3,GEN,CA,38.776707,-122.742545
GERALDIN_LNODEOAD,LOAD,NWMT,47.60041,-110.260442
GERBER_6_N101,LOAD,CA,40.064207,-122.156114
GERMANN_LNODE12LD4,LOAD,SRP,33.27866375317623,-111.599776
GERMA_SR_LNODELD1,LOAD,SRP,33.278583108399474,-111.5997203067239
GERMA_SR_LNODELD2,LOAD,SRP,33.278583108399474,-111.59983169327612
GEYSER11_7_B1,GEN,CA,38.77670699994356,-122.74242989720373
GEYSER12_7_B1,GEN,CA,38.77661726665077,-122.74242989734856
GEYSER13_7_N001,GEN,CA,38.77655381568255,-122.74251128724391
GEYSER14_7_N001,GEN,CA,38.77653864158289,-122.7426247321335
GEYSER16_7_B1,GEN,CA,38.77656972082547,-122.74273271039773
GEYSER17_7_B1,GEN,CA,38.77663516498316,-122.7428114606519
GEYSER18_7_B1,GEN,CA,38.776719970706,-122.74284907856944
GEYSER20_7_B1,GEN,CA,38.77680956998666,-122.74284279025427
GEYSER78_7_B1,GEN,CA,38.776891649196784,-122.74279627374679
GEYSER78_7_B3,GEN,CA,38.77695694622476,-122.7427173224392
GEYSER_LNODEOAD,LOAD,NWMT,47.263133,-110.496499
GEYSR5-6_7_B2,GEN,CA,38.7769994286318,-122.74261593587354
GEYSR5-6_7_B3,GEN,CA,38.777016102481774,-122.74250283715872
GEYSR5-6_7_N001,LOAD,CA,38.777006613720275,-122.74238837921152
GFRY_LNODE131,LOAD,IPCO,42.95539,-115.293315
GF_CITY_LNODEK1L,LOAD,NWMT,47.502354999980625,-111.29184115692716
GF_CITY_LNODEK2L,LOAD,NWMT,47.502354999980625,-111.29197484307284
GF_EASTS_LNODEK1L,LOAD,NWMT,47.49455299998054,-111.23167916329001
GF_EASTS_LNODEK2L,LOAD,NWMT,47.49455299998054,-111.23181283670999
GF_LNODE10A,LOAD,APS,33.45802,-112.071641
GF_LNODE11A,LOAD,APS,33.45801999995357,-112.07153346306325
GF_LNODE12A,LOAD,APS,33.45793028296297,-112.07153346317452
GF_LNODE13A,LOAD,APS,33.457866843512974,-112.0716095032161
GF_LNODE14A,LOAD,APS,33.457851672174066,-112.0717154912658
GF_LNODE17A,LOAD,APS,33.45788274579214,-112.07181637200418
GF_LNODE18A,LOAD,APS,33.457948178087435,-112.07188994588425
GF_LNODE19A,LOAD,APS,33.45803296841954,-112.07192509107247
GF_LNODE22A,LOAD,APS,33.45812255141943,-112.07191921603474
GF_LNODE23A,LOAD,APS,33.45820461569861,-112.07187575708214
GF_LNODE24A,LOAD,APS,33.45826990083852,-112.07180199535647
GF_LNODE27A,LOAD,APS,33.45831237550897,-112.07170727311622
GF_LNODE28A,LOAD,APS,33.45832904632731,-112.07160160860853
GF_LNODE29A,LOAD,APS,33.45831955930686,-112.07149467421287
GF_LNODE31A,LOAD,APS,33.45828570088282,-112.0713950888957
GF_LNODE33A,LOAD,APS,33.45823086922347,-112.07130997262192
GF_LNODE34A,LOAD,APS,33.45815956168831,-112.07124471213253
GF_LNODE39A,LOAD,APS,33.4580769069304,-112.07120289179724
GF_LNODE40A,LOAD,APS,33.45798825790494,-112.07118634866946
GF_LNODE41A,LOAD,APS,33.457898853431125,-112.0711953166167
GF_LNODER1A,LOAD,APS,33.45781354996055,-112.07122863002793
GF_LNODER3A,LOAD,APS,33.45773662112809,-112.07128396286681
GF_LNODER4A,LOAD,APS,33.457671619995686,-112.0713580836198
GF_LNODER9A,LOAD,APS,33.45762129728077,-112.07144711092894
GF_NEAST_LNODEK1H,LOAD,NWMT,47.517409,-111.221485
GF_NWEST_LNODEK1L,LOAD,NWMT,47.51661199998063,-111.34472014544474
GF_NWEST_LNODEK2L,LOAD,NWMT,47.51661199998063,-111.34485385455527
GF_RVIEW_LNODEK1H,LOAD,NWMT,47.531736911746385,-111.28099751026991
GF_RVIEW_LNODEK2L,LOAD,NWMT,47.531736911746385,-111.28113648973009
GF_SEAST_LNODEK1L,LOAD,NWMT,47.480117,-111.25657
GF_SSIDE_LNODEBK1L,LOAD,NWMT,47.45086110998055,-111.29404430000126
GF_SSIDE_LNODEBK2L,LOAD,NWMT,47.45086110998055,-111.29417789999873
GIFFEN_6_N001,LOAD,CA,36.545076,-120.334519
GIFFGEN_7_N002,GEN,CA,36.530228,-120.316125
GIFFORD_1_13_2LNODE,LOAD,AVA,48.257399999980414,-118.13133264142189
GIFFORD_1_35_1LNODE,LOAD,AVA,48.257399999980414,-118.1314673585781
GILAR_SR_LNODELD1,LOAD,SRP,33.30495761886568,-111.94967576954214
GILA_LNODELD2,LOAD,SRP,33.30477838104225,-111.94967576976254
GILA_LNODELD3,LOAD,SRP,33.30477838104225,-111.94989023023747
GILA_LNODELD4,LOAD,SRP,33.30495761886568,-111.94989023045785
GILA_LNODELLEY,LOAD,WALC,32.414963999989034,-114.28749481546885
GILA_LNODEYMPP,LOAD,WALC,32.414963999989034,-114.28760118453116
GILMER_LNODEMER,LOAD,BPAT,45.868701,-121.51331
GILMORE_LNODEK1,LOAD,NV,36.228951999987174,-115.14040249999067
GILMORE_LNODEK2,LOAD,NV,36.228951999987174,-115.14051350000933
GILROYF_1_N001,LOAD,CA,37.14,-121.58
GILSTRAP_LNODEDR1,LOAD,TIDC,37.5800948624588,-120.975549487551
GILSTRAP_LNODEDR3,LOAD,TIDC,37.5801662132492,-120.9757670064
GILSTRAP_LNODEDR5,LOAD,TIDC,37.5799830759229,-120.975550499689
GILSTRAP_LNODEDR7,LOAD,TIDC,37.58017229934,-120.975552395649
GILSTRAP_LNODEDR8,LOAD,TIDC,37.5801700030066,-120.975645212521
GILSTRAP_LNODER17,LOAD,TIDC,37.5801611951015,-120.976018315921
GINKGO_BKLNODE,LOAD,TPWR,47.13977,-122.51708
GIRARD_LNODERARD,LOAD,PNM,35.11277834,-106.6141702
GIRVAN_6_N001,LOAD,CA,40.51347,-122.378916
GK_GNODECHV,GEN,APS,34.718401,-112.429842
GLAC_P_5_LNODEOAD,LOAD,NWMT,45.778274,-108.486918
GLADE_LNODECID,LOAD,BPAT,46.32907499998154,-119.11841984959021
GLADE_LNODEEND,LOAD,BPAT,46.32907499998154,-119.11855015040979
GLA_LNODEXF1,LOAD,PSE,48.888611,-121.946389
GLCL_LNODEWR1,LOAD,PGE,45.48694,-122.7234
GLC_LNODEXF1,LOAD,PSE,47.404444,-122.186111
GLDTGEN_7_N002,GEN,CA,35.008087,-118.163983
GLDTGEN_7_N003,GEN,CA,35.024722,-118.164167
GLDV_LNODEWR2,LOAD,PGE,45.53249999998222,-122.53022509554947
GLDV_LNODEWR4,LOAD,PGE,45.53249999998222,-122.53035290445052
GLD_GNODECTG,GEN,PSE,45.811943999981935,-120.83465773340413
GLD_GNODESTG,GEN,PSE,45.811943999981935,-120.83478626659587
GLD_HILL_LNODELLS,LOAD,PSE,46.953741999980885,-121.47520977349127
GLD_HILL_LNODEORT,LOAD,PSE,46.953741999980885,-121.47534222650872
GLENBROK_LNODE00,LOAD,NV,39.08944973570645,-119.933801
GLENBROK_LNODE02,LOAD,NV,39.089369132131374,-119.93374104292626
GLENBROK_LNODE05,LOAD,NV,39.089369132131374,-119.93386095707373
GLENB_SR_LNODELD2,LOAD,SRP,33.625295911224526,-111.717315
GLENB_SR_LNODELD3,LOAD,SRP,33.62521504437511,-111.71725892969278
GLENCLIF_6_N001,LOAD,CA,32.798367,-116.498315
GLENDAL_LNODE11,LOAD,NV,39.522681,-119.76932
GLENDAL_LNODE37,LOAD,NV,39.522680999942175,-119.76920386035964
GLENDAL_LNODE38,LOAD,NV,39.522603415410124,-119.7692619302447
GLENDAL_LNODE45,LOAD,NV,39.522603415410124,-119.7693780697553
GLENDAL_LNODE65,LOAD,NV,39.522680999942175,-119.76943613964036
GLENDAL_LNODE71,LOAD,NV,39.52275858456098,-119.76937806988505
GLENDAL_LNODE74,LOAD,NV,39.52275858456098,-119.76926193011495
GLENN_SR_LNODELD3,LOAD,SRP,33.541250999988385,-112.21230314117807
GLENN_SR_LNODELD4,LOAD,SRP,33.541250999988385,-112.21241085882193
GLENROSE_1_1LNODE,LOAD,AVA,47.6249,-117.3479
GLENSHIR_LNODERE,LOAD,NV,39.352238,-120.08626
GLENWOOD_6_N001,LOAD,CA,37.45733023092607,-122.186967
GLENWOOD_6_N004,LOAD,CA,37.457248884522265,-122.18690783531744
GLENWOOD_6_N005,LOAD,CA,37.457248884522265,-122.18702616468256
GLNARMC1_7_B1,GEN,CA,34.125226999951806,-118.15210094450055
GLNARMC2_7_B1,GEN,CA,34.12513672239534,-118.15221
GLNARMC3_7_B1,GEN,CA,34.125226999951806,-118.15231905549946
GLNARMC4_7_B1,GEN,CA,34.1253172776047,-118.15221
GLNC_LNODEWR1,LOAD,PGE,45.519062,-122.611374
GLNGRY_R_LNODEOAD,LOAD,NWMT,47.044243,-109.545243
GLNWD_BP_LNODETAT,LOAD,BPAT,46.018711,-121.289924
GLO_LNODE_10,LOAD,EPE,31.806544873406697,-106.32924409094149
GLO_LNODE_11,LOAD,EPE,31.806466666622594,-106.32919095975069
GLO_LNODE_12,LOAD,EPE,31.80638845990438,-106.32924409103144
GLO_LNODE_13,LOAD,EPE,31.80638845990438,-106.329350353413
GLO_LNODE_14,LOAD,EPE,31.806466666622594,-106.32940348469374
GLO_LNODE_15,LOAD,EPE,31.806544873406697,-106.32935035350296
GLRVR_SR_LNODEAUX,LOAD,SRP,32.977245,-112.693705
GLRV_UCT1AGNODE,GEN,SRP,32.97724499995464,-112.69359827473427
GLRV_UCT1BGNODE,GEN,SRP,32.97716746437301,-112.69365163741399
GLRV_UCT4AGNODE,GEN,SRP,32.97716746437301,-112.69375836258601
GLRV_UCT4BGNODE,GEN,SRP,32.97724499995464,-112.69381172526573
GLRV_UST1CGNODE,GEN,SRP,32.97732253560435,-112.69375836267972
GLRV_UST4CGNODE,GEN,SRP,32.97732253560435,-112.69365163732029
GLRYCGG1_7_B2,GEN,CA,37.12999999998655,-121.5599434485229
GLRYCGG1_7_N001,LOAD,CA,37.12999999998655,-121.5600565514771
GLRYCGS2_7_B1,GEN,CA,37.0001,-121.5367
GLSN_LNODEWR1,LOAD,PGE,45.519139999982244,-122.44624011025427
GLSN_LNODEWR2,LOAD,PGE,45.519139999982244,-122.44636788974574
GL_LNODE17A,LOAD,APS,33.536126749307044,-112.18529114689515
GL_LNODE18A,LOAD,APS,33.536048999953366,-112.18523729388717
GL_LNODER1A,LOAD,APS,33.53597125066964,-112.18529114699201
GL_LNODER2A,LOAD,APS,33.53597125066964,-112.18539885300798
GL_LNODER4A,LOAD,APS,33.536048999953366,-112.18545270611284
GL_LNODER6A,LOAD,APS,33.536126749307044,-112.18539885310486
GN_LNODE10A,LOAD,APS,33.643085867473076,-112.18704005165732
GN_LNODE12A,LOAD,APS,33.642906132433204,-112.18704005188268
GN_LNODER1A,LOAD,APS,33.642906132433204,-112.18725594811733
GN_LNODER2A,LOAD,APS,33.643085867473076,-112.18725594834268
GOALLINE_6_N001,GEN,CA,33.11569013639368,-117.08917455255984
GOLDB_BP_LNODEOS1,LOAD,BPAT,42.40962699998405,-124.41650037068786
GOLDB_BP_LNODEOS2,LOAD,BPAT,42.40962699998405,-124.41662162931215
GOLDEN_LNODEOAD,LOAD,NWMT,45.61947,-108.97855
GOLDHILL_1_N033,GEN,CA,38.658396,-121.136403
GOLDHILL_2_GHWGNODE,GEN,AVRN,45.54913781,-120.70224263
GOLDN_BP_LNODEDBK,LOAD,BPAT,45.815414999982,-120.83931472827615
GOLDN_BP_LNODEPUD,LOAD,BPAT,45.815414999982,-120.83944327172385
GOLDTREE_1_N001,LOAD,CA,35.32012199998752,-120.69284284611503
GOLDTREE_1_N002,LOAD,CA,35.32012199998752,-120.69295315388497
GOLETA_6_N002,GEN,CA,34.46880142976412,-119.88423931291776
GOLETA_6_N004,GEN,CA,34.468620570137865,-119.88423931315543
GOLETA_6_N067,GEN,CA,34.408372,-119.512828
GOLETA_6_N068,GEN,CA,34.482175,-120.123485
GOLETA_6_N100,GEN,CA,34.468620570137865,-119.88445868684455
GOLETA_6_N200,LOAD,CA,34.46880142976412,-119.88445868708224
GONDER_LNODE04,LOAD,NV,39.336594720609106,-114.807318
GONDER_LNODEN1,LOAD,NV,39.336514139679956,-114.80725784843231
GONDER_LNODEN2,LOAD,NV,39.336514139679956,-114.80737815156768
GONZALES_6_N001,LOAD,CA,36.50885299998702,-121.44685522795733
GONZALES_6_N003,LOAD,CA,36.50885299998702,-121.44696677204267
GONZALES_6_N004,GEN,CA,36.529024,-121.414287
GOODSPR_LNODE-1,LOAD,NV,35.84042011899616,-115.43304643438742
GOOSEHGT_7_GN001,GEN,CA,38.226944,-121.843611
GOOSE_BP_LNODE115,LOAD,BPAT,48.149915,-119.32188
GOOSE_PR_1_G01GNODE,GEN,BPAT,46.139932999981724,-122.99373519406184
GOOSE_PR_1_G03GNODE,GEN,BPAT,46.139932999981724,-122.99386480593816
GOO_LNODEXF1,LOAD,PSE,47.542778,-122.063611
GORDBUTP_1_GORDGNODE,GEN,NWMT,46.455835,-110.332555
GORGE_2_GEN21GNODE,GEN,SCL,48.67463053584309,-121.24214320804244
GORGE_2_GEN22GNODE,GEN,SCL,48.67455299992049,-121.24207541629353
GORGE_2_GEN23GNODE,GEN,SCL,48.67447546411718,-121.2421432082511
GORGE_2_GEN24GNODE,GEN,SCL,48.67447546411718,-121.2422787917489
GORGE_LNODEF10,LOAD,SCL,48.67455299992049,-121.24234658370646
GORGE_LNODEF27,LOAD,SCL,48.67463053584309,-121.24227879195756
GORMAN_6_N001,LOAD,CA,34.8014,-118.818908
GOSELKE_1_N001,LOAD,CA,35.601596,-119.579654
GOULD_2_N001,LOAD,CA,34.22145799998786,-118.18701737338756
GOULD_2_N007,LOAD,CA,34.22145799998786,-118.18712662661244
GOVE_FDR1LNODE,LOAD,TPWR,47.28959041219996,-122.4990567061972
GOVE_FDR2LNODE,LOAD,TPWR,47.28940958764543,-122.4990567066529
GOVE_FDR3LNODE,LOAD,TPWR,47.28940958764543,-122.4993232933471
GOVE_FDR4LNODE,LOAD,TPWR,47.28959041219996,-122.49932329380282
GOWN_LNODE131,LOAD,IPCO,43.547496,-116.188986
GP_6_DSS_BESSGNODE,GEN,APS,33.14471330956237,-112.67660759937412
GP_GNODEDSS,GEN,APS,33.14479794468501,-112.67664255446364
GP_GNODEGSP,GEN,APS,33.14488736370118,-112.67663671119927
GP_LNODER2A,LOAD,APS,33.14496927775879,-112.67659348730764
GP_LNODER4A,LOAD,APS,33.145034443391275,-112.67652012454916
GRAHAM_FDR1LNODE,LOAD,TPWR,47.05239043223369,-122.31171727078146
GRAHAM_FDR2LNODE,LOAD,TPWR,47.05220956761308,-122.31171727123159
GRAHAM_FDR3LNODE,LOAD,TPWR,47.05220956761308,-122.31198272876841
GRAHAM_FDR4LNODE,LOAD,TPWR,47.05239043223369,-122.31198272921854
GRANDIS_1_N004,LOAD,CA,38.23108199998597,-121.59029758372996
GRANDIS_1_N009,LOAD,CA,38.23108199998597,-121.59041241627003
GRANGEVL_1_1LNODE,LOAD,AVA,45.935599999981925,-116.12563554221353
GRANGEVL_1_GRANGEVILLE2LNODE,LOAD,AVA,45.935599999981925,-116.12576445778647
GRANITE_6_N001,LOAD,CA,32.804473,-116.92086
GRANITE_6_N007,LOAD,CA,32.804472999954854,-116.9207534473782
GRANITE_6_N008,LOAD,CA,32.80438343993102,-116.92086
GRANITE_6_N009,LOAD,CA,32.804472999954854,-116.92096655262179
GRANJA_7_GRJBT1BGNODE,GEN,SRP,42.84144620144934,-114.90388216226629
GRANJA_7_GRJBT1GNODE,GEN,SRP,42.84153096405269,-114.90392213811432
GRANJA_7_GRJPV1BGNODE,GEN,SRP,42.84162051779381,-114.90391545571076
GRANJA_7_GRJPV1GNODE,GEN,SRP,42.841702555301076,-114.90386602360157
GRANTRK_6_N001,LOAD,CA,37.67099326174171,-122.160116
GRANT_1_N001,LOAD,CA,37.67091186911436,-122.16005663166834
GRANT_1_N005,LOAD,CA,37.67091186911436,-122.16017536833166
GRASM_SR_LNODELD2,LOAD,SRP,33.509412999988385,-112.2196911762312
GRASM_SR_LNODELD3,LOAD,SRP,33.509412999988385,-112.21979882376881
GRASSVLY_LNODEKT,LOAD,NV,40.934262,-117.746513
GRAYS_BP_LNODEIAK,LOAD,BPAT,46.333958,-123.620486
GRAYS_H_2_G01GNODE,GEN,BPAT,46.969594249296016,-123.47957
GRAYS_H_2_G02GNODE,GEN,BPAT,46.9695128753314,-123.47950115161964
GRAYS_H_2_STGNODE,GEN,BPAT,46.9695128753314,-123.47963884838036
GRA_LNODEXF2,LOAD,PSE,47.471111,-122.208611
GRBRVLLE_6_N001,LOAD,CA,40.10263,-123.792873
GRDH_LNODEWR2,LOAD,PGE,45.466845,-122.748423
GRDNEAST_1_N101,LOAD,CA,36.47999999998696,-119.60994425959105
GRDNEAST_1_N102,LOAD,CA,36.47999999998696,-119.61005574040897
GRDNWEST_1_N001,LOAD,CA,36.59,-119.57
GREENBRE_6_N001,LOAD,CA,37.93780399998614,-122.51415869769995
GREENBRE_6_N003,LOAD,CA,37.93780399998614,-122.51427330230004
GREENWAY_LNODE-1,LOAD,NV,35.98677899998736,-114.97579666535317
GREENWAY_LNODE-2,LOAD,NV,35.98677899998736,-114.97590733464683
GREENWOD_1_1LNODE,LOAD,AVA,48.5891,-118.0519
GREEN_AE_LNODET201,LOAD,WALC,32.971035,-109.168802
GREEN_SR_LNODELD1,LOAD,SRP,33.331336,-111.750543
GREEN_SR_LNODELD2,LOAD,SRP,33.331335999953886,-111.75043571943999
GREER_SR_LNODELD1,LOAD,SRP,33.331246366344686,-111.750543
GREER_SR_LNODELD2,LOAD,SRP,33.331335999953886,-111.75065028056001
GREGST_LNODE27,LOAD,NV,39.5197,-119.723574
GREGST_LNODE28,LOAD,NV,39.51969999994223,-119.72345786702944
GREGST_LNODE29,LOAD,NV,39.51961041429109,-119.72345786717923
GREGST_LNODE30,LOAD,NV,39.519547067722485,-119.72353998551533
GREGST_LNODE31,LOAD,NV,39.51953191858889,-119.72365444573428
GREGST_LNODE32,LOAD,NV,39.51956294669241,-119.72376339040358
GREGST_LNODE33,LOAD,NV,39.51962828316853,-119.7238428454778
GREGST_LNODE86,LOAD,NV,39.519712949355004,-119.72388080008533
GREGST_LNODE87,LOAD,NV,39.519802401214825,-119.72387445549897
GREGST_LNODE88,LOAD,NV,39.51988434537965,-119.72382752267266
GRENB_BP_LNODEINL,LOAD,BPAT,47.833957,-117.237883
GRENV_BP_LNODESS,LOAD,BPAT,43.415864,-123.359545
GREYCLIF_LNODEOAD,LOAD,NWMT,45.763469,-109.782532
GRF_LNODEFDR10,LOAD,APS,33.663692885622176,-111.91986000400101
GRF_LNODER1A,LOAD,APS,33.66351311428388,-111.91986000422668
GRF_LNODER2A,LOAD,APS,33.66351311428388,-111.92007599577332
GRF_LNODER5A,LOAD,APS,33.663692885622176,-111.920075995999
GRIDLEY_6_N004,GEN,CA,39.370564,-121.687919
GRIMWAY_1_N001,LOAD,CA,35.27,-118.87
GRISWOLD_LNODELD1,LOAD,SRP,33.36490079223314,-111.86147
GRISWOLD_LNODELD2,LOAD,SRP,33.36482010387091,-111.86141422145849
GRISWOLD_LNODELD3,LOAD,SRP,33.36482010387091,-111.86152577854152
GRIZZLYG_7_B1,GEN,CA,39.71617299994167,-121.52095138956399
GRIZZLY_7_N101,GEN,CA,37.871667,-122.2725
GRI_LNODEXF1,LOAD,PSE,47.091111,-123.011944
GRNACRES_1_13_1LNODE,LOAD,AVA,47.65729999998053,-117.16473304101426
GRNACRES_LNODE132,LOAD,AVA,47.65729999998053,-117.16486695898574
GRNDV_BP_LNODEMRG,LOAD,BPAT,46.30398595185342,-119.87446879191394
GRNDV_BP_LNODEREA,LOAD,BPAT,46.3038060479987,-119.87446879234183
GRNDV_BP_LNODERV1,LOAD,BPAT,46.3038060479987,-119.87472920765816
GRNDV_BP_LNODERV3,LOAD,BPAT,46.30398595185342,-119.87472920808605
GRND_LNODEWR2,LOAD,PGE,45.0629,-123.609032
GRNITE_7_N002,GEN,CA,32.8042,-116.9248
GRNLEAF2_7_N001,GEN,CA,39.052778,-121.695833
GRNTDL_R_LNODEOAD,LOAD,NWMT,46.195331,-114.144196
GRNTHLL_1_N001,LOAD,CA,32.80456256006898,-116.92086
GRNT_VLG_LNODEOAD,LOAD,NWMT,44.97867799992968,-110.70486905414394
GRNVALY_1_N001,LOAD,CA,36.952139010813255,-121.76018
GRNVALY_1_N011,LOAD,CA,36.95205799457908,-121.76012146857028
GRNVALY_1_N025,GEN,CA,36.95205799457908,-121.76023853142972
GRNVAL_LNODE-1,LOAD,NV,36.068959720115956,-115.0816
GRNVAL_LNODE-2,LOAD,NV,36.068879139928214,-115.08154244411544
GRNVAL_LNODE-3,LOAD,NV,36.068879139928214,-115.08165755588455
GRN_MDOW_1_GMSLGNODE,GEN,NWMT,46.70383,-112.022159
GRN_PETE_1_G01GNODE,GEN,BPAT,44.44955799998259,-122.54925878603406
GRN_PETE_1_G02GNODE,GEN,BPAT,44.44955799998259,-122.54938521396595
GROUSCRK_6_N002,GEN,CA,40.646733,-123.498008
GROYPKR1_7_B1,GEN,CA,36.998999999986644,-121.53624361693224
GROYPKR2_7_B1,GEN,CA,36.998999999986644,-121.53635638306775
GROYPKR3_7_B1,GEN,CA,37.003128,-121.538031
GRSR_GNODERSR,GEN,IPCO,43.937473999982856,-117.37862420632233
GRSR_LNODEPE,LOAD,IPCO,43.937473999982856,-117.37874979367767
GRSSVLY_6_N101,LOAD,CA,39.209514,-121.061004
GRTETON_LNODE-2,LOAD,NV,36.30715499998711,-115.1880404322794
GRTETON_LNODEM5,LOAD,NV,36.30715499998711,-115.18815156772061
GRT_DIVD_1_GDSLGNODE,GEN,NWMT,46.805925999981056,-112.25388899849855
GRV_LNODEXF1,LOAD,PSE,47.148056,-122.547778
GRW_LNODER2A,LOAD,APS,33.5566268763452,-112.056177
GRW_LNODER4A,LOAD,APS,33.5565460618148,-112.05612101055469
GRW_LNODER6A,LOAD,APS,33.5565460618148,-112.0562329894453
GRYSFLT_6_N001,LOAD,CA,40.021612,-121.065532
GRZZY_PK_LNODEOAD,LOAD,NWMT,45.214091,-109.314917
GR_6_CHV_BESSGNODE,GEN,APS,33.35387035291798,-111.79872167565657
GR_LNODE10A,LOAD,APS,33.35380696293321,-111.79879756545049
GR_LNODE12A,LOAD,APS,33.353791803423874,-111.79890334407881
GR_LNODER1A,LOAD,APS,33.353822852813515,-111.79900402548705
GR_LNODER2A,LOAD,APS,33.35388823409012,-111.79907745399177
GR_LNODER6A,LOAD,APS,33.35397295830931,-111.79911252973527
GSUNLITE_LNODEOAD,LOAD,NWMT,45.881934,-112.010906
GUADALUP_3_ARAGONNEGNODE,GEN,APS,34.9393377026587,-110.303832036001
GUADALUP_3_ARAGONNEWFGNODE,GEN,PNM,34.828674725783536,-105.00127475435777
GUALALA_6_N001,LOAD,CA,38.786699,-123.522777
GUERNSEY_6_N007,GEN,CA,36.18225299998722,-119.67802153712464
GUERSEY_7_N001,GEN,CA,36.163889,-119.650556
GUERSEY_7_N003,GEN,CA,36.18225299998722,-119.67813246287537
GUMST_BP_LNODE115,LOAD,BPAT,46.176706,-119.108762
GUSTINE_6_N001,LOAD,CA,37.253223999986524,-121.01302629664288
GUSTINE_6_N002,LOAD,CA,37.253223999986524,-121.01313970335713
GVSP_GNODEVSP,GEN,IPCO,43.309254,-112.12153
GVSR_GNODEVSR,GEN,IPCO,43.024501,-116.015427
GVWP_GNODEVWP,GEN,IPCO,42.446222,-113.892431
GV_LNODE41A,LOAD,APS,33.83806902570425,-112.055172
GV_LNODE42A,LOAD,APS,33.83798798713514,-112.05511567112717
GV_LNODE44A,LOAD,APS,33.83798798713514,-112.05522832887283
GWFCT1_7_B1,GEN,CA,36.27007199998717,-119.64799946523928
GWFCT2_7_B1,GEN,CA,36.27007199998717,-119.64811053476072
GWFGT1_7_B1,GEN,CA,36.2397,-119.9044
GWFGT1_7_N003,GEN,CA,36.229465,-119.904466
GWFGT2_7_B1,GEN,CA,36.24160599998715,-119.90288548949991
GWFTRCY1_7_B1,GEN,CA,37.72085099998626,-121.48027483412093
GWFTRCY2_7_B1,GEN,CA,37.72085099998626,-121.48038916587907
GWR_LNODER13,LOAD,PSE,47.09873799998085,-121.60140257465382
GWR_LNODER16,LOAD,PSE,47.09873799998085,-121.60153542534617
GW_LNODE10A,LOAD,APS,33.624624,-112.177614
GW_LNODE12A,LOAD,APS,33.624623999953194,-112.17750609402732
GW_LNODE13A,LOAD,APS,33.624534148448255,-112.17750609413986
GW_LNODE17A,LOAD,APS,33.62447061388257,-112.1775823951286
GW_LNODE18A,LOAD,APS,33.62445541979689,-112.17768874689733
GW_LNODE20A,LOAD,APS,33.624486540003424,-112.17778997382841
GW_LNODER1A,LOAD,APS,33.624552070401585,-112.17786380019349
GW_LNODER2A,LOAD,APS,33.62463698786082,-112.17789906599188
GW_LNODER5A,LOAD,APS,33.62472670517434,-112.17789317079496
GW_LNODER6A,LOAD,APS,33.62480889249472,-112.17784956270503
GW_LNODER9A,LOAD,APS,33.62487427551879,-112.17777554785
GYPSUM_LNODEET,LOAD,NV,36.34792599998713,-114.9164793943097
GYR_LNODEXFMR10,LOAD,APS,33.44610182497683,-112.374502
GYR_LNODEXFMR13,LOAD,APS,33.446021087499105,-112.37444613531457
GYR_LNODEXFMR7,LOAD,APS,33.446021087499105,-112.37455786468543
GYSRVLLE_6_N001,LOAD,CA,38.70981887157317,-122.907957
GYSRVLLE_6_N003,LOAD,CA,38.70973806419826,-122.90789721183104
GYSRVLLE_6_N005,GEN,CA,38.70973806419826,-122.90801678816895
GY_LNODE12A,LOAD,APS,33.75772197008453,-112.11639778409643
GY_LNODE13A,LOAD,APS,33.75754202982103,-112.1163977843236
GY_LNODE18A,LOAD,APS,33.75754202982103,-112.1166142156764
GY_LNODE20A,LOAD,APS,33.75772197008453,-112.11661421590355
G_COULEE_2_G01GNODE,GEN,BPAT,47.95512954951523,-118.99812740161867
G_COULEE_2_G02GNODE,GEN,BPAT,47.955044032509406,-118.99816900591786
G_COULEE_2_G03GNODE,GEN,BPAT,47.954966911151615,-118.99823810938756
G_COULEE_2_G04GNODE,GEN,BPAT,47.954901747376034,-118.99833067626474
G_COULEE_2_G05GNODE,GEN,BPAT,47.954851298761426,-118.99844185925284
G_COULEE_2_G06GNODE,GEN,BPAT,47.95481748510516,-118.99856630524054
G_COULEE_2_G07GNODE,GEN,BPAT,47.954801395667666,-118.99869843704754
G_COULEE_2_G08GNODE,GEN,BPAT,47.954803329318864,-118.9988327040865
G_COULEE_2_G09GNODE,GEN,BPAT,47.954822860201915,-118.99896379758789
G_COULEE_2_G10GNODE,GEN,BPAT,47.95485892210177,-118.99908682827719
G_COULEE_2_G11GNODE,GEN,BPAT,47.95490990538392,-118.9991974661836
G_COULEE_2_G12GNODE,GEN,BPAT,47.95497376111674,-118.99929204365147
G_COULEE_2_G13GNODE,GEN,BPAT,47.95504810774827,-118.9993676236731
G_COULEE_2_G14GNODE,GEN,BPAT,47.95513033646038,-118.99942203641774
G_COULEE_2_G15GNODE,GEN,BPAT,47.955217712044345,-118.99945388733846
G_COULEE_2_G16GNODE,GEN,BPAT,47.95530746680959,-118.99946254054124
G_COULEE_2_G17GNODE,GEN,BPAT,47.95539688565943,-118.99944808123436
G_COULEE_2_G18GNODE,GEN,BPAT,47.955483381015725,-118.99941126107358
G_COULEE_2_PG10GNODE,GEN,BPAT,47.955564556768515,-118.99935343010971
G_COULEE_2_PG11GNODE,GEN,BPAT,47.95563826085,-118.99927645885447
G_COULEE_2_PG12GNODE,GEN,BPAT,47.95570262639465,-118.99918265372791
G_COULEE_2_PG7GNODE,GEN,BPAT,47.95575610174831,-118.99907466885787
G_COULEE_2_PG8GNODE,GEN,BPAT,47.95579746983735,-118.99895541688028
G_COULEE_2_PG9GNODE,GEN,BPAT,47.95582585759945,-118.99882798105517
G_COULEE_5_G19GNODE,GEN,BPAT,47.955840736327104,-118.99869553067452
G_COULEE_5_G20GNODE,GEN,BPAT,47.95584191387598,-118.99856124140568
G_COULEE_5_G21GNODE,GEN,BPAT,47.95582951975964,-118.99842822189234
G_COULEE_5_G22GNODE,GEN,BPAT,47.95580398418424,-118.99829944763171
G_COULEE_5_G23GNODE,GEN,BPAT,47.9557660120839,-118.9981777028629
G_COULEE_5_G24GNODE,GEN,BPAT,47.95571655319767,-118.9980655309425
H ALLEN_2_ARROWCAN_BESSGNODE,GEN,NV,39.24559746907607,-120.02708739295319
H ALLEN_2_ARROWCAN_PVGNODE,GEN,NV,39.24553416124525,-120.0271691395105
H ALLEN_2_NDL_BESSGNODE,GEN,NV,39.24551902137604,-120.02728308152919
H ALLEN_2_NDL_PVGMPDEGNODE,GEN,NV,39.245550030506294,-120.02739153296821
H ALLEN_GNODE 3,GEN,NV,36.426645,-114.90806
H ALLEN_GNODE 4,GEN,NV,36.426644999948316,-114.90794863216065
HAAS_7_B1,GEN,CA,36.94999999998671,-118.99994368080674
HAAS_7_B11,GEN,CA,36.94999999998671,-119.00005631919325
HACC_GNODE 5,GEN,NV,36.430454,-114.903978
HACC_GNODE 6,GEN,NV,36.43045399994829,-114.90386662427457
HACC_GNODE 7,GEN,NV,36.43036438951174,-114.903978
HACC_LNODE-5,LOAD,NV,36.43045399994829,-114.90408937572543
HACC_LNODE-6,LOAD,NV,36.43054361048832,-114.903978
HACIENDA_LNODE-1,LOAD,NV,36.092445,-115.086191
HACKBERY_LNODECHER,LOAD,WALC,32.87503,-109.604486
HAGEN_LNODEGEN,LOAD,BPAT,46.340195,-123.971947
HALFM_BP_LNODEFMR,LOAD,BPAT,47.838749,-117.410275
HALSEYF_7_B1,GEN,CA,38.90131699998584,-121.08761040262713
HALSEYF_7_N001,LOAD,CA,38.90131699998584,-121.08772559737287
HALY_LNODE131,LOAD,IPCO,43.523676,-114.309448
HAL_SUB_LNODEON1,LOAD,LADWP,33.84769999998815,-118.30334578612137
HAL_SUB_LNODEONA,LOAD,LADWP,33.84769999998815,-118.30345421387864
HAL_WHT_1_13_1LNODE,LOAD,AVA,47.586799999980585,-117.57233309147193
HAL_WHT_1_13_2LNODE,LOAD,AVA,47.586799999980585,-117.57246690852807
HAMILBR_7_N002,GEN,CA,40.268712,-121.089479
HAMILTON_6_N001,LOAD,CA,39.746242,-122.011361
HAMILTON_LNODETON1,LOAD,PNM,48.52812462998022,-122.00535358588115
HAMILTON_LNODETON2,LOAD,PNM,48.52812462998022,-122.00548881411885
HAMMER_6_N001,LOAD,CA,38.02138220754234,-121.320367
HAMMER_6_N003,LOAD,CA,38.02130089621381,-121.32030740848892
HAMMER_6_N004,LOAD,CA,38.02130089621381,-121.32042659151108
HAMMONDS_1_N001,LOAD,CA,36.72011,-120.603287
HAMPT_BP_LNODECLP,LOAD,BPAT,43.75834,-120.394566
HAM_LNODEXF1,LOAD,PSE,48.528611,-122.005833
HAM_SS_LNODEK1L,LOAD,NWMT,46.23182699998163,-114.15318102831114
HAM_SS_LNODEK2L,LOAD,NWMT,46.23182699998163,-114.15331097168887
HANGE_SR_LNODELD1,LOAD,SRP,33.3643457920264,-111.892804
HANGE_SR_LNODELD2,LOAD,SRP,33.364265103974304,-111.89274822202869
HANGE_SR_LNODELD3,LOAD,SRP,33.364265103974304,-111.89285977797131
HANGMAN_1_INLLNODE,LOAD,AVA,47.54918403572536,-117.3929753103357
HANSO_SR_LNODELD2,LOAD,SRP,33.469999999953515,-112.29989243758507
HAN_LNODEXF1,LOAD,PSE,48.862798,-122.44217
HAP_LNODEXF1,LOAD,PSE,48.716944,-122.476111
HARBORG_7_B2,GEN,CA,33.770089981295506,-118.24989175499216
HARBORG_7_B3,GEN,CA,33.769910018610105,-118.24989175521951
HARBORG_7_B4,GEN,CA,33.769910018610105,-118.25010824478048
HARBORG_7_N101,LOAD,CA,33.770089981295506,-118.25010824500784
HARDIE_BKLNODE,LOAD,TPWR,47.08955,-122.36992
HARDING_6_N001,LOAD,CA,37.96379937479765,-121.2904483692276
HARDING_6_N004,LOAD,CA,37.96361862509118,-121.29044836950978
HARDIN_A_1_RMTNGNODE,GEN,NWMT,45.764432,-107.600094
HARDIN_A_LNODEOAD,LOAD,NWMT,45.767547,-107.601599
HARDIN_R_LNODEOAD,LOAD,NWMT,45.73659673627439,-107.607881
HARDWICK_6_N001,LOAD,CA,36.404261,-119.68624
HARIS_BP_LNODE055,LOAD,BPAT,44.30230899998266,-123.16833287887866
HARIS_BP_LNODECPI,LOAD,BPAT,44.30230899998266,-123.16845912112133
HARLOTWN_LNODEK2L,LOAD,NWMT,46.43628,-109.822745
HARLO_R_LNODEOAD,LOAD,NWMT,46.430497,-109.800346
HARMO_SR_LNODELD2,LOAD,SRP,33.59675199998831,-112.19944907883087
HARMO_SR_LNODELD3,LOAD,SRP,33.59675199998831,-112.19955692116913
HARQ_CT_U1GNODE,GEN,SRP,33.329861,-111.7485
HARQ_CT_U2GNODE,GEN,SRP,33.32986099995388,-111.74839272227094
HARQ_CT_U3GNODE,GEN,SRP,33.32977136714642,-111.7483927223813
HARRIS_6_N001,LOAD,CA,40.78104299998464,-124.13194328500423
HARRIS_6_N003,LOAD,CA,40.78104299998464,-124.13206271499577
HARRNGTN_1_13_1LNODE,LOAD,AVA,47.4772,-118.2646
HARTER_6_N001,LOAD,CA,39.14325399998575,-121.6480072716394
HARTER_6_N003,LOAD,CA,39.14325399998575,-121.6481227283606
HARTLEY_6_N001,LOAD,CA,39.077268,-122.932322
HARVESTW_2_Z1GNODE,GEN,BPAT,45.796133,-120.255008
HAR_GS_GNODE1,GEN,LADWP,33.7706,-118.2656
HAR_GS_GNODE10,GEN,LADWP,33.77059999995272,-118.26549175369347
HAR_GS_GNODE11,GEN,LADWP,33.77051001806608,-118.26549175380715
HAR_GS_GNODE12,GEN,LADWP,33.77044639130702,-118.2655682954477
HAR_GS_GNODE13,GEN,LADWP,33.770431175173286,-118.26567498264691
HAR_GS_GNODE14,GEN,LADWP,33.77046234053704,-118.26577652884531
HAR_GS_GNODE2,GEN,LADWP,33.77052796602419,-118.26585058805817
HAR_GS_GNODE5,GEN,LADWP,33.77061300670493,-118.26588596508613
HAR_GS_LNODE10AUX,LOAD,LADWP,33.77070285420546,-118.26588005129787
HAR_GS_LNODE11AUX,LOAD,LADWP,33.770785160786886,-118.2658363056699
HAR_GS_LNODE12AUX,LOAD,LADWP,33.77085063868779,-118.26576205737284
HAR_GS_LNODE13AUX,LOAD,LADWP,33.770893238769126,-118.26566671029164
HAR_GS_LNODE14AUX,LOAD,LADWP,33.77090995880947,-118.26556034876025
HAR_GS_LNODE1AUX,LOAD,LADWP,33.770900443776654,-118.26545270896402
HAR_GS_LNODE2AUX,LOAD,LADWP,33.770866485380765,-118.26535246672638
HAR_GS_LNODE5AUX,LOAD,LADWP,33.77081149182394,-118.26526678898045
HAR_LNODEXF1,LOAD,PSE,47.40333299998061,-122.24687724213142
HAR_LNODEXF2,LOAD,PSE,47.40333299998061,-122.24701075786858
HAR_PONY_LNODEOAD,LOAD,NWMT,45.677187,-111.82352
HAR_SUB_LNODEONA,LOAD,LADWP,33.77073997374512,-118.26520109800133
HAR_SUB_LNODEONB,LOAD,LADWP,33.77065707494083,-118.26515900180253
HAR_SUB_LNODEONC,LOAD,LADWP,33.77056816417163,-118.26514234955444
HASKI_BP_LNODEXF1,LOAD,BPAT,48.11085399998045,-114.64308674926804
HASKI_BP_LNODEXF2,LOAD,BPAT,48.11085399998045,-114.64322125073197
HASSAYAM_2_CAPCHILD1GNODE,GEN,WALC,33.667116,-112.689647
HATCRK1_7_B1,GEN,CA,40.929297,-121.544462
HATCRK2_7_B1,GEN,CA,40.960675,-121.548657
HATLOSCK_6_GN001,GEN,CA,40.7576,-121.4145
HATON_BP_LNODEFMR,LOAD,BPAT,46.822058,-118.857323
HATTON_6_N001,LOAD,CA,36.55679,-121.897162
HATWA_BP_LNODEF1A,LOAD,BPAT,46.46917,-116.911351
HAT_1_BENT_BOW_SLRGNODE,GEN,EPE,33.354062471458946,-111.7991066663047
HAT_1_HAT_NXTER_SLRGNODE,GEN,EPE,32.6636694444334,-107.15533843792512
HAT_LNODE_24,LOAD,EPE,32.6636694444334,-107.15544489540821
HAUGAN_LNODEOAD,LOAD,NWMT,47.384081,-115.401072
HAUSERNW_LNODEK1H,LOAD,NWMT,46.76564,-111.886917
HAUSER_6_HASRGNODE,GEN,NWMT,46.765726,-111.887263
HAUSER_LNODE115,LOAD,BPAT,43.520449,-124.193112
HAVASU_2_CAPCHILDGNODE,GEN,WALC,34.30525,-114.22477
HAVEN_LNODE-1,LOAD,NV,36.05762672091475,-115.168471
HAVEN_LNODE-2,LOAD,NV,36.05754613952889,-115.16841345154968
HAVEN_LNODE-3,LOAD,NV,36.05754613952889,-115.16852854845033
HAVN_LNODE131,LOAD,IPCO,43.271284,-112.589796
HAWESTAP_LNODELD,LOAD,WALC,31.511654,-110.254728
HAWKINS_LNODE8660,LOAD,PNM,44.018886501447,-123.1376127
HAWKINS_LNODE9760,LOAD,PNM,44.018805109257855,-123.1375473530071
HAWKINS_LNODEDR1,LOAD,TIDC,37.5799617816957,-120.645598336747
HAWKINS_LNODEDR3,LOAD,TIDC,37.5799481743814,-120.645311774451
HAWKINS_LNODEDR5,LOAD,TIDC,37.5798175544824,-120.645562968772
HAWKINS_LNODEDR7,LOAD,TIDC,37.5799502934699,-120.645479899093
HAWKI_BP_LNODEFMR,LOAD,BPAT,44.018805109257855,-123.1376780469929
HAWTHORN_FDR1LNODE,LOAD,TPWR,47.21398042954345,-122.45592687082858
HAWTHORN_FDR2LNODE,LOAD,TPWR,47.21379957030228,-122.45592687128261
HAWTHORN_FDR3LNODE,LOAD,TPWR,47.21379957030228,-122.45619312871739
HAWTHORN_FDR4LNODE,LOAD,TPWR,47.21398042954345,-122.45619312917141
HAW_LNODEXF1,LOAD,PSE,47.072778,-122.740833
HAYCANYN_NODE01,GEN,AVRN,45.5197719906458,-120.510530617682
HAYDB_BP_LNODEXF1,LOAD,BPAT,44.07154150998277,-122.9668380679999
HAYDB_BP_LNODEXF2,LOAD,BPAT,44.07154150998277,-122.9669639320001
HAYDEN_1_1LNODE,LOAD,AVA,47.75619501907079,-116.8484235119777
HAYDE_SR_LNODEDAP,LOAD,SRP,33.00495653058838,-110.77941324096066
HAYDE_SR_LNODELD1,LOAD,SRP,33.00477746932075,-110.77941324117737
HAYDE_SR_LNODELD3,LOAD,SRP,33.00477746932075,-110.77962675882263
HAYDE_SR_LNODELD5,LOAD,SRP,33.00495653058838,-110.77962675903935
HAYFORD_1_XFMRLNODE,LOAD,AVA,47.59048582948105,-117.5413149031109
HAYPRESS_6_N002,GEN,CA,39.567903,-120.612995
HAYPRESS_6_N003,GEN,CA,39.565706,-120.581715
HAYPRES_7_B1,GEN,CA,39.565556,-120.633889
HAY_GS_GNODE1,GEN,LADWP,33.764741,-118.09913
HAY_GS_GNODE10,GEN,LADWP,33.7647409999528,-118.09902176748359
HAY_GS_GNODE11,GEN,LADWP,33.7646510233777,-118.09902176759722
HAY_GS_GNODE12,GEN,LADWP,33.764587400374495,-118.09909829948671
HAY_GS_GNODE13,GEN,LADWP,33.764572185138995,-118.09920497309449
HAY_GS_GNODE14,GEN,LADWP,33.76460334866309,-118.09930650635636
HAY_GS_GNODE15,GEN,LADWP,33.76466897027642,-118.09938055613436
HAY_GS_GNODE16,GEN,LADWP,33.76475400593724,-118.09941592865536
HAY_GS_GNODE2,GEN,LADWP,33.76484384813419,-118.09941001562042
HAY_GS_GNODE8,GEN,LADWP,33.764926149857054,-118.0993662755654
HAY_GS_GNODE9,GEN,LADWP,33.764991623892776,-118.09929203672728
HAY_GS_LNODE10AUX,LOAD,LADWP,33.765034221459466,-118.09919670179296
HAY_GS_LNODE12AUX,LOAD,LADWP,33.76505094051277,-118.09909035381168
HAY_GS_LNODE14AUX,LOAD,LADWP,33.765041426041684,-118.09898272772843
HAY_GS_LNODE15AUX,LOAD,LADWP,33.7650074696504,-118.0988824982613
HAY_GS_LNODE9AUX,LOAD,LADWP,33.7649524793399,-118.09879683143038
HAY_LNODESS1,LOAD,LADWP,33.76488096548275,-118.09873114881994
HAY_LNODESS2,LOAD,LADWP,33.76479807157197,-118.09868905798392
HAZEN_LNODE56,LOAD,NV,39.541222,-119.075185
HAZ_LNODEXF1,LOAD,PSE,47.539722,-122.185278
HCPR_GNODE011,GEN,IPCO,45.2435043856143,-116.7013237241561
HCPR_GNODE012,GEN,IPCO,45.2435043856143,-116.7015782758439
HCPR_GNODE013,GEN,IPCO,45.2436836142444,-116.70157827624544
HDHL_GNODEEN1,GEN,IPCO,45.243168,-116.701713
HDSP_LNODE011A,LOAD,IPCO,43.725968099982964,-116.24787686758734
HDSP_LNODE012A,LOAD,IPCO,43.725968099982964,-116.24800193241266
HD_LNODER2A,LOAD,APS,34.643806,-111.934796
HEADGATE_LNODEANET,LOAD,WALC,34.094089999987986,-114.16391450563437
HEARD_LNODELD1,LOAD,SRP,33.417843813042374,-111.987373
HEARD_LNODELD2,LOAD,SRP,33.41776309346626,-111.98731716588357
HEARD_LNODELD3,LOAD,SRP,33.41776309346626,-111.98742883411643
HEATH_R_LNODEOAD,LOAD,NWMT,47.013104,-109.285238
HEBO_LNODEPUD,LOAD,BPAT,45.217684,-123.843258
HEDGES_LNODEGES,LOAD,BPAT,46.17636599998171,-119.03905212884031
HEDGES_LNODERON,LOAD,BPAT,46.17636599998171,-119.03918187115968
HED_LNODENE1,LOAD,BANC,38.50998333333333,-121.355746944444
HED_LNODENE2,LOAD,BANC,38.50998333327719,-121.35563197930773
HED_LNODENE3,LOAD,BANC,38.50989337309517,-121.35563197945136
HED_LNODENE4,LOAD,BANC,38.50982976169183,-121.355713272007
HED_LNODENE5,LOAD,BANC,38.50981454922492,-121.35582658122124
HED_LNODENE6,LOAD,BANC,38.509845707051696,-121.35593443034743
HED_LNODENE7,LOAD,BANC,38.509911316684935,-121.35601308641768
HED_LNODENE8,LOAD,BANC,38.50999633683837,-121.3560506593429
HELMS1_7_B1,GEN,CA,36.59125582651913,-120.175012
HELMS2_7_B1,GEN,CA,36.59117508672632,-120.17495394221808
HELMS3_7_B1,GEN,CA,36.59117508672632,-120.17507005778192
HELNA_ES_LNODEK1H,LOAD,NWMT,46.600074,-112.001563
HELNA_SS_LNODEK1L,LOAD,NWMT,46.56532799998125,-111.99038841566474
HELNA_SS_LNODEK2L,LOAD,NWMT,46.56532799998125,-111.99051958433526
HELNA_YP_LNODEOAD,LOAD,NWMT,46.591658,-111.981131
HEL_GOLF_LNODEK1H,LOAD,NWMT,46.60463699998116,-112.03083134523055
HEL_GOLF_LNODEK2L,LOAD,NWMT,46.60463699998116,-112.03096265476945
HEM_LNODEXF1,LOAD,PSE,47.126111,-122.282778
HENDRSON_LNODE_1,LOAD,NV,36.071827466788214,-114.994242
HENDRSON_LNODE_2,LOAD,NV,36.07191699994903,-114.9943527702399
HENDRSON_LNODE_3,LOAD,NV,36.07200653321178,-114.994242
HENRITTA_6_N101,LOAD,CA,36.24160599998715,-119.9029965105001
HERDLYN_6_N001,LOAD,CA,37.816383,-121.586176
HERDLYN_6_N007,GEN,CA,37.794695,-121.584578
HERDLYN_7_N001,GEN,CA,37.847177,-121.617116
HEREFORD_LNODELD,LOAD,WALC,31.378048,-110.182142
HERMANAS_LNODEANAS,LOAD,PNM,32.20985,-107.7655
HERNANDZ_LNODECITY,LOAD,PNM,36.04569999998727,-106.11194463129623
HERNANDZ_LNODEMAYO,LOAD,PNM,36.04569999998727,-106.11205536870378
HERSHEY_LNODESLL,LOAD,BANC,37.75083,-120.8453
HERSHEY_LNODEXF1,LOAD,BANC,37.7508299999447,-120.8451856244636
HERSHEY_LNODEXF2,LOAD,BANC,37.75073956547022,-120.8453
HERSHEY_LNODEXF3,LOAD,BANC,37.7508299999447,-120.84541437553641
HERSHEY_LNODEXF4,LOAD,BANC,37.750920434529704,-120.8453
HEYBOURN_LNODE87,LOAD,NV,39.059142569929705,-119.75857564848094
HEYBOURN_LNODE88,LOAD,NV,39.058963429956634,-119.75857564877361
HEYBOURN_LNODE89,LOAD,NV,39.058963429956634,-119.75880635122638
HEYBOURN_LNODE90,LOAD,NV,39.059142569929705,-119.75880635151906
HEYEM_BP_LNODE115,LOAD,BPAT,45.7662,-122.5263
HE_LNODE12A,LOAD,APS,33.613848,-112.412335
HE_LNODE13A,LOAD,APS,33.61384799995319,-112.41222711870135
HE_LNODER1A,LOAD,APS,33.61377019436662,-112.41228105939938
HE_LNODER2A,LOAD,APS,33.61377019436662,-112.41238894060064
HE_LNODER4A,LOAD,APS,33.61384799995319,-112.41244288129865
HE_LNODER5A,LOAD,APS,33.613925805609995,-112.41238894069801
HE_LNODER9A,LOAD,APS,33.613925805609995,-112.41228105930199
HF_LNODE10A,LOAD,APS,33.707599,-112.280683
HF_LNODE12A,LOAD,APS,33.70759899995294,-112.28057490162024
HF_LNODE13A,LOAD,APS,33.707521122708265,-112.28062895085912
HF_LNODER2A,LOAD,APS,33.707521122708265,-112.28073704914087
HF_LNODER4A,LOAD,APS,33.70759899995294,-112.28079109837977
HF_LNODER5A,LOAD,APS,33.70767687726827,-112.2807370492389
HF_LNODER9A,LOAD,APS,33.70767687726827,-112.28062895076111
HGHLD_BP_LNODEUD1,LOAD,BPAT,46.19636791367463,-119.193053
HGHLD_BP_LNODEUD2,LOAD,BPAT,46.19628704314281,-119.1929855465326
HGHLD_BP_LNODEUD3,LOAD,BPAT,46.19628704314281,-119.1931204534674
HGNN_LNODEWR1,LOAD,PGE,45.500689999982185,-122.41430413016626
HGNN_LNODEWR2,LOAD,PGE,45.500689999982185,-122.41443186983373
HGNS_LNODEWR4,LOAD,PGE,45.50030999998222,-122.41486813057156
HGNS_LNODEWR5,LOAD,PGE,45.50030999998222,-122.41499586942844
HGROCK_6_HYDRGNODE,GEN,WALC,34.094089999987986,-114.16402349436562
HGWP_GNODEGWP,GEN,IPCO,44.376668,-117.308986
HG_LNODE10A,LOAD,APS,33.82907903466979,-112.2591056161101
HG_LNODE14A,LOAD,APS,33.82889896523542,-112.25910561633839
HG_LNODER2A,LOAD,APS,33.82889896523542,-112.25932238366161
HG_LNODER6A,LOAD,APS,33.82907903466979,-112.2593223838899
HH_LNODE10A,LOAD,APS,33.707199,-112.201405
HH_LNODE13A,LOAD,APS,33.70719899995289,-112.20129690255588
HH_LNODER1A,LOAD,APS,33.707121123019554,-112.20135095132694
HH_LNODER2A,LOAD,APS,33.707121123019554,-112.20145904867306
HH_LNODER4A,LOAD,APS,33.70719899995289,-112.20151309744412
HH_LNODER5A,LOAD,APS,33.707276876956804,-112.20145904877107
HH_LNODER9A,LOAD,APS,33.707276876956804,-112.20135095122893
HI5PV_7_N001,GEN,CA,34.630989,-117.373596
HI5_7_N002,GEN,CA,34.630323,-117.373967
HICKMAN_7_UNIT1GNODE,GEN,TIDC,37.62226881742003,-120.74593148901859
HICKMAN_7_UNIT2GNODE,GEN,TIDC,37.62226881742003,-120.74604566277782
HICKOX_LNODEALTA,LOAD,PNM,48.38440301998029,-122.33509423221469
HICKOX_LNODECKOX,LOAD,PNM,48.38440301998029,-122.33522916778531
HICKS_2_N001,LOAD,CA,37.234159254320986,-121.90015163922017
HICKS_2_N002,LOAD,CA,37.23397874557105,-121.9001516394916
HICKS_2_N007,LOAD,CA,37.23397874557105,-121.90037836050841
HICKS_2_N012,GEN,CA,37.234159254320986,-121.90037836077983
HIDDENS_LNODECEGL,LOAD,WALC,32.3349578636085,-111.17575764438209
HIDDENS_LNODEMNTY,LOAD,WALC,32.33477813630224,-111.17575764459328
HIDDENS_LNODEYABJ,LOAD,WALC,32.33477813630224,-111.17597035540672
HIDEA_BP_LNODEANE,LOAD,BPAT,43.993341,-123.063942
HIDEDCT1_7_B1,GEN,CA,34.59539043561172,-117.3645901389298
HIDEDCT2_7_B1,GEN,CA,34.595209564289796,-117.364590139169
HIDEDCT3_7_B1,GEN,CA,34.595209564289796,-117.364809860831
HIDEDST1_7_B1,GEN,CA,34.59539043561172,-117.3648098610702
HIDESERT_2_N001,LOAD,CA,34.145263999987954,-116.18586145110677
HIDESERT_2_N018,LOAD,CA,34.145263999987954,-116.18597054889322
HIGGINS_1_N001,LOAD,CA,39.043590575891166,-121.09071766620363
HIGGINS_1_N002,LOAD,CA,39.04341142399536,-121.0907176664961
HIGGINS_1_N004,LOAD,CA,39.04341142399536,-121.09094833350389
HIGGINS_1_N007,GEN,CA,39.043590575891166,-121.09094833379638
HIGGINS_GNODEST,GEN,NV,35.615015,-115.356203
HIGGINS_GNODET1,GEN,NV,35.61501499994967,-115.35609260098889
HIGGINS_GNODET2,GEN,NV,35.61493727535464,-115.35614780054809
HIGGINS_LNODET1,LOAD,NV,35.61493727535464,-115.35625819945191
HIGGINS_LNODET2,LOAD,NV,35.61501499994967,-115.35631339901111
HIGGINS_LNODET3,LOAD,NV,35.61509272462021,-115.35625819955919
HIGHLDN_LNODE-1,LOAD,NV,39.542964,-119.832785
HIGHLDN_LNODE-2,LOAD,NV,39.54296399994218,-119.83266881447236
HIGHLDN_LNODE-3,LOAD,NV,39.542886407428874,-119.83272690730114
HIGHLDN_LNODE-4,LOAD,NV,39.542886407428874,-119.83284309269887
HIGHLDN_LNODE-5,LOAD,NV,39.54296399994218,-119.83290118552763
HIGHLDN_LNODE-6,LOAD,NV,39.543041592542224,-119.83284309282877
HIGHLDN_LNODEK8,LOAD,NV,39.543041592542224,-119.83272690717124
HIGHLD_1_N001,LOAD,CA,38.93741777608508,-122.609034
HIGHLD_1_N004,GEN,CA,38.937337111942234,-122.60897412672412
HIGHLD_1_N005,LOAD,CA,38.937337111942234,-122.60909387327588
HIGHLD_FDR1LNODE,LOAD,TPWR,47.25632042106737,-122.52599677690405
HIGHLD_FDR2LNODE,LOAD,TPWR,47.25613957877814,-122.52599677735904
HIGHLD_FDR3LNODE,LOAD,TPWR,47.25613957877814,-122.52626322264096
HIGHLD_FDR4LNODE,LOAD,TPWR,47.25632042106737,-122.52626322309595
HIGHLINE_LNODELD3,LOAD,SRP,33.349474,-111.919344
HIGHLNDS_1_CEWGNODE,GEN,BPAT,46.792496,-124.064682
HIGHLNDS_1_G01GNODE,GEN,BPAT,46.107,-122.921
HIGHLNDS_1_G02GNODE,GEN,BPAT,48.09443999998036,-122.7962327604282
HIGHWAY_1_N001,LOAD,CA,38.166048151820924,-122.253616
HIGHWAY_1_N002,LOAD,CA,38.16596692407439,-122.25355635179834
HIGHWAY_1_N003,GEN,CA,38.16596692407439,-122.25367564820166
HIGHWD_R_LNODEOAD,LOAD,NWMT,47.587271,-110.809707
HIGHWND3_7_GN001,GEN,CA,38.7208,-121.7833
HIGHWNDS_7_B1,GEN,CA,38.15001,-121.812018
HIG_LNODEXF1,LOAD,PSE,47.502778,-122.186667
HILLCRST_LNODEALD,LOAD,NWMT,45.725256,-108.533655
HILLGEN_7_B1,GEN,CA,34.00858418970378,-117.9496602005066
HILLSDLE_6_N001,LOAD,CA,37.536271,-122.322394
HILLSIDE_1_N001,LOAD,CA,37.879999999986126,-122.23994272916374
HILLSIDE_1_N004,LOAD,CA,37.879999999986126,-122.24005727083625
HILLS_CR_1_G01GNODE,GEN,BPAT,43.710476999982944,-122.4241204886547
HILLS_CR_1_G02GNODE,GEN,BPAT,43.710476999982944,-122.4242455113453
HILL_LNODE131,LOAD,IPCO,43.615831999983,-116.61260162243116
HILL_LNODE132,LOAD,IPCO,43.615831999983,-116.61272637756883
HILL_TOP_FDR10LNODE,LOAD,TPWR,47.25096,-122.45656
HILL_TOP_FDR1LNODE,LOAD,TPWR,47.25095999992282,-122.45642678858005
HILL_TOP_FDR2LNODE,LOAD,TPWR,47.25086957755058,-122.45642678880749
HILL_TOP_FDR3LNODE,LOAD,TPWR,47.25080563934868,-122.45652098339214
HILL_TOP_FDR4LNODE,LOAD,TPWR,47.25079034871623,-122.45665227596648
HILL_TOP_FDR5LNODE,LOAD,TPWR,47.25082166657802,-122.45677724191114
HILL_TOP_FDR6LNODE,LOAD,TPWR,47.2508876132393,-122.45686838163962
HILL_TOP_FDR7LNODE,LOAD,TPWR,47.25097307016889,-122.4569119179547
HILL_TOP_FDR8LNODE,LOAD,TPWR,47.25106335750563,-122.45690464048027
HILL_TOP_FDR9LNODE,LOAD,TPWR,47.25114606705704,-122.45685080582427
HILMAR_LNODEDR1,LOAD,TIDC,37.4189785637285,-120.849304571346
HILMAR_LNODEDR2,LOAD,TIDC,37.4188603223578,-120.849075716434
HILMAR_LNODEDR4,LOAD,TIDC,37.4189333711687,-120.849077780203
HILMAR_LNODEDR5,LOAD,TIDC,37.4188652133943,-120.849148221032
HILMAR_LNODEDR7,LOAD,TIDC,37.4188555229834,-120.849223847561
HILMAR_LNODER17,LOAD,TIDC,37.4189123657556,-120.849307362712
HILYA_BP_LNODE2KV,LOAD,BPAT,44.02601303,-123.0811739
HINE_LNODE132,LOAD,IPCO,43.54989899998314,-119.08642972027147
HINE_LNODE133,LOAD,IPCO,43.54989899998314,-119.08655427972853
HINSON_6_N001,LOAD,CA,33.81885999995258,-118.22236564005779
HISIERRA_7_B1,GEN,CA,35.508889,-119.030833
HKM_LNODER2A,LOAD,APS,33.441017999988354,-111.97789224944268
HKM_LNODER4A,LOAD,APS,33.441017999988354,-111.97799975055732
HKX_LNODEXF1,LOAD,PSE,48.384444,-122.335278
HLBR_LNODEBR1,LOAD,PGE,45.52144599998219,-122.99286410773333
HLBR_LNODEBR2,LOAD,PGE,45.52144599998219,-122.99299189226667
HLCR_LNODEWR1,LOAD,PGE,44.902958,-123.016891
HLC_LNODEXF2,LOAD,PSE,48.3075,-122.673611
HLFMNBY_6_N002,LOAD,CA,37.46874323375435,-122.43018
HLFMNBY_6_N004,LOAD,CA,37.46866188310803,-122.43012082319957
HLFMNBY_6_N101,LOAD,CA,37.46866188310803,-122.43023917680043
HLGT_LNODEBR4,LOAD,PGE,45.490832999982246,-122.64114114061705
HLGT_LNODEBR5,LOAD,PGE,45.490832999982246,-122.64126885938295
HLND_LNODE011A,LOAD,IPCO,42.91978214466296,-112.43955654944817
HLND_LNODE012A,LOAD,IPCO,42.91960265520632,-112.43955654980516
HLND_LNODE013A,LOAD,IPCO,42.91960265520632,-112.43980165019484
HLND_LNODE014A,LOAD,IPCO,42.91978214466296,-112.43980165055183
HLSR_GNODELSR,GEN,IPCO,44.152006,-116.987013
HMBLDTB_1_N08,GEN,CA,40.78280899998469,-124.11235828329227
HMBLTBY_6_N003,LOAD,CA,40.78280899998469,-124.11247771670773
HMBUNIT1_7_GN010,GEN,CA,40.782876999984666,-124.18064228322642
HMBUNIT2_7_GN010,GEN,CA,40.782876999984666,-124.18076171677357
HMBUNIT3_7_GN010,GEN,CA,40.7415,-124.2103
HMLK1_LNODEPGWPS,LOAD,PGE,45.5494,-122.495791
HMLK_LNODEWR1,LOAD,PGE,45.5507,-122.4951
HMWD_GNODEMWD,GEN,IPCO,42.880379,-115.037085
HMWY_5_BSP1GNODE,GEN,IPCO,32.64702087770664,-114.43057659738221
HMWY_5_BSP2GNODE,GEN,IPCO,32.64708624712096,-114.43064942674864
HM_1_HYDRO1GNODE,GEN,SRP,33.59080982238906,-111.3435671712386
HM_1_HYDRO2GNODE,GEN,SRP,33.59063017751739,-111.34356717146315
HM_1_HYDRO3GNODE,GEN,SRP,33.59063017751739,-111.34378282853685
HM_1_PSH4GNODE,GEN,SRP,33.59080982238906,-111.34378282876139
HNFO2_BP_LNODEACI,LOAD,BPAT,46.47246499998139,-119.33174358479569
HNFO2_BP_LNODEPSS,LOAD,BPAT,46.47246499998139,-119.33187441520431
HN_LNODER2A,LOAD,APS,32.941933,-113.510201
HOBARTTP_LNODE19,LOAD,NV,39.400047,-120.149888
HOB_LNODEXF1,LOAD,PSE,47.408611,-121.975556
HOCKN_BP_LNODENSN,LOAD,BPAT,45.7374,-122.4962
HOKAM_SR_LNODELD2,LOAD,SRP,33.394237672437775,-111.84926359535514
HOKAM_SR_LNODELD3,LOAD,SRP,33.39405832746975,-111.84926359557677
HOKAM_SR_LNODELD4,LOAD,SRP,33.39405832746975,-111.84947840442322
HOKAM_SR_LNODELD5,LOAD,SRP,33.394237672437775,-111.84947840464486
HOLBROOK_1_13_1LNODE,LOAD,AVA,46.4241,-117.0259
HOLDEN_C_LNODEXF2,LOAD,BPAT,44.09957631,-122.6972302
HOLGATE_1_N004,GEN,CA,35.034432,-117.702501
HOLLISTR_1_N001,LOAD,CA,36.862728962246265,-121.405867
HOLLISTR_1_N004,LOAD,CA,36.86264801886252,-121.40580858969733
HOLLISTR_1_N101,LOAD,CA,36.86264801886252,-121.40592541030266
HOLLISTR_7_N001,GEN,CA,36.83105,-120.595947
HOLM1_7_B1,GEN,CA,37.83,-119.99
HOLM2_7_B1,GEN,CA,37.86,-120.0
HOLTER_1_HLT1GNODE,GEN,NWMT,46.990956,-112.005422
HOLTER_1_HLT2GNODE,GEN,NWMT,46.99086,-112.005526
HOLTER_1_HLT3GNODE,GEN,NWMT,46.990761,-112.005648
HOLTER_1_HLT4GNODE,GEN,NWMT,46.990659,-112.005753
HOLTER_LNODEOAD,LOAD,NWMT,46.99114,-112.007412
HOL_1_HAFBS1_SLRGNODE,GEN,EPE,32.83283611109977,-106.06766060060511
HOL_LNODEAFB,LOAD,EPE,32.83283611109977,-106.06776717717267
HOL_LNODEXF1,LOAD,PSE,47.155021,-122.568782
HOMEGRND_1_N001,LOAD,CA,38.96,-122.84
HOMEPROC_1_N001,LOAD,CA,38.94,-122.85
HONCUT_1_N001,LOAD,CA,39.320099,-121.595289
HONDALE_1_DEMINGPVGNODE,GEN,PNM,32.169082,-107.754199
HONDALE_LNODEDALE,LOAD,PNM,32.1383,-107.769
HOODOO_1_XFMRLNODE,LOAD,AVA,48.02354934383099,-116.9589160125875
HOOD_RVR_LNODEGRV,LOAD,BPAT,45.688084,-121.524752
HOOPA_6_N001,LOAD,CA,41.056514,-123.682252
HOOPE_SR_LNODE7T8,LOAD,SRP,33.24520491127006,-111.83274020397678
HOOPE_SR_LNODE9T7,LOAD,SRP,33.2452359407516,-111.83284069564978
HOOPE_SR_LNODEUTR,LOAD,SRP,33.24530128010689,-111.83291398577688
HOOVER_2_AEPCOGNODE,GEN,WALC,36.016274,-114.737743
HOOVER_2_HVA1GNODE,GEN,WALC,36.015949,-114.443491
HOOVER_2_HVA2GNODE,GEN,WALC,36.01594899994916,-114.4433802979592
HOOVER_2_HVA3GNODE,GEN,WALC,36.0158594582331,-114.44338029808496
HOOVER_2_HVA4GNODE,GEN,WALC,36.015796142724945,-114.44345857618582
HOOVER_2_HVA5GNODE,GEN,WALC,36.015781001023534,-114.44356768373146
HOOVER_2_HVA6GNODE,GEN,WALC,36.01581201392516,-114.44367153365049
HOOVER_2_HVA7GNODE,GEN,WALC,36.01587731837718,-114.44374727301683
HOOVER_2_HVA8GNODE,GEN,WALC,36.01596194305234,-114.44378345264845
HOOVER_2_HVA9GNODE,GEN,WALC,36.01605135104079,-114.44377740472129
HOOVER_2_HVN1GNODE,GEN,WALC,36.01613325500483,-114.44373266667091
HOOVER_2_HVN2GNODE,GEN,WALC,36.016198412612646,-114.44365673393375
HOOVER_2_HVN3GNODE,GEN,WALC,36.016240804311465,-114.44355922373651
HOOVER_2_HVN4GNODE,GEN,WALC,36.01625744256214,-114.44345044919876
HOOVER_2_HVN5GNODE,GEN,WALC,36.01624797406811,-114.44334036739666
HOOVER_2_HVN6GNODE,GEN,WALC,36.01621418177584,-114.44323785098818
HOOVER_2_HVN7GNODE,GEN,WALC,36.0161594572184,-114.44315022950614
HOOVER_2_HVN8GNODE,GEN,WALC,36.01608828897369,-114.4430830482402
HOOVER_2_HYDRGNODE,GEN,WALC,36.01600579567958,-114.44303999705421
HOPKINS_1_HOPKINSLNODE,LOAD,AVA,47.59473677125757,-117.2552082020634
HOPKRIDG_1_Z1GNODE,GEN,BPAT,46.42069399998139,-117.80192068018478
HOPKRIDG_1_Z2GNODE,GEN,BPAT,46.42069399998139,-117.80205131981522
HORNR_BP_LNODEBRE,LOAD,BPAT,46.333196,-119.422569
HORN_BTE_1_Z1GNODE,GEN,BPAT,45.648620593,-119.987324124
HORSESHE_1_N001,LOAD,CA,38.744281999985915,-121.16156545871566
HORSESHE_1_N002,LOAD,CA,38.744281999985915,-121.16168054128434
HORSESHU_7_HRSUGNODE,GEN,NWMT,47.503174,-111.43595
HORSESHU_LNODEOAD,LOAD,NWMT,47.503365,-111.43595
HORSE_BP_LNODEERV,LOAD,BPAT,45.933983,-119.63461
HORSMESA_LNODEDM1,LOAD,SRP,33.60513,-111.322587
HORSMESA_LNODEDM2,LOAD,SRP,33.605129999953235,-111.32247913859824
HORSM_SR_LNODED4P,LOAD,SRP,33.60504016529212,-111.322587
HORSM_SR_LNODEDAA,LOAD,SRP,33.605129999953235,-111.32269486140176
HORSM_SR_LNODENSE,LOAD,SRP,33.605219834707924,-111.322587
HOR_LNODE_10,LOAD,EPE,31.685139376203875,-106.1981607876276
HOR_LNODE_11,LOAD,EPE,31.685061111066883,-106.19810768645586
HOR_LNODE_12,LOAD,EPE,31.68498284599636,-106.19816078771714
HOR_LNODE_13,LOAD,EPE,31.68498284599636,-106.19826699006063
HOR_LNODE_14,LOAD,EPE,31.685061111066883,-106.19832009132192
HOR_LNODE_15,LOAD,EPE,31.685139376203875,-106.19826699015017
HOUST_SR_LNODELD1,LOAD,SRP,33.32320411127719,-111.91174126346148
HOUST_SR_LNODELD2,LOAD,SRP,33.32320411127719,-111.91185273653852
HOU_LNODEXF2,LOAD,PSE,47.655,-122.197778
HOWARD_LNODE12LD3,LOAD,SRP,33.34371078451314,-111.621201
HOWARD_LNODELD4,LOAD,SRP,33.3436301077309,-111.62114524303854
HOWARD_LNODELD5,LOAD,SRP,33.3436301077309,-111.62125675696146
HPKD_LNODE131,LOAD,IPCO,43.659888,-116.333675
HPLNDJT_6_N001,LOAD,CA,38.972898,-123.081134
HPVY_1_BSP1GNODE,GEN,IPCO,43.55018799998313,-116.51147371983517
HPVY_LNODE131,LOAD,IPCO,43.55018799998313,-116.51159828016483
HQ_LNODE1AL,LOAD,APS,33.52231300998837,-113.1276341620969
HQ_LNODE3AL,LOAD,APS,33.52231300998837,-113.12774183790312
HRBD_GNODE061,GEN,IPCO,43.904691,-116.244245
HRBT_LNODEWR3,LOAD,PGE,45.612559999982125,-122.7967650023767
HRBT_LNODEWR4,LOAD,PGE,45.612559999982125,-122.7968929976233
HRDN_CTY_LNODEOAD,LOAD,NWMT,45.73651613184343,-107.60781432419552
HRIDGEGT_6_GN001,GEN,CA,40.858611,-121.765833
HRMY_LNODEWR1,LOAD,PGE,45.43029999998223,-122.60167420196285
HRMY_LNODEWR2,LOAD,PGE,45.43029999998223,-122.60180179803714
HRN_RPDS_7_G01GNODE,GEN,BPAT,46.3493,-119.2857
HRSN_LNODEEMP,LOAD,PGE,45.50898371926,-122.657494
HRSN_LNODEWR1,LOAD,PGE,45.50890314035075,-122.65742761537037
HRSN_LNODEWR2,LOAD,PGE,45.50890314035075,-122.65756038462963
HR_LNODE12A,LOAD,APS,33.438536,-112.049163
HR_LNODE13A,LOAD,APS,33.43853599995361,-112.04905550408088
HR_LNODE14A,LOAD,APS,33.43844629703507,-112.04905550419201
HR_LNODE18A,LOAD,APS,33.438382867535466,-112.0491315152298
HR_LNODE20A,LOAD,APS,33.43836769857622,-112.04923746285286
HR_LNODE21A,LOAD,APS,33.43839876732049,-112.04933830511258
HR_LNODE22A,LOAD,APS,33.43846418935285,-112.04941185092943
HR_LNODE26A,LOAD,APS,33.43854896638574,-112.04944698271206
HR_LNODE28A,LOAD,APS,33.43863853533465,-112.04944110991497
HR_LNODE29A,LOAD,APS,33.43872058674199,-112.04939766753868
HR_LNODE30A,LOAD,APS,33.43878586164188,-112.04932393394786
HR_LNODER9A,LOAD,APS,33.43882832965014,-112.04922924783757
HSK_LA_LNODEKSS,LOAD,LADWP,34.487,-118.514
HUALAPAI_LNODE-1,LOAD,NV,36.1583027186879,-115.315174
HUALAPAI_LNODE-2,LOAD,NV,36.15822214064216,-115.3151163801316
HUALAPAI_LNODE-3,LOAD,NV,36.15822214064216,-115.3152316198684
HUBR_LNODEWR1,LOAD,PGE,45.482479999982196,-122.85118614937146
HUBR_LNODEWR2,LOAD,PGE,45.482479999982196,-122.85131385062854
HUB_LNODEFDR23,LOAD,APS,33.82874940937162,-111.94784279423945
HUETTER_1_1LNODE,LOAD,AVA,47.7364999999805,-116.85013298785017
HUETTER_LNODE1152,LOAD,AVA,47.7364999999805,-116.85026701214983
HUGHES_LNODE103,LOAD,BPAT,44.958752,-123.092278
HUGHSON_LNODEDR1,LOAD,TIDC,37.5949433309328,-120.846755674049
HUGHSON_LNODEDR2,LOAD,TIDC,37.5949478453779,-120.846639431615
HUGHSON_LNODEDR3,LOAD,TIDC,37.5948895849844,-120.846669736494
HUGHSON_LNODEDR4,LOAD,TIDC,37.5949564824944,-120.846831604577
HUGHSON_LNODEDR5,LOAD,TIDC,37.594883530932,-120.846800432358
HUGHSON_LNODEDR8,LOAD,TIDC,37.5948895004896,-120.84669840193
HUGHSR_LNODELD2,LOAD,SRP,33.458238,-111.811383
HUMBOLDT_LNODE36,LOAD,NV,41.227242,-115.939846
HUMPH_SR_LNODELD2,LOAD,SRP,33.219962999988475,-111.77759046095409
HUMPH_SR_LNODELD3,LOAD,SRP,33.219962999988475,-111.77769753904592
HUNGRY_H_2_G01GNODE,GEN,BPAT,48.342362628922984,-114.01982157023401
HUNGRY_H_2_G02GNODE,GEN,BPAT,48.34228499992115,-114.01975414067341
HUNGRY_H_2_G03GNODE,GEN,BPAT,48.342207371037574,-114.01982157043939
HUNGRY_H_2_G04GNODE,GEN,BPAT,48.342207371037574,-114.01995642956061
HUNGR_BP_LNODEXF2,LOAD,BPAT,48.34228499992115,-114.02002385932659
HUNGR_BP_LNODEXF3,LOAD,BPAT,48.342362628922984,-114.01995642976598
HUNT1G_7_B1,GEN,CA,33.646104,-117.977642
HUNT1G_7_N002,LOAD,CA,33.64610399995311,-117.97753404459904
HUNT2G_7_B1,GEN,CA,33.646014129707815,-117.97753404471173
HUNT2G_7_N002,LOAD,CA,33.645950581890766,-117.97761038065147
HUNT3G_7_B1,GEN,CA,33.64593538463594,-117.97771678113635
HUNT3G_7_N002,LOAD,CA,33.64596651133317,-117.97781805443613
HUNT4G_7_B1,GEN,CA,33.64603205539889,-117.97789191461878
HUNT4G_7_N002,LOAD,CA,33.646116990569396,-117.97792719657157
HUNTERS_LNODEOAD,LOAD,NWMT,45.762659,-110.2464
HUNT_LNODELD2,LOAD,SRP,33.20576399998851,-111.58210247299664
HUNT_LNODELD3,LOAD,SRP,33.20576399998851,-111.58220952700336
HURLEY_LNODE12LD3,LOAD,SRP,38.587283,-121.418244
HURLEY_LNODERLEY,GEN,PNM,32.69388999998859,-108.22755676263536
HURLE_SR_LNODELD1,LOAD,SRP,33.414187999988414,-112.00602727728715
HURLE_SR_LNODELD4,LOAD,SRP,33.414187999988414,-112.00613472271284
HURONGEN_7_ND002,GEN,CA,36.18146,-120.030669
HURON_6_N001,LOAD,CA,36.185797,-120.104535
HUR_LNODENE1,LOAD,BANC,38.58818333333333,-121.418666944444
HUR_LNODENE2,LOAD,BANC,38.58818333327699,-121.41855194404475
HUR_LNODENE3,LOAD,BANC,38.58810548632912,-121.41860944430671
HUR_LNODENE4,LOAD,BANC,38.58810548632912,-121.41872444458129
HUR_LNODENE5,LOAD,BANC,38.58818333327699,-121.41878194484326
HUR_LNODENE7,LOAD,BANC,38.58826118030932,-121.41872444470597
HUR_LNODENE8,LOAD,BANC,38.58826118030932,-121.41860944418204
HUSON_FDR1LNODE,LOAD,TPWR,47.2500104225315,-122.48893679062
HUSON_FDR2LNODE,LOAD,TPWR,47.249829577314166,-122.48893679107485
HUSON_FDR3LNODE,LOAD,TPWR,47.249829577314166,-122.48920320892515
HUSON_FDR4LNODE,LOAD,TPWR,47.2500104225315,-122.48920320938
HUSON_R_LNODEOAD,LOAD,NWMT,47.033557,-114.339323
HWD_LNODEXF2,LOAD,PSE,47.733333,-122.140556
HWD_SUB_LNODEONA,LOAD,LADWP,34.088090251059334,-118.34689102435425
HWD_SUB_LNODEONB,LOAD,LADWP,34.0879097488445,-118.34689102458658
HWD_SUB_LNODEONC,LOAD,LADWP,34.0879097488445,-118.34710897541342
HWD_SUB_LNODEOND,LOAD,LADWP,34.088090251059334,-118.34710897564575
HW_LNODE13A,LOAD,APS,33.608357,-112.124617
HW_LNODE14A,LOAD,APS,33.60835699995319,-112.1245091312403
HW_LNODER2A,LOAD,APS,33.60827919845404,-112.12456306566882
HW_LNODER4A,LOAD,APS,33.60827919845404,-112.12467093433118
HW_LNODER5A,LOAD,APS,33.60835699995319,-112.1247248687597
HW_LNODER6A,LOAD,APS,33.60843480152251,-112.12467093442852
HW_LNODER9A,LOAD,APS,33.60843480152251,-112.12456306557148
HYATT1_7_B1,GEN,CA,39.54,-121.46
HYATT2_7_B1,GEN,CA,39.55,-121.47
HYATT3_7_B1,GEN,CA,39.51,-121.49
HYATT4_7_B1,GEN,CA,39.51,-121.51
HYATT5_7_B1,GEN,CA,39.54,-121.49
HYATT6_7_B1,GEN,CA,39.53,-121.49
HYATT_2_N212,LOAD,CA,39.54,-121.47
HYA_LNODEXF1,LOAD,PSE,47.392778,-121.391944
HYDA_LNODEBDD,LOAD,IPCO,42.69550256082787,-114.4818047
HYDA_LNODET131,LOAD,IPCO,42.69542191956861,-114.48174135276135
HYDA_LNODET132,LOAD,IPCO,42.69542191956861,-114.48186804723865
HYDN_LNODEWR1,LOAD,PGE,45.625619999982156,-122.7038699863564
HYDN_LNODEWR2,LOAD,PGE,45.625619999982156,-122.7039980136436
HYDRODYN_LNODEOAD,LOAD,NWMT,45.220559,-109.088227
HYLEBOS_FDR1LNODE,LOAD,TPWR,47.28006041493612,-122.37470672617545
HYLEBOS_FDR2LNODE,LOAD,TPWR,47.279879584909445,-122.37470672663096
HYLEBOS_FDR3LNODE,LOAD,TPWR,47.279879584909445,-122.37497327336904
HYLEBOS_FDR4LNODE,LOAD,TPWR,47.28006041493612,-122.37497327382455
HYUND_BP_LNODEIX2,LOAD,BPAT,44.03711538998275,-123.1846775014528
HYUND_BP_LNODENIX,LOAD,BPAT,44.03711538998275,-123.18480329854721
HZNA_GNODE131,GEN,IPCO,42.58703,-114.067288
HZNB_GNODE131,GEN,IPCO,42.605281,-114.092509
IBM-CTLE_1_N001,LOAD,CA,37.33,-121.74
IBM-HRRS_1_N001,LOAD,CA,37.339999999986375,-121.73994319553019
IBM-HRRS_1_N101,LOAD,CA,37.339999999986375,-121.74005680446982
IB_LNODE10A,LOAD,APS,33.597453,-111.983974
IB_LNODE12A,LOAD,APS,33.59745299995321,-111.98386615606888
IB_LNODER1A,LOAD,APS,33.59737520652516,-111.98392007808307
IB_LNODER2A,LOAD,APS,33.59737520652516,-111.98402792191692
IB_LNODER5A,LOAD,APS,33.59745299995321,-111.98408184393112
IB_LNODER6A,LOAD,APS,33.597530793451455,-111.98402792201419
IB_LNODER9A,LOAD,APS,33.597530793451455,-111.9839200779858
ICEGEN_7_B1,GEN,CA,33.88058108071875,-118.17506849526805
ICEHA_BP_LNODESS,LOAD,BPAT,46.248,-118.88
ICE_HARB_1_G01GNODE,GEN,BPAT,46.248347857331865,-118.87990499817857
ICE_HARB_1_G02GNODE,GEN,BPAT,46.248269999926364,-118.87983999654168
ICE_HARB_1_G03GNODE,GEN,BPAT,46.248192142631396,-118.8799049983631
ICE_HARB_1_G04GNODE,GEN,BPAT,46.248192142631396,-118.8800350016369
ICE_HARB_1_G05GNODE,GEN,BPAT,46.248269999926364,-118.88010000345832
ICE_HARB_1_G06GNODE,GEN,BPAT,46.248347857331865,-118.88003500182143
IDAHOME_LNODEOME,LOAD,IPCO,42.41585749,-113.4016445
IDAHO_RD_1_1LNODE,LOAD,AVA,47.7456,-116.9366
IENERGY_7_B1,GEN,CA,38.277222,-120.914444
IGNACIO_1_N028,GEN,CA,38.07555099998604,-122.53988963563219
IGNACIO_1_N102,LOAD,CA,38.07555099998604,-122.54000436436782
IHB_7_IRONHORSE_BATGNODE,GEN,TEPC,32.07056741,-110.8133461
IMHOFF_1_N001,LOAD,CA,38.001509,-122.066739
IMLAY_LNODE20,LOAD,NV,40.66357299998468,-118.1833725932425
IMPRLBCH_6_N001,LOAD,CA,32.58332899998902,-117.09716179037093
IMPRLBCH_6_N004,LOAD,CA,32.58332899998902,-117.09726820962906
INCLINE_LNODE41,LOAD,NV,39.23953771870403,-119.924224
INCLINE_LNODE42,LOAD,NV,39.2394571406325,-119.92416393386888
INCLINE_LNODE43,LOAD,NV,39.2394571406325,-119.92428406613111
INDIANBD_LNODELD1,LOAD,SRP,33.51627,-111.906471
INDIANBD_LNODELD2,LOAD,SRP,33.51626999995347,-111.90636333746006
INDIANBD_LNODELD3,LOAD,SRP,33.516180238612044,-111.906471
INDIANTR_1_1LNODE,LOAD,AVA,47.7591,-117.4968
INDIANV_7_B1,GEN,CA,39.078066,-122.531625
INDIANW_1_N001,LOAD,CA,33.75822999998817,-116.36079489140164
INDIANW_1_N005,LOAD,CA,33.75822999998817,-116.36090310859835
INDIGOG1_7_B1,GEN,CA,33.9103771069225,-116.5452754257766
INDIGOG2_7_B1,GEN,CA,33.91019689298233,-116.54527542600617
INDIGOG3_7_B1,GEN,CA,33.91019689298233,-116.54549257399383
INDNFLT_6_N001,LOAD,CA,37.66547,-119.841331
INDN_LNODEWR1,LOAD,PGE,45.01321399998241,-123.00101950866551
INDN_LNODEWR2,LOAD,PGE,45.01321399998241,-123.0011464913345
INDUSTRL_LNODEDR1,LOAD,TIDC,37.4786063003132,-120.866935168966
INDUSTRL_LNODEDR2,LOAD,TIDC,37.4784258031614,-120.866836967643
INDUSTRL_LNODEDR3,LOAD,TIDC,37.4784244272802,-120.866662034426
INDUSTRL_LNODEDR5,LOAD,TIDC,37.4785292936467,-120.866935824384
INDUSTRL_LNODEDR7,LOAD,TIDC,37.4784403782944,-120.866928290638
INDUSTRL_LNODEDR8,LOAD,TIDC,37.4784247171011,-120.866748607625
IND_PARK_LNODEK1L,LOAD,NWMT,45.935218,-112.504733
INEZ_LNODEINEZ,LOAD,PNM,35.1098,-106.551
INGLS_SR_LNODELD2,LOAD,SRP,33.4727449999884,-112.00711721586018
INGLS_SR_LNODELD3,LOAD,SRP,33.4727449999884,-112.00722478413982
INGRMC_1_N001,LOAD,CA,37.83,-121.17
ING_LNODEXF1,LOAD,PSE,47.741111,-122.228333
INSKIP_7_B1,GEN,CA,40.400988,-121.965502
INTAL_BP_LNODEFD1,LOAD,BPAT,48.845573,-122.705813
INTAL_BP_LNODEFD2,LOAD,BPAT,48.84557299991993,-122.70567692335307
INTAL_BP_LNODEFD3,LOAD,BPAT,48.84548344913293,-122.7056769235964
INTAL_BP_LNODEFD4,LOAD,BPAT,48.84542012723743,-122.70577314419454
INTAL_BP_LNODEFD5,LOAD,BPAT,48.84540498399058,-122.70590726070384
INTAL_BP_LNODEFD6,LOAD,BPAT,48.845435999970256,-122.70603491451149
INTAL_BP_LNODEFD7,LOAD,BPAT,48.845501310959094,-122.70612801455952
INTAL_BP_LNODESS1,LOAD,BPAT,48.84558594415964,-122.70617248731611
INTAL_BP_LNODESS2,LOAD,BPAT,48.84567536121382,-122.70616505333979
INTGS_3_CC_3GNODE,GEN,LADWP,39.509731,-112.58018
INTGS_3_CC_3_ANAGNODE,GEN,LADWP,39.50973099994225,-112.58006388919468
INTGS_3_CC_3_DESGNODE,GEN,LADWP,39.50964141853529,-112.58006388934437
INTGS_3_CC_3_PASGNODE,GEN,LADWP,39.50957807496767,-112.58014599200735
INTGS_3_CC_3_RVSGNODE,GEN,LADWP,39.50956292655171,-112.58026043038042
INTGS_3_CC_3_UAMGNODE,GEN,LADWP,39.509593953185416,-112.58036935425653
INTGS_3_CC_4GNODE,GEN,LADWP,39.50965928656619,-112.58044879416585
INTGS_3_CC_4_ANAGNODE,GEN,LADWP,39.509743948741665,-112.58048674152919
INTGS_3_CC_4_DESGNODE,GEN,LADWP,39.509833396363724,-112.58048039815361
INTGS_3_CC_4_PASGNODE,GEN,LADWP,39.509915336646415,-112.58043347428485
INTGS_3_CC_4_RVSGNODE,GEN,LADWP,39.50998052315382,-112.58035383156253
INTGS_3_CC_4_UAMGNODE,GEN,LADWP,39.5100229336562,-112.58025155709944
INTGS_3_DESGNODE,GEN,LADWP,39.51003957928376,-112.58013746791443
INTGS_3_PP_ANAGNODE,GEN,LADWP,39.5100301065809,-112.58002200759354
INTGS_3_PP_PASGNODE,GEN,LADWP,39.50999629928641,-112.57991448232075
INTGS_3_PP_RVSGNODE,GEN,LADWP,39.509941550442264,-112.57982257975345
INTGS_3_UAMGNODE,GEN,LADWP,39.50987035062277,-112.57975211612086
INTLTUR_6_B1,GEN,CA,37.059424,-121.19482
INT_GNODE1,GEN,LADWP,39.50978782074136,-112.57970696156326
INT_GNODE2,GEN,LADWP,39.50969930567102,-112.57968909958038
INT_GNODE3,GEN,LADWP,39.50961003631642,-112.57969878265894
INT_GNODE4,GEN,LADWP,39.50952486178775,-112.57973475222792
INT_LNODE1AUX,LOAD,LADWP,39.5094480492549,-112.57979449677674
INT_LNODE2AUX,LOAD,LADWP,39.50938314640126,-112.57987452713392
INT_LNODEACES,LOAD,LADWP,39.50933289977777,-112.57997065248276
INT_LNODEBKJ,LOAD,LADWP,39.50929922150747,-112.58007824467731
INT_LNODEBKK,LOAD,LADWP,39.5092831964988,-112.58019248183484
INT_LNODEBKL,LOAD,LADWP,39.5092851224295,-112.58030856505636
INT_LNODEDWP,LOAD,LADWP,39.50930457514719,-112.58042190450966
INT_LNODEGSU3,LOAD,LADWP,39.50934049270001,-112.58052827304971
INT_LNODEGSU4,LOAD,LADWP,39.50939127188898,-112.58062392709763
INT_LNODEISO,LOAD,LADWP,39.50945487197497,-112.5807056957041
INT_LNODELDL,LOAD,LADWP,39.509528920930286,-112.58077103962884
INT_LNODEOSS,LOAD,LADWP,39.50961082037289,-112.5808180829213
INT_LNODEURB,LOAD,LADWP,39.50969784603921,-112.58084561992709
INYOKERN_1_N001,LOAD,CA,35.65261399998741,-117.79478579202693
INYOKERN_1_N008,LOAD,CA,35.65261399998741,-117.79489620797307
IN_LNODE10A,LOAD,APS,33.492119,-112.076888
IN_LNODE13A,LOAD,APS,33.49211899995348,-112.07678039005141
IN_LNODE14A,LOAD,APS,33.492029257374355,-112.07678039016294
IN_LNODE15A,LOAD,APS,33.49196579983053,-112.07685648183154
IN_LNODE19A,LOAD,APS,33.491950624164524,-112.07696254184117
IN_LNODE20A,LOAD,APS,33.49198170664511,-112.07706349107197
IN_LNODE21A,LOAD,APS,33.492047157602386,-112.07713711490489
IN_LNODE24A,LOAD,APS,33.49213197211783,-112.0771722839552
IN_LNODE25A,LOAD,APS,33.49222158066821,-112.07716640492909
IN_LNODE26A,LOAD,APS,33.4923036683534,-112.07712291647044
IN_LNODE30A,LOAD,APS,33.49236897211381,-112.07704910466445
IN_LNODE31A,LOAD,APS,33.492411458898815,-112.07695431811247
IN_LNODE32A,LOAD,APS,33.492428134471844,-112.07684858186366
IN_LNODER2A,LOAD,APS,33.49241864474549,-112.07674157486468
IN_LNODER3A,LOAD,APS,33.49238477666425,-112.076641921934
IN_LNODER4A,LOAD,APS,33.492329929365845,-112.07655674787074
IN_LNODER8A,LOAD,APS,33.4922586014924,-112.07649144307322
IN_LNODER9A,LOAD,APS,33.49217592315991,-112.07644959434472
IONE_BP_LNODEBEC,LOAD,BPAT,45.517084,-119.768621
IRBY_1_INLLNODE,LOAD,AVA,47.34329959069224,-118.8490074552887
IRIS_LNODEIRIS,LOAD,PNM,35.2787,-106.641
IRONMTN_2_N001,LOAD,CA,34.16,-115.12
IRONMTN_LNODE-1,LOAD,NV,36.321838999987115,-115.2078744188108
IRONMTN_LNODE-2,LOAD,NV,36.321838999987115,-115.2079855811892
IRVIN_SR_LNODELD2,LOAD,SRP,33.363507,-112.162212
IRVNGTN_LNODE01AUX,LOAD,TEPC,32.160308,-110.906539
IRVNGTN_LNODE02AUX,LOAD,TEPC,32.16030799995573,-110.9064326635465
IRVNGTN_LNODE03AUX,LOAD,TEPC,32.1602179795422,-110.90643266365154
IRVNGTN_LNODE04AUX,LOAD,TEPC,32.160154325538315,-110.90650785482637
IRVNGTN_LNODE3AX,LOAD,TEPC,32.160139102890795,-110.90661265969274
IRVNGTN_LNODE421L,LOAD,TEPC,32.160170281604465,-110.90671241425997
IRVNGTN_LNODE422L,LOAD,TEPC,32.16023593519726,-110.90678516679849
IRVNGTN_LNODE431L,LOAD,TEPC,32.16032101229364,-110.906819919634
IRVNGTN_LNODE441L,LOAD,TEPC,32.16041089826205,-110.90681411016912
IRVNGTN_LNODE442L,LOAD,TEPC,32.16049324007855,-110.90677113636073
IRVNGTN_LNODE451L,LOAD,TEPC,32.16055874600694,-110.90669819807202
IRVNGTN_LNODE452L,LOAD,TEPC,32.1606013643226,-110.90660453326956
IRVNGTN_LNODE461L,LOAD,TEPC,32.160618091521194,-110.90650004835865
IRVNGTN_LNODE471L,LOAD,TEPC,32.16060857241929,-110.90639430773618
IRVNGTN_LNODEAUX00,LOAD,TEPC,32.16057459949302,-110.90629583414585
IRVNGTN_LNODEC12LD,LOAD,TEPC,32.16051958240218,-110.90621166806567
IRVNGTN_LNODEG4AUX,LOAD,TEPC,32.16044803371424,-110.90614713610101
IRVNGTN_LNODEH16RD,LOAD,TEPC,32.16036509942443,-110.90610578260927
IRVNGTN_LNODEIDC5,LOAD,TEPC,32.16027615059095,-110.90608942413954
IRVNGTN_LNODEIDC7,LOAD,TEPC,32.160186443750355,-110.90609829195309
IRVNGTN_LNODEIDC8,LOAD,TEPC,32.16010085177805,-110.90613123345562
IRVNGTN_LNODEJOHNCANNON,LOAD,TEPC,32.160023662765234,-110.90618594858083
IRVNGTN_LNODE_13_8,LOAD,TEPC,32.15995844179053,-110.90625924189182
IR_1_IRVICT_1GNODE,GEN,TEPC,32.15990794887642,-110.90634727536
IR_1_IRVICT_2GNODE,GEN,TEPC,32.15987410552742,-110.90644581043138
IR_1_SUNDT_3GNODE,GEN,TEPC,32.159858001975635,-110.9065504311157
IR_1_SUNDT_4GNODE,GEN,TEPC,32.159859937361176,-110.90665674246685
IR_7_RICE_10GNODE,GEN,TEPC,32.15987948545215,-110.90676054100541
IR_7_RICE_1GNODE,GEN,TEPC,32.159915579086594,-110.90685795541086
IR_7_RICE_2GNODE,GEN,TEPC,32.159966607202286,-110.90694555722784
IR_7_RICE_3GNODE,GEN,TEPC,32.16003051904922,-110.90702044243403
IR_7_RICE_4GNODE,GEN,TEPC,32.160104930965396,-110.90708028554675
IR_7_RICE_5GNODE,GEN,TEPC,32.16018723182573,-110.90712336854469
IR_7_RICE_6GNODE,GEN,TEPC,32.160274684009224,-110.90714858728283
IR_7_RICE_7GNODE,GEN,TEPC,32.1603645173927,-110.90715543831881
IR_7_RICE_8GNODE,GEN,TEPC,32.16045401449981,-110.90714398917409
IR_7_RICE_9GNODE,GEN,TEPC,32.16054058549197,-110.90711483505251
ISAAC_SR_LNODELD2,LOAD,SRP,33.40005380581674,-112.18
ISAAC_SR_LNODELD3,LOAD,SRP,33.39997309707915,-112.17994418481284
ISAAC_SR_LNODELD4,LOAD,SRP,33.39997309707915,-112.18005581518716
ISLD_LNODEWR1,LOAD,PGE,45.43134299998227,-122.64013620094673
ISLD_LNODEWR2,LOAD,PGE,45.43134299998227,-122.64026379905327
IUKA_6_N001,LOAD,CA,37.665987,-121.831011
IVANHOE_LNODENHOE,GEN,PNM,32.78246999998868,-108.09847673240465
IVANHOE_LNODEOAD,LOAD,NWMT,46.717542,-107.832062
IVSOLARS_7_N007,GEN,CA,32.671389,-114.413333
IV_LNODE10A,LOAD,APS,32.683785,-114.586165
IV_LNODE12A,LOAD,APS,32.68378499995502,-114.58605853122103
IV_LNODER1A,LOAD,APS,32.68369538910032,-114.586165
IV_LNODER5A,LOAD,APS,32.68378499995502,-114.58627146877897
IV_LNODER6A,LOAD,APS,32.68387461090025,-114.586165
JACINTO_6_N001,LOAD,CA,39.582923,-122.010645
JACKSN_1_GEN1GNODE,GEN,BPAT,47.90852998395626,-121.81439575881457
JACKSN_1_GEN2GNODE,GEN,BPAT,47.90835001588734,-121.81439575928137
JACKSN_1_GEN3GNODE,GEN,BPAT,47.90835001588734,-121.81466424071863
JACKSN_1_GEN4GNODE,GEN,BPAT,47.90852998395626,-121.81466424118543
JAMACHA_6_N001,LOAD,CA,32.744163749547276,-116.957239
JAMACHA_6_N006,LOAD,CA,32.74408312521416,-116.95718365728564
JAMACHA_6_N015,LOAD,CA,32.74408312521416,-116.95729434271436
JAMESON_1_N001,LOAD,CA,38.205743,-122.147539
JANSCRK_6_N001,LOAD,CA,40.905394259900845,-124.072573
JANSCRK_6_N003,LOAD,CA,40.90531287003298,-124.0725108262728
JARALES_1_RIOCOMMPVGNODE,GEN,PNM,32.69388999998859,-108.22766323736464
JARALES_LNODES115,LOAD,PNM,34.6113,-106.768
JARVIS_1_N014,LOAD,CA,37.59572442721241,-122.01803387245575
JARVIS_1_N016,LOAD,CA,37.595543572677634,-122.01803387273313
JARVIS_1_N017,LOAD,CA,37.595543572677634,-122.01826212726687
JARVIS_1_N101,LOAD,CA,37.59572442721241,-122.01826212754425
JAY_GNODE1,GEN,BANC,38.8340749999859,-120.53173542894449
JAY_GNODE2,GEN,BANC,38.8340749999859,-120.5318505710555
JBBLACK1_7_B1,GEN,CA,40.99222199998452,-121.9749401057026
JBBLACK2_7_B1,GEN,CA,40.99222199998452,-121.9750598942974
JCBSCRNR_6_N001,LOAD,CA,36.22245499998718,-119.77977650530629
JCBSCRNR_6_N003,LOAD,CA,36.22245499998718,-119.77988749469371
JCTCI_BP_LNODE115,LOAD,BPAT,44.16353,-123.200235
JEAN_LNODEET,LOAD,NV,35.784574,-115.334723
JEFFERSN_LNODEERSN,LOAD,PNM,35.1766,-106.595
JEFFR_BP_LNODEXF1,LOAD,BPAT,44.043533099982746,-123.10231929510871
JEFFR_BP_LNODEXF2,LOAD,BPAT,44.043533099982746,-123.10244510489129
JENNI_LNODEOAD,LOAD,NWMT,47.084324,-109.555901
JENNY_1_N001,LOAD,CA,37.769999999986226,-122.25994279875593
JENNY_1_N008,LOAD,CA,37.769999999986226,-122.26005720124407
JENSEN_LNODEOAD,LOAD,NWMT,46.20459,-108.926804
JEPSE_SR_LNODELD4,LOAD,SRP,33.409297,-112.020462
JERSEYV_GNODEIT,GEN,NV,40.181825,-117.47506
JESSEN_LNODE2KV,LOAD,BPAT,44.09105729,-123.1717929
JESSUP_1_GN001,GEN,CA,40.470902,-122.331188
JESSUP_1_N001,LOAD,CA,40.462102,-122.328061
JFK_GNODET,GEN,BANC,38.850279,-120.381901
JHO_LNODEXF1,LOAD,PSE,47.041944,-122.843889
JIMCREEK_LNODEG01,LOAD,BPAT,48.212539724991366,-121.93070835233543
JIMCREEK_LNODEG02,LOAD,BPAT,48.212360274851434,-121.93070835280729
JIMCREEK_LNODEG03,LOAD,BPAT,48.212360274851434,-121.9309776471927
JIMCR_BP_LNODESEC,LOAD,BPAT,48.212539724991366,-121.93097764766458
JIM_COUL_LNODEOAD,LOAD,NWMT,46.591723,-108.303885
JKNT_7_111GNODE,GEN,IPCO,43.459773,-116.294132
JKPT_3_G001GNODE,GEN,IPCO,42.84176781916138,-114.90378212364666
JLDG_LNODEWR1,LOAD,PGE,45.39113199998224,-122.61221823910104
JLDG_LNODEWR2,LOAD,PGE,45.39113199998224,-122.61234576089896
JMSCNPMP_1_N001,LOAD,CA,38.19,-122.47
JNCN_LNODE011A,LOAD,IPCO,42.80818219926542,-113.6661143
JNCN_LNODE012A,LOAD,IPCO,42.80810150034976,-113.66605079211435
JNCN_LNODE132,LOAD,IPCO,42.80810150034976,-113.66617780788565
JOANEC_7_NBT3,GEN,CA,33.71462,-117.854255
JOE_WOLD_LNODEOAD,LOAD,NWMT,45.658058,-108.822168
JOHANNA_2_N001,LOAD,CA,33.71362395818503,-117.852576
JOHANNA_2_N007,LOAD,CA,33.71354302089469,-117.85251982319095
JOHANNA_2_N013,GEN,CA,33.71354302089469,-117.85263217680905
JOHANNA_6_N04,GEN,CA,33.71447899998817,-117.8529859427591
JOHANNA_6_N05,GEN,CA,33.71447899998817,-117.8530940572409
JOHANNA_6_N06,GEN,CA,33.71576499998819,-117.8542149412533
JOHANNA_6_N07,GEN,CA,33.71576499998819,-117.85432305874669
JOHANNA_6_N08,GEN,CA,33.70357,-117.915286
JOHN_DAY_5_G01GNODE,GEN,BPAT,45.67784,-120.737835
JOHN_DAY_5_G02GNODE,GEN,BPAT,45.67783999992839,-120.73770684003351
JOHN_DAY_5_G03GNODE,GEN,BPAT,45.677750455580224,-120.7377068402386
JOHN_DAY_5_G04GNODE,GEN,BPAT,45.67768713822983,-120.73779746291744
JOHN_DAY_5_G05GNODE,GEN,BPAT,45.677671996075155,-120.73792377682672
JOHN_DAY_5_G06GNODE,GEN,BPAT,45.67770300984315,-120.73804400400749
JOHN_DAY_5_G07GNODE,GEN,BPAT,45.67776831615866,-120.73813168765638
JOHN_DAY_5_G08GNODE,GEN,BPAT,45.67785294328774,-120.73817357301876
JOHN_DAY_5_G09GNODE,GEN,BPAT,45.6779423539103,-120.738166571475
JOHN_DAY_5_G10GNODE,GEN,BPAT,45.678024260322026,-120.73811477823898
JOHN_DAY_5_G11GNODE,GEN,BPAT,45.67808941989766,-120.73802687074333
JOHN_DAY_5_G12GNODE,GEN,BPAT,45.678131812881226,-120.73791398287102
JOHN_DAY_5_G13GNODE,GEN,BPAT,45.67814845162607,-120.73778805418401
JOHN_DAY_5_G14GNODE,GEN,BPAT,45.67813898281806,-120.73766061207387
JOHN_DAY_5_G15GNODE,GEN,BPAT,45.678105189462265,-120.73754192849714
JOHN_DAY_5_G16GNODE,GEN,BPAT,45.67805046320795,-120.7374404889106
JOLON_6_N001,LOAD,CA,36.013308,-121.167635
JONES_SR_LNODELD1,LOAD,SRP,33.27679476261828,-111.881245
JONES_SR_LNODELD2,LOAD,SRP,33.2767141186785,-111.88118930849424
JONES_SR_LNODELD3,LOAD,SRP,33.2767141186785,-111.88130069150576
JONSN_LN_LNODEOAD,LOAD,NWMT,45.793975,-108.415344
JOR_1_PLUMA_SLRGNODE,GEN,EPE,33.354144471749976,-111.79906329322206
JOR_LNODE_20,LOAD,EPE,32.38748981843893,-106.75951863606393
JOR_LNODE_21,LOAD,EPE,32.387310181472074,-106.75951863627546
JOR_LNODE_22,LOAD,EPE,32.387310181472074,-106.75973136372454
JOR_LNODE_23,LOAD,EPE,32.38748981843893,-106.75973136393607
JOSO_LNODEFMR,LOAD,BPAT,46.138316,-118.826852
JRABBIT_LNODEK1L,LOAD,NWMT,45.67033399998211,-111.19215192977573
JRABBIT_LNODEK2L,LOAD,NWMT,45.67033399998211,-111.19228007022426
JS_LNODE10A,LOAD,APS,33.444732,-112.008078
JS_LNODE11A,LOAD,APS,33.444731999953575,-112.00797049109461
JS_LNODE13A,LOAD,APS,33.44464229260533,-112.0079704912058
JS_LNODE14A,LOAD,APS,33.444578859973426,-112.00804651142624
JS_LNODE17A,LOAD,APS,33.444563690265035,-112.00815247184846
JS_LNODE18A,LOAD,APS,33.44459476054357,-112.0082533262906
JS_LNODE19A,LOAD,APS,33.44466018580661,-112.00832688099231
JS_LNODE21A,LOAD,APS,33.44474496702599,-112.00836201701918
JS_LNODE22A,LOAD,APS,33.44483454039801,-112.0083561435127
JS_LNODE25A,LOAD,APS,33.444916595857315,-112.00831269588832
JS_LNODE26A,LOAD,APS,33.444981873980666,-112.00823895338995
JS_LNODE29A,LOAD,APS,33.445024344086185,-112.00814425584085
JS_LNODE30A,LOAD,APS,33.44504101311277,-112.00803861887667
JS_LNODER9A,LOAD,APS,33.44503152711196,-112.00793171235554
JUANTABO_LNODETABO,LOAD,PNM,35.111,-106.516
JUA_LNODEXF1,LOAD,PSE,47.71777799998046,-122.19548900014006
JUA_LNODEXF2,LOAD,PSE,47.71777799998046,-122.19562299985994
JUDGAP_P_LNODEOAD,LOAD,NWMT,46.690589,-109.569036
JUDGAP_S_7_INVGGNODE,GEN,NWMT,46.572748,-109.751385
JUD_GAP_LNODEOAD,LOAD,NWMT,46.572748,-109.753279
JULIAETA_1_XF1LNODE,LOAD,AVA,46.5715,-116.7092
JULIA_ST_1_1LNODE,LOAD,AVA,47.70998,-116.80006
JUNPCYN1_NODE_4,GEN,AVRN,45.895994,-120.213106
JVENTER_2_N001,GEN,CA,37.801185,-121.64161
JV_LNODE10A,LOAD,APS,33.625744,-112.410087
JV_LNODE12A,LOAD,APS,33.625743999953116,-112.40997909145794
JV_LNODE13A,LOAD,APS,33.62565414747679,-112.40997909157048
JV_LNODER1A,LOAD,APS,33.6255906122243,-112.41005539437604
JV_LNODER2A,LOAD,APS,33.62557541797423,-112.41016174867714
JV_LNODER4A,LOAD,APS,33.62560653851727,-112.41026297801858
JV_LNODER5A,LOAD,APS,33.62567206962389,-112.41033680614157
JV_LNODER9A,LOAD,APS,33.62575698800117,-112.4103720727797
JX_LNODE10A,LOAD,APS,33.72614696495864,-111.962232
JX_LNODE13A,LOAD,APS,33.726066017507925,-111.9621758079424
JX_LNODER9A,LOAD,APS,33.726066017507925,-111.9622881920576
KAISER_7_XF1AFD2LNODE,GEN,AVA,47.68743809641826,-117.20388302035548
KAISER_7_XF1FDR5LNODE,GEN,AVA,47.687359999922,-117.20381604091155
KAISER_7_XF2AFD3LNODE,GEN,AVA,47.68728190354274,-117.20388302055606
KAISER_7_XF2FDR1LNODE,GEN,AVA,47.68728190354274,-117.20401697944394
KAISER_7_XF3AFD4LNODE,GEN,AVA,47.687359999922,-117.20408395908845
KAISER_7_XF3FDR6LNODE,GEN,AVA,47.68743809641826,-117.20401697964452
KAISER_LNODEISER,LOAD,PNM,39.56,-119.53
KALAMA_LNODEFMR,LOAD,BPAT,46.0211,-122.8534
KALIS_BP_LNODEDR1,LOAD,BPAT,48.216884,-114.216381
KALIS_BP_LNODEDR2,LOAD,BPAT,48.2168839999214,-114.21624634584828
KALIS_BP_LNODEDR3,LOAD,BPAT,48.21679427814144,-114.21624634608425
KALIS_BP_LNODEDR4,LOAD,BPAT,48.216730835334324,-114.21634156083006
KALIS_BP_LNODEDR5,LOAD,BPAT,48.21671566317281,-114.21647427534339
KALIS_BP_LNODEEAD,LOAD,BPAT,48.216746738379534,-114.21660059471085
KALIS_BP_LNODEEEN,LOAD,BPAT,48.216812174080886,-114.21669272152214
KALIS_BP_LNODERES,LOAD,BPAT,48.2168969688871,-114.21673672936612
KALIS_BP_LNODERV1,LOAD,BPAT,48.216986556678414,-114.21672937308945
KALIS_BP_LNODERV2,LOAD,BPAT,48.217068625400536,-114.21667495539239
KAMIAH_1_13_1LNODE,LOAD,AVA,46.2344,-116.0328
KAMM_1_N001,LOAD,CA,36.58,-120.52
KANAKA_1_N001,LOAD,CA,39.439999999985574,-121.38994201903363
KANAKA_1_N003,GEN,CA,39.439999999985574,-121.39005798096638
KANSASGN_7_N002,GEN,CA,36.22624,-119.834152
KANSAS_LNODENXFR,LOAD,WALC,32.021317,-109.762715
KANTOR_LNODEDIST,LOAD,TEPC,31.69770214,-111.0354817
KAP_LNODEXF1,LOAD,PSE,46.983889,-122.2425
KAY_SR_LNODE12LD3,LOAD,SRP,33.42018999998843,-112.15306827110417
KAY_SR_LNODELD2,LOAD,SRP,33.42018999998843,-112.15317572889583
KA_LNODEMR3,LOAD,APS,35.108254,-111.688499
KBB_LNODEDR4A,LOAD,APS,35.26484904,-112.186727
KBLY_LNODE131,LOAD,IPCO,42.546111,-114.385561
KCHM_LNODE131,LOAD,IPCO,43.68517499998298,-114.35847052358326
KCHM_LNODE132,LOAD,IPCO,43.68517499998298,-114.35859547641672
KCR_LNODEXF1,LOAD,PSE,47.294167,-122.313056
KCTYPKER_7_B1,GEN,CA,36.217013537372516,-121.12668201946028
KC_LNODER3A,LOAD,APS,35.83242099998727,-110.26722173683697
KC_LNODER5A,LOAD,APS,35.83242099998727,-110.26733226316303
KEARNEY_6_N001,LOAD,CA,36.704357999986875,-119.88278399673257
KEARNEY_6_N099,LOAD,CA,36.704357999986875,-119.88289600326743
KEARNEY_7_N001,LOAD,CA,32.832849999988746,-117.13199871171014
KEARNEY_7_N003,LOAD,CA,32.832849999988746,-117.13210528828985
KEARNY_7_GNU1N,GEN,CA,32.832885999988704,-117.13223871169441
KEARNY_7_GUS2N,GEN,CA,32.832885999988704,-117.13234528830559
KEARN_SR_LNODELD3,LOAD,SRP,33.053467,-110.89957
KEEHN_LNODE-1,LOAD,NV,35.96849799998725,-115.16672567513439
KEEHN_LNODE-2,LOAD,NV,35.96849799998725,-115.16683632486561
KEELR_BP_LNODECC1,LOAD,BPAT,45.550195,-122.897564
KEELR_BP_LNODECC2,LOAD,BPAT,45.550194999928685,-122.89743615140479
KEELR_BP_LNODECC5,LOAD,BPAT,45.55010546958521,-122.89743615160845
KEELR_BP_LNODECR1,LOAD,BPAT,45.550042162137366,-122.89752655411525
KEELR_BP_LNODECR2,LOAD,BPAT,45.55002702235107,-122.89765256114005
KEELR_BP_LNODEDR1,LOAD,BPAT,45.5500580312692,-122.89777249622378
KEELR_BP_LNODEDR2,LOAD,BPAT,45.5501233273718,-122.89785996684009
KEELR_BP_LNODESS1,LOAD,BPAT,45.550207941265725,-122.8979017504377
KEELR_BP_LNODESS2,LOAD,BPAT,45.5502973379044,-122.89789476590214
KEELR_BP_LNODESS3,LOAD,BPAT,45.55037923150535,-122.89784309849902
KEELR_BP_LNODESS4,LOAD,BPAT,45.550444380889154,-122.89775540457948
KEELR_BP_LNODESS5,LOAD,BPAT,45.55048676724188,-122.89764279097615
KEFREKLD_LNODEOAD,LOAD,NWMT,46.299688,-109.320137
KEKAWAKA_6_N001,GEN,CA,40.0941,-123.508983
KELLE_BP_LNODEYCO,LOAD,BPAT,48.069105,-118.67919
KELLYRDG_7_B1,GEN,CA,39.531784,-121.491247
KELSO_2_N001,LOAD,CA,37.797722,-121.601591
KEMPT_SR_LNODELD1,LOAD,SRP,33.377562797016736,-111.766445
KEMPT_SR_LNODELD2,LOAD,SRP,33.37748210147918,-111.76638920837796
KEMPT_SR_LNODELD3,LOAD,SRP,33.37748210147918,-111.76650079162205
KENNEDY_LNODEXF1,LOAD,BPAT,45.56158771824019,-122.62072
KENNEDY_LNODEXF2,LOAD,BPAT,45.56150714086057,-122.62065355450473
KENNW_BP_LNODEXF1,LOAD,BPAT,46.197851914449515,-119.118976
KENNW_BP_LNODEXF2,LOAD,BPAT,46.1977710427554,-119.1189085437415
KENNW_BP_LNODEXF3,LOAD,BPAT,46.1977710427554,-119.1190434562585
KEN_LNODEXF1,LOAD,PSE,48.9175,-122.131667
KERCK1G1_7_B2,GEN,CA,37.07981813101436,-119.4856570249688
KERCK1G2_7_B1,GEN,CA,37.07963786887853,-119.48565702523743
KERCK1G3_7_B1,GEN,CA,37.07963786887853,-119.48588297476257
KERCKHOF_7_B1,GEN,CA,37.07981813101436,-119.48588297503119
KERMAC_LNODEITED,LOAD,PNM,35.3884,-107.75
KERMAN_6_N001,LOAD,CA,36.69205999998684,-120.05918901200307
KERMAN_6_N002,LOAD,CA,36.69205999998684,-120.05930098799692
KERNFRNT_7_B1,GEN,CA,35.515556,-119.04
KERNOIL_1_N001,LOAD,CA,35.44070999998741,-119.02061483035583
KERNOIL_1_N012,LOAD,CA,35.44070999998741,-119.02072516964418
KERNPWR_1_N002,LOAD,CA,35.37980096994444,-119.097984
KERNPWR_1_N201,LOAD,CA,35.37972001501422,-119.09792667452027
KERNRDGE_1_N001,LOAD,CA,35.48320899998747,-119.76358482417542
KERNRDGE_1_N003,GEN,CA,35.48320899998747,-119.76369517582457
KERNRVR_6_N001,GEN,CA,35.460303,-118.77959
KERNRVU1_7_B1,GEN,CA,35.776184999987414,-118.43617775701816
KERNRVU2_7_B1,GEN,CA,35.776184999987414,-118.43628824298185
KERNRV_1_N001,LOAD,CA,35.37972001501422,-119.09804132547973
KERNWATR_1_N001,LOAD,CA,35.400666,-119.035603
KERRB_BP_LNODEIA1,LOAD,BPAT,47.67775099998051,-114.24507802697227
KERRB_BP_LNODEIA2,LOAD,BPAT,47.67775099998051,-114.24521197302772
KERR_1_SKQ1GNODE,GEN,NWMT,47.67805,-114.23788
KERR_1_SKQ2GNODE,GEN,NWMT,47.67816,-114.2378
KERR_1_SKQ3GNODE,GEN,NWMT,47.677912,-114.237987
KESWICK_6_N001,LOAD,CA,40.623725,-122.462027
KESWIK_7_UNIT 1GNODE,GEN,BANC,40.611874234125864,-122.44664
KESWIK_7_UNIT 2GNODE,GEN,BANC,40.611792882920504,-122.44657812960061
KESWIK_7_UNIT 3GNODE,GEN,BANC,40.611792882920504,-122.4467018703994
KETTLEFL_1_1LNODE,LOAD,AVA,48.6213,-118.1112
KETTLEFL_1_CTGNODE,GEN,AVA,48.62039999998022,-118.11093227741263
KETTLEFL_1_STGNODE,GEN,AVA,48.62039999998022,-118.11106772258736
KETTLEMN_6_N001,LOAD,CA,36.044075,-120.112696
KETTNER_6_N001,LOAD,CA,32.733172,-117.173774
KEWA_LNODEKEWA,LOAD,PNM,35.52662285,-106.3188696
KIDWELL_LNODE-1,LOAD,NV,35.29501,-114.836487
KIERNAN_LNODETUB,LOAD,BANC,37.71047,-121.0139
KILRC1-2_7_B1,GEN,CA,40.677827,-121.873253
KING BCH_GNODE 1,GEN,NV,39.24561532702875,-120.02747062831943
KING BCH_GNODE 2,GEN,NV,39.245699941440115,-120.02750841108922
KINGBRY_LNODERY,LOAD,NV,38.958066,-119.886498
KINGCTY_6_N001,LOAD,CA,36.21683446252504,-121.1266820197143
KINGCTY_6_N002,LOAD,CA,36.21683446252504,-121.1269039802857
KINGCTY_6_N005,LOAD,CA,36.217013537372516,-121.12690398053972
KINGSBRG_1_N001,LOAD,CA,36.48869063297857,-119.58234525016937
KINGSBRG_1_N008,LOAD,CA,36.48861299994815,-119.58228950045047
KINGSBRG_7_N002,GEN,CA,36.488535366995606,-119.58234525028111
KINGSBRG_7_N003,GEN,CA,36.488535366995606,-119.58245674971889
KINGSBUR_7_B1,GEN,CA,36.48861299994815,-119.58251249954952
KINGSRIV_7_B1,GEN,CA,36.48869063297857,-119.58245674983063
KING_AVE_LNODEK1L,LOAD,NWMT,45.754420999981974,-108.57672681624298
KING_AVE_LNODEK2L,LOAD,NWMT,45.754420999981974,-108.57685518375702
KIN_LNODEXF2,LOAD,PSE,47.815509,-122.542321
KIRKER_1_N001,LOAD,CA,38.0212542075842,-121.905844
KIRKER_1_N005,LOAD,CA,38.02117289619287,-121.90578440854696
KIRKER_1_N006,LOAD,CA,38.02117289619287,-121.90590359145303
KIRKWD1_7_B1,GEN,CA,37.87772124498671,-119.953233
KIRKWD2_7_B1,GEN,CA,37.877639877491646,-119.95317348381761
KIRKWD3_7_B1,GEN,CA,37.877639877491646,-119.9532925161824
KIRK_SR_LNODELD2,LOAD,SRP,33.467128,-111.667717
KIRTLAND_LNODENDKB,LOAD,PNM,35.031499999987524,-106.54494489264924
KIRTLAND_LNODENDKD,LOAD,PNM,35.031499999987524,-106.54505510735076
KITASVLY_2_Z1GNODE,GEN,BPAT,47.13718,-120.70413
KITSAP_LNODESSA,LOAD,BPAT,47.53174,-122.70347
KIT_LNODEXF2,LOAD,PSE,46.983056,-120.419722
KJ_LNODE10A,LOAD,APS,34.36553299998781,-112.668887239843
KJ_LNODE12A,LOAD,APS,34.36553299998781,-112.66899676015699
KLAMATH_LNODESS,LOAD,AVRN,42.174064578926696,-121.81153856321038
KLAMB_BP_2_GNODE01,GEN,AVRN,42.17398699993663,-121.81147812656903
KLAMB_BP_2_GNODE02,GEN,AVRN,42.17390942104162,-121.81153856335865
KLAMB_BP_2_GNODE901,GEN,AVRN,42.17390942104162,-121.81165943664135
KLAMB_BP_2_GNODE902,GEN,AVRN,42.17398699993663,-121.81171987343096
KLAMB_BP_2_GNODES01,GEN,AVRN,42.174064578926696,-121.81165943678961
KLA_LNODEXF1,LOAD,PSE,47.566111,-122.0025
KLBT_LNODEWR1,LOAD,PGE,45.50564199998226,-122.56317612486679
KLBT_LNODEWR2,LOAD,PGE,45.50564199998226,-122.56330387513322
KLG_GNODEDIL,GEN,BANC,38.466952,-121.176316
KLG_GNODEPL,GEN,BANC,38.515178,-121.192617
KLNDSCHL_NODE3A,GEN,AVRN,45.58551311768478,-120.60264396292706
KLNDSCHL_NODEEB,GEN,AVRN,45.58543558126634,-120.60257999792984
KLNDSCHL_NODEGST,GEN,AVRN,45.58535804495499,-120.60264396310376
KLNDSCHL_NODEZ3,GEN,AVRN,45.58535804495499,-120.60277189309824
KLONDIKE_NODE01,GEN,AVRN,45.58543558126634,-120.60283585827217
KLONDIKE_NODE02,GEN,AVRN,45.58551311768478,-120.60277189327493
KLPT_LNODEWR1,LOAD,PGE,45.63950699998213,-122.76071596907015
KLPT_LNODEWR2,LOAD,PGE,45.63950699998213,-122.76084403092985
KM_LNODEFMR,LOAD,APS,32.736143,-114.512887
KNA_LNODENA2,LOAD,BANC,40.654722,-122.389167
KNBR_LNODECS1,LOAD,PGE,45.267503602225176,-122.721695
KNGC_LNODEWR1,LOAD,PGE,45.39565299998226,-122.80040423491508
KNGC_LNODEWR2,LOAD,PGE,45.39565299998226,-122.80053176508491
KNGHTSLD_1_N001,LOAD,CA,38.809281,-121.74515
KNGS_HIL_LNODEOAD,LOAD,NWMT,46.84263,-110.691825
KNM_LNODEXF2,LOAD,PSE,47.762778,-122.25
KNOBLE_FDR1LNODE,LOAD,TPWR,47.07177043440678,-122.34034721933332
KNOBLE_FDR2LNODE,LOAD,TPWR,47.071589565439886,-122.34034721978394
KNOBLE_FDR3LNODE,LOAD,TPWR,47.071589565439886,-122.34061278021606
KNOBLE_FDR4LNODE,LOAD,TPWR,47.07177043440678,-122.34061278066667
KNOLL_SR_LNODELD1,LOAD,SRP,33.15680999998853,-110.98294651293119
KNOLL_SR_LNODELD2,LOAD,SRP,33.15680999998853,-110.9830534870688
KNO_LNODEXF1,LOAD,PSE,47.119167,-122.166111
KNT_LNODEXF2,LOAD,PSE,47.380277999980684,-122.2413222634385
KNT_LNODEXF3,LOAD,PSE,47.380277999980684,-122.24145573656149
KOFA_LNODEINEZ,LOAD,WALC,32.524341,-114.205047
KOLIN_R_LNODEOAD,LOAD,NWMT,47.069719,-109.798771
KONOCTI6_6_N001,LOAD,CA,38.9325,-122.741085
KOOSKIA_1_1LNODE,LOAD,AVA,46.139,-115.9834
KOYL_7_111GNODE,GEN,IPCO,43.459772999932746,-116.29400771821975
KRCH_LNODE131,LOAD,IPCO,43.608156,-116.562728
KRNCNYN_6_N001,GEN,CA,35.44072,-118.796498
KUMEYAAY_7_N001,GEN,CA,32.699023999988746,-116.35384023891211
KUNA_LNODE31N,LOAD,IPCO,42.9516841,-112.8440981
KWH_LNODEXF2,LOAD,PSE,47.631667,-122.109722
KYOCERA_6_N001,LOAD,CA,32.819776,-117.140362
KYRENE_LNODEDAU,LOAD,SRP,33.353953,-111.935825
KYRENE_LNODEDU7,LOAD,SRP,33.354101999953826,-111.93588367526776
KY_2_UNIT5GNODE,GEN,SRP,33.35402436330341,-111.93593733768175
KY_2_UNIT6GNODE,GEN,SRP,33.35402436330341,-111.93604466231825
KY_6_UNIT4GNODE,GEN,SRP,33.354101999953826,-111.93609832473223
KY_U7AGNODE,GEN,SRP,33.35417963667357,-111.93604466241398
KY_U7SGNODE,GEN,SRP,33.35417963667357,-111.93593733758603
LAB_LNODEXF2,LOAD,PSE,48.823056,-122.5625
LACAMAS_FDR1LNODE,LOAD,TPWR,46.98009041820785,-122.36911747092874
LACAMAS_FDR2LNODE,LOAD,TPWR,46.97990958163931,-122.369117471377
LACAMAS_FDR3LNODE,LOAD,TPWR,46.97990958163931,-122.369382528623
LACAMAS_FDR4LNODE,LOAD,TPWR,46.98009041820785,-122.36938252907125
LACAM_BP_LNODEFMR,LOAD,BPAT,45.623143,-122.464667
LACANADA_LNODEC32,LOAD,TEPC,32.36897290051466,-110.996592
LACANADA_LNODEDIST1,LOAD,TEPC,32.3688920497303,-110.9965367333879
LACANADA_LNODEDIST2,LOAD,TEPC,32.3688920497303,-110.9966472666121
LACLE_BP_LNODE8KV,LOAD,BPAT,48.177122999980384,-116.75930770250451
LACLE_BP_LNODEEDE,LOAD,BPAT,48.177122999980384,-116.75944229749548
LACSD_7_B2,GEN,CA,33.76838997975424,-118.28349175899369
LACSD_7_B3,GEN,CA,33.768210020151294,-118.28349175922101
LACSD_7_B4,GEN,CA,33.768210020151294,-118.28370824077899
LACSD_7_B5,GEN,CA,33.76838997975424,-118.28370824100631
LACY_SR_LNODELD1,LOAD,SRP,33.347247999988475,-111.75490734432996
LACY_SR_LNODELD2,LOAD,SRP,33.347247999988475,-111.75501465567002
LAC_LNODEXF1,LOAD,PSE,47.035897,-122.815792
LAC_LNODE_20,LOAD,EPE,32.31072222222222,-106.76813055555556
LAC_LNODE_21,LOAD,EPE,32.31072222217771,-106.76802420327046
LAC_LNODE_22,LOAD,EPE,32.310632337286464,-106.76802420337599
LAC_LNODE_23,LOAD,EPE,32.310568779111485,-106.7680994057452
LAC_LNODE_24,LOAD,EPE,32.310553579381136,-106.76820422621432
LAC_LNODE_25,LOAD,EPE,32.310584711155805,-106.76830399563266
LAC_LNODE_26,LOAD,EPE,32.310650265909366,-106.76837675900302
LAC_LNODE_27,LOAD,EPE,32.31073521492505,-106.76841151701363
LADDCM_LNODEARD,LOAD,BANC,37.73258,-121.01392
LAFRESA_6_N001,LOAD,CA,33.86979104273171,-118.33319
LAFRESA_6_N003,GEN,CA,33.869709978621295,-118.33313363244312
LAFRESA_6_N007,LOAD,CA,33.869709978621295,-118.33324636755688
LAGNANL_1_N001,LOAD,CA,33.49498074466377,-117.70295838393929
LAGNANL_1_N002,LOAD,CA,33.494801255243225,-117.70295838416239
LAGNANL_1_N005,LOAD,CA,33.494801255243225,-117.70317361583761
LAGNANL_1_N006,LOAD,CA,33.49498074466377,-117.70317361606071
LAGNDTPW_BKLNODE,LOAD,TPWR,46.83302825597714,-122.32037395797096
LAGRANDE_7_G01GNODE,GEN,TPWR,46.83294999992399,-122.32030791613424
LAGRANDE_7_G02GNODE,GEN,TPWR,46.832871743984754,-122.32037395816329
LAGRANDE_7_G03GNODE,GEN,TPWR,46.832871743984754,-122.32050604183671
LAGRANDE_7_G04GNODE,GEN,TPWR,46.83294999992399,-122.32057208386576
LAGRANDE_7_G05GNODE,GEN,TPWR,46.83302825597714,-122.32050604202904
LAGRANGE_6_UNIT1GNODE,GEN,TIDC,37.67001648079934,-120.44401229269437
LAGRANGE_6_UNIT2GNODE,GEN,TIDC,37.67001648079934,-120.44412654566283
LAGRANG_LNODEOAD,LOAD,TIDC,37.6697612035926,-120.443808701526
LAGRA_BP_LNODEGIN,LOAD,BPAT,45.31194658192838,-118.07175361649844
LAGRA_BP_LNODEKER,LOAD,BPAT,45.31176741793004,-118.07175361690113
LAGRA_BP_LNODENDE,LOAD,BPAT,45.31176741793004,-118.07200838309886
LAGRA_BP_LNODEXF1,LOAD,BPAT,45.31194658192838,-118.07200838350155
LAGUBELL_6_N001,LOAD,CA,33.975996097823064,-118.14794
LAGUBELL_6_N005,GEN,CA,33.97591495107552,-118.14788350459531
LAGUBELL_6_N210,LOAD,CA,33.97591495107552,-118.14799649540468
LAGUNAD_LNODEDGSS,LOAD,WALC,32.4972,-114.2997
LAGUNATP_6_N001,LOAD,CA,36.748942999986895,-121.60530194075191
LAGUNITS_6_N001,LOAD,CA,36.748942999986895,-121.60541405924809
LAHONTAN_GNODEIT,GEN,NV,39.467557999985544,-119.06313999027036
LAHONTAN_LNODESS,LOAD,NV,39.467557999985544,-119.06325600972964
LAJOLLA_6_N001,LOAD,CA,32.840121999988746,-117.27517670850455
LAJOLLA_6_N007,LOAD,CA,32.840121999988746,-117.27528329149546
LAJOYA_3_LJOYA1GNODE,GEN,PNM,32.78246999998868,-108.09858326759534
LAJOYA_3_LJOYA2GNODE,GEN,PNM,34.634478,-106.707578
LAKEVIEW_2_XF1LNODE,LOAD,AVA,47.9656,-116.4459
LAKEVIEW_6_N101,LOAD,CA,35.093678,-119.10139
LAKEVLLE_1_N001,LOAD,CA,38.251505,-122.580692
LAKEWOOD_1_N001,LOAD,CA,37.909008286572075,-122.05701271293042
LAKEWOOD_1_N003,LOAD,CA,37.90892999994441,-122.05695542598274
LAKEWOOD_1_N004,LOAD,CA,37.90885171340006,-122.05701271305232
LAKEWOOD_1_N006,LOAD,CA,37.90885171340006,-122.05712728694768
LAKEWOOD_1_N007,LOAD,CA,37.90892999994441,-122.05718457401727
LAKEWOOD_1_N009,LOAD,CA,37.909008286572075,-122.05712728706959
LAKE_LNODEOAD,LOAD,NWMT,44.978600232915326,-110.70493252715806
LAK_SM_LNODENE2,LOAD,BANC,38.658077794318025,-121.13012359377534
LAK_SM_LNODENE3,LOAD,BANC,38.65799999994368,-121.13006607656462
LAK_SM_LNODENE4,LOAD,BANC,38.657922205653776,-121.13012359390028
LAK_SM_LNODENE6,LOAD,BANC,38.657922205653776,-121.13023862832172
LAK_SM_LNODENE7,LOAD,BANC,38.65799999994368,-121.13029614565738
LAK_SM_LNODENE8,LOAD,BANC,38.658077794318025,-121.13023862844666
LAMBGT1_7_B1,GEN,CA,38.221667,-121.867778
LAMB_IP_LNODE11,LOAD,IPCO,45.3105190825296,-118.07130501885189
LAMB_IP_LNODE12,LOAD,IPCO,45.310339917328854,-118.07130501925455
LAMB_IP_LNODE13,LOAD,IPCO,45.310339917328854,-118.07155978074545
LAMB_IP_LNODE14,LOAD,IPCO,45.3105190825296,-118.07155978114811
LAMB_LNODE-1,LOAD,NV,36.114297,-115.083675
LAMONT_1_N001,LOAD,CA,35.296667999987505,-118.86162984910735
LAMONT_1_N002,LOAD,CA,35.296667999987505,-118.86174015089266
LAMORADA_LNODERADA,LOAD,PNM,35.12498329,-106.7095632
LANCASTR_2_GTGNODE,GEN,AVA,47.78626805624785,-116.921409
LANCASTR_2_STGNODE,GEN,AVA,47.78618697185501,-116.92133932572999
LANCASTR_7_SSLNODE,LOAD,AVA,47.78618697185501,-116.92147867427
LANE_LNODEF1A,LOAD,BPAT,44.050754,-123.23227
LANGL_BP_LNODEDON,LOAD,BPAT,42.911699999983675,-124.45190673694107
LANGL_BP_LNODERRY,LOAD,BPAT,42.911699999983675,-124.45202926305893
LAN_LNODE_11,LOAD,EPE,31.72213202111785,-106.30425210991643
LAN_LNODE_12,LOAD,EPE,31.7219513121269,-106.30425211012353
LAN_LNODE_13,LOAD,EPE,31.7219513121269,-106.30446455654314
LAN_LNODE_14,LOAD,EPE,31.72213202111785,-106.30446455675023
LAPHAM_LNODEQBZ,LOAD,BANC,37.639494,-120.919982
LAPHAM_LNODEXBC,LOAD,BANC,37.63949399994495,-120.91986779708742
LAPIN_BP_LNODEHST,LOAD,BPAT,43.661112999982976,-121.45421755737881
LAPIN_BP_LNODEVER,LOAD,BPAT,43.661112999982976,-121.45434244262118
LAPLMG1_7_B2,GEN,CA,35.295166,-119.592035
LAPLMG1_7_N001,LOAD,CA,35.29516599994997,-119.59192469860037
LAPLMG2_7_B2,GEN,CA,35.29507597345422,-119.59192469872306
LAPLMG2_7_N001,LOAD,CA,35.2950123151544,-119.59200269352937
LAPLMG3_7_B2,GEN,CA,35.29499709147608,-119.59211140620917
LAPLMG3_7_N001,LOAD,CA,35.29502827228419,-119.59221488028864
LAPLMG4_7_B2,GEN,CA,35.29509393029799,-119.59229034554534
LAPLMG4_7_N001,LOAD,CA,35.29517901313358,-119.59232639423358
LAREN_BP_LNODEFMR,LOAD,BPAT,47.733189,-118.162545
LAROA1_2_N001,GEN,CA,32.600973,-115.62761
LAROA2CT_7_B1,GEN,CA,32.60096975850368,-115.66157384083479
LAROA2ST_7_B1,GEN,CA,32.60096975850368,-115.66168026758521
LASPALMS_1_N001,LOAD,CA,36.8,-119.69
LASPLGS_6_N001,LOAD,CA,33.31288499998846,-117.46694237728786
LASPULGS_6_N001,LOAD,CA,33.31288499998846,-117.46704962271214
LASSEN_6_N003,GEN,CA,40.297222,-121.017222
LASSEN_6_N004,GEN,CA,40.649703,-123.524725
LASSE_SR_LNODELD1,LOAD,SRP,33.38591480023994,-111.960277
LASSE_SR_LNODELD2,LOAD,SRP,33.385834099867594,-111.96022119967583
LASSE_SR_LNODELD3,LOAD,SRP,33.385834099867594,-111.96033280032417
LASTCHCE_LNODE11,LOAD,NV,40.8404334368949,-115.73711345879451
LASTCHCE_LNODE12,LOAD,NV,40.84025256298183,-115.7371134591207
LASTCHCE_LNODE18,LOAD,NV,40.84025256298183,-115.73735254087929
LASTCHCE_LNODE21,LOAD,NV,40.8404334368949,-115.7373525412055
LATAHJCT_1_1LNODE,LOAD,AVA,47.3327,-117.1522
LATHA_BP_LNODEXF1,LOAD,BPAT,43.766049999982954,-123.07295441423595
LATHA_BP_LNODEXF2,LOAD,BPAT,43.766049999982954,-123.07307958576405
LAT_LNODEXF1,LOAD,PSE,47.322222,-122.3525
LAURELES_6_N001,LOAD,CA,36.47781599998705,-121.7268922619553
LAURELNW_LNODEK1H,LOAD,NWMT,45.66790399998214,-108.76543493291913
LAURELNW_LNODEK2H,LOAD,NWMT,45.66790399998214,-108.76556306708088
LAUREL_LNODE2KV,LOAD,BPAT,44.0377136,-123.0499369
LAURIN_LNODEOAD,LOAD,NWMT,45.350331,-112.116195
LAU_LNODEXF1,LOAD,PSE,48.828333,-122.486944
LAVINA_LNODEMPC,LOAD,NWMT,46.292319964851636,-108.931806
LAVINA_LNODEREA,LOAD,NWMT,46.292239017554195,-108.93173836430887
LAVINA_P_LNODEOAD,LOAD,NWMT,46.198396,-108.882518
LAWRENCE_1_N001,LOAD,CA,37.397207,-122.010126
LAWRENCE_1_N003,LOAD,CA,37.39720699994556,-122.01001226428907
LAWRENCE_1_N004,LOAD,CA,37.39711664332103,-122.010126
LAWRENCE_1_N006,GEN,CA,37.39720699994556,-122.01023973571093
LAWRENCE_LNODEENCE,LOAD,PNM,37.397297356679005,-122.010126
LA_DUKE_LNODEOAD,LOAD,NWMT,45.100238,-110.788286
LA_PINE_LNODEARK,LOAD,BPAT,43.661149,-121.454208
LBEACH1G_7_N001,GEN,CA,33.818769974370746,-118.22236564017184
LBEACH2G_7_N001,GEN,CA,33.8187063167147,-118.22244226216476
LBEACH2G_7_N002,LOAD,CA,33.818691093192,-118.22254906136247
LBEACH3G_7_N001,GEN,CA,33.818722273689396,-118.22265071416254
LBEACH4G_7_N001,GEN,CA,33.81878793104394,-118.22272485112205
LBRL_LNODEBR1,LOAD,PGE,45.19051,-122.583694
LBRT_LNODEWR1,LOAD,PGE,44.89746999998243,-123.05347956787895
LBRT_LNODEWR2,LOAD,PGE,44.89746999998243,-123.05360643212104
LC-MV_7_N001,GEN,CA,32.67745,-115.670172
LCIENEGA_6_N001,LOAD,CA,34.000751,-118.378408
LCIENEGA_6_N005,GEN,CA,34.01135,-118.4168
LCKHT1_7_N001,GEN,CA,35.032461,-117.35673
LCKHT1_7_NSR2,GEN,CA,35.039921,-117.347748
LCST_LNODE041A,LOAD,IPCO,43.05313691641846,-114.13611491641558
LCST_LNODE042A,LOAD,IPCO,43.053059099934174,-114.13605343298718
LCST_LNODE043A,LOAD,IPCO,43.05298128354856,-114.1361149165716
LCST_LNODE044A,LOAD,IPCO,43.05298128354856,-114.1362378834284
LCST_LNODE045A,LOAD,IPCO,43.053059099934174,-114.13629936701281
LCST_LNODE046A,LOAD,IPCO,43.05313691641846,-114.13623788358443
LEABURGS_6_G01GNODE,GEN,BPAT,44.10100999998277,-122.68960704048735
LEABURGS_6_G02GNODE,GEN,BPAT,44.10100999998277,-122.68973295951265
LEANJUN2_NODE_4,GEN,AVRN,45.6755509639557,-120.212519373498
LEANJUN2_NODE_7,GEN,AVRN,45.60680834,-120.1814284
LEAVITT_LNODE-1,LOAD,NV,36.21454872222484,-115.160508
LEAVITT_LNODE-2,LOAD,NV,36.21446813887374,-115.16045033494227
LEAVITT_LNODE-3,LOAD,NV,36.21446813887374,-115.16056566505773
LEA_LNODEXF1,LOAD,PSE,47.322222,-122.178333
LEA_LNODE_10,LOAD,EPE,31.861014286112276,-106.44525797003723
LEA_LNODE_11,LOAD,EPE,31.86093611106717,-106.44520482905348
LEA_LNODE_12,LOAD,EPE,31.860857936087953,-106.44525797012736
LEA_LNODE_13,LOAD,EPE,31.860857936087953,-106.44536425209486
LEA_LNODE_14,LOAD,EPE,31.86093611106717,-106.44541739316874
LEA_LNODE_15,LOAD,EPE,31.861014286112276,-106.44536425218499
LEBAN_BP_LNODECPI,LOAD,BPAT,44.504391,-122.865397
LEBECCT1_7_B2,GEN,CA,34.9556,-118.844
LEBECCT2_7_B1,GEN,CA,34.955599999950266,-118.84388982316705
LEBECCT4_7_B2,GEN,CA,34.95550969947784,-118.844
LEBECST3_7_B1,GEN,CA,34.955599999950266,-118.84411017683296
LEBECST5_7_B1,GEN,CA,34.95569030052222,-118.844
LECEFGT1_7_B1,GEN,CA,37.25,-121.77
LECEFGT2_7_B1,GEN,CA,37.42505422225285,-121.9319
LECEFGT3_7_B1,GEN,CA,37.4249728888588,-121.93184087028978
LECEFGT4_7_B1,GEN,CA,37.4249728888588,-121.93195912971022
LECEFST1_7_B1,GEN,CA,37.43085,-121.952999
LEDBE_BP_LNODEEA1,LOAD,BPAT,46.271776999981526,-119.34891395517585
LEDBE_BP_LNODEEA2,LOAD,BPAT,46.271776999981526,-119.34904404482415
LEEVILLE_LNODE48,LOAD,NV,40.933608,-116.332932
LEE_REYN_1_13_1LNODE,LOAD,AVA,46.841299999980976,-119.15313394479706
LEE_REYN_1_13_2LNODE,LOAD,AVA,46.841299999980976,-119.15326605520293
LEGRAND_1_N001,LOAD,CA,37.184412,-120.273463
LEHI_SR_LNODELD2,LOAD,SRP,33.43773199998839,-111.762599252881
LEHI_SR_LNODELD3,LOAD,SRP,33.43773199998839,-111.762706747119
LEH_LNODEXF1,LOAD,PSE,48.767952,-122.523599
LEISU_SR_LNODELD1,LOAD,SRP,33.39233999998846,-111.70574629956228
LEISU_SR_LNODELD2,LOAD,SRP,33.39233999998846,-111.70585370043771
LEMOORE_6_N002,LOAD,CA,36.30998799998711,-119.79822042969916
LEMOORE_6_N101,LOAD,CA,36.30998799998711,-119.79833157030085
LENKURT_LNODEKURT,LOAD,PNM,35.077,-106.528
LENZIE_GNODE101,GEN,NV,36.385664,-114.919929
LENZIE_GNODE111,GEN,NV,36.38566399994842,-114.9198177151905
LENZIE_GNODE121,GEN,NV,36.38557441097481,-114.91981771531873
LENZIE_GNODE201,GEN,NV,36.385511062051236,-114.91989640549805
LENZIE_GNODE211,GEN,NV,36.38549591235815,-114.92000608741525
LENZIE_GNODE221,GEN,NV,36.38552694162597,-114.9201104840292
LENZIE_LNODE11,LOAD,NV,36.38559228054181,-114.92018662211137
LENZIE_LNODE12,LOAD,NV,36.38567694987828,-114.92022299220741
LENZIE_LNODE21,LOAD,NV,36.38576640505387,-114.92021691244678
LENZIE_LNODE22,LOAD,NV,36.385848352245866,-114.92017193888466
LEONJCT_1_XF1LNODE,LOAD,AVA,46.5325,-117.0398
LEPRINO_1_N001,LOAD,CA,37.748396,-121.41576
LERDO_1_N001,LOAD,CA,35.50010399998744,-119.15188082156193
LERDO_1_N004,LOAD,CA,35.50010399998744,-119.15199117843807
LEWIS_LNODE-2,LOAD,NV,40.881922,-118.67695
LEWMILRD_1_13_1LNODE,LOAD,AVA,46.4243,-116.9785
LEWSR_BP_LNODEFMR,LOAD,BPAT,45.9288,-122.7227
LEX_LNODEIE1,LOAD,APS,36.807302,-111.454664
LEYENDKR_LNODENDKR,LOAD,PNM,35.13108482,-106.5717934
LFN_GNODELUK,GEN,APS,33.53786586716233,-112.358627
LFN_LNODE10A,LOAD,APS,33.53778506640623,-112.35857103225057
LFN_LNODER2A,LOAD,APS,33.53778506640623,-112.35868296774943
LGPR_GNODEPLT,GEN,IPCO,43.903830331780824,-116.82008694226354
LGPR_GNODESTG,GEN,IPCO,43.903861652788216,-116.82020468495735
LGY_LNODEXF1,LOAD,PSE,47.993333,-122.397778
LG_LNODE13A,LOAD,APS,32.600600658745414,-114.73592557334408
LG_LNODER1A,LOAD,APS,32.60042134116471,-114.7359255735571
LG_LNODER5A,LOAD,APS,32.60042134116471,-114.73613842644289
LG_LNODER9A,LOAD,APS,32.600600658745414,-114.73613842665591
LHL_LNODEXF2,LOAD,PSE,47.616667,-122.1225
LH_LNODE10A,LOAD,APS,33.485125,-112.360232
LH_LNODE12A,LOAD,APS,33.48512499995357,-112.36012440514888
LH_LNODE13A,LOAD,APS,33.485035262718135,-112.36012440526036
LH_LNODE14A,LOAD,APS,33.48497180895296,-112.36020048625346
LH_LNODER1A,LOAD,APS,33.48495663419057,-112.36030653138313
LH_LNODER2A,LOAD,APS,33.48498771482039,-112.36040746645098
LH_LNODER4A,LOAD,APS,33.4850531618804,-112.36048107995458
LH_LNODER6A,LOAD,APS,33.485137971345516,-112.36051624407068
LIBBY_2_G01GNODE,GEN,BPAT,48.394558,-115.307257
LIBBY_2_G02GNODE,GEN,BPAT,48.39455799992115,-115.3071220454365
LIBBY_2_G03GNODE,GEN,BPAT,48.39446839054285,-115.307257
LIBBY_2_G04GNODE,GEN,BPAT,48.39455799992115,-115.3073919545635
LIBBY_2_G05GNODE,GEN,BPAT,48.39464760945719,-115.30725699999999
LIBRTYLK_1_1LNODE,LOAD,AVA,47.67259999998052,-117.10733303048642
LIBRTYLK_1_2LNODE,LOAD,AVA,47.67259999998052,-117.10746696951358
LIBYP_BP_LNODEXF1,LOAD,BPAT,48.40325860503022,-115.54866402890246
LIBYP_BP_LNODEXF2,LOAD,BPAT,48.40307939481189,-115.548664029378
LIBYP_BP_LNODEXF3,LOAD,BPAT,48.40307939481189,-115.54893397062199
LIBYT_BP_LNODESS,LOAD,BPAT,48.40325860503022,-115.54893397109754
LIB_LNODEB_1,LOAD,EPE,31.83029444443327,-106.31581353089241
LIB_LNODEB_2,LOAD,EPE,31.83029444443327,-106.31591980244092
LIDFORD_FDR1LNODE,LOAD,TPWR,47.22393042783744,-122.35541684835519
LIDFORD_FDR2LNODE,LOAD,TPWR,47.223749572008295,-122.35541684880945
LIDFORD_FDR3LNODE,LOAD,TPWR,47.223749572008295,-122.35568315119055
LIDFORD_FDR4LNODE,LOAD,TPWR,47.22393042783744,-122.35568315164481
LIGHTDOC_1_LIGHTNINGDGEOGNODE,GEN,PNM,31.763441,-108.538589
LILAC_6_N001,LOAD,CA,33.25325899998847,-117.08580343192692
LILAC_6_N010,LOAD,CA,33.25325899998847,-117.08591056807307
LIMESTNE_6_N001,LOAD,CA,38.63377399998596,-120.97960448884528
LINCOLNT_BK3LNODE,LOAD,TPWR,47.25632830698488,-122.4019033884456
LINCOLNT_FDR1LNODE,LOAD,TPWR,47.25624999992279,-122.40183677708822
LINCOLNT_FDR2LNODE,LOAD,TPWR,47.25617169297655,-122.40190338864262
LINCOLNT_FDR3LNODE,LOAD,TPWR,47.25617169297655,-122.40203661135737
LINCOLNT_FDR4LNODE,LOAD,TPWR,47.25624999992279,-122.40210322291178
LINCOLN_LNODEK1,LOAD,NV,36.21717299998714,-115.08374450959238
LINCOLN_LNODEK2,LOAD,NV,36.21717299998714,-115.08385549040763
LINCON_LNODECRZ,LOAD,BANC,37.63940356621228,-120.91986779722644
LINCON_LNODEFCN,LOAD,BANC,37.639339619957,-120.91994855081084
LINDELL_LNODE-1,LOAD,NV,36.14400971833436,-115.215335
LINDELL_LNODE-2,LOAD,NV,36.14392914081906,-115.21527739101109
LINDELL_LNODE-3,LOAD,NV,36.14392914081906,-115.21539260898892
LINDEN_6_N101,LOAD,CA,38.016891,-121.095875
LINDEN_C_2_Z1GNODE,GEN,BPAT,45.777135,-120.80001
LINDETPW_BKLNODE,GEN,TPWR,47.25632830698488,-122.4020366115544
LIND_7_F711LNODE,LOAD,AVA,46.9781,-118.613
LINOX_SR_LNODED21,LOAD,SRP,33.35992236018247,-111.81994633188789
LINOX_SR_LNODED22,LOAD,SRP,33.35992236018247,-111.82005366811211
LINOX_SR_LNODED23,LOAD,SRP,33.35999999995379,-111.82010733631998
LINOX_SR_LNODELD1,LOAD,SRP,33.36007763979444,-111.82005366820786
LIN_SOLR_1_SOLARGNODE,GEN,AVA,46.9811,-118.614859
LIONM_BP_LNODEMTN,LOAD,BPAT,48.10204988773989,-114.252289
LIONM_BP_LNODERES,LOAD,BPAT,48.10196905610893,-114.25221911730432
LION_MTN_2_G01GNODE,GEN,BPAT,48.10196905610893,-114.25235888269567
LIQ_LNODEXF1,LOAD,PSE,47.40333299998061,-122.23271124213142
LIQ_LNODEXF2,LOAD,PSE,47.40333299998061,-122.23284475786859
LITEHIPE_6_N001,LOAD,CA,33.88040091918611,-118.17506849549716
LITEHIPE_6_N006,GEN,CA,33.88040091918611,-118.17528550450285
LITEHIPE_6_N008,LOAD,CA,33.88058108071875,-118.17528550473195
LITGO_BP_LNODEITA,LOAD,BPAT,46.581893,-118.052944
LITGO_BP_LNODERIA,LOAD,BPAT,46.58189299992499,-118.05281277176552
LITTHARQ_1_CAPCHILDGNODE,GEN,WALC,33.600107,-113.634945
LITTLEFL_1_1GNODE,GEN,AVA,47.82969005513843,-117.91836585683903
LITTLEFL_1_2GNODE,GEN,AVA,47.829509944705315,-117.91836585730456
LITTLEFL_1_3GNODE,GEN,AVA,47.829509944705315,-117.91863414269544
LITTLEFL_1_4GNODE,GEN,AVA,47.82969005513843,-117.91863414316097
LITTLEFL_1_XF3LNODE,LOAD,AVA,47.83,-117.9194
LITTLERK_6_N016,GEN,CA,34.616705,-117.915777
LIT_GOOS_5_G01GNODE,GEN,BPAT,46.58180280451629,-118.05281277198382
LIT_GOOS_5_G02GNODE,GEN,BPAT,46.581739026799696,-118.05290556424916
LIT_GOOS_5_G03GNODE,GEN,BPAT,46.58172377454808,-118.05303490221516
LIT_GOOS_5_G04GNODE,GEN,BPAT,46.58175501380522,-118.05315800773577
LIT_GOOS_5_G05GNODE,GEN,BPAT,46.58182079494335,-118.05324779061756
LIT_GOOS_5_G06GNODE,GEN,BPAT,46.58190603737599,-118.05329067877278
LIVERMRE_6_N001,LOAD,CA,37.68013099998621,-121.78059286544908
LIVERMRE_6_N003,LOAD,CA,37.68013099998621,-121.78070713455092
LIVNGSTN_6_N001,LOAD,CA,37.363379203022006,-120.760425
LIV_NS_LNODEK1L,LOAD,NWMT,45.675124,-110.550262
LIV_WS_LNODEK2L,LOAD,NWMT,45.65674399998212,-110.57320694725469
LIV_WS_LNODEK3L,LOAD,NWMT,45.65674399998212,-110.5733350527453
LKHODG1_7_N002,GEN,CA,33.05861099998858,-117.11939058536105
LKHODG2_7_N002,GEN,CA,33.05861099998858,-117.11949741463896
LK_LNODE10A,LOAD,APS,33.643679,-112.06065
LK_LNODE12A,LOAD,APS,33.6436789999531,-112.06054205019467
LK_LNODE13A,LOAD,APS,33.643589131834624,-112.06054205030735
LK_LNODE14A,LOAD,APS,33.64352558552153,-112.06061838229039
LK_LNODER1A,LOAD,APS,33.64351038862641,-112.06072477726025
LK_LNODER2A,LOAD,APS,33.64354151458699,-112.06082604531076
LK_LNODER4A,LOAD,APS,33.643607057101605,-112.06089990166504
LK_LNODER6A,LOAD,APS,33.643691990261935,-112.06093518178902
LLAGAS_1_N001,LOAD,CA,37.006958040367174,-121.557391
LLAGAS_1_N003,LOAD,CA,37.00687697980194,-121.55733239433584
LLAGAS_1_N005,LOAD,CA,37.00687697980194,-121.55744960566416
LLDD_LNODEDLD,LOAD,PGE,45.037,-122.794
LLL_LNODELNL,GEN,BANC,37.68718,-121.70592
LLND_LNODEBR1,LOAD,PGE,45.29139,-122.5642
LLS_LNODEXF1,LOAD,PSE,48.718611,-122.354167
LLT_LNODEXF1,LOAD,PSE,47.768333,-122.115278
LLV_LNODE-1,LOAD,NV,36.0847589999873,-114.93928860655183
LLV_LNODE-2,LOAD,NV,36.0847589999873,-114.93939939344817
LL_LNODE10A,LOAD,APS,33.441673,-112.078304
LL_LNODE11A,LOAD,APS,33.44167299995366,-112.07819649751279
LL_LNODE12A,LOAD,APS,33.44158329479773,-112.07819649762395
LL_LNODE15A,LOAD,APS,33.44151986371602,-112.07827251330608
LL_LNODE16A,LOAD,APS,33.441504694378324,-112.07837846740257
LL_LNODE17A,LOAD,APS,33.44153576389758,-112.07847931582381
LL_LNODE23A,LOAD,APS,33.44160118756172,-112.07855286613437
LL_LNODE24A,LOAD,APS,33.44168596670917,-112.07858800006362
LL_LNODE25A,LOAD,APS,33.4417755378921,-112.07858212690773
LL_LNODE41A,LOAD,APS,33.44185759134604,-112.07853868187712
LL_LNODE42A,LOAD,APS,33.44192286787411,-112.07846494378111
LL_LNODE43A,LOAD,APS,33.4419653369416,-112.0783702518854
LL_LNODE48A,LOAD,APS,33.441982005560874,-112.0782646212277
LL_LNODE49A,LOAD,APS,33.44197251979194,-112.07815772108886
LL_LNODE50A,LOAD,APS,33.44193866583428,-112.0780581676741
LL_LNODE54A,LOAD,APS,33.441883841408,-112.07797307866744
LL_LNODE55A,LOAD,APS,33.44181254327915,-112.07790783908418
LL_LNODE56A,LOAD,APS,33.44172989942434,-112.0778660321458
LL_LNODE61A,LOAD,APS,33.441641262092716,-112.07784949431729
LL_LNODE62A,LOAD,APS,33.441551869412265,-112.0778584593913
LL_LNODE63A,LOAD,APS,33.44146657719401,-112.07789176213028
LL_LNODER2A,LOAD,APS,33.44138965850921,-112.0779470772431
LL_LNODER3A,LOAD,APS,33.441324665950944,-112.07802117425146
LL_LNODER4A,LOAD,APS,33.44127434987402,-112.07811017304081
LL_LNODER9A,LOAD,APS,33.44124062505165,-112.07820978858095
LMC_LNODEXF2,LOAD,PSE,47.484444,-122.076111
LMD_LNODEXF1,LOAD,PSE,47.388333,-122.1625
LMEC1_1_N001,LOAD,CA,38.030625,-121.896783
LMEC1_1_N101,LOAD,CA,38.03062499994427,-121.89666830800388
LMEC1_1_N601,LOAD,CA,38.0305346591732,-121.89666830814532
LMEC1_1_N801,LOAD,CA,38.03047077865233,-121.89674940756281
LMECCT1_7_B1,GEN,CA,38.03045550182725,-121.89686244757443
LMECCT1_7_N001,LOAD,CA,38.0304867914731,-121.89697004046927
LMECCT2_7_B1,GEN,CA,38.030552678679065,-121.89704850966314
LMECCT2_7_N001,LOAD,CA,38.03063805852326,-121.89708599331652
LMECST1_7_B1,GEN,CA,38.03072826437463,-121.8970797274369
LMECST1_7_N001,LOAD,CA,38.03081089924409,-121.89703337694175
LMPC-CTY_1_N001,LOAD,CA,34.6,-120.39
LMPR_GNODE001,GEN,IPCO,42.865304,-114.906034
LMWP_GNODEMWP,GEN,IPCO,44.400408,-117.26822
LNCSTR_7_NODE1,GEN,CA,34.7306,-118.135
LNDRS_FK_LNODEK1L,LOAD,NWMT,46.977871,-112.552313
LND_LNODE1,LOAD,PSE,48.465556,-122.553889
LNGVW_BP_LNODEISS,LOAD,BPAT,46.139336,-122.993874
LNL_GNODET,GEN,BANC,38.984727,-120.327931
LNQUIST_LNODE-1,LOAD,NV,36.073522,-114.956379
LNSG_LNODE011A,LOAD,IPCO,43.69,-116.46
LNSG_LNODE012A,LOAD,IPCO,43.689999999931885,-116.45987503374737
LNSG_LNODE013A,LOAD,IPCO,43.68990963836967,-116.45987503393565
LNSG_LNODE014A,LOAD,IPCO,43.68984574315845,-116.45996339832615
LNSG_LNODE015A,LOAD,IPCO,43.68983046281265,-116.46008656454593
LNSG_LNODE016A,LOAD,IPCO,43.689861759632684,-116.46020379570984
LNSG_LNODE017A,LOAD,IPCO,43.68992766196869,-116.46028929429693
LNSG_LNODE018A,LOAD,IPCO,43.6900130614423,-116.46033013586053
LNTS_LNODEBK1,LOAD,PGE,45.47642999998223,-122.55827015565403
LNTS_LNODEWR3,LOAD,PGE,45.47642999998223,-122.55839784434596
LN_LNODE33A,LOAD,APS,33.442483,-112.077052
LN_LNODE34A,LOAD,APS,33.44248299995365,-112.0769444958146
LN_LNODE36A,LOAD,APS,33.44239329421817,-112.07694449592576
LN_LNODE37A,LOAD,APS,33.44232986272668,-112.07702051280869
LN_LNODE38A,LOAD,APS,33.44231469329102,-112.07712646857892
LN_LNODE41A,LOAD,APS,33.44234576301103,-112.07722731859324
LN_LNODE42A,LOAD,APS,33.44241118709779,-112.07730087006567
LN_LNODE44A,LOAD,APS,33.44249596679287,-112.07733600454992
LN_LNODE45A,LOAD,APS,33.44258553855449,-112.07733013130128
LN_LNODE46A,LOAD,APS,33.442667592538534,-112.07728668558437
LOCKFORD_7_N003,GEN,CA,38.136356,-121.148775
LOCKFORD_7_N004,GEN,CA,38.120278,-121.132778
LOCKHD1_1_N001,LOAD,CA,37.409054,-122.03213
LOCKHD2_1_N001,LOAD,CA,37.416224,-122.030655
LOCKWD_R_LNODEOAD,LOAD,NWMT,45.811977,-108.414394
LOCUST_1_1LNODE,LOAD,AVA,47.67370933320181,-117.2774697271922
LODI25CT_7_B1,GEN,CA,38.72860599998584,-121.30299653662678
LODICTG_7_B1,GEN,CA,38.08805599998605,-121.3874426308166
LODISTG_7_B1,GEN,CA,38.08805599998605,-121.3875573691834
LOGANCR_2_N001,LOAD,CA,39.53955399998549,-122.26277291112409
LOGANCR_2_N010,LOAD,CA,39.53955399998549,-122.26288908887592
LOL2_7_111GNODE,GEN,IPCO,43.459682789072694,-116.29400771840518
LOLO_1_3LNODE,LOAD,AVA,46.3571,-116.9154
LOLO_LNODEK1L,LOAD,NWMT,46.759176,-114.075215
LOL_LNODEXF2,LOAD,PSE,47.504722,-122.589167
LOMAS_LNODES125,LOAD,PNM,35.09059999998749,-106.64694488042684
LOMAS_LNODES126,LOAD,PNM,35.09059999998749,-106.64705511957315
LONEBUTT_LNODEKSUB,LOAD,WALC,33.14572,-111.594848
LONEMESA_7_CASAMEBATTGNODE,GEN,PNM,34.65052168608005,-104.01445496306003
LONEMESA_7_CASAMESAWFGNODE,GEN,PNM,34.65059999995065,-104.01450992622391
LONEMTN_LNODE-2,LOAD,NV,40.203163999985,-118.51829400544781
LONEMTN_LNODEBK1,LOAD,NV,40.203163999985,-118.5184119945522
LONEMT_LNODE18,LOAD,NV,36.220392,-115.309012
LONESTAR_1_N001,LOAD,CA,37.511676999986356,-122.20756301431467
LONE_MTN_LNODEK1L,LOAD,NWMT,45.293055,-111.40588
LONE_MTN_LNODEK2L,LOAD,NWMT,45.29319,-111.405971
LONGLAKE_1_1GNODE,GEN,AVA,47.8359,-117.8422
LONGLAKE_1_2GNODE,GEN,AVA,47.835899999921864,-117.84206584919696
LONGLAKE_1_3GNODE,GEN,AVA,47.83580995042976,-117.8422
LONGLAKE_1_4GNODE,GEN,AVA,47.835899999921864,-117.84233415080304
LONGLK13_1_1LNODE,LOAD,AVA,47.83599004957028,-117.8422
LON_LNODEXF2,LOAD,PSE,46.917778,-122.565556
LOOKOTPT_1_G01GNODE,GEN,BPAT,43.91560743284403,-122.7575554618852
LOOKOTPT_1_G02GNODE,GEN,BPAT,43.91542656701854,-122.75755546226677
LOOKOTPT_1_G03GNODE,GEN,BPAT,43.91542656701854,-122.75780653773323
LOOKO_BP_LNODESS,LOAD,BPAT,43.91560743284403,-122.75780653811479
LOONLAKE_1_BPAT_LOONLAKELNODE,LOAD,AVA,48.0903,-117.6293
LOONL_BP_LNODEAKE,LOAD,BPAT,48.090346,-117.629526
LOPEZ_BP_LNODE113,LOAD,BPAT,48.492403,-122.865057
LOPEZ_BP_LNODEAYH,LOAD,BPAT,48.49240299992087,-122.86492184947002
LOPEZ_BP_LNODEPEZ,LOAD,BPAT,48.49231343312881,-122.865057
LOPEZ_BP_LNODESS1,LOAD,BPAT,48.49240299992087,-122.86519215052998
LOPEZ_BP_LNODEWIS,LOAD,BPAT,48.49249256687113,-122.865057
LOR-BOR_6_N002,GEN,CA,35.588069,-118.524804
LORDBURG_1_GEN1GTGNODE,GEN,PNM,32.35682099998887,-106.7894978206245
LORDBURG_1_GEN2GTGNODE,GEN,PNM,32.35682099998887,-106.7896041793755
LORENZI_LNODE-1,LOAD,NV,36.23645472452126,-115.241438
LORENZI_LNODE-2,LOAD,NV,36.23637413772554,-115.24138031632324
LORENZI_LNODE-3,LOAD,NV,36.23637413772554,-115.24149568367676
LOSALTS_6_N004,LOAD,CA,37.3939352129738,-122.114735
LOSALTS_6_N005,LOAD,CA,37.393853893498445,-122.11467590496156
LOSALTS_6_N101,LOAD,CA,37.393853893498445,-122.11479409503845
LOSCCHS_6_N001,LOAD,CA,32.85981772690813,-116.899263
LOSCOCHS_6_N001,LOAD,CA,32.85973713653372,-116.89920760858072
LOSCOCHS_6_N034,LOAD,CA,32.85973713653372,-116.89931839141927
LOSGATS_6_N002,LOAD,CA,37.226423999986494,-121.97722832893687
LOSGATS_6_N201,LOAD,CA,37.226423999986494,-121.97734167106313
LOSMORRO_1_FACEBOOK1PVGNODE,GEN,PNM,34.83299,-106.774307
LOSMORRO_1_LOSLUNASPVGNODE,GEN,PNM,34.830545,-106.771223
LOSMORRO_LNODEROS1,LOAD,PNM,34.87811074998757,-106.75125053536814
LOSMORRO_LNODEROS2,LOAD,PNM,34.87811074998757,-106.75136066463186
LOSOSTS_6_N001,LOAD,CA,36.293864,-121.20007
LOSREALS_LNODEC32,LOAD,TEPC,32.11660799998905,-110.75674983404144
LOSREALS_LNODEDIST1,LOAD,TEPC,32.11660799998905,-110.75685616595855
LOSTHORZ_1_FACEBOOK2PVGNODE,GEN,PNM,35.077253999987555,-106.86276188301626
LOSTHORZ_1_FACEBOOK3PVGNODE,GEN,PNM,35.077253999987555,-106.86287211698374
LOSTHORZ_1_SANTOLINAPVGNODE,GEN,PNM,35.01279,-106.856336
LOSTHORZ_LNODEHORZ,LOAD,PNM,35.05322035,-106.8577082
LOVELAND_6_N001,LOAD,CA,32.796957,-116.792258
LOVELOCK_LNODEBK1,LOAD,NV,40.1750300906577,-118.48104609213482
LOVELOCK_LNODEBK2,LOAD,NV,40.17484990922268,-118.48104609244788
LOVELOCK_LNODEBK3,LOAD,NV,40.17484990922268,-118.4812819075521
LOVELOCK_LNODELN,LOAD,NV,40.1750300906577,-118.48128190786517
LOWETH_LNODEOAD,LOAD,NWMT,46.3703,-110.706795
LOWGAP1_1_N004,GEN,CA,40.484617,-123.588011
LOWGAP_7_N001,LOAD,CA,40.4327289999849,-123.47220368717633
LOWGAP_7_N002,GEN,CA,40.4327289999849,-123.47232231282366
LOW_GRAN_5_G01GNODE,GEN,BPAT,46.652,-117.42
LOW_GRAN_5_G02GNODE,GEN,BPAT,46.651762,-117.420148
LOW_GRAN_5_G03GNODE,GEN,BPAT,46.65176199992465,-117.42001652398035
LOW_GRAN_5_G04GNODE,GEN,BPAT,46.6516717508066,-117.420148
LOW_GRAN_5_G05GNODE,GEN,BPAT,46.65176199992465,-117.42027947601964
LOW_GRAN_5_G06GNODE,GEN,BPAT,46.651852249193276,-117.420148
LOW_MON_5_G01GNODE,GEN,BPAT,46.550517089303874,-118.54447744245422
LOW_MON_5_G02GNODE,GEN,BPAT,46.55043899992512,-118.54441188509709
LOW_MON_5_G03GNODE,GEN,BPAT,46.55036091065873,-118.54447744264286
LOW_MON_5_G04GNODE,GEN,BPAT,46.55036091065873,-118.54460855735714
LOW_MON_5_G05GNODE,GEN,BPAT,46.55043899992512,-118.54467411490292
LOW_MON_5_G06GNODE,GEN,BPAT,46.550517089303874,-118.54460855754577
LOYALTON_GNODEIT,GEN,NV,39.6680639999855,-120.24293975654948
LOYALTON_LNODETY,LOAD,NV,39.6680639999855,-120.24305624345052
LOYOLA_6_N001,LOAD,CA,37.360660999986344,-122.09993417231678
LOYOLA_6_N004,LOAD,CA,37.360660999986344,-122.10004782768323
LPFLKBD_6_N001,LOAD,CA,40.90531287003298,-124.07263517372719
LPSAMOA_7_N002,GEN,CA,40.82,-124.184722
LP_LNODE10A,LOAD,APS,33.65591787875324,-112.05569202201157
LP_LNODE12A,LOAD,APS,33.65573812115287,-112.05569202223712
LP_LNODE13A,LOAD,APS,33.65573812115287,-112.05590797776287
LP_LNODER9A,LOAD,APS,33.65591787875324,-112.05590797798843
LR_LNODEM11,LOAD,APS,33.36383999998848,-112.72827632805216
LR_LNODEMR3,LOAD,APS,33.36383999998848,-112.72838367194784
LSCM92_7_N005,GEN,CA,35.786389,-114.962778
LSGLLNS_1_N001,LOAD,CA,38.022339207228725,-122.537978
LSGLLNS_1_N002,LOAD,CA,38.0222578963706,-122.53791840805536
LSGLLNS_1_N003,LOAD,CA,38.0222578963706,-122.53803759194464
LSPR_GNODE011,GEN,IPCO,42.84181027999141,-114.90367438215623
LSPR_GNODE012,GEN,IPCO,42.84182694536848,-114.90355419437707
LSPR_GNODE013,GEN,IPCO,42.841817461415076,-114.90343256216906
LSPR_GNODE014,GEN,IPCO,42.84178361398845,-114.90331928919052
LSPSTAS_2_N001,LOAD,CA,37.700982436898656,-121.73360569835381
LSPSTAS_2_N002,LOAD,CA,37.70080156299109,-121.73360569863272
LSPSTAS_2_N010,LOAD,CA,37.70080156299109,-121.7338343013673
LSPSTAS_2_N011,LOAD,CA,37.700982436898656,-121.73383430164618
LSTCR_PH_1_G01GNODE,GEN,BPAT,42.671559999983856,-122.67672907511017
LSTCR_PH_1_G02GNODE,GEN,BPAT,42.671559999983856,-122.67685092488982
LSTHLLS_6_N001,LOAD,CA,35.785755,-119.866138
LT10_7_111GNODE,GEN,IPCO,43.45961900042337,-116.29409559880206
LTA_LNODEXF1,LOAD,PSE,47.226111,-122.143611
LTBERA03_7_N001,GEN,CA,36.71280799998685,-120.40539198619517
LTBERA04_7_N001,GEN,CA,36.71280799998685,-120.40550401380483
LTBERA05_7_N002,GEN,CA,36.709229,-120.414753
LTBERA06_7_N003,GEN,CA,36.709484,-120.396675
LTLWAL_P_LNODEOAD,LOAD,NWMT,46.623745,-108.154998
LUCERNE_1_N001,LOAD,CA,39.110189,-122.81298
LUCERNE_1_N004,LOAD,CA,39.11,-122.81
LUCKYFRI_1_1LNODE,LOAD,AVA,47.4714,-115.7854
LUH_LNODEXF1,LOAD,PSE,47.096944,-122.738889
LUIS#3_1_N001,LOAD,CA,36.65,-120.73
LUIS#5_1_N001,LOAD,CA,36.72,-120.75
LUNA_3_LEFGNODE,GEN,PNM,35.171641135599224,-106.60192473289774
LUNA_3_PNMGNODE,GEN,PNM,32.29965393685279,-107.7832
LUNA_3_SCGNODE,GEN,PNM,32.299573031561806,-107.78314473846726
LUNA_LNODELD1,LOAD,SRP,33.35479935235367,-111.59733967383548
LUNA_LNODELD2,LOAD,SRP,33.35473596196978,-111.5974155649171
LUNA_LNODELD3,LOAD,SRP,33.35472080236499,-111.59752134534028
LUNA_LNODELD4,LOAD,SRP,33.35475185195012,-111.59762202845688
LUNDHILL_2_LHSGNODE,GEN,AVRN,45.8953748808186,-120.288851525604
LUTHER_R_LNODEOAD,LOAD,NWMT,45.2299,-109.351583
LUZ8G_7_B1,GEN,CA,35.34,-117.13
LUZ9G_7_B1,GEN,CA,35.35,-117.09
LVCOGEN_GNODE 1,GEN,NV,36.231958724008216,-115.121969
LVCOGEN_GNODE 2,GEN,NV,36.23187813798197,-115.1219113201909
LVCOGEN_GNODE 3,GEN,NV,36.23187813798197,-115.1220266798091
LVNGSTN_7_N002,LOAD,CA,37.36329789847426,-120.76036593987695
LV_LNODE10A,LOAD,APS,33.610354,-112.146478
LV_LNODE12A,LOAD,APS,33.61035399995317,-112.14637012668278
LV_LNODE14A,LOAD,APS,33.61026416076516,-112.1463701267952
LV_LNODE18A,LOAD,APS,33.610200634908956,-112.14644640469311
LV_LNODE20A,LOAD,APS,33.61018544290609,-112.14655272427686
LV_LNODE21A,LOAD,APS,33.61021655884672,-112.14665392057385
LV_LNODE22A,LOAD,APS,33.61028208026194,-112.1467277245969
LV_LNODER9A,LOAD,APS,33.610366986080614,-112.14676297972267
LWRA_7_111GNODE,GEN,IPCO,43.459603745561935,-116.29421809041195
LWRV_7_111GNODE,GEN,IPCO,43.45963499018747,-116.29433467947271
LWR_DK_C_LNODEOAD,LOAD,NWMT,45.782424,-110.171509
LWR_WD_C_LNODEOAD,LOAD,NWMT,46.65,-114.036223
LWS_LNODEXF1,LOAD,PSE,47.386389,-122.061389
LWTWN_BD_LNODEK1L,LOAD,NWMT,47.07050699998088,-109.4243566113229
LWTWN_BD_LNODEK2L,LOAD,NWMT,47.07050699998088,-109.4244893886771
LWTWN_N1_LNODEOAD,LOAD,NWMT,47.058652,-109.413287
LW_LNODEQ1L,LOAD,APS,35.302875,-111.094908
LX_LNODER3A,LOAD,APS,34.92397199998755,-110.16634892070807
LX_LNODER5A,LOAD,APS,34.92397199998755,-110.16645907929191
LYNCH_BP_LNODEHOP,LOAD,BPAT,46.87649499998095,-122.28607988967187
LYNCH_BP_LNODEVLE,LOAD,BPAT,46.87649499998095,-122.28621211032814
LYNNWOOD_LNODE-1,LOAD,NV,36.14074599998724,-115.14910156802428
LYNNWOOD_LNODE-2,LOAD,NV,36.14074599998724,-115.14921243197573
LYN_LNODEXF1,LOAD,PSE,48.94511299997991,-122.44643879931346
LYN_LNODEXF2,LOAD,PSE,48.94511299997991,-122.44657520068654
LYON_STD_1_1LNODE,LOAD,AVA,47.7189999999805,-117.40013299933318
LYON_STD_1_2LNODE,LOAD,AVA,47.7189999999805,-117.40026700066682
LYOTH-SP_6_N001,LOAD,CA,37.721862,-121.390858
LYO_LNODEXF1,LOAD,PSE,47.420833,-122.104167
LYPK_GNODEN31,GEN,IPCO,43.52835415740669,-116.058657
LYPK_GNODEN32,GEN,IPCO,43.52827292127847,-116.05859231110198
LYPK_GNODEN33,GEN,IPCO,43.52827292127847,-116.05872168889802
LYTNVLLE_6_N001,LOAD,CA,39.684962,-123.476979
LY_LNODE10A,LOAD,APS,34.61768443363389,-112.30670611183255
LY_LNODE14A,LOAD,APS,34.61750356626761,-112.30670611207202
LY_LNODER2A,LOAD,APS,34.61750356626761,-112.30692588792797
LY_LNODER6A,LOAD,APS,34.61768443363389,-112.30692588816744
MABTON_LNODENRE,LOAD,BPAT,46.199536,-119.972027
MABURY_1_N001,LOAD,CA,37.36089599998639,-121.86395517205479
MABURY_6_N001,LOAD,CA,37.36089599998639,-121.86406882794522
MACHACEK_LNODE60,LOAD,NV,39.544936,-115.973748
MACHG_BP_LNODEMAC,LOAD,BPAT,45.62924,-122.624041
MADIGAN_BKLNODE,LOAD,TPWR,47.1119,-122.56294
MADISON_1_MDSNGNODE,GEN,NWMT,45.487869,-111.633746
MADISON_1_N002,LOAD,CA,38.67073989103906,-121.969138
MADISON_1_N201,LOAD,CA,38.67065905446531,-121.9690782228888
MADIS_SR_LNODELD1,LOAD,SRP,33.48991025899839,-111.94989239474351
MADIS_SR_LNODELD3,LOAD,SRP,33.489846802603005,-111.94996848317317
MAGGIECR_LNODE49,LOAD,NV,40.787842,-116.170731
MAGPIE_7_MPSLGNODE,GEN,NWMT,46.292239017554195,-108.93187363569112
MAGUNDEN_1_N002,LOAD,CA,35.36215899998747,-118.92373215922743
MAG_PDS3_LNODE-1,LOAD,NV,36.032425,-114.941262
MAINE-PR_6_N001,LOAD,CA,38.385820999985995,-121.77582145519017
MAIN_PGE_LNODEBR1,LOAD,PGE,45.52272871870385,-122.959007
MAIN_PGE_LNODEBR2,LOAD,PGE,45.52264814062883,-122.95894059984114
MAIN_PGE_LNODEBR3,LOAD,PGE,45.52264814062883,-122.95907340015886
MALAGA_1_N001,LOAD,CA,36.69415479048744,-119.72474601890697
MALAGA_1_N004,LOAD,CA,36.69397520940774,-119.72474601916853
MALAGA_1_N005,LOAD,CA,36.69397520940774,-119.72496998083147
MALAGA_1_N206,LOAD,CA,36.69415479048744,-119.72496998109303
MALCHA_7_B1,GEN,CA,41.135,-121.127778
MALIN_BP_LNODESS1,LOAD,BPAT,42.00672199998421,-121.3173266616812
MALIN_BP_LNODESS2,LOAD,BPAT,42.00672199998421,-121.3174473383188
MALMSTRM_LNODEOAD,LOAD,NWMT,47.518754,-111.180676
MAMMOTH_LNODEOAD,LOAD,NWMT,44.978600232915326,-110.70505947284194
MAMOTH1G_7_B1,GEN,CA,37.23,-119.35
MAMOTH2G_7_B1,GEN,CA,37.23,-119.33
MANCHSTR_1_N001,LOAD,CA,36.78803392229639,-119.787488
MANCHSTR_1_N002,LOAD,CA,36.787953038837564,-119.78742968988867
MANCHSTR_1_N005,LOAD,CA,36.787953038837564,-119.78754631011132
MANDLY1G_7_N002,LOAD,CA,34.207498198093205,-119.249016
MANDLY2G_7_N002,LOAD,CA,34.20741690094034,-119.2489592448821
MANDLY3G_7_N001,LOAD,CA,34.20741690094034,-119.2490727551179
MANOR_SR_LNODELD2,LOAD,SRP,33.331415999988515,-111.87579835964317
MANOR_SR_LNODELD3,LOAD,SRP,33.331415999988515,-111.87590564035683
MANTECA_1_N001,LOAD,CA,37.80151542742815,-121.22356755493873
MANTECA_1_N002,LOAD,CA,37.80133457246114,-121.22356755521895
MANTECA_1_N012,LOAD,CA,37.80133457246114,-121.22379644478104
MANTECA_1_N013,LOAD,CA,37.80151542742815,-121.22379644506127
MANVILLE_1_N001,LOAD,CA,34.53,-120.43
MANZANO_LNODEZANO,LOAD,PNM,34.7004,-106.719
MANZNA_7_N011,GEN,CA,34.92114799998757,-118.41348192156092
MANZNA_7_N012,GEN,CA,34.92114799998757,-118.41359207843908
MAN_LNODEXF1,LOAD,PSE,47.55,-122.568056
MAN_LNODE_10,LOAD,EPE,31.750819902453586,-106.33776076988974
MAN_LNODE_11,LOAD,EPE,31.75074166662281,-106.33770765098035
MAN_LNODE_12,LOAD,EPE,31.750663430857358,-106.33776076997951
MAN_LNODE_13,LOAD,EPE,31.750663430857358,-106.33786700779828
MAN_LNODE_14,LOAD,EPE,31.75074166662281,-106.33792012679743
MAN_LNODE_15,LOAD,EPE,31.750819902453586,-106.33786700788805
MAPLT_BP_LNODEBLC,LOAD,BPAT,44.02250499998278,-123.86312711608042
MAPLT_BP_LNODECLP,LOAD,BPAT,44.02250499998278,-123.86325288391957
MAP_LNODEXF1,LOAD,PSE,47.488056,-122.134167
MARCO_BP_LNODEDR1,LOAD,BPAT,44.170207999982715,-122.877630979877
MARCO_BP_LNODEDR2,LOAD,BPAT,44.170207999982715,-122.877757020123
MARCO_SR_LNODELD2,LOAD,SRP,33.367813793322476,-111.928187
MARCO_SR_LNODELD3,LOAD,SRP,33.36773310332622,-111.92813121846132
MARCO_SR_LNODELD4,LOAD,SRP,33.36773310332622,-111.92824278153869
MARENGO_1_BIG_BENDLNODE,LOAD,AVA,47.0191,-118.1927
MARGARTA_1_N001,LOAD,CA,33.55007578845692,-117.62798626281774
MARGARTA_1_N002,LOAD,CA,33.54989621144975,-117.62798626304166
MARGARTA_1_N008,LOAD,CA,33.54989621144975,-117.62820173695833
MARGARTA_1_N009,LOAD,CA,33.55007578845692,-117.62820173718225
MARICOPA_6_N001,LOAD,CA,35.107547,-119.398151
MARICOPA_LNODE1052,LOAD,WALC,32.5737,-111.5943
MARICOPA_LNODE1222,LOAD,WALC,32.573699999954904,-111.59419358462944
MARICOPA_LNODE1322,LOAD,WALC,32.57362233812872,-111.59424679236079
MARICOPA_LNODE1522,LOAD,WALC,32.57362233812872,-111.5943532076392
MARICOPA_LNODE3852,LOAD,WALC,32.573699999954904,-111.59440641537057
MARICOPA_LNODE3952,LOAD,WALC,32.57377766184927,-111.59435320773136
MARICOPA_LNODECB114,LOAD,WALC,32.57377766184927,-111.59424679226863
MARIGLD_LNODE20,LOAD,NV,40.751727,-117.149282
MARIPOS2_6_N001,LOAD,CA,37.50445799998627,-120.00773602136582
MARIPOS2_6_N003,LOAD,CA,37.50445799998627,-120.00784997863418
MARIPOSA_LNODEPOSA,LOAD,PNM,35.15363302,-106.6971823
MARLE_SR_LNODELD2,LOAD,SRP,33.53035999998831,-112.09494915323218
MARLE_SR_LNODELD3,LOAD,SRP,33.53035999998831,-112.09505684676782
MARLY_SR_LNODELD2,LOAD,SRP,33.294083,-112.099873
MARPOS_LNODEKSA,LOAD,BANC,37.63932432741219,-120.92006110878681
MARPOS_LNODENOX,LOAD,BANC,37.63935564925701,-120.92016824287315
MARQUEZ_1_CIBOLAPVGNODE,GEN,PNM,35.25692,-107.250976
MARQUEZ_LNODEQUEZ,LOAD,PNM,35.2765,-107.266
MARSHALL_LNODEDR1,LOAD,TIDC,37.43587720766,-121.132527674588
MARSHALL_LNODEDR2,LOAD,TIDC,37.4358760484777,-121.13220043951
MARSHALL_LNODEDR3,LOAD,TIDC,37.4358798082574,-121.132682875263
MARSHALL_LNODEDR4,LOAD,TIDC,37.4358789493306,-121.132046059332
MARSHALL_LNODEDR5,LOAD,TIDC,37.4358787251639,-121.131895544498
MARSHALL_LNODER8C,LOAD,TIDC,37.435876146414,-121.132374308977
MARTELL_6_N001,LOAD,CA,38.369191999986,-120.79669245138386
MARTINC_1_GN001,GEN,CA,37.750894,-122.481758
MARTINEZ_1_N001,LOAD,CA,38.02,-122.16
MARVEL_7_NBT3,GEN,CA,33.9295,-116.572
MARYV_SR_LNODELD3,LOAD,SRP,33.50991099998833,-112.17705517568733
MARYV_SR_LNODELD4,LOAD,SRP,33.50991099998833,-112.17716282431267
MAR_LNODER_4,LOAD,EPE,32.633516666666665,-106.32977777777778
MASCH_SC_LNODE344,LOAD,SCL,47.588708,-122.33595
MASCH_SC_LNODE346,LOAD,SCL,47.5887079999222,-122.33581618012026
MASCH_SC_LNODE348,LOAD,SCL,47.588617745383914,-122.33581618035102
MASCH_SC_LNODE349,LOAD,SCL,47.58855392585887,-122.33591080518006
MASCH_SC_LNODE350,LOAD,SCL,47.588538663607196,-122.33604269744549
MASCH_SC_LNODE351,LOAD,SCL,47.58856992333789,-122.33616823418498
MASCH_SC_LNODE352,LOAD,SCL,47.58863574759299,-122.33625979020702
MASCH_SC_LNODE353,LOAD,SCL,47.58872104590385,-122.33630352538476
MASCH_SC_LNODE354,LOAD,SCL,47.5888111656576,-122.33629621467547
MASCH_SC_LNODE355,LOAD,SCL,47.588893721692706,-122.33624213412646
MASCH_SC_LNODE356,LOAD,SCL,47.58895939807318,-122.33615034437727
MASCH_SC_LNODE357,LOAD,SCL,47.5890021272925,-122.33603247101547
MASCH_SC_LNODE358,LOAD,SCL,47.58901889800328,-122.33590098090059
MASCH_SC_LNODE359,LOAD,SCL,47.589009354086976,-122.33576791052529
MASON_BP_LNODENPD,LOAD,BPAT,47.20992,-123.100217
MAUPIN_LNODESSA,LOAD,BPAT,45.193916,-121.035702
MAWP_GNODEAWP,GEN,IPCO,43.0667,-115.3875
MAXM_LNODEIM1,LOAD,PGE,45.50077999998226,-122.82762713007024
MAXM_LNODEIM2,LOAD,PGE,45.50077999998226,-122.82775486992976
MAYFAIR_LNODE-1,LOAD,NV,36.159844531179054,-115.13386110811332
MAYFAIR_LNODE-2,LOAD,NV,36.159665468718636,-115.13386110836659
MAYFAIR_LNODE-3,LOAD,NV,36.159665468718636,-115.13408289163341
MAYFAIR_LNODE-4,LOAD,NV,36.159844531179054,-115.13408289188668
MAYFIELD_7_G41GNODE,GEN,TPWR,46.50492013127107,-122.59179905076822
MAYFIELD_7_G42GNODE,GEN,TPWR,46.50473986857953,-122.59179905120243
MAYFIELD_7_G43GNODE,GEN,TPWR,46.50473986857953,-122.59206094879757
MAYFIELD_7_G44GNODE,GEN,TPWR,46.50492013127107,-122.5920609492318
MAYFLOWR_LNODEOAD,LOAD,NWMT,45.79301,-112.001371
MAYVI_BP_LNODEIEW,LOAD,BPAT,46.550254,-117.661986
MA_LNODE10A,LOAD,APS,32.661026615833734,-114.58017677194844
MA_LNODE12A,LOAD,APS,32.66094899995533,-114.58012354398934
MA_LNODE14A,LOAD,APS,32.66087138414339,-114.58017677204089
MA_LNODER2A,LOAD,APS,32.66087138414339,-114.5802832279591
MA_LNODER4A,LOAD,APS,32.66094899995533,-114.58033645601066
MA_LNODER6A,LOAD,APS,32.661026615833734,-114.58028322805156
MCAL_LNODE131,LOAD,IPCO,44.91267499998244,-116.12468856046206
MCAL_LNODE33A,LOAD,IPCO,44.91267499998244,-116.12481543953794
MCANLSCL_1_GEN160GNODE,GEN,SCL,47.615719,-119.299339
MCANLTP_7_GENGNODE,GEN,TPWR,47.61639,-119.29881
MCARTHR_6_N001,LOAD,CA,41.05270199998445,-121.40878106361407
MCARTHR_6_N002,GEN,CA,41.05270199998445,-121.40890093638593
MCARTHR_6_N003,GEN,CA,41.0299999999845,-121.42594007894822
MCA_LNODEXF1,LOAD,PSE,47.026389,-122.724444
MCCALL_1_N026,LOAD,CA,36.61141783540495,-119.639697
MCCALL_1_N030,LOAD,CA,36.61133708228342,-119.63963891745578
MCCALL_1_N093,GEN,CA,36.61133708228342,-119.63975508254421
MCCHORD_BKLNODE,LOAD,TPWR,47.14444,-122.49847
MCCLURE_1_MGSUNIT1GNODE,GEN,BANC,37.62878413398629,-120.93128156256863
MCCLURE_1_MGSUNIT2GNODE,GEN,BANC,37.62878413398629,-120.93139574743137
MCCL_LNODEBR1,LOAD,PGE,44.95609688994023,-123.031364
MCCL_LNODEBR2,LOAD,PGE,44.95601605501092,-123.03129804918075
MCCL_LNODEBR3,LOAD,PGE,44.95601605501092,-123.03142995081924
MCCOY_SR_LNODELD2,LOAD,SRP,33.393922,-111.636608
MCC_GNODE2,GEN,BANC,38.63017057855358,-121.51315
MCC_GNODEPKR,GEN,BANC,38.63008971070796,-121.51309023361694
MCC_LNODEMCC,LOAD,BANC,38.63008971070796,-121.51320976638306
MCDISLE_6_N001,LOAD,CA,37.93693288402067,-121.52832945017714
MCDONLD_LNODE-3,LOAD,NV,36.090873999987274,-115.21267660251958
MCDONLD_LNODE-4,LOAD,NV,36.090873999987274,-115.21278739748041
MCFLND_7_ND001,GEN,CA,33.014957999988646,-113.35968461417411
MCFLND_7_ND002,GEN,CA,33.014957999988646,-113.35979138582589
MCFRLND_6_N001,LOAD,CA,35.688444,-119.276835
MCG HILL_GNODE 1,GEN,NV,39.59133199998546,-116.91276585079208
MCG HILL_GNODE 3,GEN,NV,39.59133199998546,-116.91288214920792
MCGIN_SR_LNODELD2,LOAD,SRP,33.354817233638286,-111.59769545820757
MCGIN_SR_LNODELD3,LOAD,SRP,33.35490195839084,-111.59773053454623
MCGIN_SR_LNODELD4,LOAD,SRP,33.35499147210398,-111.5977246710162
MCGIN_SR_LNODELD5,LOAD,SRP,33.3550734729113,-111.5976812971976
MCGIN_SR_LNODELD6,LOAD,SRP,33.35513870755678,-111.59760767996914
MCGIN_SR_LNODELD7,LOAD,SRP,33.35518114937532,-111.5975131432881
MCGL_LNODEWR1,LOAD,PGE,45.51919371882738,-122.42318
MCGL_LNODEWR2,LOAD,PGE,45.51911314056713,-122.42311360386027
MCGL_LNODEWR3,LOAD,PGE,45.51911314056713,-122.42324639613973
MCGPKGEN_7_B1,GEN,CA,34.205556,-119.246944
MCHENRY_6_SOLARGNODE,GEN,BANC,37.736285251,-120.994637149
MCHLWAY_LNODE-1,LOAD,NV,36.185088719946734,-115.215609
MCHLWAY_LNODE-2,LOAD,NV,36.18500814001281,-115.2155513590828
MCHLWAY_LNODE-3,LOAD,NV,36.18500814001281,-115.2156666409172
MCKAY_LNODEOAD,LOAD,NWMT,45.291298,-109.598111
MCKEE_1_N001,LOAD,CA,37.366407204044364,-121.843789
MCKEE_1_N005,LOAD,CA,37.36632589796316,-121.84372993637959
MCKEE_1_N101,LOAD,CA,37.36632589796316,-121.84384806362041
MCK_GEN_7_DGGS1GNODE,GEN,NWMT,46.106416,-112.876977
MCK_GEN_7_DGGS2GNODE,GEN,NWMT,46.106416,-112.876384
MCK_GEN_7_DGGS3GNODE,GEN,NWMT,46.106416,-112.875827
MCK_LNODEXF1,LOAD,PSE,48.719722,-122.501389
MCMIN_BP_LNODEDR2,LOAD,BPAT,45.21226399998231,-123.18055738485658
MCMIN_BP_LNODEDR3,LOAD,BPAT,45.21226399998231,-123.18068461514342
MCMULLN1_2_N001,LOAD,CA,36.592775,-119.989065
MCM_LNODE10A,LOAD,APS,33.694078,-112.424159
MCM_LNODE12A,LOAD,APS,33.69407799995301,-112.42405093321238
MCM_LNODE13A,LOAD,APS,33.69400013321386,-112.42410496665515
MCM_LNODER1A,LOAD,APS,33.69400013321386,-112.42421303334484
MCM_LNODER2A,LOAD,APS,33.69407799995301,-112.42426706678762
MCM_LNODER4A,LOAD,APS,33.69415586676269,-112.42421303344277
MCM_LNODER9A,LOAD,APS,33.69415586676269,-112.42410496655722
MCNARYPH_1_G13GNODE,GEN,BPAT,45.92419,-119.313613
MCNARYPH_1_G14GNODE,GEN,BPAT,45.92418999992753,-119.31348412110722
MCNARYPH_2_G01GNODE,GEN,BPAT,45.92410035053958,-119.3134841213155
MCNARYPH_2_G02GNODE,GEN,BPAT,45.92403695891564,-119.31357525235039
MCNARYPH_2_G03GNODE,GEN,BPAT,45.92402179899818,-119.31370227482667
MCNARYPH_2_G04GNODE,GEN,BPAT,45.924052849145156,-119.31382317643154
MCNARYPH_2_G05GNODE,GEN,BPAT,45.92411823206627,-119.31391135195202
MCNARYPH_2_G06GNODE,GEN,BPAT,45.92420295846585,-119.31395347227908
MCNARYPH_2_G07GNODE,GEN,BPAT,45.924292473971605,-119.31394643146469
MCNARYPH_2_G08GNODE,GEN,BPAT,45.92437447646479,-119.31389434769238
MCNARYPH_2_G09GNODE,GEN,BPAT,45.924439712477465,-119.31380594707011
MCNARYPH_2_G10GNODE,GEN,BPAT,45.92448215519136,-119.31369242593749
MCNARYPH_2_G11GNODE,GEN,BPAT,45.92449881345448,-119.31356579083415
MCNARYPH_2_G12GNODE,GEN,BPAT,45.92448933353779,-119.31343763381797
MCNARYPH_LNODEAY2,LOAD,BPAT,45.924455500538414,-119.3133182844692
MCNARYPH_LNODESS,LOAD,BPAT,45.92440071008464,-119.31321627584612
MCNARY_1_G01FGNODE,GEN,BPAT,45.9243294561734,-119.31313806376603
MCNAR_BP_LNODEERV,LOAD,BPAT,45.92424686361802,-119.31308794393456
MCNAR_BP_LNODEESS,LOAD,BPAT,45.924158281357215,-119.31306811793625
MCNEALT_LNODENXFR,LOAD,WALC,32.22171,-109.41576
MCNEIL_FDR1LNODE,LOAD,TPWR,47.179990434033655,-122.57512694947391
MCNEIL_FDR2LNODE,LOAD,TPWR,47.17980956581235,-122.57512694992715
MCNEIL_FDR3LNODE,LOAD,TPWR,47.17980956581235,-122.57539305007283
MCNEIL_FDR4LNODE,LOAD,TPWR,47.179990434033655,-122.57539305052609
MCPHERSN_LNODELD3,LOAD,SRP,33.320298,-111.592823
MCREY_SR_LNODELD2,LOAD,SRP,33.39278,-112.124407
MCRK_LNODEWR1,LOAD,PGE,44.882736,-122.979958
MCRN_LNODE131,LOAD,IPCO,43.52762426172858,-116.14450950825278
MCRN_LNODE132,LOAD,IPCO,43.527443738136405,-116.14450950862536
MCRN_LNODE133,LOAD,IPCO,43.527443738136405,-116.14475849137465
MCRN_LNODE134,LOAD,IPCO,43.52762426172858,-116.14475849174723
MCR_LNODE14A,LOAD,APS,33.631014,-112.134268
MCR_LNODER1A,LOAD,APS,33.63101399995311,-112.13416007935606
MCR_LNODER5A,LOAD,APS,33.63092414294405,-112.134268
MCR_LNODER6A,LOAD,APS,33.63101399995311,-112.13437592064393
MCR_LNODER9A,LOAD,APS,33.631103857055955,-112.134268
MCSNCK1_7_B1,GEN,CA,37.53549999998638,-121.85614999142506
MCSNCK2_7_B1,GEN,CA,37.53549999998638,-121.85626400857494
MCSWAIN_6_N001,GEN,CA,37.522065,-120.31009
MCULG_BP_LNODELGH,LOAD,BPAT,47.116474,-122.431465
MCW_LNODEXF1,LOAD,PSE,47.621667,-122.629444
MCY_LNODE101,LOAD,BANC,38.563116666666666,-121.464371944444
MCY_LNODE102,LOAD,BANC,38.563116666610455,-121.4642569555954
MCY_LNODE103,LOAD,BANC,38.56302675430868,-121.46425695573926
MCY_LNODE104,LOAD,BANC,38.562963176761876,-121.46433826506194
MCY_LNODE105,LOAD,BANC,38.562947972391605,-121.46445159764659
MCY_LNODE106,LOAD,BANC,38.5629791136348,-121.46455946901716
MCY_LNODE107,LOAD,BANC,38.56304468834792,-121.46463814131086
MCY_LNODE108,LOAD,BANC,38.56312966325024,-121.46467572198618
MC_LNODE10A,LOAD,APS,33.552474,-111.923183
MC_LNODE13A,LOAD,APS,33.55247399995336,-111.92307525738208
MC_LNODE14A,LOAD,APS,33.552384209412104,-111.92307525749406
MC_LNODER1A,LOAD,APS,33.55232071795422,-111.92315144297382
MC_LNODER2A,LOAD,APS,33.55230553417759,-111.92325763374133
MC_LNODER5A,LOAD,APS,33.55233663326966,-111.92335870742927
MC_LNODER6A,LOAD,APS,33.55240211920624,-111.92343242203118
MC_LNODER9A,LOAD,APS,33.55248697904975,-111.92346763444115
MD1_LNODEMINE,GEN,PNM,32.77,-108.15
MDGR_LNODEWR1,LOAD,PGE,44.97006199998244,-122.9729435315554
MDGR_LNODEWR2,LOAD,PGE,44.97006199998244,-122.9730704684446
MDISN_JT_LNODEOAD,LOAD,NWMT,44.97867799992968,-110.70512294585605
MDISN_VA_LNODEOAD,LOAD,NWMT,45.040856,-111.638061
MDLRIVR_6_N001,LOAD,CA,37.93693288402067,-121.52844854982285
MDOW_VLG_LNODEK1L,LOAD,NWMT,45.270492,-111.278119
MDPO_GNODE007,GEN,IPCO,42.67038299998386,-113.48171707662326
MDPO_GNODE009,GEN,IPCO,42.67038299998386,-113.48183892337674
MDWP_GNODEDWP,GEN,IPCO,43.568242,-116.611655
MDWYPS_6_N001,LOAD,CA,35.402824999987416,-119.45497183549746
MDWY_LNODEWR1,LOAD,PGE,45.50411599998217,-122.52064212650336
MDWY_LNODEWR2,LOAD,PGE,45.50411599998217,-122.52076987349663
MD_LNODE13A,LOAD,APS,33.464887701511664,-112.11608722427498
MD_LNODE14A,LOAD,APS,33.464809999953545,-112.11603344864636
MD_LNODE17A,LOAD,APS,33.46473229846505,-112.11608722437138
MD_LNODE18A,LOAD,APS,33.46473229846505,-112.11619477562861
MD_LNODE20A,LOAD,APS,33.464809999953545,-112.11624855135365
MD_LNODER9A,LOAD,APS,33.464887701511664,-112.11619477572502
MEAD_1_BPAT_MEADLNODE,LOAD,AVA,47.7756,-117.3662
MEAD_Z_LNODEDR69,LOAD,WALC,35.54401,-114.504857
MECCTG1_7_B1,GEN,CA,37.2400902586168,-121.77988662490465
MECCTG1_7_N100,LOAD,CA,37.239909741275135,-121.77988662517618
MECCTG2_7_B2,GEN,CA,37.239909741275135,-121.78011337482383
MECCTG2_7_N100,LOAD,CA,37.2400902586168,-121.78011337509535
MECSTG3_7_B1,GEN,CA,37.24,-121.77
MEDWLNE_1_N001,LOAD,CA,37.963141225082815,-122.052361
MEDWLNE_1_N002,LOAD,CA,37.963059887443606,-122.05230143651556
MEDWLNE_1_N006,LOAD,CA,37.963059887443606,-122.05242056348443
MED_LNODEXF3,LOAD,PSE,47.633333,-122.228889
MEEKE_BP_LNODEFMR,LOAD,BPAT,46.0184,-122.8481
MEE_UCT1GNODE,GEN,SRP,33.345360785101235,-112.862571
MEE_UCT2GNODE,GEN,SRP,33.34528010743693,-112.86251524137238
MEE_UST3GNODE,GEN,SRP,33.34528010743693,-112.86262675862761
MEJIA_LNODEEJIA,LOAD,PNM,35.704,-105.96
MELONP_7_UNIT1GNODE,GEN,BANC,37.946419999986084,-120.53018269329809
MELONP_7_UNIT2GNODE,GEN,BANC,37.946419999986084,-120.53029730670191
MELROSE_6_N001,LOAD,CA,33.206560573300976,-117.25285494469412
MELROSE_6_N004,LOAD,CA,33.20638142660739,-117.25285494491321
MELROSE_6_N005,LOAD,CA,33.20638142660739,-117.25306905508678
MELROSE_6_N009,LOAD,CA,33.206560573300976,-117.25306905530589
MELSTONE_LNODEOAD,LOAD,NWMT,46.596341,-107.870083
MELVILLE_LNODENWE,LOAD,NWMT,45.84453099998197,-109.94183968469783
MELVILLE_LNODEREA,LOAD,NWMT,45.84453099998197,-109.94196831530216
MEMOR_SR_LNODELD1,LOAD,SRP,33.358,-111.83
MENAUL_LNODENAUL,LOAD,PNM,35.1095,-106.566
MENDOZA_LNODEDOZA,LOAD,PNM,35.5381554,-108.6168325
MENLO_6_N001,LOAD,CA,37.4330313740754,-122.20260718789906
MENLO_6_N002,LOAD,CA,37.43285062581547,-122.2026071881739
MENLO_6_N003,LOAD,CA,37.43285062581547,-122.2028348118261
MENLO_6_N004,LOAD,CA,37.4330313740754,-122.20283481210093
MENLO_TP_FDR1LNODE,LOAD,TPWR,47.228210427049376,-122.5388268387643
MENLO_TP_FDR2LNODE,LOAD,TPWR,47.22802957279638,-122.53882683921864
MENLO_TP_FDR3LNODE,LOAD,TPWR,47.22802957279638,-122.53909316078135
MENLO_TP_FDR4LNODE,LOAD,TPWR,47.228210427049376,-122.53909316123571
MERCEDFL_7_N001,LOAD,CA,37.27292328168154,-120.48675154649395
MERCEDFL_7_N002,GEN,CA,37.27274271821013,-120.48675154676606
MERCED_1_N001,LOAD,CA,37.27274271821013,-120.48697845323395
MERCED_1_N002,LOAD,CA,37.27292328168154,-120.48697845350604
MERIDIAN_6_N101,LOAD,CA,37.225299,-121.744182
MERIDIA_LNODEK1H,LOAD,NWMT,45.786086999982,-108.62332677114571
MERIDIA_LNODEK2L,LOAD,NWMT,45.786086999982,-108.6234552288543
MERINO_LNODEOAD,LOAD,NWMT,47.246645,-110.362001
MER_LNODEXF1,LOAD,PSE,47.582222,-122.233056
MESA-PGE_1_N036,GEN,CA,35.008543,-120.453142
MESACAL_6_N001,LOAD,CA,34.037454,-118.109265
MESACAL_6_N004,GEN,CA,34.035509,-118.111185
MESAHGTS_6_N001,LOAD,CA,32.829628731503114,-117.157263
MESAHGTS_6_N007,LOAD,CA,32.82954813423625,-117.15720762268285
MESAHGTS_6_N011,GEN,CA,32.82954813423625,-117.15731837731715
MESARIM_6_N001,LOAD,CA,32.90498753633711,-117.17294735480384
MESARIM_6_N007,LOAD,CA,32.90480846357245,-117.1729473550195
MESARIM_6_N008,LOAD,CA,32.90480846357245,-117.1731606449805
MESARIM_6_N012,LOAD,CA,32.90498753633711,-117.17316064519616
MESA_BP_LNODEBEC,LOAD,BPAT,46.58635599998122,-119.06767037788319
MESA_LNODECKT1,LOAD,NV,46.58635599998122,-119.0678016221168
MESQUITE_LNODECT1,LOAD,SRP,33.34544599998847,-112.86198534608381
MESQUITE_LNODECT2,LOAD,SRP,33.34544599998847,-112.86209265391618
MESQ_LNODEAUXEQL,LOAD,APS,33.828766139139404,-111.94773629886335
METALINE_1_1LNODE,GEN,AVA,48.8672498338237,-117.382927127584
METCALF_1_N018,LOAD,CA,37.22435199998651,-121.74197733145253
METCALF_1_N044,GEN,CA,37.22435199998651,-121.74209066854746
METPSE_LNODEXF1,LOAD,PSE,47.46722199998057,-122.2393771860355
METPSE_LNODEXF2,LOAD,PSE,47.46722199998057,-122.2395108139645
METRO_1_1LNODE,LOAD,AVA,47.65519999998047,-117.42373304247006
METRO_1_2LNODE,LOAD,AVA,47.65519999998047,-117.42386695752994
METTLER_6_N001,LOAD,CA,38.078067,-121.2867
MET_LNODE10A,LOAD,APS,33.485018,-112.06765
MET_LNODE13A,LOAD,APS,33.48501799995355,-112.06754240537938
MET_LNODE14A,LOAD,APS,33.48492826279953,-112.06754240549085
MET_LNODE15A,LOAD,APS,33.48486480909188,-112.06761848632098
MET_LNODE19A,LOAD,APS,33.4848496343433,-112.06772453122346
MET_LNODE20A,LOAD,APS,33.48488071494487,-112.06782546607509
MET_LNODE24A,LOAD,APS,33.48494616194559,-112.067899079421
MET_LNODE25A,LOAD,APS,33.48503097133374,-112.06793424346175
MET_LNODE30A,LOAD,APS,33.485120574466976,-112.06792836527295
MET_LNODE31A,LOAD,APS,33.485202657189845,-112.06788488300874
MET_LNODE32A,LOAD,APS,33.48526795700234,-112.06781108171653
MET_LNODER3A,LOAD,APS,33.485310441218836,-112.06771630866604
MET_LNODER4A,LOAD,APS,33.48532711578386,-112.06761058747843
MET_LNODER5A,LOAD,APS,33.48531762663121,-112.06750359572166
MET_LNODER8A,LOAD,APS,33.48528376059743,-112.06740395698564
MET_LNODER9A,LOAD,APS,33.48522891661473,-112.06731879505459
MEYERS_LNODE31,LOAD,NV,38.877195,-119.986125
MEYERS_LNODE32,LOAD,NV,38.87719499994345,-119.98600982501117
MEYERS_LNODE33,LOAD,NV,38.87710533707398,-119.986125
MEYERS_LNODE34,LOAD,NV,38.87719499994345,-119.98624017498884
MEYERS_LNODE35,LOAD,NV,38.87728466292607,-119.986125
ME_LNODE10A,LOAD,APS,33.501363,-112.058141
ME_LNODE13A,LOAD,APS,33.501362999953464,-112.05803337000421
ME_LNODE14A,LOAD,APS,33.50127325023912,-112.0580333701158
ME_LNODE18A,LOAD,APS,33.50120978765011,-112.05810947595988
ME_LNODE21A,LOAD,APS,33.50119461077746,-112.05821555572788
ME_LNODE22A,LOAD,APS,33.501225695729275,-112.05831652376497
ME_LNODER1A,LOAD,APS,33.50129115189032,-112.05839016131368
ME_LNODER2A,LOAD,APS,33.501375973149024,-112.05842533691593
ME_LNODER5A,LOAD,APS,33.50146558882384,-112.0584194567947
ME_LNODER6A,LOAD,APS,33.50154768303565,-112.05837596023444
ME_LNODER9A,LOAD,APS,33.50161299198815,-112.05830213467766
MF_1_HYDRO1GNODE,GEN,SRP,33.55349099998832,-111.4446661275563
MF_1_PSH2GNODE,GEN,SRP,33.55349099998832,-111.44477387244369
MF_LNODEEQEL,LOAD,APS,33.5016554821512,-112.05820733046731
MGM_LNODE-1,LOAD,NV,36.10478453078973,-115.17029718636849
MGM_LNODE-2,LOAD,NV,36.10460546910819,-115.17029718662107
MGM_LNODE-3,LOAD,NV,36.10460546910819,-115.17051881337892
MGM_LNODE-4,LOAD,NV,36.10478453078973,-115.1705188136315
MGT_LNODER2A,LOAD,APS,32.733803999988766,-111.56612574995373
MGT_LNODER4A,LOAD,APS,32.733803999988766,-111.56623225004628
MG_LNODE10A,LOAD,APS,34.64627199998768,-111.82460003932532
MG_LNODE14A,LOAD,APS,34.64627199998768,-111.82470996067468
MHD_7_BSN1GNODE,GEN,NWMT,45.930545,-112.518958
MHD_7_BSN2GNODE,GEN,NWMT,45.93054499992757,-112.51882910071058
MHD_7_BSN3GNODE,GEN,NWMT,45.93045534662329,-112.51882910091894
MHD_7_BSN4GNODE,GEN,NWMT,45.93039195223007,-112.5189202463764
MHD_7_BSN5GNODE,GEN,NWMT,45.930376791650325,-112.51904728895542
MHD_7_BSN6GNODE,GEN,NWMT,45.93040784315378,-112.51916820969437
MHD_7_BSN7GNODE,GEN,NWMT,45.93047322893109,-112.51925639916973
MHD_7_BSN8GNODE,GEN,NWMT,45.93055795903186,-112.51929852616298
MHD_7_BSN9GNODE,GEN,NWMT,45.93064747844805,-112.51929148423443
MHD_LNODEOAD,LOAD,NWMT,45.9307294845236,-112.51923939221932
MHSR_GNODEHSR,GEN,IPCO,43.052516,-115.867044
MHT_LNODEXF1,LOAD,PSE,47.431667,-122.328056
MHVSPHN_1_N101,GEN,CA,34.307807,-117.323089
MI-WUK_1_N001,LOAD,CA,38.052745,-120.217268
MIAMI_SR_LNODE121,LOAD,SRP,33.399629,-110.867723
MICA_1_MICALNODE,LOAD,AVA,47.5429825051876,-117.2165239390325
MICCH_SR_LNODELD1,LOAD,SRP,33.376759661113525,-112.08427263050554
MICCH_SR_LNODELD2,LOAD,SRP,33.37658033879401,-112.08427263072691
MICRM_SR_LNODELD2,LOAD,SRP,33.28425199998849,-111.58422640394114
MICRM_SR_LNODELD3,LOAD,SRP,33.28425199998849,-111.58433359605885
MICRO_SR_LNODELD1,LOAD,SRP,33.42342381535539,-111.910988
MIDCCHPD_2_AVAGNODE,GEN,AVA,46.874972885421954,-119.97093129857171
MIDCDOPD_2_AVAGNODE,GEN,AVA,47.94799999998044,-119.86593285490973
MIDCGCPD_2_AVAGNODE,GEN,AVA,46.64499999998114,-119.90793427384581
MIDC_7_PRSCLGNODE,GEN,SCL,46.378,-119.255
MIDDLTWN_6_N002,LOAD,CA,38.7527889999859,-122.60852945612646
MIDDLTWN_6_N101,LOAD,CA,38.7527889999859,-122.60864454387354
MIDLFORK_7_B1,GEN,CA,39.02999999998579,-120.60994234065528
MIDLFORK_7_B3,GEN,CA,39.02999999998579,-120.61005765934472
MIDLFRK_2_G01GNODE,GEN,BPAT,45.459903722909445,-121.65786
MIDLFRK_2_G02GNODE,GEN,BPAT,45.45982313852605,-121.6577936686745
MIDLFRK_2_G03GNODE,GEN,BPAT,45.45982313852605,-121.6579263313255
MIDVALE_LNODEC22,LOAD,TEPC,32.14906099998906,-111.01069983233737
MIDVALE_TEP_LNODEDIST1,LOAD,TEPC,32.14906099998906,-111.01080616766264
MIDWAY_1_N047,GEN,CA,35.402824999987416,-119.45508216450254
MIDWA_BP_LNODEERG,LOAD,BPAT,46.62053399998119,-119.78248031699393
MIDWA_BP_LNODESS,LOAD,BPAT,46.62053399998119,-119.78261168300607
MIDWIND _6_GN001,GEN,CA,35.0583,-118.3417
MIDWIND_6_N003,GEN,CA,35.089739,-117.658142
MIDWIND_6_N004,GEN,CA,35.0522,-118.3581
MIDWIND_6_N005,GEN,CA,35.075,-118.3417
MIL1_3_PASGNODE,GEN,LADWP,38.53569,-112.935
MILAN_1_2LNODE,LOAD,AVA,47.95899999998042,-117.35783284803055
MILAN_1_BPAT_MILANLNODE,LOAD,AVA,47.95899999998042,-117.35796715196945
MILLBRAE_1_N001,LOAD,CA,37.605189,-122.391045
MILLBRAE_1_N004,LOAD,CA,37.60518899994505,-122.39093085578821
MILLBRAE_1_N007,GEN,CA,37.605098571030894,-122.391045
MILLBRAE_1_N201,LOAD,CA,37.60518899994505,-122.3911591442118
MILLBRAE_6_N001,LOAD,CA,37.6052794289691,-122.391045
MILLERN_LNODE-3,LOAD,NV,38.13126116664445,-117.459265
MILLERN_LNODE-4,LOAD,NV,38.13117991666274,-117.45920536391732
MILLERS_LNODE05,LOAD,NV,38.13117991666274,-117.45932463608268
MILLER_1_N001,LOAD,CA,37.81,-121.1
MILLE_SR_LNODELD1,LOAD,SRP,33.30381899998845,-111.87561538580822
MILLE_SR_LNODELD2,LOAD,SRP,33.30381899998845,-111.87572261419177
MILLWOOD_1_1LNODE,LOAD,AVA,47.685490179525154,-117.27636604333027
MILLWOOD_1_2LNODE,LOAD,AVA,47.685309820318864,-117.27636604379344
MILLWOOD_1_3LNODE,LOAD,AVA,47.685309820318864,-117.27663395620655
MILLWOOD_1_I_E_PAPERLNODE,GEN,AVA,47.685490179525154,-117.27663395666973
MILPITAS_1_N001,LOAD,CA,37.415395,-121.888564
MILPITAS_1_N003,LOAD,CA,37.41539499994551,-121.8884502251851
MILPITAS_1_N005,LOAD,CA,37.41530463419468,-121.888564
MILPITAS_1_N006,LOAD,CA,37.41539499994551,-121.88867777481491
MILPITAS_1_N008,GEN,CA,37.41548536580532,-121.888564
MILTN_BP_LNODETON,LOAD,BPAT,45.921543,-118.382452
MILWAUKE_FDR1LNODE,LOAD,TPWR,47.24030042464753,-122.42476681191853
MILWAUKE_FDR2LNODE,LOAD,TPWR,47.240119575198094,-122.42476681237316
MILWAUKE_FDR3LNODE,LOAD,TPWR,47.240119575198094,-122.42503318762684
MILWAUKE_FDR4LNODE,LOAD,TPWR,47.24030042464753,-122.42503318808146
MIL_LNODEXF2,LOAD,PSE,47.771528,-122.560377
MIL_LNODE_11,LOAD,EPE,31.901980555555554,-106.42276111111111
MIL_LNODE_12,LOAD,EPE,31.901980555511187,-106.42265481687663
MIL_LNODE_13,LOAD,EPE,31.901890316657504,-106.42265481698084
MIL_LNODE_14,LOAD,EPE,31.90182650819221,-106.42272997830274
MIL_LNODE_15,LOAD,EPE,31.90181124860611,-106.4228347415596
MIL_LNODE_16,LOAD,EPE,31.901842502977704,-106.42293445652197
MIL_LNODE_17,LOAD,EPE,31.901908315884278,-106.42300718017485
MIL_LNODE_18,LOAD,EPE,31.901993599426525,-106.42304191921059
MIL_LNODE_19,LOAD,EPE,31.90208370350965,-106.4230361120502
MIL_PP_GNODE1,GEN,LADWP,38.5357,-112.935
MIL_PP_GNODE2,GEN,LADWP,38.535699999943795,-112.93488502348939
MIL_PP_GNODE3,GEN,LADWP,38.535610063003055,-112.93488502363313
MIL_PP_GNODE4,GEN,LADWP,38.53554646803376,-112.9349663242316
MIL_PP_GNODE5,GEN,LADWP,38.53553125949699,-112.93507964465616
MIL_PP_GNODE6,GEN,LADWP,38.53556240927405,-112.93518750445254
MIL_PP_GNODE7,GEN,LADWP,38.53562800195696,-112.93526616830486
MIL_PP_LNODESS1,LOAD,LADWP,38.535713000145314,-112.93530374494766
MINDEN_LNODE35,LOAD,NV,38.955108,-119.763422
MINNIER_LNODEJFF,LOAD,BANC,37.71289,-120.93858
MINTF_BP_LNODEFMR,LOAD,BPAT,46.137971,-122.985412
MIRABEL_6_N001,LOAD,CA,38.489406,-122.894261
MIRALMA_LNODE90,LOAD,NV,39.45546173667598,-119.717733
MIRALMA_LNODE91,LOAD,NV,39.455381131646504,-119.71767272783373
MIRALMA_LNODE92,LOAD,NV,39.455381131646504,-119.71779327216628
MIRALOMA_6_N001,LOAD,CA,34.004371186293284,-117.56506721001799
MIRALOMA_6_N002,GEN,CA,34.00419081361097,-117.56506721024903
MIRALOMA_6_N007,GEN,CA,34.00419081361097,-117.56528478975098
MIRALOMA_6_N009,GEN,CA,33.85895,-117.6106
MIRALOMA_6_N010,GEN,CA,33.8343,-117.4971
MIRAMAR_6_N001,LOAD,CA,32.89408253805123,-117.13552936589245
MIRAMAR_6_N004,LOAD,CA,32.89390346185827,-117.135529366108
MIRAMAR_6_N017,LOAD,CA,32.89390346185827,-117.135742633892
MIRAMREF_7_B1,GEN,CA,32.89408253805123,-117.13574263410756
MIR_LNODEXF1,LOAD,PSE,47.476389,-122.026389
MISSION_1_XFMRLNODE,LOAD,AVA,47.5713,-116.4055
MISSION_2_N035,GEN,CA,32.78426956725102,-117.13747273169392
MISSION_6_N001,LOAD,CA,32.784191999954906,-117.13741946348074
MISSION_6_N031,LOAD,CA,32.78411443272647,-117.13747273178681
MISSION_6_N040,LOAD,CA,32.78411443272647,-117.13757926821319
MISSION_6_N049,LOAD,CA,32.784191999954906,-117.13763253651926
MISSION_LNODE-1,LOAD,NV,35.997457545716884,-114.94622231891218
MISSION_LNODE-2,LOAD,NV,35.99727845418138,-114.94622231916351
MISSION_LNODE-3,LOAD,NV,35.99727845418138,-114.94644368083648
MISSION_LNODE-4,LOAD,NV,35.997457545716884,-114.94644368108781
MISSION__LNODEOAD,LOAD,NWMT,47.318311,-111.729898
MISSON_1_N015,GEN,CA,32.78426956725102,-117.13757926830608
MIST_LNODEWOE,LOAD,BPAT,45.996261,-123.256512
MKI_LNODEXF1,LOAD,PSE,47.034237,-122.867304
MKT_SUB_LNODEONA,LOAD,LADWP,34.0434902173762,-118.24599112234871
MKT_SUB_LNODEONB,LOAD,LADWP,34.04330978252786,-118.24599112258036
MKT_SUB_LNODEONC,LOAD,LADWP,34.04330978252786,-118.24620887741963
MKT_SUB_LNODEOND,LOAD,LADWP,34.0434902173762,-118.24620887765128
MLBA_6_BSP1GNODE,GEN,IPCO,43.90392760605724,-116.82029055661383
MLBA_LNODE061,LOAD,IPCO,43.904013071533356,-116.82033157639086
MLK_LNODEXF1,LOAD,PSE,47.616667,-122.153056
MLNO_LNODEBR1,LOAD,PGE,45.223064,-122.570457
MLNR_LNODELOD,LOAD,IPCO,42.519322699983995,-114.01409375725272
MLNR_LNODEVWP,LOAD,IPCO,42.519322699983995,-114.01421524274728
MLPR_GNODE011,GEN,IPCO,42.527030542280244,-114.03702249744497
MLPR_GNODE012,GEN,IPCO,42.52685145759147,-114.03702249779329
ML_LNODE10A,LOAD,APS,33.612242804355624,-112.06352406122484
ML_LNODE14A,LOAD,APS,33.612164999953244,-112.06347012254705
ML_LNODER1A,LOAD,APS,33.61208719562106,-112.06352406132221
ML_LNODER5A,LOAD,APS,33.61208719562106,-112.06363193867779
ML_LNODER6A,LOAD,APS,33.612164999953244,-112.06368587745295
ML_LNODER9A,LOAD,APS,33.612242804355624,-112.06363193877516
MMRT_LNODEFDR4,LOAD,APS,34.512587093400924,-110.13152959020397
MM_LNODE11A,LOAD,APS,33.531677,-111.945835
MM_LNODE12A,LOAD,APS,33.531676999953376,-111.94572730355588
MM_LNODE24A,LOAD,APS,33.53159925371756,-111.94578115182637
MM_LNODE25A,LOAD,APS,33.53159925371756,-111.94588884817364
MM_LNODE26A,LOAD,APS,33.531676999953376,-111.94594269644412
MM_LNODER8A,LOAD,APS,33.53175474625909,-111.94588884827049
MM_LNODER9A,LOAD,APS,33.53175474625909,-111.94578115172952
MNCO_LNODEFMR,LOAD,IPCO,42.604494,-113.751659
MNDCTP_6_N001,LOAD,CA,39.251247,-123.196582
MOAB_1_XFMRLNODE,LOAD,AVA,47.729543309079,-117.0726191551965
MOA_PP_GNODE1,GEN,LADWP,36.52995,-114.770308
MOA_PP_GNODE10,GEN,LADWP,36.529949999948045,-114.77019640874158
MOA_PP_GNODE2,GEN,LADWP,36.52986033125865,-114.77019640887096
MOA_PP_GNODE3,GEN,LADWP,36.52979692596782,-114.77027531574181
MOA_PP_GNODE4,GEN,LADWP,36.52978176279448,-114.77038529969255
MOA_PP_GNODE5,GEN,LADWP,36.5298128196713,-114.7704899837862
MOA_PP_GNODE6,GEN,LADWP,36.52987821672448,-114.77056633153303
MOA_PP_GNODE7,GEN,LADWP,36.52996296139872,-114.77060280178446
MOA_PP_GNODE8,GEN,LADWP,36.53005249617121,-114.77059670528381
MOA_PP_GNODE9,GEN,LADWP,36.530134516279986,-114.77055160787764
MOCCASIN_LNODEOAD,LOAD,NWMT,47.051919,-109.903408
MOFTFLD_1_N002,LOAD,CA,37.41,-122.04
MOHAVE_6_CARL1GNODE,GEN,WALC,35.11402780451118,-114.33585522152609
MOHAVE_6_MSS1GNODE,GEN,WALC,35.11411303584798,-114.33589125270424
MOHAVE_6_MSS2GNODE,GEN,WALC,35.11420308478632,-114.33588522958362
MOLA_LNODEBR1,LOAD,PGE,45.146922999982344,-122.6097844293399
MOLA_LNODEBR2,LOAD,PGE,45.146922999982344,-122.6099115706601
MOLINO_6_N002,LOAD,CA,38.42527299998595,-122.83215753598292
MOLINO_6_N101,LOAD,CA,38.42527299998595,-122.83227246401708
MONARCH_LNODEOAD,LOAD,NWMT,47.083627,-110.827005
MONMO_BP_LNODE1E1,LOAD,BPAT,44.864367896189066,-123.20758116737683
MONMO_BP_LNODE1E2,LOAD,BPAT,44.86418810367047,-123.20758116777294
MONMO_BP_LNODECPI,LOAD,BPAT,44.86418810367047,-123.20783483222706
MONMO_BP_LNODETY2,LOAD,BPAT,44.864367896189066,-123.20783483262318
MONOLITH_6_N029,LOAD,CA,34.92999999998754,-118.4199449189089
MONOLITH_6_N101,LOAD,CA,34.92999999998754,-118.4200550810911
MONROEST_1_1GNODE,GEN,AVA,47.6605,-117.426
MONROE_1_N001,LOAD,CA,38.45321800700051,-122.743668
MONROE_1_N002,LOAD,CA,38.45313699648462,-122.74360827529611
MONROE_1_N101,LOAD,CA,38.45313699648462,-122.74372772470389
MONRW_BP_LNODEXF1,LOAD,BPAT,44.027496879982756,-123.10445691105373
MONRW_BP_LNODEXF2,LOAD,BPAT,44.027496879982756,-123.10458268894627
MONSRATE_6_N001,LOAD,CA,33.32908099998846,-117.23541536188321
MONSRATE_6_N007,LOAD,CA,33.32908099998846,-117.23552263811678
MONTAGUE_1_N001,LOAD,CA,37.40375521599691,-121.905675
MONTAGUE_1_N006,LOAD,CA,37.403673891986756,-121.90561589392182
MONTAGUE_1_N007,LOAD,CA,37.403673891986756,-121.90573410607819
MONTAGUE_1_N011,GEN,CA,37.4567,-121.9419
MONTAGUE_2_GNODEM,GEN,AVRN,45.56730839309085,-120.12168094497093
MONTANO_LNODETANO,LOAD,PNM,35.1376,-106.636
MONTASOL_2_MTSGNODE,GEN,AVRN,45.56730839309085,-120.12180883276106
MONTCLLO_1_N008,LOAD,CA,38.48,-122.32
MONTEREY_6_N001,LOAD,CA,36.599917,-121.890341
MONTERO_6_N001,LOAD,CA,38.47145299998595,-123.01207452586034
MONTERO_6_N004,LOAD,CA,38.47145299998595,-123.01218947413966
MONTGMRY_6_N001,LOAD,CA,32.631633999988686,-117.09951777952129
MONTGMRY_6_N002,LOAD,CA,32.631633999988686,-117.0996242204787
MONTICLO_7_N001,GEN,CA,38.51310997444027,-122.104444
MONTICLO_7_N002,GEN,CA,38.51302901276462,-122.10438426168294
MONTICLO_7_N003,GEN,CA,38.51302901276462,-122.10450373831705
MONTPELR_LNODEDR3,LOAD,TIDC,37.5513950204046,-120.771210942368
MONTPELR_LNODEDR4,LOAD,TIDC,37.5513208784333,-120.77132554154
MONTPELR_LNODEDR5,LOAD,TIDC,37.5513203022304,-120.771217224249
MONTPELR_LNODEDR7,LOAD,TIDC,37.551320342333,-120.771557696814
MONTPELR_LNODEDR8,LOAD,TIDC,37.5513195014288,-120.771445581179
MONT_1_7_MON1GNODE,GEN,NWMT,45.974978,-106.656438
MONT_ST_LNODEK1L,LOAD,NWMT,45.99366499998184,-112.53818044688448
MONT_ST_LNODEK3H,LOAD,NWMT,45.99366499998184,-112.53830955311552
MON_LNODE_20,LOAD,EPE,31.879741666666668,-106.585775
MON_LNODE_21,LOAD,EPE,31.87974166662266,-106.58566871210463
MON_LNODE_22,LOAD,EPE,31.87965141135488,-106.58566871220877
MON_LNODE_23,LOAD,EPE,31.879587591283755,-106.58574386904827
MON_LNODE_24,LOAD,EPE,31.879572328922244,-106.58584862605744
MON_LNODE_25,LOAD,EPE,31.87960358897873,-106.58594833507316
MON_LNODE_26,LOAD,EPE,31.879669413856107,-106.58602105438895
MON_LNODE_27,LOAD,EPE,31.879754712910614,-106.58605579135278
MOODY_SR_LNODELD1,LOAD,SRP,33.29062399998849,-111.70296739807502
MOODY_SR_LNODELD2,LOAD,SRP,33.29062399998849,-111.70307460192498
MOONS_SR_LNODEDTN,LOAD,SRP,33.41952381373649,-110.873
MOONS_SR_LNODELD1,LOAD,SRP,33.41944309311925,-110.87294416408314
MOONS_SR_LNODELD2,LOAD,SRP,33.41944309311925,-110.87305583591686
MOON_LNODE132,LOAD,IPCO,43.339338,-114.440482
MOORE_NW_LNODEOAD,LOAD,NWMT,46.978756,-109.697106
MOORE_SR_LNODELD2,LOAD,SRP,33.559518999988306,-112.25445712081982
MOORE_SR_LNODELD3,LOAD,SRP,33.559518999988306,-112.25456487918017
MOORPARK_6_GN010,GEN,CA,34.148414,-118.711809
MOORPARK_6_N001,LOAD,CA,34.28245799998789,-118.90073231455499
MOORPARK_6_N005,GEN,CA,34.28245799998789,-118.90084168544502
MOORPARK_6_N069,GEN,CA,34.196505,-118.931898
MOO_1_AFFORDABLE_SLRGNODE,GEN,EPE,33.354209705984815,-111.79898967724273
MOO_1_JORNADA_SLRGNODE,GEN,EPE,33.354252147536236,-111.79889514216578
MOO_LNODE20,LOAD,EPE,47.762867894155946,-122.23292154144504
MOO_LNODE21,LOAD,EPE,47.76268766568797,-122.23292154190949
MOO_LNODE22,LOAD,EPE,47.76268766568797,-122.23318965809051
MOO_LNODE23,LOAD,EPE,47.762867894155946,-122.23318965855496
MORAGA_1_N001,LOAD,CA,37.848008,-122.160732
MORA_IP_LNODE041A,LOAD,IPCO,43.506829,-116.333529
MORA_IP_LNODE043A,LOAD,IPCO,43.50682899993255,-116.33340457191896
MORA_IP_LNODE044A,LOAD,IPCO,43.50673875326819,-116.333529
MORA_IP_LNODE045A,LOAD,IPCO,43.50682899993255,-116.33365342808104
MORA_IP_LNODE131,LOAD,IPCO,43.50691924673178,-116.333529
MORCOM_LNODE12LD3,LOAD,SRP,33.216344999988536,-111.6351004640419
MORCOM_LNODELD2,LOAD,SRP,33.216344999988536,-111.6352075359581
MORGAN_1_N001,LOAD,CA,37.12745917114046,-121.65871690356438
MORIARTY_LNODETYXF,LOAD,PNM,35.0111,-106.088
MORMON_6_N001,LOAD,CA,37.968746,-121.185898
MOROHILL_6_N001,LOAD,CA,33.252187,-117.300305
MORONY_1_MRY1GNODE,GEN,NWMT,47.58162999992221,-111.06071619062267
MORONY_1_MRY2GNODE,GEN,NWMT,47.58153974034115,-111.06085
MORRIS_LNODERRIS,LOAD,PNM,35.1301576,-106.5255272
MORRI_SR_LNODELD1,LOAD,SRP,33.1468,-110.97561
MORRI_SR_LNODELD2,LOAD,SRP,33.146628,-110.975892
MORROBY_1_N001,LOAD,CA,35.373004,-120.855187
MORTON_LNODETON,LOAD,BPAT,46.555,-122.284
MORWIND_6_N001,GEN,CA,34.87,-118.24
MOSCOW23_1_24_1LNODE,LOAD,AVA,46.7221,-116.939
MOSCOW_1_1LNODE,LOAD,AVA,46.723899999981164,-116.99633413760525
MOSCOW_1_2LNODE,LOAD,AVA,46.723899999981164,-116.99646586239476
MOSRK_BP_LNODEFMR,LOAD,BPAT,46.532328,-122.507056
MOSSLD_1_N001,LOAD,CA,36.804150842399494,-121.78373687034716
MOSSLD_1_N055,GEN,CA,36.80407299994722,-121.78368074080844
MOSSLND6_7_B2,GEN,CA,36.80399515757413,-121.78373687046127
MOSSLND6_7_ND001,LOAD,CA,36.80399515757413,-121.78384912953872
MOSSLND7_7_B2,GEN,CA,36.80407299994722,-121.78390525919156
MOSSLND7_7_ND001,LOAD,CA,36.804150842399494,-121.78384912965284
MOSSYRK_7_G51GNODE,GEN,TPWR,46.53320999998122,-122.4313344737826
MOSSYRK_7_G52GNODE,GEN,TPWR,46.53320999998122,-122.4314655262174
MOT_LNODEXF1,LOAD,PSE,47.025,-122.955
MOUNTAIN_FDR1LNODE,LOAD,TPWR,47.01925042695577,-122.36783736092751
MOUNTAIN_FDR2LNODE,LOAD,TPWR,47.01906957289099,-122.36783736137679
MOUNTAIN_FDR3LNODE,LOAD,TPWR,47.01906957289099,-122.36810263862321
MOUNTAIN_FDR4LNODE,LOAD,TPWR,47.01925042695577,-122.36810263907249
MOXEE_LNODEERV,LOAD,BPAT,46.59247111874773,-120.38807636698492
MOXEE_LNODELD1,LOAD,BPAT,46.59239299992491,-120.38801073415905
MOXEE_LNODELD2,LOAD,BPAT,46.59231488121473,-120.38807636717412
MOXEE_LNODELD3,LOAD,BPAT,46.59231488121473,-120.38820763282587
MOXEE_LNODELD4,LOAD,BPAT,46.59239299992491,-120.38827326584095
MOXEE_LNODELD5,LOAD,BPAT,46.59247111874773,-120.38820763301507
MOYIE_BP_G01GNODE,GEN,BPAT,48.721803,-116.199172
MPLECRK_6_N001,LOAD,CA,40.767881,-123.87365
MPS_1_MONTANA_1GNODE,GEN,EPE,31.8227,-106.21144166666667
MPS_1_MONTANA_2GNODE,GEN,EPE,31.8226999999559,-106.21133539792281
MPS_1_MONTANA_3GNODE,GEN,EPE,31.822609705120232,-106.21133539802673
MPS_1_MONTANA_4GNODE,GEN,EPE,31.82254585706986,-106.21141054132418
MPS_LNODEPS1,LOAD,EPE,31.822530588017344,-106.21151527945804
MPS_LNODEPS2,LOAD,EPE,31.822561861778407,-106.21161497050788
MPS_LNODEPS3,LOAD,EPE,31.822627715513953,-106.2116876767206
MPS_LNODEPS4,LOAD,EPE,31.822713051963696,-106.21172240742494
MP_LNODEFDR9,LOAD,APS,33.828756618570736,-111.94762852361389
MQ_LNODER2A,LOAD,APS,33.834460999988124,-112.6042898016775
MQ_LNODER6A,LOAD,APS,33.834460999988124,-112.6043981983225
MRCHNT13_7_N001,GEN,CA,35.78675377916132,-114.9928
MRCHNT13_7_N002,GEN,CA,35.78667311040571,-114.992742586134
MRCHNT2_7_N001,GEN,CA,35.78667311040571,-114.992857413866
MRDN_IP_LNODE131,LOAD,IPCO,43.60496899998313,-116.39045863830654
MRDN_IP_LNODE132,LOAD,IPCO,43.60496899998313,-116.39058336169346
MRDN_LNODEWR1,LOAD,PGE,45.3766177349505,-122.743996
MRDN_LNODEWR2,LOAD,PGE,45.37653713250563,-122.74392975159542
MRDN_LNODEWR3,LOAD,PGE,45.37653713250563,-122.74406224840457
MREIS-Q_1_N001,LOAD,CA,38.12,-122.33
MRGNHIL_1_N001,LOAD,CA,37.12727882875214,-121.65871690383386
MRGNHIL_1_N004,LOAD,CA,37.12727882875214,-121.65894309616613
MRGNHIL_1_N007,LOAD,CA,37.12745917114046,-121.65894309643562
MRGT_6_NODE1,GEN,CA,32.877637,-117.167891
MRHL_LNODEWR1,LOAD,PGE,45.4381679999823,-122.82802319426253
MRHL_LNODEWR2,LOAD,PGE,45.4381679999823,-122.82815080573748
MRKTWAIN_LNODE18,LOAD,NV,39.303129718798665,-119.54626
MRKTWAIN_LNODE20,LOAD,NV,39.303049140585166,-119.54619987922787
MRKTWAIN_LNODECK,LOAD,NV,39.303049140585166,-119.54632012077214
MRKT_LNODEWR1,LOAD,PGE,44.94989,-123.001678
MRLPKGEN_7_B1,GEN,CA,34.004371186293284,-117.56528478998202
MRMNFLAT_LNODEDM,LOAD,SRP,33.5538458749736,-111.446363
MRMNF_SR_LNODEDMS,LOAD,SRP,33.55376506250068,-111.44630701378257
MRMNF_SR_LNODEDU2,LOAD,SRP,33.55376506250068,-111.44641898621744
MRQM_LNODEWR1,LOAD,PGE,45.504665,-122.67657
MRQM_LNODEWR2,LOAD,PGE,45.50466499992874,-122.67644225182988
MRQM_LNODEWR3,LOAD,PGE,45.50457546754302,-122.67657
MRQM_LNODEWR4,LOAD,PGE,45.50466499992874,-122.67669774817011
MRQM_LNODEWR5,LOAD,PGE,45.50475453245696,-122.67657
MRTIN_BP_LNODEERV,LOAD,BPAT,43.741862,-123.113617
MRTNDALE_LNODEOAD,LOAD,NWMT,46.502043,-110.272871
MRTSVAL_LNODE32,LOAD,NV,39.329538,-120.170031
MRW_LNODEW_1,LOAD,EPE,31.77212643766779,-106.4074298631405
MRW_LNODEW_2,LOAD,EPE,31.771945784466315,-106.40742986334797
MRW_LNODEW_3,LOAD,EPE,31.771945784466315,-106.40764235887424
MRW_LNODEW_4,LOAD,EPE,31.77212643766779,-106.40764235908173
MRYSVLLE_6_N001,LOAD,CA,39.13944599998575,-121.58327227419691
MRYSVLLE_6_N003,LOAD,CA,39.13944599998575,-121.58338772580308
MR_LNODE10A,LOAD,APS,33.595169,-112.280823
MR_LNODE13A,LOAD,APS,33.595168999953245,-112.2807151612572
MR_LNODE14A,LOAD,APS,33.595079173742334,-112.28071516136951
MR_LNODE17A,LOAD,APS,33.59501565706227,-112.28079141481966
MR_LNODE18A,LOAD,APS,33.595000467253776,-112.28089770032712
MR_LNODE19A,LOAD,APS,33.5950315786999,-112.28099886418983
MR_LNODE21A,LOAD,APS,33.59509709065077,-112.28107264455792
MR_LNODE22A,LOAD,APS,33.59518198420511,-112.28110788838391
MR_LNODER9A,LOAD,APS,33.59527167626225,-112.28110199685953
MSA_LNODE_12,LOAD,EPE,31.80650598453921,-106.51224964650478
MSA_LNODE_13,LOAD,EPE,31.80642777773391,-106.51219651532175
MSA_LNODE_14,LOAD,EPE,31.806349570993923,-106.51224964659474
MSA_LNODE_16,LOAD,EPE,31.806349570993923,-106.51235590896081
MSA_LNODE_17,LOAD,EPE,31.80642777773391,-106.51240904023382
MSA_LNODE_18,LOAD,EPE,31.80650598453921,-106.51235590905077
MSHR60V_6_N001,LOAD,CA,38.02150699998609,-121.28089465794243
MSHR60V_6_N006,LOAD,CA,38.02150699998609,-121.28100934205757
MSIDIST_LNODEXF2,LOAD,PSE,47.524127,-121.859227
MSLA_2_LNODEK1L,LOAD,NWMT,46.85407422344885,-114.021741
MSLA_2_LNODEK2L,LOAD,NWMT,46.853992888255085,-114.02167233259136
MSLA_2_LNODEK3L,LOAD,NWMT,46.853992888255085,-114.02180966740863
MSLA_3_LNODEK1L,LOAD,NWMT,46.892707233556855,-114.028209
MSLA_3_LNODEK2L,LOAD,NWMT,46.89262588320102,-114.02814027033209
MSLA_3_LNODEK3L,LOAD,NWMT,46.89262588320102,-114.0282777296679
MSLA_5_LNODEBK1H,LOAD,NWMT,46.805144999981,-114.04604000276757
MSLA_5_LNODEK2L,LOAD,NWMT,46.805144999981,-114.04617199723243
MSLA_7_LNODEK1L,LOAD,NWMT,46.857226999980966,-114.06832491968741
MSLA_7_LNODEK2L,LOAD,NWMT,46.857226999980966,-114.06845708031258
MSOLAR_7_NBT1,GEN,CA,33.32646699998847,-112.91894636438523
MSOLAR_7_NSR4,GEN,CA,33.32646699998847,-112.91905363561476
MSP_3_MSP_SOUTH_SLRGNODE,GEN,EPE,32.53766666666667,-107.49166666666667
MSSHL100_1_MSG1GNODE,GEN,NWMT,46.27122499998153,-109.48809395618962
MSSHL100_1_MSG2GNODE,GEN,NWMT,46.27122499998153,-109.48822404381039
MSSHL_50_LNODEOAD,LOAD,NWMT,46.515925,-108.089026
MST_LNODEXF2,LOAD,PSE,47.2975,-122.212778
MS_LNODER1A,LOAD,APS,34.71005799998773,-112.16033400538916
MS_LNODER2A,LOAD,APS,34.71005799998773,-112.16044399461084
MTAN_LNODEBR1,LOAD,PGE,45.06655,-122.797653
MTEDEN_1_N001,LOAD,CA,37.63264525976642,-122.10124
MTEDEN_1_N005,LOAD,CA,37.632563870101905,-122.10118066447778
MTEDEN_1_N009,LOAD,CA,37.632563870101905,-122.10129933552223
MTF_GNODECTG,GEN,PSE,46.13855199998172,-122.98498519651935
MTF_GNODESTG,GEN,PSE,46.13855199998172,-122.98511480348064
MTH_LNODEXF1,LOAD,PSE,47.340833,-122.223056
MTN VIEW_GNODEIT,GEN,NV,36.34792599998713,-114.91659060569029
MTNEDGE_LNODE-2,LOAD,NV,36.00752299998726,-115.24420665380671
MTNEDGE_LNODE-3,LOAD,NV,36.00752299998726,-115.24431734619328
MTNHOUSE_LNODE1KV,LOAD,BANC,37.79428,-121.55964
MTNPASS_1_N001,LOAD,CA,35.508179,-115.53125
MTNQUAR_6_N001,LOAD,CA,38.914515,-121.015694
MTPL_LNODEWR1,LOAD,PGE,45.341964999982245,-122.60164328296115
MTPL_LNODEWR2,LOAD,PGE,45.341964999982245,-122.60177071703885
MTPOSO_7_N001,GEN,CA,35.553885,-119.09665
MTROSE_LNODE01,LOAD,NV,39.47832499998559,-119.85730697879825
MTROSE_LNODE02,LOAD,NV,39.47832499998559,-119.85742302120174
MTST_MIN_LNODEOAD,LOAD,NWMT,46.518594,-107.923346
MTSUN_SL_2_MSNSGNODE,GEN,NWMT,47.56995426797013,-111.12178220802197
MTVER_BP_LNODE115,LOAD,BPAT,44.031466,-122.932695
MTVIEW_1_N001,LOAD,CA,34.07927114678052,-117.240376
MTVIEW_1_N004,LOAD,CA,34.079189926596804,-117.24031938460595
MTVIEW_1_N005,LOAD,CA,34.079189926596804,-117.24043261539406
MTVIE_BP_LNODEIEW,LOAD,BPAT,47.22742599998077,-123.12250842027176
MTVIE_BP_LNODERIE,LOAD,BPAT,47.22742599998077,-123.12264157972824
MTV_LNODEXF1,LOAD,PSE,48.433333,-122.319444
MTWND3_7_N001,GEN,CA,33.904473,-116.555752
MTZUMA2_7_B1,GEN,CA,38.151417,-121.810803
MT_ELS_R_LNODEOAD,LOAD,NWMT,45.663212,-110.957805
MT_LNODEMR2,LOAD,APS,32.737056,-114.512986
MT_PHOSP_LNODEOAD,LOAD,NWMT,46.572919,-112.860553
MT_REFIN_LNODELD1,LOAD,NWMT,47.521711999980646,-111.29438114138188
MT_REFIN_LNODELD2,LOAD,NWMT,47.521711999980646,-111.29451485861813
MT_TALC_LNODEOAD,LOAD,NWMT,45.796211,-111.770082
MT_TUNNL_LNODEOAD,LOAD,NWMT,46.375467,-112.114979
MUDCR_BP_LNODE69,LOAD,BPAT,44.823744,-120.486648
MUIR_NW_LNODEOAD,LOAD,NWMT,45.665272,-110.795893
MULLER_LNODE95,LOAD,NV,38.976633999985864,-119.79468236834688
MULLER_LNODE96,LOAD,NV,38.976633999985864,-119.79479763165311
MULT_LNODEWR1,LOAD,PGE,45.465861999982216,-122.71152216651141
MULT_LNODEWR2,LOAD,PGE,45.465861999982216,-122.7116498334886
MURRAY_6_N001,LOAD,CA,32.79087756459772,-117.0229334582287
MURRAY_6_N004,LOAD,CA,32.790698435312095,-117.02293345844329
MURRAY_6_N005,LOAD,CA,32.790698435312095,-117.02314654155671
MURRAY_6_N015,LOAD,CA,32.79087756459772,-117.0231465417713
MUR_LNODEXF1,LOAD,PSE,47.65,-122.524167
MUSLSLGH_6_N001,LOAD,CA,36.264507,-119.907357
MVW_LNODEXF1,LOAD,PSE,47.339444,-122.311111
MWD_LNODEXF1,LOAD,PSE,47.566944,-122.22
MWD_LNODE_20,LOAD,EPE,31.768826439617897,-106.23276042019195
MWD_LNODE_21,LOAD,EPE,31.7686457825163,-106.2327604203994
MWD_LNODE_22,LOAD,EPE,31.7686457825163,-106.23297291293393
MWD_LNODE_23,LOAD,EPE,31.768826439617897,-106.2329729131414
MW_LNODE10A,LOAD,APS,33.638835,-112.272605
MW_LNODE12A,LOAD,APS,33.63883499995308,-112.27249706136071
MW_LNODE13A,LOAD,APS,33.63874513607484,-112.27249706147336
MW_LNODE14A,LOAD,APS,33.638681592760086,-112.27257338556082
MW_LNODER1A,LOAD,APS,33.63866639658196,-112.27267976952552
MW_LNODER2A,LOAD,APS,33.63869752107394,-112.27278102710117
MW_LNODER4A,LOAD,APS,33.63876306049607,-112.27285487581592
MW_LNODER5A,LOAD,APS,33.63884798964908,-112.27289015229057
MW_LNODER6A,LOAD,APS,33.63893771931735,-112.27288425530918
MW_LNODER9A,LOAD,APS,33.63901991795565,-112.2728406340178
MX_LNODEMR1,LOAD,APS,32.769565,-112.817259
MYS 138_LNODE-3,LOAD,NV,36.08716829912286,-115.1872709
MYS 138_LNODEBK1,LOAD,NV,36.087087720424805,-115.18721333185077
MYS138_LNODE-2,LOAD,NV,36.087087720424805,-115.18732846814923
MYSTIC_7_MYS1GNODE,GEN,NWMT,45.24347399998234,-109.73226636206732
MYSTIC_7_MYS2GNODE,GEN,NWMT,45.24347399998234,-109.73239363793269
MZZ_LNODE10A,LOAD,APS,34.060378639987995,-111.33441894244848
MZZ_LNODEX11,LOAD,APS,34.060378639987995,-111.33452785755152
N VAL GEO_7_UNITGNODE,GEN,NV,39.24578933859731,-120.02750209522314
N VALMY_GNODE 1,GEN,NV,40.8785,-117.152329
N VALMY_GNODE 2,GEN,NV,40.87849999993822,-117.15220939179068
NAD_LNODER1A,LOAD,APS,35.23001708480456,-111.82448571579955
NAD_LNODER2A,LOAD,APS,35.22983691509546,-111.82448571604446
NAD_LNODER4A,LOAD,APS,35.22983691509546,-111.82470628395554
NAD_LNODER6A,LOAD,APS,35.23001708480456,-111.82470628420045
NAPAVITP_LNODEINE,LOAD,BPAT,46.622762,-122.917399
NAPA_6_N003,GEN,CA,38.29535,-122.278637
NARROWS1_7_B1,GEN,CA,33.137302550634665,-116.29437805632017
NARROWS1_7_N001,LOAD,CA,33.13712344927391,-116.2943780565384
NARROWS2_7_B1,GEN,CA,33.13712344927391,-116.2945919434616
NARROWS_6_N010,LOAD,CA,33.137302550634665,-116.29459194367982
NARRO_BP_LNODESU1,LOAD,BPAT,47.289227,-122.560961
NASLP_BP_LNODEFMR,LOAD,BPAT,46.376215,-123.805529
NATNLCTY_6_N001,LOAD,CA,32.67305199998863,-117.10726576866911
NATNLCTY_6_N005,LOAD,CA,32.67305199998863,-117.10737223133088
NAT_LNODENE1,LOAD,BANC,38.65097779957077,-121.48672359559271
NAT_LNODENE2,LOAD,BANC,38.65089999994365,-121.48666608019934
NAT_LNODENE3,LOAD,BANC,38.650822200401045,-121.48672359571763
NAT_LNODENE4,LOAD,BANC,38.650822200401045,-121.48683862650437
NAT_LNODENE5,LOAD,BANC,38.65089999994365,-121.48689614202266
NAT_LNODENE6,LOAD,BANC,38.65097779957077,-121.4868386266293
NAVAJ_SR_LNODEDMS,LOAD,SRP,36.904006999986755,-111.39038874082956
NAVAJ_SR_LNODERSS,LOAD,SRP,36.904006999986755,-111.39050125917043
NAVSTMTR_6_N001,LOAD,CA,32.67041199998878,-117.11463876940559
NAVSTMTR_6_N011,LOAD,CA,32.67041199998878,-117.11474523059441
NAVY35R_1_N001,LOAD,CA,35.29,-119.45
NAVY35R_7_B1,GEN,CA,35.373056,-119.021667
NAVYII4G_7_B1,GEN,CA,36.019253724641764,-117.7917
NAVYII5G_7_B1,GEN,CA,36.019173137665334,-117.79164247559422
NAVYII6G_7_B1,GEN,CA,36.019173137665334,-117.79175752440578
NBENC_BP_LNODECH1,LOAD,BPAT,48.734676999980074,-116.29595912629163
NBENC_BP_LNODECH2,LOAD,BPAT,48.734676999980074,-116.29609487370836
NBE_LNODEXF1,LOAD,PSE,47.491944,-121.774444
NBONN_BP_LNODENIA,LOAD,BPAT,45.648127,-121.960594
NBO_LNODEXF2,LOAD,PSE,47.769722,-122.208333
NBRANCH_6_N001,LOAD,CA,38.199837,-120.719506
NBRG_LNODEWR1,LOAD,PGE,45.298599999982265,-122.97503631918512
NBRG_LNODEWR2,LOAD,PGE,45.298599999982265,-122.97516368081487
NBRKN_BP_LNODEOOK,LOAD,BPAT,42.082035,-124.312544
NBUTT_BP_LNODECPI,LOAD,BPAT,44.420465,-122.671762
NCA1_GNODEIT,GEN,NV,36.34337,-114.92113
NCA2_GNODEIT,GEN,NV,36.225352,-114.878085
NCAMA_BP_LNODEMAS,LOAD,BPAT,45.604,-122.37
NCENEX_LNODEOAD,LOAD,NWMT,47.301915,-110.75699
NCMETER_1_N001,LOAD,CA,33.089572,-117.203236
NCPA1GY1_7_B2,GEN,CA,38.329999999986036,-122.62994255786647
NCPA1GY1_7_N001,LOAD,CA,38.329999999986036,-122.63005744213352
NCPA1GY2_7_B2,GEN,CA,38.33999999998601,-122.63994255546396
NCPA1GY2_7_N001,LOAD,CA,38.33999999998601,-122.64005744453604
NCPA2GY1_7_B2,GEN,CA,38.34999999998599,-122.6499425530918
NCPA2GY1_7_N001,LOAD,CA,38.34999999998599,-122.65005744690819
NCPA2GY2_7_B2,GEN,CA,38.329999999986036,-122.67994255786648
NCPA2GY2_7_N001,LOAD,CA,38.329999999986036,-122.68005744213352
NCW_1_NINECNYN_BPASHAREGNODE,GEN,BPAT,48.5439785506836,-121.74124626386572
NDUBLIN_2_N002,LOAD,CA,37.86,-121.88
NEELY_SR_LNODELD2,LOAD,SRP,33.33134899998845,-111.80628835970751
NEELY_SR_LNODELD3,LOAD,SRP,33.33134899998845,-111.8063956402925
NEENACH_6_N008,GEN,CA,34.312271,-118.481634
NELLIS_LNODE-1,LOAD,NV,36.24586954271601,-115.0463329718721
NELLIS_LNODE-2,LOAD,NV,36.24569045718144,-115.04633297212652
NELLIS_LNODE-3,LOAD,NV,36.24569045718144,-115.04655502787347
NELLIS_LNODEFB,LOAD,NV,36.24586954271601,-115.04655502812788
NELSON_1_1LNODE,LOAD,AVA,47.65278867,-117.2688628
NELSON_LNODE-1,LOAD,NV,35.707808,-114.824876
NEORBLF_7_B1,GEN,CA,40.18276709746204,-122.24461006978277
NESPE_BP_LNODEYEL,LOAD,BPAT,48.128802,-118.975171
NEWARKD_1_N001,LOAD,CA,37.50049924095103,-121.987091
NEWARKD_1_N012,LOAD,CA,37.500417879509776,-121.98703179018516
NEWARKD_1_N126,GEN,CA,37.500417879509776,-121.98715020981484
NEWBERG_LNODEOAD,LOAD,NWMT,47.134815,-113.597176
NEWBURG_6_N001,LOAD,CA,40.59455299998477,-124.13512748525541
NEWBURG_6_N003,LOAD,CA,40.59455299998477,-124.13524651474458
NEWCSTLE_7_B1,GEN,CA,38.835182,-121.092982
NEWELL_LNODEWELL,LOAD,PNM,41.888139999984205,-121.37832971620207
NEWHALL_1_N001,LOAD,CA,36.86718099998678,-120.32825478878492
NEWHALL_1_N002,LOAD,CA,36.86718099998678,-120.32836721121508
NEWMAN_6_B2,LOAD,CA,37.31543099998646,-121.01505122358405
NEWMAN_6_N001,LOAD,CA,37.31543099998646,-121.01516477641594
NEWMONT_LNODE43,LOAD,NV,40.74775225747425,-116.530276
NEWMONT_LNODEOAD,LOAD,NWMT,45.234248,-108.709371
NEWPORT_LNODEB1B2,LOAD,WALC,32.2531,-110.9896
NEWPORT_LNODENPTA,LOAD,WALC,36.01200272552218,-114.556309
NEWPORT_LNODENPTB,LOAD,WALC,36.011922137225135,-114.55625147994358
NEWPO_BP_LNODEINL,LOAD,BPAT,48.182,-117.037
NEWSPICE_7_B1,GEN,CA,38.391454040324234,-120.0008
NEWSPICE_7_B3,GEN,CA,38.39137297982265,-120.00074028952358
NEWSPICE_7_B4,GEN,CA,38.39137297982265,-120.00085971047642
NEW_BURL_LNODELEY,LOAD,IPCO,42.53447814,-113.8127519
NEW_DEPT_LNODEOAD,LOAD,NWMT,45.23620499998237,-112.74224336746846
NEZPERCE_1_1LNODE,LOAD,AVA,46.2522,-116.2427
NE_FDR1LNODE,LOAD,TPWR,47.25703042089828,-122.37023677536688
NE_FDR2LNODE,LOAD,TPWR,47.25684957894727,-122.37023677582187
NE_FDR3LNODE,LOAD,TPWR,47.25684957894727,-122.37050322417814
NE_FDR4LNODE,LOAD,TPWR,47.25703042089828,-122.37050322463313
NFORK_7_G34GNODE,GEN,TPWR,47.399539999980675,-123.1920632455969
NFORK_7_G35GNODE,GEN,TPWR,47.399539999980675,-123.1921967544031
NFP1_1_GNODE1,GEN,PGE,45.24336799998235,-122.2801473621465
NFP1_1_GNODE2,GEN,PGE,45.24336799998235,-122.28027463785351
NFP1_LNODE105,LOAD,PGE,45.243233,-122.280006
NGHTGALE_GNODEIT,GEN,NV,39.79573299998535,-119.01098358869574
NGHTGALE_LNODE18,LOAD,NV,39.79573299998535,-119.01110041130426
NHBT_LNODE31D,LOAD,IPCO,42.8255887,-114.4433752
NHGNDM_7_N001,GEN,CA,38.14958199998605,-120.8148846088676
NHGNDM_7_N002,GEN,CA,38.14958199998605,-120.8149993911324
NHL_LNODEXF1,LOAD,PSE,47.743611,-122.193611
NHTS_GNODE011,GEN,IPCO,44.02279999998276,-117.46603711578254
NHTS_LNODE69,LOAD,IPCO,44.02279999998276,-117.46616288421747
NICKLS_P_LNODELD1,LOAD,NWMT,46.26550899998153,-106.79532896668248
NICKLS_P_LNODELD2,LOAD,NWMT,46.26550899998153,-106.79545903331753
NICKLS_R_LNODEOAD,LOAD,NWMT,46.256027,-106.798447
NIHILL_LNODEMPC,LOAD,NWMT,46.53878599998132,-109.76652746366001
NIHILL_LNODEREA,LOAD,NWMT,46.53878599998132,-109.76665853633999
NILLE_BP_LNODEFMR,LOAD,BPAT,48.004271,-119.40789
NIMBUS_1_UNIT 1GNODE,GEN,BANC,38.63761999998592,-121.22034248788916
NIMBUS_1_UNIT 2GNODE,GEN,BANC,38.63761999998592,-121.22045751211084
NINECNYN_1_Z1GNODE,GEN,BPAT,46.110009869970334,-119.093694
NINECNYN_1_Z2GNODE,GEN,BPAT,46.10992906499509,-119.09362670688891
NINECNYN_1_Z3GNODE,GEN,BPAT,46.10992906499509,-119.09376129311109
NINEMILE_1_G04GNODE,GEN,BPAT,46.037287,-118.806362
NINEMILE_1_G07GNODE,GEN,BPAT,46.037286999927126,-118.80623274645689
NINEMILE_1_G09GNODE,GEN,BPAT,46.03719727339832,-118.80623274666677
NINEMILE_1_G11GNODE,GEN,BPAT,46.03713382722793,-118.80632414261865
NINEMILE_2_G05GNODE,GEN,BPAT,46.037118654265605,-118.80645153434686
NINEMILE_2_G06GNODE,GEN,BPAT,46.037149731129716,-118.80657278741093
NINEMILE_2_G08GNODE,GEN,BPAT,46.03721517031013,-118.80666121925789
NINEMILE_2_G10GNODE,GEN,BPAT,46.03729996961378,-118.80670346203081
NINE_MI_1_1GNODE,GEN,AVA,47.77489010367912,-117.54426592604251
NINE_MI_1_2GNODE,GEN,AVA,47.77470989616467,-117.54426592650717
NINE_MI_1_3GNODE,GEN,AVA,47.77470989616467,-117.54453407349283
NINE_MI_1_4GNODE,GEN,AVA,47.77489010367912,-117.54453407395748
NISQ_FDR10LNODE,LOAD,TPWR,47.23914,-122.43646
NISQ_FDR11LNODE,LOAD,TPWR,47.23913999992292,-122.43632681450713
NISQ_FDR12LNODE,LOAD,TPWR,47.23904957497512,-122.43632681473443
NISQ_FDR1LNODE,LOAD,TPWR,47.23898563495196,-122.43642099098594
NISQ_FDR2LNODE,LOAD,TPWR,47.238970343884,-122.43655225800683
NISQ_FDR3LNODE,LOAD,TPWR,47.23900166263789,-122.43667719962936
NISQ_FDR4LNODE,LOAD,TPWR,47.239067611177724,-122.43676832161917
NISQ_FDR5LNODE,LOAD,TPWR,47.23915307054141,-122.43681184946053
NISQ_FDR6LNODE,LOAD,TPWR,47.239243360449876,-122.4368045734023
NISQ_FDR7LNODE,LOAD,TPWR,47.23932607235717,-122.43675074922406
NISQ_FDR8LNODE,LOAD,TPWR,47.23939187273906,-122.43665939461434
NISQ_FDR9LNODE,LOAD,TPWR,47.23943468263388,-122.43654208004841
NLEWISTN_1_13_1LNODE,LOAD,AVA,46.431,-117.026
NLM_LNODEXF1,LOAD,PSE,48.509167,-122.210556
NLSN_LNODELSN,LOAD,IPCO,44.542,-117.422
NL_7_NORTHLOOP_1GNODE,GEN,TEPC,32.401146999955124,-111.12619963364341
NL_7_NORTHLOOP_2GNODE,GEN,TEPC,32.40105719301135,-111.12619963374922
NL_7_NORTHLOOP_3GNODE,GEN,TEPC,32.400993689952614,-111.12627484606836
NL_7_NORTHLOOP_4GNODE,GEN,TEPC,32.40097850340316,-111.12637968040578
NMPA_LNODE132,LOAD,IPCO,43.591211182996354,-116.573728
NMPA_LNODE133,LOAD,IPCO,43.59112990848357,-116.57366321298247
NMPA_LNODE134,LOAD,IPCO,43.59112990848357,-116.57379278701752
NMRN_LNODEBR1,LOAD,PGE,45.163559796558474,-122.832062
NMRN_LNODEBR2,LOAD,PGE,45.16347910170171,-122.83199592414131
NMRN_LNODEBR3,LOAD,PGE,45.16347910170171,-122.83212807585869
NNO_LNODEXF1,LOAD,PSE,47.4475,-122.330556
NO1_TLGS_LNODEOAD,LOAD,NWMT,46.020491,-112.491227
NO2_TLGS_LNODEOAD,LOAD,NWMT,46.030761,-112.493307
NOACK_SR_LNODELD2,LOAD,SRP,33.422981,-111.656102
NOBLE_SR_LNODELD1,LOAD,SRP,33.46182599998841,-111.9009702274949
NOBLE_SR_LNODELD2,LOAD,SRP,33.46182599998841,-111.9010777725051
NOB_LNODEXF1,LOAD,PSE,47.623346999980505,-122.18419206489233
NOB_LNODEXF2,LOAD,PSE,47.623346999980505,-122.18432593510768
NOE_LNODENOE,LOAD,PNM,35.5158,-108.737
NOISLMTR_6_N004,LOAD,CA,32.70244776093939,-117.182166
NOISLMTR_6_N009,LOAD,CA,32.702367119518385,-117.18211067144682
NOISLMTR_6_N015,GEN,CA,32.702367119518385,-117.18222132855318
NONAME_LNODENAME,LOAD,WALC,36.011922137225135,-114.55636652005641
NOP_LNODEXF2,LOAD,PSE,47.431944,-122.2275
NORAMCD_LNODECONE,LOAD,WALC,34.524891,-114.344657
NORAMCD_LNODEEWIS,LOAD,WALC,35.01569999998753,-114.40394489626988
NORCNV_7_ND002,GEN,CA,38.023202,-121.077219
NORCO_1_N001,LOAD,CA,35.28535,-119.308893
NORD1_1_N001,LOAD,CA,39.759998999985385,-121.90689363690683
NORD1_1_N003,LOAD,CA,39.759998999985385,-121.90701036309318
NORIS_JT_LNODEOAD,LOAD,NWMT,44.97875576704952,-110.70505947301412
NORSMDL1_7_N001,GEN,CA,34.8645,-118.377427
NORTECH_1_N001,LOAD,CA,37.46,-121.76
NORTHOAK_6_N003,LOAD,CA,35.96338313356797,-119.45673850749412
NORTHOAK_6_N004,LOAD,CA,35.96338313356797,-119.45685349250587
NORTHOAK_6_N005,LOAD,CA,37.36329789847426,-120.76048406012305
NORTHWND_6_N002,GEN,CA,35.068401,-118.395789
NORTH_LNODESUB1,LOAD,PNM,47.68416999998053,-122.31827302261358
NORTH_LNODESUB2,LOAD,PNM,47.68416999998053,-122.31840697738642
NORTH_SC_LNODE605,LOAD,SCL,47.684052,-122.319473
NORTH_SC_LNODE606,LOAD,SCL,47.684051999922055,-122.31933904538701
NORTH_SC_LNODE608,LOAD,SCL,47.68396181921723,-122.31933904561859
NORTH_SC_LNODE609,LOAD,SCL,47.683898051900506,-122.31943376571802
NORTH_SC_LNODE610,LOAD,SCL,47.683882802134214,-122.31956579077487
NORTH_SC_LNODE611,LOAD,SCL,47.6839140362922,-122.31969145390724
NORTH_SC_LNODE612,LOAD,SCL,47.683979806698595,-122.31978310211056
NORTH_SC_LNODE613,LOAD,SCL,47.68406503523019,-122.31982688132331
NORTH_SC_LNODE614,LOAD,SCL,47.68415508126083,-122.31981956325491
NORTH_SC_LNODE615,LOAD,SCL,47.68423756976055,-122.31976542825713
NORTH_SR_LNODELD1,LOAD,SRP,33.55368387489379,-112.145554
NORTH_SR_LNODELD3,LOAD,SRP,33.553603062540574,-112.14549801397047
NORTH_SR_LNODELD4,LOAD,SRP,33.553603062540574,-112.14560998602953
NORWAY_LNODEFMR,LOAD,BPAT,43.107894999983486,-124.16180042834124
NORWAY_LNODEILE,LOAD,BPAT,43.107894999983486,-124.16192357165876
NOR_LNODEXF2,LOAD,PSE,47.680278,-122.195556
NOR_LOOP_LNODEAUX,LOAD,TEPC,32.40100960818063,-111.12647946302431
NOR_LOOP_LNODEC503L,LOAD,TEPC,32.40107510608589,-111.12655223602218
NOR_LOOP_LNODEC504L,LOAD,TEPC,32.401159981434674,-111.12658699863225
NOR_LOOP_LNODEC511L,LOAD,TEPC,32.40124965425361,-111.12658118753555
NOR_LOOP_LNODEDIST1,LOAD,TEPC,32.401331800810105,-111.12653820164353
NOR_LOOP_LNODEDIST2,LOAD,TEPC,32.40139715140276,-111.12646524284347
NOR_LOOP_LNODELN125,LOAD,TEPC,32.401439668656124,-111.12637155169978
NOR_LOOP_LNODEMON,LOAD,TEPC,32.40145635618884,-111.12626703740406
NOR_LOOP_LNODESOLNET,LOAD,TEPC,32.40144685965976,-111.12616126704366
NOR_LOOP_LNODETHR,LOAD,TEPC,32.401412967293645,-111.12606276575976
NOVATO_6_N001,LOAD,CA,38.10860199998601,-122.56828762317217
NOVATO_6_N002,LOAD,CA,38.10860199998601,-122.56840237682783
NOXON_2_1GNODE,GEN,AVA,47.9606,-115.7341
NOXON_2_2GNODE,GEN,AVA,47.9605999999217,-115.73396569405641
NOXON_2_3GNODE,GEN,AVA,47.960510063169295,-115.7341
NOXON_2_4GNODE,GEN,AVA,47.9605999999217,-115.73423430594359
NOXON_2_5GNODE,GEN,AVA,47.96068993683069,-115.7341
NOXON_BP_LNODEAMP,LOAD,BPAT,47.959422,-115.738141
NPASC_BP_LNODEFMR,LOAD,BPAT,46.300389,-119.136026
NPLN_LNODEBR1,LOAD,PGE,45.600037,-122.99192
NPT_LNODEXF1,LOAD,PSE,48.494721999980186,-122.57021042226428
NPT_LNODEXF2,LOAD,PSE,48.494721999980186,-122.57034557773572
NRCO_LNODE131,LOAD,IPCO,43.607098,-116.568476
NRTHEAST_1_1LNODE,LOAD,AVA,47.73419999998049,-117.36783298935192
NRTHEAST_1_2LNODE,LOAD,AVA,47.73419999998049,-117.36796701064807
NRTHLV_LNODE-1,LOAD,NV,36.20304672122442,-115.1169
NRTHLV_LNODE-3,LOAD,NV,36.202966139373956,-115.1168423444905
NRTHLV_LNODE-4,LOAD,NV,36.202966139373956,-115.11695765550951
NRTHTWR_1_N001,LOAD,CA,38.066061192073654,-122.195674
NRTHTWR_1_N002,LOAD,CA,38.06597990394814,-122.1956143891305
NRTHTWR_1_N004,LOAD,CA,38.06597990394814,-122.19573361086951
NRTHWEST_1_1LNODE,LOAD,AVA,47.71579999998043,-117.47623300144755
NRTHWEST_1_2LNODE,LOAD,AVA,47.71579999998043,-117.47636699855245
NRTHWS_N_LNODE06,LOAD,NV,36.335144,-115.330213
NRTHWS_N_LNODE07,LOAD,NV,36.33514399994845,-115.33010181281134
NRTHWS_N_LNODE08,LOAD,NV,36.33505443144055,-115.33010181293918
NRTHWS_N_LNODE16,LOAD,NV,36.33499109698828,-115.33018043409034
NRTHWS_N_LNODE18,LOAD,NV,36.33497595075609,-115.33029001979327
NRTHWS_N_LNODE44,LOAD,NV,36.335006972935794,-115.33039432482914
NRTHWS_S_LNODE-1,LOAD,NV,36.33507229692591,-115.3304703961216
NRTHWS_S_LNODE-2,LOAD,NV,36.33515694692065,-115.3305067343126
NRU_LNODEXF2,LOAD,PSE,47.631389,-122.167222
NR_LNODE10A,LOAD,APS,33.92156899998811,-112.12990569984508
NR_LNODE12A,LOAD,APS,33.92156899998811,-112.13001430015493
NR_SUB_LNODEONA,LOAD,LADWP,34.22909034238915,-118.54339073176756
NR_SUB_LNODEONB,LOAD,LADWP,34.228909657513995,-118.54339073200198
NR_SUB_LNODEONC,LOAD,LADWP,34.228909657513995,-118.54360926799801
NR_SUB_LNODEOND,LOAD,LADWP,34.22909034238915,-118.54360926823244
NTLPRKS_LNODE-1,LOAD,NV,36.11473099998726,-114.86983558637645
NTLPRKS_LNODEMP,LOAD,NV,36.11473099998726,-114.86994641362355
NTL_LNODENTL,LOAD,BANC,49.73578719,-114.8584985
NTVW_LNODE131,LOAD,IPCO,42.608333,-114.733885
NUG_LNODEXF2,LOAD,PSE,48.854444,-122.287222
NUMITAP_1_N003,LOAD,CA,37.5,-122.04
NUW_LNODE_20,LOAD,EPE,31.93133743866802,-106.59839647596759
NUW_LNODE_21,LOAD,EPE,31.93115700568803,-106.59839647617622
NUW_LNODE_22,LOAD,EPE,31.93115700568803,-106.59860907937933
NUW_LNODE_23,LOAD,EPE,31.93133743866802,-106.59860907958794
NV SOLR1_GNODEIT,GEN,NV,35.796849,-114.981903
NVALMY_LNODE01,LOAD,NV,40.87840956427829,-117.15220939195409
NVALMY_LNODE02,LOAD,NV,40.8783456166663,-117.15229396764828
NVALMY_LNODE03,LOAD,NV,40.8783303237929,-117.15241185303303
NVALMY_LNODE04,LOAD,NV,40.878361646290614,-117.15252405782277
NVALMY_LNODE7E,LOAD,NV,40.87842760268461,-117.15260589056832
NVALMY_LNODESS,LOAD,NV,40.87851307219727,-117.15264498097471
NVCEMNT_LNODEC1,LOAD,NV,39.620392999985455,-119.26197981575207
NVCEMNT_LNODEC2,LOAD,NV,39.620392999985455,-119.26209618424792
NVSCHLT_LNODET1,LOAD,NV,39.004130999985755,-118.3227483544472
NVSCHLT_LNODET2,LOAD,NV,39.004130999985755,-118.3228636455528
NVYSCHL_6_N001,LOAD,CA,36.59909,-121.877082
NWDLN_BP_LNODEFMR,LOAD,BPAT,45.931,-122.7617
NWKDIST_2_N001,LOAD,CA,37.47999999998637,-121.97994304564625
NWKDIST_2_N004,LOAD,CA,37.47999999998637,-121.98005695435374
NWKDIST_2_N017,LOAD,CA,37.96361862509118,-121.29067763049022
NWM GEN_1_PV_UNITGNODE,GEN,NV,39.24587123264959,-120.02745537487644
NWM GEN_GNODEIT,GEN,NV,40.74767087124627,-116.53021397666701
NWM GEN_LNODENMGSS,LOAD,NV,40.74767087124627,-116.53033802333299
NWM_1_NEWMAN_1GNODE,GEN,EPE,31.9843,-106.43538611111111
NWM_1_NEWMAN_2GNODE,GEN,EPE,31.984299999955738,-106.43527979811033
NWM_1_NEWMAN_3GNODE,GEN,EPE,31.984209825983797,-106.43527979821482
NWM_1_NEWMAN_4_GT1GNODE,GEN,EPE,31.984146063397528,-106.43535497280635
NWM_1_NEWMAN_4_GT2GNODE,GEN,EPE,31.984130814782993,-106.43545975455875
NWM_1_NEWMAN_4_STGNODE,GEN,EPE,31.984162046682037,-106.43555948712553
NWM_1_NEWMAN_5_GT1GNODE,GEN,EPE,31.9842278122686,-106.43563222361797
NWM_1_NEWMAN_5_GT2GNODE,GEN,EPE,31.98431303449176,-106.43566696878749
NWM_1_NEWMAN_5_STGNODE,GEN,EPE,31.98440307378997,-106.4356611606025
NWM_1_NEWMAN_6GNODE,GEN,EPE,31.98448555606593,-106.43561819627125
NYE_REA_LNODEOAD,LOAD,NWMT,45.429204,-109.778512
NY_LNODE12A,LOAD,APS,33.679794,-112.086557
NY_LNODE14A,LOAD,APS,33.679793999953006,-112.08644896650178
NY_LNODE15A,LOAD,APS,33.67970409990525,-112.08644896661474
NY_LNODE16A,LOAD,APS,33.67964053101481,-112.08652535777745
NY_LNODER1A,LOAD,APS,33.67962532872036,-112.08663183523439
NY_LNODER2A,LOAD,APS,33.67965646573949,-112.08673318179723
NY_LNODER4A,LOAD,APS,33.67972203154048,-112.08680709541206
NY_LNODER9A,LOAD,APS,33.67980699487667,-112.08684240288896
N_EASTCT_1_A_BGNODE,GEN,AVA,47.7353,-117.3705
N_MOSCOW_1_1LNODE,LOAD,AVA,46.7476,-117.0136
N_MT_SPD_2_HLMGNODE,GEN,BPAT,48.261819,-121.598179
N_TUCSON_LNODET201,LOAD,WALC,35.01569999998753,-114.40405510373012
OAKC12_7_N002,LOAD,CA,37.79751331310943,-122.28096478011268
OAKDAL_LNODEMTS,LOAD,BANC,37.66746999998627,-120.95814287556452
OAKDAL_LNODENDN,LOAD,BANC,37.66746999998627,-120.95825712443548
OAKFL_SR_LNODELD1,LOAD,SRP,33.306149999988456,-111.06794638362463
OAKFL_SR_LNODELD2,LOAD,SRP,33.306149999988456,-111.06805361637537
OAKHURST_1_N001,LOAD,CA,37.32379499998641,-119.63394921398016
OAKHURST_1_N002,LOAD,CA,37.32379499998641,-119.63406278601984
OAKLAND_1_N001,LOAD,CA,37.79743499994459,-122.28090756034669
OAKLAND_1_N006,LOAD,CA,37.797356686862834,-122.280964780234
OAKLAND_1_N033,LOAD,CA,37.797356686862834,-122.28107921976599
OAKLND12_7_N001,GEN,CA,37.79743499994459,-122.28113643965331
OAKLND3_7_N001,GEN,CA,37.79751331310943,-122.28107921988732
OAKPA_BP_LNODERK1,LOAD,BPAT,45.58228999998211,-122.38021503862345
OAKPA_BP_LNODERK2,LOAD,BPAT,45.58228999998211,-122.38034296137656
OAKRI_BP_LNODEDR2,LOAD,BPAT,43.75106199998295,-122.48476743398709
OAKRI_BP_LNODELEC,LOAD,BPAT,43.75106199998295,-122.48489256601292
OAKWA_BP_LNODE2KV,LOAD,BPAT,44.06715413,-123.0737784
OAR_LNODEXF1,LOAD,PSE,48.878611,-122.725556
OASISC1_7_N005,GEN,CA,34.654361,-118.081391
OASISC1_7_N010,GEN,CA,34.656017,-118.05109
OASISC1_7_N011,GEN,CA,34.654331,-118.051187
OASISC1_7_N012,GEN,CA,34.650637,-118.051944
OASISC1_7_N013,GEN,CA,34.669021,-118.06112
OASISC1_7_N014,GEN,CA,34.695744,-118.062596
OASIS_LNODE-1,LOAD,NV,35.67815782106825,-115.374032
OASIS_LNODE-2,LOAD,NV,35.67807708945223,-115.37397461969063
OASIS_LNODE-3,LOAD,NV,35.67807708945223,-115.37408938030937
OAV_LNODEXF1,LOAD,PSE,48.455277999980225,-122.39021046333377
OAV_LNODEXF2,LOAD,PSE,48.455277999980225,-122.39034553666622
OBERON_7_N102,GEN,CA,33.705180875325816,-115.31949695367982
OBERON_7_N112,GEN,CA,33.70510299995288,-115.31944290745763
OBERON_7_N122,GEN,CA,33.70502512465058,-115.31949695377781
OBERON_7_N132,GEN,CA,33.70502512465058,-115.31960504622218
OBERON_7_N172,GEN,CA,33.70510299995288,-115.31965909254237
OBERON_7_N182,GEN,CA,33.705180875325816,-115.31960504632019
OBPR_GNODE011,GEN,IPCO,44.97057777292458,-116.85003653124241
OBPR_GNODE012,GEN,IPCO,44.970499999929686,-116.84997306265694
OBPR_GNODE013,GEN,IPCO,44.97042222704028,-116.85003653141453
OBPR_GNODE014,GEN,IPCO,44.97042222704028,-116.85016346858546
OBPR_LNODEA1,LOAD,IPCO,44.970499999929686,-116.85022693734307
OBPR_LNODEA2,LOAD,IPCO,44.97057777292458,-116.8501634687576
OBS_1_CHRST_VL_OBSGNODE,GEN,BPAT,43.2424,-120.6912
OBT_LNODE12A,LOAD,APS,33.738237,-112.585351
OBV_LNODE1,LOAD,PSE,48.458611,-122.427778
OBY_LNODEXF1,LOAD,PSE,47.014119,-122.902439
OCEANBCH_LNODEXF,LOAD,BPAT,46.14769099998168,-122.93954318023557
OCEANO_1_N001,LOAD,CA,35.10177099998753,-120.58099587832989
OCEANO_1_N004,LOAD,CA,35.10177099998753,-120.5811061216701
OCEANSDE_6_N001,LOAD,CA,33.19681799998853,-117.381743480479
OCEANSDE_6_N002,LOAD,CA,33.19681799998853,-117.381850519521
OCEAN_BP_LNODEARK,LOAD,BPAT,46.14769099998168,-122.93967281976443
OC_GNODEGT3,GEN,APS,33.42619701,-111.911053
OC_GNODEGT4,GEN,APS,33.4261970099537,-111.91094552977843
OC_GNODEGT5,GEN,APS,33.426107315727684,-111.91094552988947
OC_GNODEGT6,GEN,APS,33.426043892374715,-111.9110215227564
OC_GNODEGT7,GEN,APS,33.42602872488533,-111.91112744505214
OC_GNODEOCGT1,GEN,APS,33.42605979061899,-111.91122826320499
OC_GNODEOCGT2,GEN,APS,33.4261252063118,-111.91130179144022
OC_LNODEN1EQL,LOAD,APS,33.42620997512945,-111.91133691482425
OC_LNODEN2EQL,LOAD,APS,33.42629953539874,-111.91133104343093
OC_LNODET1EQL,LOAD,APS,33.426381578854915,-111.91128761143972
OC_LNODET2EQL,LOAD,APS,33.426446847429354,-111.91121389547537
OC_LNODEVG2,LOAD,APS,33.42648931132218,-111.9111192320005
OC_LNODEXLL,LOAD,APS,33.42650597791048,-111.91101363304688
ODEN_1_20_1LNODE,LOAD,AVA,48.3296,-116.4002
ODESSA_1_1LNODE,LOAD,AVA,47.33899999998064,-118.687933303073
ODESSA_B_1_LINCLNODE,LOAD,AVA,47.33899999998064,-118.68806669692701
ODESS_BP_LNODESON,LOAD,BPAT,47.338364,-118.68815
OGARA_1_XFMR1LNODE,LOAD,AVA,47.4005,-116.6682
OGP1_1_GNODE1,GEN,PGE,45.12291699998239,-122.07017944466223
OGP1_1_GNODE2,GEN,PGE,45.12291699998239,-122.07030655533777
OGP1_LNODEWR9,LOAD,PGE,45.126427,-122.075691
OG_PP_GNODECG,GEN,LADWP,37.43792099998635,-118.55693108879878
OG_PP_GNODEMG,GEN,LADWP,37.51,-118.569167
OG_PP_GNODEUG,GEN,LADWP,37.546036,-118.590001
OHLS_LNODEWR1,LOAD,PGE,45.53314199998218,-122.84848509483679
OHLS_LNODEWR2,LOAD,PGE,45.53314199998218,-122.84861290516321
OHOPB_BP_LNODEOP1,LOAD,BPAT,46.94640999998096,-122.36845378422412
OHOPB_BP_LNODEOP2,LOAD,BPAT,46.94640999998096,-122.36858621577589
OIGLASS_1_N001,LOAD,CA,37.75,-121.31
OILDALE_1_N001,LOAD,CA,35.42,-118.98
OILDALE_1_N101,GEN,CA,35.418611,-119.011389
OILFLDS_6_N001,LOAD,CA,35.95646873409211,-120.85121
OILFLDS_6_N007,LOAD,CA,35.95638813294024,-120.8511525112428
OILFLDS_6_N009,GEN,CA,35.95638813294024,-120.8512674887572
OK_LNODE10A,LOAD,APS,34.77638223650204,-111.761877
OK_LNODER2A,LOAD,APS,34.77630088173557,-111.76181981588164
OK_LNODER6A,LOAD,APS,34.77630088173557,-111.76193418411836
OLDFAITH_LNODEK1L,LOAD,NWMT,44.97875576704952,-110.70493252698589
OLDRIVR_6_N001,LOAD,CA,35.208404,-119.100252
OLDRIVR_6_N007,GEN,CA,35.169243,-119.109885
OLDTOWN_1_1LNODE,LOAD,AVA,48.183399999980345,-117.02573269791668
OLDTOWN_1_2LNODE,LOAD,AVA,48.183399999980345,-117.02586730208331
OLDTOWN_6_N001,LOAD,CA,32.766092,-117.192529
OLD_LNODEXF2,LOAD,PSE,48.754167,-122.488333
OLD_TOWN_FDR1LNODE,LOAD,TPWR,47.274550416446495,-122.46628673782685
OLD_TOWN_FDR2LNODE,LOAD,TPWR,47.274369583399064,-122.46628673828222
OLD_TOWN_FDR3LNODE,LOAD,TPWR,47.274369583399064,-122.46655326171778
OLD_TOWN_FDR4LNODE,LOAD,TPWR,47.274550416446495,-122.46655326217315
OLEMA_6_N001,LOAD,CA,38.042497,-122.786541
OLETA_6_N001,LOAD,CA,38.48064499998599,-120.84462852385393
OLETA_6_N003,LOAD,CA,38.48064499998599,-120.84474347614606
OLINDA_6_N001,LOAD,CA,33.94616008273055,-117.922244
OLINDA_6_N004,GEN,CA,33.94607895862177,-117.92218754016206
OLINDA_6_N007,GEN,CA,33.94607895862177,-117.92230045983794
OLINDA_6_N008,GEN,CA,33.92493,-117.95517
OLINDA_6_N009,GEN,CA,33.932022,-117.840233
OLIVE_BP_LNODEXF1,LOAD,BPAT,46.15016299998172,-122.97636717582269
OLIVE_BP_LNODEXF2,LOAD,BPAT,46.15016299998172,-122.97649682417732
OLIVE_LNODE-1,LOAD,NV,36.155692,-115.107886
OLIVE_SR_LNODELD2,LOAD,SRP,33.56661399998836,-112.20774111286806
OLIVE_SR_LNODELD3,LOAD,SRP,33.56661399998836,-112.20784888713193
OLIVHRST_1_N001,LOAD,CA,39.0918869999858,-121.54288430472884
OLIVHRST_1_N002,LOAD,CA,39.0918869999858,-121.54299969527116
OLS-AGNE_7_N001,GEN,CA,37.430833,-121.947222
OLSEN_6_N001,GEN,CA,40.670536,-121.890645
OLYMA_BP_LNODESS1,LOAD,BPAT,47.00100999998085,-122.95330270583561
OLYMA_BP_LNODEXF2,LOAD,BPAT,47.00100999998085,-122.9534352941644
OLYMP_BP_LNODEPIC,LOAD,BPAT,47.001,-122.955
OLY_SUB_LNODEONA,LOAD,LADWP,34.03409021003063,-118.45989114327803
OLY_SUB_LNODEONB,LOAD,LADWP,34.03390978987338,-118.45989114350952
OLY_SUB_LNODEONC,LOAD,LADWP,34.03390978987338,-118.46010885649046
OLY_SUB_LNODEOND,LOAD,LADWP,34.03409021003063,-118.46010885672197
OMAR1G_7_B1,GEN,CA,35.475894,-118.986984
OMAR2G_7_B1,GEN,CA,35.47589399994985,-118.98687365055424
OMAR3G_7_B1,GEN,CA,35.475804135851355,-118.986984
OMAR4G_7_B1,GEN,CA,35.47589399994985,-118.98709434944575
OMAR_2_N001,LOAD,CA,35.475983864148716,-118.98698399999999
OMEGA_SR_LNODELD2,LOAD,SRP,33.35458199998846,-111.89631833716345
OMEGA_SR_LNODELD3,LOAD,SRP,33.35458199998846,-111.89642566283655
OMO_LNODEXF1,LOAD,PSE,48.826508,-122.701921
OMWD_6_N001,LOAD,CA,33.068479,-117.141404
OM_LNODEFMR,LOAD,APS,34.404644,-112.079522
ONEILPMP_7_LN001,LOAD,CA,37.098611,-121.0475
ONEILPMP_7_N001,GEN,CA,37.0987490697548,-121.04766148825766
ONEILPMP_7_N002,GEN,CA,37.098670999946286,-121.04760497663179
ONEILPMP_7_N003,GEN,CA,37.098592930218274,-121.04766148837413
ONEILPMP_7_N004,GEN,CA,37.098592930218274,-121.04777451162587
ONEILPMP_7_N005,GEN,CA,37.098670999946286,-121.0478310233682
ONEILPMP_7_N006,GEN,CA,37.0987490697548,-121.04777451174233
OPPOR_SR_LNODELD1,LOAD,SRP,33.39999999998842,-112.27994629179449
OPPOR_SR_LNODELD2,LOAD,SRP,33.39999999998842,-112.28005370820551
OPRTUNTY_1_13_1LNODE,LOAD,AVA,47.66579999998056,-117.2368330351486
OPRTUNTY_1_13_2LNODE,LOAD,AVA,47.66579999998056,-117.23696696485139
OQUENDO_LNODE-1,LOAD,NV,36.08226571935499,-115.182878
OQUENDO_LNODE-2,LOAD,NV,36.082185140308695,-115.18282043519189
OQUENDO_LNODE-3,LOAD,NV,36.082185140308695,-115.1829355648081
ORACLE_LNODEROOK,LOAD,WALC,32.363327999989025,-110.58559882011329
ORACLE_LNODEYDEN,LOAD,WALC,32.363327999989025,-110.5857051798867
ORCHARD_FDR1LNODE,LOAD,TPWR,47.21069043006877,-122.50441687831399
ORCHARD_FDR2LNODE,LOAD,TPWR,47.210509569777145,-122.50441687876794
ORCHARD_FDR3LNODE,LOAD,TPWR,47.210509569777145,-122.50468312123206
ORCHARD_FDR4LNODE,LOAD,TPWR,47.21069043006877,-122.50468312168601
ORC_LNODEXF1,LOAD,PSE,47.383056,-122.203333
ORECI_BP_LNODEAWA,LOAD,BPAT,45.33288,-122.779581
ORECI_BP_LNODELSDB252,LOAD,BPAT,45.33287999992917,-122.77945358147535
ORECI_BP_LNODELSDB258,LOAD,BPAT,45.33280242703309,-122.77951729082494
ORECI_BP_LNODEMBDB252,LOAD,BPAT,45.33280242703309,-122.77964470917506
ORECI_BP_LNODEMBDB258,LOAD,BPAT,45.33287999992917,-122.77970841852465
ORECI_BP_LNODESS,LOAD,BPAT,45.332957572931484,-122.7796447093496
ORECI_BP_LNODETON,LOAD,BPAT,45.332957572931484,-122.7795172906504
OREGNTRL_1_N001,LOAD,CA,40.61902099998471,-122.32226045686366
OREGNTRL_6_N001,LOAD,CA,40.61902099998471,-122.32237954313634
OREGON_LNODENK1,LOAD,BANC,37.63168999998624,-120.9742429051075
OREGON_LNODENK2,LOAD,BANC,37.63168999998624,-120.9743570948925
ORE_LNODEXF1,LOAD,PSE,47.458333,-122.223889
ORICK_6_N001,LOAD,CA,41.294542,-124.056522
ORIN_1_1LNODE,LOAD,AVA,48.519,-117.9011
ORI_LNODEXF1,LOAD,PSE,47.438611,-122.242222
ORLANDB_6_N001,LOAD,CA,39.725068,-122.178873
ORMOND1G_7_B1,GEN,CA,34.12971799998795,-119.16888546748744
ORMOND2G_7_B1,GEN,CA,34.12971799998795,-119.16899453251256
ORNC_LNODEWR3,LOAD,PGE,45.52341071868153,-122.899673
ORNC_LNODEWR4,LOAD,PGE,45.523330140639914,-122.89960659906373
ORNC_LNODEWR5,LOAD,PGE,45.523330140639914,-122.89973940093627
OROENGY_7_B1,GEN,CA,39.50542357952801,-121.55937589875259
OROFINO_1_1LNODE,LOAD,AVA,46.49059999998138,-116.2495345515276
OROFINO_1_2LNODE,LOAD,AVA,46.49059999998138,-116.2496654484724
OROLOMA_6_N001,LOAD,CA,36.886866,-120.655928
OROSI_6_N006,LOAD,CA,36.544759,-119.251776
OROVILLE_6_N001,LOAD,CA,39.50524442035656,-121.5593758990519
OROVILLE_6_N005,LOAD,CA,39.50524442035656,-121.5596081009481
OROVILLE_6_N102,LOAD,CA,39.50542357952801,-121.55960810124742
ORSP_GNODERSP,GEN,IPCO,43.45970078261538,-116.29441970976083
ORSR_GNODERSR,GEN,IPCO,43.797006,-117.061013
ORTIZ_LNODERTIZ,LOAD,PNM,35.08151559,-106.5857686
ORT_LNODEXF2,LOAD,PSE,47.0925,-122.212222
ORV_LNODENE1,LOAD,BANC,38.68455,-121.267326944444
ORV_LNODENE2,LOAD,BANC,38.68454999994364,-121.26721189591703
ORV_LNODENE3,LOAD,BANC,38.68446019318104,-121.26721189606141
ORV_LNODENE4,LOAD,BANC,38.68439669026182,-121.26729324758281
ORV_LNODENE5,LOAD,BANC,38.68438150373832,-121.26740663898543
ORV_LNODENE6,LOAD,BANC,38.6844126084275,-121.26751456633991
ORV_LNODENE7,LOAD,BANC,38.6844781061685,-121.26759327946426
ORV_LNODENE8,LOAD,BANC,38.68456298132683,-121.2676308796447
OR_LNODE12A,LOAD,APS,33.535093,-112.062487
OR_LNODE13A,LOAD,APS,33.53509299995331,-112.06237929600313
OR_LNODE14A,LOAD,APS,33.535003223544116,-112.06237929611498
OR_LNODE17A,LOAD,APS,33.53493974207896,-112.0624554542856
OR_LNODE19A,LOAD,APS,33.53492456069214,-112.0625616069885
OR_LNODE22A,LOAD,APS,33.53495565488961,-112.06266264444601
OR_LNODE23A,LOAD,APS,33.53502113051959,-112.06273633262437
OR_LNODE27A,LOAD,APS,33.53510597700722,-112.06277153241201
OR_LNODE28A,LOAD,APS,33.53519561933707,-112.06276564824836
OR_LNODE29A,LOAD,APS,33.53527773796697,-112.06272212178229
OR_LNODE32A,LOAD,APS,33.535343066344964,-112.06264824546663
OR_LNODE33A,LOAD,APS,33.535385569146264,-112.06255337607321
OR_LNODER8A,LOAD,APS,33.5354022510055,-112.06244754741296
OR_LNODER9A,LOAD,APS,33.535392757701594,-112.06234044689194
OSBOR_SR_LNODELD2,LOAD,SRP,33.489831627211615,-111.95007453866819
OSBOR_SR_LNODELD3,LOAD,SRP,33.489862709129675,-111.95017548360192
OSBURN_1_XF1LNODE,LOAD,AVA,47.496,-115.9812
OSC_LNODEXF1,LOAD,PSE,47.221389,-122.036944
OSO_6_N008,GEN,CA,34.810278,-118.72
OSTL_LNODEELF,LOAD,PGE,45.612473,-122.767754
OSWG_LNODEWR1,LOAD,PGE,45.42064699998229,-122.6591002112998
OSWG_LNODEWR3,LOAD,PGE,45.42064699998229,-122.6592277887002
OTAY_6_N001,LOAD,CA,32.595376662064226,-117.05752057560969
OTAY_6_N014,LOAD,CA,32.59519733784581,-117.05752057582266
OTHELLO_1_1LNODE,LOAD,AVA,46.840899999981026,-119.1757339454311
OTHELLO_1_2LNODE,LOAD,AVA,46.840899999981026,-119.1758660545689
OTTER_6_N001,LOAD,CA,36.47781599998705,-121.7270037380447
OVANDO_LNODEOAD,LOAD,NWMT,46.931759,-113.099166
OVA_LNODEXF1,LOAD,PSE,46.873056,-122.695
OVERLAND_LNODE50,LOAD,NV,39.127927548425376,-119.75463756363135
OVERLAND_LNODE60,LOAD,NV,39.1277484514607,-119.75463756392487
OVERLAND_LNODE65,LOAD,NV,39.1277484514607,-119.75486843607513
OVERLAND_LNODE70,LOAD,NV,39.127927548425376,-119.75486843636865
OVES_SUB_LNODEBKB,LOAD,LADWP,37.43792099998635,-118.55704491120122
OVES_SUB_LNODEBKC,LOAD,LADWP,36.443,-118.0438
OVES_SUB_LNODEBKD,LOAD,LADWP,37.342,-118.441
OVE_LNODEXF1,LOAD,PSE,47.619167,-122.232778
OWENS_SR_LNODELD2,LOAD,SRP,33.35360696314034,-111.94241256556526
OWENS_SR_LNODELD3,LOAD,SRP,33.353591803651504,-111.94251834380736
OWENS_SR_LNODELD4,LOAD,SRP,33.35362285299915,-111.942619024848
OW_LNODE10A,LOAD,APS,34.2387713099879,-111.3108748563667
OW_LNODE12A,LOAD,APS,34.2387713099879,-111.3109841436333
OXBOWF_7_B1,GEN,CA,39.2677459999428,-120.77625364289393
OXFD_LNODEWR1,LOAD,PGE,44.92080299998249,-123.0179955564595
OXFD_LNODEWR2,LOAD,PGE,44.92080299998249,-123.0181224435405
OXFORD_1_N001,LOAD,CA,36.7,-120.68
OXGEN_7_B1,GEN,CA,34.300976378405124,-119.18541359473312
OXMOUNTN_6_N001,GEN,CA,37.490797,-122.388967
P0504GT1_7_CN1,LOAD,CA,37.96379937479765,-121.2906776307724
P66REFIN_LNODEBP1,LOAD,BPAT,48.82771472774786,-122.688847
P66REFIN_LNODEBP2,LOAD,BPAT,48.82763413610439,-122.68877632140003
P66REFIN_LNODEBP3,LOAD,BPAT,48.82763413610439,-122.68891767859996
PABCO_LNODE-2,LOAD,NV,36.220927999987175,-114.88956750654864
PACE_SR_LNODELD2,LOAD,SRP,33.24547699998848,-111.83304943880884
PACE_SR_LNODELD3,LOAD,SRP,33.24547699998848,-111.83315656119116
PACFCBCH_6_N001,LOAD,CA,32.799218999988646,-117.24014772581532
PACFCBCH_6_N004,LOAD,CA,32.799218999988646,-117.24025427418468
PACIFICA_6_N001,LOAD,CA,37.59458399998625,-122.48892793722666
PACIFICA_6_N003,LOAD,CA,37.59458399998625,-122.48904206277334
PACIFIC_LNODE131,LOAD,IPCO,46.59214,-120.49675
PACIFIC_LNODE132,LOAD,IPCO,46.59213999992494,-120.49661873506378
PACIF_BP_LNODEWAY,LOAD,BPAT,46.178775,-123.004817
PACKWDHY_6_G01GNODE,GEN,BPAT,46.60369,-121.65868
PACLUMB_7_N002,GEN,CA,40.481389,-124.104444
PADUA_6_N001,LOAD,CA,34.120216,-117.639076
PADUA_6_N004,GEN,CA,34.120215999951775,-117.63896695516098
PADUA_6_N006,GEN,CA,34.12012572587024,-117.639076
PADUA_6_N007,GEN,CA,34.120215999951775,-117.63918504483902
PADUA_6_N008,GEN,CA,34.12030627412968,-117.639076
PAD_LNODEXF1,LOAD,PSE,48.478056,-122.548889
PAET_LNODE011A,LOAD,IPCO,44.057483631775916,-116.92918856296058
PAET_LNODE012A,LOAD,IPCO,44.05730276808608,-116.92918856334494
PAET_LNODE013A,LOAD,IPCO,44.05730276808608,-116.92944023665505
PAET_LNODE014A,LOAD,IPCO,44.057483631775916,-116.92944023703943
PALACE_LNODELACE,LOAD,PNM,34.8599,-106.67
PALMR_1_N001,LOAD,CA,34.825223,-120.298953
PALOMAR_1_N001,LOAD,CA,33.12281772819047,-117.287925
PALOMAR_1_N004,LOAD,CA,33.1227371358924,-117.28786944194597
PALOMAR_1_N013,LOAD,CA,33.1227371358924,-117.28798055805403
PALOUSE_1_1_2LNODE,LOAD,AVA,46.8951,-117.0749
PALVE_SR_LNODENK5,LOAD,SRP,33.384633,-112.858935
PAL_LNODEFDR2,LOAD,APS,49.25052998997959,-124.8102816278218
PAL_LNODEFDR4,LOAD,APS,49.25052998997959,-124.8104191721782
PAL_WIND_2_WINDGNODE,GEN,AVA,46.895101,-117.07496
PANAMA_6_N001,LOAD,CA,35.29556801570901,-119.021525
PANAMA_LNODECOUERCRK1,LOAD,NV,35.29548699213203,-119.02146768568419
PANAMA_LNODECOUERCRK2,LOAD,NV,35.29548699213203,-119.02158231431581
PANORAMA_LNODERAMA,LOAD,PNM,35.28775783,-106.7794974
PANRAMA_1_N001,LOAD,CA,40.434409,-122.2679
PANTANO_LNODECHER,LOAD,WALC,31.964703113998024,-110.57043
PANTANO_LNODEDIST1,LOAD,TEPC,31.964621942989265,-110.57037476017211
PANTANO_LNODEDIST2,LOAD,TEPC,31.964621942989265,-110.57048523982789
PAN_LNODEXF1,LOAD,PSE,47.43,-122.181944
PARADISE_1_N001,LOAD,CA,39.7615578392488,-121.618634
PARADISE_LNODEDISE,LOAD,PNM,39.76147708035982,-121.61857334522642
PARADISX_6_N001,LOAD,CA,39.76147708035982,-121.61869465477358
PARADS_LNODEFEG,LOAD,BANC,37.69056,-121.02061
PARADS_LNODEKHB,LOAD,BANC,37.690559999944874,-121.02049571450051
PARDEE1_7_B1,GEN,CA,38.256954109585,-120.8507
PARDEE2_7_B1,GEN,CA,38.256872945192356,-120.85064032382915
PARDEE3_7_B1,GEN,CA,38.256872945192356,-120.85075967617085
PARKER_2_HYDR1GNODE,GEN,WALC,34.17284030899578,-114.08279384501132
PARKER_2_HYDR2GNODE,GEN,WALC,34.172659690907686,-114.08279384524494
PARKER_2_HYDR3GNODE,GEN,WALC,34.172659690907686,-114.08301215475507
PARKER_2_HYDR4GNODE,GEN,WALC,34.17284030899578,-114.08301215498868
PARKER_LNODEPPLE,LOAD,WALC,34.173617,-114.083199
PARKE_SR_LNODELD4,LOAD,SRP,33.403158,-111.996372
PARKWAY_2_N001,LOAD,CA,38.17,-122.25
PARK_CTY_LNODEOAD,LOAD,NWMT,45.632247,-108.922353
PAR_LNODEAPM,LOAD,BANC,37.668079999986205,-120.9174128750731
PAR_LNODEFVM,LOAD,BANC,37.668079999986205,-120.9175271249269
PATRICK_LNODE25,LOAD,NV,39.55689176170319,-119.540098
PATRICK_LNODEET,LOAD,NV,39.55681111913283,-119.54003761168248
PATRICK_LNODET,LOAD,NV,39.55681111913283,-119.54015838831752
PATRIOT_LNODEC22,LOAD,TEPC,31.962954114844706,-106.4344
PATRIOT_LNODEDIST1,LOAD,TEPC,31.9628729425657,-106.43434476036002
PATRIOT_LNODEM40D,LOAD,TEPC,31.9628729425657,-106.43445523963999
PATUA_GNODEIT,GEN,NV,39.621437637560526,-119.20868237097723
PATUWIND_1_G01GNODE,GEN,BPAT,45.606396,-120.617287
PAT_1_PAT_PSEG_SLRGNODE,GEN,EPE,31.962941666666666,-106.43443611111111
PAT_LNODE12,LOAD,EPE,31.962941666622125,-106.43432980233442
PAT_LNODE14,LOAD,EPE,31.96285147524831,-106.43432980243884
PAT_LNODE15,LOAD,EPE,31.962787700357197,-106.43440497404353
PAT_LNODE16,LOAD,EPE,31.962772448799953,-106.4345097516328
PAT_LNODEXF1,LOAD,PSE,47.003552,-122.754904
PAT_LNODE_10,LOAD,EPE,31.962803686726513,-106.43460948023704
PAT_LNODE_11,LOAD,EPE,31.962869465004662,-106.43468221383944
PAT_LNODE_13,LOAD,EPE,31.962954703674004,-106.43471695762828
PAULSWT_1_GN002,GEN,CA,36.973333,-122.105556
PAULSWT_1_N001,LOAD,CA,36.99234705413821,-121.98202825128297
PAULSWT_1_N004,LOAD,CA,36.9921669457552,-121.98202825154998
PAULSWT_1_N013,GEN,CA,36.9921669457552,-121.98225374845002
PAULSWT_1_N101,LOAD,CA,36.99234705413821,-121.98225374871703
PAWNEE_LNODE-1,LOAD,NV,36.12943699998724,-115.12760757609824
PAWNEE_LNODE-2,LOAD,NV,36.12943699998724,-115.12771842390177
PA_LNODE10A,LOAD,APS,33.59516779171067,-112.23292908066966
PA_LNODE12A,LOAD,APS,33.59508999995319,-112.2328751614366
PA_LNODE13A,LOAD,APS,33.595012208265835,-112.23292908076692
PA_LNODER2A,LOAD,APS,33.595012208265835,-112.23303691923307
PA_LNODER4A,LOAD,APS,33.59508999995319,-112.23309083856341
PA_LNODER6A,LOAD,APS,33.59516779171067,-112.23303691933033
PBTR_LNODESHF,LOAD,PGE,45.61247299992857,-122.7676260049653
PB_LNODE10A,LOAD,APS,33.48382173613031,-111.94098440803705
PB_LNODER1A,LOAD,APS,33.483642263776744,-111.94098440825998
PB_LNODER2A,LOAD,APS,33.483642263776744,-111.94119959174002
PB_LNODER9A,LOAD,APS,33.48382173613031,-111.94119959196296
PCKT_LNODE131,LOAD,IPCO,42.945838,-114.630356
PCK_LNODE0A,LOAD,APS,33.47874971048106,-112.3917402094636
PCK_LNODE13A,LOAD,APS,33.47867199995352,-112.39168641902371
PCK_LNODE2A,LOAD,APS,33.47859428949577,-112.3917402095601
PCK_LNODER4A,LOAD,APS,33.47859428949577,-112.3918477904399
PCK_LNODER5A,LOAD,APS,33.47867199995352,-112.3919015809763
PCK_LNODER6A,LOAD,APS,33.47874971048106,-112.39184779053639
PCR_LNODEXF1,LOAD,PSE,47.495555999980624,-122.19465516246883
PCR_LNODEXF2,LOAD,PSE,47.495555999980624,-122.19478883753116
PC_LNODER1A,LOAD,APS,34.54612744678777,-112.47240220257441
PC_LNODER3A,LOAD,APS,34.545946573113916,-112.47240220281306
PC_LNODER5A,LOAD,APS,34.545946573113916,-112.47262179718695
PC_LNODER7A,LOAD,APS,34.54612744678777,-112.47262179742557
PDTYRONE_LNODERONE,GEN,PNM,32.71,-108.31
PD_LNODE10A,LOAD,APS,33.625227,-112.008904
PD_LNODE14A,LOAD,APS,33.62522699995316,-112.00879609264409
PD_LNODE17A,LOAD,APS,33.62513714792529,-112.00879609275664
PD_LNODE19A,LOAD,APS,33.62507361298993,-112.00887239472347
PD_LNODER1A,LOAD,APS,33.625058418815726,-112.0089787478555
PD_LNODER2A,LOAD,APS,33.62508953920344,-112.00907997608418
PD_LNODER6A,LOAD,APS,33.62515506998295,-112.00915380339563
PD_LNODER9A,LOAD,APS,33.62523998793636,-112.0091890696461
PEABODY_2_N002,LOAD,CA,38.28558699998594,-121.97025256896055
PEABODY_2_N006,LOAD,CA,38.28558699998594,-121.97036743103946
PEABODY_2_N024,GEN,CA,38.317439,-121.834122
PEACE_LNODE-1,LOAD,NV,36.11018571838103,-115.314373
PEACE_LNODE-2,LOAD,NV,36.11010514079566,-115.31431541577996
PEACE_LNODE-3,LOAD,NV,36.11010514079566,-115.31443058422003
PEACHTON_6_N001,LOAD,CA,39.3784769999856,-121.68494608007006
PEACHTON_6_N004,LOAD,CA,39.3784769999856,-121.68506191992994
PEARBLSM_2_N020,GEN,CA,34.508884,-117.918408
PEARBMAP_7_B1,LOAD,CA,34.508883999950896,-117.91829825412502
PEARBMAP_7_B3,LOAD,CA,34.50879356514072,-117.9182982542441
PEARBMAP_7_B4,LOAD,CA,34.50872961811796,-117.91837585623696
PEARBMBP_7_B1,LOAD,CA,34.50871432539329,-117.91848402139897
PEARBMBP_7_B3,LOAD,CA,34.50874564762435,-117.91858697434263
PEARBMBP_7_B4,LOAD,CA,34.5088116034329,-117.91866205952238
PEARBMCP_7_B1,LOAD,CA,34.50889707216307,-117.91869792664747
PEARBMCP_7_B3,LOAD,CA,34.50898737191128,-117.91869193094361
PEARBMDP_7_B1,LOAD,CA,34.50907009278566,-117.91864757930026
PEARLN_LNODE-1,LOAD,NV,36.11669171827562,-115.098549
PEARLN_LNODE-2,LOAD,NV,36.11661114084844,-115.09849141112238
PEARLN_LNODE-3,LOAD,NV,36.11661114084844,-115.09860658887762
PEARL_LNODEERV,LOAD,BPAT,45.32933999998226,-122.77685329374063
PEARL_LNODERV2,LOAD,BPAT,45.32933999998226,-122.77698070625937
PEASE_1_N001,LOAD,CA,39.17010299998576,-121.66113925312504
PEASE_1_N009,LOAD,CA,39.17010299998576,-121.66125474687495
PEA_LNODEXF1,LOAD,PSE,47.294722,-122.240278
PEBBLE_LNODE-1,LOAD,NV,36.027082723753814,-115.119224
PEBBLE_LNODE-2,LOAD,NV,36.02700213810934,-115.11916647082919
PEBBLE_LNODE-3,LOAD,NV,36.02700213810934,-115.11928152917082
PEBLSPRG_NODEBL,GEN,AVRN,45.6756758032917,-120.214719577405
PECOS_LNODE-6,LOAD,NV,36.27559899998719,-115.09569346042345
PECOS_LNODEBK7,LOAD,NV,36.27559899998719,-115.09580453957655
PECTP_7_GENGNODE,GEN,TPWR,46.3291,-119.1185
PEL_LNODE_20,LOAD,EPE,31.728537573301328,-106.21684377320611
PEL_LNODE_21,LOAD,EPE,31.72835687105524,-106.21684377341326
PEL_LNODE_22,LOAD,EPE,31.72835687105524,-106.21705622658675
PEL_LNODE_23,LOAD,EPE,31.728537573301328,-106.21705622679389
PENDLETN_6_N001,LOAD,CA,33.30925299998849,-117.3349783807102
PENDLETN_6_N004,LOAD,CA,33.30925299998849,-117.3350856192898
PENDL_BP_LNODELLA,LOAD,BPAT,45.677397,-118.757004
PENDRGST_LNODELD2,LOAD,SRP,33.466336,-112.313576
PENNGRVE_1_N001,LOAD,CA,38.315547,-122.681119
PENRYN_6_N001,LOAD,CA,38.8444299999859,-121.16613942513398
PENRYN_6_N004,LOAD,CA,38.8444299999859,-121.16625457486602
PEN_LNODE_10,LOAD,EPE,31.723236582105294,-106.31951355466829
PEN_LNODE_11,LOAD,EPE,31.72315833328958,-106.3194604427596
PEN_LNODE_12,LOAD,EPE,31.723080084539184,-106.31951355475798
PEN_LNODE_13,LOAD,EPE,31.723080084539184,-106.31961977857534
PEN_LNODE_14,LOAD,EPE,31.72315833328958,-106.31967289057371
PEN_LNODE_15,LOAD,EPE,31.723236582105294,-106.31961977866503
PEORIA_7_N003,GEN,CA,37.890419,-120.52912
PERA_LNODELD2,LOAD,SRP,33.463219,-111.939477
PERMNNTE_6_N002,LOAD,CA,34.355793,-116.855947
PERRY_6_N008,LOAD,CA,35.570805,-121.055868
PERSON_1_RIOBRAVOGNODE,GEN,PNM,35.027677,-106.642247
PETERSEN_LNODEOAD,LOAD,NWMT,45.137869,-112.682571
PETLMAA_6_N001,LOAD,CA,38.234002,-122.636285
PETLMAC_6_N002,LOAD,CA,38.2390641182539,-122.636804
PETLMAC_6_N003,LOAD,CA,38.23898294085798,-122.63674432895719
PETLMAC_6_N004,LOAD,CA,38.23898294085798,-122.6368636710428
PET_LNODEXF1,LOAD,PSE,48.421667,-122.470556
PEWWOOD_7_B1,GEN,CA,40.2969,-121.0178
PE_ELL_LNODE115,LOAD,BPAT,46.559852,-123.300471
PFS_7_PRAIRE_FIREGNODE,GEN,TEPC,32.07056740995586,-110.8132397735354
PF_LNODEMR4,LOAD,APS,34.749614,-112.452709
PGA_LNODEXF1,LOAD,PSE,47.854722,-122.606667
PGG_GNODE1,GEN,BANC,38.531794557439916,-121.39917584590161
PGG_GNODE2,GEN,BANC,38.531716666610464,-121.39911835859468
PGG_GNODE3,GEN,BANC,38.5316387758653,-121.39917584602607
PGG_GNODEPKR,GEN,BANC,38.5316387758653,-121.39929082063992
PGG_LNODESS1,LOAD,BANC,38.531716666610464,-121.39934830807131
PGG_LNODESS2,LOAD,BANC,38.531794557439916,-121.39929082076439
PHALGLCH_2_Z1GNODE,GEN,BPAT,46.57039,-117.828722
PHA_LNODEXF1,LOAD,PSE,47.595833,-122.132222
PHD_LNODE_10,LOAD,EPE,31.765108784245086,-106.3924885442864
PHD_LNODE_11,LOAD,EPE,31.765030555511544,-106.39243542199594
PHD_LNODE_12,LOAD,EPE,31.76495232684389,-106.3924885443762
PHD_LNODE_13,LOAD,EPE,31.76495232684389,-106.39259478895713
PHD_LNODE_14,LOAD,EPE,31.765030555511544,-106.3926479113374
PHD_LNODE_15,LOAD,EPE,31.765108784245086,-106.39259478904695
PHILLIPS_1_N001,LOAD,CA,37.34,-122.03
PHILO_6_N001,LOAD,CA,39.063719,-123.437524
PHOENIX_7_N001,GEN,CA,38.444858011537114,-120.516861
PHOENIX_LNODE52,LOAD,NV,40.513111,-117.137634
PHP1_7_GNODE1,GEN,PGE,45.449074,-122.151256
PHP2_7_GNODE2,GEN,PGE,45.481761,-122.083193
PICACHO_1_CAPCHILDGNODE,GEN,WALC,32.756658,-111.424479
PICKET_LNODELD3,LOAD,SRP,33.294013,-111.122506
PICKR_SR_LNODELD2,LOAD,SRP,33.400607806038295,-111.960332
PICKR_SR_LNODELD3,LOAD,SRP,33.400527096968396,-111.96027618422717
PICKR_SR_LNODELD4,LOAD,SRP,33.400527096968396,-111.96038781577283
PICOTHM_7_B1,GEN,CA,33.7684,-118.2141
PICO_1_N001,LOAD,CA,33.45676299998844,-117.58919323286267
PICO_1_N004,LOAD,CA,33.45676299998844,-117.58930076713733
PICO_SR_LNODELD1,LOAD,SRP,33.48992815890253,-111.95024910430091
PICO_SR_LNODELD2,LOAD,SRP,33.49001297188313,-111.95028427185417
PIC_LNODE873B,LOAD,EPE,32.356620400348085,-106.78929919674327
PIC_LNODE_20,LOAD,EPE,32.35644071067369,-106.7892991969546
PIC_LNODE_21,LOAD,EPE,32.35644071067369,-106.7895119141554
PIC_LNODE_22,LOAD,EPE,32.356620400348085,-106.78951191436673
PIERCY_1_N201,LOAD,CA,37.28,-121.83
PIKECTY_6_N001,LOAD,CA,39.438734,-120.997847
PIK_LNODEXF2,LOAD,PSE,47.548056,-122.043056
PIMA_SR_LNODELD2,LOAD,SRP,33.47965499998835,-112.42642220845678
PIMA_SR_LNODELD3,LOAD,SRP,33.47965499998835,-112.42652979154322
PINALAPS_LNODED21,LOAD,SRP,33.40423899998841,-110.82172528747623
PINALAPS_LNODEDHG,LOAD,SRP,33.40423899998841,-110.82183271252377
PINAL_SR_LNODELD2,LOAD,SRP,33.37902499998846,-110.9068983129543
PINAL_SR_LNODELD3,LOAD,SRP,33.37902499998846,-110.90700568704571
PINECRK_1_13_1LNODE,LOAD,AVA,47.5396,-116.2302
PINECR_R_LNODEOAD,LOAD,NWMT,45.51119,-110.614733
PINEFLT_7_B1,GEN,CA,36.8300539446402,-119.31
PINEFLT_7_B3,GEN,CA,36.829973027665574,-119.3099416337027
PINEFLT_7_B4,GEN,CA,36.829973027665574,-119.3100583662973
PINENUT_LNODE27,LOAD,NV,38.896337,-119.696097
PINEO_BP_LNODEFMR,LOAD,BPAT,45.445785,-121.128132
PINE_ST_1_XF1LNODE,GEN,AVA,48.18133280267,-117.0401450070512
PINKRTON_LNODELD2,LOAD,SRP,33.62521504437511,-111.71737107030722
PINTO_SR_LNODELD1,LOAD,SRP,33.3945238036178,-110.964
PINTO_SR_LNODELD2,LOAD,SRP,33.39444309817868,-110.96394419064544
PINTO_SR_LNODELD3,LOAD,SRP,33.39444309817868,-110.96405580935456
PIN_LNODEXF2,LOAD,PSE,47.583056,-122.036111
PIONEER_LNODEBUS,LOAD,TIDC,37.39756017328021,-120.7270641608972
PIONEER_LNODEDR1,LOAD,TIDC,37.39756017322573,-120.72695042442128
PIONEER_LNODEDR2,LOAD,TIDC,37.3974698163648,-120.7269504245584
PIONEER_LNODEDR3,LOAD,TIDC,37.3974059244655,-120.72703084832322
PIONEER_LNODEDR4,LOAD,TIDC,37.39739064492007,-120.72714294658331
PIONEER_LNODEDR5,LOAD,TIDC,37.39742194014138,-120.72724964310564
PIONEER_LNODEDR6,LOAD,TIDC,37.397487839085414,-120.72732745855615
PIONEER_LNODEDR7,LOAD,TIDC,37.39757323413797,-120.72736462991926
PIONEER_LNODEDR8,LOAD,TIDC,37.397663456054794,-120.72735841623376
PIONEER_LNODEDR9,LOAD,TIDC,37.39774610563929,-120.72731245188831
PIONEER_LNODER15,LOAD,TIDC,37.397811856418734,-120.72723443776906
PIPELINE_BKLNODE,LOAD,TPWR,47.08925,-122.3702
PIP_LNODE115,LOAD,EPE,31.945,-106.36435555555555
PIP_LNODEXF2,LOAD,PSE,47.358611,-122.070278
PIT1U1_7_B1,GEN,CA,38.030761,-121.869201
PIT1U1_7_B2,GEN,CA,38.030760999944285,-121.86908630788744
PIT1_6_N001,LOAD,CA,38.030670659249246,-121.86908630802888
PIT1_6_N012,GEN,CA,41.0299999999845,-121.42605992105177
PIT3_7_B2,GEN,CA,40.997502248896794,-121.748139
PIT3_7_B3,GEN,CA,40.997420875534864,-121.74807675210265
PIT3_7_B4,GEN,CA,40.997420875534864,-121.74820124789734
PIT3_7_N001,LOAD,CA,38.030606778782065,-121.8691674075287
PIT4_7_B1,GEN,CA,40.98636099998454,-121.84938010999404
PIT4_7_B3,GEN,CA,40.98636099998454,-121.84949989000594
PIT5_7_B1,LOAD,CA,38.030591501969816,-121.86928044765509
PIT5_7_B11,GEN,CA,40.98628741780699,-121.97747422006512
PIT5_7_B13,GEN,CA,40.98610658206907,-121.97747422039359
PIT5_7_B3,GEN,CA,40.98610658206907,-121.9777137796064
PIT5_7_B4,GEN,CA,40.98628741780699,-121.97771377993487
PIT5_7_N001,GEN,CA,38.03062279158937,-121.86938804065916
PIT6U1_7_B1,GEN,CA,38.030688678739935,-121.86946650993269
PIT6U2_7_B1,GEN,CA,38.03077405851228,-121.86950399362412
PIT7U1_7_B1,GEN,CA,38.03086426428773,-121.86949772773815
PIT7U2_7_B1,GEN,CA,38.03094689908763,-121.86945137719593
PITCHGEN_7_B1,GEN,CA,34.42221,-118.572276
PITSBURG_1_N001,LOAD,CA,38.03101263810665,-121.86937270758541
PITTSBRG_6_N101,LOAD,CA,38.031055408073875,-121.8692716827705
PIUTE12_7_N002,GEN,CA,34.597566,-117.933519
PJ_LNODE1A,LOAD,APS,34.44999999998776,-112.26994517081715
PJ_LNODE3A,LOAD,APS,34.44999999998776,-112.27005482918284
PK_LNODE14A,LOAD,APS,35.26707,-111.951976
PLACERVL_1_N001,LOAD,CA,38.73027886166341,-120.788047
PLACER_1_N001,LOAD,CA,38.901310999985846,-121.08802340262966
PLACER_7_N009,LOAD,CA,38.901310999985846,-121.08813859737035
PLAINFLD_6_N001,LOAD,CA,38.61887,-121.793976
PLAINS_LNODEMPC,LOAD,NWMT,47.509959,-114.930298
PLANETRN_LNODEANET,LOAD,WALC,34.16127269818337,-114.38177086876138
PLAYAS_LNODEAYAS,LOAD,PNM,32.375291767277716,-108.5428741
PLAYAS_LNODEMCO,LOAD,PNM,32.375210921349165,-108.5428188328431
PLAYAS_LNODEODY,LOAD,PNM,32.375210921349165,-108.5429293671569
PLA_LNODEXF2,LOAD,PSE,47.616944,-122.0325
PLCRVLB2_7_N001,GEN,CA,38.73019806915308,-120.78798720571302
PLCRVLB2_7_N002,GEN,CA,38.73019806915308,-120.78810679428697
PLESNTVW_1_1LNODE,LOAD,AVA,47.7313,-117.0011
PLG_LNODEXF1,LOAD,PSE,47.069898,-122.831524
PLM_LNODER1A,LOAD,APS,32.940643999988644,-112.87335565836946
PLM_LNODER3A,LOAD,APS,32.940643999988644,-112.87346234163054
PLOALTO_1_N001,LOAD,CA,33.356029648193925,-117.1119886715524
PLOALTO_1_N007,LOAD,CA,33.35585035171371,-117.11198867177347
PLOALTO_1_N013,LOAD,CA,33.35585035171371,-117.11220332822651
PLOALTO_1_N019,GEN,CA,33.356029648193925,-117.1122033284476
PLSNTGR_6_N013,GEN,CA,38.838056,-121.341944
PLUMAS_6_N001,LOAD,CA,39.026121,-121.54308
PLUMMER_1_1GNODE,GEN,AVA,47.33755423768896,-116.8887
PLUMMER_7_KEC_LDLNODE,LOAD,AVA,47.33747288113464,-116.88863068809079
PLUMMER_7_PLUMMER_LDLNODE,LOAD,AVA,47.33747288113464,-116.88876931190921
PLU_LNODEXF2,LOAD,PSE,47.043889,-122.893611
PLYMB_BP_LNODEUTH,LOAD,BPAT,45.933433,-119.408044
PLY_LNODEXF1,LOAD,PSE,48.768333,-122.47
PL_GNODEPLST1,GEN,APS,33.384757666247545,-112.85905561448112
PL_GNODEPLST2,GEN,APS,33.384578333660045,-112.85905561470261
PL_GNODEPLST3,GEN,APS,33.384578333660045,-112.85927038529739
PL_LNODEAUX1,LOAD,APS,33.384757666247545,-112.85927038551888
PMA_LNODEXF1,LOAD,PSE,47.679722,-122.540556
PMPPLTP_LNODE-1,LOAD,NV,36.022008,-114.812763
PMPPLTP_LNODE-2,LOAD,NV,36.02200799994914,-114.8126522909185
PMTH_LNODEWR1,LOAD,PGE,45.594425,-122.72036
PM_LNODEDR3,LOAD,APS,33.47960701,-112.426371
PM_LNODEDR4,LOAD,APS,33.47960700995352,-112.42626341701661
PM_LNODEDR5,LOAD,APS,33.47951727690016,-112.42626341712804
PM_LNODEDR6,LOAD,APS,33.4794538260922,-112.42633948972943
PM_LNODER13,LOAD,APS,33.47943865203695,-112.42644552316234
PM_LNODER14,LOAD,APS,33.47946973121833,-112.42654644709708
PM_LNODER15,LOAD,APS,33.47953517522838,-112.4266200524811
PM_LNODER16,LOAD,APS,33.47961998074105,-112.42665521271852
PNEDLE_1_N001,LOAD,CA,36.829999999986725,-119.82994383698444
PNEDLE_1_N002,LOAD,CA,36.829999999986725,-119.83005616301556
PNEGRVE_6_N001,LOAD,CA,38.41271199998601,-120.6602245387678
PNEGRVE_6_N002,LOAD,CA,38.41271199998601,-120.6603394612322
PNGE_LNODE132,LOAD,IPCO,43.11056899998347,-112.57343842401683
PNGE_LNODE133,LOAD,IPCO,43.11056899998347,-112.57356157598318
PNP1_2_GNODE1,GEN,PGE,44.69475702952913,-121.230782
PNP1_2_GNODE2,GEN,PGE,44.69467598521653,-121.23071617743747
PNP1_2_GNODE3,GEN,PGE,44.69467598521653,-121.23084782256254
PNR_LNODE10A,LOAD,APS,33.797682,-112.127849
PNR_LNODE12A,LOAD,APS,33.79768199995266,-112.12774068992145
PNR_LNODE17A,LOAD,APS,33.797591993522,-112.12774069003535
PNR_LNODE20A,LOAD,APS,33.797528349407756,-112.1278172767694
PNR_LNODE21A,LOAD,APS,33.79751312912358,-112.12792402682184
PNR_LNODE22A,LOAD,APS,33.79754430298807,-112.1280256328448
PNR_LNODEFDR1,LOAD,APS,33.79760994637545,-112.12809973568885
PNR_LNODER2A,LOAD,APS,33.797695010252276,-112.12813513355908
PNR_LNODER4A,LOAD,APS,33.79778488226022,-112.12812921628718
PNTARNA_6_N001,LOAD,CA,38.912571,-123.679495
PNUF_LNODE41A,LOAD,IPCO,42.79874399998378,-112.36483090283942
PNUF_LNODE42A,LOAD,IPCO,42.79874399998378,-112.36495309716058
POC_LNODENE2,LOAD,BANC,38.490383333333334,-121.470263055556
POC_LNODENE3,LOAD,BANC,38.49038333327713,-121.4701480990094
POC_LNODENE4,LOAD,BANC,38.490293355392375,-121.470263055556
POC_LNODENE7,LOAD,BANC,38.49038333327713,-121.47037801210259
POC_LNODENE8,LOAD,BANC,38.49047331127424,-121.470263055556
POE1_7_B1,GEN,CA,39.716095318382706,-121.52100969484766
POE2_7_B1,GEN,CA,39.716095318382706,-121.52112630515234
POINTLMA_6_N013,LOAD,CA,32.74152175021991,-117.233364
POINTLMA_6_N014,LOAD,CA,32.74144112487782,-117.23330865823404
POINTLMA_6_N021,GEN,CA,32.74144112487782,-117.23341934176597
POLARIS_LNODE-1,LOAD,NV,36.108880718407704,-115.18476
POLARIS_LNODE-2,LOAD,NV,36.108800140782286,-115.18470241670809
POLARIS_LNODE-3,LOAD,NV,36.108800140782286,-115.18481758329192
POLK_FDR1LNODE,LOAD,TPWR,47.16895043504436,-122.39771697564485
POLK_FDR2LNODE,LOAD,TPWR,47.16876956480166,-122.39771697609784
POLK_FDR3LNODE,LOAD,TPWR,47.16876956480166,-122.39798302390216
POLK_FDR4LNODE,LOAD,TPWR,47.16895043504436,-122.39798302435516
POLPASPP_6_N002,LOAD,CA,38.57552299994369,-121.49770299452835
POMERADO_6_N001,LOAD,CA,32.941482719314884,-117.032882
POMERADO_6_N004,LOAD,CA,32.9414021403303,-117.03282656531631
POMERADO_6_N008,LOAD,CA,32.9414021403303,-117.03293743468369
POMEY_BP_LNODEINL,LOAD,BPAT,46.368608,-117.578425
PONDERA_LNODEOAD,LOAD,NWMT,48.09447,-112.112773
PORTA_BP_LNODESS,LOAD,BPAT,48.101053,-123.418175
PORTA_BP_LNODETY1,LOAD,BPAT,48.10105299992149,-123.41804051190005
PORTA_BP_LNODETY2,LOAD,BPAT,48.10096318622976,-123.41804051213502
PORTA_BP_LNODEUSP,LOAD,BPAT,48.100899678431006,-123.418135609465
PORTA_BP_LNODEUST,LOAD,BPAT,48.100884490727104,-123.41826816031974
PORTA_BP_LNODEUSU,LOAD,BPAT,48.100915597768044,-123.41839432391451
PORTA_BP_LNODEUSW,LOAD,BPAT,48.10098110050294,-123.4184863371171
PORTA_BP_LNODEUSY,LOAD,BPAT,48.101065982174255,-123.41853029069023
PORTK_BP_LNODEFMR,LOAD,BPAT,46.0307,-122.8677
PORTLND_FDR1LNODE,LOAD,TPWR,47.229480426809225,-122.40753683592717
PORTLND_FDR2LNODE,LOAD,TPWR,47.229299573036485,-122.40753683638157
PORTLND_FDR3LNODE,LOAD,TPWR,47.229299573036485,-122.40780316361844
PORTLND_FDR4LNODE,LOAD,TPWR,47.229480426809225,-122.40780316407282
PORTOLA_LNODE31,LOAD,NV,39.803943999985336,-120.46453157749829
PORTOLA_LNODE32,LOAD,NV,39.803943999985336,-120.46464842250171
PORTO_BP_LNODEOOS,LOAD,BPAT,42.769079,-124.465947
PORT_ANG_6_G01GNODE,GEN,BPAT,48.10115566174005,-123.41852294348327
POSOMT_1_N001,LOAD,CA,35.559194,-118.957501
POSTFALL_1_1GNODE,GEN,AVA,47.709078080910096,-116.96093300585599
POSTFALL_1_1LNODE,LOAD,AVA,47.70899999992203,-116.96086601191273
POSTFALL_1_2GNODE,GEN,AVA,47.70892191905096,-116.96093300605673
POSTFALL_1_3GNODE,GEN,AVA,47.70892191905096,-116.96106699394328
POSTFALL_1_4GNODE,GEN,AVA,47.70899999992203,-116.96113398808727
POSTFALL_1_5GNODE,GEN,AVA,47.709078080910096,-116.961066994144
POST_1_N001,LOAD,CA,39.11,-121.64
POST_ST_7_BUSA_LDLNODE,LOAD,AVA,47.66139019899997,-117.42376607626586
POST_ST_7_BUSB_LDLNODE,LOAD,AVA,47.661209800844176,-117.42376607672863
POST_ST_7_BUSC_LDLNODE,LOAD,AVA,47.661209800844176,-117.42403392327137
POST_ST_7_BUSD_LDLNODE,LOAD,AVA,47.66139019899997,-117.42403392373414
POTLATCH_1_POTLATCHLNODE,LOAD,AVA,46.9263,-116.9051
POTLA_BP_LNODEN31,LOAD,BPAT,47.3833869999806,-123.18640626053109
POTLA_BP_LNODESN1,LOAD,BPAT,47.3833869999806,-123.18653973946891
POTRERO_1_N001,LOAD,CA,37.46005423161257,-122.4
POTRERO_1_N013,LOAD,CA,37.45997288417899,-122.39994083241324
POTRERO_1_N016,LOAD,CA,37.45997288417899,-122.40005916758676
POTTE_SR_LNODELD1,LOAD,SRP,33.35855599998845,-111.64697633326122
POTTE_SR_LNODELD2,LOAD,SRP,33.35855599998845,-111.64708366673878
POTTRVLY_7_N002,GEN,CA,39.361768,-123.12806
POT_LNODEXF1,LOAD,PSE,48.335833,-122.664167
POUNDLN_1_1LNODE,LOAD,AVA,46.39669999998148,-117.06553472453008
POUNDLN_1_2LNODE,LOAD,AVA,46.39669999998148,-117.06566527546991
POUST_LNODEIGQ,LOAD,BANC,37.69046956305469,-121.02049571463989
POUST_LNODELD2,LOAD,BANC,37.6904056145667,-121.02057652662188
POU_LNODEXF1,LOAD,PSE,47.741944,-122.656389
POWAY_6_N001,LOAD,CA,32.978722999988655,-117.03130363648788
POWAY_6_N010,LOAD,CA,32.978722999988655,-117.03141036351212
POWER_LNODEOAD,LOAD,NWMT,47.719635,-111.667287
PP1_LNODEOAD,LOAD,LADWP,34.59026131985074,-118.4546210726575
PP1_PP2_GNODE1A,GEN,LADWP,34.590182999950734,-118.45456614541855
PP1_PP2_GNODE3,GEN,LADWP,34.590104680124576,-118.45462107276106
PP1_PP2_GNODE4,GEN,LADWP,34.590104680124576,-118.45473092723894
PP1_PP2_GNODE5A,GEN,LADWP,34.590182999950734,-118.45478585458144
PP1_PP2_LNODELMW,LOAD,LADWP,34.59026131985074,-118.4547309273425
PP2_GNODE1,GEN,LADWP,34.534337,-118.525113
PP2_GNODE2,GEN,LADWP,34.53433699995089,-118.52500321857235
PP2_GNODE3,GEN,LADWP,34.534246563531276,-118.525113
PP2_LNODEAUX,LOAD,LADWP,34.53433699995089,-118.52522278142764
PP2_LNODEOAD,LOAD,LADWP,34.534427436468654,-118.525113
PPRK_LNODEWR1,LOAD,PGE,45.570942,-122.681892
PPSTLTAP_1_N001,LOAD,CA,38.01999999998606,-122.36994265860079
PPSTLTAP_1_N104,LOAD,CA,38.01999999998606,-122.3700573413992
PRAGER_LNODEAGER,LOAD,PNM,35.1057,-106.661
PRAIE_BP_LNODEFMR,LOAD,BPAT,44.1037067,-123.1578962
PRAIRIE_1_1LNODE,LOAD,AVA,47.73,-116.8951
PRAIR_BP_LNODERIE,LOAD,BPAT,47.73,-116.895
PRAPTP_7_GENGNODE,GEN,TPWR,46.64449,-119.90959
PRAP_2_GNODE1,GEN,PGE,46.64499999998114,-119.90806572615418
PRAXAIR_1_B1,LOAD,CA,37.99999999998611,-121.80994266753221
PRCPTATA_LNODEOAD,LOAD,NWMT,46.028684,-112.50973
PRCTRV1_7_N001,GEN,CA,32.678668,-116.980784
PRCTRVLY_1_N001,LOAD,CA,32.665044,-116.986801
PRC_GDRD_LNODEOAD,LOAD,NWMT,45.701714,-109.408463
PRC_PUMP_LNODEOAD,LOAD,NWMT,45.691754,-109.368599
PRE_LNODEXF1,LOAD,PSE,47.490278,-122.165
PRGS_LNODEWR1,LOAD,PGE,45.44742599998226,-122.78436018509791
PRGS_LNODEWR2,LOAD,PGE,45.44742599998226,-122.78448781490208
PRIESTRV_1_BPAT_PRIESTRVLNODE,LOAD,AVA,48.1794,-116.9134
PRIES_BP_LNODE115,LOAD,BPAT,48.216315,-116.865084
PRINCESS_LNODECESS,LOAD,PNM,35.0765,-106.531
PRINCE_LNODE-1,LOAD,NV,36.1592609999872,-115.0842235544866
PRINCE_LNODE-2,LOAD,NV,36.1592609999872,-115.08433444551339
PRING_SR_LNODELD2,LOAD,SRP,33.57125619380391,-112.10927721521455
PRING_SR_LNODELD3,LOAD,SRP,33.57119269130943,-112.10935343059047
PRING_SR_LNODELD4,LOAD,SRP,33.57117750489341,-112.10945966302849
PRI_LNODEXF1,LOAD,PSE,46.98435999998097,-122.93505572936073
PRI_LNODEXF2,LOAD,PSE,46.98435999998097,-122.93518827063927
PRNX_GNODERANCH,GEN,APS,35.41368,-112.213009
PROCGEN_7_B1,GEN,CA,34.3007956214976,-119.18541359496857
PROCYON_LNODE-2,LOAD,NV,36.087354999987255,-115.18720360484528
PROCYON_LNODEBK3,LOAD,NV,36.087354999987255,-115.18731439515473
PROGRESS_1_SANDOVALPVGNODE,GEN,PNM,35.28228,-106.808219
PROGRESS_LNODERESS,LOAD,PNM,45.446324,-122.784111
PROSS_BP_LNODEREA,LOAD,BPAT,46.21155786928862,-119.76646613052243
PROSS_BP_LNODERFR,LOAD,BPAT,46.21137813056434,-119.76646613094744
PROSS_BP_LNODEUD1,LOAD,BPAT,46.21137813056434,-119.76672586905256
PROSS_BP_LNODEUD2,LOAD,BPAT,46.21155786928862,-119.76672586947757
PRSCOT_LNODEAEJ,LOAD,BANC,37.6903903214879,-121.02068916599474
PRSCOT_LNODETKD,LOAD,BANC,37.69042164442615,-121.02079637755577
PRS_7_PICTURE_ROCKSGNODE,GEN,TEPC,32.401358080665865,-111.12597857601072
PRUNEDLE_1_N001,LOAD,CA,36.785518920972784,-121.671051
PRUNEDLE_1_N002,LOAD,CA,36.785438039499425,-121.67099269323379
PRUNEDLE_1_N004,GEN,CA,36.785438039499425,-121.67110930676621
PRYOR_CR_LNODEOAD,LOAD,NWMT,45.771429,-108.290398
PRYOR_LNODEOAD,LOAD,NWMT,45.767871,-108.379304
PR_LNODER2A,LOAD,APS,34.26199399998784,-111.18187333393375
PR_LNODER6A,LOAD,APS,34.26199399998784,-111.18198266606625
PSARBLS_6_N001,LOAD,CA,35.61564884893555,-120.67989
PSARBLS_6_N005,LOAD,CA,35.61556807551859,-120.67983263488163
PSARBLS_6_N007,LOAD,CA,35.61556807551859,-120.67994736511837
PSE-BEAR_7_B1,GEN,CA,35.41916699998742,-118.92577783331386
PSE-LVOK_7_B1,GEN,CA,35.41916699998742,-118.92588816668615
PSEMCKIT_7_B1,GEN,CA,35.319444,-119.662222
PSWP_GNODESWP,GEN,IPCO,43.792039,-116.94176
PTMRTTI_6_N001,LOAD,CA,37.030856,-122.187639
PTRSN_SA_LNODEOAD,LOAD,NWMT,44.987942,-112.976628
PTR_PP_GNODEA,GEN,LADWP,35.248006,-118.175356
PTR_PP_GNODEB,GEN,LADWP,35.24800599995,-118.17524571097996
PTR_PP_GNODEC,GEN,LADWP,35.24791593113799,-118.17524571110249
PTR_PP_GNODED,GEN,LADWP,35.24785224291597,-118.17532369715518
PTR_PP_GNODEE,GEN,LADWP,35.24783701208192,-118.17543239763398
PTR_PP_GNODEEE,GEN,LADWP,35.24786820754641,-118.1755358601003
PTR_PP_GNODEF,GEN,LADWP,35.24793389642246,-118.17561131688711
PTR_PP_LNODEROM,LOAD,LADWP,35.24801901925079,-118.1756473615291
PTS7SWNG_7_B2,GEN,CA,38.0310721947884,-121.86915898759821
PTSB5_7_B2,GEN,CA,38.03106264179966,-121.86904493804329
PTSB6_7_B2,GEN,CA,38.03102854796462,-121.86893872657579
PTS_LNODE12A,LOAD,APS,33.20287099998852,-112.66701947542523
PTS_LNODE14A,LOAD,APS,33.20287099998852,-112.66712652457475
PT_LNODEM11,LOAD,APS,33.660221,-112.237215
PT_ROCKS_LNODEOAD,LOAD,NWMT,45.39278,-112.428461
PUEBLOPG_1_N001,LOAD,CA,38.345348999986,-122.29956355419145
PUEBLOPG_1_N010,LOAD,CA,38.345348999986,-122.29967844580855
PUMPPLT3_LNODE-1,LOAD,NV,36.02191845947365,-114.812763
PUMPPLT5_LNODE-1,LOAD,NV,36.02200799994914,-114.81287370908149
PUMPPLT6_LNODE-1,LOAD,NV,36.02209754052638,-114.812763
PURGATRY_LNODE1I,LOAD,NV,40.57955799998474,-119.340857502952
PURISIMA_1_N001,LOAD,CA,34.700622,-120.435261
PU_LNODER2A,LOAD,APS,34.887950999987545,-112.47049893207439
PU_LNODER4A,LOAD,APS,34.887950999987545,-112.47060906792561
PVLY_LNODEWR1,LOAD,PGE,45.46007499998221,-122.48624117239405
PVLY_LNODEWR2,LOAD,PGE,45.46007499998221,-122.48636882760594
PV_LNODE10A,LOAD,APS,33.505401,-112.425661
PV_LNODE12A,LOAD,APS,33.50540099995349,-112.42555336121461
PV_LNODE13A,LOAD,APS,33.505311247097104,-112.42555336132624
PV_LNODE17A,LOAD,APS,33.50524778228628,-112.42562947338548
PV_LNODE20A,LOAD,APS,33.50523260488238,-112.42573556181645
PV_LNODEFDR18,LOAD,APS,33.50526369092241,-112.42583653809905
PV_LNODER1A,LOAD,APS,33.50532914937495,-112.42591018166138
PV_LNODER2A,LOAD,APS,33.505413973603176,-112.42594536013628
PV_LNODER5A,LOAD,APS,33.50550359241534,-112.42593947953492
PV_LNODER9A,LOAD,APS,33.505585689501224,-112.42589597942255
PWP1_2_GNODECTG,GEN,PGE,46.17816,-123.173283
PWP1_2_GNODESTG,GEN,PGE,46.178159999926606,-123.17315325122098
PWP1_LNODEN4,LOAD,PGE,46.178070159504855,-123.17315325143296
PWP2_2_GNODE1,GEN,PGE,46.17800663280055,-123.17324499756847
PWP2_2_GNODE10,GEN,PGE,46.17799144057859,-123.17337287739667
PWP2_2_GNODE11,GEN,PGE,46.17802255688856,-123.17349459504119
PWP2_2_GNODE12,GEN,PGE,46.178088079131804,-123.17358336571625
PWP2_2_GNODE2,GEN,PGE,46.17817298607348,-123.1736257703456
PWP2_2_GNODE3,GEN,PGE,46.178262692327884,-123.17361868201421
PWP2_2_GNODE4,GEN,PGE,46.17834486956163,-123.1735662466987
PWP2_2_GNODE5,GEN,PGE,46.178410244587724,-123.17347724940322
PWP2_2_GNODE6,GEN,PGE,46.178452777744155,-123.17336296203871
PWP2_2_GNODE7,GEN,PGE,46.17846947150453,-123.1732354721863
PWP2_2_GNODE8,GEN,PGE,46.178459971385806,-123.17310645014868
PWP2_2_GNODE9,GEN,PGE,46.17842606628897,-123.17298629522949
PWP2_LNODE116,LOAD,PGE,46.1787,-123.1723
PWP2_LNODE120,LOAD,PGE,46.17869999992662,-123.17217024927596
PWP2_LNODE216,LOAD,PGE,46.17862219549193,-123.17223512472978
PWP2_LNODE316,LOAD,PGE,46.17862219549193,-123.17236487527022
PWP2_LNODE320,LOAD,PGE,46.17869999992662,-123.17242975072404
PWP2_LNODE416,LOAD,PGE,46.17877780447138,-123.17236487545381
PWP2_LNODE602,LOAD,PGE,46.17877780447138,-123.17223512454619
PYGS_1_PYRAMID A1GNODE,GEN,PNM,32.23751495052223,-108.54844365585338
PYGS_1_PYRAMID A2GNODE,GEN,PNM,32.2373350493886,-108.54844365606394
PYGS_1_PYRAMID A3GNODE,GEN,PNM,32.2373350493886,-108.54865634393606
PYGS_1_PYRAMID A4GNODE,GEN,PNM,32.23751495052223,-108.54865634414664
PYR_LNODER1A,LOAD,APS,33.74143195533264,-112.19399882239249
PYR_LNODER2A,LOAD,APS,33.74125204457303,-112.19399882261938
PYR_LNODER4A,LOAD,APS,33.74125204457303,-112.19421517738061
PYR_LNODER5A,LOAD,APS,33.74143195533264,-112.1942151776075
PY_LNODEFDR13,LOAD,APS,33.42082818,-112.4791441
PY_LNODEFDR14,LOAD,APS,33.42082817995369,-112.47903664089033
PY_LNODEFDR23,LOAD,APS,33.420738489501574,-112.4791441
PY_LNODEFDR24,LOAD,APS,33.42082817995369,-112.47925155910967
PY_LNODEFDR25,LOAD,APS,33.42091787049839,-112.4791441
P_BURG_LNODEK1L,LOAD,NWMT,46.32939,-113.293274
P_RAP_SW_2_GRANTSHAREGNODE,GEN,AVRN,46.643851,-119.911178
P_TN_MIL_6_G02GNODE,GEN,BPAT,48.09443999998036,-122.79636723957181
Q189GN1_7_N001,GEN,CA,33.139,-117.3328
Q442GEN_7_N005,GEN,CA,32.6869439999888,-115.64772476469044
Q442GEN_7_N012,GEN,CA,32.6869439999888,-115.64783123530955
Q477_7_B1,GEN,CA,39.67345,-121.72736
Q481_7_GN001,GEN,CA,38.277778,-120.913611
Q510_7_N005,GEN,CA,32.6645,-115.6739
Q633C1_7_N001,GEN,CA,36.136583,-120.344012
Q643W_7_N004,GEN,CA,36.233644,-119.916837
Q643XC2_7_N002,GEN,CA,36.57801,-120.40228
Q723EQ2_7_N001,GEN,CA,36.940537,-119.959676
QRY_LNODE1,LOAD,PSE,47.121667,-122.6375
QS_CPXG1GNODE,GEN,SRP,33.16245699998852,-111.49278650845184
QS_CPXG2GNODE,GEN,SRP,33.16245699998852,-111.49289349154816
QS_LNODE10A,LOAD,APS,34.68937342123181,-111.99230303183451
QS_LNODE14A,LOAD,APS,34.68919257866933,-111.99230303207474
QS_LNODER2A,LOAD,APS,34.68919257866933,-111.99252296792525
QS_LNODER6A,LOAD,APS,34.68937342123181,-111.99252296816549
QUAIL_LNODE-1,LOAD,NV,36.08401871926896,-115.241828
QUAIL_LNODE-2,LOAD,NV,36.0839381403517,-115.24177043400051
QUAIL_LNODE-3,LOAD,NV,36.0839381403517,-115.24188556599948
QUAIL_SR_LNODELD1,LOAD,SRP,33.16245899998852,-111.49282750845025
QUAIL_SR_LNODELD2,LOAD,SRP,33.16245899998852,-111.49293449154975
QUARR_BP_LNODERRY,LOAD,BPAT,45.9057,-119.3169
QUEBEC_1_N001,LOAD,CA,36.07,-119.56
QUEENCRK_LNODELD3,LOAD,SRP,33.26671899998845,-111.61339441988542
QUEENCRK_LNODELD4,LOAD,SRP,33.26671899998845,-111.61350158011459
QUENETT_LNODEGE1,LOAD,BPAT,45.63702953661254,-121.20473194436536
QUENETT_LNODEGE2,LOAD,BPAT,45.63685046324432,-121.2047319447746
QUENETT_LNODELK1,LOAD,BPAT,45.63685046324432,-121.20498805522541
QUENETT_LNODELK2,LOAD,BPAT,45.63702953661254,-121.20498805563463
QUILC_BP_LNODEFMR,LOAD,BPAT,47.828923,-122.867895
QU_LNODE18A,LOAD,APS,32.702562,-114.620813
QU_LNODE21A,LOAD,APS,32.70256199995519,-114.62070652001454
QU_LNODE22A,LOAD,APS,32.702472398516484,-114.620813
QU_LNODE26A,LOAD,APS,32.70256199995519,-114.62091947998546
QU_LNODE30A,LOAD,APS,32.70265160148328,-114.620813
RAB_LNODEEQL,LOAD,APS,35.624619,-111.867839
RADAR_BS_LNODEOAD,LOAD,NWMT,47.144483,-109.432926
RADAR_LNODESBR,LOAD,BPAT,46.433325,-123.814657
RADUM_6_N001,LOAD,CA,37.67264599998626,-121.85946487140774
RADUM_6_N004,LOAD,CA,37.67264599998626,-121.85957912859226
RAFT_LNODEAFT,LOAD,IPCO,42.94363,-115.981731
RAGTOWN_GNODETS,GEN,NV,39.512512,-118.931546
RAILROD_LNODE-1,LOAD,NV,36.05650372100143,-115.211017
RAILROD_LNODE-2,LOAD,NV,36.05642313948551,-115.21095945227805
RAILROD_LNODE-3,LOAD,NV,36.05642313948551,-115.21107454772196
RAILWELD_LNODEOAD,LOAD,NWMT,45.675688,-108.732116
RAINBOW_1_N001,LOAD,CA,36.709983,-119.538157
RAINBOW_LNODE-1,LOAD,NV,36.1742857193457,-115.238001
RAINBOW_LNODE-2,LOAD,NV,36.17420514031338,-115.23794336767538
RAINBOW_LNODE-3,LOAD,NV,36.17420514031338,-115.23805863232462
RAINR_BP_LNODEPGE,LOAD,BPAT,46.07718099998175,-122.93019530449374
RAINR_BP_LNODEPUD,LOAD,BPAT,46.07718099998175,-122.93032469550626
RAI_LNODEXF1,LOAD,PSE,46.891111,-122.691389
RALSTON_1_BIG_BENDLNODE,LOAD,AVA,46.9129,-118.3143
RALSTON_7_B1,GEN,CA,39.0,-120.71
RAMCOOY_7_B1,GEN,CA,32.59519733784581,-117.05773342417733
RAMNGEN_7_N002,GEN,CA,33.01368,-115.128889
RAMNGEN_7_N003,GEN,CA,33.014809,-116.87543
RAMP_LNODEWR1,LOAD,PGE,45.482452,-122.5318
RAMSEYAE_LNODELD,LOAD,WALC,31.465709,-110.258194
RANBW_BP_LNODEEC2,LOAD,BPAT,44.00212199998278,-123.2412491369175
RANBW_BP_LNODEXF1,LOAD,BPAT,44.00212199998278,-123.2413748630825
RANCHRS_1_N001,LOAD,CA,36.700797999986875,-119.75437400116115
RANDSBRG_1_N001,LOAD,CA,35.375699,-117.655868
RAN_VIST_LNODEC42,LOAD,TEPC,32.42519778711178,-110.96971062873298
RAN_VIST_LNODEC72,LOAD,TEPC,32.425018212798996,-110.96971062894477
RAN_VIST_LNODEDIST1,LOAD,TEPC,32.425018212798996,-110.96992337105523
RAN_VIST_LNODEDIST4,LOAD,TEPC,32.42519778711178,-110.96992337126701
RATHDRUM_1_13_1LNODE,LOAD,AVA,47.80389999998049,-116.87043294467406
RATHDRUM_1_13_2LNODE,LOAD,AVA,47.80389999998049,-116.87056705532594
RATHDRUM_1_1GNODE,GEN,AVA,47.80379999998049,-116.86673294473714
RATHDRUM_1_2GNODE,GEN,AVA,47.80379999998049,-116.86686705526287
RATTLSNK_7_RB2N002,GEN,CA,34.866517,-118.370572
RAWSON_6_N001,LOAD,CA,40.145295999985066,-122.21242808907787
RAWSON_6_N002,LOAD,CA,40.145295999985066,-122.21254591092213
RAY_SR_LNODELD1,LOAD,SRP,33.17031956043024,-111.0080590043534
RAY_SR_LNODELD2,LOAD,SRP,33.170140439478224,-111.00805900457203
RAY_SR_LNODELD3,LOAD,SRP,33.170140439478224,-111.00827299542796
RAY_SR_LNODELD4,LOAD,SRP,33.17031956043024,-111.0082729956466
RBOW_GEN_1_RBOWGNODE,GEN,NWMT,47.539609,-111.195026
RBP1_2_GNODE1,GEN,PGE,44.60264507817233,-121.26801
RBP1_2_GNODE2,GEN,PGE,44.602563960894926,-121.26794422271817
RBP1_2_GNODE3,GEN,PGE,44.602563960894926,-121.26807577728182
RBQ_LNODE_10,LOAD,EPE,31.66166716306805,-106.31462746155078
RBQ_LNODE_11,LOAD,EPE,31.661588888845095,-106.31457436763549
RBQ_LNODE_12,LOAD,EPE,31.66151061468803,-106.31462746164024
RBQ_LNODE_13,LOAD,EPE,31.66151061468803,-106.31473364947085
RBQ_LNODE_14,LOAD,EPE,31.661588888845095,-106.31478674347561
RBQ_LNODE_15,LOAD,EPE,31.66166716306805,-106.31473364956031
RBSS_LNODEAR4,LOAD,PGE,45.6027,-122.2682
RBYGULCH_LNODEOAD,LOAD,NWMT,47.070485,-109.346228
RB_LNODER1A,LOAD,APS,33.21751199998855,-112.42708546304735
RB_LNODER5A,LOAD,APS,33.21751199998855,-112.42719253695265
RCARMEL_6_N001,LOAD,CA,32.99378371822819,-117.077745
RCARMEL_6_N004,LOAD,CA,32.9937031408736,-117.07768953360795
RCARMEL_6_N011,LOAD,CA,32.9937031408736,-117.07780046639205
RCH_LNODEFDR3,LOAD,APS,34.51265290110624,-110.13145430989583
RCH_LNODEFDR5,LOAD,APS,33.82872264041782,-111.94752815523229
RCK1_7_WINDGNODE,GEN,IPCO,42.52685145759147,-114.03726550220672
RCW_GNODE1,GEN,LADWP,35.236729,-118.055141
RCW_GNODE2,GEN,LADWP,35.236728999949975,-118.05503071404661
RDGPOWER_1_UNIT1GNODE,GEN,BANC,40.50886323719078,-122.42473058931253
RDGPOWER_1_UNIT2GNODE,GEN,BANC,40.50878499993913,-122.42467117876367
RDGPOWER_1_UNIT3GNODE,GEN,BANC,40.50870676277876,-122.42473058945114
RDGPOWER_1_UNIT4GNODE,GEN,BANC,40.50870676277876,-122.42484941054886
RDGPOWER_1_UNIT5GNODE,GEN,BANC,40.50878499993913,-122.42490882123633
RDGPOWER_1_UNIT6GNODE,GEN,BANC,40.50886323719078,-122.42484941068747
RDLD_LNODEWR1,LOAD,PGE,45.330936,-122.5094
RDO_LNODEXF1,LOAD,PSE,47.368333,-122.306389
RDVL_LNODEWR1,LOAD,PGE,45.49219172021678,-122.8897
RDVL_LNODEWR4,LOAD,PGE,45.49211113987233,-122.88963363398403
RDVL_LNODEWR5,LOAD,PGE,45.49211113987233,-122.88976636601596
RDWAY_7_N002,GEN,CA,34.571574,-117.576512
RDY_LNODE_10,LOAD,EPE,32.40561388888889,-106.14378888888889
REARDAN_1_XFMRLNODE,LOAD,AVA,47.6459,-117.9382
REATA_LNODEDALLAS,LOAD,BPAT,46.201041999981655,-119.31369408427871
REATA_LNODEPUD,LOAD,BPAT,46.201041999981655,-119.3138239157213
RECTOR_2_N114,GEN,CA,36.060451,-119.227893
RECTOR_6_N001,LOAD,CA,36.29851,-119.242336
RECTOR_6_N004,GEN,CA,36.2985099999486,-119.24222488019763
RECTOR_6_N007,GEN,CA,36.298420443697815,-119.242336
RECTOR_6_N008,GEN,CA,36.2985099999486,-119.24244711980238
RECTOR_6_N009,GEN,CA,36.29859955630218,-119.242336
RECTOR_6_N011,GEN,CA,36.3858,-119.2477
REC_LA_GNODEF1,GEN,LADWP,35.236638921166886,-118.055141
REC_LA_GNODEF2,GEN,LADWP,35.236728999949975,-118.05525128595339
REC_LA_GNODEF3,GEN,LADWP,35.23681907883309,-118.055141
REDBLFF_6_N001,LOAD,CA,40.1825869024183,-122.244610070096
REDBLFF_6_N004,LOAD,CA,40.1825869024183,-122.24484592990399
REDBLFF_6_N005,LOAD,CA,40.18276709746204,-122.24484593021722
REDBLFF_6_N008,GEN,CA,40.182082,-122.333134
REDBUD_1_N001,LOAD,CA,39.02788699998577,-122.66224734180834
REDBUD_1_N004,LOAD,CA,39.02788699998577,-122.66236265819167
REDMESA_1_REDMESAWFGNODE,GEN,PNM,35.272229,-107.356793
REDMO_BP_LNODE2KV,LOAD,BPAT,44.270279,-121.211021
REDMO_BP_LNODE9KV,LOAD,BPAT,44.270278999930504,-121.21089480338159
REDMO_BP_LNODEALT,LOAD,BPAT,44.27018863622026,-121.21089480357561
REDMO_BP_LNODEEC1,LOAD,BPAT,44.27012473949151,-121.21098403796324
REDMO_BP_LNODEEC2,LOAD,BPAT,44.27010945878188,-121.21110841681941
REDMO_BP_LNODEERS,LOAD,BPAT,44.27014075634287,-121.21122680218797
REDMO_BP_LNODEPRI,LOAD,BPAT,44.27020666024167,-121.21131314256111
REDMO_BP_LNODETTE,LOAD,BPAT,44.27029206174309,-121.21135438624249
REDROCK_1_CAPCHILDGNODE,GEN,WALC,32.587744,-111.303055
REDROCK_LNODE-1,LOAD,NV,36.13159399998727,-115.33705457456968
REDROCK_LNODE-2,LOAD,NV,36.13159399998727,-115.33716542543033
REDTAIL_LNODEL_LD,LOAD,WALC,32.341106,-109.761564
REDWOOD_6_N001,LOAD,CA,37.490252,-122.213021
REDWOOD_6_N002,LOAD,CA,37.49025199994532,-122.2129070707913
REDWOOD_6_N005,LOAD,CA,37.49016160208324,-122.213021
REDWOOD_6_N006,LOAD,CA,37.49025199994532,-122.21313492920869
REDWOOD_6_N007,LOAD,CA,37.49034239791678,-122.213021
RED_LNODEXF1,LOAD,PSE,47.674721999980505,-122.11548902903694
RED_LNODEXF2,LOAD,PSE,47.674721999980505,-122.11562297096306
REEDLEY_1_N001,LOAD,CA,36.605116999986976,-119.3758071174397
REEDLEY_6_N001,LOAD,CA,36.605116999986976,-119.3759188825603
REEDLEY_7_N002,GEN,CA,36.667695,-119.415238
REEDP_BP_LNODELIN,LOAD,BPAT,43.69571821862541,-124.124706
REEDP_BP_LNODEOOP,LOAD,BPAT,43.695636890668844,-124.12464105750475
REEDP_BP_LNODERV3,LOAD,BPAT,43.695636890668844,-124.12477094249526
REED_PNT_LNODEMPC,LOAD,NWMT,45.70391173045242,-109.545781
REED_PNT_LNODEREA,LOAD,NWMT,45.70383113475436,-109.54571437040808
REED_SR_LNODELD2,LOAD,SRP,33.407849999988436,-111.77500428378681
REED_SR_LNODELD3,LOAD,SRP,33.407849999988436,-111.77511171621319
REESERV_LNODE23,LOAD,NV,40.581043,-116.879519
REEVES_1_REEVES1GNODE,GEN,PNM,35.171460864300876,-106.60192473314223
REEVES_1_REEVES2GNODE,GEN,PNM,35.171460864300876,-106.60214526685778
REEVES_1_REEVES3GNODE,GEN,PNM,35.171641135599224,-106.60214526710224
REEVES_1_REEVESPVGNODE,GEN,PNM,35.168006,-106.600187
REEVES_LNODEESUB,LOAD,PNM,35.171699999987524,-106.60194486648683
REEVES_LNODESAUX,LOAD,PNM,35.171699999987524,-106.60205513351318
REFIN_SR_LNODEDD1,LOAD,SRP,33.42041,-110.863
REGENA_LNODE-2,LOAD,NV,36.275359,-115.2549
REINWY_LNODEGME,LOAD,BANC,37.63942160426353,-120.92024637744797
REINWY_LNODEQAC,LOAD,BANC,37.6395070719657,-120.92028370125492
RENFRO_1_N001,LOAD,CA,35.409999999987434,-119.16994483454441
RENFRO_1_N010,LOAD,CA,35.409999999987434,-119.1700551654556
RENO_LNODE03,LOAD,NV,39.51958499998554,-119.82750593364318
RENO_LNODE04,LOAD,NV,39.51958499998554,-119.82762206635682
RENWIND_1_N001,GEN,CA,33.91,-116.67
REPUB_BP_LNODEPUD,LOAD,BPAT,48.65003371928608,-118.685002
REPUB_BP_LNODERG1,LOAD,BPAT,48.64995314033535,-118.68493158188289
REPUB_BP_LNODERG2,LOAD,BPAT,48.64995314033535,-118.68507241811712
REP_6_CTG1GNODE,GEN,BANC,38.79255383289316,-121.381944
REP_6_CTG2GNODE,GEN,BANC,38.7924730835382,-121.3818841854756
REP_6_STGGNODE,GEN,BANC,38.7924730835382,-121.3820038145244
RERCU1_7_B1,GEN,CA,34.022072120359844,-117.331909
RERCU2_7_B1,GEN,CA,34.021990939807104,-117.33185245039535
RERCU3_7_GN001,GEN,CA,33.96359999998807,-117.45274565137254
RERCU4_7_GN001,GEN,CA,33.96359999998807,-117.45285434862747
RESERVR_LNODEFFW,LOAD,BANC,37.651919999986276,-120.67483288823061
RESERVR_LNODEPMW,LOAD,BANC,37.651919999986276,-120.67494711176938
RESV_ST_LNODEBK3L,LOAD,NWMT,46.877151999980974,-114.05245388865548
RESV_ST_LNODEK2L,LOAD,NWMT,46.877151999980974,-114.05258611134451
RE_LNODER2A,LOAD,APS,32.68525276610348,-114.495105
RE_LNODER4A,LOAD,APS,32.685172116936094,-114.49504967678945
RE_LNODER5A,LOAD,APS,32.685172116936094,-114.49516032321056
RGD_1_RIO_GRANDE_8GNODE,GEN,EPE,31.805494873987442,-106.54681353559539
RGD_1_RIO_GRANDE_9GNODE,GEN,EPE,31.80541666662236,-106.54676040461408
RGD_6_RIO_GRANDE_7GNODE,GEN,EPE,31.80533845932374,-106.54681353568535
RGD_LNODE_11,LOAD,EPE,31.80533845932374,-106.54691979764797
RGD_LNODE_13,LOAD,EPE,31.80541666662236,-106.54697292871924
RGD_LNODE_15,LOAD,EPE,31.805494873987442,-106.54691979773793
RGS_1_ROCKGRDN_G02GNODE,GEN,BPAT,43.32589999998336,-121.13266192685653
RHLS_LNODEWR1,LOAD,PGE,45.48409,-122.748856
RHO_LNODEXF1,LOAD,PSE,47.150833,-122.168611
RH_3_RED_HORSE_EXPGNODE,GEN,TEPC,32.19205261503205,-110.20423
RH_LNODE10A,LOAD,APS,33.684654,-111.92091
RH_LNODE12A,LOAD,APS,33.68465399995301,-111.92080195518598
RH_LNODE13A,LOAD,APS,33.684576140509904,-111.92085597764192
RH_LNODER1A,LOAD,APS,33.684576140509904,-111.92096402235808
RH_LNODER2A,LOAD,APS,33.68465399995301,-111.92101804481402
RH_LNODER4A,LOAD,APS,33.68473185946659,-111.92096402245595
RH_LNODER6A,LOAD,APS,33.68473185946659,-111.92085597754406
RICE_6_N002,LOAD,CA,39.402805999985674,-122.01287205646442
RICE_6_N101,LOAD,CA,39.402805999985674,-122.01298794353558
RICE_SR_LNODELD1,LOAD,SRP,33.39197980261379,-111.805975
RICE_SR_LNODELD2,LOAD,SRP,33.391899098680625,-111.80591919332029
RICE_SR_LNODELD3,LOAD,SRP,33.391899098680625,-111.8060308066797
RICHL_BP_LNODECHL,LOAD,BPAT,46.261968,-119.289585
RICHMOND_1_B1,LOAD,CA,37.92597623462323,-122.369629
RICHMOND_1_N001,LOAD,CA,37.92589488267337,-122.36956945615904
RICHMOND_1_N004,GEN,CA,37.92589488267337,-122.36968854384095
RIDGET2_7_N001,GEN,CA,35.074731,-118.326222
RILEY_LNODE-2,LOAD,NV,36.026945,-115.282826
RILLITO_LNODE2C3,LOAD,TEPC,32.294655854999164,-110.98779082480688
RILLITO_LNODEC15,LOAD,TEPC,32.29457799995557,-110.9877376497051
RILLITO_LNODEC16,LOAD,TEPC,32.294500144978436,-110.98779082489821
RILLITO_LNODEC27,LOAD,TEPC,32.294500144978436,-110.98789717510179
RILLITO_LNODEC32,LOAD,TEPC,32.29457799995557,-110.98795035029491
RILLITO_LNODEC42,LOAD,TEPC,32.294655854999164,-110.98789717519313
RINCON_1_N001,LOAD,CA,33.285967608914305,-116.9585228047856
RINCON_1_N003,LOAD,CA,33.28578839099371,-116.95852280500573
RINCON_6_N001,LOAD,CA,33.28578839099371,-116.95873719499427
RINCON_6_N008,LOAD,CA,33.285967608914305,-116.9587371952144
RINGO_BP_LNODENDC,LOAD,BPAT,46.505325,-119.131325
RIN_SUB_LNODEONA,LOAD,LADWP,34.28105422156671,-118.479
RIN_SUB_LNODEONB,LOAD,LADWP,34.28097288920359,-118.47894317065887
RIN_SUB_LNODEONC,LOAD,LADWP,34.28097288920359,-118.47905682934115
RIOBRVO_1_N001,LOAD,CA,35.44252289360183,-119.26010566010629
RIOBRVO_1_N006,LOAD,CA,35.44234310629778,-119.26010566035274
RIOBRVQF_6_N001,GEN,CA,35.44234310629778,-119.26032633964726
RIOBRVTM_1_N001,LOAD,CA,35.44252289360183,-119.26032633989371
RIODELL_6_N001,LOAD,CA,40.495382,-124.099276
RIOHONDO_6_N001,LOAD,CA,34.10610615849042,-117.97947
RIOHONDO_6_N004,GEN,CA,34.1060249207417,-117.97941335440746
RIOHONDO_LNODEONDO,LOAD,PNM,34.1060249207417,-117.97952664559254
RIOOSO_1_N033,GEN,CA,38.936443,-121.466469
RIOPUERC_1_NORTHENCINOPVGNODE,GEN,PNM,40.74868831403506,-112.65244031700627
RIOPUERC_3_ENCINOPVGNODE,GEN,PNM,35.361472,-106.855934
RIOVE_SR_LNODELD2,LOAD,SRP,33.726844,-111.68302
RIO_LNODE18A,LOAD,APS,33.428339,-111.911097
RIO_LNODE20A,LOAD,APS,33.42833899995365,-111.9109895253333
RIO_LNODE21A,LOAD,APS,33.42826132121416,-111.91104326271474
RIO_LNODE26A,LOAD,APS,33.42826132121416,-111.91115073728525
RIO_LNODE28A,LOAD,APS,33.42833899995365,-111.91120447466669
RIO_LNODE29A,LOAD,APS,33.42841667876265,-111.91115073738143
RIO_LNODER17A,LOAD,APS,33.42841667876265,-111.91104326261856
RIPON_1_N001,LOAD,CA,37.72,-121.13
RIPON_6_RGSUNIT1GNODE,GEN,BANC,37.731585073986224,-121.12521980016899
RIPON_6_RGSUNIT2GNODE,GEN,BANC,37.731585073986224,-121.125334147831
RIP_LNODE_10,LOAD,EPE,31.836786522836846,-106.57588852969457
RIP_LNODE_11,LOAD,EPE,31.83670833328903,-106.57583539281252
RIP_LNODE_12,LOAD,EPE,31.83663014380768,-106.57588852978462
RIP_LNODE_13,LOAD,EPE,31.83663014380768,-106.57599480354872
RIP_LNODE_14,LOAD,EPE,31.83670833328903,-106.57604794052081
RIP_LNODE_15,LOAD,EPE,31.836786522836846,-106.57599480363876
RITA_LNODERITA,LOAD,PNM,35.09568659,-106.6048839
RITTENHS_LNODELD3,LOAD,SRP,33.24893899998848,-111.63831243575454
RITTENHS_LNODELD4,LOAD,SRP,33.24893899998848,-111.63841956424545
RITZVILL_1_1LNODE,LOAD,AVA,47.13239999998077,-118.38593353224714
RITZVILL_1_BBELNODE,LOAD,AVA,47.13239999998077,-118.38606646775287
RIT_LNODEXF1,LOAD,PSE,48.504722,-122.241667
RIVED_BP_LNODEFMR,LOAD,BPAT,44.07561897,-123.1169155
RIVERMT_2_SOLARGNODE,GEN,WALC,36.014449,-114.554088
RIVERRD_LNODE-1,LOAD,NV,35.12676599998748,-114.63617787385608
RIVERRD_LNODE-2,LOAD,NV,35.12676599998748,-114.63628812614391
RIVERROC_6_N001,LOAD,CA,36.902618,-119.771768
RIVERTRL_LNODEEMP,LOAD,BPAT,45.614053720213604,-122.768
RIVERTRL_LNODEMR1,LOAD,BPAT,45.61397313987391,-122.76793348992679
RIVERTRL_LNODEMR2,LOAD,BPAT,45.61397313987391,-122.76806651007321
RIVERVG1_7_B1,GEN,CA,38.01479,-121.790536
RIVER_SR_LNODELD4,LOAD,SRP,33.395614,-112.090118
RIVIERA_LNODEBB,LOAD,WALC,35.09687399998748,-114.56096387924141
RIVIERA_LNODELIN,LOAD,WALC,35.09687399998748,-114.56107412075859
RIVPSE_LNODEXF1,LOAD,PSE,48.442778,-122.339167
RIVRBANK_1_N001,LOAD,CA,37.76895425952452,-120.908163
RIVRBEND_1_G01GNODE,GEN,BPAT,45.161706,-123.252182
RIVRSIDE_6_N001,LOAD,CA,34.021990939807104,-117.33196554960466
RIV_LNODE12A,LOAD,APS,33.65203283435738,-112.30317301549258
RIV_LNODE13A,LOAD,APS,33.6519549999531,-112.30311903108279
RIV_LNODE14A,LOAD,APS,33.65187716561918,-112.3031730155902
RIV_LNODER1A,LOAD,APS,33.65187716561918,-112.3032809844098
RIV_LNODER2A,LOAD,APS,33.6519549999531,-112.30333496891721
RIV_LNODER6A,LOAD,APS,33.65203283435738,-112.30328098450742
RJN_LNODEXF1,LOAD,PSE,47.45611099998058,-122.24298919549075
RJN_LNODEXF2,LOAD,PSE,47.45611099998058,-122.24312280450924
RKWD_LNODEWR1,LOAD,PGE,45.535175718376884,-122.477234
RKWD_LNODEWR2,LOAD,PGE,45.535095140792315,-122.47716758555012
RKWD_LNODEWR3,LOAD,PGE,45.535095140792315,-122.47730041444989
RKWP_GNODEKWP,GEN,IPCO,42.700556,-112.894167
RLODGENS_LNODEK1H,LOAD,NWMT,45.190672,-109.242472
RLODGE_R_LNODEOAD,LOAD,NWMT,45.182304,-109.235671
RLS_1_BESTLANE_G02GNODE,GEN,BPAT,43.57079999998312,-119.5445376888807
RL_LNODEDR2A,LOAD,APS,35.36937231998748,-112.17531193984895
RL_LNODEDR6A,LOAD,APS,35.36937231998748,-112.17542226015105
RMP1_7_GNODE1,GEN,PGE,45.30048,-122.350502
RMP1_7_GNODE2,GEN,PGE,45.30047999992924,-122.35037463532232
RMP1_7_GNODE3,GEN,PGE,45.300390413118826,-122.350502
RMP1_7_GNODE4,GEN,PGE,45.30047999992924,-122.35062936467767
RMP1_7_GNODE5,GEN,PGE,45.30056958688117,-122.350502
RMSY_PMP_LNODEOAD,LOAD,NWMT,46.008636,-112.676038
RNDHILL_LNODE02,LOAD,NV,38.980433762472465,-119.929742
RNDHILL_LNODE11,LOAD,NV,38.98035311874846,-119.92968210553101
RNDHILL_LNODE31,LOAD,NV,38.98035311874846,-119.929801894469
RNDUP_LNODENDU,LOAD,NWMT,46.44035704496937,-108.563
RNDUP_LNODEOAD,LOAD,NWMT,46.44027597749517,-108.56293208008175
RNDUP_LNODEREA_LD2,LOAD,NWMT,46.44027597749517,-108.56306791991824
ROADWAY_1_N001,LOAD,CA,34.590373,-117.431752
ROBERTS_LNODEC22,LOAD,TEPC,32.254086961343084,-110.751533
ROBERTS_LNODEDIST1,LOAD,TEPC,32.254006019316336,-110.75147774113947
ROBERTS_LNODEDIST2,LOAD,TEPC,32.254006019316336,-110.75158825886054
ROBERT_R_LNODEOAD,LOAD,NWMT,45.348351,-109.155159
ROBINDAL_LNODE-1,LOAD,NV,36.05127072142317,-115.242428
ROBINDAL_LNODE-2,LOAD,NV,36.05119013927465,-115.24237045565239
ROBINDAL_LNODE-3,LOAD,NV,36.05119013927465,-115.2424855443476
ROBROY_1_N001,LOAD,CA,36.979885,-121.867457
ROB_GNODET,GEN,BANC,38.896627,-120.37828
ROCHELLE_LNODE-1,LOAD,NV,36.110021,-115.04257
ROCKCK1_7_B1,GEN,CA,39.71617299994167,-121.52118461043601
ROCKCK2_7_B1,GEN,CA,39.716250681588065,-121.52112630528367
ROCKET_1_N001,LOAD,CA,34.933939,-117.692217
ROCKFORD_1_ROCKFORDLNODE,LOAD,AVA,47.46359999998059,-117.15273318910428
ROCKFORD_1_SETTERSLNODE,LOAD,AVA,47.46359999998059,-117.15286681089572
ROCKLIN_6_N001,LOAD,CA,38.788043999985874,-121.23171544490323
ROCKLIN_6_N003,LOAD,CA,38.788043999985874,-121.23183055509676
ROCKVALE_LNODEOAD,LOAD,NWMT,45.490919,-108.862408
ROCKY_RH_2_CHELANSHAREGNODE,GEN,AVRN,47.532678,-120.296709
ROC_LNODEXF1,LOAD,PSE,46.82161499998104,-123.0385599761956
ROC_LNODEXF2,LOAD,PSE,46.82161499998104,-123.03869202380439
RODEO_LNODEODEO,LOAD,PNM,40.99,-116.38
ROEDING_LNODEDR1,LOAD,TIDC,37.587341764588,-120.935901626126
ROEDING_LNODEDR2,LOAD,TIDC,37.5872777703549,-120.935976143427
ROEDING_LNODEDR3,LOAD,TIDC,37.5871231822836,-120.935612409
ROEDING_LNODEDR5,LOAD,TIDC,37.5870085148256,-120.935981028585
ROEDING_LNODEDR6,LOAD,TIDC,37.5871259671814,-120.935792411292
ROEDING_LNODEDR7,LOAD,TIDC,37.5871257817397,-120.935692486018
ROEPSE_LNODEXF1,LOAD,PSE,48.761389,-122.508056
ROES_CRN_LNODEEND,LOAD,IPCO,42.64758915,-113.6278554
ROE_SR_LNODELD1,LOAD,SRP,33.30635377181019,-111.995073
ROE_SR_LNODELD2,LOAD,SRP,33.30627311408246,-111.99501728009922
ROE_SR_LNODELD3,LOAD,SRP,33.30627311408246,-111.99512871990078
ROGERS_LNODEDR1,LOAD,TIDC,37.4749114287345,-121.178218328626
ROGERS_LNODEDR2,LOAD,TIDC,37.4751811958932,-121.178206809282
ROGERS_LNODEDR3,LOAD,TIDC,37.4750639771164,-121.17821700138
ROGERS_LNODEDR5,LOAD,TIDC,37.4748414013345,-121.178225065561
ROGERS_LNODEDR7,LOAD,TIDC,37.4749721097043,-121.178220428168
ROGH-RDY_6_N001,LOAD,CA,37.95526599998612,-121.33253531114549
ROGUE_LNODECC1,LOAD,BPAT,42.483781,-124.407058
ROGUE_LNODECC2,LOAD,BPAT,42.48378099993598,-124.40693659135646
ROGUE_LNODECC3,LOAD,BPAT,42.483703460350746,-124.40699729575346
ROGUE_LNODECC4,LOAD,BPAT,42.483703460350746,-124.40711870424654
ROGUE_LNODECC5,LOAD,BPAT,42.48378099993598,-124.40717940864354
ROGUE_LNODER1,LOAD,BPAT,42.4838585396173,-124.407118704397
ROGUE_LNODER2,LOAD,BPAT,42.4838585396173,-124.40699729560299
ROHRI_SR_LNODELD2,LOAD,SRP,33.271087,-111.668663
ROLLINSF_7_B1,GEN,CA,39.267835530340065,-120.776138
ROL_LNODEXF1,LOAD,PSE,47.451389,-122.187778
ROOSEVLT_FDR1LNODE,LOAD,TPWR,47.199330431733244,-122.40977690436901
ROOSEVLT_FDR2LNODE,LOAD,TPWR,47.19914956811256,-122.4097769048227
ROOSEVLT_FDR3LNODE,LOAD,TPWR,47.19914956811256,-122.41004309517729
ROOSEVLT_FDR4LNODE,LOAD,TPWR,47.199330431733244,-122.41004309563098
ROOSVELT_LNODEDM,LOAD,SRP,33.66991193472755,-111.160744
ROOSV_SR_LNODEDAU,LOAD,SRP,33.669831032623584,-111.16068787616729
ROOSV_SR_LNODENSE,LOAD,SRP,33.669831032623584,-111.1608001238327
ROSALIA_1_XFMRLNODE,LOAD,AVA,47.2296,-117.4306
ROSANNA_LNODE-1,LOAD,NV,36.14316071832029,-115.245655
ROSANNA_LNODE-2,LOAD,NV,36.14308014082602,-115.24559739164961
ROSANNA_LNODE-3,LOAD,NV,36.14308014082602,-115.24571260835039
ROSECYN_6_N001,LOAD,CA,32.84459772910598,-117.236988
ROSECYN_6_N017,LOAD,CA,32.84451713543481,-117.23693261581597
ROSEDAL_1_N001,LOAD,CA,35.37703397144563,-119.077971
ROSELE_LNODEHMV,LOAD,BANC,37.68013999998623,-120.94014286544196
ROSELE_LNODERLV,LOAD,BANC,37.68013999998623,-120.94025713455804
ROSEMR_LNODEAEI,LOAD,BANC,37.64253,-121.0423
ROSE_6_N001,LOAD,CA,32.84451713543481,-117.23704338418403
ROSSFORK_LNODEOAD,LOAD,NWMT,47.084446,-109.65085
ROSSMOOR_2_N001,LOAD,CA,37.86470199998613,-122.08030973806707
ROSSMOOR_2_N101,LOAD,CA,37.86470199998613,-122.08042426193292
ROSSPARK_1_13_1LNODE,LOAD,AVA,47.677799999980536,-117.38653302693892
ROSSPARK_1_13_2LNODE,LOAD,AVA,47.677799999980536,-117.38666697306108
ROSSSCL_LNODE345,LOAD,SCL,48.730001536498285,-121.07122813284812
ROSSSCL_LNODE346,LOAD,SCL,48.72992399992033,-121.07116026590555
ROSS_BP_LNODEA29,LOAD,BPAT,45.66156654085507,-122.6592128821854
ROSS_BP_LNODEEST,LOAD,BPAT,45.661387459001745,-122.6592128825952
ROSS_BP_LNODEITE,LOAD,BPAT,45.661387459001745,-122.6594691174048
ROSS_BP_LNODESS,LOAD,BPAT,45.66156654085507,-122.6594691178146
ROSS_SCL_2_GEN41GNODE,GEN,SCL,48.7298464634619,-121.07122813305743
ROSS_SCL_2_GEN42GNODE,GEN,SCL,48.7298464634619,-121.07136386694258
ROSS_SCL_2_GEN43GNODE,GEN,SCL,48.72992399992033,-121.07143173409445
ROSS_SCL_2_GEN44GNODE,GEN,SCL,48.730001536498285,-121.07136386715187
ROTH_SR_LNODELD1,LOAD,SRP,33.246675754069244,-111.885139
ROTH_SR_LNODELD2,LOAD,SRP,33.24659512295294,-111.88508333654603
ROTH_SR_LNODELD3,LOAD,SRP,33.24659512295294,-111.88519466345396
ROUND_BP_LNODE4GND,LOAD,BPAT,45.638202999982134,-118.74622597070434
ROUND_BP_LNODEAGND,LOAD,BPAT,45.638202999982134,-118.74635402929566
ROVEY_SR_LNODELD1,LOAD,SRP,33.53067599998835,-112.26070815288334
ROVEY_SR_LNODELD2,LOAD,SRP,33.53067599998835,-112.26081584711666
ROXBORO_1_ROXBOROLNODE,LOAD,AVA,46.9552,-118.8327
ROZA_1_PH1GNODE,GEN,BPAT,46.618321,-120.478317
RPP2_6_CTG1GNODE,GEN,BANC,38.81055599998587,-121.32355343729283
RPP2_6_CTG2GNODE,GEN,BANC,38.81055599998587,-121.32366856270717
RPT_LNODEXF1,LOAD,PSE,47.56944399998059,-122.66048910444295
RPT_LNODEXF2,LOAD,PSE,47.56944399998059,-122.66062289555705
RRSR_GNODERSR,GEN,IPCO,43.999006,-117.102013
RRS_7_RIO_RICOGNODE,GEN,TEPC,31.508430889989263,-111.0021127337225
RR_LNODE13A,LOAD,APS,33.581071,-112.014601
RR_LNODE14A,LOAD,APS,33.5810709999532,-112.01449319318304
RR_LNODE17A,LOAD,APS,33.580981185660555,-112.01449319329524
RR_LNODE18A,LOAD,APS,33.58091767740784,-112.01456942417047
RR_LNODE22A,LOAD,APS,33.580902489614836,-112.01467567821207
RR_LNODER5A,LOAD,APS,33.580933596933036,-112.01477681212513
RR_LNODER6A,LOAD,APS,33.580999100191846,-112.0148505706504
RR_LNODER9A,LOAD,APS,33.581083982482525,-112.01488580404222
RSC_LNODE8LD,LOAD,BANC,38.761389,-121.264722
RSET_LNODE131,LOAD,IPCO,42.553003,-114.484852
RSG_LNODE10A,LOAD,APS,33.677056,-112.115174
RSG_LNODE13A,LOAD,APS,33.677055999952984,-112.11506597287175
RSG_LNODER1A,LOAD,APS,33.676966102390374,-112.115174
RSG_LNODER2A,LOAD,APS,33.677055999952984,-112.11528202712826
RSG_LNODER4A,LOAD,APS,33.67714589760961,-112.115174
RSMT_LNODEWR1,LOAD,PGE,45.39254,-122.688164
RSM_SUB_LNODEONB,LOAD,LADWP,34.244054210355124,-118.392
RSM_SUB_LNODEONC,LOAD,LADWP,34.24397289480934,-118.39194320739797
RSM_SUB_LNODEOND,LOAD,LADWP,34.24397289480934,-118.39205679260202
RSNKFLAT_1_WINDGNODE,GEN,AVA,46.914667,-118.445584
RSNTAFE_6_N009,LOAD,CA,33.014261,-117.198557
RSTREF2_7_N001,GEN,CA,35.0775,-118.218333
RSVTNRD_6_N001,LOAD,CA,36.624374,-121.68835
RSWY_LNODEWR1,LOAD,PGE,45.498187999982235,-122.92558813283131
RSWY_LNODEWR2,LOAD,PGE,45.498187999982235,-122.92571586716869
RS_LNODER3A,LOAD,APS,34.052137,-112.148519
RTLSNKRD_2_Z1GNODE,GEN,BPAT,45.685295,-120.240784
RTRACK_1_N001,LOAD,CA,37.979737,-120.414515
RTRR_LNODE02L,LOAD,IPCO,42.09951561560953,-113.38224222115075
RTRR_LNODE02M,LOAD,IPCO,42.0993363842639,-113.38224222149212
RTRR_LNODELAR,LOAD,IPCO,42.0993363842639,-113.38248377850788
RTRR_LNODEREC,LOAD,IPCO,42.09951561560953,-113.38248377884926
RT_LNODE10A,LOAD,APS,33.620184,-111.887703
RT_LNODE12A,LOAD,APS,33.620183999953106,-111.88759510420414
RT_LNODE13A,LOAD,APS,33.620094152292545,-111.88759510431663
RT_LNODE18A,LOAD,APS,33.62003062044526,-111.8876713981093
RT_LNODER1A,LOAD,APS,33.620015427009655,-111.88777773984783
RT_LNODER2A,LOAD,APS,33.6200465458847,-111.88787895723205
RT_LNODER4A,LOAD,APS,33.62011207347915,-111.88795277663442
RT_LNODER5A,LOAD,APS,33.620196987305135,-111.88798803910676
RT_LNODER9A,LOAD,APS,33.620286700780014,-111.88798214446577
RUBYS_BP_LNODEXF1,LOAD,BPAT,46.24189299998158,-119.13113900993223
RUBYS_BP_LNODEXF2,LOAD,BPAT,46.24189299998158,-119.13126899006778
RUBY_LNODEWR1,LOAD,PGE,45.516644,-122.455154
RUD_2_SEES_BATTERYGNODE,GEN,SRP,42.841728800161604,-114.90322247404946
RUNDUP_P_LNODEOAD,LOAD,NWMT,46.455328,-108.759869
RUNYAN_LNODEXF1,LOAD,BPAT,45.59872,-122.459566
RUPPE_SR_LNODELD3,LOAD,SRP,33.2932699999885,-112.065751395628
RUPPE_SR_LNODELD4,LOAD,SRP,33.2932699999885,-112.065858604372
RUSSELL_LNODE-1,LOAD,NV,36.085253719210456,-115.086053
RUSSELL_LNODE-2,LOAD,NV,36.08517314038102,-115.08599543315897
RUSSELL_LNODE-3,LOAD,NV,36.08517314038102,-115.08611056684103
RUSSEL_7_NSMUD,GEN,CA,38.126388999986105,-121.77494261681362
RUSSEL_7_NSMUD2,GEN,CA,38.126388999986105,-121.77505738318638
RUSSRCH_6_N001,LOAD,CA,40.819848,-123.826638
RUSTYSP_LNODE21,LOAD,NV,39.5295507539856,-119.806489
RUSTYSP_LNODE54,LOAD,NV,39.529470122991576,-119.80642864413434
RUSTYSP_LNODE60,LOAD,NV,39.529470122991576,-119.80654935586567
RVCR_7_111GNODE,GEN,IPCO,43.459786039663484,-116.29446032762063
RVGS_LNODEWK2,LOAD,PGE,45.61238346647657,-122.767754
RVGS_LNODEWR3,LOAD,PGE,45.61247299992857,-122.76788199503471
RVL_AEPCO_LNODELSON,LOAD,WALC,35.113307,-113.214803
RVRBANK_1_N001,LOAD,CA,37.76887287022286,-120.90810355553742
RVRBANK_1_N005,LOAD,CA,37.76887287022286,-120.90822244446258
RVRBANK_1_N010,GEN,CA,37.71982,-120.89845
RVR_BEND_7_RBSLGNODE,GEN,NWMT,45.70383113475436,-109.54584762959192
RVR_RD_C_1_G01GNODE,GEN,BPAT,45.649,-122.726
RVS_LNODE12A,LOAD,APS,32.726428,-114.653015
RVVW_LNODEWR1,LOAD,PGE,45.469246,-122.671844
RV_1_HYDRO1GNODE,GEN,SRP,33.670929,-111.161803
RWP_GNODERHCC1CTA,GEN,APS,33.334651,-112.84017
RWP_GNODERHCC1CTB,GEN,APS,33.33465099995391,-112.84006271306367
RWP_GNODERHCC1ST,GEN,APS,33.3345613643821,-112.84006271317408
RWP_GNODERHCC2CTA,GEN,APS,33.33449798250365,-112.84013857643909
RWP_GNODERHCC2CTB,GEN,APS,33.33448282493291,-112.84024431809031
RWP_GNODERHCC2ST,GEN,APS,33.33451387035207,-112.84034496430324
RWP_LNODECT1B,LOAD,APS,33.33457924326774,-112.84041836713934
RWP_LNODECT2A,LOAD,APS,33.33466395665246,-112.84045343062111
RWP_LNODECT2B,LOAD,APS,33.33475345835504,-112.84044756924
RWP_LNODELST1,LOAD,APS,33.33483544815979,-112.84040421131922
RWP_LNODELST2,LOAD,APS,33.33490067405231,-112.84033062107403
RYAN_1_RYN1GNODE,GEN,NWMT,47.5697737318743,-111.12178220848315
RYAN_1_RYN2GNODE,GEN,NWMT,47.5697737318743,-111.12204979151684
RYAN_1_RYN3GNODE,GEN,NWMT,47.56995426797013,-111.12204979197804
RYAN_1_RYN4GNODE,GEN,NWMT,47.569605160961295,-111.121916
RYAN_1_RYN5GNODE,GEN,NWMT,47.569523919498266,-111.12184648004992
RYAN_1_RYN6GNODE,GEN,NWMT,47.569523919498266,-111.12198551995007
RYCOUCH_LNODE06,LOAD,NV,39.48649474327007,-118.876044
RYCOUCH_LNODE07,LOAD,NV,39.48641412834934,-118.87598369354562
RYCOUCH_LNODE08,LOAD,NV,39.48641412834934,-118.87610430645438
RYEGATE_LNODEOAD,LOAD,NWMT,46.300715,-109.252848
RYGATE_R_LNODEOAD,LOAD,NWMT,46.301809,-109.259343
RYNSFD_LNODENWE,LOAD,NWMT,47.273645,-110.72465
RYNSFD_P_LNODEOAD,LOAD,NWMT,47.257804,-110.644486
S-PEAKD_2_SOPKGNODE,GEN,NWMT,47.27944,-110.6796
S.CLARA_6_N021,GEN,CA,34.1798,-119.0831
S.CLARA_6_N030,GEN,CA,34.2581,-119.1579
S.CLARA_6_N031,GEN,CA,34.2079,-119.0797
S0479_7_N003,GEN,CA,35.880348,-119.469848
S473_7_N005,GEN,CA,36.1957859999872,-119.43908452662076
S621AC_7_N001,GEN,CA,35.103872942421035,-118.95374271549107
S621AC_7_N002,GEN,CA,35.103872942421035,-118.95385728450891
S622B_7_N003,GEN,CA,35.107488,-118.922827
S650ABS_7_NSR1,GEN,CA,36.212508,-119.909314
SACHE_BP_LNODERV3,LOAD,BPAT,48.175903,-117.277245
SAFEWAY_1_N001,LOAD,CA,37.71,-121.4
SAGEH_BP_LNODEPUD,LOAD,BPAT,46.656014,-119.299801
SAGE_SR_LNODELD2,LOAD,SRP,33.39474280370444,-111.668054
SAGE_SR_LNODELD3,LOAD,SRP,33.39466209813536,-111.66799819041493
SAGE_SR_LNODELD4,LOAD,SRP,33.39466209813536,-111.66810980958508
SAGLE_1_BPAT_SAGLELNODE,LOAD,AVA,48.2089,-116.563
SAGUARO_GNODEIT,GEN,NV,36.042313,-115.010952
SAHARA_LNODE-1,LOAD,NV,36.14396353050383,-115.0839091314034
SAHARA_LNODE-2,LOAD,NV,36.143784469393935,-115.08390913165647
SAHARA_LNODE-3,LOAD,NV,36.143784469393935,-115.08413086834352
SAHARA_LNODE-4,LOAD,NV,36.14396353050383,-115.0841308685966
SAHUARIT_LNODET201,LOAD,WALC,31.971577,-110.928399
SAH_LNODEXF1,LOAD,PSE,47.641944,-122.054167
SALEM_BP_LNODEXF1,LOAD,BPAT,44.97230999998245,-123.01613953038958
SALEM_BP_LNODEXF2,LOAD,BPAT,44.97230999998245,-123.01626646961041
SALEM_LNODEMR3,LOAD,BPAT,44.931741,-123.089018
SALINAS_1_N001,LOAD,CA,36.683239999986945,-121.65120502290527
SALINAS_1_N024,LOAD,CA,36.683239999986945,-121.65131697709472
SALM_LNODEBR1,LOAD,PGE,44.946559999982426,-123.04009754358427
SALM_LNODEBR2,LOAD,PGE,44.946559999982426,-123.04022445641573
SALNRGN_7_B1,GEN,CA,35.951389,-120.867778
SALOME_1_CAPSLRUNIT1GNODE,GEN,WALC,33.77485901412326,-113.65543525643113
SALOME_1_CAPSLRUNIT2GNODE,GEN,WALC,33.775038985782324,-113.65543525665856
SALTESE_LNODEOAD,LOAD,NWMT,47.407647,-115.509496
SALTGILA_LNODEBNK1,GEN,WALC,33.503155,-111.682087
SALTSPS_7_B1,GEN,CA,38.49791399998594,-120.21805252007928
SALTSPS_7_B3,GEN,CA,38.49791399998594,-120.21816747992072
SAL_1_NMSU_NETGNODE,GEN,EPE,32.246677892285646,-106.73113293857449
SAL_LNODE_20,LOAD,EPE,32.24659999995568,-106.73107976612908
SAL_LNODE_21,LOAD,EPE,32.2465221076916,-106.7311329386657
SAL_LNODE_22,LOAD,EPE,32.2465221076916,-106.73123928355652
SAL_LNODE_23,LOAD,EPE,32.24659999995568,-106.73129245609314
SAL_LNODE_24,LOAD,EPE,32.246677892285646,-106.73123928364772
SAMDIST_LNODEXF1,LOAD,PSE,47.685278,-122.149722
SAMN_LNODERN1,LOAD,IPCO,45.18344099998239,-113.88521840499929
SAMN_LNODET62,LOAD,IPCO,45.18344099998239,-113.8853455950007
SAMPSON_6_N010,GEN,CA,32.694367,-117.14245
SAMUE_BP_LNODE601,LOAD,BPAT,48.42903475565165,-116.471796
SAMUE_BP_LNODE602,LOAD,BPAT,48.42895412215293,-116.47172584118167
SAMUE_BP_LNODE603,LOAD,BPAT,48.42895412215293,-116.47186615881834
SANARDO_6_N001,LOAD,CA,36.073766,-120.936804
SANBRDNO_6_GN001,GEN,CA,34.08,-117.2114
SANBRDNO_6_GN002,GEN,CA,34.07740799998797,-117.20173852376877
SANBRDNO_6_GN003,GEN,CA,34.07740799998797,-117.20184747623122
SANBRDNO_6_GN005,GEN,CA,34.055569,-117.182538
SANBRDNO_6_N005,GEN,CA,34.050391,-117.248417
SANBRDNO_6_N014,GEN,CA,34.075894,-117.241404
SANBRN_7_N001A,GEN,CA,35.0273171505657,-118.139666
SANBRN_7_N001B,GEN,CA,35.02723592470368,-118.139608731773
SANBRN_7_N002,GEN,CA,35.02723592470368,-118.139723268227
SANCRLOS_LNODELD2,LOAD,SRP,33.22224099998851,-111.80589845900316
SANCRLOS_LNODELD3,LOAD,SRP,33.22224099998851,-111.80600554099684
SANCRLS_6_N001,LOAD,CA,37.49972924078839,-122.243974
SANCRLS_6_N002,LOAD,CA,37.499647879591045,-122.24391479097326
SANCRLS_6_N004,LOAD,CA,37.499647879591045,-122.24403320902674
SANDARIO_1_CAPCHILDGNODE,GEN,WALC,32.302107999989076,-111.24592482439603
SANDARIO_LNODET101,LOAD,WALC,32.302107999989076,-111.24603117560397
SANDBAR_7_B1,GEN,CA,38.186111,-120.15
SANDCRK_6_N001,LOAD,CA,36.64502999998689,-119.15920293037858
SANDC_BP_LNODESS,LOAD,BPAT,48.339551,-116.545565
SANDIA_LNODE5XF3,LOAD,PNM,35.05149335,-106.530536
SANDIA_LNODEFDR1,LOAD,PNM,35.05149334995019,-106.53042577657936
SANDIA_LNODEFDR2,LOAD,PNM,35.051403117065355,-106.53042577670115
SANDIA_LNODEFDR3,LOAD,PNM,35.05133931282614,-106.53050371636843
SANDIA_LNODEFDR4,LOAD,PNM,35.051324054247125,-106.53061235219388
SANDIA_LNODEFDR5,LOAD,PNM,35.051355306539115,-106.53071575312201
SANDIA_LNODELINE,LOAD,PNM,35.051421115077225,-106.53079116502705
SANDIA_LNODETION,LOAD,PNM,35.051506392969024,-106.53082718822836
SANDLOT_2_N022,GEN,CA,35.01111099998753,-117.32355589735161
SANDLOT_2_N024,GEN,CA,35.01111099998753,-117.32366610264839
SANDO_BP_LNODELTS,LOAD,BPAT,48.25259599998035,-116.6250696452337
SANDO_BP_LNODEORT,LOAD,BPAT,48.25259599998035,-116.6252043547663
SANDPNT_1_1LNODE,LOAD,AVA,48.273353809081925,-116.5749
SANDPNT_1_2LNODE,LOAD,AVA,48.27327309543776,-116.57482998567846
SANDPNT_1_3LNODE,LOAD,AVA,48.27327309543776,-116.57497001432154
SANDRSON_LNODELD4,LOAD,SRP,33.625521,-112.213271
SANFRAN_LNODE-1,LOAD,NV,36.14494553053233,-115.12808012998016
SANFRAN_LNODE-2,LOAD,NV,36.14476646936537,-115.12808013023324
SANFRAN_LNODE-3,LOAD,NV,36.14476646936537,-115.12830186976674
SANFRAN_LNODE-4,LOAD,NV,36.14494553053233,-115.12830187001983
SANGERCO_7_B1,GEN,CA,36.70707499998684,-119.61075799334832
SANGER_1_N001,LOAD,CA,36.70707499998684,-119.6108700066517
SANIDA_1_SANDIABESSGNODE,GEN,PNM,37.800604,-113.158869
SANJOQN_6_N001,LOAD,CA,36.62101099998692,-120.17805409852517
SANJOQN_6_N006,LOAD,CA,36.62101099998692,-120.17816590147483
SANLUCAS_LNODEAGLI,LOAD,PNM,35.48729999998746,-107.66194482355164
SANLUCAS_LNODEUCAS,LOAD,PNM,35.48729999998746,-107.66205517644836
SANLUIS2_7_B1,GEN,CA,37.069167,-121.076944
SANLUIS2_7_B3,GEN,CA,37.06916699994648,-121.07683105222752
SANLUIS4_7_B1,GEN,CA,37.06907687796754,-121.07683105236173
SANLUIS4_7_B3,GEN,CA,37.06901315215404,-121.07691091843046
SANLUIS6_7_B1,GEN,CA,37.068997912327994,-121.07702223935081
SANLUIS6_7_B3,GEN,CA,37.06902912619938,-121.07712819599047
SANLUIS8_7_B1,GEN,CA,37.069094853841584,-121.07720547182996
SANLUIS8_7_B3,GEN,CA,37.06918002691161,-121.07724238542458
SANLUSRY_6_N013,LOAD,CA,36.77962699998679,-120.72995490173179
SANLUSRY_6_N014,LOAD,CA,36.77962699998679,-120.73006709826822
SANLUSRY_6_N101,LOAD,CA,33.211532999988535,-117.33442746812834
SANLUSRY_6_N201,LOAD,CA,33.211532999988535,-117.33453453187165
SANMATEO_1_N001,LOAD,CA,37.58333525489619,-122.319035
SANMATEO_1_N001A,LOAD,CA,37.58325387253711,-122.31897570912398
SANMATEO_1_N009,LOAD,CA,33.409472,-117.590641
SANMATO_6_N001,LOAD,CA,37.58325387253711,-122.31909429087602
SANMIGL_6_N001,LOAD,CA,35.75192,-120.684163
SANMRCOS_6_N001,LOAD,CA,33.12885155124498,-117.19722253462301
SANMRCOS_6_N007,LOAD,CA,33.12877399995433,-117.19716906934049
SANMRCOS_6_N011,LOAD,CA,33.12869644873215,-117.19722253471747
SANMRCOS_6_N012,GEN,CA,33.12869644873215,-117.19732946528254
SANNES_LNODEOAD,LOAD,NWMT,45.5648,-108.813566
SANPBLO_1_N001,LOAD,CA,37.984803,-122.336618
SANPEDRO_LNODEEDRO,LOAD,PNM,35.1027,-106.577
SANRAFAEL_LNODELD,LOAD,WALC,31.524656,-110.231255
SANRAFL_1_N001,LOAD,CA,37.970858222937125,-122.527065
SANRAFL_1_N006,LOAD,CA,37.97077688851645,-122.52700543261207
SANRAFL_1_N007,LOAD,CA,37.97077688851645,-122.52712456738792
SANRAMON_2_N001,LOAD,CA,37.745125434987564,-121.93600563263105
SANRAMON_2_N004,LOAD,CA,37.74494456490202,-121.93600563291054
SANRAMON_2_N023,LOAD,CA,37.74494456490202,-121.93623436708945
SANRAMON_2_N024,LOAD,CA,37.745125434987564,-121.93623436736895
SANTAFE_7_B1,GEN,CA,38.78005383848633,-122.67
SANTAFE_7_B11,GEN,CA,38.77997308074166,-122.66994018974808
SANTAFE_LNODEPLNT,LOAD,PNM,38.77997308074166,-122.67005981025191
SANTARO_1_N001,LOAD,CA,33.78461699446498,-116.41025972078828
SANTARO_1_N014,LOAD,CA,33.78443700544048,-116.41025972101585
SANTARO_1_N017,LOAD,CA,33.78443700544048,-116.41047627898415
SANTARO_1_N021,LOAD,CA,33.78461699446498,-116.41047627921172
SANTA_SR_LNODED5A,LOAD,SRP,33.329847,-111.748336
SANTA_SR_LNODED5B,LOAD,SRP,33.32984699995384,-111.74822872229778
SANTA_SR_LNODED5S,LOAD,SRP,33.3297693757071,-111.74828236119669
SANTA_SR_LNODED6A,LOAD,SRP,33.3297693757071,-111.74838963880332
SANTA_SR_LNODED6S,LOAD,SRP,33.32984699995384,-111.74844327770221
SANTA_SR_LNODELD1,LOAD,SRP,33.32992462426979,-111.7483896388989
SANTA_SR_LNODELD2,LOAD,SRP,33.32992462426979,-111.7482823611011
SANTEE_1_N001,LOAD,CA,32.85452999998873,-116.96829070198787
SANTEE_1_N004,LOAD,CA,32.85452999998873,-116.96839729801214
SANTIAGO_6_N026,GEN,CA,33.665063,-117.768051
SANTI_BP_LNODEMER,LOAD,BPAT,44.772538,-122.674753
SANWIND_1_N001,GEN,CA,33.91,-116.63
SANXAVIE_1_CAPCHILDGNODE,GEN,WALC,32.171889,-111.131436
SANYSDRO_6_N001,LOAD,CA,32.562237999988916,-117.02641779453799
SANYSDRO_6_N004,LOAD,CA,32.562237999988916,-117.02652420546201
SANYSDRO_6_N013,GEN,CA,32.545004,-117.069583
SAN_CRUZ_LNODEC21,LOAD,TEPC,32.21471798270397,-110.980758
SAN_CRUZ_LNODEC2C3,LOAD,TEPC,32.2146370086357,-110.98070274321142
SAN_CRUZ_LNODEDIST2,LOAD,TEPC,32.2146370086357,-110.98081325678858
SAPPH_BP_LNODEAY1,LOAD,BPAT,48.071923,-124.269525
SAPPH_BP_LNODEDUC,LOAD,BPAT,48.071922999921604,-124.26939055100729
SAPPH_BP_LNODEILL,LOAD,BPAT,48.071845197607026,-124.26945777560528
SAPPH_BP_LNODEKIU,LOAD,BPAT,48.071845197607026,-124.26959222439471
SAPPH_BP_LNODEKS2,LOAD,BPAT,48.071922999921604,-124.26965944899271
SAPPH_BP_LNODESHT,LOAD,BPAT,48.072000802353806,-124.269592224598
SAPPH_BP_LNODEYEE,LOAD,BPAT,48.072000802353806,-124.269457775402
SARATOGA_2_N001,LOAD,CA,37.28099617234283,-122.014883
SARATOGA_2_N006,LOAD,CA,37.28091491381397,-122.0148240379766
SARATOGA_2_N011,LOAD,CA,37.28091491381397,-122.0149419620234
SARA_BP_LNODEARA,LOAD,BPAT,45.7536,-122.7133
SAR_LNODE12A,LOAD,APS,33.410591,-112.408603
SAR_LNODE13A,LOAD,APS,33.41059099995371,-112.40849556195927
SAR_LNODE14A,LOAD,APS,33.410501316468874,-112.4084955620702
SAR_LNODEFDR20,LOAD,APS,33.41043790071092,-112.4085715321819
SAR_LNODER1A,LOAD,APS,33.410422735037926,-112.40867742276045
SAR_LNODER2A,LOAD,APS,33.41045379705149,-112.40877821072444
SAR_LNODER4A,LOAD,APS,33.41051920491065,-112.40885171694235
SAR_LNODER6A,LOAD,APS,33.41060396357703,-112.40888682980886
SAR_LNODER9A,LOAD,APS,33.41069351312118,-112.40888096017346
SATSO_BP_LNODE125,LOAD,BPAT,46.96901099998089,-123.46211575134386
SATSO_BP_LNODEPPK,LOAD,BPAT,46.96901099998089,-123.46224824865615
SAUGUS_6_N001,LOAD,CA,34.4222099999511,-118.5721663854507
SAUGUS_6_N008,GEN,CA,34.4221195795684,-118.572276
SAUGUS_6_N009,GEN,CA,34.4222099999511,-118.57238561454929
SAUGUS_6_N010,GEN,CA,34.42230042043155,-118.572276
SAUGUS_6_N012,GEN,CA,34.42,-118.57
SAUSALTO_6_N001,LOAD,CA,37.86340599998612,-122.49836873883264
SAUSALTO_6_N002,LOAD,CA,37.86340599998612,-122.49848326116737
SAW_GNODEGEN1,GEN,PSE,48.448055999980284,-122.43798847063664
SAW_LNODEILL,LOAD,PSE,48.448055999980284,-122.43812352936335
SAYLO_SR_LNODELD1,LOAD,SRP,33.35604978896453,-111.964886
SAYLO_SR_LNODELD2,LOAD,SRP,33.35596910550522,-111.96483023052025
SAYLO_SR_LNODELD3,LOAD,SRP,33.35596910550522,-111.96494176947975
SA_LNODEFDR1,LOAD,APS,33.90607803166961,-113.28594571788264
SA_LNODEFDR3,LOAD,APS,33.90599999995236,-113.28589143586467
SBE_LNODEXF2,LOAD,PSE,47.593611,-122.196111
SBRK_AEP_LNODEKRCH,LOAD,WALC,32.31972699998857,-111.30339617672556
SBSH_7_111GNODE,GEN,IPCO,43.45987611580111,-116.29445353791253
SCARCELO_1_1LNODE,LOAD,AVA,47.8683162856896,-116.8299830446986
SCA_GS_GNODE1,GEN,LADWP,33.918151,-118.427648
SCA_GS_GNODE2,GEN,LADWP,33.91815099995231,-118.42753940762094
SCA_GS_GNODE4,GEN,LADWP,33.918060886135436,-118.42753940773578
SCA_GS_GNODE5,GEN,LADWP,33.917997166088014,-118.42761619408599
SCA_GS_GNODE6,GEN,LADWP,33.917981927644455,-118.4277232223717
SCA_GS_GNODE7,GEN,LADWP,33.9180131387017,-118.42782509322085
SCA_GS_LNODE1AUX,LOAD,LADWP,33.91807886040714,-118.42789938920775
SCA_GS_LNODE2AUX,LOAD,LADWP,33.91816402577284,-118.42793487934084
SCA_GS_LNODE4AUX,LOAD,LADWP,33.91825400500674,-118.42792894664778
SCA_GS_LNODE5AUX,LOAD,LADWP,33.91833643226557,-118.42788506116258
SCA_GS_LNODE6AUX,LOAD,LADWP,33.91840200617013,-118.42781057548723
SCA_GS_LNODE7AUX,LOAD,LADWP,33.91844466871178,-118.42771492357166
SCA_LA_LNODE3SS,LOAD,LADWP,33.91846141326686,-118.42760822199088
SCA_SUB_LNODEONA,LOAD,LADWP,33.918451884282646,-118.42750023805854
SCA_SUB_LNODEONB,LOAD,LADWP,33.91841787609632,-118.42739967533626
SCENIC_1_RIORANCHOPVGNODE,GEN,PNM,35.183051,-106.810922
SCENIC_LNODEENIC,LOAD,PNM,42.38172371868463,-122.92556
SCEPSE_LNODEXF1,LOAD,PSE,47.711667,-121.150278
SCGN_LNODEBR1,LOAD,PGE,45.46214672268626,-123.157417
SCGN_LNODEBR2,LOAD,PGE,45.462066138637645,-123.15735066631116
SCGN_LNODEBR3,LOAD,PGE,45.462066138637645,-123.15748333368884
SCHAAKS_LNODEOAD,LOAD,NWMT,45.772175,-108.140068
SCHIEFLN_LNODESTDAVID,LOAD,WALC,31.77755599998915,-110.1297728748346
SCHIEFLN_LNODET201,LOAD,WALC,31.77755599998915,-110.1298791251654
SCHINDLR_1_N005,LOAD,CA,36.402237,-120.138272
SCHINDLR_1_N021,GEN,CA,36.479145,-120.01764
SCHLNDLR_7_N002,GEN,CA,36.400234999987035,-120.10310434302707
SCHLNDLR_7_N003,GEN,CA,36.400234999987035,-120.10321565697292
SCHMLBCH_1_N001,LOAD,CA,38.3,-121.87
SCHNITZR_BKLNODE,LOAD,TPWR,47.25979,-122.36376
SCHN_LNODE5LD,LOAD,PGE,45.61256253352346,-122.767754
SCHUL_BP_LNODETSS,LOAD,BPAT,47.121383,-120.510217
SCH_LNODEXF1,LOAD,PSE,48.964444,-122.286667
SCLARA_6_N001,LOAD,CA,34.3007956214976,-119.18563240503143
SCLARA_6_N008,GEN,CA,34.300976378405124,-119.18563240526689
SCLARA_6_N026,GEN,CA,34.1414,-119.1831
SCLARA_6_N027,GEN,CA,34.2253,-119.0858
SCOOT_BP_LNODEBID,LOAD,BPAT,46.663611154673745,-119.005427
SCOOT_BP_LNODEND1,LOAD,BPAT,46.66352992264269,-119.00535866167804
SCOOT_BP_LNODEND2,LOAD,BPAT,46.66352992264269,-119.00549533832195
SCOTSDLE_LNODELD2,LOAD,SRP,33.51626999995347,-111.90657866253994
SCOTSDLE_LNODELD3,LOAD,SRP,33.51635976138801,-111.906471
SCP1_7_GNODE1,GEN,PGE,45.0806099999824,-121.88674647044911
SCP1_LNODE1LD,LOAD,PGE,45.0806099999824,-121.8868735295509
SCPS_LNODEWR1,LOAD,PGE,45.75779999998198,-122.87433581149061
SCPS_LNODEWR2,LOAD,PGE,45.75779999998198,-122.87446418850938
SCRIPPS_6_N001,LOAD,CA,32.91119872129761,-117.112589
SCRIPPS_6_N008,LOAD,CA,32.91111813933897,-117.11253358224198
SCRIPPS_6_N013,LOAD,CA,32.91111813933897,-117.112644417758
SCR_7_UNIT1GNODE,GEN,BANC,40.62823999998475,-122.46763044632499
SCR_7_UNIT2GNODE,GEN,BANC,40.62823999998475,-122.46774955367502
SCSR_GNODECSR,GEN,IPCO,43.327385,-115.954704
SCWAX_1_N001,LOAD,CA,36.700797999986875,-119.75448599883885
SCY_LNODE102,LOAD,BANC,38.508556628165735,-121.46418309094265
SCY_LNODE103,LOAD,BANC,38.50837670505527,-121.4641830912299
SCY_LNODE105,LOAD,BANC,38.50837670505527,-121.4644130198821
SCY_LNODE106,LOAD,BANC,38.508556628165735,-121.46441302016935
SC_LNODE10A,LOAD,APS,33.635506,-112.34363
SC_LNODE12A,LOAD,APS,33.635505999953075,-112.34352206902548
SC_LNODE16A,LOAD,APS,33.63541613898242,-112.3435220691381
SC_LNODE18A,LOAD,APS,33.63535259772355,-112.34359838780577
SC_LNODE21A,LOAD,APS,33.635337402037145,-112.34370476421613
SC_LNODER1A,LOAD,APS,33.635368525522146,-112.34380601460144
SC_LNODER2A,LOAD,APS,33.63543406282376,-112.34387985807214
SC_LNODER4A,LOAD,APS,33.63551898922886,-112.34391513204176
SC_LNODER9A,LOAD,APS,33.6356087159939,-112.34390923547906
SDG_LNODE12A,LOAD,APS,34.56810843680737,-112.4271361735347
SDG_LNODER1A,LOAD,APS,34.567927563094266,-112.4271361737736
SDG_LNODER5A,LOAD,APS,34.567927563094266,-112.4273558262264
SDG_LNODER9A,LOAD,APS,34.56810843680737,-112.42735582646529
SDL_LNODE_11,LOAD,EPE,31.783930996744225,-106.36169687341327
SDL_LNODE_12,LOAD,EPE,31.783852777733777,-106.36164374691641
SDL_LNODE_13,LOAD,EPE,31.78377455878922,-106.36169687350315
SDL_LNODE_14,LOAD,EPE,31.78377455878922,-106.36180312649685
SDL_LNODE_15,LOAD,EPE,31.783852777733777,-106.36185625308359
SDL_LNODE_16,LOAD,EPE,31.783930996744225,-106.36180312658674
SDP_2_SDCT11GNODE,GEN,APS,33.35426880535583,-111.79878968644284
SDP_2_SDCT12GNODE,GEN,APS,33.35425932573301,-111.79868296334114
SDP_GNODESDCT1,GEN,APS,32.929924,-111.590331
SDP_GNODESDCT10,GEN,APS,32.92992399995472,-111.59022432848137
SDP_GNODESDCT2,GEN,APS,32.929834466702,-111.59022432858933
SDP_GNODESDCT3,GEN,APS,32.92977115717328,-111.59029975668953
SDP_GNODESDCT4,GEN,APS,32.92975601690524,-111.59040489179036
SDP_GNODESDCT5,GEN,APS,32.929787026887645,-111.59050496068016
SDP_GNODESDCT6,GEN,APS,32.929852325182146,-111.59057794246287
SDP_GNODESDCT7,GEN,APS,32.929936941867695,-111.59061280481001
SDP_GNODESDCT8,GEN,APS,32.93002634140381,-111.5906069770462
SDP_GNODESDCT9,GEN,APS,32.93010823761568,-111.59056386783172
SDP_LNODE10AUX,LOAD,APS,32.9301733890509,-111.59049069971435
SDP_LNODE12AUX,LOAD,APS,32.930215776732545,-111.59039673976945
SDP_LNODE34AUX,LOAD,APS,32.93023241340924,-111.59029192561916
SDP_LNODE56AUX,LOAD,APS,32.930222945819686,-111.59018585180054
SDP_LNODE78AUX,LOAD,APS,32.93018915674016,-111.59008706791515
SDT_LNODER1A,LOAD,APS,35.14326275998746,-111.6852047710566
SDT_LNODER5A,LOAD,APS,35.14326275998746,-111.6853150289434
SEARCHLT_LNODE-1,LOAD,NV,35.459735878365805,-114.93537165520706
SEARCHLT_LNODEKV,LOAD,NV,35.459556121533716,-114.93537165545364
SEARCHLT_LNODEVG,LOAD,NV,35.459556121533716,-114.93559234454636
SEARGENT_LNODELD2,LOAD,SRP,33.427092999988425,-112.22045226395993
SEARGENT_LNODELD3,LOAD,SRP,33.427092999988425,-112.22055973604007
SEARLES_7_N001,LOAD,CA,35.75666699998737,-117.38050076336167
SEARLES_7_N004,GEN,CA,35.75666699998737,-117.38061123663833
SEATO_SR_LNODELD1,LOAD,SRP,33.39277699998844,-111.60595529912037
SEATO_SR_LNODELD2,LOAD,SRP,33.39277699998844,-111.60606270087963
SEAWEST_6_N001,GEN,CA,37.744657,-121.602859
SEAWIND_1_B1,GEN,CA,33.94,-116.73
SEGS1G_7_B1,GEN,CA,34.85946599998758,-116.86546905816137
SEGS2G_7_B1,GEN,CA,34.858327,-116.843514
SEH_LNODEXF1,LOAD,PSE,48.742778,-122.485833
SELLE_BP_LNODELLE,LOAD,BPAT,48.356514,-116.53395
SEMINO_L_LNODEOAD,LOAD,NWMT,45.79392,-108.479385
SEMITRPC_1_N001,LOAD,CA,35.600398,-119.437498
SEM_LNODEXF1,LOAD,PSE,48.936339,-122.719859
SENECA_LNODE2KV,LOAD,BPAT,44.05842179,-123.140087
SENTATOR_LNODEUMPS,LOAD,WALC,32.3349578636085,-111.1759703556179
SEQUALIT_BKLNODE,LOAD,TPWR,47.1134,-122.59422
SEQ_LNODEXF1,LOAD,PSE,47.354722,-122.176667
SERRFGEN_7_B1,GEN,CA,33.81887301302021,-118.22276026528898
SERRMNTE_1_N011,LOAD,CA,37.69171986891291,-122.4557633854276
SET_LNODEXF1,LOAD,PSE,47.43416699998062,-122.3010442145306
SET_LNODEXF2,LOAD,PSE,47.43416699998062,-122.30117778546939
SE_LNODE14A,LOAD,APS,34.881607206946065,-111.770283
SE_LNODER2A,LOAD,APS,34.88152589651352,-111.77022577396764
SE_LNODER6A,LOAD,APS,34.88152589651352,-111.77034022603236
SFE_LNODE_10,LOAD,EPE,31.753591666666665,-106.49029722222222
SFE_LNODE_11,LOAD,EPE,31.753591666622707,-106.4901909829386
SFE_LNODE_12,LOAD,EPE,31.753513432252976,-106.4902441026253
SFE_LNODE_50,LOAD,EPE,31.753513432252976,-106.49035034181914
SFE_LNODE_51,LOAD,EPE,31.753591666622707,-106.49040346150584
SFE_LNODE_52,LOAD,EPE,31.753669901058327,-106.49035034190892
SFE_LNODE_53,LOAD,EPE,31.753669901058327,-106.49024410253551
SFIA-MA_1_N001,LOAD,CA,37.63904926020716,-122.385896
SFIA_1_N001,LOAD,CA,37.63896786988162,-122.38583665888167
SFIA_1_N007,LOAD,CA,37.63896786988162,-122.38595534111833
SFPR_GNODE003,GEN,IPCO,42.59734699998389,-114.40432116738101
SFPR_GNODE004,GEN,IPCO,42.59734699998389,-114.40444283261898
SFRY_LNODEWR1,LOAD,PGE,45.4251,-122.8523
SFWP_GNODEFWP,GEN,IPCO,42.597877,-114.404519
SF_LNODE10A,LOAD,APS,34.51269571575947,-110.13135763753515
SF_LNODE14A,LOAD,APS,34.51271252001602,-110.1312497976253
SF_LNODER2A,LOAD,APS,34.512702957055,-110.13114066168342
SG1_GNODEGEN1,GEN,PSE,47.540833,-121.837222
SG1_GNODEGEN2,GEN,PSE,47.540832999922216,-121.8370882527062
SG1_GNODEGEN3,GEN,PSE,47.54074271193648,-121.837222
SG1_GNODEGEN4,GEN,PSE,47.540832999922216,-121.8373557472938
SG1_GNODEGEN5,GEN,PSE,47.54092328806339,-121.837222
SG2_GNODEGEN6,GEN,PSE,47.54444399998057,-121.8413221235503
SG2_GNODEGEN7,GEN,PSE,47.54444399998057,-121.8414558764497
SG_GNODESGCT3,GEN,APS,32.55145469132008,-111.29962159300999
SG_GNODESGGT1,GEN,APS,32.551275308590064,-111.29962159322264
SG_GNODESGGT2,GEN,APS,32.551275308590064,-111.29983440677736
SG_LNODE13A,LOAD,APS,32.55145469132008,-111.29983440699002
SHADOWR_1_N001,LOAD,CA,33.141540731105856,-117.238793
SHADOWR_1_N006,LOAD,CA,33.141460134434745,-117.23873742707973
SHADOWR_1_N008,LOAD,CA,33.141460134434745,-117.23884857292028
SHADOW_LNODE-3,LOAD,NV,36.1703607191585,-115.165493
SHADOW_LNODE-4,LOAD,NV,36.17028014040693,-115.16543537076267
SHADOW_LNODE-5,LOAD,NV,36.17028014040693,-115.16555062923733
SHADYGLN_6_N001,LOAD,CA,39.115058,-120.95331
SHAFTER_7_N022,LOAD,CA,39.77608299994151,-122.10394676937125
SHANNON_LNODELD2,LOAD,SRP,33.4269826946653,-111.67501747177623
SHAPSE_LNODEXF1,LOAD,PSE,47.154167,-122.259722
SHARON_1_N001,LOAD,CA,37.097275,-120.156454
SHASTRD_7_UNIT1GNODE,GEN,BANC,40.71759,-122.42247
SHASTRD_7_UNIT2GNODE,GEN,BANC,40.717589999938575,-122.42235069772683
SHASTRD_7_UNIT3GNODE,GEN,BANC,40.71749957673847,-122.42247
SHASTRD_7_UNIT4GNODE,GEN,BANC,40.717589999938575,-122.42258930227317
SHASTRD_7_UNIT5GNODE,GEN,BANC,40.71768042326152,-122.42247
SHAWMUT_LNODEOAD,LOAD,NWMT,46.344455,-109.519752
SHAWN_BP_LNODENEE,LOAD,BPAT,46.1637,-122.9118
SHAWROAD_1_N001,LOAD,CA,37.55,-122.42
SHAW_LNODELD1,LOAD,SRP,33.5861529999883,-112.09726809084727
SHAW_LNODELD2,LOAD,SRP,33.5861529999883,-112.09737590915273
SHA_LNODE10A,LOAD,APS,33.58115181423843,-111.79865019309116
SHA_LNODE13A,LOAD,APS,33.58097218566815,-111.79865019331557
SHA_LNODER2A,LOAD,APS,33.58097218566815,-111.79886580668443
SHA_LNODER6A,LOAD,APS,33.58115181423843,-111.79886580690884
SHB_GNODETTL,GEN,PSE,46.953224,-120.160663
SHDN_LNODEBR1,LOAD,PGE,45.095684,-123.402229
SHD_LNODEXF1,LOAD,PSE,47.288889,-122.178611
SHEEL_SR_LNODELD1,LOAD,SRP,33.488958844070574,-112.212483
SHEEL_SR_LNODELD2,LOAD,SRP,33.48887807795219,-112.21242708785684
SHEEL_SR_LNODELD3,LOAD,SRP,33.48887807795219,-112.21253891214316
SHELL1_7_B2,GEN,CA,38.01695420898266,-122.1117
SHELL2_7_B2,GEN,CA,38.01687289549356,-122.11164041050606
SHELL3_7_B2,GEN,CA,38.01687289549356,-122.11175958949394
SHEPDSCC_2_Z1GNODE,GEN,BPAT,45.58543999998218,-120.0078890349092
SHEPDSCC_2_Z2GNODE,GEN,BPAT,45.58543999998218,-120.0080169650908
SHEPDSNC_2_Z1GNODE,GEN,BPAT,45.73150199998195,-120.08324384809455
SHEPDSNC_2_Z2GNODE,GEN,BPAT,45.73150199998195,-120.08337215190545
SHEPDSSC_7_Z1GNODE,GEN,BPAT,45.70590899998206,-120.07967988286481
SHEPDSSC_7_Z2GNODE,GEN,BPAT,45.70590899998206,-120.07980811713519
SHERIDA_LNODEOAD,LOAD,NWMT,45.455899,-112.205388
SHE_LNODEXF1,LOAD,PSE,47.595833,-122.626389
SHE_LNODE_10,LOAD,EPE,31.914387471043174,-106.39078055555557
SHE_LNODE_11,LOAD,EPE,31.91430626446634,-106.3907253217683
SHE_LNODE_12,LOAD,EPE,31.91430626446634,-106.39083578934284
SHILOH3B_7_N001,GEN,CA,38.183541,-121.806013
SHILOH3_7_N002,GEN,CA,38.133,-121.871
SHILOH_7_B1,GEN,CA,38.125383,-121.84787
SHILOH_LNODEBK2L,LOAD,NWMT,45.75199999998202,-108.6268918196391
SHILOH_LNODEK1H,LOAD,NWMT,45.75199999998202,-108.62702018036089
SHILO_7_N002,GEN,CA,38.180241,-121.878266
SHL-KRVD_1_N001,GEN,CA,35.372222,-119.0175
SHLLCHM_6_N001,LOAD,CA,38.031607,-121.945728
SHM_LNODER2A,LOAD,APS,34.3594809999878,-110.05120324506332
SHM_LNODER6A,LOAD,APS,34.3594809999878,-110.05131275493667
SHNGLESR_1_N001,LOAD,CA,38.65969989665331,-120.946938
SHNGLESR_1_N004,LOAD,CA,38.659619051658225,-120.94687822587784
SHNGLESR_1_N103,LOAD,CA,38.659619051658225,-120.94699777412217
SHREDDER_1_N001,LOAD,CA,37.511676999986356,-122.20767698568532
SHREDDER_LNODEER,LOAD,NV,36.265794,-115.059261
SHRLN_SC_LNODE701,LOAD,SCL,47.747707,-122.333731
SHRLN_SC_LNODE702,LOAD,SCL,47.747706999922,-122.3335969611263
SHRLN_SC_LNODE703,LOAD,SCL,47.74761687266176,-122.33359696135841
SHRLN_SC_LNODE704,LOAD,SCL,47.74755314313619,-122.33369174103889
SHRLN_SC_LNODE705,LOAD,SCL,47.74753790240739,-122.33382384914204
SHRLN_SC_LNODE706,LOAD,SCL,47.7475691180546,-122.3339495913191
SHRLN_SC_LNODE707,LOAD,SCL,47.7476348494825,-122.33404129717162
SHRLN_SC_LNODE708,LOAD,SCL,47.747720027504144,-122.3340851039234
SHRLN_SC_LNODE709,LOAD,SCL,47.747810020169894,-122.33407778125273
SHRLN_SC_LNODE710,LOAD,SCL,47.74789245978399,-122.33402361220331
SHRLN_SC_LNODE711,LOAD,SCL,47.747958043547605,-122.33393167224145
SHRLN_SC_LNODE712,LOAD,SCL,47.74800071251033,-122.33381360597981
SHTE_LNODEWJ1,LOAD,PGE,45.55800999998223,-122.93732906680218
SHTE_LNODEWJ2,LOAD,PGE,45.55800999998223,-122.93745693319782
SHT_LNODE_10,LOAD,EPE,31.914391666655543,-106.40791074012915
SHT_LNODE_11,LOAD,EPE,31.914391666655543,-106.40801703764863
SHULTZ_LNODELD1,LOAD,SRP,33.29958899998847,-111.80949238975808
SHULTZ_LNODELD2,LOAD,SRP,33.29958899998847,-111.80959961024193
SH_LNODE14A,LOAD,APS,33.58629078519887,-112.09728009073078
SH_LNODE20A,LOAD,APS,33.586212999953226,-112.09722618155877
SH_LNODE24A,LOAD,APS,33.586135214777705,-112.09728009082798
SH_LNODE3A,LOAD,APS,33.586135214777705,-112.09738790917201
SH_LNODE8A,LOAD,APS,33.586212999953226,-112.09744181844123
SH_LNODE9A,LOAD,APS,33.58629078519887,-112.09738790926922
SIB_LNODE0_2,LOAD,EPE,31.17616260788928,-105.36004991290237
SIB_LNODE0_7,LOAD,EPE,31.175981836468853,-105.36004991310404
SIB_LNODE_24,LOAD,EPE,31.175981836468853,-105.36026119800707
SIB_LNODE_SS,LOAD,EPE,31.17616260788928,-105.36026119820873
SIERABRK_LNODE19,LOAD,NV,39.646142,-120.217943
SIERRA_G_1_G01GNODE,GEN,BPAT,46.972776,-123.7737
SIGNALBT_LNODELD3,LOAD,SRP,33.42273199998845,-111.61040726847743
SIGNALBT_LNODELD4,LOAD,SRP,33.42273199998845,-111.61051473152257
SIGNAL_LNODE_BK1,LOAD,WALC,32.554909813372326,-111.334641
SIGNAL_LNODE_BK2,LOAD,WALC,32.55482909330141,-111.33458570871353
SIGNAL_LNODE_BK3,LOAD,WALC,32.55482909330141,-111.33469629128648
SIGNETIC_LNODETIC1,LOAD,PNM,35.191399999987475,-106.58594486349006
SIGNETIC_LNODETIC2,LOAD,PNM,35.191399999987475,-106.58605513650994
SILIC_BP_LNODEXF1,LOAD,BPAT,45.6515669999821,-122.5496739538485
SILIC_BP_LNODEXF2,LOAD,BPAT,45.6515669999821,-122.5498020461515
SILVERDO_1_N001,LOAD,CA,38.49950299998593,-122.45908751973128
SILVERDO_1_N002,LOAD,CA,38.49950299998593,-122.45920248026871
SILVERLK_1_1LNODE,LOAD,AVA,47.5845,-117.6555
SILVR_BP_LNODEPUD,LOAD,BPAT,48.130945,-123.767628
SIL_LNODEXF1,LOAD,PSE,47.657778,-122.716667
SINATRA_LNODE-1,LOAD,NV,36.10239853089685,-115.17954118960137
SINATRA_LNODE-2,LOAD,NV,36.102219469001085,-115.17954118985392
SINATRA_LNODE-3,LOAD,NV,36.102219469001085,-115.17976281014607
SINATRA_LNODE-4,LOAD,NV,36.10239853089685,-115.17976281039863
SINNO_SR_LNODELD2,LOAD,SRP,33.363677,-112.128949
SIN_LNODEXF2,LOAD,PSE,47.523333,-122.711111
SIPHONDROP_7_HYDRGNODE,GEN,WALC,32.46761,-114.38083
SIPN_LNODE131,LOAD,IPCO,42.93527299998364,-112.48955570103982
SIPN_LNODE132,LOAD,IPCO,42.93527299998364,-112.48967829896019
SISK_LNODEKZH,LOAD,BANC,37.69048760173528,-121.02087456863451
SISK_LNODEYUP,LOAD,BANC,37.69057307242136,-121.0209119194331
SISQUOC_1_GN001,GEN,CA,34.9508,-120.4131
SISQUOC_1_N001,LOAD,CA,34.87826099998756,-120.33120693531723
SISQUOC_1_N020,LOAD,CA,34.87826099998756,-120.33131706468278
SJNO2_6_N002,GEN,CA,37.203233,-119.497508
SJNORTH_3_SANJUANNORTHESGNODE,GEN,PNM,34.82865944372373,-105.00138326234756
SJNORTH_3_SANJUANNORTHPVGNODE,GEN,PNM,34.828690744109515,-105.00148654159966
SKC_LNODE10A,LOAD,APS,33.666862,-112.178942
SKC_LNODE12A,LOAD,APS,33.666861999953056,-112.17883399655432
SKC_LNODE13A,LOAD,APS,33.66677211139758,-112.17883399666718
SKC_LNODE14A,LOAD,APS,33.66670855063334,-112.17891036657959
SKC_LNODER1A,LOAD,APS,33.66669335028219,-112.17901681441697
SKC_LNODER2A,LOAD,APS,33.66672448332109,-112.17911813278752
SKC_LNODER4A,LOAD,APS,33.666790040740686,-112.17919202584116
SKC_LNODER6A,LOAD,APS,33.66687499321577,-112.17922732349615
SKELS_BP_LNODEFMR,LOAD,BPAT,46.123408999981756,-122.89435422339069
SKELS_BP_LNODEXF,LOAD,BPAT,46.123408999981756,-122.8944837766093
SKELTON_LNODE-1,LOAD,NV,36.27083099998719,-115.22398946457996
SKELTON_LNODE-2,LOAD,NV,36.27083099998719,-115.22410053542005
SKE_LNODEXF2,LOAD,PSE,47.698123,-122.630811
SKI_LNODEXF1,LOAD,PSE,47.667778,-122.195833
SKPR_GNODE011,GEN,IPCO,42.94510685873504,-115.977801
SKPR_GNODE012,GEN,IPCO,42.94502607061478,-115.9777372806824
SKPR_GNODE013,GEN,IPCO,42.94502607061478,-115.9778647193176
SKWY_LNODE011A,LOAD,IPCO,43.65905,-116.6528
SKWY_LNODE012A,LOAD,IPCO,43.659049999932016,-116.65267512060383
SKWY_LNODE013A,LOAD,IPCO,43.658959654591264,-116.65267512079174
SKWY_LNODE014A,LOAD,IPCO,43.65889577085026,-116.65276342376565
SKWY_LNODE015A,LOAD,IPCO,43.65888049324755,-116.65288650438048
SKWY_LNODE016A,LOAD,IPCO,43.65891178444945,-116.65300365406439
SKWY_LNODE017A,LOAD,IPCO,43.65897767495514,-116.65308909322646
SKWY_LNODE018A,LOAD,IPCO,43.65906305909823,-116.65312990640302
SKYRIVER_2_N003,GEN,CA,35.175049999987536,-118.32982486596808
SKYRIVER_7_N007,GEN,CA,35.175049999987536,-118.32993513403193
SKY_LNODEXF2,LOAD,PSE,47.707778,-121.352222
SLATE_7_N001,GEN,CA,36.22695499998719,-119.89474450162966
SLATE_7_N002,GEN,CA,36.22695499998719,-119.89485549837033
SLAURL_R_LNODEOAD,LOAD,NWMT,45.5922,-108.814232
SLA_LNODEXF1,LOAD,PSE,48.819722,-122.67
SLEWISTN_1_1LNODE,LOAD,AVA,46.39379999998141,-117.03813472989299
SLEWISTN_1_2LNODE,LOAD,AVA,46.39379999998141,-117.03826527010702
SLMNCRK_6_N001,LOAD,CA,38.343592,-123.044809
SLNX_GNODEST1,GEN,APS,32.92167653412525,-112.97796433733083
SLNX_GNODEST2,GEN,APS,32.92149746578422,-112.97796433754667
SLNX_LNODEUX1,LOAD,APS,32.92149746578422,-112.97817766245333
SLNX_LNODEUX2,LOAD,APS,32.92167653412525,-112.97817766266917
SLOAN_LNODE-1,LOAD,NV,36.169211999987255,-115.04346054704713
SLOAN_LNODE-2,LOAD,NV,36.169211999987255,-115.04357145295288
SLR-TANN_7_B1,GEN,CA,35.089829,-119.440881
SLT WELS_GNODEIT,GEN,NV,39.294787,-118.571204
SLVN_LNODEWR8,LOAD,PGE,45.35551373913944,-122.6192
SLVN_LNODEWR9,LOAD,PGE,45.35543313041112,-122.61913377114355
SLVRHWK_7_UNIT 3GNODE,GEN,NV,36.42655539140854,-114.90794863228919
SLVRHWK_7_UNIT 4GNODE,GEN,NV,36.4264920286497,-114.90802738117932
SLVRHWK_GNODEA,GEN,NV,36.42647687564795,-114.90813714493005
SLVRHWK_GNODEB,GEN,NV,36.42650791169226,-114.9082416194343
SLVRHWK_GNODEST,GEN,NV,36.42657326487784,-114.90831781432342
SLVRHWK_LNODES1,LOAD,NV,36.426657952705845,-114.90835421155576
SLVRHWK_LNODES2,LOAD,NV,36.426747427418434,-114.90834812725957
SLVRPK_LNODE12,LOAD,NV,37.754373,-117.632363
SLVRSTAR_LNODEOAD,LOAD,NWMT,45.686605,-112.287634
SLVSTSLR_GNODEIT,GEN,NV,35.61509272462021,-115.35614780044081
SLWD_LNODEWR2,LOAD,PGE,45.45828,-122.652504
SLYCREEK_7_B1,GEN,CA,39.580413,-121.119479
SLZR_LNODEERF,LOAD,PGE,45.529,-122.693
SL_LNODE13A,LOAD,APS,34.26079821558205,-110.0184
SL_LNODE19A,LOAD,APS,34.2607168921958,-110.01834319061837
SL_LNODER9A,LOAD,APS,34.2607168921958,-110.01845680938163
SMELTER_LNODEOAD,LOAD,NWMT,45.631983,-109.235943
SME_LNODEXF1,LOAD,PSE,47.541667,-122.223611
SMITHFLS_1_G01GNODE,GEN,BPAT,48.96015,-116.55771
SMLL_LNODEBR1,LOAD,PGE,45.054314,-122.709686
SMMT_LNODEBR1,LOAD,PGE,45.301616999982336,-121.74513631673749
SMMT_LNODEFR2,LOAD,PGE,45.301616999982336,-121.74526368326252
SMOKEYP_LNODEMR2,LOAD,BPAT,48.14999999998035,-122.17993272199917
SMOKE_BP_LNODEMR1,LOAD,BPAT,48.14999999998035,-122.18006727800083
SMPSN-AN_7_B1,GEN,CA,40.436389,-122.268611
SMPT_LNODE131,LOAD,IPCO,43.66619799998298,-116.73253255019087
SMPT_LNODE132,LOAD,IPCO,43.66619799998298,-116.73265744980914
SMRTVLTP_6_N101,LOAD,CA,39.207939,-121.301476
SMR_LNODEXF2,LOAD,PSE,47.206667,-122.237778
SMS_GNODEGEN1,GEN,PSE,48.99249999997983,-122.27437571743468
SMS_GNODEGEN2,GEN,PSE,48.99249999997983,-122.27451228256531
SMTRPCWS_1_N001,LOAD,CA,35.59,-119.44
SMUDGEO1_7_B1,GEN,CA,38.777699,-122.740895
SM_1_HYDRO1GNODE,GEN,SRP,33.566183,-111.536451
SM_LNODE27A,LOAD,APS,32.618579999988995,-110.62578878263916
SM_LNODE29A,LOAD,APS,32.618579999988995,-110.62589521736085
SNANDRES_6_N001,LOAD,CA,37.603294,-122.420424
SNBRNRD_6_N001,LOAD,CA,35.092421,-118.878241
SNDY_LNODEBR1,LOAD,PGE,45.4041,-122.2733
SNIPE_BP_LNODENRE,LOAD,BPAT,46.302928,-119.661314
SNJOSEB_1_N001,LOAD,CA,37.34102432531631,-121.9009493888098
SNJOSEB_1_N005,LOAD,CA,37.34084367457506,-121.9009493890831
SNJOSEB_1_N009,LOAD,CA,37.34084367457506,-121.9011766109169
SNJOSEB_1_N013,LOAD,CA,37.34102432531631,-121.9011766111902
SNJSEA_1_N001,LOAD,CA,37.328246190599145,-121.902531
SNJSEA_1_N005,LOAD,CA,37.32816490468582,-121.90247198103432
SNJSEA_1_N101,LOAD,CA,37.32816490468582,-121.90259001896567
SNLNDRO_1_N001,LOAD,CA,37.711237436769906,-122.14880668270004
SNLNDRO_1_N014,LOAD,CA,37.71105656311971,-122.14880668297907
SNLNDRO_1_N017,LOAD,CA,37.71105656311971,-122.14903531702092
SNLNDRO_1_N027,LOAD,CA,37.711237436769906,-122.14903531729996
SNLSOB_1_N023,GEN,CA,35.240192,-120.651147
SNLSOB_7_N003,GEN,CA,35.186667,-120.599444
SNL_LNODEDR5A,LOAD,APS,32.497442,-114.760409
SNL_LNODER1A,LOAD,APS,32.497441999955235,-114.76030261074584
SNL_LNODEVX3,LOAD,APS,32.497352269661185,-114.760409
SNL_LNODEX11,LOAD,APS,32.497441999955235,-114.76051538925415
SNL_LNODEX13,LOAD,APS,32.49753173033867,-114.760409
SNN_GNODEGEN,GEN,PSE,48.649999999980146,-121.69382124007348
SNN_LNODE1,LOAD,PSE,48.649999999980146,-121.69395675992652
SNOHO_BP_LNODEERV,LOAD,BPAT,47.923792,-122.103872
SNO_LNODE_10,LOAD,EPE,31.769193085876918,-106.49849722222223
SNO_LNODE_11,LOAD,EPE,31.769111790382766,-106.49844201490924
SNO_LNODE_12,LOAD,EPE,31.769111790382766,-106.49855242953521
SNP1_7_GNODE,GEN,PGE,45.048,-122.963
SNQ_LNODEXF1,LOAD,PSE,47.538889,-121.833889
SNROSA_LNODEMEA,LOAD,BANC,37.5099999999863,-121.22994301594794
SNROSA_LNODEYWX,LOAD,BANC,37.5099999999863,-121.23005698405206
SNST_LNODEJ10,LOAD,PGE,45.55126,-122.920479
SNST_LNODEJ11,LOAD,PGE,45.551259999928696,-122.92035114898873
SNST_LNODEWJ9,LOAD,PGE,45.551170469589756,-122.9203511491924
SNST_LNODEWR1,LOAD,PGE,45.55110716214517,-122.92044155340761
SNST_LNODEWR2,LOAD,PGE,45.55109202235962,-122.92056756281364
SNST_LNODEWR3,LOAD,PGE,45.551123031276205,-122.92068750016388
SNST_LNODEWR4,LOAD,PGE,45.55118832737542,-122.9207749724332
SNST_LNODEWR5,LOAD,PGE,45.551272941265054,-122.92081675682044
SNST_LNODEWR6,LOAD,PGE,45.5513623378992,-122.92080977215291
SNST_LNODEWR7,LOAD,PGE,45.551444231495914,-122.9207581037734
SNST_LNODEWR8,LOAD,PGE,45.551509380876446,-122.92067040819664
SNTAMRA_1_N001,LOAD,CA,33.12877399995433,-117.19738293065951
SNTAMRA_1_N005,LOAD,CA,33.12885155124498,-117.19732946537698
SNTANLA_6_N001,LOAD,CA,37.085979,-121.013273
SNTARSA_1_N001,LOAD,CA,38.43691201584367,-122.71331
SNTARSA_1_N002,LOAD,CA,38.43683099206306,-122.71325027901105
SNTARSA_1_N006,LOAD,CA,38.43683099206306,-122.71336972098895
SNTARTA_6_N001,LOAD,CA,37.055061,-120.634086
SNTAYNZ_1_N001,LOAD,CA,34.625273999987726,-120.11813905143147
SNTAYNZ_1_N002,LOAD,CA,34.625273999987726,-120.11824894856854
SNTHLNE_6_N001,LOAD,CA,37.6223639999863,-122.44717791303894
SNTHLNE_6_N002,LOAD,CA,37.6223639999863,-122.44729208696106
SNWALMB_LNODEKS,LOAD,NV,36.29274,-115.082176
SNWA_6_PUMPGNODE,GEN,WALC,36.0411,-114.9957
SNYDERHL_1_CAPCHILDGNODE,GEN,WALC,32.17026,-111.090835
SNYDER_LNODEER2,LOAD,BPAT,40.713725999984696,-111.54992935289827
SNYDER_TEP_LNODEDIST3,LOAD,TEPC,32.296081,-110.836356
SNYDE_BP_LNODEDER,LOAD,BPAT,40.713725999984696,-111.55004864710172
SNYSIDRO_LNODEROXF,LOAD,PNM,35.3859,-106.465
SOBRANTE_1_N001,LOAD,CA,37.90594,-122.208144
SOCORROP_LNODEBIL,LOAD,PNM,34.05298841487416,-106.9278466
SOCORROP_LNODEROP1,LOAD,PNM,34.05290721254993,-106.92779001460951
SOCORROP_LNODEROP2,LOAD,PNM,34.05290721254993,-106.92790318539049
SOC_LNODE_10,LOAD,EPE,31.642009790364995,-106.29898888888889
SOC_LNODE_11,LOAD,EPE,31.64192843813885,-106.29893371875364
SOC_LNODE_12,LOAD,EPE,31.64192843813885,-106.29904405902414
SOLBLU_7_NBT1,GEN,CA,36.173966999987236,-119.9042935434519
SOLBLU_7_NBT2,GEN,CA,36.173966999987236,-119.9044044565481
SOLBLU_7_NSR1,GEN,CA,36.159795999987246,-119.90533555408953
SOLBLU_7_NSR2,GEN,CA,36.159795999987246,-119.90544644591046
SOLEDAD_6_N001,LOAD,CA,36.429513,-121.331901
SOL_LNODE_10,LOAD,EPE,31.75024768051044,-106.30701354780635
SOL_LNODE_11,LOAD,EPE,31.75016944440064,-106.3069604290358
SOL_LNODE_12,LOAD,EPE,31.750091208356153,-106.30701354789612
SOL_LNODE_13,LOAD,EPE,31.750091208356153,-106.30711978543721
SOL_LNODE_14,LOAD,EPE,31.75016944440064,-106.30717290429752
SOL_LNODE_15,LOAD,EPE,31.75024768051044,-106.30711978552698
SOM_LNODEXF1,LOAD,PSE,47.555833,-122.165556
SONMALF_7_B1,GEN,CA,38.27659,-122.462014
SONOFR2_7_B1,GEN,CA,33.3697279999884,-117.55427632222039
SONOFR3_7_B1,GEN,CA,33.369323,-117.553506
SONOFRE_2_N067,LOAD,CA,33.3697279999884,-117.55438367777961
SONOITA_LNODESQ,LOAD,TEPC,31.467628560721803,-110.9747575
SONOITA_LNODESQ_T1,LOAD,TEPC,31.467547169627352,-110.97470240657579
SONOITA_LNODESQ_T2,LOAD,TEPC,31.467547169627352,-110.97481259342422
SONORA_LNODEETAP,LOAD,WALC,32.28478099998868,-114.35159882542813
SONORA_LNODEPMP,LOAD,WALC,32.28478099998868,-114.35170517457186
SOO_LNODEXF2,LOAD,PSE,47.359167,-122.14
SOPOINT_LNODE-1,LOAD,NV,35.151822999987516,-114.57804886964836
SOPOINT_LNODE-2,LOAD,NV,35.151822999987516,-114.57815913035164
SOPOINT_LNODEA001,LOAD,WALC,34.527224,-114.315681
SOPOINT_LNODEB001,LOAD,WALC,34.52722399995091,-114.31557122836868
SOTHELLO_1_1LNODE,LOAD,AVA,46.8146,-119.1967
SOURDGH_LNODEK1L,LOAD,NWMT,45.663183,-111.030791
SOUTHBAS_1_N001,LOAD,CA,34.881503,-117.892023
SOUTHBY_6_N001,LOAD,CA,38.575612901218726,-121.497588
SOUTHERN_LNODELD3,LOAD,SRP,33.3924899999884,-112.15889329941061
SOUTHERN_LNODELD4,LOAD,SRP,33.3924899999884,-112.15900070058939
SOUTHG_7_B1,GEN,CA,40.395396,-121.879186
SOUTHPOINT_2_CT1GNODE,GEN,WALC,34.52713356387656,-114.315681
SOUTHPOINT_2_CT2GNODE,GEN,WALC,34.52722399995091,-114.31579077163131
SOUTHPOINT_2_ST1GNODE,GEN,WALC,34.52731443612341,-114.315681
SOUTH_BP_LNODE115,LOAD,BPAT,47.568,-122.331
SOUTH_LNODE108,LOAD,TEPC,40.39538221,-121.8791458
SOUTH_LNODE204,LOAD,TEPC,40.39538220993951,-121.87902727370097
SOUTH_LNODEC542,LOAD,TEPC,40.39529194143137,-121.87902727385986
SOUTH_LNODEC544,LOAD,TEPC,40.39522811201244,-121.87911108453021
SOUTH_LNODEC546,LOAD,TEPC,40.39521284740522,-121.87922790359386
SOUTH_LNODEC547,LOAD,TEPC,40.39524411201219,-121.8793390934442
SOUTH_LNODEC548,LOAD,TEPC,40.39530994650243,-121.87942018597366
SOUTH_LNODEC549,LOAD,TEPC,40.395395258043976,-121.87945892278287
SOUTH_LNODEC550,LOAD,TEPC,40.3954853917418,-121.8794524474595
SOUTH_LNODEC552,LOAD,TEPC,40.39556796052161,-121.87940454742642
SOUTH_SC_LNODE628,LOAD,SCL,47.568228,-122.330289
SOUTH_SC_LNODE629,LOAD,SCL,47.56822799992222,-122.33015521072116
SOUTH_SC_LNODE630,LOAD,SCL,47.568137730720224,-122.33015521095174
SOUTH_SC_LNODE631,LOAD,SCL,47.568073900826484,-122.33024981414277
SOUTH_SC_LNODE632,LOAD,SCL,47.56805863609516,-122.33038167624832
SOUTH_SC_LNODE633,LOAD,SCL,47.568089900904674,-122.33050718428119
SOUTH_SC_LNODE634,LOAD,SCL,47.56815573585437,-122.33059871936682
SOUTH_SC_LNODE635,LOAD,SCL,47.56824104802371,-122.33064244454326
SOUTH_SC_LNODE636,LOAD,SCL,47.56833118241922,-122.33063513550539
SOUTH_SC_LNODE637,LOAD,SCL,47.56841375186704,-122.33058106732291
SOUTH_SC_LNODE638,LOAD,SCL,47.568479438917876,-122.33048929856353
SOUTH_SC_LNODE639,LOAD,SCL,47.56852217507938,-122.33037145215637
SOUTH_SC_LNODE640,LOAD,SCL,47.56853894851486,-122.33023999211007
SOUTH_SC_LNODE641,LOAD,SCL,47.568529403048025,-122.33010695216468
SOUTH_SC_LNODE642,LOAD,SCL,47.56849533611914,-122.32998305548084
SOUTH_SC_LNODE643,LOAD,SCL,47.568440166836965,-122.32987716024321
SOUTH_SC_LNODE644,LOAD,SCL,47.56836842027352,-122.32979596824364
SOUTH_SC_LNODE645,LOAD,SCL,47.56828525667873,-122.32974393885289
SOUTH_SC_LNODE646,LOAD,SCL,47.56819606197554,-122.32972335752729
SOUTH_SC_LNODE647,LOAD,SCL,47.56810610723552,-122.32973451514306
SOUTH_SC_LNODE648,LOAD,SCL,47.56802027879574,-122.32977596145334
SOUTH_SC_LNODE649,LOAD,SCL,47.567942876577945,-122.32984480251679
SOUTH_SC_LNODE650,LOAD,SCL,47.56787747548862,-122.32993701789601
SOUTH_SC_LNODE651,LOAD,SCL,47.56782684314965,-122.33004777870076
SOUTH_SC_LNODEFSS,LOAD,SCL,47.56779290635038,-122.33017175214599
SOUTH_SC_LNODEK91,GEN,SCL,47.56777675831856,-122.33030338222784
SOUTH_SC_LNODETSS,LOAD,SCL,47.56777869901249,-122.33043713943417
SOU_LNODEXF2,LOAD,PSE,47.452778,-122.263056
SPACHECO_LNODEECO1,LOAD,PNM,35.653699999987424,-105.95694479176873
SPACHECO_LNODEECO2,LOAD,PNM,35.653699999987424,-105.95705520823127
SPALDING_1_1LNODE,LOAD,AVA,46.4268990118381,-116.9274124753283
SPANGLE_1_1LNODE,LOAD,AVA,47.4242,-117.4382
SPANSHCK_6_N001,LOAD,CA,40.026139,-120.961748
SPANSPG_LNODE70,LOAD,NV,39.57154960468907,-119.73767687419266
SPANSPG_LNODE71,LOAD,NV,39.57147199994209,-119.73761874851544
SPANSPG_LNODE72,LOAD,NV,39.57139439528203,-119.73767687432279
SPANSPG_LNODE73,LOAD,NV,39.57139439528203,-119.73779312567721
SPANSPG_LNODE74,LOAD,NV,39.57147199994209,-119.73785125148456
SPANSPG_LNODE75,LOAD,NV,39.57154960468907,-119.73779312580734
SPARTA_LNODEBK3,LOAD,NV,36.0861719999872,-115.31285560562391
SPARTA_LNODEK2,LOAD,NV,36.0861719999872,-115.31296639437609
SPART_SR_LNODELD1,LOAD,SRP,33.50644785217883,-112.021986
SPART_SR_LNODELD2,LOAD,SRP,33.50636707389803,-112.02193006813917
SPART_SR_LNODELD3,LOAD,SRP,33.50636707389803,-112.02204193186084
SPAUL1-2_7_B2,GEN,CA,39.324592,-120.645375
SPAUL1-2_7_B3,GEN,CA,39.324613,-120.644807
SPAULD3_7_B1,GEN,CA,39.337679,-120.635467
SPA_LNODEXF1,LOAD,PSE,47.080278,-122.364722
SPA_LNODE_10,LOAD,EPE,31.672439381213433,-106.24990523593635
SPA_LNODE_11,LOAD,EPE,31.672361111067072,-106.24985213862888
SPA_LNODE_12,LOAD,EPE,31.672282840986604,-106.24990523602585
SPA_LNODE_13,LOAD,EPE,31.672282840986604,-106.25001143064082
SPA_LNODE_14,LOAD,EPE,31.672361111067072,-106.2500645280378
SPA_LNODE_15,LOAD,EPE,31.672439381213433,-106.25001143073032
SPBK_LNODEWR1,LOAD,PGE,45.2914999999823,-122.9471363249032
SPBK_LNODEWR2,LOAD,PGE,45.2914999999823,-122.9472636750968
SPCMPNY_7_B1,GEN,CA,37.731667,-121.117222
SPD_LNODEFDR10,LOAD,APS,49.70907826997903,-114.89263277052594
SPD_LNODEFDR12,LOAD,APS,49.70907826997903,-114.89277222947406
SPEAH_BP_LNODEITA,LOAD,BPAT,45.62342499998211,-121.13595598906498
SPEARFSH_1_TDFGNODE,GEN,BPAT,45.62342499998211,-121.13608401093502
SPECTRUM_GNODEIT,GEN,NV,36.220927999987175,-114.88967849345136
SPEEDWAY_LNODE-2,LOAD,NV,36.277269730153584,-115.027516
SPEEDWAY_LNODESPD,LOAD,NV,36.277189134909364,-115.02745828012792
SPEEDWAY_LNODESPDBK3,LOAD,NV,36.277189134909364,-115.02757371987208
SPENCER_LNODE-3,LOAD,NV,36.116274718280934,-115.129774
SPENCER_LNODE-4,LOAD,NV,36.116194140845685,-115.12971641142242
SPENCER_LNODE-5,LOAD,NV,36.116194140845685,-115.12983158857757
SPENCE_6_N001,LOAD,CA,36.613591,-121.566779
SPI-BURN_7_N003,GEN,CA,40.876389,-121.701111
SPI-QUCY_7_N002,GEN,CA,39.940833,-120.875556
SPIBURN_7_N004,GEN,CA,40.8579,-121.7225
SPICAMIN_1_N001,LOAD,CA,38.73992576174639,-120.67723108004192
SPILINCF_7_N002,GEN,CA,38.903333,-121.308889
SPILLS_6_ELVADOHYDROGNODE,GEN,PNM,35.643336,-106.731993
SPIRITLK_1_XFMRLNODE,LOAD,AVA,47.9658,-116.861
SPIRIT_1_BPAT_SPIRITLNODE,LOAD,AVA,48.8144,-117.646
SPI_LNODEXF1,LOAD,PSE,47.665278,-122.134167
SPKN_BNC_LNODEOAD,LOAD,NWMT,46.649915,-111.798229
SPNGDL_P_LNODEOAD,LOAD,NWMT,45.768,-110.243833
SPNKPCOL_7_SPKGGNODE,GEN,NWMT,47.33378,-110.640658
SPNKP_69_LNODEOAD,LOAD,NWMT,47.330372,-110.601754
SPOKINDP_1_1LNODE,LOAD,AVA,47.69485410312886,-117.1874
SPOKINDP_1_2LNODE,LOAD,AVA,47.69477294841457,-117.1873303876435
SPOKINDP_1_3LNODE,LOAD,AVA,47.69477294841457,-117.18746961235651
SPR3PP_2_SOLARGNODE,GEN,LADWP,35.171153,-118.001652
SPRAGUE_1_SPRAGUEJLNODE,LOAD,AVA,47.3323,-118.14
SPRINGER_LNODECAL,LOAD,PNM,36.39724763414799,-104.59718499211436
SPRINGER_LNODEOTT,LOAD,PNM,36.397068445748694,-104.59718499237098
SPRINGER_LNODETON,LOAD,PNM,36.397068445748694,-104.59740760762901
SPRINGER_LNODEUND,LOAD,PNM,36.39724763414799,-104.59740760788563
SPRINGVL_6_N001,LOAD,CA,36.10586253074472,-118.93516918490357
SPRINGVL_6_N002,GEN,CA,36.1056834691532,-118.93516918515616
SPRINGVL_6_N004,GEN,CA,36.1056834691532,-118.93539081484384
SPRINGVL_6_N006,GEN,CA,36.10586253074472,-118.93539081509644
SPRINGVL_6_N008,GEN,CA,36.3302,-119.2921
SPRINGVL_6_N009,GEN,CA,36.2118,-119.13385
SPRINGVL_6_N010,GEN,CA,36.0652,-119.0168
SPRIN_BP_LNODEXF1,LOAD,BPAT,44.11863962,-123.1393743
SPRMTN_LNODE-1,LOAD,NV,36.051194,-115.385071
SPRNGGP_7_B1,GEN,CA,38.44477699421626,-120.51680127719847
SPRNGRVL_LNODEG3SST,LOAD,TEPC,34.31289272,-109.1640563
SPRNGRVL_LNODEN1AUX,LOAD,TEPC,34.312892719951364,-109.1639468728641
SPRNGRVL_LNODEN2AUX,LOAD,TEPC,34.31280233625922,-109.16394687298191
SPRNGRVL_LNODEN3AUX,LOAD,TEPC,34.31273842538207,-109.16402424959284
SPRNGRVL_LNODEN4AUX,LOAD,TEPC,34.31272314130168,-109.16413210060836
SPRNGRVL_LNODESXAA,LOAD,TEPC,34.3127544458288,-109.16423475454302
SPRNGSRP_LNODEDU4,LOAD,SRP,34.18437099998787,-109.09401041066393
SPRNGSRP_LNODESU,LOAD,SRP,34.18437099998787,-109.09411958933607
SPRNGVLY_6_N001,LOAD,CA,32.73903399998875,-117.00264674817954
SPRNGVLY_6_N010,LOAD,CA,32.73903399998875,-117.00275325182045
SPRNG_BP_LNODENO1,LOAD,BPAT,44.04388199998274,-123.00089109476524
SPRNG_BP_LNODENO2,LOAD,BPAT,44.04388199998274,-123.00101690523476
SPRNH_BP_LNODE125,LOAD,BPAT,47.74591799998051,-117.5826539817231
SPRNH_BP_LNODEPAL,LOAD,BPAT,47.74591799998051,-117.5827880182769
SPRS_7_SPV_AGG_SOLGNODE,GEN,TEPC,34.31282036435699,-109.16430962164944
SPRVAL_LNODE-1,LOAD,NV,36.116061530422726,-115.23996017091113
SPRVAL_LNODE-2,LOAD,NV,36.11588246947515,-115.23996017116386
SPRVAL_LNODE-3,LOAD,NV,36.11588246947515,-115.24018182883614
SPRVAL_LNODEK4,LOAD,NV,36.116061530422726,-115.24018182908887
SPRV_3_COAL_SPV3GNODE,GEN,PNM,34.317552,-109.165362
SPR_PP_GNODE1,GEN,LADWP,35.249167,-117.955278
SPR_PP_GNODE2,GEN,LADWP,35.250031,-117.976847
SPULLMAN_1_1LNODE,LOAD,AVA,46.71479999998113,-117.1597341530712
SPULLMAN_1_2LNODE,LOAD,AVA,46.71479999998113,-117.1598658469288
SPURL_SR_LNODELD2,LOAD,SRP,33.353810999988454,-111.45291233791899
SPURL_SR_LNODELD3,LOAD,SRP,33.353810999988454,-111.45301966208102
SPVY_LNODE011A,LOAD,IPCO,43.77894029998296,-116.26783709744275
SPVY_LNODE012A,LOAD,IPCO,43.77894029998296,-116.26796230255725
SPV_3_UNIT4GNODE,GEN,SRP,34.319317,-109.164437
SPV_3_UNIT_3GNODE,GEN,SRP,36.8023,-108.4391
SP_2_CTGAGNODE,GEN,APS,33.653565,-112.352065
SP_2_CTGBGNODE,GEN,APS,33.6535649999531,-112.35195702735987
SP_2_STGGNODE,GEN,APS,33.65347512314749,-112.35195702747262
SP_3_SPRINGERVIL_1GNODE,GEN,TEPC,34.312905784776795,-109.16434538460219
SP_3_SPRINGERVIL_2GNODE,GEN,TEPC,34.31299603348312,-109.16433940630948
SP_LNODE10A,LOAD,APS,33.653411570691716,-112.35203337560226
SP_LNODE12A,LOAD,APS,33.65339637232753,-112.35213979307794
SP_LNODE13A,LOAD,APS,33.653427501296825,-112.35224108254978
SP_LNODER1A,LOAD,APS,33.65349305014709,-112.35231495452705
SP_LNODER2A,LOAD,APS,33.653577991517565,-112.35235024211401
SP_LNODER4A,LOAD,APS,33.65366773409394,-112.35234434327528
SP_LNODER5A,LOAD,APS,33.65374994455695,-112.35230070824323
SP_LNODER6A,LOAD,APS,33.65381534599193,-112.35222664765962
SP_LNODER9A,LOAD,APS,33.65385789632432,-112.35213154163459
SQAWVLY_LNODE01,LOAD,NV,39.20568653401713,-120.20123845453338
SQAWVLY_LNODE81,LOAD,NV,39.20550746586879,-120.20123845482796
SQAWVLY_LNODE82,LOAD,NV,39.20550746586879,-120.20146954517205
SQAWVLY_LNODE83,LOAD,NV,39.20568653401713,-120.20146954546662
SQUAWPK_LNODELD2,LOAD,SRP,33.48393371387868,-111.93978879610746
SQUAWPK_LNODELD3,LOAD,SRP,33.527792,-112.034277
SQ_LNODE10A,LOAD,APS,33.671834,-112.371596
SQ_LNODE12A,LOAD,APS,33.671833999953044,-112.37148798501023
SQ_LNODE13A,LOAD,APS,33.67175615039535,-112.371541992554
SQ_LNODE14A,LOAD,APS,33.67175615039535,-112.371650007446
SQ_LNODER2A,LOAD,APS,33.671833999953044,-112.37170401498976
SQ_LNODER4A,LOAD,APS,33.67191184958116,-112.37165000754376
SQ_LNODER6A,LOAD,APS,33.67191184958116,-112.37154199245623
SRCK_LNODE001A,LOAD,IPCO,42.94473616417047,-115.38103287313419
SRCK_LNODE002A,LOAD,IPCO,42.94455663569867,-115.3810328734918
SRCK_LNODE003A,LOAD,IPCO,42.94455663569867,-115.38127812650819
SRCK_LNODE004A,LOAD,IPCO,42.94473616417047,-115.38127812686581
SRG_GNODEPAS,GEN,APS,34.65532325698423,-112.425419
SRG_GNODEPCT,GEN,APS,34.65524187149457,-112.42536187796779
SRG_LNODE12A,LOAD,APS,34.65524187149457,-112.42547612203221
SRI_6_N004,GEN,CA,37.455314,-122.172797
SSLR_1_SOLARGNODE,GEN,SRP,33.048902,-111.455717
SST_LNODEXF1,LOAD,PSE,48.751389,-122.471944
SSVEC_6_MESQB1GNODE,GEN,WALC,35.11428557590301,-114.33584067509001
SS_LNODE13A,LOAD,APS,33.574091,-112.059864
SS_LNODE17A,LOAD,APS,33.57409099995332,-112.05975620892424
SS_LNODE18A,LOAD,APS,33.574001191558764,-112.059864
SS_LNODE21A,LOAD,APS,33.57409099995332,-112.05997179107575
SS_LNODER9A,LOAD,APS,33.57418080844128,-112.059864
STADIUM_FDR1LNODE,LOAD,TPWR,47.2624783056907,-122.4512333818088
STADIUM_FDR2LNODE,LOAD,TPWR,47.26239999992275,-122.45116676381468
STADIUM_FDR3LNODE,LOAD,TPWR,47.2623216942706,-122.45123338200588
STADIUM_FDR4LNODE,LOAD,TPWR,47.2623216942706,-122.45136661799413
STADIUM_FDR5LNODE,LOAD,TPWR,47.26239999992275,-122.45143323618531
STADIUM_FDR6LNODE,LOAD,TPWR,47.2624783056907,-122.45136661819119
STADI_SR_LNODELD2,LOAD,SRP,33.4508289999884,-111.91832823913158
STADI_SR_LNODELD3,LOAD,SRP,33.4508289999884,-111.91843576086842
STAFFORD_6_N002,LOAD,CA,38.12003299998604,-122.61362861905879
STAFFORD_6_N101,LOAD,CA,38.12003299998604,-122.6137433809412
STAGG_2_N001,LOAD,CA,37.99164936143144,-121.34848834268168
STAGG_2_N014,LOAD,CA,37.99146863845723,-121.34848834296415
STAGG_6_N001,LOAD,CA,37.99146863845723,-121.34871765703586
STAGG_6_N003,LOAD,CA,37.99164936143144,-121.34871765731833
STAMPEDE_GNODEIT,GEN,NV,39.46748199998557,-120.10506699035086
STAMPEDE_LNODE19,LOAD,NV,39.46748199998557,-120.10518300964912
STANFORD_LNODEOAD,LOAD,NWMT,47.152093,-110.211754
STANISLS_7_B1,GEN,CA,38.139048,-120.370325
STANTNG1_7_N001,GEN,CA,33.80675599998813,-117.98476383427659
STANTNG2_7_N002,GEN,CA,33.80675599998813,-117.9848721657234
STAPL_SR_LNODELD1,LOAD,SRP,33.433559819612405,-111.804895
STAPL_SR_LNODELD2,LOAD,SRP,33.433479090181244,-111.80483914895636
STAPL_SR_LNODELD3,LOAD,SRP,33.433479090181244,-111.80495085104363
STAR_LNODE015A,LOAD,IPCO,43.69431666359812,-116.46408592184248
STAR_LNODE016A,LOAD,IPCO,43.69413593626571,-116.46408592221913
STAR_LNODE017A,LOAD,IPCO,43.69413593626571,-116.46433587778087
STAR_LNODE018A,LOAD,IPCO,43.69431666359812,-116.46433587815751
STAR_PT_NODE01,GEN,AVRN,45.5179186505714,-120.578041033996
STATELN_LNODE01,LOAD,NV,38.95238461856907,-119.94181675988908
STATELN_LNODE22,LOAD,NV,38.952205381317675,-119.94181676018052
STATELN_LNODE23,LOAD,NV,38.952205381317675,-119.94204723981947
STATELN_LNODELY,LOAD,NV,38.95238461856907,-119.94204724011091
STATEPEN_1_SANTAFEPVGNODE,GEN,PNM,35.565522,-106.08944
STATEPEN_LNODEEPEN,LOAD,PNM,35.473414,-106.2333228
STATE_BP_LNODELLA,LOAD,BPAT,45.96207280408442,-118.572464
STATE_BP_LNODEONS,LOAD,BPAT,45.96199209793815,-118.57239696888077
STATE_BP_LNODEXF1,LOAD,BPAT,45.96199209793815,-118.57253103111923
STATF_BP_LNODEMR1,LOAD,BPAT,47.56391316336139,-122.63523
STATF_BP_LNODEMR2,LOAD,BPAT,47.563831918298234,-122.63516048452385
STATF_BP_LNODER1A,LOAD,BPAT,47.563831918298234,-122.63529951547615
STATH_BP_LNODEMR3,LOAD,BPAT,47.5592,-122.651854
STATIN-L_7_N001,LOAD,CA,37.81024899998616,-122.271385771776
STATIND_1_N001,LOAD,CA,37.837585251800924,-122.263503
STATIND_1_N010,LOAD,CA,37.83750387408463,-122.26344350874284
STATIND_1_N013,LOAD,CA,37.83750387408463,-122.26356249125715
STATINJ_1_N001,LOAD,CA,37.76334825993251,-122.214444
STATINJ_1_N012,LOAD,CA,37.763266870018874,-122.21438455959633
STATINJ_1_N027,LOAD,CA,37.763266870018874,-122.21450344040367
STATINL_1_N001,LOAD,CA,37.81024899998616,-122.271500228224
STATINX_1_N001,LOAD,CA,37.80554442667025,-122.23091354965457
STATINX_1_N012,LOAD,CA,37.805363573219,-122.23091354993484
STATINX_1_N014,LOAD,CA,37.805363573219,-122.23114245006515
STATINX_1_N024,LOAD,CA,37.80554442667025,-122.23114245034543
STATX_BP_LNODE7KV,LOAD,BPAT,47.55565999998059,-122.6530051149145
STATX_BP_LNODEAVY,LOAD,BPAT,47.55565999998059,-122.6531388850855
STA_1_STA_NRG1_SLRGNODE,GEN,EPE,31.85281388888889,-106.68330277777778
STA_DES_1_STA_DES_BATGNODE,GEN,EPE,33.35422549371007,-111.79858357479625
STA_DES_1_STA_DES_SLRGNODE,GEN,EPE,33.354170704805284,-111.7984986267044
STA_LNODE_20,LOAD,EPE,31.852813888844743,-106.68319649838277
STA_LNODE_21,LOAD,EPE,31.85272361446997,-106.68330277777778
STA_LNODE_23,LOAD,EPE,31.852813888844743,-106.6834090571728
STA_LNODE_25,LOAD,EPE,31.852904163308327,-106.68330277777778
STB_LNODE201,LOAD,BANC,38.57233333333333,-121.483291944444
STB_LNODE202,LOAD,BANC,38.57233333327705,-121.48317695138249
STB_LNODE203,LOAD,BANC,38.57224342921349,-121.48317695152639
STB_LNODE204,LOAD,BANC,38.57217985749196,-121.48325826382802
STB_LNODE205,LOAD,BANC,38.572164654514715,-121.48337160056485
STB_LNODE206,LOAD,BANC,38.57219579290459,-121.48347947588752
STB_LNODE207,LOAD,BANC,38.5722613616095,-121.48355815106362
STB_LNODE208,LOAD,BANC,38.57234632872595,-121.48359573311588
STB_LNODE209,LOAD,BANC,38.57243609852223,-121.48358945079376
STB_LNODE210,LOAD,BANC,38.57251833393617,-121.48354297863219
STB_LNODE211,LOAD,BANC,38.572583755229644,-121.4834641025941
STB_LNODE212,LOAD,BANC,38.57262631848412,-121.48336281268834
STCKTNAR_6_N001,LOAD,CA,37.963279,-121.323476
STCLA_BP_LNODEARA,LOAD,BPAT,44.09823615,-123.1213753
STCRUZ_LNODECXA,LOAD,BANC,37.627559999986325,-120.97504290860819
STCRUZ_LNODEWLS,LOAD,BANC,37.627559999986325,-120.97515709139182
STDDRD_LNODECEA,LOAD,BANC,37.704079999986206,-121.06864284680097
STDDRD_LNODEWZO,LOAD,BANC,37.704079999986206,-121.06875715319903
STDOIL_1_N009,LOAD,CA,37.94,-122.38
STD_GNODER,GEN,BANC,38.572008,-121.500518
STD_LNODENE1,LOAD,BANC,38.57225,-121.500568888889
STD_LNODENE2,LOAD,BANC,38.572249999943736,-121.50045389586575
STD_LNODENE4,LOAD,BANC,38.57217214071853,-121.50051139243968
STD_LNODENE5,LOAD,BANC,38.57217214071853,-121.50062638533832
STD_LNODENE6,LOAD,BANC,38.572249999943736,-121.50068388191225
STD_LNODENE7,LOAD,BANC,38.57232785925329,-121.50062638546294
STD_LNODENE8,LOAD,BANC,38.57232785925329,-121.50051139231506
STEAD_LNODEIW,LOAD,NV,39.65275079398081,-119.885843
STEAD_LNODET1,LOAD,NV,39.65267010299386,-119.88578249172231
STEAD_LNODET2,LOAD,NV,39.65267010299386,-119.88590350827768
STEAMBT_GNODE23,GEN,NV,39.395822,-119.753477
STEAMBT_GNODEG1,GEN,NV,39.395821999942605,-119.7533611266247
STEAMBT_GNODEL2,GEN,NV,39.395732455332315,-119.75336112677343
STEAMBT_GNODELS,GEN,NV,39.39566913778368,-119.7534430615485
STEAMBT_LNODE10,LOAD,NV,39.395653995590266,-119.75355726591263
STEAMBT_LNODE12,LOAD,NV,39.395685009479905,-119.75366596705575
STEAMBT_LNODE13,LOAD,NV,39.395750316024824,-119.75374524452137
STEAMBT_LNODE14,LOAD,NV,39.395834943424575,-119.75378311428628
STEAMBT_LNODE68,LOAD,NV,39.395924354304796,-119.75377678388028
STEAMBT_LNODECKT,LOAD,NV,39.396006260928914,-119.75372995596311
STEIL_BP_LNODEFMR,LOAD,BPAT,47.170078,-122.578933
STELLING_1_N001,LOAD,CA,37.3360521934471,-122.042805
STELLING_1_N004,LOAD,CA,37.33597090326187,-122.04274597179945
STELLING_1_N007,LOAD,CA,37.33597090326187,-122.04286402820055
STELL_SR_LNODELD2,LOAD,SRP,33.290053766644974,-111.965
STELL_SR_LNODELD3,LOAD,SRP,33.28997311666507,-111.96494429586143
STELL_SR_LNODELD4,LOAD,SRP,33.28997311666507,-111.96505570413858
STEVE_BP_LNODEXF2,LOAD,BPAT,45.707913,-121.894418
STEVIL_LNODEK4L,LOAD,NWMT,46.514875,-114.079495
STEVIL_R_LNODEOAD,LOAD,NWMT,46.559357,-114.068009
STEVN_BP_LNODEND1,LOAD,BPAT,46.295449966547224,-119.285443
STEVN_BP_LNODEND2,LOAD,BPAT,46.295369016706424,-119.2853753583179
STEVN_BP_LNODEND3,LOAD,BPAT,46.295369016706424,-119.2855106416821
STEWMNTN_LNODEDM,LOAD,SRP,33.56488199998834,-111.53670011481147
STEWM_SR_LNODEDMS,LOAD,SRP,33.56488199998834,-111.53680788518854
STE_SM_LNODE301,LOAD,BANC,38.58631666666667,-121.472838888889
STE_SM_LNODE302,LOAD,BANC,38.586316666610415,-121.47272388936047
STE_SM_LNODE303,LOAD,BANC,38.58622677499287,-121.47272388950444
STE_SM_LNODE304,LOAD,BANC,38.58616321207191,-121.47280520637891
STE_SM_LNODE305,LOAD,BANC,38.58614801119931,-121.4729185494895
STE_SM_LNODE306,LOAD,BANC,38.58617914527848,-121.47302643087885
STE_SM_LNODE307,LOAD,BANC,38.58624470490619,-121.47310511047952
STE_SM_LNODE308,LOAD,BANC,38.586329660260105,-121.47314269464546
STE_SM_LNODE309,LOAD,BANC,38.58641941762905,-121.47313641197016
STF_LNODEDAX,LOAD,BANC,37.69055999998624,-121.02097285725026
STF_LNODEIPN,LOAD,BANC,37.69055999998624,-121.02108714274974
STG_LNODE13A,LOAD,APS,33.81341196010638,-111.87313982648342
STG_LNODE14A,LOAD,APS,33.81333399995265,-111.8730856530656
STG_LNODER3A,LOAD,APS,33.813256039869906,-111.87313982658218
STG_LNODER5A,LOAD,APS,33.813256039869906,-111.87324817341784
STG_LNODER6A,LOAD,APS,33.81333399995265,-111.8733023469344
STG_LNODER9A,LOAD,APS,33.81341196010638,-111.87324817351657
STHL_LNODEWR1,LOAD,PGE,45.847823999927755,-122.82080764058668
STHL_LNODEWR3,LOAD,PGE,45.847913606718635,-122.820679
STIGCC_7_B1,GEN,CA,38.088138,-121.386944
STILLWT_LNODEOAD,LOAD,NWMT,45.390078999982215,-109.87616924007226
STILW_BP_LNODEMR1,LOAD,BPAT,48.545874,-114.566502
STJOH_BP_LNODE5SS,LOAD,BPAT,45.613915999982126,-122.76475600072402
STJOH_BP_LNODESS,LOAD,BPAT,45.613915999982126,-122.76488399927598
STJ_SUB_LNODEONB,LOAD,LADWP,34.067054141297895,-118.226
STJ_SUB_LNODEONC,LOAD,LADWP,34.06697292933807,-118.22594339850212
STJ_SUB_LNODEOND,LOAD,LADWP,34.06697292933807,-118.22605660149787
STKTONA_1_N001,LOAD,CA,37.94722338217881,-121.28911838573319
STKTONA_1_N003,LOAD,CA,37.947042617710025,-121.28911838601516
STKTONA_6_N001,LOAD,CA,37.947042617710025,-121.28934761398483
STKTONA_6_N004,LOAD,CA,37.94722338217881,-121.2893476142668
STLLWATR_6_N001,LOAD,CA,40.677845,-122.34971
STLS_LNODEBR1,LOAD,PGE,45.13914380610727,-122.912659
STLS_LNODEBR4,LOAD,PGE,45.139063096927366,-122.91259294071862
STLS_LNODEBR50,LOAD,PGE,45.139063096927366,-122.91272505928139
STLWTRWD_2_STLWGNODE,GEN,NWMT,45.390078999982215,-109.87629675992774
STLWTR_E_LNODEOAD,LOAD,NWMT,45.386514,-109.868319
STMARIES_1_XF1LNODE,LOAD,AVA,47.33219999998073,-116.58003330978975
STMARIES_1_XF2LNODE,LOAD,AVA,47.33219999998073,-116.58016669021025
STME_LNODEWR7,LOAD,PGE,45.54194753562614,-122.69518591499555
STME_LNODEWR8,LOAD,PGE,45.54194753562614,-122.69505808500445
STMS_LNODEBR5,LOAD,PGE,45.507683,-122.842957
STNFRD_A_LNODEEST,LOAD,NWMT,47.135091,-110.221715
STNHOUSE_LNODE01,LOAD,NV,40.461243,-117.173899
STNSLSRP_7_B1,GEN,CA,37.385278,-121.140833
STOBEHLA_FDR1LNODE,LOAD,TPWR,47.23464831108762,-122.40129341221368
STOBEHLA_FDR2LNODE,LOAD,TPWR,47.234569999922755,-122.40122682462416
STOBEHLA_FDR3LNODE,LOAD,TPWR,47.23449168887368,-122.40129341241048
STOBEHLA_FDR4LNODE,LOAD,TPWR,47.23449168887368,-122.40142658758951
STOBEHLA_FDR5LNODE,LOAD,TPWR,47.234569999922755,-122.40149317537583
STOBEHLA_FDR6LNODE,LOAD,TPWR,47.23464831108762,-122.40142658778632
STOCKDLE_1_N001,LOAD,CA,35.316584007161445,-119.06818269302951
STOCKDL_2_N001,LOAD,CA,35.31640399273835,-119.06818269327503
STOCKDL_2_N002,LOAD,CA,35.31640399273835,-119.06840330672496
STOCKDL_2_N101,LOAD,CA,35.316584007161445,-119.0684033069705
STOCKETT_LNODEOAD,LOAD,NWMT,47.363072,-111.155206
STOCKM_LNODEVZF,LOAD,BANC,37.62761110994497,-120.9752808828705
STOCKM_LNODEXFA,LOAD,BANC,37.62770154232185,-120.9751667
STOKE_SR_LNODELD1,LOAD,SRP,33.469910274154664,-112.3
STOKE_SR_LNODELD2,LOAD,SRP,33.469999999953515,-112.30010756241494
STONCK_L_LNODEOAD,LOAD,NWMT,45.275998,-112.478102
STONCRRL_6_N001,LOAD,CA,36.472251999987044,-119.18811326795893
STONCRRL_6_N003,LOAD,CA,36.472251999987044,-119.18822473204106
STONE_1_N001,LOAD,CA,37.303708999986505,-121.86757223713448
STONE_1_N005,LOAD,CA,37.303708999986505,-121.8676857628655
STONYPT_1_N001,LOAD,CA,38.42,-122.78
STOREY1_2_N001,LOAD,CA,36.98288702744317,-120.033746
STOREY1_2_N003,GEN,CA,36.98280598626407,-120.03368742689443
STOREY2_2_N001,LOAD,CA,36.98280598626407,-120.03380457310557
STORRIE_LNODEIEXF,LOAD,PNM,35.5902,-105.237
STRAUS34_7_N001,GEN,CA,34.57548,-120.52199
STRAW_LNODEMPC,LOAD,NWMT,46.881451999980925,-109.76510088201499
STRAW_LNODEREA,LOAD,NWMT,46.881451999980925,-109.765233117985
STRAW_PM_LNODEOAD,LOAD,NWMT,46.838003,-109.768023
STRD_LNODE011A,LOAD,IPCO,43.5869891,-116.4053115
STRD_LNODE012A,LOAD,IPCO,43.58698909993221,-116.40518682960112
STRD_LNODE013A,LOAD,IPCO,43.58689879761623,-116.40518682978815
STRD_LNODE014A,LOAD,IPCO,43.58683494429814,-116.4052749849791
STRD_LNODE015A,LOAD,IPCO,43.58681967397114,-116.40539785960807
STRD_LNODE016A,LOAD,IPCO,43.58685095027178,-116.40551481323176
STRD_LNODE017A,LOAD,IPCO,43.586916809399206,-116.40560010940305
STRD_LNODE018A,LOAD,IPCO,43.587002152880515,-116.40564085427373
STREAMVW_6_N001,LOAD,CA,32.745604999988714,-117.07864474591278
STREAMVW_6_N007,LOAD,CA,32.745604999988714,-117.07875125408721
STRIP_LNODE-1,LOAD,NV,36.12285599998722,-115.16465458072867
STRIP_LNODE-2,LOAD,NV,36.12285599998722,-115.16476541927133
STROUD_6_N001,LOAD,CA,36.530868,-120.104386
STROUD_6_N003,GEN,CA,36.531548,-120.106916
STRPSE_LNODEXF1,LOAD,PSE,47.69638899998053,-122.0338220143773
STRPSE_LNODEXF3,LOAD,PSE,47.69638899998053,-122.03395598562271
STR_LNODER2A,LOAD,APS,34.407155,-111.532628
STT_LNODE10A,LOAD,APS,33.707936,-112.108132
STT_LNODE12A,LOAD,APS,33.70793599995287,-112.10802390083192
STT_LNODE13A,LOAD,APS,33.7078460747128,-112.1080239009451
STT_LNODER1A,LOAD,APS,33.70778248800882,-112.1081003385433
STT_LNODER2A,LOAD,APS,33.707767281454196,-112.10820688072397
STT_LNODER4A,LOAD,APS,33.70779842719861,-112.10830828889173
STT_LNODER5A,LOAD,APS,33.70786401137269,-112.10838224743621
STT_LNODER9A,LOAD,APS,33.707948998517686,-112.10841757637566
STUART_6_N001,LOAD,CA,33.256701,-117.416547
STUDIO_1_PROSPERITYGNODE,GEN,PNM,35.002106,-106.637234
STUDIO_LNODEUDIO,LOAD,PNM,34.9930226,-106.6140211
STURLOCK_LNODEDR3,LOAD,TIDC,37.4835881458663,-120.846727672541
STURLOCK_LNODEDR4,LOAD,TIDC,37.4835360336794,-120.846797393384
STURLOCK_LNODEDR7,LOAD,TIDC,37.4834830942642,-120.846867453726
STURLOCK_LNODER13,LOAD,TIDC,37.483522165007,-120.846657059231
STWP_GNODETWP,GEN,IPCO,42.972,-115.383
STW_LNODEXF1,LOAD,PSE,47.195,-122.309167
STX_1_BESTLANE_G01GNODE,GEN,BPAT,43.57079999998312,-119.5446623111193
ST_2_UNIT1GNODE,GEN,SRP,33.32970798722256,-111.7484685791358
ST_2_UNIT3GNODE,GEN,SRP,33.32969283011924,-111.74857431171245
ST_2_UNIT5AGNODE,GEN,SRP,33.32972387458105,-111.74867494928803
ST_2_UNIT5BGNODE,GEN,SRP,33.329789245480704,-111.74874834582477
ST_2_UNIT5SGNODE,GEN,SRP,33.32987395625292,-111.74878340629736
ST_2_UNIT6AGNODE,GEN,SRP,33.329963455195376,-111.7487775454192
ST_2_UNIT6SGNODE,GEN,SRP,33.33004544247161,-111.74873419121934
ST_6_UNIT2GNODE,GEN,SRP,33.330110666352645,-111.7486606072896
ST_6_UNIT4GNODE,GEN,SRP,33.3301531011678,-111.7485661133698
ST_LNODE13A,LOAD,APS,33.440886,-112.09523
ST_LNODE14A,LOAD,APS,33.44088599995356,-112.09512249916189
ST_LNODE17A,LOAD,APS,33.44080831353144,-112.09517624962908
ST_LNODE18A,LOAD,APS,33.44080831353144,-112.09528375037092
ST_LNODE21A,LOAD,APS,33.44088599995356,-112.09533750083811
ST_LNODE22A,LOAD,APS,33.440963686445286,-112.09528375046719
ST_LNODER9A,LOAD,APS,33.440963686445286,-112.09517624953281
ST_REGIS_LNODEOAD,LOAD,NWMT,47.292503,-115.093369
SUGARLF_LNODE01,LOAD,NV,39.68145866095321,-119.71420973958162
SUGARLF_LNODE02,LOAD,NV,39.68138099994178,-119.71415147929427
SUGARLF_LNODE03,LOAD,NV,39.68130333901766,-119.71420973971266
SUGARLF_LNODE304,LOAD,NV,39.68130333901766,-119.71432626028735
SUGARLF_LNODE509,LOAD,NV,39.68138099994178,-119.71438452070572
SUGARLF_LNODE510,LOAD,NV,39.68145866095321,-119.71432626041837
SUGR_LNODEGR1,LOAD,IPCO,42.612039999983914,-113.75212714962699
SUGR_LNODEGR2,LOAD,IPCO,42.612039999983914,-113.75224885037301
SUISUN_1_N001,LOAD,CA,38.24526219208727,-122.04122215940386
SUISUN_1_N008,LOAD,CA,38.24508180780079,-122.04122215968883
SUISUN_1_N009,LOAD,CA,38.24508180780079,-122.04145184031117
SUISUN_1_N010,GEN,CA,38.24526219208727,-122.04145184059614
SULLI_BP_LNODEVAN,LOAD,BPAT,47.661138,-117.195999
SULTAN_1_G1GNODE,GEN,BPAT,47.8,-121.78
SUMATRA_LNODEOAD,LOAD,NWMT,46.712956,-107.682024
SUMFLTP_7_GENGNODE,GEN,TPWR,47.50409,-119.29084
SUMMERFL_1_GEN_1GNODE,GEN,AVA,47.50167599998057,-119.28972015747865
SUMMERFL_1_GEN_2GNODE,GEN,AVA,47.50167599998057,-119.28985384252134
SUMMERLN_LNODE-1,LOAD,NV,36.19138099998722,-115.31740353006289
SUMMERLN_LNODE-2,LOAD,NV,36.19138099998722,-115.31751446993711
SUMMIT_6_N001,LOAD,CA,39.319203,-120.378897
SUM_LNODEXF2,LOAD,PSE,48.458333,-122.560833
SUNCAT_7_CN4,GEN,CA,33.690765,-114.774523
SUNGEN6G_7_N004,GEN,CA,35.00636326603033,-117.54265479689253
SUNGEN6G_7_N005,GEN,CA,35.006182733870084,-117.54265479713573
SUNGEN7G_7_N003,GEN,CA,35.006182733870084,-117.54287520286427
SUNGEN7G_7_N005,GEN,CA,35.00636326603033,-117.54287520310747
SUNGEN_1_B1,GEN,CA,34.990088,-117.542654
SUNHA_BP_LNODEAGE,LOAD,BPAT,46.24473085454074,-118.84722300479453
SUNHA_BP_LNODEARB,LOAD,BPAT,46.244652999926345,-118.84715800977354
SUNHA_BP_LNODEBIA,LOAD,BPAT,46.24457514542248,-118.84722300497901
SUNHA_BP_LNODEEKA,LOAD,BPAT,46.24457514542248,-118.847352995021
SUNHA_BP_LNODEOK1,LOAD,BPAT,46.244652999926345,-118.84741799022646
SUNHA_BP_LNODEOK2,LOAD,BPAT,46.24473085454074,-118.84735299520547
SUNLAKES_LNODELD2,LOAD,SRP,33.221254999988545,-111.87522045984822
SUNLAKES_LNODELD3,LOAD,SRP,33.221254999988545,-111.87532754015177
SUNOL_6_N001,LOAD,CA,37.586891,-121.869379
SUNPEAK_GNODE 3,GEN,NV,36.13975271827193,-115.036355
SUNPEAK_GNODE 4,GEN,NV,36.13967214085025,-115.036297394204
SUNPEAK_GNODE 5,GEN,NV,36.13967214085025,-115.036412605796
SUNRANCH_1_SKYRANCH2ESGNODE,GEN,PNM,42.84165751584373,-114.90314824388004
SUNRANCH_1_SKYRANCHESGNODE,GEN,PNM,42.841574888030244,-114.90310067569091
SUNRANCH_1_SKYRANCHPVGNODE,GEN,PNM,42.841486267939956,-114.90308185899369
SUNRSE3S_7_B1,GEN,CA,35.2097,-119.585
SUNSELGN_7_N002,GEN,CA,35.096709,-118.602184
SUNSETNV_LNODEBK1,LOAD,NV,36.06950267998723,-114.99288161642465
SUNSETNV_LNODEBK2,LOAD,NV,36.06950267998723,-114.99299238357536
SUNSETSN_LNODEFMR,LOAD,BPAT,47.62599999998054,-117.43393306299949
SUNSET_1_1LNODE,LOAD,AVA,47.62739999998055,-117.43383306200255
SUNSET_1_2LNODE,LOAD,AVA,47.62739999998055,-117.43396693799745
SUNSE_BP_LNODESET,LOAD,BPAT,47.62599999998054,-117.43406693700051
SUNSE_SR_LNODELD2,LOAD,SRP,33.4900889999884,-112.25570619721987
SUNSE_SR_LNODELD3,LOAD,SRP,33.4900889999884,-112.25581380278014
SUNSHINE_LNODEHINE,LOAD,PNM,35.5533804,-108.7013205
SUNSLRG1_7_N001,GEN,CA,36.532537,-116.49095
SUNST234_7_N001,GEN,CA,33.347881,-112.845325
SUNST_2_N006,GEN,CA,35.227222,-119.629722
SUN_LNODE101,LOAD,EPE,31.768491666666666,-106.49763333333334
SUN_LNODE201,LOAD,EPE,31.768491666622296,-106.49752708707383
SUN_LNODE302,LOAD,EPE,31.768401337927685,-106.49752708717756
SUN_LNODE401,LOAD,EPE,31.768337465935698,-106.49760221457628
SUN_LNODE501,LOAD,EPE,31.76832219115762,-106.49770693054992
SUN_LNODE601,LOAD,EPE,31.76835347664598,-106.49780660050735
SUN_LNODEN_2,LOAD,EPE,31.768419355075434,-106.49787929133676
SUN_LNODEN_4,LOAD,EPE,31.768504723525442,-106.49791401469236
SUN_LNODEN_5,LOAD,EPE,31.76859491731485,-106.49790821015186
SUN_LNODEN_7,LOAD,EPE,31.768677541115967,-106.49786527279173
SUN_LNODEN_8,LOAD,EPE,31.768743271372802,-106.49779239636928
SUN_LNODEXF1,LOAD,PSE,47.095556,-122.299444
SUN_LNODE_13,LOAD,EPE,31.76878603563686,-106.49769881101547
SUN_LNODE_14,LOAD,EPE,31.7688028201192,-106.49759441473212
SUN_LNODE_15,LOAD,EPE,31.768793268418865,-106.49748876380231
SUN_LNODE_16,LOAD,EPE,31.768759179152365,-106.49739037373949
SUN_LNODE_17,LOAD,EPE,31.768703973653523,-106.4973062790491
SUN_SET_FDR1LNODE,LOAD,TPWR,47.21326042966007,-122.55758687246441
SUN_SET_FDR2LNODE,LOAD,TPWR,47.213079570185705,-122.55758687291842
SUN_SET_FDR3LNODE,LOAD,TPWR,47.213079570185705,-122.55785312708157
SUN_SET_FDR4LNODE,LOAD,TPWR,47.21326042966007,-122.5578531275356
SUPERIO_LNODEOAD,LOAD,NWMT,47.197368,-114.891941
SUPERSTN_LNODELD2,LOAD,SRP,33.41462099998841,-111.53352227684199
SUPERSTN_LNODELD3,LOAD,SRP,33.41462099998841,-111.533629723158
SUPER_SR_LNODELD1,LOAD,SRP,33.31291999998851,-111.11094637725482
SUPER_SR_LNODELD2,LOAD,SRP,33.31291999998851,-111.11105362274517
SURF_1_N009,LOAD,CA,34.61,-120.22
SURGPOND_LNODEAD,LOAD,NV,36.108104,-115.03419
SURLA_BP_LNODEAKE,LOAD,BPAT,47.244098,-122.325357
SUZANNE_LNODE-1,LOAD,NV,36.11489871830004,-115.162066
SUZANNE_LNODE-2,LOAD,NV,36.11481814083614,-115.16200841241104
SUZANNE_LNODE-3,LOAD,NV,36.11481814083614,-115.16212358758897
SV WIND_GNODEIT,GEN,NV,39.09777,-114.499984
SVS_1_STRVRIDG_G02GNODE,GEN,BPAT,43.51719999998312,-119.13333777002488
SV_2_CTCWGNODE,GEN,APS,33.354099452871324,-111.79843349516277
SV_2_CTCW_BESSGNODE,GEN,APS,33.354016862562226,-111.79839175745884
SV_LNODE10A,LOAD,APS,35.226521018424855,-111.5707468583923
SV_LNODE14A,LOAD,APS,35.22644299994998,-111.57069171689064
SV_LNODE6A,LOAD,APS,35.22636498155016,-111.57074685849834
SV_LNODER4A,LOAD,APS,35.22636498155016,-111.57085714150166
SV_LNODER6A,LOAD,APS,35.22644299994998,-111.57091228310937
SV_LNODEVBM,LOAD,APS,35.226521018424855,-111.5708571416077
SWA_LNODEXF1,LOAD,PSE,48.283889,-122.672222
SWD_LNODEXF1,LOAD,PSE,47.745556,-122.618056
SWEETWTR_1_1LNODE,LOAD,AVA,46.3661,-116.7362
SWEETWTR_6_N017,LOAD,CA,32.65811799998879,-117.0916867727539
SWEETWTR_6_N018,LOAD,CA,32.65811799998879,-117.0917932272461
SWENSON_LNODE-1,LOAD,NV,36.13020771820334,-115.142457
SWENSON_LNODE-2,LOAD,NV,36.13012714088451,-115.14239940128401
SWENSON_LNODEBK3,LOAD,NV,36.13012714088451,-115.14251459871599
SWE_LNODEXF2,LOAD,PSE,47.423611,-122.298333
SWIFT_1_GN001,GEN,CA,37.304753,-121.753533
SWIFT_1_N001,LOAD,CA,37.3225281884819,-121.796729
SWIFT_1_N003,LOAD,CA,37.322446905744414,-121.79666998783091
SWIFT_1_N006,LOAD,CA,37.322446905744414,-121.79678801216909
SWIFT_GNODEIT,GEN,NV,35.459735878365805,-114.93559234479294
SWI_LNODEXF2,LOAD,PSE,46.995835,-122.806753
SWNI_LNODEWR1,LOAD,PGE,45.56270999998213,-122.70477806140973
SWNI_LNODEWR2,LOAD,PGE,45.56270999998213,-122.70490593859027
SWPO_GNODE011,GEN,IPCO,43.24398301550681,-116.378203
SWPO_GNODE012,GEN,IPCO,43.24390199222868,-116.37813878256104
SWPO_LNODELS,LOAD,IPCO,43.24390199222868,-116.37826721743896
SW_GNODESADDLEMT,GEN,APS,33.377154796860616,-113.162538
SW_LNODER2A,LOAD,APS,33.37707410155723,-113.16248220880156
SW_LNODER6A,LOAD,APS,33.37707410155723,-113.16259379119843
SXCR_LNODEWR1,LOAD,PGE,45.36912499998226,-122.84562425910676
SXCR_LNODEWR2,LOAD,PGE,45.36912499998226,-122.84575174089325
SYCAMORE_1_N101,LOAD,CA,39.76991684305054,-121.824218
SYCAMORE_1_N201,LOAD,CA,39.76983607845885,-121.82415733357864
SYCAMORE_1_N301,LOAD,CA,39.76983607845885,-121.82427866642136
SYCCYN1G_7_B1,GEN,CA,35.45266688460884,-118.98520265723785
SYCCYN2G_7_B1,GEN,CA,35.45248711529079,-118.98520265748436
SYCCYN3G_7_B1,GEN,CA,35.45248711529079,-118.98542334251563
SYCCYN4G_7_B1,GEN,CA,35.45266688460884,-118.98542334276215
SYLVANCM_LNODECPR,LOAD,BANC,37.688469999986225,-120.97663285888366
SYLVANCM_LNODEHGR,LOAD,BANC,37.688469999986225,-120.97674714111633
SYLV_LNODEWR1,LOAD,PGE,45.50957,-122.739807
SYNER_SR_LNODELD1,LOAD,SRP,33.2384225841279,-111.88528444501644
SYNER_SR_LNODELD2,LOAD,SRP,33.238344999954116,-111.88523089012793
SYNER_SR_LNODELD3,LOAD,SRP,33.23826741584909,-111.8852844451115
SYNER_SR_LNODELD4,LOAD,SRP,33.23826741584909,-111.88539155488851
SYNER_SR_LNODELD5,LOAD,SRP,33.238344999954116,-111.88544510987207
SYNER_SR_LNODELD6,LOAD,SRP,33.2384225841279,-111.88539155498356
SZ_LNODE13A,LOAD,APS,35.188287121295794,-111.63150772781513
SZ_LNODE14A,LOAD,APS,35.18810687860425,-111.63150772805973
SZ_LNODE18A,LOAD,APS,35.18810687860425,-111.63172827194028
SZ_LNODE22A,LOAD,APS,35.188287121295794,-111.63172827218487
S_COORS_1_SOUTHVALLEPVGNODE,GEN,PNM,34.987497,-106.733911
S_COORS_1_SOUTHVALLEYESGNODE,GEN,PNM,34.82875665391912,-105.00156186476327
S_EAST_1_1LNODE,LOAD,AVA,47.60539999998059,-117.37073307782462
S_EAST_1_2LNODE,LOAD,AVA,47.60539999998059,-117.37086692217538
S_HUNTLY_LNODEOAD,LOAD,NWMT,45.782611,-108.175656
S_MILLS_6_SMSLGNODE,GEN,NWMT,45.73651613184343,-107.60794767580448
S_TOLT_1_GEN81GNODE,GEN,SCL,47.699161,-121.783572
T0239_7_N002,GEN,CA,35.351417,-119.985715
T0304_7_N003,GEN,CA,36.1957859999872,-119.43919547337923
T320BS1_7_B1,GEN,CA,38.01235335073215,-121.7581763238846
T320BS2_7_B1,GEN,CA,38.012172649156476,-121.75817632416728
T320BS3_7_B1,GEN,CA,38.012172649156476,-121.7584056758327
T320BS4_7_B1,GEN,CA,38.01235335073215,-121.7584056761154
TA3_7_CGTGGNODE,GEN,PNM,35.875305,-106.320723
TABR_LNODEWR6,LOAD,PGE,45.520916,-122.602295
TACOBMAS_1_G01GNODE,GEN,BPAT,47.26639,-122.42904
TAFT1_1_N001,LOAD,CA,35.14999999998751,-119.47994486994581
TAFT1_1_N004,LOAD,CA,35.14999999998751,-119.48005513005418
TAFT_A_LNODEOAD,LOAD,NWMT,47.4184,-115.601359
TAHDONR_LNODE07,LOAD,NV,39.337309,-120.221277
TAHOCTY_LNODE01,LOAD,NV,39.165971540038264,-120.14445351203682
TAHOCTY_LNODE71,LOAD,NV,39.16579245984778,-120.14445351233086
TAHOCTY_LNODE72,LOAD,NV,39.16579245984778,-120.14468448766914
TAHOCTY_LNODE73,LOAD,NV,39.165971540038264,-120.14468448796318
TAIBANM_3_LONEMESAWFGNODE,GEN,PNM,34.65067831389528,-104.01445496316387
TAMARACK_6_N001,LOAD,CA,39.313743,-120.496804
TAMARISK_1_N001,LOAD,CA,33.817316,-116.454898
TAM_LNODE-1,LOAD,NV,36.14287771831583,-115.186323
TAM_LNODE-2,LOAD,NV,36.142797140828264,-115.18626539186225
TAM_LNODE-3,LOAD,NV,36.142797140828264,-115.18638060813775
TANA_GNODEANA,GEN,IPCO,42.8644,-114.9692
TAN_LNODEXF1,LOAD,PSE,47.0425,-122.780556
TAP710_1_N004,LOAD,CA,32.595376662064226,-117.0577334243903
TAP801_1_N001,LOAD,CA,34.109614,-116.411837
TAP807_1_N001,LOAD,CA,34.0,-116.5
TAP_BD_LNODE910,LOAD,SRP,33.51013,-111.91846
TAP_PB_LNODEDAP,LOAD,SRP,33.52745,-112.03458
TARKIO_R_LNODEOAD,LOAD,NWMT,47.018358,-114.737955
TARLE_BP_LNODEXF1,LOAD,BPAT,46.371,-124.026
TAR_SUB_LNODEONA,LOAD,LADWP,34.17905418777958,-118.544
TAR_SUB_LNODEONB,LOAD,LADWP,34.1789729060972,-118.54394327481864
TAR_SUB_LNODEONC,LOAD,LADWP,34.1789729060972,-118.54405672518136
TASSAJAR_2_N001,LOAD,CA,37.79959499998613,-121.9077887787453
TASSAJAR_2_N002,LOAD,CA,37.79959499998613,-121.9079032212547
TAVAN_SR_LNODELD2,LOAD,SRP,33.48727699998835,-111.99057020025502
TAVAN_SR_LNODELD3,LOAD,SRP,33.48727699998835,-111.99067779974499
TAYLORTA_BK1LNODE,LOAD,TPWR,47.27505999998077,-122.3983233683911
TAYLORTA_BK2LNODE,LOAD,TPWR,47.27505999998077,-122.3984566316089
TAYLOR_LNODEDR1,LOAD,TIDC,37.5369331958297,-120.809398426319
TAYLOR_LNODEDR5,LOAD,TIDC,37.5369383829719,-120.809348192848
TAYLOR_LNODEDR7,LOAD,TIDC,37.536937531095,-120.809217269976
TAYLOR_LNODEDR8,LOAD,TIDC,37.5369366699963,-120.809289591436
TAYLO_BP_LNODE401,LOAD,BPAT,46.262,-119.212
TDALESPH_1_F1GNODE,GEN,BPAT,45.612111,-121.215491
TDALESPH_1_F2GNODE,GEN,BPAT,45.612110999928525,-121.21536300584677
TDALESPH_1_G01GNODE,GEN,BPAT,45.61202146644376,-121.2153630060511
TDALESPH_1_G02GNODE,GEN,BPAT,45.61195815677489,-121.21545351148264
TDALESPH_1_G03GNODE,GEN,BPAT,45.61194301645729,-121.21557966196798
TDALESPH_1_G04GNODE,GEN,BPAT,45.61197402646307,-121.21569973359951
TDALESPH_2_G05GNODE,GEN,BPAT,45.61203932485618,-121.21578730380304
TDALESPH_2_G06GNODE,GEN,BPAT,45.612123941718714,-121.21582913497306
TDALESPH_2_G07GNODE,GEN,BPAT,45.612213341493984,-121.21582214248663
TDALESPH_2_G08GNODE,GEN,BPAT,45.61229523796855,-121.21577041625989
TDALESPH_2_G09GNODE,GEN,BPAT,45.61236038963863,-121.21568262249906
TDALESPH_2_G10GNODE,GEN,BPAT,45.61240277747887,-121.21556988068205
TDALESPH_2_G11GNODE,GEN,BPAT,45.61241941420508,-121.21544411492309
TDALESPH_2_G12GNODE,GEN,BPAT,45.61240994654607,-121.21531683769908
TDALESPH_2_G13GNODE,GEN,BPAT,45.61237615729065,-121.21519830767616
TDALESPH_2_G14GNODE,GEN,BPAT,45.61232143767641,-121.2150969993323
TDALESPH_2_G15GNODE,GEN,BPAT,45.61225027588939,-121.21501932416585
TDALESPH_2_G16GNODE,GEN,BPAT,45.6121677901165,-121.21496954839368
TDALESPH_2_G17GNODE,GEN,BPAT,45.61207932238038,-121.21494985848845
TDALESPH_2_G18GNODE,GEN,BPAT,45.61199010079069,-121.21496053274184
TDALESPH_2_G19GNODE,GEN,BPAT,45.61190497186076,-121.21500018373936
TDALESPH_2_G20GNODE,GEN,BPAT,45.61182820047001,-121.21506604290299
TDALESPH_2_G21GNODE,GEN,BPAT,45.61176333239307,-121.21515426394784
TDALESPH_2_G22GNODE,GEN,BPAT,45.61171311269979,-121.21526022714856
TDALL_BP_LNODERV1,LOAD,BPAT,45.611679452480075,-121.21537883070577
TDALL_BP_LNODESBR,LOAD,BPAT,45.61166343605454,-121.21550475926576
TDALL_BP_LNODESCO,LOAD,BPAT,45.61166536093828,-121.2156327228166
TDALL_BP_LNODEUD1,LOAD,BPAT,45.61168480320676,-121.2157576618109
TDALL_BP_LNODEUD2,LOAD,BPAT,45.61172070148121,-121.21587491650361
TECUYA_6_N001,LOAD,CA,35.018589,-118.979536
TEHAPI1_6_N003,GEN,CA,35.080833,-118.361388
TEHAPI1_6_N004,GEN,CA,35.091111,-118.334444
TEICHERT_1_N001,LOAD,CA,37.79,-121.36
TEJON_6_N001,LOAD,CA,35.019534,-118.954779
TEKOA_1_TEKOALNODE,LOAD,AVA,47.2283,-117.0859
TELECYN_1_N001,LOAD,CA,32.6379177816674,-117.01607
TELECYN_1_N006,LOAD,CA,32.63783710915427,-117.01601469007429
TELECYN_1_N014,LOAD,CA,32.63783710915427,-117.01612530992571
TEMBLOR_1_N003,LOAD,CA,35.382795999987465,-119.69634883811833
TEMBLOR_1_N004,GEN,CA,35.382795999987465,-119.69645916188168
TEMPE_SR_LNODELD2,LOAD,SRP,33.42871699998846,-111.94497926227409
TEMPE_SR_LNODELD3,LOAD,SRP,33.42871699998846,-111.94508673772592
TEMPLE21_7_N002,GEN,CA,35.557,-120.6826
TEMPLETN_2_N008,LOAD,CA,35.554496,-120.679996
TENAYA_LNODE-1,LOAD,NV,36.19952772094669,-115.251954
TENAYA_LNODE-2,LOAD,NV,36.19944713951282,-115.25189634738028
TENAYA_LNODE-3,LOAD,NV,36.19944713951282,-115.25201165261973
TENNE_SR_LNODELD2,LOAD,SRP,33.32064599998851,-111.77479636993517
TENNE_SR_LNODELD3,LOAD,SRP,33.32064599998851,-111.77490363006481
TENNGEN1_7_B1,GEN,CA,34.38406999998781,-118.49482722407812
TENNGEN2_7_B1,GEN,CA,34.38406999998781,-118.49493677592187
TEP_LU_3_LUNAGNODE,GEN,TEPC,32.299573031561806,-107.78325526153274
TERAWND_1_N001,GEN,CA,34.03,-116.53
TERMNOUS_6_N001,LOAD,CA,38.116464,-121.422007
TERRE_VW_1_1LNODE,LOAD,AVA,46.7416,-117.1436
TERY_LNODE133,LOAD,IPCO,42.86782,-112.420277
TESLA_1_N027,GEN,CA,37.714254,-121.564571
TESR_GNODEESR,GEN,IPCO,43.923161,-116.995459
TESSUB_2_N001,LOAD,CA,37.73,-121.93
TEVIS_1_N001,LOAD,CA,35.319191999987495,-119.12859784623319
TEVIS_1_N003,LOAD,CA,35.319191999987495,-119.12870815376681
TEXMCKT_1_N101,GEN,CA,35.3161,-119.6597
TEXSUN1G_7_B2,GEN,CA,35.36999999998748,-119.4799448397684
TEXSUN1G_7_N001,LOAD,CA,35.36999999998748,-119.4800551602316
TEXSUN2G_7_B2,GEN,CA,35.3599999999875,-119.47994484104834
TEXSUN2G_7_N001,LOAD,CA,35.3599999999875,-119.48005515895167
TE_LNODER4A,LOAD,APS,32.70909059833271,-114.63274851591441
TE_LNODER6A,LOAD,APS,32.70891140157729,-114.63274851612829
TE_LNODER7A,LOAD,APS,32.70891140157729,-114.63296148387171
TE_LNODER9A,LOAD,APS,32.70909059833271,-114.63296148408558
TFALLS_C_LNODENWE,LOAD,NWMT,47.59748599998058,-115.35821408360013
TFALLS_C_LNODEREA,LOAD,NWMT,47.59748599998058,-115.35834791639988
TFPR_GNODE001,GEN,IPCO,42.58925699998385,-114.35633217704573
TFPR_GNODE012,GEN,IPCO,42.58925699998385,-114.35645382295426
TFSN_LNODE133,LOAD,IPCO,42.5711129999839,-114.47074219843297
TFSN_LNODEPK,LOAD,IPCO,42.5711129999839,-114.47086380156703
TGRD_LNODEWR1,LOAD,PGE,45.43057999998226,-122.7770432016902
TGRD_LNODEWR2,LOAD,PGE,45.43057999998226,-122.7771707983098
THAYE_BP_LNODE115,LOAD,BPAT,46.276857,-119.289046
THCHJ_BP_LNODEFMR,LOAD,BPAT,45.530759,-123.124314
THERMLT1_7_B1,GEN,CA,39.51498258352708,-121.6299608775946
THERMLT2_7_B1,GEN,CA,39.514803416357424,-121.62996087789409
THERMLT3_7_B1,GEN,CA,39.514803416357424,-121.63019312210591
THERMLT4_7_B1,GEN,CA,39.51498258352708,-121.6301931224054
THOMAS_LNODEOMAS,LOAD,PNM,35.13144717,-106.5494447
THORNE_LNODE51,LOAD,NV,38.62042799998592,-118.54602849212179
THORNE_LNODE52,LOAD,NV,38.62042799998592,-118.54614350787821
THORNHIL_1_N001,LOAD,CA,33.833699,-116.524642
THO_LNODE_10,LOAD,EPE,31.849427182011492,-106.56550186083868
THO_LNODE_11,LOAD,EPE,31.849348999955676,-106.56544872176744
THO_LNODE_12,LOAD,EPE,31.84927081796632,-106.56550186092876
THO_LNODE_13,LOAD,EPE,31.84927081796632,-106.56560813907123
THO_LNODE_14,LOAD,EPE,31.849348999955676,-106.56566127823257
THO_LNODE_15,LOAD,EPE,31.849427182011492,-106.56560813916133
THREEPNT_LNODET101,LOAD,WALC,32.094442999988736,-111.28575583529862
THREEPNT_LNODET102,LOAD,WALC,32.094442999988736,-111.28586216470138
THREE_RV_LNODEALD,LOAD,NWMT,45.947223,-111.594291
THRE_FKS_LNODEK1H,LOAD,NWMT,45.878463,-111.554252
THURS_BP_LNODEXF1,LOAD,BPAT,44.06349723,-122.9290936
THU_LNODEXF1,LOAD,PSE,47.047777999980866,-122.89910064157311
THU_LNODEXF2,LOAD,PSE,47.047777999980866,-122.89923335842688
THY_LNODEFDR6A,LOAD,APS,32.926864999988666,-112.72510166589286
THY_LNODER4A,LOAD,APS,32.926864999988666,-112.72520833410714
TH_LNODE10A,LOAD,APS,32.668962,-114.632511
TH_LNODE12A,LOAD,APS,32.6689619999552,-114.63240453961491
TH_LNODE13A,LOAD,APS,32.668872381249834,-114.63240453972169
TH_LNODE14A,LOAD,APS,32.66880901129722,-114.63247981852852
TH_LNODER1A,LOAD,APS,32.66879385657901,-114.63258474553857
TH_LNODER2A,LOAD,APS,32.66882489615904,-114.63268461636449
TH_LNODER4A,LOAD,APS,32.668890256776166,-114.63275745369468
TH_LNODER5A,LOAD,APS,32.6689749542227,-114.63279224703705
TH_LNODER9A,LOAD,APS,32.6690644390834,-114.63278643080557
TIADS_LNODE01,LOAD,NV,37.886097,-116.779188
TIDEFLAT_MOBILELNODE,LOAD,TPWR,47.27572,-122.39581
TIDEWATR_2_N001,LOAD,CA,38.01989465330933,-122.06150068264388
TIDEWATR_2_N014,LOAD,CA,38.02007534657929,-122.06150068292666
TIGRCRK_7_B2,GEN,CA,38.44929099998595,-120.49258753070295
TIGRCRK_7_B3,GEN,CA,38.44929099998595,-120.49270246929706
TILLA_BP_LNODEIDE,LOAD,BPAT,45.458092,-123.829102
TIL_LNODEXF2,LOAD,PSE,47.126667,-122.546111
TIMBER_LNODE115,LOAD,BPAT,45.76032,-123.296035
TKTX_LNODEWR1,LOAD,PGE,45.49407372009448,-122.82032
TKTX_LNODEWR2,LOAD,PGE,45.49399313993355,-122.82025363191742
TKTX_LNODEWR3,LOAD,PGE,45.49399313993355,-122.82038636808258
TK_LNODE10A,LOAD,APS,33.63628,-111.864832
TK_LNODE12A,LOAD,APS,33.63627999995311,-111.86472406724407
TK_LNODE13A,LOAD,APS,33.63620217751986,-111.8647780336708
TK_LNODE14A,LOAD,APS,33.63620217751986,-111.8648859663292
TK_LNODER1A,LOAD,APS,33.63627999995311,-111.86493993275593
TK_LNODER4A,LOAD,APS,33.63635782245665,-111.86488596642673
TK_LNODER6A,LOAD,APS,33.63635782245665,-111.86477803357327
TLAZYS_LNODE43,LOAD,NV,40.748758,-116.497699
TLRELKE_6_N001,LOAD,CA,36.003703,-119.948802
TLTN_LNODEWR1,LOAD,PGE,45.37130699998229,-122.78517625715047
TLTN_LNODEWR2,LOAD,PGE,45.37130699998229,-122.78530374284954
TLT_LNODER1A,LOAD,APS,32.762485,-111.620094
TLT_LNODER2A,LOAD,APS,32.762484999954935,-111.61998747979106
TLT_LNODER4A,LOAD,APS,32.7623954249074,-111.620094
TLT_LNODER5A,LOAD,APS,32.762484999954935,-111.62020052020893
TLT_LNODER6A,LOAD,APS,32.762574575092586,-111.620094
TL_LNODELSX,LOAD,APS,32.625318,-111.794746
TMRK_LNODEMRK,LOAD,IPCO,44.949547,-116.382463
TNML_LNODE011A,LOAD,IPCO,43.6367822,-116.4342439
TNML_LNODE012A,LOAD,IPCO,43.63678219993205,-116.43411908420764
TNML_LNODE013A,LOAD,IPCO,43.636691867191786,-116.4342439
TNML_LNODE014A,LOAD,IPCO,43.63678219993205,-116.43436871579236
TNML_LNODE016A,LOAD,IPCO,43.63687253280816,-116.4342439
TNM_LNODEXF1,LOAD,PSE,48.833172,-122.442871
TNR_LNODE1,LOAD,PSE,47.501111,-121.801944
TNSITE_2_SOLARGNODE,GEN,WALC,35.9356,-114.8702
TNY_7_UNIT1GNODE,GEN,BANC,40.79747999998468,-122.76270026920837
TNY_7_UNIT2GNODE,GEN,BANC,40.79747999998468,-122.76281973079162
TN_LNODER1A,LOAD,APS,33.49410299998834,-112.9155151928788
TN_LNODER3A,LOAD,APS,33.49410299998834,-112.91562280712121
TOADTWN_7_N002,GEN,CA,39.893491,-121.59338
TOCALOMA_6_N001,LOAD,CA,38.05521,-122.760914
TODD_LNODEOAD,LOAD,NWMT,46.292152,-109.151534
TOLBY_SR_LNODELD1,LOAD,SRP,33.49280999998842,-112.29485719427824
TOLBY_SR_LNODELD2,LOAD,SRP,33.49280999998842,-112.29496480572176
TOLEDO_LNODEPWR,LOAD,BPAT,44.62114699998256,-123.92246069677935
TOLEDO_LNODERV1,LOAD,BPAT,44.62114699998256,-123.92258730322065
TOLSON_LNODE-3,LOAD,NV,36.0024229999873,-115.12894465668984
TOLSON_LNODE-4,LOAD,NV,36.0024229999873,-115.12905534331016
TOL_LNODEXF1,LOAD,PSE,47.6475,-121.906944
TOL_SUB_LNODEONA,LOAD,LADWP,34.175740310821865,-118.36069083905292
TOL_SUB_LNODEONB,LOAD,LADWP,34.1755596890815,-118.36069083928658
TOL_SUB_LNODEONC,LOAD,LADWP,34.1755596890815,-118.36090916071342
TOL_SUB_LNODEOND,LOAD,LADWP,34.175740310821865,-118.36090916094707
TOME_1_RIODELOROESGNODE,GEN,PNM,34.82884206304277,-105.00159784557249
TOME_1_RIODELOROPVGNODE,GEN,PNM,34.690969,-106.685128
TOME_1_VEFGTGNODE,GEN,PNM,34.611429,-106.732259
TOME_LNODETOME,LOAD,PNM,34.65952119,-106.735843
TOMSIK_LNODE-2,LOAD,NV,36.056349721013405,-115.276596
TOMSIK_LNODE-3,LOAD,NV,36.0562691394795,-115.2765384523778
TOMSIK_LNODEBK1,LOAD,NV,36.0562691394795,-115.27665354762219
TONOPAH_LNODE-1,LOAD,NV,36.203322721246735,-115.197403
TONOPAH_LNODE-2,LOAD,NV,36.20324213936275,-115.19734534426321
TONOPAH_LNODE-3,LOAD,NV,36.20324213936275,-115.19746065573678
TOPAZC1_7_N021,GEN,CA,35.351278,-120.050713
TOPN_LNODE041A,LOAD,IPCO,42.92358389998369,-114.79082361889161
TOPN_LNODE042A,LOAD,IPCO,42.92358389998369,-114.7909461811084
TOPOCK_LNODESWAN,LOAD,WALC,34.542953,-114.271791
TOREYPNS_6_N001,LOAD,CA,32.89877953728695,-117.23987836114813
TOREYPNS_6_N007,LOAD,CA,32.89860046262259,-117.23987836136372
TOREYPNS_6_N008,LOAD,CA,32.89860046262259,-117.24009163863627
TOREYPNS_6_N009,LOAD,CA,32.89877953728695,-117.24009163885188
TORTILLA_1_N007,LOAD,CA,34.874547,-117.064691
TOSTON_LNODEMPC,LOAD,NWMT,46.18083899998162,-111.43526912078437
TOSTON_LNODEREA,LOAD,NWMT,46.18083899998162,-111.43539887921564
TOT032G1_7_N001,GEN,CA,33.934167,-116.571388
TOT032G2_7_N001,GEN,CA,33.934166999952346,-116.5712793705161
TOT032G3_7_N001,GEN,CA,33.93407687229218,-116.57127937063106
TOT032G4_7_N001,GEN,CA,33.93401314245606,-116.57135618321828
TOT032G5_7_N001,GEN,CA,33.933997901671624,-116.57146324807425
TOT032G6_7_N001,GEN,CA,33.93402911752344,-116.57156515373148
TOT032G7_7_N001,GEN,CA,33.934094849324914,-116.57163947510458
TOT032G8_7_N001,GEN,CA,33.93418002777364,-116.57167497736445
TOT135G1_7_N001,GEN,CA,34.00672,-117.943192
TOT135G2_7_N001,GEN,CA,34.00671999995209,-117.94308320462522
TOT135G3_7_N001,GEN,CA,34.00662981168256,-117.943192
TOT135G4_7_N001,GEN,CA,34.00671999995209,-117.94330079537478
TOT135G5_7_N001,GEN,CA,34.00681018831736,-117.943192
TOT148A_7_N001,GEN,CA,34.891462,-118.432579
TOT162E1_6_GN001,GEN,CA,35.00861099998758,-118.24216689794675
TOT162E2_6_GN001,GEN,CA,35.00861099998758,-118.24227710205325
TOT162E3_7_N007,GEN,CA,35.00916299998758,-118.29223589781499
TOT162W1_6_GN001,GEN,CA,35.022222,-118.045278
TOT162W2_6_GN001,GEN,CA,35.0238889999876,-118.2952228943735
TOT162W3_6_GN001,GEN,CA,35.0238889999876,-118.29533310562651
TOT162W4_7_N001,GEN,CA,35.00916299998758,-118.29234610218501
TOT179A_7_N001,GEN,CA,35.558399,-118.237079
TOT180_7_N002,GEN,CA,35.533056,-115.4525
TOT210S1_7_N002,GEN,CA,35.555363,-115.45921
TOT223G_7_NT1A,GEN,CA,33.70312399998822,-114.76486195604211
TOT223G_7_NT1B,GEN,CA,33.70312399998822,-114.76497004395789
TOT223L1_7_N002,GEN,CA,33.66499999998824,-114.99800100043706
TOT223L2_7_N001,GEN,CA,33.66499999998824,-114.99810899956294
TOT242GN_7_N002,GEN,CA,35.580833,-115.4825
TOT427A_7_N001,GEN,CA,34.703767,-118.3018
TOT_LNODEXF2,LOAD,PSE,47.710556,-122.163611
TOVRE_SR_LNODELD4,LOAD,SRP,33.448563,-111.959658
TOWNSEND_LNODEK1L,LOAD,NWMT,46.328147,-111.518003
TP_LNODE10A,LOAD,APS,33.428716,-111.945049
TP_LNODE12A,LOAD,APS,33.42871599995365,-111.94494152455025
TP_LNODE13A,LOAD,APS,33.42862630396723,-111.9449415246613
TP_LNODE14A,LOAD,APS,33.42856287936939,-111.94501752122511
TP_LNODE18A,LOAD,APS,33.428547711582354,-111.94512344867371
TP_LNODE20A,LOAD,APS,33.4285787779257,-111.9452242717311
TP_LNODE21A,LOAD,APS,33.42864419490245,-111.94529780354333
TP_LNODE22A,LOAD,APS,33.428728965383854,-111.94533292863606
TP_LNODE28A,LOAD,APS,33.42881852741092,-111.94532705695714
TP_LNODEDR25A,LOAD,APS,33.42890057247745,-111.94528362285308
TRABUCO_1_N001,LOAD,CA,33.5630767991568,-117.67324523376014
TRABUCO_1_N005,LOAD,CA,33.562897200749894,-117.67324523398426
TRABUCO_1_N009,LOAD,CA,33.562897200749894,-117.67346076601574
TRABUCO_1_N013,LOAD,CA,33.5630767991568,-117.67346076623986
TRACY_1_N001,LOAD,CA,37.748395999944734,-121.41564562794372
TRACY_1_N002,LOAD,CA,37.748305565247314,-121.41576
TRACY_1_N007,LOAD,CA,37.748395999944734,-121.41587437205628
TRACY_1_N101,LOAD,CA,37.74848643475262,-121.41576
TRACY_GNODE 3,GEN,NV,39.563934,-119.522696
TRACY_GNODE 4,GEN,NV,39.56393399994211,-119.5225797661191
TRACY_GNODE 5,GEN,NV,39.563844393635605,-119.522696
TRACY_LNODEGLE,LOAD,NV,39.56393399994211,-119.5228122338809
TRACY_LNODEU3,LOAD,NV,39.564023606364344,-119.522696
TRAILBRG_1_G01GNODE,GEN,BPAT,44.27254,-122.05028
TRAMWAY_LNODEMWAY,LOAD,PNM,35.15296062,-106.4977857
TRANWND_1_N001,GEN,CA,33.9,-116.7
TRASK_BP_LNODE115,LOAD,BPAT,45.415683,-123.798563
TRASK_SR_LNODELD2,LOAD,SRP,33.18115,-111.061
TRA_LNODEXF2,LOAD,PSE,47.613333,-122.650278
TREAS_ST_LNODEOAD,LOAD,NWMT,47.553917,-111.282578
TREGO_BP_LNODEEKA,LOAD,BPAT,48.70776671829366,-114.858301
TREGO_BP_LNODELN1,LOAD,BPAT,48.707686140831655,-114.8582305024324
TREGO_BP_LNODELN2,LOAD,BPAT,48.707686140831655,-114.8583714975676
TRENI_BP_LNODEIPL,LOAD,BPAT,47.68784199998052,-117.2046880201302
TRENT_BP_LNODERV3,LOAD,BPAT,47.68784199998052,-117.20482197986979
TRESR_SR_LNODELD2,LOAD,SRP,33.419257326630934,-112.18859572796534
TRESR_SR_LNODELD3,LOAD,SRP,33.41933499995368,-112.18864945602681
TRESVIS_6_N001,LOAD,CA,39.486707,-121.687993
TRICO_7_SAHUA1GNODE,GEN,WALC,35.114351200611,-114.33576505390843
TRID_PLT_0_TPSLGNODE,GEN,NWMT,46.64897015624437,-111.72794573307672
TRID_PLT_LNODEOAD,LOAD,NWMT,45.946605,-111.476087
TRIMBLE_1_N004,LOAD,CA,37.42009036798162,-121.72988621524279
TRIMBLE_1_N010,LOAD,CA,37.41990963190925,-121.72988621551741
TRIMBLE_1_N016,LOAD,CA,37.41990963190925,-121.7301137844826
TRIMBLE_1_N020,LOAD,CA,37.42009036798162,-121.73011378475721
TRINIDAD_6_N001,LOAD,CA,41.064242,-124.128367
TRI_GAS_LNODELD1,LOAD,SRP,33.292329,-111.584096
TRI_LNODE_20,LOAD,EPE,31.76759032923326,-106.16572675409004
TRI_LNODE_21,LOAD,EPE,31.767409670678642,-106.16572675429748
TRI_LNODE_22,LOAD,EPE,31.767409670678642,-106.16593924570252
TRI_LNODE_23,LOAD,EPE,31.76759032923326,-106.16593924590995
TRJN_LNODEVR4,LOAD,PGE,46.07956299998172,-122.91113530035126
TRJN_LNODEVR5,LOAD,PGE,46.07956299998172,-122.91126469964874
TRNR_LNODEWR1,LOAD,PGE,44.856163,-122.954979
TRODL_BP_LNODESS2,LOAD,BPAT,45.558874,-122.40423
TROLLEY_LNODE53,LOAD,NV,40.968911,-116.355671
TROPICAL_LNODE-1,LOAD,NV,36.26843172878589,-115.130924
TROPICAL_LNODE-2,LOAD,NV,36.26835113559321,-115.13086628813039
TROPICAL_LNODE-3,LOAD,NV,36.26835113559321,-115.13098171186961
TROY_1_G01GNODE,GEN,BPAT,48.44190875218601,-115.870399
TROY_BP_LNODEITY,LOAD,BPAT,48.44182812388574,-115.87032882792592
TROY_BP_LNODETS1,LOAD,BPAT,48.44182812388574,-115.87046917207408
TRO_LNODE_10,LOAD,EPE,31.765204198391622,-106.397875
TRO_LNODE_11,LOAD,EPE,31.765122900792424,-106.39781979363718
TRO_LNODE_12,LOAD,EPE,31.765122900792424,-106.39793020636282
TRUCKEE_LNODE02,LOAD,NV,39.330431720184855,-120.181195
TRUCKEE_LNODE03,LOAD,NV,39.33035113989209,-120.18113485420918
TRUCKEE_LNODE49,LOAD,NV,39.33035113989209,-120.18125514579083
TRUMAN_LNODE-1,LOAD,NV,36.16014271874957,-115.15209
TRUMAN_LNODE-2,LOAD,NV,36.16006214061135,-115.15203237871322
TRUMAN_LNODEUMAN,LOAD,PNM,36.16006214061135,-115.15214762128679
TRW1_2_GNODE1,GEN,PGE,46.14962999998167,-118.02605517677446
TRW1_2_GNODE2,GEN,PGE,46.14962999998167,-118.02618482322553
TRWPLNT_LNODE08,LOAD,NV,39.464449,-119.569911
TRYON_SR_LNODELD2,LOAD,SRP,33.39624899998843,-111.739128295604
TRYON_SR_LNODELD3,LOAD,SRP,33.39624899998843,-111.739235704396
TRY_LNODENE1,GEN,BANC,37.79698,-121.58542
TR_LNODE3ABA,LOAD,APS,32.869522822685305,-111.77523608992068
TR_LNODE4ABA,LOAD,APS,32.869343737224355,-111.77523609013599
TR_LNODE5ABA,LOAD,APS,32.869343737224355,-111.775449309864
TR_LNODE6ABA,LOAD,APS,32.869522822685305,-111.77544931007932
TSCARORA_GNODEIT,GEN,NV,41.465796,-116.150335
TSPO_GNODE003,GEN,IPCO,42.74382,-114.840817
TTH_LNODE12A,LOAD,APS,33.467267703039425,-112.49838422174098
TTH_LNODE9A,LOAD,APS,33.46718999995352,-112.49833044357837
TTH_LNODEFDR10,LOAD,APS,33.46711229693729,-112.4983842218374
TTH_LNODEFDR5,LOAD,APS,33.46711229693729,-112.4984917781626
TTH_LNODER1A,LOAD,APS,33.46718999995352,-112.49854555642162
TTH_LNODER4A,LOAD,APS,33.467267703039425,-112.49849177825902
TT_LNODE12A,LOAD,APS,34.23979834824366,-111.33466471078863
TT_LNODE14A,LOAD,APS,34.23961765165942,-111.33466471102322
TT_LNODER1A,LOAD,APS,34.23961765165942,-111.33488328897678
TT_LNODER4A,LOAD,APS,34.23979834824366,-111.33488328921136
TUCSON_LNODEC143,LOAD,TEPC,32.23016690521196,-110.9758658283039
TUCSON_LNODEC145,LOAD,TEPC,32.23008899995549,-110.97581265669896
TUCSON_LNODEC146,LOAD,TEPC,32.230011094766056,-110.97586582839506
TUCSON_LNODEC22,LOAD,TEPC,32.230011094766056,-110.97597217160494
TUCSON_LNODEDIST1,LOAD,TEPC,32.23008899995549,-110.97602534330105
TUCSON_LNODEDIST2,LOAD,TEPC,32.23016690521196,-110.9759721716961
TUDOR_6_N001,LOAD,CA,38.982071,-121.635205
TULARE60_6_N001,GEN,CA,36.188875,-119.37518
TULLOCH_7_B1,GEN,CA,37.87616524528185,-120.605
TULLOCH_7_B2,GEN,CA,37.87608387734405,-120.60494048475101
TULLOCH_7_B4,GEN,CA,37.87608387734405,-120.60505951524898
TULUCAY_6_N001,LOAD,CA,38.247946,-122.268228
TUMBC_BP_LNODEDGE,LOAD,BPAT,44.72577001276977,-122.188133
TUMBC_BP_LNODELEY,LOAD,BPAT,44.7256889935962,-122.18806716258666
TUMBC_BP_LNODENHA,LOAD,BPAT,44.7256889935962,-122.18819883741334
TUOLUMNE_2_Z1GNODE,GEN,AVRN,45.77764070974968,-120.61112122798168
TUOLUMNE_2_Z2GNODE,GEN,AVRN,45.77764070974968,-120.61124966138833
TUPMAN_1_N101,LOAD,CA,35.354039,-119.270638
TUPMAN_1_N102,GEN,CA,35.354634,-119.29438
TURLLAKE_7_UNIT1GNODE,GEN,TIDC,37.61203989584062,-120.5945779863894
TURLLAKE_7_UNIT2GNODE,GEN,TIDC,37.61195850875332,-120.59451866918964
TURLLAKE_7_UNIT3GNODE,GEN,TIDC,37.61195850875332,-120.59463730358917
TURNBULL_6_TRNBGNODE,GEN,NWMT,47.605033,-112.096744
TURNER_1_1LNODE,LOAD,AVA,46.741799999981104,-117.17163410738718
TURNER_1_2LNODE,LOAD,AVA,46.741799999981104,-117.17176589261283
TURPE_SR_LNODELD2,LOAD,SRP,33.24538595000206,-111.83294899541835
TU_LNODE10A,LOAD,APS,33.6278728160575,-112.10029304332647
TU_LNODE13A,LOAD,APS,33.627794999953146,-112.10023908675042
TU_LNODE14A,LOAD,APS,33.6277171839191,-112.10029304342395
TU_LNODER1A,LOAD,APS,33.6277171839191,-112.10040095657605
TU_LNODER4A,LOAD,APS,33.627794999953146,-112.10045491324958
TU_LNODER6A,LOAD,APS,33.6278728160575,-112.10040095667352
TVYVLLY_6_N001,LOAD,CA,36.770622,-119.393233
TWEED_SR_LNODELD3,LOAD,SRP,33.276317,-111.834686
TWF_GNODEGEN,GEN,PSE,47.4425,-121.688889
TWILGHTL_7_N001,GEN,CA,34.90309999998757,-118.25145507283624
TWINPEAK_1_CAPCHILDGNODE,GEN,WALC,32.3813,-111.196404
TWISSLMN_6_N005,GEN,CA,35.688585,-119.689951
TWLT_LNODEBR1,LOAD,PGE,45.26965776069402,-122.676407
TWLT_LNODEBT1,LOAD,PGE,45.26957711963386,-122.6763408448742
TWLT_LNODEBT2,LOAD,PGE,45.26957711963386,-122.67647315512579
TWNC_LNODEWR1,LOAD,PGE,45.4328879999822,-122.57701619943893
TWNC_LNODEWR2,LOAD,PGE,45.4328879999822,-122.57714380056106
TWN_BDGS_LNODEOAD,LOAD,NWMT,45.544243,-112.315069
TWODOTWD_1_TWDWGNODE,GEN,NWMT,46.450328,-110.088
TWOMI_BP_LNODEBAN,LOAD,BPAT,43.057831,-124.400531
TWO_DOT_LNODEOAD,LOAD,NWMT,46.426083,-110.072494
TW_LNODE10A,LOAD,APS,33.452642,-112.032196
TW_LNODE12A,LOAD,APS,33.452641999953585,-112.03208847443766
TW_LNODE13A,LOAD,APS,33.45255228688855,-112.03208847454889
TW_LNODE14A,LOAD,APS,33.45248885021431,-112.03216450654756
TW_LNODE17A,LOAD,APS,33.45247367953922,-112.03227048338674
TW_LNODE18A,LOAD,APS,33.452504751797726,-112.03237135345479
TW_LNODE20A,LOAD,APS,33.452570181230065,-112.03244491955277
TW_LNODE21A,LOAD,APS,33.452654967852204,-112.03248006102355
TW_LNODE22A,LOAD,APS,33.45274454693239,-112.03247418660716
TW_LNODER9A,LOAD,APS,33.45282660762084,-112.03243073225126
TXE_LNODEXF1,LOAD,PSE,48.471388999980235,-122.54993244680247
TXE_LNODEXF2,LOAD,PSE,48.471388999980235,-122.55006755319754
TXMIDST_7_N001,GEN,CA,35.194167,-119.570556
TXROSDL_1_N001,LOAD,CA,35.37695301426363,-119.07791367489159
TXROSDL_1_N002,LOAD,CA,35.37695301426363,-119.0780283251084
TXW_GNODEGEN1,GEN,PSE,48.47035557434388,-122.5629884478499
TXW_GNODEGEN2,GEN,PSE,48.470277999920974,-122.56292089590633
TXW_GNODEGEN3,GEN,PSE,48.470200425616675,-122.56298844805643
TXW_GNODEGEN4,GEN,PSE,48.470200425616675,-122.56312355194356
TXW_LNODEXF1,LOAD,PSE,48.470277999920974,-122.56319110409366
TXW_LNODEXF2,LOAD,PSE,48.47035557434388,-122.5631235521501
TYEEB_BP_LNODEYEE,LOAD,BPAT,47.14946,-122.506015
TYGHV_BP_LNODEFMR,LOAD,BPAT,45.214976,-121.090667
TYLER_6_N001,LOAD,CA,40.138392982499205,-122.20848578836895
TYLER_6_N002,LOAD,CA,40.138392982499205,-122.20860821163106
TYRONE_LNODERONE,LOAD,PNM,37.61,-104.8
TY_LNODER14A,LOAD,APS,35.97067147,-112.1366174
T_FALLS_7_TMP1GNODE,GEN,NWMT,47.59375215053741,-115.360328
T_FALLS_7_TMP2GNODE,GEN,NWMT,47.59367092471029,-115.36025846136307
T_FALLS_7_TMP3GNODE,GEN,NWMT,47.59367092471029,-115.36039753863693
T_FALLS_7_TMP4GNODE,GEN,NWMT,47.59351415064202,-115.359858
T_FALLS_7_TMP5GNODE,GEN,NWMT,47.59343292465796,-115.359788461545
T_FALLS_7_TMP6GNODE,GEN,NWMT,47.59343292465796,-115.359927538455
T_FALLS_7_TMP7GNODE,GEN,NWMT,47.593186,-115.358179
UATP_7_UOFA_TECH_PKGNODE,GEN,TEPC,32.07047730946404,-110.81323977364016
UCD_GNODEPL,GEN,BANC,38.550453,-121.449591
UCM_6_N001,LOAD,CA,32.88368472395273,-117.222424
UCM_6_N002,LOAD,CA,32.88360413801135,-117.22236859671557
UCM_6_N006,LOAD,CA,32.88360413801135,-117.22247940328444
UCM_6_N110,GEN,CA,32.882113,-117.223019
UHL_LNODEXF2,LOAD,PSE,47.678889,-122.063889
UH_LNODE10A,LOAD,APS,33.653268,-112.08884
UH_LNODE14A,LOAD,APS,33.65326799995306,-112.08873202804676
UH_LNODE17A,LOAD,APS,33.65319016461795,-112.0887860140722
UH_LNODE20A,LOAD,APS,33.65319016461795,-112.0888939859278
UH_LNODE21A,LOAD,APS,33.65326799995306,-112.08894797195325
UH_LNODE22A,LOAD,APS,33.653345835358586,-112.08889398602544
UH_LNODER9A,LOAD,APS,33.653345835358586,-112.08878601397456
UKIAH_1_N001,LOAD,CA,39.142823455087914,-123.19204845611492
UKIAH_1_N005,LOAD,CA,39.14300254479826,-123.19204845640866
UKIAH_CO_LNODEIAH,LOAD,BPAT,45.133767,-118.932853
ULM_L_LNODEOAD,LOAD,NWMT,47.433056,-111.511309
ULTPWRJ_1_N001,GEN,CA,36.66,-119.63
ULTRAOGL_7_N001,GEN,CA,35.741389,-119.051111
ULTRRCK_7_N001,GEN,CA,38.904167,-121.309722
UMPR_GNODE001,GEN,IPCO,42.864523,-114.884878
UNDER_BP_LNODE115,LOAD,BPAT,45.743111,-121.54349
UNIFI_SR_LNODELD3,LOAD,SRP,33.37658033879401,-112.08448736927308
UNIFI_SR_LNODELD4,LOAD,SRP,33.376759661113525,-112.08448736949445
UNIONCH_7_B1,GEN,CA,38.019722,-122.235833
UNIONRDG_LNODEDGE,LOAD,BPAT,46.55899999998126,-120.48993442707786
UNIONTP_FDR1LNODE,LOAD,TPWR,47.24501042364188,-122.4888168015582
UNIONTP_FDR2LNODE,LOAD,TPWR,47.244829576203756,-122.48881680201293
UNIONTP_FDR3LNODE,LOAD,TPWR,47.244829576203756,-122.48908319798707
UNIONTP_FDR4LNODE,LOAD,TPWR,47.24501042364188,-122.4890831984418
UNION_BP_LNODEINS,LOAD,BPAT,46.55899999998126,-120.49006557292215
UNION_SC_LNODE316,LOAD,SCL,47.607202,-122.33968
UNION_SC_LNODE317,LOAD,SCL,47.607201999922154,-122.33954615303176
UNION_SC_LNODE318,LOAD,SCL,47.60711175901665,-122.33954615326269
UNION_SC_LNODE319,LOAD,SCL,47.607047949131626,-122.3396407972461
UNION_SC_LNODE320,LOAD,SCL,47.6070326891853,-122.33977271620964
UNION_SC_LNODE321,LOAD,SCL,47.607063944194145,-122.33989827836076
UNION_SC_LNODE322,LOAD,SCL,47.60712975850641,-122.3399898529161
UNION_SC_LNODE323,LOAD,SCL,47.607215043933,-122.34003359694721
UNION_SC_LNODE324,LOAD,SCL,47.6073051500743,-122.34002628475834
UNION_SC_LNODE325,LOAD,SCL,47.607387693639325,-122.33997219326226
UNION_SC_LNODE326,LOAD,SCL,47.607453360099605,-122.33988038493247
UNION_SC_LNODE327,LOAD,SCL,47.60749608286479,-122.33976248770989
UNION_SC_LNODE328,LOAD,SCL,47.607512851042294,-122.33963097097775
UNION_SC_LNODE329,LOAD,SCL,47.60750330856761,-122.3394978736653
UNION_SC_LNODE330,LOAD,SCL,47.607469252317344,-122.33937392355716
UNION_SC_LNODE331,LOAD,SCL,47.607414100328526,-122.33926798265782
UNION_SC_LNODE332,LOAD,SCL,47.60734237625517,-122.33918675564894
UNION_SC_LNODE333,LOAD,SCL,47.60725923872926,-122.33913470382409
UNION_SC_LNODE334,LOAD,SCL,47.607170071985614,-122.3391141136249
UNION_SC_LNODE335,LOAD,SCL,47.607080145443604,-122.3391252760528
UNION_SC_LNODE336,LOAD,SCL,47.606994343908546,-122.33916674023533
UNION_SC_LNODE337,LOAD,SCL,47.606916965954184,-122.33923561098318
UNION_SC_LNODE338,LOAD,SCL,47.60685158536633,-122.33932786612523
UNION_SC_LNODE339,LOAD,SCL,47.606800968899265,-122.33943867468905
UNIT5GT_7_N001,GEN,CA,33.91055599998812,-118.42494571263295
UNIT6ST_7_N001,GEN,CA,33.91055599998812,-118.42505428736706
UNITY_LNODEMR1,LOAD,IPCO,42.48179555,-113.744115
UNIVER_FDR1LNODE,LOAD,TPWR,47.241310424435184,-122.53613680969227
UNIVER_FDR2LNODE,LOAD,TPWR,47.241129575410426,-122.53613681014691
UNIVER_FDR3LNODE,LOAD,TPWR,47.241129575410426,-122.53640318985309
UNIVER_FDR4LNODE,LOAD,TPWR,47.241310424435184,-122.53640319030774
UNIVE_BP_LNODEXF2,LOAD,BPAT,44.04888301,-123.0739858
UNIVRSTY_7_B1,GEN,CA,35.093046,-119.443617
UNIVRSTY_LNODELD1,LOAD,SRP,33.42163099998848,-111.86118326961572
UNIVRSTY_LNODELD2,LOAD,SRP,33.42163099998848,-111.86129073038428
UNIV_EW_1_UFOGNODE,GEN,BPAT,44.04489,-123.06611
UNIV_LNODEWR3,LOAD,PGE,44.933975,-123.023178
UNM_LNODEMNTA,LOAD,PNM,35.0922541207517,-106.624
UNM_LNODEMNTB,LOAD,PNM,35.09217293961069,-106.62394271776215
UNM_LNODETRAL,LOAD,PNM,35.09217293961069,-106.62405728223786
UNOCAL_7_N002,GEN,CA,38.044444,-122.255833
UNSER_LNODEERXF,LOAD,PNM,35.12461146,-106.7253819
UNVL_LNODEBR1,LOAD,PGE,45.129887,-123.062843
UNVRSYSC_LNODE619,LOAD,SCL,47.654831,-122.32339
UNVRSYSC_LNODE621,LOAD,SCL,47.65483099992213,-122.3232560854523
UNVRSYSC_LNODE622,LOAD,SCL,47.654740795699965,-122.32325608568362
UNVRSYSC_LNODE623,LOAD,SCL,47.65467701175411,-122.32335077745275
UNVRSYSC_LNODE624,LOAD,SCL,47.654661758010974,-122.32348276302176
UNVRSYSC_LNODE625,LOAD,SCL,47.65469300031436,-122.323608388569
UNVRSYSC_LNODE626,LOAD,SCL,47.654758787872424,-122.3237000093606
UNVRSYSC_LNODE627,LOAD,SCL,47.65484403862991,-122.32374377547876
UNVRSYSC_LNODE663,LOAD,SCL,47.6549341081426,-122.32373645959872
UNVRSYSC_LNODE664,LOAD,SCL,47.65501661815343,-122.32368234079223
UNVRSYSC_LNODE665,LOAD,SCL,47.655082257920185,-122.32359048610824
UNVRSYSC_LNODE666,LOAD,SCL,47.65512496331861,-122.32347252935861
UNVRSYSC_LNODE667,LOAD,SCL,47.65514172467975,-122.32334094622259
UNVRSYSC_LNODE668,LOAD,SCL,47.65513218608394,-122.3232077817082
UNVRSYSC_LNODE669,LOAD,SCL,47.65509814367742,-122.32308376901689
UNV_GNODET,GEN,BANC,38.864303,-120.444264
UPPRFALL_1_1GNODE,GEN,AVA,47.6622,-117.4226
UPPRLKE_6_N001,LOAD,CA,39.145906,-122.916845
UPRIVER_1_1_5GNODE,GEN,AVA,47.6858,-117.3286
URBAN_6_N001,LOAD,CA,32.71330799998875,-117.15140275665348
URBAN_6_N005,LOAD,CA,32.71330799998875,-117.15150924334651
URBN_LNODEWR1,LOAD,PGE,45.49662153315721,-122.67673726897814
URBN_LNODEWR2,LOAD,PGE,45.49644246670047,-122.67673726938432
URBN_LNODEWR20,LOAD,PGE,45.49644246670047,-122.67699273061568
URBN_LNODEWR3,LOAD,PGE,45.49662153315721,-122.67699273102185
URICH_6_N001,LOAD,CA,38.029918,-122.103005
US GEO_GNODET,GEN,NV,40.348159,-119.340489
US12_GNODE001,GEN,IPCO,42.76703699998382,-114.92459194734488
US12_GNODE002,GEN,IPCO,42.76703699998382,-114.92471405265512
US34_GNODE003,GEN,IPCO,42.76610699998374,-114.90886294863536
US34_GNODE004,GEN,IPCO,42.76610699998374,-114.90898505136464
USBR_LNODEN51,LOAD,PGE,45.506,-123.071
USGYPSM_LNODE03,LOAD,NV,40.57955799998474,-119.34097649704799
USK_AVA_2_PNCLNODE,GEN,AVA,48.28898088905776,-117.2706755177695
USK_LNODEXF1,LOAD,PSE,47.700849,-122.624395
USWINDPW_7_N001,GEN,CA,37.734784435752104,-121.65188564763977
USWP-FRK_6_N001,GEN,CA,37.734603564137394,-121.65188564791913
USWP-JRW_2_N001,GEN,CA,37.734603564137394,-121.65211435208087
USWP-PAT_1_B1,GEN,CA,37.734784435752104,-121.65211435236021
USWPRLF_2_N004,GEN,CA,37.748525,-121.649872
UTICA_P_LNODEOAD,LOAD,NWMT,46.995413,-110.061648
UTICA_R_LNODEMPC,LOAD,NWMT,46.975842999980934,-110.07869374152403
UTICA_R_LNODEREA,LOAD,NWMT,46.975842999980934,-110.07882625847597
UTINTL_LNODE20,LOAD,NV,40.781901,-118.13455
UT_LNODEFDR3AB,LOAD,APS,33.90592196830656,-113.28594571798203
UT_LNODEFDR4AB,LOAD,APS,33.90592196830656,-113.28605428201797
UT_LNODEFDR5AB,LOAD,APS,33.90599999995236,-113.28610856413533
UT_LNODEFDR6AB,LOAD,APS,33.90607803166961,-113.28605428211735
VACA-DIX_1_N001,LOAD,CA,38.401616982566644,-121.91986928712716
VACA-DIX_1_N014,GEN,CA,38.401616982566644,-121.91998871287285
VACADIX_1_GN001,GEN,CA,38.4106,-121.9264
VACAVIL_1_N001,LOAD,CA,38.356520058867716,-121.97951
VACAVIL_1_N101,LOAD,CA,38.35643897055109,-121.97945029786577
VACAVIL_1_N102,LOAD,CA,38.35643897055109,-121.97956970213424
VAIL_LNODEDIST1,LOAD,TEPC,32.07041359883587,-110.81331495775191
VAIL_LNODEDIST2,LOAD,TEPC,32.0703983626465,-110.81341975277374
VALCNTR_6_N001,LOAD,CA,33.230683,-117.018401
VALENCIA_TP_LNODE13T1,LOAD,TEPC,32.07042956909591,-110.81351949797067
VALENCIA_TP_LNODE13T2,LOAD,TEPC,32.07049528109201,-110.81359224367488
VALENCIA_TP_LNODEAUX,LOAD,TEPC,32.07058043386924,-110.81362699324522
VALEN_SR_LNODELD0,LOAD,SRP,33.571208609391284,-112.10956077637897
VALEN_SR_LNODELD2,LOAD,SRP,33.5712741067111,-112.10963451990754
VALEN_SR_LNODELD3,LOAD,SRP,33.57135898130552,-112.10966974613557
VALEN_SR_LNODELD4,LOAD,SRP,33.5714486533312,-112.10966385755258
VALEN_SW_LNODET101,LOAD,WALC,32.13263999998907,-111.13271183318287
VALEN_SW_LNODET102,LOAD,WALC,32.13263999998907,-111.13281816681713
VALLEYSC_1_N001,LOAD,CA,33.738397971600605,-117.156432
VALLEYSC_1_N013,GEN,CA,33.738317014186954,-117.15637579300203
VALLEYSC_1_N101,GEN,CA,33.8361,-117.1831
VALLEYSC_1_N102,GEN,CA,33.3944,-117.1889
VALLEYSC_1_N107,LOAD,CA,33.738317014186954,-117.15648820699798
VALLEY_1_VALLEY_WLNODE,LOAD,AVA,48.15,-117.7242
VALLYHM_1_N001,LOAD,CA,37.85575599998615,-120.94408374338772
VALLYHM_1_N004,GEN,CA,37.85575599998615,-120.94419825661228
VALLYVW_1_N001,LOAD,CA,37.96607299998612,-122.27841868352904
VALLYVW_1_N003,LOAD,CA,37.96607299998612,-122.27853331647096
VALLY_BP_LNODENL1,LOAD,BPAT,47.66114911954489,-117.22651
VALLY_BP_LNODENL2,LOAD,BPAT,47.66106794020653,-117.2264404114898
VALLY_BP_LNODERAI,LOAD,BPAT,47.66106794020653,-117.2265795885102
VALROAD_LNODE44,LOAD,NV,39.554011,-119.807156
VALROAD_LNODE46,LOAD,NV,39.55401099994213,-119.80703978911404
VALROAD_LNODE48,LOAD,NV,39.55393340284906,-119.80709789462202
VALROAD_LNODE49,LOAD,NV,39.55393340284906,-119.80721410537798
VALROAD_LNODE51,LOAD,NV,39.55401099994213,-119.80727221088596
VALROAD_LNODE54,LOAD,NV,39.554088597122,-119.80721410550798
VALROAD_LNODE62,LOAD,NV,39.554088597122,-119.80709789449202
VALR_WMS_LNODEOAD,LOAD,NWMT,48.279108,-112.094625
VALVIEW_LNODE-1,LOAD,NV,36.11507471829749,-115.189222
VALVIEW_LNODE-2,LOAD,NV,36.11499414083743,-115.18916441228471
VALVIEW_LNODE-3,LOAD,NV,36.11499414083743,-115.18927958771529
VALVISTA_LNODEDSO,LOAD,SRP,33.47226483649756,-111.759321
VALVISTA_LNODELD2,LOAD,SRP,33.472184081738746,-111.7592651064929
VALVISTA_LNODELD3,LOAD,SRP,33.472184081738746,-111.7593768935071
VAL_GS_GNODE5,GEN,LADWP,34.244991,-118.391327
VAL_GS_GNODE6,GEN,LADWP,34.24499099995149,-118.39121770062664
VAL_GS_GNODE7,GEN,LADWP,34.244900648832456,-118.39121770074397
VAL_GS_GNODE8,GEN,LADWP,34.244836760987816,-118.39129498701338
VAL_GS_LNODE5AUX,LOAD,LADWP,34.24482148241572,-118.3914027121072
VAL_GS_LNODE6AUX,LOAD,LADWP,34.24485277566131,-118.39150524618782
VAL_GS_LNODE7AUX,LOAD,LADWP,34.24491867043375,-118.39158002588233
VAL_GS_LNODE8AUX,LOAD,LADWP,34.245004060069334,-118.391615747079
VAL_LNODELSS,LOAD,LADWP,34.24509427625119,-118.39160977576542
VAL_LNODE_10,LOAD,EPE,31.618033,-106.285666
VAN SNDT_6_UNITGNODE,GEN,NV,39.245936382378424,-120.02737607759141
VANSH_BP_LNODEUD1,LOAD,BPAT,45.6191599999822,-122.63386199430937
VANSH_BP_LNODEUD2,LOAD,BPAT,45.6191599999822,-122.63399000569062
VANSYCLE_6_Z1GNODE,GEN,BPAT,45.924561,-118.607964
VASCO_6_N001,LOAD,CA,37.71132099998621,-121.71587984128799
VASCO_6_N003,LOAD,CA,37.71132099998621,-121.71599415871201
VASONA_2_N001,LOAD,CA,37.26,-121.9
VASR_GNODEASR,GEN,IPCO,43.963006,-117.258013
VAS_LNODEXF1,LOAD,PSE,47.43055599998065,-122.47048921771115
VAS_LNODEXF2,LOAD,PSE,47.43055599998065,-122.47062278228886
VAUGHNNW_LNODEOAD,LOAD,NWMT,47.56544,-111.539722
VA_7_VALENCIA_1GNODE,GEN,TEPC,32.07067039979734,-110.81362118432536
VA_7_VALENCIA_2GNODE,GEN,TEPC,32.07075281486134,-110.81357821455336
VA_7_VALENCIA_3GNODE,GEN,TEPC,32.07081837906126,-110.81350528311634
VA_7_VALENCIA_4GNODE,GEN,TEPC,32.070861035288395,-110.81341162711304
VA_7_VALENCIA_SOLRGNODE,GEN,TEPC,32.0708777773667,-110.813307152018
VA_LNODEDR9A,LOAD,APS,35.64474346,-112.1368461
VEDDER_1_N001,LOAD,CA,35.61,-118.96
VEGAS_LNODE-1,LOAD,NV,36.18652072003585,-115.27934
VEGAS_LNODE-2,LOAD,NV,36.186440139968205,-115.27928235793331
VEGAS_LNODE-3,LOAD,NV,36.186440139968205,-115.27939764206668
VEL_SUB_LNODEONA,LOAD,LADWP,34.01555411723447,-118.204
VEL_SUB_LNODEONB,LOAD,LADWP,34.01547294136984,-118.20394345800285
VEL_SUB_LNODEONC,LOAD,LADWP,34.01547294136984,-118.20405654199715
VENETIAN_LNODE-1,LOAD,NV,36.120473999987254,-115.16837858239232
VENETIAN_LNODE-2,LOAD,NV,36.120473999987254,-115.16848941760767
VENTU_SR_LNODELD2,LOAD,SRP,33.40875999998849,-111.73005528285547
VENTU_SR_LNODELD3,LOAD,SRP,33.40875999998849,-111.73016271714452
VENWIND_1_N101,GEN,CA,33.96,-116.63
VENWIND_1_N104,GEN,CA,33.93689999998809,-116.61555431790025
VERA_BP_LNODEINL,LOAD,BPAT,47.624716136627,-117.1971
VERA_BP_LNODEION,LOAD,BPAT,47.62463493166557,-117.197030438056
VERA_BP_LNODERIG,LOAD,BPAT,47.62463493166557,-117.197169561944
VERDE_LNODELD2,LOAD,SRP,33.548318,-111.666804
VERNON_6_N005,GEN,CA,33.998599999988066,-118.22184561149201
VERNON_6_N006,GEN,CA,33.998599999988066,-118.22195438850798
VESTAL_6_GN010,GEN,CA,36.028056,-119.074722
VESTAL_6_N001,LOAD,CA,35.85713659527842,-119.08872645400277
VESTAL_6_N002,GEN,CA,35.85695740462036,-119.08872645425265
VESTAL_6_N004,GEN,CA,35.85695740462036,-119.08894754574736
VESTAL_6_N006,GEN,CA,35.85713659527842,-119.08894754599723
VESTAL_6_N020,GEN,CA,35.797637,-119.285984
VICTORNW_LNODEK1L,LOAD,NWMT,46.420167,-114.144306
VICTOR_1_N001,LOAD,CA,38.145651267656454,-121.17732422029407
VICTOR_1_N063,GEN,CA,38.145470732231836,-121.17732422057811
VICTOR_6_N001,LOAD,CA,38.145470732231836,-121.17755377942188
VICTOR_6_N002,LOAD,CA,38.145651267656454,-121.17755377970593
VICTOR_7_N002,GEN,CA,34.512456,-117.477102
VICTOR_7_N004,GEN,CA,34.583398,-117.344582
VICTOR_R_LNODEOAD,LOAD,NWMT,46.44385,-114.134862
VIC_LNODEXF1,LOAD,PSE,47.453333,-122.218889
VIC_LNODE_10,LOAD,EPE,31.780212193042527,-106.385152
VIC_LNODE_11,LOAD,EPE,31.78013090346703,-106.38509679012985
VIC_LNODE_12,LOAD,EPE,31.78013090346703,-106.38520720987015
VIEJOSC_2_N001,LOAD,CA,36.578772821150025,-121.908968
VIEJOSC_2_N004,LOAD,CA,33.667334,-117.642727
VIEJO_6_N001,LOAD,CA,36.578692089410936,-121.90890995739635
VIEJO_6_N003,LOAD,CA,36.578692089410936,-121.90902604260364
VIERRA_1_N001,LOAD,CA,37.85,-121.24
VIEWLND_LNODE774,LOAD,SCL,47.705945,-122.350499
VIEWLND_LNODE775,LOAD,SCL,47.705944999921996,-122.35036501597831
VIEWLND_LNODE776,LOAD,SCL,47.705854837281784,-122.35036501621008
VIEWLND_LNODE777,LOAD,SCL,47.70579108273875,-122.3504597571045
VIEWLND_LNODE778,LOAD,SCL,47.70577583602712,-122.3505918111462
VIEWLND_LNODE779,LOAD,SCL,47.705807063928354,-122.35071750186677
VIEWLND_LNODE780,LOAD,SCL,47.70587282115976,-122.35080917019083
VIEWLND_LNODE781,LOAD,SCL,47.7059580326187,-122.35085295901526
VIEWLND_LNODE782,LOAD,SCL,47.70604806061166,-122.35084563934056
VIEWLND_LNODE783,LOAD,SCL,47.706130532587665,-122.35079149245807
VIEWLND_LNODE784,LOAD,SCL,47.7061961420964,-122.35069959012039
VIEWLND_LNODE785,LOAD,SCL,47.70623882780892,-122.35058157217492
VIEWLND_LNODE786,LOAD,SCL,47.70625558144355,-122.35044992077343
VIEWLND_LNODE787,LOAD,SCL,47.70624604724461,-122.35031668717316
VIEWLND_LNODE788,LOAD,SCL,47.70621202053038,-122.35019261014419
VIEWLND_LNODE789,LOAD,SCL,47.70615691637367,-122.35008656076572
VIEWLND_LNODE790,LOAD,SCL,47.70608525450515,-122.35000525058486
VIEWLND_LNODE791,LOAD,SCL,47.70600218908317,-122.34995314546309
VIK_LNODEXF1,LOAD,PSE,48.725,-122.480833
VILLAGN_LNODE-1,LOAD,NV,36.155954,-115.338702
VILLAPK_2_N028,GEN,CA,33.815674,-117.834504
VILLAPK_6_N005,GEN,CA,33.9001,-117.82905
VINA_6_N001,LOAD,CA,39.941614,-122.041739
VINCENT_2_N100,GEN,CA,34.488233999987784,-118.11770414199054
VINCENT_2_N101,GEN,CA,34.488233999987784,-118.11781385800946
VINEYARD_2_N001,LOAD,CA,37.66967326170019,-121.85436
VINEYARD_2_N002,LOAD,CA,37.66959186913507,-121.85430063276966
VINEYARD_6_N001,LOAD,CA,37.66959186913507,-121.85441936723034
VIRGINIA_LNODE18,LOAD,NV,39.31024,-119.645295
VISTRA3_7_N001,GEN,CA,36.8049188429879,-121.78296786935991
VISTRA3_7_N002,GEN,CA,36.8048409999472,-121.78291173883393
VISTRA3_7_N003,GEN,CA,36.804763156985686,-121.78296786947402
VISTRA_7_N004,GEN,CA,36.804763156985686,-121.78308013052597
VISTRA_7_N008,GEN,CA,36.8048409999472,-121.78313626116606
VISTRA_7_N009,GEN,CA,36.8049188429879,-121.78308013064009
VIS_LNODEXF2,LOAD,PSE,48.877778,-122.590556
VIS_LNODE_10,LOAD,EPE,31.776811222693684,-106.31287987497184
VIS_LNODE_11,LOAD,EPE,31.776732999956145,-106.31282675003354
VIS_LNODE_12,LOAD,EPE,31.776654777284495,-106.3128798750617
VIS_LNODE_13,LOAD,EPE,31.776654777284495,-106.3129861249383
VIS_LNODE_14,LOAD,EPE,31.776732999956145,-106.31303924996645
VIS_LNODE_15,LOAD,EPE,31.776811222693684,-106.31298612502816
VIT_LNODEXF1,LOAD,PSE,47.762221999980504,-122.17521097119581
VIT_LNODEXF2,LOAD,PSE,47.762221999980504,-122.17534502880419
VLYCGEN_7_N002,GEN,CA,33.23206299998846,-117.00223145053211
VLYCGEN_7_N003,GEN,CA,33.23206299998846,-117.0023385494679
VLYCGEN_7_VCEBT1N,GEN,CA,33.261713,-117.034897
VLYCGEN_7_VCEBT2N,GEN,CA,33.227236,-117.017744
VL_LNODE10A,LOAD,APS,33.385366666641815,-112.58984961325675
VL_LNODE12A,LOAD,APS,33.385187333265755,-112.58984961347825
VL_LNODER1A,LOAD,APS,33.385187333265755,-112.59006438652175
VL_LNODER5A,LOAD,APS,33.385366666641815,-112.59006438674325
VN_SUB_LNODEONA,LOAD,LADWP,34.18009031354033,-118.44489083013903
VN_SUB_LNODEONB,LOAD,LADWP,34.17990968636295,-118.44489083037274
VN_SUB_LNODEONC,LOAD,LADWP,34.17990968636295,-118.44510916962726
VN_SUB_LNODEOND,LOAD,LADWP,34.18009031354033,-118.44510916986097
VOLTA1_7_B1,GEN,CA,40.459111,-121.86708
VOLTA2_7_N002,GEN,CA,40.45193,-121.86215
VOLTA_6_N010,GEN,CA,40.435479,-121.734581
VOYAGN2_7_N001,GEN,CA,35.04956514063092,-118.276216
VOYAGN3_7_N001,GEN,CA,35.04948392967118,-118.27615872668764
VOYAGN4_7_N001,GEN,CA,35.04948392967118,-118.27627327331236
VOYAGN5_7_N001,GEN,CA,35.059166,-118.291944
VRGNA_CY_LNODEOAD,LOAD,NWMT,45.298814,-111.953542
VR_LNODE12A,LOAD,APS,33.58690378564711,-112.3433280900371
VR_LNODE13A,LOAD,APS,33.58682599995324,-112.34327418017142
VR_LNODEDR2A,LOAD,APS,33.586748214329496,-112.34332809013432
VR_LNODER1A,LOAD,APS,33.586748214329496,-112.34343590986569
VR_LNODER4A,LOAD,APS,33.58682599995324,-112.34348981982858
VR_LNODER9A,LOAD,APS,33.58690378564711,-112.34343590996289
VSTA_1_GN001,GEN,CA,34.041253,-117.320727
VSTA_1_N001,LOAD,CA,34.04125299995202,-117.32061812723687
VSTA_1_N018,GEN,CA,34.041162784246346,-117.320727
VSTA_6_N001,LOAD,CA,34.04125299995202,-117.32083587276313
VSTA_6_N008,GEN,CA,34.04134321575355,-117.320727
VS_LNODE10A,LOAD,APS,32.938992,-111.739908
VS_LNODE12A,LOAD,APS,32.938991999954666,-111.73980131856499
VS_LNODE13A,LOAD,APS,32.93891446265897,-111.73985465932927
VS_LNODE14A,LOAD,APS,32.93891446265897,-111.73996134067073
VS_LNODEFDR5,LOAD,APS,32.938991999954666,-111.74001468143501
VS_LNODER4A,LOAD,APS,32.939069537318375,-111.73996134076428
VS_LNODER6A,LOAD,APS,32.939069537318375,-111.73985465923572
VWY_LNODEXF1,LOAD,PSE,48.806111,-122.346389
W TRACY_GNODE 8,GEN,NV,39.561105,-119.528355
W TRACY_GNODE 9,GEN,NV,39.5611049999421,-119.5282387726956
W TRACY_GNODE10,GEN,NV,39.56101539505035,-119.528355
WAB_LNODEXF1,LOAD,PSE,47.225556,-122.101111
WADDELL_2_CAPPUMPGENGNODE,GEN,WALC,33.847021,-112.266104
WADHAM_7_B1,GEN,CA,39.106766,-122.10948
WADSWRTH_LNODETH,LOAD,NV,39.652108,-119.32994
WAFER_BP_LNODEXF1,LOAD,BPAT,45.62100499998219,-122.4533489920437
WAFER_BP_LNODEXF2,LOAD,BPAT,45.62100499998219,-122.4534770079563
WAFER_LNODELD1,LOAD,SRP,33.331467999988455,-111.87582735959323
WAFER_LNODELD2,LOAD,SRP,33.331467999988455,-111.87593464040677
WAGNE_BP_LNODEPER,LOAD,BPAT,47.642056,-118.742279
WAHTOKE_1_N001,LOAD,CA,36.61618299998699,-119.452409104289
WAHTOKE_1_N002,LOAD,CA,36.61618299998699,-119.45252089571099
WAIKIKI_1_13_1LNODE,LOAD,AVA,47.75729999998051,-117.43263297436374
WAIKIKI_1_13_2LNODE,LOAD,AVA,47.75729999998051,-117.43276702563625
WALAW_BP_LNODEALA,LOAD,BPAT,46.068682750308774,-118.40635463857767
WALAW_BP_LNODEALT,LOAD,BPAT,46.068503249545266,-118.40635463899834
WALAW_BP_LNODEPRI,LOAD,BPAT,46.068503249545266,-118.40661336100166
WALAW_BP_LNODEREA,LOAD,BPAT,46.068682750308774,-118.40661336142233
WALDORF_LNODELD1,LOAD,NWMT,46.963072,-114.201939
WALKER_LNODELD2,LOAD,SRP,33.218683,-111.744108
WALLACE_1_XFMRLNODE,LOAD,AVA,47.4879,-115.8984
WALNC_BP_LNODEINN,LOAD,BPAT,45.209457,-123.223046
WALNUTEC_1_UNIT1GNODE,GEN,TIDC,37.49021192448227,-120.906695432527
WALNUTEC_1_UNIT3GNODE,GEN,TIDC,37.490211924427584,-120.90658150339804
WALNUTEC_6_UNIT2GNODE,GEN,TIDC,37.49012152658023,-120.906695432527
WALNUTGT_6_UNIT1GNODE,GEN,TIDC,37.490211924427584,-120.90680936165596
WALNUTGT_6_UNIT2GNODE,GEN,TIDC,37.49030232238425,-120.906695432527
WALNUT_6_N001,LOAD,CA,34.00840381020035,-117.94966020073771
WALNUT_6_N007,GEN,CA,34.00840381020035,-117.9498777992623
WALNUT_6_N008,GEN,CA,34.00858418970378,-117.94987779949341
WALNUT_6_N011,GEN,CA,33.930594,-117.886428
WALTON_LNODE115,LOAD,BPAT,44.033404,-123.590902
WALTVILE_6_G01GNODE,GEN,BPAT,44.06913,-122.8354
WAPATOTP_FDR1LNODE,LOAD,TPWR,47.20182,-122.434
WAPATOTP_FDR2LNODE,LOAD,TPWR,47.201819999922876,-122.43386689865001
WAPATOTP_FDR3LNODE,LOAD,TPWR,47.20172956847029,-122.43386689887689
WAPATOTP_FDR4LNODE,LOAD,TPWR,47.20166562384736,-122.43396101563062
WAPATOTP_FDR5LNODE,LOAD,TPWR,47.201650331679446,-122.43409219972115
WAPATOTP_FDR6LNODE,LOAD,TPWR,47.201681652686545,-122.43421706240937
WAPATOTP_FDR7LNODE,LOAD,TPWR,47.20174760597076,-122.43430812683066
WAPATOTP_FDR8LNODE,LOAD,TPWR,47.201833071482284,-122.43435162717172
WARD_LNODELD1,LOAD,SRP,33.42334309230973,-111.91093215989515
WARD_LNODELD2,LOAD,SRP,33.42334309230973,-111.91104384010484
WARENCYN_6_N001,LOAD,CA,33.01545499998868,-117.00226861385794
WARENCYN_6_N002,LOAD,CA,33.01545499998868,-117.00237538614206
WARMSPG_LNODE-1,LOAD,NV,38.19010014111007,-116.369329
WARMSPG_LNODE-2,LOAD,NV,38.19001892942985,-116.36926934390843
WARMSPG_LNODE-3,LOAD,NV,38.19001892942985,-116.36938865609157
WARNE1_7_B1,GEN,CA,34.68529999998766,-118.78804501805826
WARNE2_7_B1,GEN,CA,34.68529999998766,-118.78815498194174
WARNERS_6_N001,LOAD,CA,33.247186,-116.675942
WARNER_LNODERV1,LOAD,BPAT,41.50091505739131,-120.533072
WARNER_LNODERV3,LOAD,BPAT,41.50083397128745,-120.53300949206302
WARNER_LNODESC1,LOAD,BPAT,41.50083397128745,-120.53313450793698
WARRE_BP_LNODEELL,LOAD,BPAT,45.81949899998198,-122.88846672222407
WARRE_BP_LNODESS,LOAD,BPAT,45.81949899998198,-122.88859527777593
WASCO_7_N008,LOAD,CA,39.77617274317707,-122.10383
WASHBURN_LNODE-1,LOAD,NV,36.25302772659709,-115.190361
WASHBURN_LNODE-2,LOAD,NV,36.25294713668757,-115.19030330186094
WASHBURN_LNODE-3,LOAD,NV,36.25294713668757,-115.19041869813907
WASHNGTN_LNODE-1,LOAD,NV,36.18224453290579,-115.06124007427307
WASHNGTN_LNODE-2,LOAD,NV,36.18206546699187,-115.06124007452664
WASHNGTN_LNODE-3,LOAD,NV,36.18206546699187,-115.06146192547337
WASHNGTN_LNODE-4,LOAD,NV,36.18224453290579,-115.06146192572693
WASHNGT_LNODEDR1,LOAD,TIDC,37.4893772928244,-120.903967825898
WASHNGT_LNODEDR2,LOAD,TIDC,37.4895172164325,-120.904092990936
WASHNGT_LNODEDR3,LOAD,TIDC,37.4894692627508,-120.903968029781
WASHNGT_LNODEDR4,LOAD,TIDC,37.489297130992,-120.993988447763
WASHNGT_LNODEDR5,LOAD,TIDC,37.4894207521695,-120.904091725093
WASHNGT_LNODEDR6,LOAD,TIDC,37.4892474344412,-120.904090188054
WASHNGT_LNODEDR7,LOAD,TIDC,37.4892029595549,-120.903964429204
WASHNGT_LNODER15,LOAD,TIDC,37.4893341220127,-120.90409199878
WASHTUCN_1_WASHTUCNALNODE,LOAD,AVA,46.7511,-118.314
WASHW_BP_LNODEWAY,LOAD,BPAT,46.1323,-122.9627
WASSE_SR_LNODELD3,LOAD,SRP,33.60135199998832,-112.23827507360096
WASSE_SR_LNODELD4,LOAD,SRP,33.60135199998832,-112.23838292639904
WAST2EGY_1_1GNODE,GEN,AVA,47.62645,-117.504483
WATERST_LNODE-1,LOAD,NV,36.04123972231381,-114.989242
WATERST_LNODE-2,LOAD,NV,36.04115913882933,-114.98918446203004
WATERST_LNODE-3,LOAD,NV,36.04115913882933,-114.98929953796996
WATKI_SR_LNODELD2,LOAD,SRP,33.146557,-111.515587
WATRSHED_6_N001,LOAD,CA,37.487815,-122.310237
WAUKENA_7_N003,GEN,CA,36.138333,-119.573333
WAUNA_2_JRWGNODE,GEN,BPAT,46.15482978677876,-123.41108016752982
WAUNA_GWNAGNODE,GEN,BPAT,46.15475199992666,-123.41101533524292
WAUNA_LNODEMR1,LOAD,BPAT,46.15467421318444,-123.4110801677131
WAUNA_LNODENA1,LOAD,BPAT,46.15467421318444,-123.4112098322869
WAUNA_LNODENA2,LOAD,BPAT,46.15475199992666,-123.41127466475707
WAUNA_LNODENA3,LOAD,BPAT,46.15482978677876,-123.41120983247018
WAU_LNODEXF2,LOAD,PSE,47.311944,-122.240278
WAYNE_PM_LNODEOAD,LOAD,NWMT,47.479558,-110.95855
WAY_LNODEXF1,LOAD,PSE,47.749722,-122.212222
WB_LNODE10A,LOAD,APS,33.98426216982072,-112.73909125562936
WB_LNODE14A,LOAD,APS,33.98408183008365,-112.73909125586009
WB_LNODER2A,LOAD,APS,33.98408183008365,-112.7393087441399
WB_LNODER6A,LOAD,APS,33.98426216982072,-112.73930874437063
WCA_LNODEXF1,LOAD,PSE,47.289444,-122.329722
WCKR_LNODEWR1,LOAD,PGE,45.57467299998219,-122.75473604754939
WCKR_LNODEWR2,LOAD,PGE,45.57467299998219,-122.7548639524506
WCND_LNODEBR1,LOAD,PGE,45.07428399998241,-122.97201247417911
WCND_LNODEBR2,LOAD,PGE,45.07428399998241,-122.9721395258209
WDBN_LNODEBR1,LOAD,PGE,45.136565999982345,-122.83836843601439
WDBN_LNODEBR2,LOAD,PGE,45.136565999982345,-122.8384955639856
WDH_GNODEUNIT,GEN,PSE,47.026944,-120.219722
WDT273_7_N004,GEN,CA,34.323889,-118.503056
WDT273_7_N005,GEN,CA,34.32388899995129,-118.50294655296322
WDT273_7_N006,GEN,CA,34.323798611712846,-118.503056
WDT273_7_N007,GEN,CA,34.32388899995129,-118.50316544703678
WDT273_7_N008,GEN,CA,34.32397938828714,-118.503056
WDWLMON1_7_N001,GEN,CA,35.09912399998749,-118.33449387882112
WDWLMON2_7_N001,GEN,CA,35.09912399998749,-118.33460412117887
WD_LNODE12A,LOAD,APS,33.595886,-112.447063
WD_LNODE13A,LOAD,APS,33.5958859999532,-112.44695515962894
WD_LNODE17A,LOAD,APS,33.595796173132776,-112.44695515974126
WD_LNODE18A,LOAD,APS,33.59573265602162,-112.44703141434276
WD_LNODE1A,LOAD,APS,33.59571746611011,-112.44713770145502
WD_LNODEFDR10A,LOAD,APS,33.59574857776731,-112.4472388668452
WD_LNODEFDR4,LOAD,APS,33.59581409016279,-112.44731264832731
WD_LNODER9A,LOAD,APS,33.59589898429313,-112.44734789268546
WEBBE_SR_LNODELD2,LOAD,SRP,33.27637499998847,-111.51618141114031
WEBBE_SR_LNODELD3,LOAD,SRP,33.27637499998847,-111.5162885888597
WEBB_LNODEBXFR,LOAD,WALC,31.729633999989193,-109.70369888634582
WEBB_LNODETONE,LOAD,WALC,31.729633999989193,-109.70380511365418
WEBER1_6_N002,GEN,CA,37.833056,-121.184167
WEBER_6_N001,LOAD,CA,37.919828,-121.240232
WEC_SY_LNODEUX1,LOAD,TIDC,37.4878752249074,-120.89565231921667
WEC_SY_LNODEUX2,LOAD,TIDC,37.4878752249074,-120.89576624369113
WEILE_SR_LNODED31,LOAD,SRP,33.41637881243881,-111.970696
WEILE_SR_LNODED41,LOAD,SRP,33.41629809376814,-111.9706401674518
WEILE_SR_LNODELD1,LOAD,SRP,33.41629809376814,-111.97075183254819
WEIPPE_1_WEIPPELNODE,LOAD,AVA,46.4059,-115.9187
WELBO_SR_LNODELD2,LOAD,SRP,33.41941267334594,-112.18859572806147
WELBO_SR_LNODELD3,LOAD,SRP,33.41941267334594,-112.18848827193854
WELFLDPM_LNODELPMP,LOAD,WALC,34.16127269818337,-114.38198913123861
WELFLDPM_LNODERALS,LOAD,WALC,34.16145330172,-114.38198913147205
WELS_2_GNODE1,GEN,PGE,47.94799999998044,-119.86606714509027
WELS_LNODE132,LOAD,IPCO,41.112096,-114.978693
WELTONL_LNODELM69,LOAD,WALC,32.395891999989054,-114.15563881731404
WELTONL_LNODEWM2,LOAD,WALC,32.395891999989054,-114.15574518268596
WELTONW_LNODEMPP1,LOAD,WALC,32.443898,-114.193765
WELTONW_LNODEMPP2,LOAD,WALC,32.382669,-114.125438
WEMRSWS_6_N001,LOAD,CA,39.035984,-120.987909
WENDS_BP_LNODEERV,LOAD,BPAT,44.007498,-124.010976
WESCAN_7_N002,GEN,CA,32.730467,-115.722544
WESR_1_BSP1GNODE,GEN,IPCO,32.64717095596591,-114.4306842162867
WESR_LNODE015A,LOAD,IPCO,32.64726045287019,-114.43067840069095
WESR_LNODE016A,LOAD,IPCO,32.64734243827715,-114.4306353815044
WESTC_SR_LNODELD1,LOAD,SRP,33.47008972584536,-112.3
WESTGTE_FDR1LNODE,LOAD,TPWR,47.269520417779326,-122.51790674852778
WESTGTE_FDR2LNODE,LOAD,TPWR,47.26933958206627,-122.51790674898305
WESTGTE_FDR3LNODE,LOAD,TPWR,47.26933958206627,-122.51817325101695
WESTGTE_FDR4LNODE,LOAD,TPWR,47.269520417779326,-122.51817325147222
WESTLANE_6_N001,LOAD,CA,37.990674,-121.282373
WESTLNDS_1_N001,LOAD,CA,36.3999999999871,-120.31994434326373
WESTLNDS_1_N019,LOAD,CA,36.3999999999871,-120.32005565673627
WESTMORE_LNODEOAD,LOAD,NWMT,45.804543,-107.078303
WESTM_BP_LNODE2KV,LOAD,BPAT,44.039840059982794,-123.12976279875333
WESTM_BP_LNODEKV2,LOAD,BPAT,44.039840059982794,-123.12988860124666
WESTPARK_1_N001,LOAD,CA,35.374163973003284,-119.039839
WESTPARK_1_N005,LOAD,CA,35.374083013484764,-119.03978167527592
WESTPARK_1_N009,LOAD,CA,35.374083013484764,-119.03989632472408
WESTPLAT_1_N001,LOAD,CA,35.42,-119.3
WESTPNT_7_B2,GEN,CA,38.44477699421626,-120.51692072280153
WESTPORT_LNODEDR1,LOAD,TIDC,37.5225825838401,-120.993998352649
WESTPORT_LNODEDR3,LOAD,TIDC,37.5223769944682,-120.993990429526
WESTPORT_LNODEDR5,LOAD,TIDC,37.5225172095941,-120.993995815213
WESTPORT_LNODEDR7,LOAD,TIDC,37.5224455031416,-120.903973009416
WESTROCK_BK1LNODE,GEN,TPWR,47.264569999980665,-122.42673337957666
WESTROCK_BK2LNODE,GEN,TPWR,47.264569999980665,-122.42686662042334
WESTW_SR_LNODELD1,LOAD,SRP,33.5110338543333,-112.108838
WESTW_SR_LNODELD3,LOAD,SRP,33.51095307282073,-112.10878206293712
WESTW_SR_LNODELD4,LOAD,SRP,33.51095307282073,-112.10889393706287
WES_INA_LNODEC31,LOAD,TEPC,32.336314,-111.061442
WES_INA_LNODEC39,LOAD,TEPC,32.336313999955436,-111.0613356442838
WES_INA_LNODEDIST1,LOAD,TEPC,32.33622413761008,-111.061442
WES_INA_LNODEDIST2,LOAD,TEPC,32.336313999955436,-111.0615483557162
WES_INA_LNODEDIST4,LOAD,TEPC,32.33640386239017,-111.061442
WES_WING_LNODE135S2,LOAD,TEPC,33.70595326998823,-112.31919725273468
WES_WING_LNODE14LD,LOAD,TEPC,33.70595326998823,-112.31930534726531
WEW_2_WHEATRDG_Z01GNODE,GEN,BPAT,45.78392799998203,-120.53603622573993
WEYR1_BP_LNODEFMR,LOAD,BPAT,44.05470655,-122.9604962
WEYR3_BP_LNODEXF2,LOAD,BPAT,44.05641907998274,-122.95883228251994
WEYR3_BP_LNODEXF3,LOAD,BPAT,44.05641907998274,-122.95895811748007
WEYRHSR3_1_G01GNODE,GEN,BPAT,44.063,-122.983
WEY_LNODEXF1,LOAD,PSE,47.314444,-122.289444
WG_LNODE10A,LOAD,APS,33.407035999988395,-112.84210428461935
WG_LNODE12A,LOAD,APS,33.407035999988395,-112.84221171538064
WH2_GNODEGEN2,GEN,PSE,48.886069,-122.751907
WH3_GNODEGEN3,GEN,PSE,48.886297,-122.751907
WHDPAN2_7_N102,GEN,CA,36.6535,-120.5783
WHEATFLD_2_Z1GNODE,GEN,BPAT,45.667793,-120.323883
WHEATLND_6_N001,LOAD,CA,39.013055,-121.418524
WHEATLND_6_N006,GEN,CA,39.072905,-121.399237
WHEELBR1_7_B1,GEN,CA,40.43,-122.27
WHEELER_6_N001,LOAD,CA,35.089761,-118.976591
WHEEL_SR_LNODELD1,LOAD,SRP,33.59999999998826,-111.699946075139
WHEEL_SR_LNODELD2,LOAD,SRP,33.59999999998826,-111.700053924861
WHELRGPP_2_N004,GEN,CA,35.06,-119.02
WHISMAN_1_N001,LOAD,CA,37.40491321634772,-122.068856
WHISMAN_1_N004,LOAD,CA,37.404831891811426,-122.06879689262591
WHISMAN_1_N009,LOAD,CA,37.404831891811426,-122.06891510737408
WHITB_BP_LNODERV3,LOAD,BPAT,46.362429,-119.361757
WHITC_BP_LNODE341,LOAD,BPAT,45.812271,-120.347535
WHITC_BP_LNODE342,LOAD,BPAT,45.81227099992796,-120.34740646584328
WHITC_BP_LNODEDR3,LOAD,BPAT,45.81218141013657,-120.34740646605005
WHITC_BP_LNODEDR4,LOAD,BPAT,45.81211806065344,-120.34749735332049
WHITECRK_1_G01GNODE,GEN,BPAT,45.81210291081402,-120.34762403602812
WHITECRK_1_G02GNODE,GEN,BPAT,45.81213394032048,-120.34774461423639
WHITECRK_1_G03GNODE,GEN,BPAT,45.81219927977753,-120.34783255389699
WHITECRK_1_Z1GNODE,GEN,BPAT,45.81228394985369,-120.34787456155497
WHITECRK_1_Z2GNODE,GEN,BPAT,45.81237340585171,-120.3478675395715
WHITECRK_1_Z3GNODE,GEN,BPAT,45.81245535383112,-120.34781559511576
WHITEH_3_WINDNPRAGNODE,GEN,WALC,35.79087999998738,-114.50445775202242
WHITEH_3_WINDNPRBGNODE,GEN,WALC,35.79087999998738,-114.50456824797757
WHITEWTR_7_B1,GEN,CA,33.932426,-116.612
WHITHALL_LNODEOAD,LOAD,NWMT,45.867817,-112.099417
WHITHL_R_LNODEOAD,LOAD,NWMT,45.868704,-112.086866
WHITMORE_6_N001,LOAD,CA,40.628753,-121.915711
WHITNEY_LNODE-1,LOAD,NV,36.086162531899,-115.04660221125182
WHITNEY_LNODE-2,LOAD,NV,36.08598346799897,-115.04660221150418
WHITNEY_LNODE-3,LOAD,NV,36.08598346799897,-115.04682378849581
WHITNEY_LNODE-4,LOAD,NV,36.086162531899,-115.04682378874817
WHITS_SS_LNODEOAD,LOAD,NWMT,46.535393,-110.905046
WHSKYTWN_2_UNIT9GNODE,GEN,BANC,40.597643,-122.538623
WHS_1_STRVRIDG_G01GNODE,GEN,BPAT,43.51719999998312,-119.13346222997512
WHT_GNODE1,GEN,BANC,38.7651519999859,-120.78705045228318
WHT_GNODE2,GEN,BANC,38.7651519999859,-120.78716554771682
WICKES_1_WICKESLNODE,LOAD,AVA,45.9375,-116.1423
WICKS_LN_LNODEK1L,LOAD,NWMT,45.82672699998197,-108.51679471146419
WICKS_LN_LNODEK2L,LOAD,NWMT,45.82672699998197,-108.5169232885358
WIGWAM_LNODE-1,LOAD,NV,36.03330172309489,-115.086343
WIGWAM_LNODE-2,LOAD,NV,36.03322113843882,-115.08628546699285
WIGWAM_LNODE-3,LOAD,NV,36.03322113843882,-115.08640053300715
WILAK_BP_LNODE2KV,LOAD,BPAT,44.08225,-123.049215
WILAP_BP_LNODEPCP,LOAD,BPAT,46.664174,-123.776617
WILBUR_1_BPAT_WILBURLNODE,LOAD,AVA,47.7631,-118.7004
WILDWOOD_1_N001,LOAD,CA,40.387138,-123.045061
WILKINS_6_N001,LOAD,CA,39.00552,-121.867233
WILKI_SR_LNODELD1,LOAD,SRP,33.39331967183338,-111.97884359721343
WILKI_SR_LNODELD2,LOAD,SRP,33.39314032807406,-111.97884359743504
WILKI_SR_LNODELD3,LOAD,SRP,33.39314032807406,-111.97905840256496
WILLARD_1_HIGHLONEWFGNODE,GEN,PNM,34.472717,-105.96719
WILLARD_3_HIGHLONESOMEGNODE,GEN,APS,34.939423054240834,-110.30386804098592
WILLA_BP_LNODE2KV,LOAD,BPAT,44.05175874998271,-123.08249108704979
WILLA_BP_LNODEKV2,LOAD,BPAT,44.05175874998271,-123.08261691295021
WILLIAMS_6_N002,LOAD,CA,39.15758,-122.14762
WILLIAMS_7_N001,GEN,CA,39.14578,-122.11858
WILLITS_6_N001,LOAD,CA,39.405666,-123.327366
WILLI_SR_LNODELD3,LOAD,SRP,33.39331967183338,-111.97905840278658
WILLMFLD_LNODELD1,LOAD,SRP,33.30426599998849,-111.67504338538987
WILLMFLD_LNODELD2,LOAD,SRP,33.30426599998849,-111.67515061461013
WILLOWCK_LNODEOAD,LOAD,NWMT,45.829966,-111.641599
WILLOWS_6_N001,LOAD,CA,39.531805,-122.185874
WILLO_BP_LNODEFMR,LOAD,BPAT,44.041143,-123.165564
WILSON_LNODE-1,LOAD,NV,36.00271899998731,-115.0906356565233
WILSON_LNODE-2,LOAD,NV,36.00271899998731,-115.0907463434767
WILSPR2_7_N001,GEN,CA,34.847625,-118.328022
WILS_LNODE015A,LOAD,IPCO,43.721371,-116.641919
WILS_LNODE016A,LOAD,IPCO,43.72137099993182,-116.6417939476273
WILS_LNODE017A,LOAD,IPCO,43.721280623474705,-116.641919
WILS_LNODE018A,LOAD,IPCO,43.72137099993182,-116.6420440523727
WILS_LNODEILS,LOAD,IPCO,43.72146137652525,-116.641919
WIL_SUB_LNODEONB,LOAD,LADWP,33.797999999988214,-118.25794584458627
WIL_SUB_LNODEONC,LOAD,LADWP,33.797999999988214,-118.25805415541372
WINDGAP_2_N003,GEN,CA,35.01,-118.99
WINDHAM_LNODEMPC,LOAD,NWMT,47.08375799998083,-110.05189559398616
WINDHAM_LNODEREA,LOAD,NWMT,47.08375799998083,-110.05202840601383
WINDS_BP_LNODENV1,LOAD,BPAT,45.22756062290443,-123.16559974756454
WINDS_BP_LNODENV2,LOAD,BPAT,45.22738137695422,-123.16559974796583
WINDS_BP_LNODENV3,LOAD,BPAT,45.22738137695422,-123.16585425203418
WINDS_BP_LNODENV4,LOAD,BPAT,45.22756062290443,-123.16585425243545
WINNCOOK_LNODEOAD,LOAD,NWMT,46.411708,-109.684184
WINNMCCA_LNODE01,LOAD,NV,40.945464,-117.71522
WINNMCCA_LNODE02,LOAD,NV,40.945463999938084,-117.71510028201685
WINNMCCA_LNODE05,LOAD,NV,40.945385687882094,-117.71516014107941
WINNMCCA_LNODE06,LOAD,NV,40.945385687882094,-117.7152798589206
WINNMCCA_LNODE15,LOAD,NV,40.945463999938084,-117.71533971798316
WINNMCCA_LNODE55,LOAD,NV,40.945542312086886,-117.71527985906256
WINNMCCA_LNODEER,LOAD,NV,40.945542312086886,-117.71516014093744
WINSO_SR_LNODELD1,LOAD,SRP,33.35368823418724,-111.94269245308462
WINSO_SR_LNODELD2,LOAD,SRP,33.35377295829178,-111.94272752870005
WINTEC6_7_N001,GEN,CA,33.9103771069225,-116.5454925742234
WINTERS_6_N001,LOAD,CA,38.517708,-121.951331
WINTERWD_LNODE-1,LOAD,NV,36.143338,-115.048741
WINTERWD_LNODE-2,LOAD,NV,36.14333799994887,-115.04863013230583
WINTERWD_LNODE-3,LOAD,NV,36.14324846945986,-115.048741
WINTERWD_LNODE-7,LOAD,NV,36.14333799994887,-115.04885186769417
WINTERWD_LNODE-8,LOAD,NV,36.14342753054009,-115.04874099999999
WIN_LNODEXF1,LOAD,PSE,47.621667,-122.548333
WISDOM_R_LNODEOAD,LOAD,NWMT,45.23620499998237,-112.74237063253153
WISE1_7_B1,GEN,CA,38.890363999985894,-121.09754440717556
WISE2_7_B1,GEN,CA,38.890363999985894,-121.09765959282444
WISHON1_7_B2,GEN,CA,37.15114019047573,-119.50461084389731
WISHON1_7_B3,GEN,CA,37.15095980941666,-119.50461084416723
WISHON2_7_B2,GEN,CA,37.15095980941666,-119.50483715583277
WISHON2_7_B3,GEN,CA,37.15114019047573,-119.5048371561027
WIS_LNODEXF1,LOAD,PSE,47.530556,-122.041944
WJDY_LNODE131,LOAD,IPCO,44.42069999998262,-118.98447780281889
WJDY_LNODE132,LOAD,IPCO,44.42069999998262,-118.9846041971811
WK_LNODE10A,LOAD,APS,33.666967888522784,-112.25845999640433
WK_LNODE11A,LOAD,APS,33.66678811138335,-112.25845999663005
WK_LNODER8A,LOAD,APS,33.66678811138335,-112.25867600336994
WK_LNODER9A,LOAD,APS,33.666967888522784,-112.25867600359567
WLCH_LNODEBR1,LOAD,PGE,45.34541299998226,-121.95275627998333
WLCH_LNODEBR3,LOAD,PGE,45.34541299998226,-121.95288372001667
WLD ROSE_GNODEIT,GEN,NV,38.851598,-118.338629
WLF_LNODEFDR12,LOAD,APS,34.63225225914094,-112.36007
WLF_LNODER2A,LOAD,APS,34.63217087041624,-112.36001289158895
WLF_LNODER4A,LOAD,APS,34.63217087041624,-112.36012710841105
WLLC_LNODEBR1,LOAD,PGE,44.986378,-123.07608
WLMN_LNODEBR1,LOAD,PGE,45.06321299998248,-123.47705548063217
WLMN_LNODEBR2,LOAD,PGE,45.06321299998248,-123.47718251936782
WLNP_LNODEPER,LOAD,PGE,45.35543313041112,-122.61926622885645
WLSV_LNODEWR1,LOAD,PGE,45.31760874777921,-122.766769
WLSV_LNODEWR2,LOAD,PGE,45.317528126091275,-122.76670280482062
WLSV_LNODEWR3,LOAD,PGE,45.317528126091275,-122.76683519517937
WLS_LNODEXF1,LOAD,PSE,48.478056,-122.444722
WMGX_GNODEWMGX,GEN,APS,33.526828,-112.309302
WML_LNODER1A,LOAD,APS,34.838723,-111.929152
WM_LNODE13A,LOAD,APS,35.24373704359539,-112.190731
WM_LNODEM20,LOAD,APS,35.243655978188826,-112.19067369277097
WM_LNODER9A,LOAD,APS,35.243655978188826,-112.19078830722903
WNDMSTR_2_N001,GEN,CA,37.805,-121.6672
WNDSTRG1_7_B1,GEN,CA,35.054166999987494,-118.35466688772479
WNDSTRG2_7_B1,GEN,CA,35.054166999987494,-118.3547771122752
WNLK_GNODE131,GEN,IPCO,42.629275,-114.174457
WNP_2_GNODE1,GEN,PGE,46.874972885421954,-119.9710687014283
WNSTRGN1_7_N001,GEN,CA,32.672182,-115.620142
WN_3_REDHORSE_SOLRGNODE,GEN,TEPC,32.19197162247214,-110.20417474436076
WN_3_REDHORSE_WINDGNODE,GEN,TEPC,32.19197162247214,-110.20428525563925
WOB_LNODEXF2,LOAD,PSE,48.741389,-122.445833
WOD_LNODEXF1,LOAD,PSE,47.038889,-120.610278
WOHLER_6_N001,LOAD,CA,38.512048,-122.880906
WOLFE_1_N001,LOAD,CA,37.335142193117605,-122.020824
WOLFE_1_N002,LOAD,CA,37.335060903426545,-122.02076497287341
WOLFE_1_N007,LOAD,CA,37.335060903426545,-122.02088302712659
WOLFSKIL_7_B1,GEN,CA,38.211346,-122.131078
WOL_LNODEXF2,LOAD,PSE,47.044167,-122.928889
WOODACRE_6_N001,LOAD,CA,38.012118,-122.65455
WOODLAND_6_WGSUNIT1GNODE,GEN,BANC,37.652638089,-121.019488732
WOODLAND_7_B1,GEN,CA,38.689025,-121.737542
WOODLAND_7_WGSUNIT2_CTGNODE,GEN,BANC,37.65263808894495,-121.01937450727964
WOODLAND_7_WGSUNIT2_STGNODE,GEN,BANC,37.65254765394827,-121.01937450741875
WOODLAND_7_WGSUNIT3_AGNODE,GEN,BANC,37.65248370679923,-121.01945527642354
WOODLAND_7_WGSUNIT3_BGNODE,GEN,BANC,37.652468414040705,-121.01956785589306
WOODLAND_7_WGSUNIT3_CGNODE,GEN,BANC,37.65249973632327,-121.01967501043725
WOODLAND_7_WGSUNIT3_DGNODE,GEN,BANC,37.65256569225151,-121.01975315993242
WOODLAND_7_WGSUNIT3_EGNODE,GEN,BANC,37.652651161148185,-121.01979049086674
WOODLAND_7_WGSUNIT3_FGNODE,GEN,BANC,37.65274146108421,-121.01978425051091
WOODLD_1_N001,LOAD,CA,38.67823188725648,-121.760143
WOODLD_1_N005,LOAD,CA,38.67815105635662,-121.76008322082818
WOODLD_1_N012,LOAD,CA,38.67815105635662,-121.76020277917182
WOODLEAF_7_B1,GEN,CA,39.6,-121.18
WOODSIDE_6_N003,LOAD,CA,37.43624399998641,-122.2420270905538
WOODSIDE_6_N004,LOAD,CA,37.43624399998641,-122.24214090944619
WOODSIDE_LNODEOAD,LOAD,NWMT,46.324762,-114.153662
WOODWARD_1_N005,LOAD,CA,36.8966369999867,-119.74995475043866
WOODWARD_1_N006,LOAD,CA,36.8966369999867,-119.75006724956134
WOOD_SR_LNODELD1,LOAD,SRP,33.335559999988476,-111.84789535565595
WOOD_SR_LNODELD2,LOAD,SRP,33.335559999988476,-111.84800264434405
WOO_LNODEXF2,LOAD,PSE,47.161944,-122.315556
WORTM_SR_LNODELD3,LOAD,SRP,33.33142563365528,-111.750543
WPBART_1_GN001,GEN,CA,37.97,-121.86
WPBART_1_N001,LOAD,CA,38.02005420797604,-121.98
WPBART_1_N004,LOAD,CA,38.01997289599686,-121.97994040909197
WPBART_1_N026,LOAD,CA,38.01997289599686,-121.98005959090804
WPDD_7_TOT_GENGNODE,GEN,IPCO,42.527030542280244,-114.03726550255504
WPRT_LNODEWR1,LOAD,PGE,45.44180699998229,-122.74402319067366
WPRT_LNODEWR2,LOAD,PGE,45.44180699998229,-122.74415080932634
WP_GNODEWPCC1,GEN,APS,33.442968,-112.153289
WP_GNODEWPCC2,GEN,APS,33.44296799995364,-112.15318149479732
WP_GNODEWPCC3,GEN,APS,33.442878293870834,-112.1531814949085
WP_GNODEWPCC4CT,GEN,APS,33.44281486213377,-112.15325751251073
WP_GNODEWPCC4ST,GEN,APS,33.442799692639326,-112.15336346928358
WP_GNODEWPCC5CTA,GEN,APS,33.44283076247961,-112.1534643202522
WP_GNODEWPCC5CTB,GEN,APS,33.44289618681972,-112.15353787242061
WP_GNODEWPCC5ST,GEN,APS,33.44298096684305,-112.15357300723734
WP_GNODEWPGT1,GEN,APS,33.44307053895154,-112.15356713393314
WP_GNODEWPGT2,GEN,APS,33.44315259325323,-112.15352368780512
WP_LNODE12A,LOAD,APS,33.44321787045578,-112.15344994784651
WP_LNODE13A,LOAD,APS,33.443260339962045,-112.1533552535589
WP_LNODE14A,LOAD,APS,33.44327700875349,-112.153249620233
WP_LNODE30A,LOAD,APS,33.44326752288652,-112.15314271739388
WP_LNODER1A,LOAD,APS,33.443233668579126,-112.15304316146444
WP_LNODER3A,LOAD,APS,33.44317884358637,-112.15295807030844
WP_LNODER4A,LOAD,APS,33.44310754472087,-112.15289282907727
WP_LNODER5A,LOAD,APS,33.443024900012176,-112.1528510210829
WP_LNODER9A,LOAD,APS,33.442936261764736,-112.15283448283667
WQ_LNODER2A,LOAD,APS,34.429858,-112.61174
WRA_LNODE_10,LOAD,EPE,31.712505,-106.292891
WRA_LNODE_11,LOAD,EPE,31.7125049999562,-106.29278478184388
WRA_LNODE_12,LOAD,EPE,31.712414640596883,-106.292891
WRA_LNODE_13,LOAD,EPE,31.7125049999562,-106.29299721815612
WRA_LNODE_14,LOAD,EPE,31.712595359403174,-106.292891
WREN_LNODECPI,LOAD,BPAT,44.590715,-123.428337
WSA_LNODE10,LOAD,EPE,32.38884999998879,-106.47884881795535
WSA_LNODESBR,LOAD,EPE,32.38884999998879,-106.47895518204464
WSCOPRSN_1_N001,LOAD,CA,35.61,-119.37
WSCRMNO_1_N004,LOAD,CA,38.58939293336201,-121.545027
WSCRMNO_1_N013,LOAD,CA,38.58931203330379,-121.54496724378153
WSCRMNO_1_N201,LOAD,CA,38.58931203330379,-121.54508675621847
WSN_LNODEXF1,LOAD,PSE,47.535833,-121.812222
WSP_LNODE10A,LOAD,APS,34.52960926174804,-112.472914
WSP_LNODE12A,LOAD,APS,34.52952786911279,-112.47285695933145
WSP_LNODER2A,LOAD,APS,34.52952786911279,-112.47297104066855
WSTFRSO_1_N001,LOAD,CA,36.71841899998688,-119.81853697917856
WSTFRSO_1_N004,LOAD,CA,36.71841899998688,-119.81864902082144
WSTFRSO_1_N017,GEN,CA,36.680349,-119.799801
WSTLD1RA_1_N001,LOAD,CA,36.72,-120.72
WSTSDE_N_LNODE11,LOAD,NV,39.423578,-118.723404
WSTSDE_S_LNODE-3,LOAD,NV,36.15827453109204,-115.27848111044175
WSTSDE_S_LNODE-5,LOAD,NV,36.15809546880574,-115.278481110695
WSTSDE_S_LNODE-6,LOAD,NV,36.15809546880574,-115.27870288930501
WSTSDE_S_LNODE-7,LOAD,NV,36.15827453109204,-115.27870288955826
WS_LNODE14A,LOAD,APS,35.02273699998754,-110.69002189463767
WS_LNODER2A,LOAD,APS,35.02273699998754,-110.69013210536234
WTN_LNODE10A,LOAD,APS,33.436164,-112.542349
WTN_LNODE12A,LOAD,APS,33.43616399995362,-112.54224150903794
WTN_LNODER1A,LOAD,APS,33.43608631644093,-112.54229525456708
WTN_LNODER2A,LOAD,APS,33.43608631644093,-112.54240274543292
WTN_LNODER4A,LOAD,APS,33.43616399995362,-112.54245649096207
WTN_LNODER5A,LOAD,APS,33.43624168353587,-112.54240274552915
WTN_LNODER9A,LOAD,APS,33.43624168353587,-112.54229525447084
WTONOPH_LNODE06,LOAD,NV,38.069288999986036,-117.24259163809118
WTONOPH_LNODE07,LOAD,NV,38.069288999986036,-117.24270636190882
WTRACY_LNODES8,LOAD,NV,39.5611049999421,-119.5284712273044
WTRACY_LNODES9,LOAD,NV,39.561194604949534,-119.528355
WUNI_LNODEWR1,LOAD,PGE,45.569819999982144,-122.89792305319543
WUNI_LNODEWR2,LOAD,PGE,45.569819999982144,-122.89805094680457
WWR_LNODEXF1,LOAD,PSE,47.189722,-121.928333
WW_2_BESS2GNODE,GEN,APS,33.705699,-112.318532
WW_2_BESSGNODE,GEN,APS,33.705698999952936,-112.31842390606398
WW_LNODE17A,LOAD,APS,33.705621124186955,-112.31847795308099
WW_LNODE18A,LOAD,APS,33.705621124186955,-112.31858604691901
WW_LNODE20A,LOAD,APS,33.705698999952936,-112.31864009393603
WW_LNODE21A,LOAD,APS,33.70577687578952,-112.318586047017
WW_LNODE22A,LOAD,APS,33.70577687578952,-112.31847795298299
WYANDTTE_1_N001,LOAD,CA,39.491682744465926,-121.541161
WYANDTTE_1_N003,LOAD,CA,39.49160212775149,-121.54110068770393
WYANDTTE_1_N102,LOAD,CA,39.49160212775149,-121.54122131229607
WYEE_LNODE011A,LOAD,IPCO,43.60315921292931,-116.25547264099485
WYEE_LNODE015A,LOAD,IPCO,43.60308099993223,-116.25541028215186
WYEE_LNODE017A,LOAD,IPCO,43.603002787036786,-116.255472641157
WYEE_LNODE020A,LOAD,IPCO,43.603002787036786,-116.255597358843
WYEE_LNODE132,LOAD,IPCO,43.60308099993223,-116.25565971784815
WYEE_LNODE133,LOAD,IPCO,43.60315921292931,-116.25559735900514
WYNOOCHE_7_G71GNODE,GEN,TPWR,47.38329,-123.6074
WZ_LNODE10A,LOAD,APS,33.450622,-112.402676
WZ_LNODE13A,LOAD,APS,33.450621999953604,-112.40256847869966
WZ_LNODE2A,LOAD,APS,33.45054430746495,-112.40262223939799
WZ_LNODER2A,LOAD,APS,33.45054430746495,-112.40272976060201
WZ_LNODER4A,LOAD,APS,33.450621999953604,-112.40278352130034
WZ_LNODER5A,LOAD,APS,33.45069969251181,-112.40272976069834
WZ_LNODER9A,LOAD,APS,33.45069969251181,-112.40262223930166
W_APACHE_LNODELCOX,LOAD,WALC,32.033404,-109.533474
W_DAVIS_LNODEHUAL,LOAD,WALC,35.11421711014421,-114.335052
W_DAVIS_LNODE_BUL,LOAD,WALC,35.11413594491436,-114.33499471355614
W_DAVIS_LNODE_WST,LOAD,WALC,35.11413594491436,-114.33510928644385
W_KELSO_LNODEFMR,LOAD,BPAT,46.1505,-122.9174
W_KNOB_LNODELTER,LOAD,WALC,32.453729,-114.445503
W_MARANA_LNODET101,LOAD,WALC,32.2645819999887,-111.1811868265573
W_MARANA_LNODET102,LOAD,WALC,32.2645819999887,-111.1812931734427
W_SNROSA_LNODEALLA,LOAD,WALC,32.960553718574864,-111.9955
W_SNROSA_LNODEDUNN,LOAD,WALC,32.96047314070032,-111.9954445541187
W_SNROSA_LNODENALL,LOAD,WALC,32.96047314070032,-111.9955554458813
YAAK_BP_LNODE115,LOAD,BPAT,48.59958,-115.987674
YCAX_GNODEYCACC1A,GEN,APS,32.728324,-114.653682
YCCOGEN_7_B1,GEN,CA,39.137321,-121.643903
YELCOGEN_1_YC01GNODE,GEN,NWMT,46.990658999923546,-112.00562044084246
YELCOGEN_1_YC02GNODE,GEN,NWMT,46.99056857899116,-112.00562044106672
YELCOGEN_1_YC03GNODE,GEN,NWMT,46.99050464180671,-112.00571417443379
YELCOGEN_1_YC04GNODE,GEN,NWMT,46.990489351418,-112.00584482414494
YELCOGEN_1_YC05GNODE,GEN,NWMT,46.99052066878269,-112.00596917820317
YELCOGEN_1_YC06GNODE,GEN,NWMT,46.99058661439569,-112.00605987166965
YELCOGEN_1_YC07GNODE,GEN,NWMT,46.99067206996565,-112.00610319480695
YELCOGEN_1_YC08GNODE,GEN,NWMT,46.990762355864554,-112.00609595296099
YELCOGEN_1_YC09GNODE,GEN,NWMT,46.99084506409765,-112.00604238190027
YELCOGEN_1_YC10GNODE,GEN,NWMT,46.9909108615559,-112.0059514569072
YELCOGEN_1_YC11GNODE,GEN,NWMT,46.990953669548446,-112.0058346940442
YELCOGEN_1_YC12GNODE,GEN,NWMT,46.990970471177455,-112.00570444271686
YELCOGEN_1_YC13GNODE,GEN,NWMT,46.99096090966849,-112.00557262601684
YELCOGEN_1_YC14GNODE,GEN,NWMT,46.9909267854825,-112.0054498685065
YELCOGEN_1_YC15GNODE,GEN,NWMT,46.99087152347426,-112.00534494692123
YELCOGEN_1_YC16GNODE,GEN,NWMT,46.99079965632057,-112.00526450143262
YELCOGEN_1_YC17GNODE,GEN,NWMT,46.99071635294327,-112.00521295041125
YELCOGEN_1_YC18GNODE,GEN,NWMT,46.990627008317645,-112.00519255830287
YELOTAIM_LNODEOAD,LOAD,NWMT,45.321482,-107.945333
YELWPN1_7_N001,GEN,CA,36.05139999998729,-115.75184462779377
YELWPN1_7_N002,GEN,CA,36.05139999998729,-115.75195537220623
YEL_LNODEXF2,LOAD,PSE,46.945833,-122.595556
YK_LNODER2A,LOAD,APS,33.66258099998823,-112.12612000324162
YK_LNODER4A,LOAD,APS,33.66258099998823,-112.12622799675837
YL_LNODE10A,LOAD,APS,33.476636,-112.046324
YL_LNODE13A,LOAD,APS,33.47663599995356,-112.0462164233903
YL_LNODE17A,LOAD,APS,33.47654626918578,-112.046324
YL_LNODE21A,LOAD,APS,33.47663599995356,-112.04643157660969
YL_LNODER9A,LOAD,APS,33.47672573081421,-112.046324
YMHL_LNODEBR1,LOAD,PGE,45.31945999998232,-123.17440530204168
YMHL_LNODEBR2,LOAD,PGE,45.31945999998232,-123.17453269795833
YMT_LNODER2A,LOAD,APS,32.698289999988724,-114.59637976131062
YMT_LNODER4A,LOAD,APS,32.698289999988724,-114.59648623868938
YSTN_PIP_LNODELD1,LOAD,NWMT,47.582496999980606,-115.30071509466605
YSTN_PIP_LNODELD2,LOAD,NWMT,47.582496999980606,-115.30084890533395
YUBACTY_7_B1,GEN,CA,39.136667,-121.648333
YU_6_TGEN1GNODE,GEN,APS,32.722699999988734,-114.70782575363317
YU_6_TGEN2GNODE,GEN,APS,32.722699999988734,-114.70793224636684
YU_GNODEYUGT1,GEN,APS,32.723068,-114.708427
YU_GNODEYUGT2,GEN,APS,32.72306799995497,-114.70832050702623
YU_GNODEYUGT3,GEN,APS,32.72299041120067,-114.70837375355944
YU_GNODEYUGT4,GEN,APS,32.72299041120067,-114.70848024644054
YU_GNODEYUGT5,GEN,APS,32.72306799995497,-114.70853349297376
YU_GNODEYUGT6,GEN,APS,32.723145588776816,-114.70848024653321
YU_GNODEYUST1,GEN,APS,32.723145588776816,-114.70837375346679
ZACA_1_N001,LOAD,CA,34.696829,-120.151374
ZANKER_1_N001,LOAD,CA,37.469999999986335,-121.8099430557453
ZANKER_1_N003,LOAD,CA,37.469999999986335,-121.8100569442547
ZEN_LNODEXF2,LOAD,PSE,47.387222,-122.310833
ZIMMRMAN_LNODELD2,LOAD,SRP,33.335435,-111.738868
ZLOG_LNODE132,LOAD,IPCO,43.596436,-116.538382
ZONDWD_6_B1,GEN,CA,37.740427,-121.66858
ZONDWIND_6_N002,GEN,CA,35.07484021495182,-118.37315076690342
ZONDWIND_6_N003,GEN,CA,35.074659784948516,-118.37315076714717
ZONDWIND_6_N004,GEN,CA,35.074659784948516,-118.37337123285283
ZONDWIND_6_N005,GEN,CA,35.07484021495182,-118.37337123309658
106THSO_LNODED1,LOAD,PACE,40.55616421922593,-111.90056
118THSO_LNODER1,LOAD,PACE,40.53944,-111.89667
126THSO_LNODE_LDT1,LOAD,PACE,40.55608289037062,-111.90049819809536
126THSO_LNODE_LDT2,LOAD,PACE,40.55608289037062,-111.90062180190463
13THSO_LNODED2,LOAD,PACE,40.73972,-111.88633
23RDST_LNODED3,LOAD,PACE,41.22611,-111.96939
3PEAKS_1_BESS1GNODE,GEN,PACE,37.800603999944606,-113.15875455615993
3PEAKS_GNODE1,GEN,PACE,37.80051357231021,-113.15875455630004
3RDWEST_LNODED1,LOAD,PACE,40.766389999984625,-111.90188029934612
3RDWEST_LNODED2,LOAD,PACE,40.766389999984625,-111.90199970065389
5THWEST_LNODED1,LOAD,PACE,40.76582999998463,-111.90494029989908
5THWEST_LNODER2,LOAD,PACE,40.76582999998463,-111.90505970010092
6THSO_LNODED1,LOAD,PACE,40.75597,-111.88728
90TH.SO_GNODEPDRP1,GEN,PACE,40.58860999998477,-111.91577049224247
90THSO_LNODE-6,LOAD,PACE,40.58860999998477,-111.91588950775753
ABAJO_LNODELD1,LOAD,PACE,37.30360999998641,-109.54800323724938
ABAJO_LNODELDN,LOAD,PACE,37.30360999998641,-109.54811676275062
AGER_LNODE35,LOAD,PACW,41.8675,-122.46414
AGNESSAV_LNODE90,LOAD,PACW,42.43167,-123.29806
ALBINA_LNODEDT1,LOAD,PACW,45.5383299999822,-122.67796608905715
ALBINA_LNODEDT2,LOAD,PACW,45.5383299999822,-122.67809391094285
ALDERWOO_LNODE70,LOAD,PACW,45.56755999998215,-122.55760605581385
ALDERWOO_LNODE96,LOAD,PACW,45.56755999998215,-122.55773394418614
ALTAVIEW_LNODED1,LOAD,PACE,40.58082999998472,-111.85744050144221
ALTAVIEW_LNODED2,LOAD,PACE,40.58082999998472,-111.85755949855779
ALTURAS_LNODE17,LOAD,PACW,41.49972,-120.53306
AMERICFO_LNODED1,LOAD,PACE,40.375,-111.78278
AMMON_LNODEDT2,LOAD,PACE,43.478571,-111.964286
ANDERSON_LNODEAD,LOAD,PACE,43.79778,-112.36722
ANGEL_LNODED1,LOAD,PACE,41.06782999998447,-111.9880200536994
ANGEL_LNODED2,LOAD,PACE,41.06782999998447,-111.9881399463006
ANSCHUTZ_LNODED1,LOAD,PACE,41.06659,-111.038482
ANTELOPM_LNODE13,LOAD,PACE,43.46222,-105.32972
APPALOSA_3_SOLAR1GNODE,GEN,PACE,47.58162999992221,-111.06098380937733
APPLEGAT_LNODE75,LOAD,PACW,42.34694,-123.30528
ARLINGTO_LNODE75,LOAD,PACW,45.71306,-120.20361
ARROWHE_7_GNODE1,GEN,PACE,41.53645603850007,-109.129601
ARROWHE_LNODELD3,LOAD,PACE,41.53637498073304,-109.12953847958308
ARROWHE_LNODET1,LOAD,PACE,41.53637498073304,-109.12966352041693
ASHLAND_LNODELD,LOAD,PACW,42.21036,-122.70756
ASHLEY_LNODED1,LOAD,PACE,40.508309999984796,-109.57652058997745
ASHLEY_LNODED2,LOAD,PACE,40.508309999984796,-109.57663941002255
ASHTON_6_GNODE1,GEN,PACE,44.078851257115716,-111.498214
ASHTON_LNODE42,LOAD,PACE,44.07876987142351,-111.49814859203795
ASHTON_LNODET3,LOAD,PACE,44.07876987142351,-111.49827940796204
ATHENA_LNODE96,LOAD,PACW,45.811606,-118.49521
ATLANTIC_LNODEEN,LOAD,PACE,42.525,-108.76211
ATTALIA_LNODE74,LOAD,PACW,46.10778,-118.91889
BACCHUSH_LNODED1,LOAD,PACE,40.66417,-112.08722
BADWATE_LNODE1B,LOAD,PACE,43.310772999983314,-107.61987109770924
BADWATE_LNODEGT,LOAD,PACE,43.310772999983314,-107.61999490229077
BAIROIL_LNODE41,LOAD,PACE,42.23880373424819,-107.54931
BAIROIL_LNODE49,LOAD,PACE,42.23872313285877,-107.54924714432924
BAIROIL_LNODE61,LOAD,PACE,42.23872313285877,-107.54937285567075
BALDWINR_LNODEAR,LOAD,PACW,44.28370738998265,-120.8752318920023
BALDWINR_LNODEAR2,LOAD,PACW,44.28370738998265,-120.8753581079977
BANGERTE_LNODED1,LOAD,PACE,40.50110999998483,-111.9757705990301
BANGERTE_LNODED2,LOAD,PACE,40.50110999998483,-111.9758894009699
BARNEYS_LNODER1,LOAD,PACE,40.574282,-112.110876
BARNUNN_LNODELD,LOAD,PACE,42.929374,-106.367735
BARX_LNODE09,LOAD,PACE,41.61664,-108.40611
BASELINE_GNODE1,GEN,PACE,45.7851219,-108.7159042
BDO_LNODER1,LOAD,PACE,41.27396999998441,-112.00790994061454
BDO_LNODEXMFR2,LOAD,PACE,41.27396999998441,-112.00803005938546
BEACON_LNODE14,LOAD,PACW,42.45167,-123.3075
BEALL_LNODELD,LOAD,PACW,42.35778,-122.90444
BEARRIVE_LNODELDT1,LOAD,PACE,41.72677999998426,-112.16032977666666
BEARRIVE_LNODEOY,LOAD,PACE,41.72677999998426,-112.16045022333334
BEATTY_LNODE18,LOAD,PACW,42.44186,-121.25019
BEEFHOLL_LNODELD,LOAD,PACE,40.42632999998485,-111.93800069561497
BEEFHOLL_LNODELD1,LOAD,PACE,40.42632999998485,-111.93811930438503
BELKNAP_LNODE40,LOAD,PACW,42.30749999998412,-122.85382946255218
BELKNAP_LNODE64,LOAD,PACW,42.30749999998412,-122.8539505374478
BELSON_LNODET1,LOAD,PACE,43.687406,-112.347556
BEND_LNODE81,LOAD,PACW,44.04783425984093,-121.32806
BEND_LNODE95,LOAD,PACW,44.04775287006096,-121.3279946230147
BEND_LNODELD,LOAD,PACW,44.04775287006096,-121.3281253769853
BEND_NODE1,GEN,PACW,44.062444258686114,-121.31275
BEND_NODE2,GEN,PACW,44.06236287063825,-121.31268460827475
BEND_NODE3,GEN,PACW,44.06236287063825,-121.31281539172525
BENJAMIN_LNODED1,LOAD,PACE,40.09875,-111.73053
BIGSPRIN_LNODELD1,LOAD,PACW,41.616776,-122.39929
BINGHAM_LNODED1,LOAD,PACE,40.54453,-111.95914
BIOMAS_NODEW,GEN,PACW,42.436151,-122.850237
BITTERCR_LNODELL,LOAD,PACE,41.616111,-108.524167
BLACKHAW_LNODE41,LOAD,PACE,39.47702999998555,-110.99986198018496
BLACKHAW_LNODE67,LOAD,PACE,39.47702999998555,-110.99997801981505
BLACKROC_LNODED1,LOAD,PACE,39.14972,-112.73619
BLACKSFO_LNODE63,LOAD,PACE,41.683419931437406,-109.90348958247307
BLACKSFO_LNODE72,LOAD,PACE,41.68324006843681,-109.90348958280967
BLACKSFO_LNODEAL,LOAD,PACE,41.68324006843681,-109.90373041719033
BLACKSFO_LNODE_LDT3,LOAD,PACE,41.683419931437406,-109.90373041752693
BLALOCK_LNODE50,LOAD,PACW,45.66306,-120.35944
BLOSS_LNODE07,LOAD,PACW,45.6005599999822,-122.72749601689411
BLOSS_LNODE96,LOAD,PACW,45.6005599999822,-122.7276239831059
BLUFFDAL_LNODED1,LOAD,PACE,40.50083,-111.95806
BLUNDELL_NODE1,GEN,PACE,38.48819499998596,-112.85335852220497
BLUNDELL_NODE2,GEN,PACE,38.48819499998596,-112.85347347779503
BLY_LNODE53,LOAD,PACW,42.40139,-121.04528
BONANZAO_LNODE23,LOAD,PACW,42.198889999984125,-121.40993954609175
BONANZA_1_SOLAR1GNODE,GEN,PACE,40.74860999993854,-112.6523806341531
BONANZA_LNODE50,LOAD,PACE,40.08612701105115,-109.2907573503116
BONANZA_LNODE69,LOAD,PACE,40.08594698882987,-109.29075735062271
BONANZA_LNODELD,LOAD,PACE,40.08594698882987,-109.29099264937729
BONANZA_LNODESU,LOAD,PACE,40.08612701105115,-109.2909926496884
BONANZA_NODET,GEN,PACW,42.198889999984125,-121.41006045390824
BONDSTRT_LNODELD,LOAD,PACW,44.04036,-121.31789
BOWMAN_LNODE53,LOAD,PACW,46.067779999981745,-118.36104532080171
BOWMAN_LNODE96,LOAD,PACW,46.067779999981745,-118.3611746791983
BRIGHAMC_LNODELD,LOAD,PACE,41.50306,-112.00417
BRIGHTON_LNODED1,LOAD,PACE,40.61024999998468,-111.57927046697131
BRIGHTON_LNODED2,LOAD,PACE,40.61024999998468,-111.5793895330287
BROOKHUR_LNODE76,LOAD,PACW,42.34555999998406,-122.84410942985619
BROOKHUR_LNODE78,LOAD,PACW,42.34555999998406,-122.84423057014382
BROOKLAW_LNODE,LOAD,PACE,38.274379,-112.660788
BROWNSVI_LNODE18,LOAD,PACW,44.38889,-123.01444
BRYANT_LNODE29,LOAD,PACW,42.21110999998408,-121.73826953739446
BRYANT_LNODE43,LOAD,PACW,42.21110999998408,-121.73839046260554
BRYAN_LNODED1,LOAD,PACE,42.85833,-106.29833
BUCHANAN_LNODE37,LOAD,PACW,44.57471999998253,-123.26049671947533
BUCHANAN_LNODE68,LOAD,PACW,44.57471999998253,-123.26062328052467
BUCKAROO_LNODEAD,LOAD,PACW,45.67611,-118.83694
BUFFAHD_LNODELD,LOAD,PACE,44.35439,-106.65369
BUFFALOS_LNODE62,LOAD,PACE,44.34667,-106.70194
BUFFALOS_LNODETE,LOAD,PACE,39.95113999998519,-112.04969137071122
BURGINT_LNODESW,LOAD,PACE,39.95113999998519,-112.04980862928878
BUSH_LNODED1,LOAD,PACE,41.63594,-112.12931
BUTLERVI_LNODE-4,LOAD,PACE,40.624494237086296,-111.82222
BUTLERVI_LNODED1,LOAD,PACE,40.62441288144034,-111.8221581145339
BUTLERVI_LNODED2,LOAD,PACE,40.62441288144034,-111.82228188546608
CACHE_6_THERM1GNODE,GEN,PACE,33.33016975634354,-111.74846070355859
CACHE_LNODEAD,LOAD,PACE,41.76456,-111.85525
CALAPOOY_LNODET2,LOAD,PACW,44.388333,-123.009722
CAMAS_LNODET1,LOAD,PACE,43.95665,-112.216865
CAMERON_LNODEKM,LOAD,PACW,32.65324599998863,-116.48817922595589
CAMPBELL_LNODE02,LOAD,PACW,42.296109999984125,-122.82715947198572
CAMPBELL_LNODE19,LOAD,PACW,42.296109999984125,-122.82728052801427
CAMPCOL_NODET,GEN,PACW,45.902806,-118.58825
CAMPWILL_LNODE-1,LOAD,PACE,40.46839599998485,-111.94827964072266
CAMPWILL_LNODET1,LOAD,PACE,40.46839599998485,-111.94839835927733
CANNONBE_LNODE56,LOAD,PACW,45.88861,-123.955
CANNON_LNODED1,LOAD,PACE,40.73317,-111.91156
CANYONCP_LNODE4I,LOAD,PACE,41.45449999998433,-110.88015986787634
CANYONCP_LNODE8T1,LOAD,PACE,41.45449999998433,-110.88028013212364
CANYONC_LNODER1,LOAD,PACE,43.883836,-111.538653
CANYONVL_LNODET1,LOAD,PACW,42.95285,-123.26778
CAPITOL_LNODED1,LOAD,PACE,40.785920434163245,-111.89733943941863
CARLISLE_LNODED1,LOAD,PACE,40.69472,-111.91944
CARNES_LNODE84,LOAD,PACW,43.13,-123.37194
CARRDRAW_LNODED1,LOAD,PACE,44.31989799998258,-105.89659986677947
CARRDRAW_LNODED2,LOAD,PACE,44.31989799998258,-105.89672613322053
CARTERCR_LNODE4A,LOAD,PACE,41.357103129415606,-110.391218
CARTERCR_LNODE5A,LOAD,PACE,41.35702193527539,-110.39115554727266
CARTER_LNODEEHI,LOAD,PACE,41.35702193527539,-110.39128045272733
CASCADE_LNODE20,LOAD,PACW,46.10278,-118.92111
CASCADE_LNODE37,LOAD,PACW,46.10277999992686,-118.92098051952526
CASCADE_LNODE38,LOAD,PACW,46.10270225041115,-118.92104525985393
CASCADE_LNODE54,LOAD,PACW,46.10270225041115,-118.92117474014607
CASCADE_LNODE76,LOAD,PACW,46.10277999992686,-118.92123948047474
CASCADE_LNODE91,LOAD,PACW,46.102857749552236,-118.92117474032867
CASCADE_LNODEDT7,LOAD,PACW,46.102857749552236,-118.92104525967133
CASEBEER_LNODELV,LOAD,PACW,42.19861,-121.41389
CASPERP_LNODE87,LOAD,PACE,42.87193999998373,-106.3591087965533
CASPERP_LNODELD,LOAD,PACE,42.87193999998373,-106.3592312034467
CASTELLA_LNODE,LOAD,PACW,41.146254,-122.319747
CASTO_LNODED1,LOAD,PACE,40.65944,-111.80722
CAVEJUNC_LNODE63,LOAD,PACW,42.16596999998409,-123.63743956866988
CAVEJUNC_LNODED2,LOAD,PACW,42.16596999998409,-123.63756043133013
CAVEMAN_LNODE26,LOAD,PACW,42.458059999983966,-123.32437932248911
CAVEMAN_LNODE89,LOAD,PACW,42.458059999983966,-123.32450067751088
CEDARVIL_LNODED1,LOAD,PACW,41.53156,-120.18194
CENTENNI_LNODED1,LOAD,PACE,40.73305999998467,-111.98938033287607
CENTENNI_LNODED2,LOAD,PACE,40.73305999998467,-111.98949966712394
CENTERST_LNODED1,LOAD,PACE,42.85469,-106.32611
CENTERVI_LNODED1,LOAD,PACE,40.91333,-111.8925
CENTRALW_LNODE42,LOAD,PACE,37.4125,-113.64472
CHALKBUT_LNODELDH,LOAD,PACE,42.742442,-105.410696
CHAPARRA_LNODED1,LOAD,PACE,40.176623,-111.92649
CHAPELHI_LNODED1,LOAD,PACE,40.61903,-111.86125
CHAPPELC_LNODED1,LOAD,PACE,42.24916999998402,-110.22410950918184
CHAPPELC_LNODELD,LOAD,PACE,42.24916999998402,-110.22423049081816
CHEHALIS_LNODED1,LOAD,PACW,46.62236,-122.91581
CHEHALIS_LNODELD,LOAD,PACW,46.622359999924846,-122.91567862752079
CHEHALIS_NODE1,GEN,PACW,46.62226977286779,-122.91581
CHEHALIS_NODE2,GEN,PACW,46.622359999924846,-122.91594137247921
CHEHALIS_NODE3,GEN,PACW,46.62245022713224,-122.91581
CHELATC_LNODELD,LOAD,PACW,45.92499,-122.390356
CHERRYLA_GNODE1,GEN,PACW,44.66471999998253,-121.1293766761304
CHERRYLA_LNODE1,LOAD,PACW,44.66471999998253,-121.1295033238696
CHERRYWO_LNODE21,LOAD,PACE,40.318059999984925,-111.70188084263918
CHERRYWO_LNODED2,LOAD,PACE,40.318059999984925,-111.70199915736082
CHILOQUI_GNODE1,GEN,PACW,42.58633373462331,-121.84153
CHILOQUI_LNODE1,LOAD,PACW,42.58625313267096,-121.84146679463431
CHILOQUI_LNODE59,LOAD,PACW,42.58625313267096,-121.84159320536568
CHIMNEYB_LNODELD,LOAD,PACE,42.48319,-110.12189
CHIMNEYB_LNODELD1,LOAD,PACE,42.48322,-110.12189
CHINAHAT_LNODE94,LOAD,PACW,44.0025,-121.33056
CHOLLA_LNODELD,LOAD,PACE,34.937087999987575,-110.30187091682998
CHOLLA_NODET,GEN,PACE,34.937087999987575,-110.30198108317
CHOPINWF_GNODE1,GEN,PACW,45.891814,-118.469731
CINDERBU_LNODER1,LOAD,PACE,43.43944,-112.16167
CIRCLE_LNODE394,LOAD,PACW,44.58757806625624,-123.24715671305798
CIRCLE_LNODE396,LOAD,PACW,44.587499999930046,-123.24709342628594
CIRCLE_LNODE427,LOAD,PACW,44.587421933708704,-123.24715671322797
CIRCLE_LNODE428,LOAD,PACW,44.587421933708704,-123.24728328677203
CIRCLE_LNODE429,LOAD,PACW,44.587499999930046,-123.24734657371407
CIRCLE_LNODE430,LOAD,PACW,44.58757806625624,-123.24728328694202
CLAIMJUM_LNODED1,LOAD,PACE,43.39,-106.3225
CLEARFSO_LNODER1,LOAD,PACE,41.1048599999845,-112.045050030431
CLEARFSO_LNODER2,LOAD,PACE,41.1048599999845,-112.045169969569
CLEARLAO_LNODE44,LOAD,PACW,41.704981,-121.276741
CLEARWA1_NODET,GEN,PACW,43.25128,-122.33703
CLEARWA2_LNODED1,LOAD,PACW,43.266816,-122.410047
CLEARWA2_NODET,GEN,PACW,43.26694,-122.41028
CLEMENT_LNODET1,LOAD,PACE,43.554583,-112.203028
CLEVELAN_LNODE66,LOAD,PACW,44.040559999982804,-121.29910709804155
CLEVELAN_LNODE97,LOAD,PACW,44.040559999982804,-121.29923290195845
CLIMAX_LNODEPM,LOAD,PACE,40.679529,-112.553929
CLINTONU_LNODED1,LOAD,PACE,41.14111,-112.0575
CLINTONU_LNODED2,LOAD,PACE,41.141227,-112.057452
CLINTONW_LNODED1,LOAD,PACW,46.584267,-120.556056
CLOAKE_LNODE25,LOAD,PACW,43.20889,-123.39083
CLOVERCR_GNODE,GEN,PACE,39.789703792211874,-111.8959465
CLOVER_LNODELDNX,LOAD,PACE,39.78962301387819,-111.8958858058077
CLOVER_LNODEVE,LOAD,PACE,39.78962301387819,-111.89600719419231
COALVILL_LNODEDT1,LOAD,PACE,40.73081,-113.12347
COBURG_LNODE40,LOAD,PACW,44.14294,-123.07528
COLDWATR_LNODELD,LOAD,PACE,41.30708,-111.93356
COLEMAN_LNODE-1,LOAD,PACE,37.68565043673472,-113.08432572219265
COLEMAN_LNODE-2,LOAD,PACE,37.685469563154996,-113.08432572247133
COLEMAN_LNODE-3,LOAD,PACE,37.685469563154996,-113.08455427752867
COLEMAN_LNODE-4,LOAD,PACE,37.68565043673472,-113.08455427780734
COLRSLR_GNODE1,GEN,PACW,44.057275,-121.233206
COLUMBIO_LNODE01,LOAD,PACE,39.520765999985535,-110.39032893232327
COLUMBIO_LNODE92,LOAD,PACW,45.57972,-122.66778
COLUMBIU_LNODENS,LOAD,PACE,39.520765999985535,-110.39044506767674
COMBINEH_NODET,GEN,PACW,45.93678,-118.58011
COMMERCE_GNODE1,GEN,PACE,37.693864262158726,-113.15544
COMMERCE_LNODE,LOAD,PACE,37.69378286890583,-113.1553806129046
COMMERCE_LNODE138LDT2,LOAD,PACE,37.69378286890583,-113.1554993870954
COMMUNIT_LNODED1,LOAD,PACE,42.82082999998375,-106.3171588712725
COMMUNIT_LNODED2,LOAD,PACE,42.82082999998375,-106.31728112872752
COMSHRT_LNODE-1,LOAD,PACE,40.736457,-111.959943
CONDA_LNODED1,LOAD,PACE,42.73306,-111.54722
COOSRIVE_LNODE43,LOAD,PACW,43.35222,-124.18222
COPCO2_LNODE21,LOAD,PACW,41.97667,-122.36167
COPPERHI_LNODELD,LOAD,PACE,40.59496999998472,-112.05869048476649
COPPERHI_LNODEXFMR2LD,LOAD,PACE,40.59496999998472,-112.05880951523352
COQUILLE_LNODE63,LOAD,PACW,43.19443999998346,-124.16549828757891
COQUILLE_LNODE78,LOAD,PACW,43.19443999998346,-124.16562171242109
CORRINE_LNODED1,LOAD,PACE,41.5865,-112.27686
COTTONWO_LNODE-3,LOAD,PACE,40.68881041607977,-111.860050758656
COTTONWO_LNODE-6,LOAD,PACE,40.6886295837977,-111.86005075897958
COTTONWO_LNODED1,LOAD,PACE,40.6886295837977,-111.86028924102042
COTTONWO_LNODED4,LOAD,PACE,40.68881041607977,-111.86028924134399
COZYDALE_LNODER1,LOAD,PACE,41.17583,-112.01806
CRANERFL_LNODET1,LOAD,PACE,40.87995257,-112.7319468
CRAVENCK_LNODELD,LOAD,PACE,41.82360999998431,-110.32743974186502
CRAVENCK_LNODELD1,LOAD,PACE,41.82360999998431,-110.32756025813498
CREEK_LNODE74,LOAD,PACW,45.70972,-120.03
CROOKEDR_LNODE04,LOAD,PACW,44.4329999999826,-121.24771679558889
CROOKEDR_LNODE58,LOAD,PACW,44.4329999999826,-121.24784320441111
CROSSHOL_LNODED1,LOAD,PACE,37.6625,-113.11028
CROWFOOT_LNODE57,LOAD,PACW,44.50839,-122.88067
CROYDON_LNODED2,LOAD,PACE,41.063689,-111.520992
CUDAHY_LNODED1,LOAD,PACE,40.8423299999846,-111.94522022768847
CUDAHY_LNODELD2,LOAD,PACE,40.8423299999846,-111.94533977231154
CULLY_LNODE04,LOAD,PACW,45.54992,-122.60411
CULVER_LNODE01,LOAD,PACW,44.52056,-121.25
CURRCRK_LNODEX1,LOAD,PACE,39.82222,-111.89631
CURRCRK_LNODEX2,LOAD,PACE,39.822219999941304,-111.89619310484987
CURRCRK_NODE1,GEN,PACE,39.822130220407196,-111.89631
CURRCRK_NODE2,GEN,PACE,39.822219999941304,-111.89642689515013
CURRCRK_NODE3,GEN,PACE,39.82230977959274,-111.89631
CUTLER_LNODELD,LOAD,PACE,41.83482999998421,-112.05268973756928
CUTLER_NODE1,GEN,PACE,41.83482999998421,-112.05281026243071
CUTLER_NODE2,GEN,PACW,44.91925,-124.01161
DAIRY_LNODEOAD,LOAD,PACW,42.23444,-121.58
DALLAS_LNODE53,LOAD,PACW,44.91135999998248,-123.31021656110707
DALLAS_LNODE71,LOAD,PACW,44.91135999998248,-123.31034343889293
DALREED_LNODEAD,LOAD,PACW,45.763383741854504,-119.99944
DALREED_NODED,GEN,PACW,45.763303129053256,-119.99937328526143
DALREED_NODEO,GEN,PACW,45.763303129053256,-119.99950671473857
DAVEJOHN_LNODE44,LOAD,PACE,43.02979779898342,-105.83882855357031
DAVEJOHN_LNODE47,LOAD,PACE,43.029719999934244,-105.8387671072964
DAVEJOHN_LNODE69,LOAD,PACE,43.02964220098374,-105.83882855372609
DAVEJOHN_LNODE71,LOAD,PACE,43.02964220098374,-105.83895144627391
DAVEJOHN_LNODED3,LOAD,PACE,43.029719999934244,-105.8390128927036
DAVEJOHN_LNODED4,LOAD,PACE,43.02979779898342,-105.83895144642969
DAVEJOHN_NODE1,GEN,PACE,42.836759684304134,-105.77848769653943
DAVEJOHN_NODE2,GEN,PACE,42.83658031556563,-105.77848769689443
DAVEJOHN_NODE3,GEN,PACE,42.83658031556563,-105.77873230310557
DAVEJOHN_NODE4,GEN,PACE,42.836759684304134,-105.77873230346057
DAVISCR_LNODED1,LOAD,PACW,41.73,-120.37
DAYTON_LNODE08,LOAD,PACW,46.32777999998156,-117.97771485198255
DAYTON_LNODE32,LOAD,PACW,46.32777999998156,-117.97784514801744
DECADE_LNODER1,LOAD,PACE,40.73416999998466,-111.96855033173924
DECADE_LNODER2,LOAD,PACE,40.73416999998466,-111.96866966826076
DECKERLA_LNODED1,LOAD,PACE,40.70610999998469,-111.95077036089953
DECKERLA_LNODED2,LOAD,PACE,40.70610999998469,-111.95088963910047
DECKER_LNODE79,LOAD,PACE,45.026885,-106.826076
DELLE_LNODED1,LOAD,PACE,40.85060999998459,-112.82675022027705
DELLE_LNODED2,LOAD,PACE,40.85060999998459,-112.82686977972295
DELNORTE_LNODE50,LOAD,PACW,41.86761799998422,-124.13905472462552
DELNORTE_LNODE51,LOAD,PACW,41.86761799998422,-124.13917527537447
DESCHUTE_LNODEROH,LOAD,PACW,44.16651299998272,-121.24951598297439
DESCHUTE_LNODESCH,LOAD,PACW,44.16651299998272,-121.24964201702561
DEVILSLA_LNODE81,LOAD,PACW,44.957919999982394,-124.00749653780548
DEVILSLA_LNODE96,LOAD,PACW,44.957919999982394,-124.00762346219452
DEVILSSL_LNODEPM,LOAD,PACE,41.06028,-111.53611
DEWEYVIL_LNODED1,LOAD,PACE,41.71494,-112.09647
DIMPLEDE_LNODED1,LOAD,PACE,40.55721999998477,-111.83661052972268
DIMPLEDE_LNODED2,LOAD,PACE,40.55721999998477,-111.83672947027732
DIXONVI2_LNODE82,LOAD,PACW,43.20667,-123.24056
DIXON_LNODE50,LOAD,PACW,44.56817,-123.25733
DODDRD_LNODE02,LOAD,PACW,46.13888999998168,-118.93076519591799
DODDRD_LNODE73,LOAD,PACW,46.13888999998168,-118.93089480408202
DODGEBRI_LNODE23,LOAD,PACW,42.52493999998398,-122.84696925103425
DODGEBRI_LNODET2,LOAD,PACW,42.52493999998398,-122.84709074896575
DOGCREEK_LNODE,LOAD,PACW,40.94013311,-122.431008
DORENAT_LNODE_N,LOAD,PACW,43.78,-122.96
DORRIS_LNODE06,LOAD,PACW,41.96694,-121.91333
DOWELL_LNODED1,LOAD,PACW,42.42083,-123.36333
DRAPER_LNODEDT1,LOAD,PACE,40.5271099999848,-111.90563056655732
DRAPER_LNODEDT2,LOAD,PACE,40.5271099999848,-111.90574943344268
DRUMMOND_LNODE,LOAD,PACE,43.990752912135534,-111.3394487
DRUMMOND_LNODE1,LOAD,PACE,43.99067151891363,-111.33938338316204
DRUMMOND_LNODE3,LOAD,PACE,43.99067151891363,-111.33951401683795
DRYCREEK_LNODEPM,LOAD,PACW,46.37999999998142,-117.11993475541827
DRYCRK_LNODEDT,LOAD,PACW,46.37999999998142,-117.12006524458174
DUMAS_LNODED1,LOAD,PACE,40.528609999984745,-111.86411056470244
DUMAS_LNODED2,LOAD,PACE,40.528609999984745,-111.86422943529756
DUNLAP_NODET,GEN,PACE,42.042409,-106.161691
DYNAMO_NODE1,GEN,PACE,40.33113413254445,-111.75694
DYNAMO_NODE2,GEN,PACE,40.33105293371149,-111.7568785031197
DYNAMO_NODE3,GEN,PACE,40.33105293371149,-111.7570014968803
EAGLEMTN_LNODEHI,LOAD,PACW,33.8199729920039,-115.44005630685402
EAGLEMTN_LNODEPM,LOAD,PACE,40.42444,-111.91417
EAGLEPOI_NODET,GEN,PACW,42.51444,-122.75694
EASTMONT_LNODEAD,LOAD,PACE,43.99639,-112.47639
EASYVALL_LNODE42,LOAD,PACW,42.44499999998405,-123.36632933578042
EASYVALL_LNODE54,LOAD,PACW,42.44499999998405,-123.36645066421957
EBENCH_LNODED1,LOAD,PACE,41.222276,-111.930582
ECHOSPRI_LNODED1,LOAD,PACE,41.64994,-107.82486
EGIN_LNODET1,LOAD,PACW,45.560314,-117.917174
EJACKSON_LNODE1,LOAD,PACE,43.47562599998313,-110.75434683431727
EJACKSON_LNODET2,LOAD,PACE,43.47562599998313,-110.75447116568272
ELAYTON_LNODER1,LOAD,PACE,41.10386599998443,-111.94513503103737
ELAYTON_LNODER2,LOAD,PACE,41.10386599998443,-111.94525496896263
ELBERTA_LNODED1,LOAD,PACE,39.98139,-111.95667
ELKHORN_LNODE115T2,LOAD,PACE,42.82824999998375,-106.24307886056677
ELKHORN_LNODELD,LOAD,PACE,42.82824999998375,-106.24320113943324
ELMONTE_LNODED1,LOAD,PACE,41.240284999984425,-111.92989395654205
ELMONTE_LNODERY,LOAD,PACE,41.240284999984425,-111.93001404345796
EMERY_LNODET3,LOAD,PACE,39.17667,-111.03083
EMIGRATI_LNODED1,LOAD,PACE,42.65194,-105.39333
EMILLCRE_LNODED1,LOAD,PACE,40.695678,-111.825469
EMMAPARK_LNODE-1,LOAD,PACE,39.79194,-110.77083
EMPIRENE_LNODE85,LOAD,PACW,43.37344,-124.28353
ENOCH_LNODE-1,LOAD,PACE,37.76431,-113.02092
ENTERPRU_LNODED1,LOAD,PACW,45.41805999998224,-117.28243621378152
ENTERPRU_NODE1,GEN,PACW,45.41805999998224,-117.28256378621849
EPROVO_LNODED1,LOAD,PACE,40.234671,-111.631144
ESCALANS_3_BESS1GNODE,GEN,PACE,37.80044963036735,-113.15883548024536
ESCALANS_3_SOLAR1GNODE,GEN,PACE,37.80043433885358,-113.15894827567715
ESCALANS_3_SOLAR2GNODE,GEN,PACE,37.80046565858562,-113.1590556357773
ESCALANS_3_SOLAR3GNODE,GEN,PACE,37.8005316091437,-113.15913393518878
ESIDE_NODET,GEN,PACW,42.227661,-121.796517
EVANSTON_LNODED1,LOAD,PACE,41.27164,-110.97319
EVANSTON_LNODED2,LOAD,PACE,41.27164,-110.97322
EVANS_LNODER1,LOAD,PACE,42.85694,-106.23917
EVERGBIO_NODEO,GEN,PACW,41.98556,-122.36042
EXXON_LNODED1,LOAD,PACE,41.87841976419292,-110.04487944035318
EXXON_NODEA,GEN,PACE,41.87824023568101,-110.04487944069187
EXXON_NODEB,GEN,PACE,41.87824023568101,-110.04512055930813
EXXON_NODEC,GEN,PACE,41.87841976419292,-110.04512055964682
FAIRCHLD_LNODED1,LOAD,PACE,40.58472,-111.97167
FALLCREE_NODET,GEN,PACW,45.66589,-121.52392
FARMERS_NODET,GEN,PACW,46.175,-123.75694
FARMINGT_LNODELD,LOAD,PACE,40.981889999984524,-111.8910501132934
FARMINGT_LNODELD1,LOAD,PACE,40.981889999984524,-111.8911698867066
FELTHYD_7_HYDRO1GNODE,GEN,PACE,40.7485316859342,-112.65244031714684
FIELDERC_LNODE40,LOAD,PACW,42.44694,-123.17361
FIELDING_LNODED1,LOAD,PACE,41.82878,-112.12639
FIREHOLE_LNODE34,LOAD,PACE,41.5370599999843,-109.27271983945585
FIREHOLE_LNODE50,LOAD,PACE,41.5370599999843,-109.27284016054415
FISHCREI_LNODED1,LOAD,PACE,42.71528,-111.87278
FISHCREO_NODET,GEN,PACW,43.27417,-122.44903
FLINT_LNODE_LDT1,LOAD,PACW,38.88530299998586,-121.06681059075832
FLUX_LNODED1,LOAD,PACE,40.67169,-112.54664
FOOTECRE_LNODELD,LOAD,PACE,41.65249999998434,-106.19049980151301
FOOTECRE_NODE1,GEN,PACE,41.65249999998434,-106.19062019848698
FOOTHILL_LNODE33,LOAD,PACW,42.32396999998415,-122.82235944862597
FOOTHILL_LNODE63,LOAD,PACW,42.32396999998415,-122.82248055137403
FORTDOUG_LNODED1,LOAD,PACE,40.75178,-111.82972
FORTSAND_LNODED1,LOAD,PACE,41.27028,-105.61
FRALEY_LNODE76,LOAD,PACW,42.46556,-122.88069
FRANKLIN_LNODED1,LOAD,PACE,42.08889,-111.82194
FRANNIE_LNODE31,LOAD,PACE,44.95782999998244,-108.67312653785152
FRANNIE_LNODE82,LOAD,PACE,44.95782999998244,-108.67325346214848
FREEZOUT_NODET,GEN,PACE,41.96139,-106.39361
FRUITHEI_LNODED1,LOAD,PACE,41.03197,-111.90103
GADSBY_LNODEAGE,LOAD,PACE,40.76776929206086,-111.93026539598712
GADSBY_LNODEARK,LOAD,PACE,40.76758842781606,-111.9302653963121
GADSBY_LNODECHS,LOAD,PACE,40.76758842781606,-111.9305042036879
GADSBY_LNODERM3,LOAD,PACE,40.76776929206086,-111.93050420401288
GADSBY_NODE1,GEN,PACE,40.76785831651148,-111.93033029790476
GADSBY_NODE2,GEN,PACE,40.76777999993846,-111.93027059595025
GADSBY_NODE3,GEN,PACE,40.767701683457695,-111.93033029804548
GADSBY_NODE4,GEN,PACE,40.767701683457695,-111.93044970195452
GADSBY_NODE5,GEN,PACE,40.76777999993846,-111.93050940404976
GADSBY_NODE6,GEN,PACE,40.76785831651148,-111.93044970209523
GALASLR_1_GNODE1,GEN,PACW,44.189166,-120.922441
GARDENVA_LNODE44,LOAD,PACW,43.23583,-123.38961
GARLAND_LNODE07,LOAD,PACE,44.79693999998248,-108.58382661520052
GARLAND_LNODE41,LOAD,PACE,44.79693999998248,-108.58395338479947
GASQUET_LNODE42,LOAD,PACW,41.84833,-123.96667
GEMSTATE_NODET,GEN,PACE,44.52,-112.31
GLENCO_LNODED1,LOAD,PACE,41.690374,-110.592688
GLENDALE_LNODE35,LOAD,PACW,42.747219999983805,-123.41021897465431
GLENDALE_LNODE36,LOAD,PACW,42.747219999983805,-123.41034102534569
GLENROCW_NODET,GEN,PACE,43.021723,-105.835873
GLIDE_LNODED1,LOAD,PACW,43.29722,-123.09833
GOLDHILL_LNODE26,LOAD,PACW,42.42861,-123.04361
GOLDRUSH_LNODELD,LOAD,PACE,41.60341999998433,-112.16049981758223
GOLDRUSH_LNODEXFM2,LOAD,PACE,41.60341999998433,-112.16062018241777
GOODNOEH_NODET,GEN,PACW,45.783864,-120.532576
GORDONAV_LNODELD,LOAD,PACE,41.07417,-111.9575
GOSHENI_LNODELD2,LOAD,PACE,43.309329999983326,-112.12129810005523
GOSHENI_LNODEMOBT,LOAD,PACE,43.309329999983326,-112.12142189994478
GOSHENO_LNODE42,LOAD,PACW,43.98555999998274,-123.01076715421782
GOSHENU_LNODED1,LOAD,PACW,43.98555999998274,-123.01089284578218
GRACE_LNODED1,LOAD,PACE,42.57616373278462,-111.74389
GRACE_LNODED2,LOAD,PACE,42.57608313359037,-111.74382680710553
GRACE_LNODEEI,LOAD,PACE,42.57608313359037,-111.74395319289447
GRACE_NODE3,GEN,PACE,42.53616372659047,-111.79381
GRACE_NODE4,GEN,PACE,42.536083136687424,-111.79374685487774
GRACE_NODE5,GEN,PACE,42.536083136687424,-111.79387314512226
GRANDVID_LNODE59,LOAD,PACW,46.303613970974084,-119.87428
GRANDVID_LNODE86,LOAD,PACW,46.303533014492984,-119.87421234268213
GRANDVID_LNODEMOBT3662,LOAD,PACW,46.303533014492984,-119.87434765731787
GRANGER_LNODED1,LOAD,PACE,40.69277999998469,-111.95827037505786
GRANGER_LNODED2,LOAD,PACE,40.69277999998469,-111.95838962494213
GRANTSTR_LNODE68,LOAD,PACW,44.5796699999826,-123.27954671701437
GRANTSTR_LNODE78,LOAD,PACW,44.5796699999826,-123.27967328298563
GRANTSVI_LNODELDT1,LOAD,PACE,40.60083,-112.4775
GRASSCRE_LNODE88,LOAD,PACE,43.91628,-108.48639
GREASEWD_2_WIND1GNODE,GEN,PACE,39.38283372509092,-111.08389
GREATDIV_LNODE24,LOAD,PACE,42.20611,-107.87472
GREENCAN_7_THERMAL1GNODE,GEN,PACE,47.58172025965889,-111.06085
GREENCAN_LNODED1,LOAD,PACE,41.765829999984334,-111.78437976306132
GREENCAN_LNODED2,LOAD,PACE,41.765829999984334,-111.78450023693867
GREENRIV_3_BESS1GNODE,GEN,PACE,33.330160278225364,-111.74835402692037
GREENSPR_GNODE,GEN,PACW,43.294169999983346,-122.4725181247262
GREEN_LNODE76,LOAD,PACW,43.15453,-123.37214
GRIFFINC_LNODE03,LOAD,PACW,42.301,-122.91081
GRINDING_LNODED1,LOAD,PACE,40.584774227245525,-112.09889
GRINDING_LNODED2,LOAD,PACE,40.58469288636074,-112.09882816252193
GRINDING_LNODED3,LOAD,PACE,40.58469288636074,-112.09895183747807
GROMORE_LNODET1,LOAD,PACW,46.69,-120.73
GROW_LNODED1,LOAD,PACE,40.78352426039104,-112.00514
GROW_LNODED2,LOAD,PACE,40.7834428697879,-112.0050779399373
GROW_LNODED3,LOAD,PACE,40.7834428697879,-112.00520206006271
HALE_LNODED1,LOAD,PACE,40.31221999998489,-111.65647085077124
HALE_LNODELD,LOAD,PACE,40.31221999998489,-111.65658914922876
HAMAKER_LNODE58,LOAD,PACW,42.12992,-121.93569
HAMER_LNODET1,LOAD,PACE,43.89929,-112.272279
HAMMER_LNODED1,LOAD,PACE,40.634439999984714,-111.85522043928701
HAMMER_LNODED2,LOAD,PACE,40.634439999984714,-111.85533956071299
HARISONI_LNODED1,LOAD,PACE,44.51691006,-112.30995
HARRISBU_LNODE49,LOAD,PACW,44.274447,-123.170009
HATCH_LNODED1,LOAD,PACE,38.16,-109.30778
HAYES_LNODET1,LOAD,PACE,43.553601,-112.122524
HAYSTACK_LNODELD,LOAD,PACE,41.33924138,-112.0486561
HAZELWO_LNODET1,LOAD,PACW,44.621571,-123.12555
HELPER_LNODED2,LOAD,PACE,39.70222,-110.87
HENLEY_LNODE80,LOAD,PACW,42.12639,-121.70361
HERMISTD_LNODE07,LOAD,PACW,45.84638999998194,-119.2693756818817
HERMISTO_GNODE3,GEN,PACW,45.84638999998194,-119.2695043181183
HERRIMAN_LNODEDT2,LOAD,PACE,40.50888999998482,-112.0420205892502
HERRIMAN_LNODER1,LOAD,PACE,40.50888999998482,-112.0421394107498
HICKORY_NODE1,GEN,PACE,38.13,-112.82
HIGHLAND_LNODED1,LOAD,PACE,40.43028,-111.79222
HIGHLAND_LNODED2,LOAD,PACE,40.43167,-111.79167
HILLTOP_LNODE41,LOAD,PACE,44.02449426120689,-107.97639
HILLTOP_LNODE45,LOAD,PACE,44.024412869378025,-107.97632464711506
HILLTOP_LNODE90,LOAD,PACE,44.024412869378025,-107.97645535288494
HILLVIEW_LNODE27,LOAD,PACW,44.546059999982496,-123.31243673394533
HILLVIEW_LNODE31,LOAD,PACW,44.546059999982496,-123.31256326605467
HINKLE_6_ORCHARD1GNODE,GEN,PACW,45.79227374866994,-119.31083
HINKLE_LNODE49,LOAD,PACW,45.79219312564564,-119.3107632422224
HINKLE_NODET,GEN,PACW,45.79219312564564,-119.3108967577776
HINSHAW_NODE1,GEN,PACE,41.31227499998438,-110.83177592353
HINSHAW_NODE2,GEN,PACE,41.31227499998438,-110.83189607647
HIPLAINS_NODE1,GEN,PACE,41.67256099998425,-106.02560079489555
HIPLAINS_NODE2,GEN,PACE,41.67256099998425,-106.02572120510445
HOBACK_LNODE1,LOAD,PACE,43.251604,-110.770947
HOGGARD_LNODED1,LOAD,PACE,40.60888999998468,-112.02938046854558
HOGGARD_LNODED2,LOAD,PACE,40.60888999998468,-112.0294995314544
HOLLADAO_LNODE115LDT1,LOAD,PACW,45.533383718413596,-122.66
HOLLADAO_LNODE115LDT2,LOAD,PACW,45.53330314077397,-122.65993358762098
HOLLADAO_LNODE115LDT3,LOAD,PACW,45.53330314077397,-122.66006641237901
HOLLADAU_LNODED1,LOAD,PACE,40.66527999998471,-111.83550040487947
HOLLADAU_LNODED2,LOAD,PACE,40.66527999998471,-111.83561959512053
HOLLYWOO_LNODE00,LOAD,PACW,45.53721999998221,-122.6152160902968
HOLLYWOO_LNODE24,LOAD,PACW,45.53721999998221,-122.6153439097032
HOLT_1_BESS1GNODE,GEN,PACE,37.80061707108197,-113.15917133773746
HOLT_NODE1,GEN,PACE,37.61203982,-113.6543764
HOODRIVE_LNODE28,LOAD,PACW,45.69943999998209,-121.52160589151876
HOODRIVE_LNODE61,LOAD,PACW,45.69943999998209,-121.52173410848124
HOPLAND_LNODE07,LOAD,PACW,46.58777999998126,-120.39854437533305
HOPLAND_LNODE80,LOAD,PACW,46.58777999998126,-120.39867562466695
HORNET_LNODE45,LOAD,PACW,42.18083,-121.69917
HORSEBU_NODET,GEN,PACW,45.518021,-122.538046
HORSESHC_1_SOLAR1GNODE,GEN,PACE,40.7485316859342,-112.65255968285317
HORSESHO_LNODED2,LOAD,PACE,40.74860999993854,-112.65261936584689
HOUSTONL_LNODEN1,LOAD,PACW,44.294999999982615,-120.89326688399454
HOUSTONL_LNODEN2,LOAD,PACW,44.294999999982615,-120.89339311600546
HUGO_LNODED1,LOAD,PACE,40.75693,-111.989208
HUMBUGCR_LNODED1,LOAD,PACW,42.25389,-123.14861
HUNTERP_7_UNIT 1 PACEGNODE,GEN,PACE,39.174198,-111.029917
HUNTERP_7_UNIT 1 UMPAGNODE,GEN,PACE,39.174197999943004,-111.02980150045323
HUNTERP_7_UNIT 2 DGTGNODE,GEN,PACE,39.174108461341206,-111.02980150060031
HUNTERP_7_UNIT 2 PACEGNODE,GEN,PACE,39.17404514804082,-111.02988317103951
HUNTERP_7_UNIT 2 UAMPSGNODE,GEN,PACE,39.17403000686361,-111.02999700696176
HUNTERP_LNODED1,LOAD,PACE,39.17406101867312,-111.03010535741667
HUNTERP_LNODED2,LOAD,PACE,39.174126320837324,-111.03018437911805
HUNTERP_LNODED3,LOAD,PACE,39.17421094255923,-111.0302221267056
HUNTERP_NODE1,GEN,PACE,40.68138424845111,-112.01486
HUNTERP_NODE2,GEN,PACE,40.681302875757886,-112.01479804876784
HUNTERP_NODE3,GEN,PACE,40.681302875757886,-112.01492195123215
HUNTERSC_LNODED1,LOAD,PACW,44.12056,-121.28278
HUNTERS_LNODED1,LOAD,PACE,39.17430034743984,-111.03021581671962
HUNTINGT_LNODET3,LOAD,PACE,39.336109999985744,-110.96911211949501
HUNTINGT_LNODEU1,LOAD,PACE,39.336109999985744,-110.96922788050499
HUNTINGT_NODE1,GEN,PACE,39.38275313743896,-111.08382980358049
HUNTINGT_NODE2,GEN,PACE,39.38275313743896,-111.08395019641951
HURRICAW_LNODE49,LOAD,PACW,45.43722,-117.28417
IDAHOFAL_LNODET1,LOAD,PACE,43.467556,-112.063139
INBRICK_LNODED1,LOAD,PACE,41.284568,-111.99507
INDEPEND_LNODED1,LOAD,PACW,44.85138999998248,-123.2007665898753
INDEPEND_LNODELD2,LOAD,PACW,44.85138999998248,-123.20089341012469
INTERNAT_LNODELD,LOAD,PACW,41.432568,-122.38296
IRONMOUN_LNODELLD,LOAD,PACE,37.611582,-113.390019
IRONTON2_LNODED1,LOAD,PACE,40.196111,-111.635556
JACKALOP_LNODEDT1,LOAD,PACE,42.75230999998378,-105.38618896767798
JACKALOP_LNODEDT2,LOAD,PACE,42.75230999998378,-105.38631103232203
JACKSONJ_LNODET1,LOAD,PACE,43.47184199998321,-110.77711184022196
JACKSONJ_LNODET2,LOAD,PACE,43.47184199998321,-110.77723615977804
JACKSONV_LNODE33,LOAD,PACW,42.32861,-122.93972
JEFFCO_LNODET1,LOAD,PACE,43.68814,-112.425535
JEFFERSO_LNODE31,LOAD,PACW,44.73211,-123.00972
JEROMEPR_LNODE68,LOAD,PACW,42.39,-123.43111
JERUSALE_LNODET1,LOAD,PACE,39.55056,-111.59778
JIMBRIDG_7_THERMAL1GNODE,GEN,PACE,44.28701824993483,-105.38687688961299
JIMBRIDG_7_THERMAL2GNODE,GEN,PACE,44.28693999993046,-105.38681377939415
JIMBRIDG_7_THERMAL3GNODE,GEN,PACE,44.28686175003025,-105.38687688978113
JIMBRIDG_7_THERMAL4GNODE,GEN,PACE,44.28686175003025,-105.38700311021886
JOLLYHIL_NODE1,GEN,PACE,43.465279999983146,-111.8349378504812
JOLLYHIL_NODE2,GEN,PACE,43.465279999983146,-111.8350621495188
JORDANEL_LNODED1,LOAD,PACE,40.58861,-111.4275
JORDANNA_LNODED1,LOAD,PACE,40.44118999998483,-111.9213306760662
JORDANNA_LNODED2,LOAD,PACE,40.44118999998483,-111.9214493239338
JORDANPA_LNODED1,LOAD,PACE,40.62222,-111.92278
JORDANPO_LNODE21,LOAD,PACW,43.43583,-124.24028
JORDAN_LNODED1,LOAD,PACE,40.76894425936875,-111.92528
JORDAN_LNODET2,LOAD,PACE,40.768862870299074,-111.92521795472496
JORDAN_LNODET4,LOAD,PACE,40.768862870299074,-111.92534204527504
JUDGE_LNODED1,LOAD,PACE,40.62733,-111.50381
JUNCTIOO_LNODE16,LOAD,PACW,44.21486,-123.22128
JUNCTIOO_LNODE87,LOAD,PACE,38.23786,-112.22722
KAHNEETA_LNODED1,LOAD,PACW,44.853636,-121.184986
KAYCEE_LNODET1,LOAD,PACE,43.702779999983,-106.55882749921277
KAYCEE_LNODET2,LOAD,PACE,43.702779999983,-106.55895250078723
KAYWEST_LNODE-1,LOAD,PACE,41.03794,-111.95278
KEARNS_LNODED1,LOAD,PACE,40.65213999998471,-112.00244041941629
KEARNS_LNODED2,LOAD,PACE,40.65213999998471,-112.0025595805837
KENNECOT_LNODED1,LOAD,PACE,40.71375,-112.121246
KENNEDY_LNODEDT1,LOAD,PACW,45.56150714086057,-122.62078644549528
KENSINGT_LNODED1,LOAD,PACE,40.73583,-111.87622
KENWOOD_LNODE03,LOAD,PACW,45.65389,-121.58667
KETTLE_LNODET1,LOAD,PACE,43.550708,-112.443201
KILLINGS_LNODE67,LOAD,PACW,45.563169999982186,-122.59904606088035
KILLINGS_LNODE68,LOAD,PACW,45.563169999982186,-122.59917393911965
KIMB-CLK_LNODED1,LOAD,PACE,38.54414,-112.40761
KIRBYCRE_LNODED1,LOAD,PACE,43.672309999982986,-107.88826754158357
KLEMP_LNODED1,LOAD,PACE,43.672309999982986,-107.88839245841643
KNOTT_LNODE52,LOAD,PACW,45.5414399999822,-122.66465608557506
KNOTT_LNODE521,LOAD,PACW,45.5414399999822,-122.66478391442493
LAGOONTP_LNODELD,LOAD,PACE,40.982417,-111.891707
LAKEPARK_LNODED1,LOAD,PACE,40.71672425383435,-112.02861
LAKEPARK_LNODED2,LOAD,PACE,40.71664287306631,-112.0285480097425
LAKEPARK_LNODELD3,LOAD,PACE,40.71664287306631,-112.02867199025751
LAKEPORT_7_OITBESS1GNODE,GEN,PACW,42.24955999998404,-121.80090950888382
LAKEPORT_LNODELD,LOAD,PACW,42.24955999998404,-121.80103049111618
LAKESID1_LNODED1,LOAD,PACE,40.332340999984964,-111.75643012283113
LAKESID1_LNODED2,LOAD,PACE,40.332340999984964,-111.75654847716888
LAKESID2_LNODEX1,LOAD,PACE,40.33103,-111.76064
LAKESID2_LNODEX2,LOAD,PACE,40.33102999993974,-111.76052164928959
LAKESID2_NODE0,GEN,PACE,40.330939779131185,-111.76064
LAKESID2_NODE1,GEN,PACE,40.33102999993974,-111.76075835071042
LAKESID2_NODE2,GEN,PACE,40.33112022086883,-111.76064
LAMPO_LNODEK,LOAD,PACE,41.645971,-112.431491
LANCASTE_LNODE53,LOAD,PACW,44.2645,-123.23167
LARAMIE_LNODET1,LOAD,PACE,41.33527799998436,-105.58907891375422
LARAMIE_LNODET2,LOAD,PACE,41.33527799998436,-105.58919908624578
LAROCHE_LNODEPM,LOAD,PACE,40.319314,-111.736515
LATHAM_LNODED1,LOAD,PACE,41.66603,-107.74067
LATIGO_NODET,GEN,PACE,42.88167,-105.94911
LAYTON_LNODED1,LOAD,PACE,41.07360999998451,-111.95827004997453
LAYTON_LNODED2,LOAD,PACE,41.07360999998451,-111.95838995002548
LEANJNPR_NODET,GEN,PACW,45.67372,-120.21625
LEBANON_LNODE07,LOAD,PACW,44.53413999998254,-122.91060674008317
LEBANON_LNODE58,LOAD,PACW,44.53413999998254,-122.91073325991682
LEHI_GNODE1,GEN,PACE,40.392432,-111.858924
LEMOLO1_LNODED1,LOAD,PACW,43.355889999983354,-122.24874802461376
LEMOLO1_NODET,GEN,PACW,43.355889999983354,-122.24887197538624
LEMOLO2_NODET,GEN,PACW,43.28072,-122.4025
LILACYN_LNODELD,LOAD,PACE,38.98217055,-110.1369851
LIMESTNE_GNODE1,GEN,PACW,38.63377399998596,-120.97971951115471
LINCH_LNODE97,LOAD,PACE,43.60306,-106.26806
LINCOLNO_LNODE64,LOAD,PACW,45.50611,-122.67456
LINCOLNO_LNODE70,LOAD,PACE,41.20795031990202,-111.97676994531062
LINCOLNO_LNODE71,LOAD,PACE,41.20776967997328,-111.97676994564208
LINCOLNU_LNODED1,LOAD,PACE,41.20776967997328,-111.97701005435792
LINCOLNU_LNODEOBE,LOAD,PACE,41.20795031990202,-111.97701005468937
LINDON_LNODED1,LOAD,PACE,40.33778,-111.72219
LITTLEMY_LNODE82,LOAD,PACE,41.27722,-112.23333
LITTLESH_LNODELD1,LOAD,PACW,41.70174123,-122.3696599
LOAFER_LNODED1,LOAD,PACE,40.04903,-111.63958
LOCKHART_LNODE00,LOAD,PACW,43.355139999983294,-124.21426802582421
LOCKHART_LNODE01,LOAD,PACW,43.355139999983294,-124.21439197417578
LOGANCIT_LNODED1,LOAD,PACE,41.74083,-111.79611
LONEPEAK_LNODELD1,LOAD,PACE,40.44181,-111.832802
LONEPEAK_LNODELD10,LOAD,PACE,40.44180999993937,-111.8326833505085
LONEPEAK_LNODELD2,LOAD,PACE,40.44171969994542,-111.83268335066788
LONEPEAK_LNODELD3,LOAD,PACE,40.44165584826284,-111.83276724844822
LONEPEAK_LNODELD4,LOAD,PACE,40.441640578331295,-111.83288418892931
LONEPEAK_LNODELD5,LOAD,PACE,40.44167185384314,-111.83299549434646
LONEPEAK_LNODELD6,LOAD,PACE,40.44173771129615,-111.83307667116112
LONEPEAK_LNODELD7,LOAD,PACE,40.44182305259432,-111.83311544823285
LONEPEAK_LNODELD8,LOAD,PACE,40.44191321773086,-111.83310896618005
LONEPEAK_LNODELD9,LOAD,PACE,40.44199581531102,-111.83306101636168
LOSTRIV_LNODED1,LOAD,PACE,43.782852,-113.336367
LSTCRPM_LNODEMP,LOAD,PACW,42.67372,-122.678522
LUCERNE_LNODELD,LOAD,PACW,41.60361,-122.5225
LYONS_LNODE82,LOAD,PACW,44.77416999998248,-122.61882662566885
LYONS_LNODE98,LOAD,PACW,44.77416999998248,-122.61895337433116
MACDOEL_LNODE20,LOAD,PACW,41.83166999998427,-122.00465973878569
MACDOEL_LNODE45,LOAD,PACW,41.83166999998427,-122.00478026121432
MACKSINN_LNODE1,LOAD,PACE,44.49225160998251,-111.31276136227959
MACKSINN_LNODE2,LOAD,PACE,44.49225160998251,-111.31288783772041
MADISON_LNODE1,LOAD,PACW,38.67065905446531,-121.9691977771112
MADRAS_LNODE,LOAD,PACW,44.62167,-121.14028
MAGNA_LNODELD,LOAD,PACE,40.719439999984644,-112.08105034693749
MAGNA_LNODET2,LOAD,PACE,40.719439999984644,-112.0811696530625
MALAD_LNODED1,LOAD,PACE,42.1569399999841,-112.31104957464976
MALAD_LNODED2,LOAD,PACE,42.1569399999841,-112.31117042535024
MALLORY_LNODE14,LOAD,PACW,45.56278,-122.66528
MANILA_LNODELD,LOAD,PACE,40.40333,-111.75333
MANSFACE_LNODE32,LOAD,PACE,41.533329999984375,-109.49021984070285
MANSFACE_LNODEPP,LOAD,PACE,41.533329999984375,-109.49034015929715
MANTUA_LNODED1,LOAD,PACE,41.50183,-111.99261
MAPLETON_LNODED1,LOAD,PACE,40.14436,-111.59064
MARENGO_NODE1,GEN,PACW,46.37556,-117.77722
MARENGO_NODE2,GEN,PACW,46.36553,-117.83206
MARYSRIV_LNODE69,LOAD,PACW,44.55056,-123.26528
MATHINGT_LNODED1,LOAD,PACE,39.58186,-110.72897
MCCLELLA_LNODE-4,LOAD,PACE,40.75056,-111.86167
MCFADDEN_LNODELD1,LOAD,PACE,39.33456,-110.99072
MCKAYO_LNODET1,LOAD,PACW,45.633475,-118.814623
MEADOWBR_LNODED1,LOAD,PACE,40.67311424700382,-111.925
MEADOWBR_LNODED2,LOAD,PACE,40.673032876481585,-111.92493805810511
MEADOWBR_LNODEPM,LOAD,PACE,40.673032876481585,-111.92506194189488
MEADOWCR_NODET,GEN,PACE,43.523325,-111.8041
MEDCO_LNODE98,LOAD,PACW,42.34722,-122.88806
MEDFORD_LNODE23,LOAD,PACW,42.334529535636314,-122.86904887902105
MEDFORD_LNODE49,LOAD,PACW,42.33435046423615,-122.86904887936592
MEDFORD_LNODE71,LOAD,PACW,42.33435046423615,-122.86929112063407
MEDFORD_LNODE78,LOAD,PACW,42.334529535636314,-122.86929112097894
MEDICAL_LNODECMC,LOAD,PACE,40.77449425978491,-111.83833
MEDICAL_LNODED2,LOAD,PACE,40.77441287009094,-111.83826794906618
MEDICAL_LNODED3,LOAD,PACE,40.77441287009094,-111.83839205093382
MENAN_LNODET1,LOAD,PACE,43.721052,-111.98395
MERLIN_LNODE08,LOAD,PACW,42.51110999998402,-123.41326926627315
MERLIN_LNODE55,LOAD,PACW,42.51110999998402,-123.41339073372686
MERRILLO_LNODE41,LOAD,PACW,42.02667,-121.60167
MERWIN_NODE1,GEN,PACW,45.95505380132004,-122.55389
MERWIN_NODE2,GEN,PACW,45.954973099320384,-122.55382298081484
MERWIN_NODE3,GEN,PACW,45.954973099320384,-122.55395701918515
MIDDLETO_GNODE1,GEN,PACE,37.142444110106105,-113.56347
MIDDLETO_LNODEEDM,LOAD,PACE,37.14236294493241,-113.56341121376319
MIDDLETO_LNODET5,LOAD,PACE,37.14236294493241,-113.56352878623682
MIDLAND_LNODED1,LOAD,PACE,41.19028,-112.05722
MIDVALE_LNODED1,LOAD,PACE,40.61278,-111.91278
MIDWAYP_LNODEPM,LOAD,PACE,40.50314,-111.48806
MIDWEST_LNODED1,LOAD,PACE,43.45,-106.33222
MILEHI_LNODED1,LOAD,PACW,42.189529574178486,-120.36598910522729
MILEHI_LNODEDUS,LOAD,PACW,42.18935042569464,-120.36598910556991
MILEHI_LNODEOWN,LOAD,PACW,42.18935042569464,-120.36623089443009
MILFORD_7_SOLAR3GNODE,GEN,PACE,40.74868831403506,-112.65255968299374
MILFORD_LNODE1,LOAD,PACE,38.38670904285935,-113.015978
MILFORD_LNODE2,LOAD,PACE,38.38662797855522,-113.01591829064041
MILFORD_NODE1,GEN,PACE,38.38662797855522,-113.01603770935958
MILLCREE_LNODE06,LOAD,PACW,46.07139,-118.305
MILLCREE_LNODE74,LOAD,PACW,46.07138999992697,-118.30487062909445
MILLCRK_NODE1,GEN,PACW,46.07130024744118,-118.305
MILLCRK_NODE2,GEN,PACW,46.07138999992697,-118.30512937090555
MILLCSLR_1_SOLAR1GNODE,GEN,PACW,46.07147975255876,-118.30499999999999
MILLERP_LNODET1,LOAD,PACE,43.684444,-112.183056
MINERSVI_LNODE,LOAD,PACE,38.219723,-112.923842
MINERS_LNODE54,LOAD,PACE,41.85721999998424,-106.55132972879625
MINERS_LNODE72,LOAD,PACE,41.85721999998424,-106.55145027120376
MOAB_LNODE-2,LOAD,PACE,38.60842,-109.60742
MOHLER_LNODE431,LOAD,PACW,45.70574,-123.854231
MONOLTAP_LNODEDT1,LOAD,PACE,41.28224676,-105.5837892
MONSANTO_LNODED1,GEN,PACE,42.68713399998382,-111.59502805494262
MONSANTO_LNODED2,GEN,PACE,42.68713399998382,-111.59514994505739
MOODY_LNODET1,LOAD,PACE,43.805221,-111.575386
MOONSHIN_NODE1,GEN,PACE,42.72049999998386,-112.753659010835
MOONSHIN_NODE2,GEN,PACE,42.72049999998386,-112.75378098916501
MORGANHS_LNODEPM,LOAD,PACE,41.0444399999845,-111.68900006913096
MORGANNT_LNODE1,LOAD,PACE,41.044415,-111.68912
MORGAN_LNODED1,LOAD,PACE,41.0444399999845,-111.68911993086905
MORTONCT_LNODE-1,LOAD,PACE,40.75361,-111.88389
MORTONCT_LNODE-2,LOAD,PACE,40.7536099999385,-111.88377062410855
MORTONCT_LNODE-3,LOAD,PACE,40.75351956991452,-111.88389
MORTONCT_LNODER1,LOAD,PACE,40.7536099999385,-111.88400937589145
MORTONCT_LNODER2,LOAD,PACE,40.75370043008542,-111.88389
MOTT_LNODE,LOAD,PACW,41.262727,-122.270475
MOUNTAID_LNODET1,LOAD,PACE,40.75233,-111.71167
MOUNTAIG_LNODED1,LOAD,PACE,41.64347,-108.25889
MOUNTAIV_LNODELD,LOAD,PACE,40.65266306,-112.0463466
MOUNTAI_LNODED1,LOAD,PACW,42.200737,-122.699465
MTWNDCOL_NODE1,GEN,PACE,41.294999999984384,-110.52215993110559
MTWNDCOL_NODE2,GEN,PACE,41.294999999984384,-110.52228006889442
MUDLAKE_LNODEAD,LOAD,PACE,43.83806,-112.475
MURDERCR_LNODE57,LOAD,PACW,44.66481007591263,-123.060153352064
MURDERCR_LNODE58,LOAD,PACW,44.664629923947466,-123.06015335245759
MURDERCR_LNODE59,LOAD,PACW,44.664629923947466,-123.06040664754241
MURDERCR_LNODE60,LOAD,PACW,44.66481007591263,-123.06040664793599
MYRTLECR_LNODE67,LOAD,PACW,43.0275,-123.29111
MYRTLEPO_LNODE86,LOAD,PACW,43.06167,-124.12333
NACHES_LNODE49,LOAD,PACW,46.69719,-120.65367
NAUGHTO_LNODEER,LOAD,PACE,41.7592478245512,-110.60132976534432
NAUGHTO_LNODESU,LOAD,PACE,41.75916999993705,-110.60126953083473
NAUGHTO_LNODESU1,LOAD,PACE,41.75909217541721,-110.6013297654904
NAUGHTO_NODE1,GEN,PACE,41.75909217541721,-110.60145023450958
NAUGHTO_NODE2,GEN,PACE,41.75916999993705,-110.60151046916528
NAUGHTO_NODE3,GEN,PACE,41.7592478245512,-110.60145023465569
NBENCH_LNODED1,LOAD,PACE,40.785971,-111.875439
NDUNSMUI_LNODE7,LOAD,PACW,41.2207989999844,-122.27643096616978
NDUNSMUI_LNODE9,LOAD,PACW,41.2207989999844,-122.27655103383022
NEAST_LNODED1,LOAD,PACE,40.766434999984604,-111.8602682993017
NEAST_LNODED2,LOAD,PACE,40.766434999984604,-111.8603877006983
NEBOPS_LNODELD,LOAD,PACE,39.80783,-111.83022
NEBOPS_NODE1,GEN,PACE,39.807829999941355,-111.8301031443682
NEBOPS_NODE2,GEN,PACE,39.80774023190778,-111.83010314452078
NEBO_LNODEON,LOAD,PACE,39.80767675637611,-111.83018577385415
NEBO_LNODER1,LOAD,PACE,39.807661576400946,-111.83030094632196
NEBO_LNODER2,LOAD,PACE,39.80769266767134,-111.8304105689196
NEBO_LNODERK,LOAD,PACE,39.80775813716036,-111.83049051842053
NEBO_LNODETA,LOAD,PACE,39.80784297571282,-111.83052870921254
NECANICM_LNODED1,LOAD,PACW,45.900702,-123.866319
NEWCASTL_LNODED1,LOAD,PACE,37.67107,-113.53395
NEWDALE_LNODER1,LOAD,PACE,43.881986,-111.5983
NEWELL_LNODE90,LOAD,PACW,41.888139999984205,-121.37845028379793
NEWGATE_LNODED1,LOAD,PACE,41.19111,-111.98639
NIBLEY_LNODED1,LOAD,PACE,41.67082999998425,-111.80632979546854
NIBLEY_LNODET3,LOAD,PACE,41.67082999998425,-111.80645020453144
NINEMIL_NODE1,GEN,PACW,46.03806,-118.80611
NOBHILL_LNODE02,LOAD,PACW,46.58213999998123,-120.53087438543974
NOBHILL_LNODE57,LOAD,PACW,46.58213999998123,-120.53100561456024
NOGDEN_LNODED1,LOAD,PACE,41.29728,-111.96939
NORTHRID_LNODED1,LOAD,PACE,40.324085,-111.669931
NPARK_LNODE36,LOAD,PACW,46.60991999998123,-120.49515433582997
NPARK_LNODE79,LOAD,PACW,46.60991999998123,-120.49528566417004
NUCOR_LNODED1,GEN,PACE,41.879437,-112.196421
NUTGLADE_LNODE,LOAD,PACW,41.178254,-122.290711
OAKKNOLL_LNODE34,LOAD,PACW,42.17610999998414,-122.64824956184631
OAKKNOLL_LNODE56,LOAD,PACW,42.17610999998414,-122.64837043815369
OAKLANDO_LNODE66,LOAD,PACW,43.41208,-123.31536
OAKLANDU_LNODED1,LOAD,PACE,40.71622,-111.88083
OBRIEN_LNODE08,LOAD,PACW,42.09667,-123.68139
OLYMPUS_LNODED1,LOAD,PACE,40.68556,-111.80056
ONEIDA_LNODED1,LOAD,PACE,42.2659195493436,-111.74987899240298
ONEIDA_NODE1,GEN,PACE,42.26574045052913,-111.74987899274676
ONEIDA_NODE2,GEN,PACE,42.26574045052913,-111.75012100725324
ONEIDA_NODE3,GEN,PACE,42.2659195493436,-111.75012100759702
ONION_LNODE,LOAD,PACE,40.84,-111.92
OPALSPRI_NODET,GEN,PACE,41.78019,-110.34756
OQUIRRH_LNODED1,LOAD,PACE,40.564999999984764,-112.02855052034411
OQUIRRH_LNODED2,LOAD,PACE,40.564999999984764,-112.02866947965589
ORACLEP_LNODED1,LOAD,PACE,40.56625,-112.03833
ORCHARDW_LNODE35,LOAD,PACW,46.596109999981195,-120.57743436043769
ORCHARDW_LNODE97,LOAD,PACW,46.596109999981195,-120.57756563956231
OREGONB_LNODE17,LOAD,PACE,44.40941416871973,-108.91911
OREGONB_LNODE30,LOAD,PACE,44.4093329156213,-108.91904433062793
OREGONB_LNODE80,LOAD,PACE,44.4093329156213,-108.91917566937207
OREMET_LNODE44,LOAD,PACW,44.610054074348284,-123.10111
OREMET_LNODE46,LOAD,PACW,44.60997296280704,-123.10104421898002
OREMET_LNODE69,LOAD,PACW,44.60997296280704,-123.10117578101998
OREM_LNODED1,LOAD,PACE,40.28271999998491,-111.69033089211374
OREM_LNODED2,LOAD,PACE,40.28271999998491,-111.69044910788627
OSGOOD_LNODET1,LOAD,PACE,43.597172,-112.122726
OVERPASX_LNODE05,LOAD,PACW,44.07610999998275,-121.30279706366709
OVERPASX_LNODE95,LOAD,PACW,44.07610999998275,-121.3029229363329
OVID_LNODEDS,LOAD,PACE,42.30836372396381,-111.35964
OVID_LNODEEN,LOAD,PACE,42.30828313800088,-111.35957708696208
OVID_LNODEPE,LOAD,PACE,42.30828313800088,-111.35970291303792
OWENSILL_LNODED1,LOAD,PACW,45.56272999998211,-122.56284406138673
OWENSILL_LNODELD,LOAD,PACW,45.56272999998211,-122.56297193861327
PACIFIC_LNODE73,LOAD,PACW,46.59204979641891,-120.49675
PACIFIC_LNODE74,LOAD,PACW,46.59213999992494,-120.49688126493622
PACIFIC_LNODE93,LOAD,PACW,46.59223020358108,-120.49675
PAINTER_LNODECK,LOAD,PACE,41.31221999998436,-110.8638599235538
PAINTER_LNODED1,LOAD,PACE,41.31221999998436,-110.8639800764462
PALISADI_LNODE2,LOAD,PACE,41.64833,-109.5
PALISADI_NODE1,GEN,PACE,41.6483299999372,-109.49987960576628
PALISADI_NODE2,GEN,PACE,41.648240036878754,-109.5
PALISADI_NODE3,GEN,PACE,41.6483299999372,-109.50012039423372
PALISADI_NODE4,GEN,PACE,41.64841996312129,-109.5
PARISH_LNODED1,LOAD,PACE,40.91897825884706,-111.903793
PARISH_LNODED11,LOAD,PACE,40.91889687055976,-111.9037308147051
PARISH_LNODED2,LOAD,PACE,40.91889687055976,-111.9038551852949
PARKCITY_LNODED1,LOAD,PACE,40.660139999984736,-111.50300041054392
PARKCITY_LNODE_2,LOAD,PACE,40.660139999984736,-111.50311958945608
PARKROSE_LNODET1,LOAD,PACW,45.55785999998218,-122.55737606697379
PARKROSE_LNODET2,LOAD,PACW,45.55785999998218,-122.55750393302621
PARKSTRE_LNODE19,LOAD,PACW,42.42733399998407,-123.32112635341339
PARKSTRE_LNODE34,LOAD,PACW,42.42733399998407,-123.32124764658661
PARKWAY_LNODED1,LOAD,PACE,40.70721999998463,-111.93383035972938
PARKWAY_LNODED2,LOAD,PACE,40.70721999998463,-111.93394964027061
PARLEYS_LNODED1,LOAD,PACE,40.712499999984665,-111.81383035418196
PARLEYS_LNODED2,LOAD,PACE,40.712499999984665,-111.81394964581804
PAROWANC_LNODELD,LOAD,PACE,37.883274243913434,-112.90958
PAROWANC_NODE1,GEN,PACE,37.883192878028325,-112.90952048050788
PAROWANC_NODE2,GEN,PACE,37.883192878028325,-112.90963951949212
PASCO_LNODE63,LOAD,PACW,46.22111,-119.09694
PATRICKS_LNODE49,LOAD,PACW,41.88139,-123.86472
PAVANT_LNODEIC,LOAD,PACE,39.154676542262756,-112.36283452770849
PAVANT_LNODERE,LOAD,PACE,39.15449745762326,-112.36283452800237
PAVANT_LNODEYN,LOAD,PACE,39.15449745762326,-112.36306547199763
PAVANT_NODE1,GEN,PACE,39.154676542262756,-112.36306547229152
PELICANP_LNODED1,LOAD,PACE,40.2645,-111.87531
PELTONRE_NODET,GEN,PACW,44.72444,-121.24861
PENDLETO_LNODE19,LOAD,PACW,45.67757754759667,-118.78187592037162
PENDLETO_LNODE20,LOAD,PACW,45.67749999992837,-118.78181184092084
PENDLETO_LNODE21,LOAD,PACW,45.67742245236751,-118.78187592054923
PENDLETO_LNODE22,LOAD,PACW,45.67742245236751,-118.78200407945077
PENDLETO_LNODE41,LOAD,PACW,45.67749999992837,-118.78206815907916
PENDLETO_LNODE79,LOAD,PACW,45.67757754759667,-118.78200407962838
PENSTOCK_NODET,GEN,PACW,44.1425,-121.27028
PEREZ_LNODED1,LOAD,PACW,41.63306,-121.22639
PILOTBUO_LNODEAKE,LOAD,PACW,44.05703043183728,-121.23376416383826
PILOTBUO_LNODEAR,LOAD,PACW,44.05684956802466,-121.23376416422262
PILOTBUO_LNODED1,LOAD,PACW,44.05684956802466,-121.23401583577738
PILOTBUO_LNODELON,LOAD,PACW,44.05703043183728,-121.23401583616175
PILOTROC_LNODE09,LOAD,PACW,45.493889999982166,-118.83243613738982
PILOTROC_LNODE44,LOAD,PACW,45.493889999982166,-118.83256386261019
PINECANY_LNODED1,LOAD,PACE,40.559169999984775,-112.27411052736656
PINECANY_LNODED2,LOAD,PACE,40.559169999984775,-112.27422947263344
PINTURA_1_EASTBESS1GNODE,GEN,PACE,37.80070736366678,-113.15916508541251
PINTURA_1_EASTSOLAR1GNODE,GEN,PACE,37.800790077989554,-113.15911883520312
PINTURA_1_WESTSOLAR1GNODE,GEN,PACE,37.800855880271484,-113.159040335888
PINTURA_GNODE1,GEN,PACE,37.75,-113.162
PIONEER_LNODELD,LOAD,PACE,40.76792599998459,-111.93447029783124
PIONEER_LNODELD1,LOAD,PACE,40.76792599998459,-111.93458970216875
PIONEER_NODE3,GEN,PACE,41.243279999984466,-111.94610995508975
PIONEER_NODE6,GEN,PACE,41.243279999984466,-111.94623004491024
PLAINCTY_LNODELD,LOAD,PACE,41.30444,-112.05556
PLATTE_LNODE34,LOAD,PACE,41.79081,-107.11114
PLATTE_LNODELD,LOAD,PACE,44.41306,-108.89667
PLEASAGR_LNODER2,LOAD,PACE,40.369,-111.74444
PLEASAVI_LNODER1,LOAD,PACE,41.33075,-111.98761
PLUMTREE_LNODELD,LOAD,PACE,40.31239985,-111.6563251
POINTOFR_LNODE83,LOAD,PACE,41.62972,-108.76028
POMEROY_LNODE44,LOAD,PACW,46.47444,-117.62194
POMONAHE_LNODELDT3,LOAD,PACW,46.650833,-120.490833
PORTERRK_LNODELD,LOAD,PACE,40.48649081998481,-111.9080248175495
PORTERRK_LNODET2,LOAD,PACE,40.48649081998481,-111.9081435824505
POWELLBU_LNODE68,LOAD,PACW,44.30553420722551,-121.017374
POWERLIN_LNODEDT2,LOAD,PACW,44.30545289636841,-121.01730840034703
POWERLIN_LNODE_1,LOAD,PACW,44.30545289636841,-121.01743959965296
PRAXAIR_LNODEPM,LOAD,PACW,37.99999999998611,-121.81005733246779
PRINEVIL_LNODE91,LOAD,PACW,44.307274206653375,-120.85333
PRINEVIL_LNODE92,LOAD,PACW,44.30719289665445,-120.85326439909491
PRINVSLR_1_SOLAR1GNODE,GEN,PACW,44.30719289665445,-120.85339560090509
PROMONTO_LNODED1,LOAD,PACE,41.61903,-112.38781
PROSPEC1_LNODED1,LOAD,PACW,42.73389,-122.515
PROSPEC1_NODET,GEN,PACW,42.733889999935265,-122.51487798559515
PROSPEC2_NODE1,GEN,PACW,42.733812385740954,-122.51493899287392
PROSPEC2_NODE2,GEN,PACW,42.733812385740954,-122.51506100712608
PROSPEC3_NODET,GEN,PACW,42.733889999935265,-122.51512201440484
PROSPEC4_NODET,GEN,PACW,42.733967614226806,-122.51506100727877
PROSPECC_LNODE12,LOAD,PACW,42.733967614226806,-122.51493899272123
PROSPECP_LNODE14,LOAD,PACW,46.03638999998181,-118.33826537475937
PROSPECP_LNODE95,LOAD,PACW,46.03638999998181,-118.33839462524062
PROSPERI_LNODET1,LOAD,PACE,40.56632099998471,-112.04534781875746
PROSPERI_LNODET2,LOAD,PACE,40.56632099998471,-112.04546678124254
PROVOLT_LNODE32,LOAD,PACW,42.28694,-123.23
PUNKINCE_LNODE59,LOAD,PACW,46.3753340099545,-120.19806
PUNKINCE_LNODE60,LOAD,PACW,46.375252995002775,-120.19799220494934
PUNKINCE_LNODET3,LOAD,PACW,46.375252995002775,-120.19812779505065
QUARRY_LNODED1,LOAD,PACE,40.5805599999848,-111.81550050176256
QUARRY_LNODED2,LOAD,PACE,40.5805599999848,-111.81561949823745
QUEENAVE_LNODE23,LOAD,PACW,44.62499999998248,-123.07937669493111
QUEENAVE_LNODE47,LOAD,PACW,44.62499999998248,-123.07950330506888
RAFTERJ_LNODE1,LOAD,PACE,43.42162936,-110.7737144
RANGELY_LNODELDF1,LOAD,PACE,40.00431368224196,-108.873728
RANGELY_LNODELDS1,LOAD,PACE,40.004232738862974,-108.87366699104673
RANGELY_LNODELDS2,LOAD,PACE,40.004232738862974,-108.87378900895327
RAWHIDE_NODET,GEN,PACE,42.88139,-106.23778
REDBLANK_LNODE1,LOAD,PACW,42.75184,-122.473515
REDBUTTU_LNODELDT3,LOAD,PACE,37.414065,-113.644252
REDBUTTY_LNODET2,LOAD,PACE,39.997571,-111.422928
REDMOND2_LNODE01,LOAD,PACW,44.27099999998259,-121.17124690116596
REDMOND2_LNODE02,LOAD,PACW,44.27099999998259,-121.17137309883404
REDWOODU_LNODED1,LOAD,PACE,40.73683,-111.94603
REDWOODU_LNODED2,LOAD,PACW,41.76083,-124.16347
REFINERY_LNODE33,LOAD,PACE,42.858329999983695,-106.24715881666869
REFINERY_LNODE98,LOAD,PACE,42.858329999983695,-106.24728118333131
REMINGT_LNODED,LOAD,PACE,40.70572589,-111.9507665
RENOP_LNODEAD,LOAD,PACE,44.02972,-112.59611
RESEARCH_LNODED1,LOAD,PACE,40.76166999998463,-111.82966030401799
RESEARCH_LNODED2,LOAD,PACE,40.76166999998463,-111.82977969598201
REXBURG_LNODET1,LOAD,PACE,43.82956299998289,-111.79009133326859
REXBURG_LNODET2,LOAD,PACE,43.82956299998289,-111.7902166667314
RFP_NODET,GEN,PACW,41.4325,-122.38278
RIDDLEVE_LNODED1,LOAD,PACW,42.94667,-123.37444
RIDDLE_LNODELD,LOAD,PACW,42.96722,-123.35389
RIDGELAN_LNODED1,LOAD,PACE,40.72221999998462,-111.98716034405057
RIDGELAN_LNODED2,LOAD,PACE,40.72221999998462,-111.98727965594944
RIDINGRC_LNODEPM,LOAD,PACE,40.647323,-111.915813
RIGBY_LNODE161XFMR5,LOAD,PACE,43.683329999982995,-111.9110475261549
RIGBY_LNODER4,LOAD,PACE,43.683329999982995,-111.9111724738451
RITER_LNODED3,LOAD,PACE,40.7015,-112.06358
RIVERDAL_LNODED3,LOAD,PACE,41.15972,-112.00156
RIVERDAL_LNODEEL,LOAD,PACE,41.15971999993774,-112.00143999693616
RIVERDAL_LNODEN,LOAD,PACE,41.159629652358035,-112.00156
RIVERDAL_LNODEP,LOAD,PACE,41.15971999993774,-112.00168000306384
RIVERDAL_LNODEY,LOAD,PACE,41.159810347641944,-112.00156
RIVERROA_LNODE53,LOAD,PACW,46.617026,-120.528762
RIVERROA_LNODE75,LOAD,PACW,46.617025999924806,-120.52863064642357
RIVERROA_LNODE76,LOAD,PACW,46.61693577696246,-120.528762
RIVERROA_LNODE77,LOAD,PACW,46.617025999924806,-120.52889335357644
RIVERROA_LNODET5,LOAD,PACW,46.61711622303745,-120.528762
RIVERTON_LNODE46,LOAD,PACE,43.018889999983635,-108.41049857080215
RIVERTON_LNODET4,LOAD,PACE,43.018889999983635,-108.41062142919786
ROBERSON_LNODED1,LOAD,PACE,41.69714,-110.36581
ROBERTS_LNODET1,LOAD,PACE,43.713565,-112.123477
ROCKSPRI_LNODE03,LOAD,PACE,41.63082999998429,-109.24243980861905
ROCKSPRI_LNODE59,LOAD,PACE,41.63082999998429,-109.24256019138095
ROCKYPNT_LNODELD,LOAD,PACE,41.72667,-112.18528
ROGUERIV_LNODE22,LOAD,PACW,42.42972,-123.17083
ROLLHILL_NODET,GEN,PACE,43.02167,-105.83583
ROSEBURG_LNODE03,LOAD,PACW,43.21082999998341,-123.31882826080447
ROSEBURG_LNODE37,LOAD,PACW,43.21082999998341,-123.31895173919554
ROSSAVE_LNODE10,LOAD,PACW,42.23606,-121.75819
ROUNDVAL_LNODED1,LOAD,PACE,41.05166999998448,-111.61911006429922
ROUNDVL_LNODE1,LOAD,PACE,41.05166999998448,-111.61922993570077
ROXYANN_LNODELD,LOAD,PACW,42.34222,-122.78417
RUCH_LNODE09,LOAD,PACW,42.23528,-123.05972
RUNNINGY_LNODE09,LOAD,PACW,42.2525,-121.85667
RUSSELLV_LNODE27,LOAD,PACW,45.52221999998216,-122.56021610688558
RUSSELLV_LNODE87,LOAD,PACW,45.52221999998216,-122.56034389311442
RYCKMAN_LNODED1,LOAD,PACE,41.45556,-110.81167
SAGEO_LNODED1,LOAD,PACE,41.77841999998432,-111.04537975856253
SAGEO_LNODED2,LOAD,PACE,41.77841999998432,-111.04550024143747
SALTAIRT_LNODENN,LOAD,PACE,40.75999999998459,-112.04994030567703
SALTAIR_LNODEPS,LOAD,PACE,40.75999999998459,-112.05005969432298
SALTWRKS_LNODEPM,LOAD,PACE,40.800107,-111.925893
SAMARIA_LNODE,LOAD,PACE,42.15,-112.35
SANDCREE_LNODET1,LOAD,PACE,43.575798999983114,-112.0536436814228
SANDCREE_LNODET2,LOAD,PACE,43.575798999983114,-112.0537683185772
SANDUNE_LNODET1,LOAD,PACE,44.000742,-112.155903
SANDY_LNODED1,LOAD,PACE,40.57916999998473,-111.89911050341286
SANDY_LNODED2,LOAD,PACE,40.57916999998473,-111.89922949658714
SARATOGA_LNODED1,LOAD,PACE,40.35521999998492,-111.90938079134048
SARATOGA_LNODED2,LOAD,PACE,40.35521999998492,-111.90949920865953
SCENIC_LNODE77,LOAD,PACW,42.381643140640435,-122.92549701969607
SCENIC_LNODE771,LOAD,PACW,42.381643140640435,-122.92562298030394
SCIO_LNODE83,LOAD,PACW,44.69964,-122.84833
SDUNES_LNODED1,LOAD,PACE,44.00106,-112.15618
SDUNSMUI_LNODE,LOAD,PACW,41.201244,-122.2764098
SEASIDE_LNODE12,LOAD,PACW,45.999719999981885,-123.9160454367604
SEASIDE_LNODE46,LOAD,PACW,45.999719999981885,-123.9161745632396
SEAST_LNODED1,LOAD,PACE,40.718579159984635,-111.85741984783319
SEAST_LNODED2,LOAD,PACE,40.718579159984635,-111.85753915216681
SELAH_LNODE00,LOAD,PACW,46.659439999981196,-120.54243424856676
SELAH_LNODE07,LOAD,PACW,46.659439999981196,-120.54256575143323
SELMA_LNODE43,LOAD,PACW,42.27944,-123.62139
SEVENTYS_LNODELD,LOAD,PACE,38.67721999998588,-109.69197247769841
SEVENTYS_LNODEXFMR2,LOAD,PACE,38.67721999998588,-109.69208752230158
SEVIER_LNODEG1,LOAD,PACE,38.58952988879098,-112.25460499886955
SEVIER_LNODEG2,LOAD,PACE,38.58935011109663,-112.2546049991575
SEVIER_LNODEIN,LOAD,PACE,38.58935011109663,-112.2548350008425
SEVIER_LNODET2,LOAD,PACE,38.58952988879098,-112.25483500113044
SHARON_LNODED1,LOAD,PACE,40.30317,-111.69978
SHASTINA_LNODELD1,LOAD,PACW,41.548666,-122.364174
SHELLEY_LNODET1,LOAD,PACE,43.381199,-112.113419
SHERIDAN_LNODEDU,LOAD,PACE,44.828113957205694,-106.94167
SHERIDAN_LNODES1,LOAD,PACE,44.82803302137823,-106.94160411364267
SHERIDAN_LNODES2,LOAD,PACE,44.82803302137823,-106.94173588635734
SHEVLINP_LNODELD,LOAD,PACW,44.06194,-121.34361
SHORELIN_LNODER1,LOAD,PACE,40.33666999998497,-111.75827081684923
SHORELIN_LNODER2,LOAD,PACE,40.33666999998497,-111.75838918315077
SHOTGUNC_LNODE,LOAD,PACW,41.053889,-122.381667
SIGURD_LNODED1,LOAD,PACE,38.8433299999859,-111.99438242554278
SIGURD_LNODED2,LOAD,PACE,38.8433299999859,-111.99449757445721
SILVERCR_LNODE-3,LOAD,PACE,40.68726041565629,-111.46052076198774
SILVERCR_LNODELD,LOAD,PACE,40.687079584220996,-111.46052076231129
SILVERCR_LNODELD1,LOAD,PACE,40.687079584220996,-111.46075923768872
SILVERCR_LNODELD4,LOAD,PACE,40.68726041565629,-111.46075923801226
SINK_LNODED1,LOAD,PACE,41.05,-112.9375
SJORDAN_LNODER1,LOAD,PACE,40.55597599998476,-111.93786353122765
SJORDAN_LNODER2,LOAD,PACE,40.55597599998476,-111.93798246877235
SKUNKRID_LNODERT,LOAD,PACE,40.82556,-112.89583
SKYFALL_LNODEC7,LOAD,PACE,40.47,-111.91
SKYPARK_LNODER1,LOAD,PACE,40.884419999984516,-111.90513019083552
SKYPARK_LNODET2,LOAD,PACE,40.884419999984516,-111.90524980916447
SLATECRC_GNODE1,GEN,PACE,41.958972,-110.264588
SLCC_LNODELD,LOAD,PACE,41.96453,-110.26328
SLENERGY_NODET,GEN,PACE,40.746115,-112.034001
SLIDECRE_NODET,GEN,PACW,43.294169999983346,-122.47264187527381
SLPUMP1_LNODED1,LOAD,PACE,40.71732199998471,-111.88289434914273
SLPUMP2_LNODED2,LOAD,PACE,40.71732199998471,-111.88301365085727
SMITHFIE_LNODELD,LOAD,PACE,41.85277999998427,-111.82771973055809
SMITHFIE_LNODELD1,LOAD,PACE,41.85277999998427,-111.82784026944192
SMITHSF_LNODED1,LOAD,PACE,40.75594,-111.90342
SMITH_LNODED1,LOAD,PACE,43.794934,-111.739987
SMOUNTAI_LNODED1,LOAD,PACE,40.48956400998479,-111.88248001364119
SMOUNTAI_LNODELD,LOAD,PACE,40.48956400998479,-111.88259878635881
SNAKERVR_LNODET1,LOAD,PACE,43.160478,-111.024023
SNARRTP_LNODEAND,LOAD,PACE,40.755769999984615,-111.9035053098934
SNARR_LNODED2,LOAD,PACE,40.755769999984615,-111.9036246901066
SNYDERVI_LNODED1,LOAD,PACE,40.71388999998469,-111.5499403527267
SNYDERVI_LNODED2,LOAD,PACE,40.71388999998469,-111.55005964727332
SODASPRI_NODET,GEN,PACW,43.30597,-122.50208
SODA_NODE1,GEN,PACE,42.64443999998385,-111.6965491095732
SODA_NODE2,GEN,PACE,42.64443999998385,-111.6966708904268
SOUTHGAT_LNODED1,LOAD,PACW,43.193188,-123.346531
SPANISHF_LNODE138T7,LOAD,PACE,40.09194,-111.58583
SPANISHF_LNODEEQ,LOAD,PACE,40.09193999994049,-111.58571233328325
SPANISHF_LNODELE,LOAD,PACE,40.09184998354919,-111.58583
SPANISHF_LNODEM1,LOAD,PACE,40.09193999994049,-111.58594766671675
SPANISHF_LNODEM2,LOAD,PACE,40.092030016450856,-111.58583
SPARK_LNODELD,LOAD,PACE,40.61532706,-111.9212458
SPNFKWND_NODET,GEN,PACE,40.07524,-111.585528
SPRAGUER_LNODE87,LOAD,PACW,42.45258,-121.506
SPRINGCR_LNODED1,LOAD,PACE,41.29439,-105.557
SPUD_LNODET1,LOAD,PACE,43.371389,-112.126944
STANSBUR_LNODELDT1,LOAD,PACE,40.62411,-112.286793
STATEST_LNODE63,LOAD,PACW,43.39295199998323,-124.23051796503975
STATEST_LNODE70,LOAD,PACW,43.39295199998323,-124.23064203496025
STAYTON_LNODE47,LOAD,PACW,44.81021399998244,-122.79172260907303
STAYTON_LNODE93,LOAD,PACW,44.81021399998244,-122.79184939092696
STEAMBOA_LNODE47,LOAD,PACW,43.33268099998326,-122.70277006214896
STEVENSR_LNODE68,LOAD,PACW,43.33268099998326,-122.70289393785104
STEVENSR_LNODER2,LOAD,PACW,42.468095,-122.758072
STGEORGE_LNODET2,LOAD,PACE,37.13917,-113.56306
STONBSLR_2_SOLAR1GNODE,GEN,PACW,42.189529574178486,-120.36623089477273
STRONA_LNODE31,LOAD,PACE,41.550075999984266,-109.7532368351236
STRONA_LNODE32,LOAD,PACE,41.550075999984266,-109.75335716487639
SUGARCIT_LNODED1,LOAD,PACE,41.796389,-107.126944
SUGARMIL_1_THERM1GNODE,GEN,PACE,33.330126451572234,-111.74825468164568
SUGARMIL_LNODEDT1,LOAD,PACE,43.50316999998317,-111.98557779159832
SUGARMIL_LNODEDT2,LOAD,PACE,43.50316999998317,-111.98570220840168
SULPHURC_LNODE36,LOAD,PACW,46.29528,-119.99889
SUMMITCR_LNODED1,LOAD,PACE,39.98083,-111.80056
SUMMITPA_LNODET1,LOAD,PACE,40.74917,-111.60778
SUNNYDEL_LNODED1,LOAD,PACE,43.712983,-111.694769
SUNNYSIU_NODET,GEN,PACW,46.33088398579192,-120.01306
SUNNYSIW_LNODE70,LOAD,PACW,46.33080300708413,-120.01299229037183
SUNNYSIW_LNODE98,LOAD,PACW,46.33080300708413,-120.01312770962817
SUNRISE_LNODELD,LOAD,PACE,40.53749999998479,-112.01827055375153
SUNRISE_LNODELD1,LOAD,PACE,40.53749999998479,-112.01838944624846
SUTHERLI_LNODE39,LOAD,PACW,43.39111,-123.30056
SWANVAL_LNODELD,LOAD,PACE,43.455359,-111.368505
SWEBER_LNODELD,LOAD,PACE,41.146413,-111.964198
SWEETHOM_LNODE06,LOAD,PACW,44.40211,-122.72333
SWEST_LNODED1,LOAD,PACE,40.728537999984674,-111.90138433752162
SWEST_LNODED2,LOAD,PACE,40.728537999984674,-111.90150366247838
SWIFT1_NODE1,GEN,PACW,46.06227384726923,-122.20444
SWIFT1_NODE2,GEN,PACW,46.06219307634567,-122.20437279342893
SWIFT1_NODE3,GEN,PACW,46.06219307634567,-122.20450720657107
SWIFT2_LNODELD,LOAD,PACW,46.05955384601298,-122.26219
SWIFT2_NODE1,GEN,PACW,46.05947307697371,-122.2621227983075
SWIFT2_NODE2,GEN,PACW,46.05947307697371,-122.26225720169249
SYRACUSE_LNODED3,LOAD,PACE,41.09528,-112.04306
SYRACUSE_LNODED4,LOAD,PACE,41.095279999937866,-112.04294007263303
SYRACUSE_LNODEN1,LOAD,PACE,41.09518962063228,-112.04306
SYRACUSE_LNODEOY,LOAD,PACE,41.095279999937866,-112.04317992736698
SYRACUSE_LNODET7,LOAD,PACE,41.09537037936777,-112.04306
TAGGART_LNODED1,LOAD,PACE,41.05667,-111.59339
TAKELMA_LNODE78,LOAD,PACW,42.6825,-122.6775
TALENT_LNODELD,LOAD,PACW,42.2505599999841,-122.79271950811882
TALENT_LNODELD1,LOAD,PACW,42.2505599999841,-122.79284049188118
TAMARISK_LNODED1,LOAD,PACE,38.98889,-110.13386
TANNER_LNODE6LD,LOAD,PACE,42.18389,-111.82833
TARGEE_LNODE1,LOAD,PACE,43.72250999998292,-111.11625847226897
TARGEE_LNODE2,LOAD,PACE,43.72250999998292,-111.11638352773103
TARGHEE_LNODET1,LOAD,PACE,44.075038,-111.435997
TAYLORSV_LNODE-3,LOAD,PACE,40.65602999998468,-111.95883041509359
TAYLORSV_LNODE-4,LOAD,PACE,40.65602999998468,-111.9589495849064
TERMINAL_3_BESS1GNODE,GEN,PACE,37.800898691397585,-113.15893952976238
TERMINAL_GNODEPDRP1,GEN,PACE,40.757317,-112.007263
TERMINAL_LNODECHS,LOAD,PACE,40.75731699993847,-112.00714361669806
TERMINAL_LNODELD1,LOAD,PACE,40.75722656934343,-112.007263
TERMINAL_LNODESLEN,LOAD,PACE,40.75731699993847,-112.00738238330193
TERMINAL_LNODET7,LOAD,PACE,40.757407430656585,-112.007263
TESORO_LNODEANT,LOAD,PACE,40.793275,-111.903512
TESORO_NODE1,GEN,PACE,40.78963199998465,-111.90470027671162
TESORO_NODE2,GEN,PACE,40.78963199998465,-111.90481972328837
TEXUM_LNODEAD,LOAD,PACW,42.19344,-121.76586
THIEFCRE_LNODED1,LOAD,PACE,41.06333,-111.05833
THORNTO_LNODED1,LOAD,PACE,43.758043,-111.84541
THREEMLE_LNODELD,LOAD,PACE,42.71056,-111.59528
TIETONHY_NODET,GEN,PACW,46.6900541659,-120.73194
TIETON_LNODE10,LOAD,PACW,46.6899729170296,-120.73187161405494
TIETON_LNODE15,LOAD,PACW,46.6899729170296,-120.73200838594506
TILLER_LNODE78,LOAD,PACW,42.93167,-122.94861
TIMP_LNODED1,LOAD,PACE,40.316389999985,-111.73411084496277
TIMP_LNODEXFMR3,LOAD,PACE,40.316389999985,-111.73422915503724
TINCUP_LNODE2,LOAD,PACE,43.01902992,-111.0449069
TOKETEE_NODE1,GEN,PACW,43.272834031083526,-122.44736
TOKETEE_NODE2,GEN,PACW,43.27275298444019,-122.44729573359838
TOKETEE_NODE3,GEN,PACW,43.27275298444019,-122.44742426640161
TOLO_LNODED1,LOAD,PACW,42.42083,-122.96472
TOOELEAD_LNODEGEN,LOAD,PACE,40.51561420658033,-112.29694
TOOELE_LNODED1,LOAD,PACE,40.515532896693365,-112.29687824989342
TOOELE_LNODEIR,LOAD,PACE,40.515532896693365,-112.29700175010657
TOOELE_LNODESU,LOAD,PACE,40.52278,-112.35194
TOPAZ_LNODED1,LOAD,PACE,40.565072999984764,-112.0458995202564
TOPAZ_LNODED2,LOAD,PACE,40.565072999984764,-112.04601847974361
TOPPENIS_LNODE12,LOAD,PACW,46.393329999981376,-120.30493473076218
TOPPENIS_LNODE33,LOAD,PACW,46.393329999981376,-120.30506526923782
TOPWORLD_NODE1,GEN,PACE,42.92499999998366,-105.77187871673404
TOPWORLD_NODE2,GEN,PACE,42.92499999998366,-105.77200128326596
TOUCHET_LNODE65,LOAD,PACW,46.04278,-118.66917
TRICITY_LNODED1,LOAD,PACE,40.34930999998491,-111.78916079944527
TRICITY_LNODERCK,LOAD,PACE,40.34930999998491,-111.78927920055473
TULELAKE_LNODE35,LOAD,PACW,41.95333,-121.47111
TUNNEL_LNODE33,LOAD,PACW,41.925559999984245,-121.56576970013403
TUNNEL_LNODE40,LOAD,PACW,41.925559999984245,-121.56589029986597
TURKEYHI_LNODE49,LOAD,PACW,42.01306,-121.41778
UCON_LNODET1,LOAD,PACE,43.598056,-111.924167
UMAPINE_LNODED1,LOAD,PACW,45.98806,-118.43139
UMATILLA_LNODE15,LOAD,PACW,45.9244399999819,-119.32299556015322
UMATILLA_LNODE22,LOAD,PACW,45.9244399999819,-119.3231244398468
UNIONGAP_LNODER4,LOAD,PACW,46.55943999998127,-120.48910442628366
UNIONGAP_LNODER5,LOAD,PACW,46.55943999998127,-120.48923557371634
UNION_LNODED1,LOAD,PACE,40.60888999998468,-111.87466046854558
UNION_LNODED2,LOAD,PACE,40.60888999998468,-111.87477953145441
UNIVERSI_LNODELD,LOAD,PACE,40.75999999998459,-111.84716030567702
UNIVERSI_LNODELD1,LOAD,PACE,40.75999999998459,-111.84727969432298
UPLCODG_LNODET1,LOAD,PACE,40.25434409540071,-110.143814
UPLCODG_LNODET2,LOAD,PACE,40.25426295228337,-110.14375261510848
UPLCODG_LNODEUEB,LOAD,PACE,40.25426295228337,-110.14387538489152
USBRGATE_NODET,GEN,PACE,41.125114,-112.025596
VALLEYCE_LNODED1,LOAD,PACE,40.68667,-111.89356
VERNON_LNODET1,LOAD,PACW,45.5549049999822,-122.64645507034824
VERNON_LNODET2,LOAD,PACW,45.5549049999822,-122.64658292965176
VILAS_LNODEBF,LOAD,PACW,42.38858371848806,-122.85353
VILAS_LNODEIN,LOAD,PACW,42.38850314073877,-122.85346701304431
VILAS_LNODENG,LOAD,PACW,42.38850314073877,-122.85359298695569
VILLAGE_LNODE,LOAD,PACW,43.79883,-123.04008
VINESTRE_LNODE11,LOAD,PACW,44.63447,-123.11169
VINEYARU_LNODEDT2,LOAD,PACE,40.28486,-111.73525
VOELKER_LNODE30,LOAD,PACW,46.58083,-120.49972
VULCRAFT_LNODED1,LOAD,PACE,41.533154,-112.064977
WAGONHOU_LNODEPP,LOAD,PACE,42.65694,-105.42
WAITSBUR_LNODE67,LOAD,PACW,46.26361,-118.1475
WALAWALA_LNODED1,LOAD,PACW,46.07025,-118.37925
WALLSBUR_LNODE,LOAD,PACE,40.4,-111.40389
WALLULA_LNODE09,LOAD,PACW,46.06416999998175,-118.84632532704632
WALLULA_LNODE72,LOAD,PACW,46.06416999998175,-118.84645467295368
WALNUTGR_LNODER1,LOAD,PACE,41.07305999998445,-112.02438005032747
WALNUTGR_LNODEXFMR2,LOAD,PACE,41.07305999998445,-112.02449994967253
WAPATO_LNODE10,LOAD,PACW,46.451939999981434,-120.42660462255017
WAPATO_LNODE16,LOAD,PACW,46.451939999981434,-120.42673537744983
WARMSPRO_LNODED1,LOAD,PACW,44.76556,-121.25278
WARMSPRY_LNODED1,LOAD,PACE,42.66664,-105.40158
WARRENTO_LNODE56,LOAD,PACW,46.15082999998173,-123.9104951746314
WARRENTO_LNODE82,LOAD,PACW,46.15082999998173,-123.9106248253686
WARREN_LNODED1,LOAD,PACE,41.298609999984386,-112.01521992950532
WARREN_LNODELD2,LOAD,PACE,41.298609999984386,-112.01534007049467
WASATCH_LNODED1,LOAD,PACE,40.54542,-111.49042
WASHAKIE_LNODED1,LOAD,PACE,41.89342,-112.19597
WCEDAR_GNODE1,GEN,PACE,37.66342043573934,-113.14516575768208
WCEDAR_GNODE2,GEN,PACE,37.66323956415053,-113.14516575796044
WCEDAR_GNODE3,GEN,PACE,37.66323956415053,-113.14539424203956
WCEDAR_LNODE,LOAD,PACE,37.66342043573934,-113.14539424231792
WCOMMERC_LNODED3,LOAD,PACE,41.21989,-111.97703
WEBER_LNODEAH,LOAD,PACE,41.13769421553324,-111.88525
WEBER_LNODED1,LOAD,PACE,41.13761289221654,-111.88518765761009
WEBER_NODET,GEN,PACE,41.13761289221654,-111.88531234238991
WEBSTER_LNODED1,LOAD,PACE,43.79425,-111.69389
WEED_LNODER1,LOAD,PACW,41.43139,-122.38944
WELBY_LNODED1,LOAD,PACE,40.588059999984765,-111.96772049289086
WELBY_LNODED2,LOAD,PACE,40.588059999984765,-111.96783950710913
WELFARE_LNODED1,LOAD,PACE,40.07583,-111.95833
WENAS_LNODE66,LOAD,PACW,46.70166999998113,-120.52576417550573
WENAS_LNODE88,LOAD,PACW,46.70166999998113,-120.52589582449427
WESTGATE_LNODELD,LOAD,PACW,47.79,-122.36
WESTONNE_LNODE2,LOAD,PACE,42.04206,-111.985
WESTPOIN_LNODEDT1,LOAD,PACE,41.112222,-112.107222
WESTVALL_LNODELD,LOAD,PACE,40.66694,-112.02961
WESTVALL_LNODEXFMR2,LOAD,PACE,40.666939999938634,-112.02949080611229
WESTVALL_NODE1,GEN,PACE,40.66686170279038,-112.02955040312611
WESTVALL_NODE2,GEN,PACE,40.66686170279038,-112.02966959687389
WESTVALL_NODE3,GEN,PACE,40.666939999938634,-112.02972919388772
WESTVALL_NODE4,GEN,PACE,40.667018297178856,-112.02966959701382
WESTVALL_NODE5,GEN,PACE,40.667018297178856,-112.02955040298617
WESTWOOD_LNODET1,LOAD,PACE,53.6800834,-113.1955102
WEYERHAU_LNODE41,LOAD,PACW,42.167999999984126,-121.82243956731305
WEYERHAU_LNODE42,LOAD,PACW,42.167999999984126,-121.82256043268696
WFIELD_LNODELD,LOAD,PACE,40.44861,-111.80333
WHISKEYP_LNODEIL,LOAD,PACE,42.22883,-107.51089
WHITECIT_LNODE38,LOAD,PACW,42.42588371831297,-122.85917
WHITECIT_LNODE39,LOAD,PACW,42.42580314082615,-122.85910697578639
WHITECIT_LNODE43,LOAD,PACW,42.42580314082615,-122.85923302421361
WHITEROC_LNODER1,LOAD,PACE,41.45472,-112.03528
WHITESWA_LNODE00,LOAD,PACW,46.389389999981404,-120.78699473804916
WHITESWA_LNODE61,LOAD,PACW,46.389389999981404,-120.78712526195083
WHITNEYI_LNODELD,LOAD,PACE,41.47162099998433,-110.9088058618147
WHITNEYI_LNODELD1,LOAD,PACE,41.47162099998433,-110.90892613818531
WILARDP1_LNODEMP,LOAD,PACE,41.249446,-112.013104
WILEY_LNODE56,LOAD,PACW,46.5636099999812,-120.64687441876139
WILEY_LNODE76,LOAD,PACW,46.5636099999812,-120.6470055812386
WILLARDJ_LNODELD,LOAD,PACW,45.623928,-121.534597
WILLOWRI_LNODED1,LOAD,PACE,40.28189,-111.67528
WINCHESO_LNODE38,LOAD,PACW,43.28305999998332,-123.35187814283108
WINCHESO_LNODE44,LOAD,PACW,43.28305999998332,-123.35200185716891
WINSPER_LNODEAD,LOAD,PACE,44.10131,-112.51583
WINSTON_LNODE55,LOAD,PACW,43.11528,-123.41306
WJORDAN_LNODED1,LOAD,PACE,40.61278,-111.95556
WOGDEN_LNODER1,LOAD,PACE,41.21805999998446,-112.02549996754836
WOGDEN_LNODER2,LOAD,PACE,41.21805999998446,-112.02562003245164
WOLVERIN_NODE1,GEN,PACE,43.37561408511902,-111.84778
WOLVERIN_NODE2,GEN,PACE,43.375532957422315,-111.84771556039567
WOLVERIN_NODE3,GEN,PACE,43.375532957422315,-111.84784443960433
WOODLINE_GNODE1,GEN,PACW,42.234595,-121.58048
WOODSCRO_LNODED1,LOAD,PACE,40.88338426118455,-111.90222
WOODSCRO_LNODELY,LOAD,PACE,40.88330286939104,-111.90215784548352
WOODSCRO_LNODEOCH,LOAD,PACE,40.88330286939104,-111.90228215451648
WSIDEI_LNODE-1,LOAD,PACW,42.22,-121.79167
WSIDEI_LNODE6B1,LOAD,PACW,42.21999999993639,-121.79154906191567
WSIDEO_LNODE17,LOAD,PACW,42.2199104368736,-121.79167
WSIDEO_LNODE20,LOAD,PACW,42.21999999993639,-121.79179093808433
WSIDEO_LNODET1,LOAD,PACW,42.22008956312627,-121.79167
WTEMPLE_LNODED1,LOAD,PACE,40.76616425914773,-111.89306
WTEMPLE_LNODED2,LOAD,PACE,40.76608287040957,-111.89299795757314
WTEMPLE_LNODED5,LOAD,PACE,40.76608287040957,-111.89312204242685
WTFIBGL_LNODED1,LOAD,PACE,40.750282,-111.985208
WVACO_LNODE04,LOAD,PACE,41.66667,-109.71306
WYODAK73_NODET,GEN,PACE,44.28693999993046,-105.38706622060586
WYODAKBH_LNODELD,LOAD,PACE,44.28701824993483,-105.387003110387
WYOMONT_LNODED1,LOAD,PACE,45.11028,-106.87028
WYOPO_LNODE56,LOAD,PACE,42.85333,-108.68833
WZIRCON_LNODED1,LOAD,PACE,41.263812,-112.232296
YALE_LNODE62,LOAD,PACW,45.96255380427521,-122.335
YALE_NODE1,GEN,PACW,45.96247309784275,-122.33493296806112
YALE_NODE2,GEN,PACW,45.96247309784275,-122.33506703193888
YELLOWCA_LNODE10,LOAD,PACE,43.06971999998353,-105.61493848982711
YELLOWCA_LNODET2,LOAD,PACE,43.06971999998353,-105.61506151017288
YEWAVE_LNODELD,LOAD,PACW,44.23704568998264,-121.19273672646486
YEWAVE_LNODET44165,LOAD,PACW,44.23704568998264,-121.19286287353513
YORK_LNODED1,LOAD,PACW,47.83,-122.13
YOUNGSBA_LNODE39,LOAD,PACW,46.172499999981724,-123.84382513579493
YOUNGSBA_LNODE45,LOAD,PACW,46.172499999981724,-123.84395486420507
YREKA_LNODE76,LOAD,PACW,41.72897989068449,-122.63154955171838
YREKA_LNODED1,LOAD,PACW,41.72880010918983,-122.63154955205546
YREKA_LNODED2,LOAD,PACW,41.72880010918983,-122.63179044794454
YREKA_LNODED3,LOAD,PACW,41.72897989068449,-122.63179044828162
